total_reward,centerline_rms_m,centerline_max_m,max_roll_deg,max_pitch_deg,max_alpha_deg,max_heading_error_deg,control_roughness,max_agl_ft,stabilization_fraction_after_100ft,success,reason,transitions,duration_s,level,mass_lbs,cg_x_in,runway_length_m,runway_elevation_ft,runway_surface,static_friction_factor,headwind_kt,crosswind_kt,gust_sigma_kt,turbulence_severity,delta_isa_c,qnh_hpa,density_ratio,liftoff_time_s,runway_distance_used_m,time_to_100ft_s,takeoff_time_s,final_airspeed_kt,final_agl_ft,final_vs_fpm,vs_est_kt,vr_est_kt,seed,cleanliness,rms_lateral_accel_mps2,rms_yaw_rate_dps,reward_profile,rc_progress,rc_centerline,rc_heading,rc_acceleration,rc_rotation,rc_climb,rc_altitude_progress,rc_stability,rc_success_bonus,rc_time_penalty,rc_lateral_penalty,rc_roll_penalty,rc_heading_penalty,rc_aoa_penalty,rc_sideslip_penalty,rc_control_oscillation_penalty,rc_premature_rotation_penalty,rc_clean_centerline,rc_lateral_rate_penalty,rc_lateral_accel_penalty,rc_yaw_rate_penalty,rc_roll_rate_penalty,rc_clean_takeoff_bonus,rc_failure_penalty,num_timesteps
-89.78914129441097,8.42824942342762,30.023472669632323,0.23423963167182613,-2.9152862876176338,-3.1045088125569467,8.898413728786513,0.9345907432411369,0.1975145860077987,0.0,False,RUNWAY_EXCURSION,505,50.49999999999714,1,759911.6917305741,1328.3224665802557,4313.600056892956,417.5299871186762,dry,0.9841131810373113,6.188102081851107,0.8844957350476021,0.0,0.0,-2.157429553522923,1013.2230511009454,0.9873858253978947,nan,nan,nan,nan,59.667142004189046,0.1975145860077987,0.6467507875769307,130.34884737133234,140.77675516103895,1826701614,0.2077252145396935,0.2766499979121931,0.6275690128310133,clean,16.890050039011797,6.012169897615841,8.842477343240372,8.204921131175842,0.0,0.0,0.00790058344031195,0.0,0.0,-5.049999999999937,-3.985874568163506,0.0,-0.31995023250253707,0.0,0.0,-36.88769537131386,0.0,6.833852384309105,-18.90593243219547,-10.941881741479104,-0.4891783275495015,0.0,0.0,-60.0,505
-94.51695995787188,8.828168184487668,30.226773275073604,0.33659046835546474,-2.8165934873884715,-3.0254602338555197,8.120268176258142,0.9407923784163298,0.14779537419246935,0.0,False,RUNWAY_EXCURSION,463,46.299999999997375,1,743787.0314516763,1331.0275539481065,4365.446669042305,284.4084112121386,dry,0.9913557921128475,0.4852314147639323,-0.6093074927547653,0.0,0.0,0.12603567639495594,1015.2763086725002,0.9913539766304669,nan,nan,nan,nan,55.695978534338344,0.14779537419246935,1.2149629555868025,129.34130324363167,139.68860750312223,1367864806,0.19747284919797056,0.25587012184031555,0.6581607464534576,clean,12.841800229172705,6.674506569243302,5.970961683660292,7.619377141468151,0.0,0.0,0.005911814967698775,0.0,0.0,-4.629999999999946,-4.009402696392992,0.0,-0.6836524966942963,0.0,0.0,-34.06561570473457,0.0,6.470549624636,-20.60969997819086,-9.528818146796603,-0.5728779982104946,0.0,0.0,-60.0,968
-129.0532768602278,11.479602941130779,30.123886605050497,0.3737841808243732,-2.5758592823970434,-2.582562804421588,4.471610381921013,0.9401535384005899,0.6271531298183675,0.0,False,RUNWAY_EXCURSION,764,76.40000000001305,1,703522.9651277519,1328.839897702939,4621.681278470207,186.92286434898082,dry,0.9721077133735512,7.103612316576638,-1.5129571478837165,0.0,0.0,4.966094785372673,1015.1583092741195,0.9942591837481243,nan,nan,nan,nan,84.96488009537894,0.6271531298183675,0.9784684895229745,126.85070130576787,136.9987574102293,1097657231,0.13342519199081546,0.30073421437561115,0.6874804266684725,clean,37.39364874174414,8.008837280926196,15.861476372233687,11.72641577056224,0.0,0.0,0.025086125192734704,0.0,0.0,-7.6399999999998816,-11.186766748457561,0.0,-0.021100551173835528,0.0,0.0,-56.21805138187539,0.0,6.708548410652307,-50.773922802946544,-22.18158843203285,-0.7558596450521567,0.0,0.0,-60.0,1732
-132.45956011982986,11.918321267424673,30.084186004645407,0.3081883159527617,-2.3654649528197664,-2.3797684086680433,7.083148942948153,0.9396820718698831,0.6613830483014453,0.0,False,RUNWAY_EXCURSION,591,59.099999999999284,1,670948.6036908766,1328.6705973395487,4388.940570888011,226.99940019748266,dry,0.9954663135591284,5.87308582896346,-1.8607016470028528,0.0,0.0,2.746680228790951,1010.9487119658162,0.9930426526332433,nan,nan,nan,nan,84.90274472756927,0.6613830483014453,0.9546295188849285,123.6659775332785,133.55925573594078,579362555,0.12450558245937697,0.3018506132341545,0.6651392843997993,clean,26.92991018280356,4.216889524815424,9.561471157341252,11.649370210749543,0.0,0.0,0.026455321932057806,0.0,0.0,-5.909999999999918,-9.327712407069606,0.0,-0.2825568457607604,0.0,0.0,-43.45505359935873,0.0,5.204730011575649,-53.724856876470085,-16.761568300011202,-0.5866385003761989,0.0,0.0,-60.0,2323
-95.23659269130493,9.280824422702146,30.123792572768547,0.2729154671162618,-2.757885567237014,-2.882417669953128,6.598877900835916,0.9339812667319851,0.24164096124849266,0.0,False,RUNWAY_EXCURSION,461,46.09999999999739,1,684565.9588685728,1323.004416621504,4755.921979330844,369.05642941420786,dry,0.9773200145236705,4.630224015696835,3.5150501456898344,0.0,0.0,-2.9901034950373706,1015.6584716145808,0.9887625552822586,nan,nan,nan,nan,62.73910671756887,0.24164096124849266,1.2981761885450638,123.38967303767663,133.26084688069076,661058651,0.18927629588015607,0.24070867813464225,0.5545499095363264,clean,12.91490221731091,4.3540530873867525,6.3175056737755035,8.555681908882908,0.0,0.0,0.009665638449939706,0.0,0.0,-4.609999999999946,-4.411959622875147,0.0,-0.17514280371852764,0.0,0.0,-33.608642833807814,0.0,7.337741318179324,-24.145665288536684,-7.499353138140264,-0.275378848211609,0.0,0.0,-60.0,2784
-96.250608054685,8.413665533308553,30.47741527980367,0.735450991353675,-3.0099447582467245,-3.222181305802945,10.88266072161307,0.9362425492030693,0.20342941519419355,0.0,False,RUNWAY_EXCURSION,529,52.899999999997,1,761573.0655605195,1323.108145316753,4573.664623625282,347.6486742192898,dry,0.9999175688165787,5.3716775715851774,2.015624526338634,0.0,0.0,4.725386798159645,1015.2257917427892,0.9896800620999469,nan,nan,nan,nan,59.9533814415498,0.20342941519419355,0.2888233291750453,131.92183741837215,142.47558441184194,87989972,0.19151672977909276,0.3574232046527728,0.8127243535127608,clean,16.197720366812433,7.464821810095017,7.969164078469391,8.316279457192337,0.0,0.0,0.00813717660776774,0.0,0.0,-5.289999999999932,-4.160865235186369,0.0,-0.35655946783797704,0.0,0.0,-38.778121810790545,0.0,14.457722396958427,-27.8432183214859,-13.102103236478833,-1.1335852690405055,0.0,0.0,-60.0,3313
-89.25811646026716,9.353695800003372,30.28595446966931,0.2029834202618693,-2.7290971813084828,-2.9324360103929346,6.341890296553601,0.9345642573721592,0.14581108683501043,0.0,False,RUNWAY_EXCURSION,412,41.199999999997665,1,699804.844560591,1328.0909317518938,4794.184935934899,490.7135842971677,dry,0.9864724952134308,0.26530990151486034,-2.0147861263708178,0.0,0.0,2.0802914517333946,1014.1641144101658,0.985447954692683,nan,nan,nan,nan,54.254857575278386,0.14581108683501043,0.8014748372124814,125.95241785686652,136.02861128541585,161576974,0.1906364707136505,0.17478196906151364,0.44111676260081367,clean,10.635072577738436,4.67767345205948,4.607385101911381,7.519380981503181,0.0,0.0,0.005832443473400417,0.0,0.0,-4.119999999999957,-4.005172172114256,0.0,-0.3341205383543924,0.0,0.0,-30.07130653167967,0.0,7.41843271015573,-21.801843212739445,-3.687379391808124,-0.10207188041272734,0.0,0.0,-60.0,3725
-192.67136254912808,14.102179689955346,30.066190844487465,0.7994254537759651,-2.3917858498365296,-2.403211957884835,9.367169256785164,0.9310016790543167,0.9447974344066665,0.0,False,RUNWAY_EXCURSION,988,98.80000000003088,1,739257.8467474552,1329.3934491611615,4220.295845909432,335.57892701143663,dry,0.9579766622081982,6.207168065088866,1.1302897008663475,0.0,0.0,1.1479598416228356,1013.6322782444207,0.9898744526350793,nan,nan,nan,nan,98.52330089538776,0.9447974344066665,0.49405045612667564,129.27996571507757,139.62236297228378,35492826,0.0745423937575422,0.4575151244877538,0.8325594516497397,clean,54.371761120270655,9.192485120059057,17.34228560357459,13.626025285901513,0.0,0.0,0.037791897376266696,0.0,0.0,-9.879999999999834,-21.831668260410623,0.0,-1.1938537718690923,0.0,0.0,-71.86075959446289,0.0,12.341969009361934,-85.80234808423357,-47.08052871831567,-1.934522156378299,0.0,0.0,-60.0,4713
-99.98634487958284,7.528231041636118,30.212977560241477,0.24865584210970998,-3.0515351750883406,-3.2042220779590034,7.829930980451016,0.9383327566100622,0.23091552196405019,0.0,False,RUNWAY_EXCURSION,557,55.69999999999684,1,768448.6937801141,1322.0432517784009,4259.527435190283,357.2906489556261,dry,0.9750934290351397,0.44088148873546107,-1.7230270469204,0.0,0.0,-2.6777387899176466,1014.9251431087181,0.9891314514576556,nan,nan,nan,nan,62.97277218544469,0.23091552196405019,0.9871206594603343,130.84983438659307,141.31782113752053,376383645,0.23170736485065868,0.2330350102819657,0.6176602338746737,clean,17.065613173813787,6.878095903513154,7.694961398307244,8.636817845927627,0.0,0.0,0.009236620878562002,0.0,0.0,-5.569999999999926,-3.50750714191703,0.0,-0.5138601950383966,0.0,0.0,-40.84796144744176,0.0,9.882337107225526,-29.67816667636423,-9.595257249296356,-0.4406542191906353,0.0,0.0,-60.0,5270
-117.56947083589458,10.350342183960118,30.37068751279299,0.4541027446877717,-2.626383062774951,-2.6341645601354156,6.315538474752165,0.9400430146267429,0.6356871392535197,0.0,False,RUNWAY_EXCURSION,692,69.20000000000732,1,702934.7786767635,1323.6498196044395,4497.810049457688,121.39934126762336,dry,0.9667019761825603,4.221811826761234,-0.12226883440761682,0.0,0.0,4.782439415194861,1011.7511972377669,0.9961299646295018,nan,nan,nan,nan,85.10492812548395,0.6356871392535197,1.0027651768422707,126.97118517643953,137.1288799905547,1746484539,0.15111743274069642,0.3469321307664756,0.675911497484634,clean,29.361089884959107,7.749695168469566,13.044447750313058,11.781179758978542,0.0,0.0,0.02542748557014078,0.0,0.0,-6.919999999999897,-8.237074628993835,0.0,-0.09152382024311248,0.0,0.0,-50.901273217799705,0.0,6.387215263570323,-36.341225650302405,-22.70764897757777,-0.7197798528380133,0.0,0.0,-60.0,5962
-91.31770994226792,7.457874695625458,30.346370293625043,0.3525204095698402,-2.654582189483738,-2.7016710430509328,8.097419062693621,0.9361313358151171,0.32614588710833914,0.0,False,RUNWAY_EXCURSION,492,49.19999999999721,1,673024.4466813009,1327.44975192401,4491.545391547238,276.4370063025522,dry,0.9703925162288535,6.937386367788818,-0.691911244003002,0.0,0.0,4.9917038467710615,1014.083245620708,0.9916870890899845,nan,nan,nan,nan,67.05132572212256,0.32614588710833914,0.9953925882843251,124.14184831070664,134.07319617556317,1394609702,0.22254152314422115,0.3047244182850769,0.7372823193626163,clean,17.519250290609655,7.217449554969816,7.867695584869664,9.12052769959004,0.0,0.0,0.013045835484333567,0.0,0.0,-4.9199999999999395,-3.0405542586688945,0.0,-0.42559202203244934,0.0,0.0,-35.96997873807908,0.0,7.9546859766363,-22.0105329065937,-13.937913453416051,-0.705793505637303,0.0,0.0,-60.0,6454
-115.58279571876686,14.297093508195395,30.09281486174331,0.3180960969908598,-2.9931739543499947,-3.237834010891144,6.435082672135578,0.9378784855871852,0.1544773798802055,0.0,False,RUNWAY_EXCURSION,478,47.79999999999729,1,756959.376405084,1323.3080751860134,4533.375060200454,94.30498428577411,dry,0.9788045142127508,2.8488336475650895,-0.03579333033712029,0.0,0.0,-2.6828430515164445,1014.5000851433923,0.9968474362508812,nan,nan,nan,nan,58.13442585777297,0.1544773798802055,1.0515068565552177,129.89400413544266,140.28552446627808,1960127675,0.0821975422156702,0.26960609012857123,0.6535284586642472,clean,13.319671201552724,1.6548446405142858,6.610092135472273,7.855827365849346,0.0,0.0,0.00617909519520822,0.0,0.0,-4.7799999999999425,-10.856276663315077,0.0,-0.1004069107194594,0.0,0.0,-34.98231297937859,0.0,1.2070840529847604,-25.607737151473128,-9.371945972885207,-0.537814532563745,0.0,0.0,-60.0,6932
-113.68426605554461,13.744825257859603,30.012750032645897,0.1447058886047379,-2.9155994522202127,-90.0,5.751719433311189,0.9439193621994707,0.018742297321693968,0.0,False,RUNWAY_EXCURSION,388,38.7999999999978,1,734442.3753293878,1323.4671037000192,4757.897506631876,123.62871137763487,dry,0.9814623535790652,4.5620128286259005,3.095022653825138,0.0,0.0,-2.8964157730563374,1013.760583709408,0.9959829272423528,nan,nan,nan,nan,45.288885429677386,0.018742297321693968,0.5311459042109945,127.94623327976059,138.18193194214146,1081530686,0.0963238146990447,0.16489748255997846,0.43344094563322966,clean,9.06875205086682,1.5493002528760091,4.009043457299794,6.176966483637156,0.0,0.0,0.0007496918928677587,0.0,0.0,-3.8799999999999613,-8.144560654578774,0.0,-0.20450603350086735,0.0,0.0,-28.715572339704252,0.0,0.9944488270335445,-31.48402317450531,-2.987983750252099,-0.06688086660933902,0.0,0.0,-60.0,7320
-104.87996247589416,13.083822372345125,30.12071417632284,0.1544489099847394,-2.7502244170030656,-2.8291823550586477,3.9399368418058405,0.9379082607437478,0.26347041345150046,0.0,False,RUNWAY_EXCURSION,516,51.599999999997074,1,681076.4770568088,1322.7970347632322,4682.365833362354,285.8699246488959,dry,0.9923732271962304,2.3258534508772755,-1.4657809653679088,0.0,0.0,2.215358868878149,1015.7100911319236,0.9913547720726218,nan,nan,nan,nan,62.72175922022492,0.26347041345150046,0.8388642562038306,124.18989089465731,134.1250821662299,1302740407,0.10735113663416353,0.18636584601378198,0.47339594244368555,clean,17.53473990895562,3.1560607235387015,8.981102262138776,8.605638540150435,0.0,0.0,0.010538816538060013,0.0,0.0,-5.159999999999934,-9.814687384608517,0.0,-0.006210409302351811,0.0,0.0,-37.808619628025184,0.0,4.562411415410846,-29.57289870379555,-5.213482382659932,-0.15455563423480967,0.0,0.0,-60.0,7836
-163.63447811243987,14.64413485341155,30.29651804972058,0.5956777779289645,-2.900277903071293,-2.90694661264147,7.2713075079415885,0.9398405116319845,0.6248054978266566,0.0,False,RUNWAY_EXCURSION,842,84.20000000001926,1,760151.322693728,1322.6381027854775,4770.490200709999,159.43929321847185,dry,0.9808292581707599,4.403782973384194,-0.753976962816199,0.0,0.0,1.8922543933966445,1014.017294343075,0.9949993954128511,nan,nan,nan,nan,86.3856971600609,0.6248054978266566,1.024196422636443,131.23774816585762,141.73676801912623,2084654369,0.0713701760394839,0.360391016786626,0.7083510764541624,clean,38.645473607908194,5.431753934375228,14.281938192567665,11.91296984772608,0.0,0.0,0.02499221991306628,0.0,0.0,-8.419999999999865,-20.063053031036468,0.0,-0.5507369588739662,0.0,0.0,-61.98045757188985,0.0,5.4461920171693015,-61.53597105090703,-25.685711206785683,-1.1418681126052355,0.0,0.0,-60.0,8678
-91.05141463603172,8.79448159199174,30.14386244983211,0.21698156144581973,-3.0257266506474276,-3.2890164124286025,7.160684259605341,0.930916980893971,0.09230344609244412,0.0,False,RUNWAY_EXCURSION,474,47.39999999999731,1,767601.8544086335,1323.417159931189,4570.808043416895,130.02386087424478,dry,0.9797820637692376,4.599437067989412,-0.46436549753469514,0.0,0.0,-2.0416265050078533,1010.0017948576111,0.9958112729949199,nan,nan,nan,nan,53.196916944590825,0.09230344609244412,1.0050391043070483,131.242050245375,141.741414265005,1566581934,0.20591094291133866,0.18296577269473382,0.48091811631099685,clean,11.579961111988144,5.47793800381113,5.521650607256152,7.29708858184868,0.0,0.0,0.0036921378436977656,0.0,0.0,-4.739999999999943,-4.073393074185763,0.0,-0.3655870304752347,0.0,0.0,-34.397199895662446,0.0,8.389176925316894,-20.94103031409782,-4.671768742102556,-0.1319429475724191,0.0,0.0,-60.0,9152
-105.83686179187964,10.857365573653594,30.122806631226346,0.254498460322966,-2.823293944804133,-3.0058212962095348,5.230777772219923,0.9311700373795173,0.2084816574059687,0.0,False,RUNWAY_EXCURSION,535,53.499999999996966,1,710752.0623633713,1324.2684765188517,4435.089599606195,401.8804722261964,dry,0.9518995325303484,3.678615560354306,-0.12909064981776996,0.0,0.0,4.620856328020833,1013.2663891758107,0.9881223141870774,nan,nan,nan,nan,59.267510289016975,0.2084816574059687,0.393456670560024,127.54456427066202,137.748129412315,1357791198,0.15401078848303293,0.20913905768033383,0.5306488778355168,clean,16.987072484416103,6.015123487656031,8.636324814661831,8.241346951321592,0.0,0.0,0.008339266296238745,0.0,0.0,-5.34999999999993,-7.007453016886405,0.0,-0.050512997286264114,0.0,0.0,-38.91069697743594,0.0,7.05391149649517,-33.99793009902709,-7.14212444513436,-0.32026275695622625,0.0,0.0,-60.0,9687
-130.76503470785997,10.56925956389897,30.477573793633102,1.0222584270886697,-2.3045495595395846,-2.3266650061463845,11.277136373804876,0.931362547201225,1.1741222019886095,0.0,False,RUNWAY_EXCURSION,641,64.10000000000326,1,721240.353707351,1325.7420249365234,4387.939285762524,351.89355427415114,dry,0.9615518057470402,0.6674242605060448,-3.1516899872563884,0.0,0.0,1.211671494258006,1012.3524144946027,0.9893871704723728,nan,nan,nan,nan,108.3388701434363,1.1741222019886095,0.12850415448806274,127.78957823502563,138.01274449382768,1167425778,0.10760320034904683,0.6471800535132002,1.0532516411109678,clean,34.30937122258963,4.743536738073108,10.868509682925767,13.312769631196936,0.0,0.0,0.04696488807954439,0.0,0.0,-6.409999999999908,-7.956180866037082,0.0,-0.7425113588521869,0.0,-0.09838344270549297,-46.66393231062067,0.0,6.02188150669219,-42.18807305770715,-33.219088363152125,-2.7898989783418715,0.0,0.0,-60.0,10328
-108.23110650260904,6.877464168062682,30.30069739235849,0.5878746417740423,-2.7282043332688373,-2.890826508788397,13.496476102227668,0.946583823182366,0.1835220387349068,0.0,False,RUNWAY_EXCURSION,495,49.49999999999719,1,719660.9941884257,1331.9123731085908,4704.316026963573,87.54614444638925,dry,0.992750272613571,1.2255279971287827,0.7754970390139695,0.0,0.0,-1.9931548449386787,1012.9944579257966,0.9970537924061101,nan,nan,nan,nan,56.641220302323084,0.1835220387349068,0.29061824692115934,126.90049154036184,137.0525308635908,1202413557,0.22930968698505036,0.3510014977087487,0.8109003099581705,clean,13.308452195550833,4.805934925841938,5.647825824942792,7.745049508995255,0.0,0.0,0.007340881549396269,0.0,0.0,-4.949999999999939,-2.6014732360642374,0.0,-1.948816585680668,0.0,0.0,-36.72373889936618,0.0,6.0758137895635205,-26.150529937624906,-12.363158223540196,-1.0838067467763148,0.0,0.0,-60.0,10823
-85.82659849636312,6.967023974343662,30.394534153699134,0.25501453768633486,-2.8380408547078084,-2.9642542040650244,10.164845570708733,0.9394902786099001,0.2360977196078693,0.0,False,RUNWAY_EXCURSION,414,41.399999999997654,1,722434.5053011212,1325.724219158258,4498.631871966969,310.0348630988831,dry,0.9742452189118692,1.5999557527915353,-2.7009422249176693,0.0,0.0,-2.687934946577312,1010.1587279614864,0.9905083652718302,nan,nan,nan,nan,66.66615206960765,0.2360977196078693,2.8046754529968254,127.1684620070897,137.3419389676569,2008052738,0.23410239738838207,0.29711870771365584,0.6638747354830725,clean,10.25754802854088,6.023654128305927,4.503848632548548,8.771874597685734,0.0,0.0,0.009443908784314774,0.0,0.0,-4.139999999999956,-2.2328134607176504,0.0,-0.9454388949938267,0.0,0.0,-30.455771843965717,0.0,9.879906226465465,-16.57342677556152,-10.423031947641906,-0.5023910958132131,0.0,0.0,-60.0,11237
-109.33693663533424,9.095185649292773,30.436283100888645,0.7002934394784411,-2.5988310861563746,-2.644812872220076,10.235164198801549,0.9461250158738268,0.5636730607122615,0.0,False,RUNWAY_EXCURSION,521,52.099999999997046,1,738826.0792717779,1331.6280235140246,4583.491589513754,167.4835806856108,dry,0.9781193883353533,0.2280746468745427,-2.2927258531535157,0.0,0.0,0.3032898788804159,1010.1647033389817,0.9947379785548267,nan,nan,nan,nan,86.82999951068544,0.5636730607122615,3.958233571229588,129.2747031356933,139.61667938654878,595598245,0.16741083987505573,0.4269896769866423,0.9212304591384225,clean,21.99557981418023,3.324794808135882,8.544833826313074,11.580291570212857,0.0,0.0,0.022546922428490466,0.0,0.0,-5.209999999999933,-4.788707937716412,0.0,-0.8986195341781151,0.0,0.0,-38.69519671205245,0.0,2.126451539612384,-26.831919340695993,-18.860752900470004,-1.6462386911038989,0.0,0.0,-60.0,11758
-97.40139293442351,6.504103479282532,30.025277340958095,0.6084297922749925,-3.013771744544094,-3.1995860314624194,16.687568792452204,0.9436249690973334,0.16358734403311814,0.0,False,RUNWAY_EXCURSION,369,36.89999999999791,1,767720.4845385754,1324.080628720447,4498.59106283004,118.67980094605979,dry,0.99216705760015,3.1866174658540025,-1.113115266796615,0.0,0.0,-0.1299988535543397,1011.3492801587007,0.9961695004296213,nan,nan,nan,nan,59.23276492666297,0.16358734403311814,1.449932529644098,131.60218216672632,142.13035674006443,1752032165,0.2094542596281142,0.5165899862110764,1.074095776231862,clean,9.904147068271318,4.409987241397705,3.995175973915145,8.049029547660309,0.0,0.0,0.006543493761324726,0.0,0.0,-3.6899999999999653,-1.7344378448378208,0.0,-2.52710152748582,0.0,0.0,-27.31890698155498,0.0,4.989214080611627,-18.249465603754718,-13.42655303556134,-1.8090253468461066,0.0,0.0,-60.0,12127
-84.58023597492313,7.295800498978891,30.056676958670565,0.6664659401881449,-2.7452722167877615,-2.9094980433614195,16.864685318259475,0.9403207325789542,0.19731831223743512,0.0,False,RUNWAY_EXCURSION,327,32.69999999999815,1,686601.6223523258,1324.2768926354963,4639.705729515698,38.29309616680299,dry,0.9682452912953204,4.67459573071808,-3.027626001777179,0.0,0.0,-0.7585583756859178,1015.0099827449087,0.9985021081297094,nan,nan,nan,nan,59.50128775361791,0.19731831223743512,1.1432552354691339,124.09519290333112,134.02280833559763,1440696407,0.1831514636428068,0.5682477794820471,1.136927383892407,clean,8.57063763471313,4.425759372863893,3.734406525676247,7.956874441632447,0.0,0.0,0.007892732489497406,0.0,0.0,-3.2699999999999743,-1.933976278792724,0.0,-1.3404303309257155,0.0,0.0,-24.05544253757757,0.0,7.923144652033971,-14.698203897037471,-9.867867665295092,-2.03303062470363,0.0,0.0,-60.0,12454
-97.45137016892187,8.843930203644707,30.2704390861464,0.6048522802004573,-2.7734792457056443,-2.97698486219356,17.8051183085282,0.9440569229683474,0.06643182276468451,0.0,False,RUNWAY_EXCURSION,268,26.799999999998484,1,696401.5412338686,1324.5844374551955,4683.898002295315,470.07400282919696,dry,0.9722499195097608,5.1840523861949555,1.1115847679303785,0.0,0.0,-1.6753293058025465,1010.1772945532563,0.9858608237441754,nan,nan,nan,nan,50.63686630629013,0.06643182276468451,1.797858852447476,125.07628172780808,135.08238426603273,5880883,0.1470570488732119,0.595608177768199,1.28987629889947,clean,5.753026554988354,1.8788954238071454,1.9559201388528638,6.632775645966333,0.0,0.0,0.0026572729105873807,0.0,0.0,-2.679999999999987,-2.329071909753297,0.0,-1.7084537321442397,0.0,0.0,-19.829547631325152,0.0,2.0777379619630034,-18.01936246169897,-9.02444901951296,-2.1614984129755253,0.0,0.0,-60.0,12722
-96.61508602864018,8.928233045207511,30.1751763032251,0.37074397527148933,-2.8688062530253857,-90.0,16.977858373602878,0.9364504805427172,0.0,0.0,False,RUNWAY_EXCURSION,262,26.199999999998518,1,755733.6549394187,1330.24625546738,4238.613358861366,28.890495285778638,dry,0.9996308089930156,0.7692790390897226,-1.9771357650684958,0.0,0.0,2.322431486244408,1013.3794468018235,0.9988024641840908,nan,nan,nan,nan,41.32386281333436,-0.004351756294788345,0.6619539883027947,130.9940540007823,141.4735783208449,846428919,0.17873578608027463,0.3952538130002504,0.9938437930713185,clean,5.045394349620722,2.1654022998822264,1.4317334334759502,5.677115505661102,0.0,0.0,0.0,0.0,0.0,-2.619999999999988,-2.3205440523442515,0.0,-2.40632556707046,0.0,0.0,-19.20503386419587,0.0,3.6736565604373284,-16.9216957935956,-10.155635083477,-0.9791538170343107,0.0,0.0,-60.0,12984
-107.37101789790204,9.67643140598412,30.27495230473887,0.3178340872855762,-2.979983166871566,-90.0,12.96022721244173,0.9315570603950515,0.0,0.0,False,RUNWAY_EXCURSION,341,34.09999999999807,1,761131.6446905527,1324.6810442269325,4285.871731830213,479.1185413089182,dry,0.9527826714149931,3.547831390006624,0.32944251401927716,0.0,0.0,1.3169131041908413,1014.896070206141,0.9857760369651941,nan,nan,nan,nan,39.78268444171232,-0.06330554858794812,1.0844393290391618,131.13522202695836,141.62603978911503,1841261662,0.1766793525081656,0.2540091269506862,0.6823911511060143,clean,6.119507150864788,2.1028922339294014,1.7147626102430005,5.35298577267741,0.0,0.0,0.0,0.0,0.0,-3.4099999999999713,-3.5476626379286764,0.0,-1.6515643498187613,0.0,0.0,-24.826487452444642,0.0,3.0945902834785937,-25.041978370478606,-6.793804887044478,-0.48425825137993644,0.0,0.0,-60.0,13325
-117.42791679554128,14.52818137538919,30.61958544607952,1.0099773825884955,-2.815765652462488,-2.8343241461208857,12.140005142836602,0.9273737189149986,0.5647496152423059,0.0,False,RUNWAY_EXCURSION,377,37.699999999997864,1,740249.7258235905,1328.3701793179102,4556.14053128589,417.04508577579884,dry,0.9620367172400923,4.429938250822287,-3.473032462536204,0.0,0.0,4.833513805208295,1013.0246811560639,0.9876848985871236,nan,nan,nan,nan,83.92786890278109,0.5647496152423059,0.8882680111219976,130.22713709231152,140.64530805969645,1190382222,0.0459864950751056,0.7545692566389808,1.3701902105353598,clean,14.134803069152557,1.596710591945173,4.716860675137301,10.222246196817819,0.0,0.0,0.022589984609692224,0.0,0.0,-3.7699999999999636,-8.841406265192159,0.0,-0.493766003455452,0.0,-0.018803206568196684,-27.27011598791173,0.0,1.8726140574459251,-29.904613524223773,-16.42638556771613,-3.268650815582255,0.0,0.0,-60.0,13702
-102.46700022632288,11.269512538782328,30.11621322535629,0.18873303952140383,-2.72910013975992,-90.0,18.671793447451094,0.8496092568343715,0.0,0.0,False,RUNWAY_EXCURSION,257,25.699999999998546,1,688922.2234099585,1325.7940629867392,4600.265691283965,22.1282770125627,dry,0.9628615283742757,1.057561451905042,-1.0292606853933397,0.0,0.0,3.873734829234947,1014.4828769336326,0.9989954256251694,nan,nan,nan,nan,21.83454479933455,-0.11954870796273553,-0.046940600392169074,125.33506755021538,135.36187295423264,72124473,0.14505936607414252,0.20199719319789936,0.9376993293926336,clean,3.770895554517215,1.1614656494748423,0.786512019356544,2.952333340210566,0.0,0.0,0.0,0.0,0.0,-2.569999999999989,-3.626610178386158,0.0,-4.553457178379582,0.0,0.0,-16.643536281965737,0.0,1.1494064417973602,-21.139119714936164,-3.1425160951923585,-0.6123737828194197,0.0,0.0,-60.0,13959
-90.9452365545562,8.934675441233871,30.377100950443907,0.3807410594550791,-2.7910904781010033,-90.0,13.131356708445773,0.9146824534822068,0.0151964824991353,0.0,False,RUNWAY_EXCURSION,271,27.099999999998467,1,714417.4137723333,1326.9514241743204,4419.707878477195,212.4673881888076,dry,0.9672852285287039,3.912202201479463,0.5700709378477908,0.0,0.0,0.3527418733877816,1010.4825816874234,0.9934501726054532,nan,nan,nan,nan,45.04018199643789,0.0151964824991353,1.0280000140595469,127.11223640575572,137.2812153182162,1642588603,0.18496770310331423,0.32794741095327923,0.8387923006696526,clean,5.916763120143558,2.9230552704689057,1.9808616182284888,5.959817776266879,0.0,0.0,0.000607859299965412,0.0,0.0,-2.709999999999986,-2.4037225822323176,0.0,-2.1875806128057023,0.0,0.0,-19.23431333386093,0.0,4.462843801207579,-16.264430213432416,-8.775192817618219,-0.6139464402219714,0.0,0.0,-60.0,14230
-110.44411702740933,10.904756682130404,30.030456227475163,0.17086148720279115,-2.622617753154993,-90.0,9.676978375321653,0.9165670155802105,0.0,0.0,False,RUNWAY_EXCURSION,411,41.09999999999767,1,676762.5075846089,1330.2567414655102,4729.927606968136,412.68289917886443,dry,0.9775982219286953,4.73665063368669,2.2130893301492915,0.0,0.0,0.40723583099284166,1011.8822069527226,0.9876177731733391,nan,nan,nan,nan,43.17065143495038,-0.005121642981464447,1.9263367967442147,123.64311489959965,133.53456409156763,1566923138,0.1535414770472207,0.21422044569768248,0.4441892336877655,clean,6.923980805933974,1.8752274019839377,2.2323889628124474,5.508397387478388,0.0,0.0,0.0,0.0,0.0,-4.109999999999957,-5.430393135538689,0.0,-0.8113818952798431,0.0,0.0,-29.274735285164308,0.0,2.653395893865567,-25.286433175749664,-4.60067737210761,-0.12388661564334566,0.0,0.0,-60.0,14641
-98.42249826747022,8.815766658185554,30.257463321291894,0.5678014652703923,-2.876497529967198,-3.089245028604242,9.67163889137523,0.9260631758763364,0.24385794343111655,0.0,False,RUNWAY_EXCURSION,398,39.799999999997745,1,762034.6132015471,1330.8533329981738,4655.886811090433,0.708732065139106,dry,0.9647105258509762,1.430248372805381,1.146111555187347,0.0,0.0,-1.4689389706067795,1010.689908051479,0.9996201704362381,nan,nan,nan,nan,62.51310129193777,0.24382720049002948,-0.040858442136784134,130.85149031707704,141.3196095424432,1818006482,0.19447504006270203,0.2823137306277334,0.6057179250440007,clean,9.868366760842068,2.358465365429715,4.139871844218521,8.05309069717884,0.0,0.0,0.009753088019601184,0.0,0.0,-3.979999999999959,-3.4368512472319224,0.0,-0.3983538066157178,0.0,0.0,-28.771598573258224,0.0,2.193148260117692,-19.098818513777985,-9.010233326443252,-0.3493388159494059,0.0,0.0,-60.0,15039
-97.63920444265088,10.874725843915789,30.15773833382977,0.32882668441236185,-2.6127506343540587,-2.6672574750601217,7.895216362907479,0.9168921224105315,0.20319031802557674,0.0,False,RUNWAY_EXCURSION,372,37.19999999999789,1,671270.966112032,1329.7900778012513,4740.589579179819,480.780396191989,dry,0.9663902081627006,3.243066627853362,3.9163867862538146,0.0,0.0,-2.8466691846965553,1012.8984939943886,0.9854773751078963,nan,nan,nan,nan,55.267399689141456,0.20319031802557674,0.11634353386952512,122.38274137389769,132.1733606838095,377217572,0.14443838270770543,0.3206879686176098,0.7336184910510923,clean,13.197984963558184,3.0556178317684637,5.7806507240884315,6.818010370987612,0.0,0.0,0.008127612721023074,0.0,0.0,-3.7199999999999647,-4.88806603678697,0.0,-0.2787349474278137,0.0,0.0,-26.445766785738456,0.0,5.688592179316886,-23.444910306267303,-12.96791377549499,-0.442796273375797,0.0,0.0,-60.0,15411
-107.1714615308681,12.03225089024826,30.144398063820034,0.13653787199413617,-2.6806507291839408,-90.0,7.250808941001932,0.9323498944329862,0.0,0.0,False,RUNWAY_EXCURSION,356,35.59999999999798,1,673088.8912909754,1325.5931511861454,4744.603930405256,274.2726678486122,dry,0.9529003014356021,4.767841096916156,1.9447555338100857,0.0,0.0,-2.104852915752536,1014.0010972789705,0.9915702511400648,nan,nan,nan,nan,36.23044525591053,-0.02027061777533845,0.2842146105917198,122.6408292157627,132.45209555302372,191741830,0.13065478305108152,0.14183791800092463,0.34719743175225015,clean,7.97250841513587,1.9894365079868737,2.956823661153211,4.93993568498895,0.0,0.0,0.0,0.0,0.0,-3.559999999999968,-5.7266579876637,0.0,-0.41507912078403814,0.0,0.0,-25.973159912044693,0.0,2.787118235387777,-30.273037835680043,-1.8506904496710068,-0.018658729677133376,0.0,0.0,-60.0,15767
-84.14070015988881,9.04834253288755,30.133123920464065,0.8350993936674979,-2.637767171846616,-2.7271396980622438,9.702886155324213,0.9144710773303183,0.42998953450139865,0.0,False,RUNWAY_EXCURSION,324,32.399999999998165,1,690021.3164066542,1331.8006697069675,4410.996361321517,1.00277645928748,dry,0.9746506828778814,1.0896927343332585,2.9481443210281397,0.0,0.0,1.3346481301528454,1010.2332549296242,0.9995966356581137,nan,nan,nan,nan,77.52855541828089,0.42998953450139865,2.77759801410836,125.15090061364428,135.16297266273583,1853662620,0.1712427105362127,0.4306695096771942,0.7179693929689716,clean,10.46813195606821,3.732826327782668,4.1294953543046,9.33796270947302,0.0,0.0,0.017199581380055954,0.0,0.0,-3.239999999999975,-2.9474100933286276,0.0,-0.3187554779015985,0.0,0.0,-23.000745123394655,0.0,6.215167766539103,-20.362295689990976,-7.605618059852545,-0.5666594109680267,0.0,0.0,-60.0,16091
-86.89415447049632,10.790177580011242,30.095790008849992,0.21449108984582418,-2.5991431842940718,-2.630652066941857,5.196816935310562,0.9284300389451065,0.4191760202890009,0.0,False,RUNWAY_EXCURSION,281,28.09999999999841,1,678529.0667397985,1330.4263341049127,4617.092627708466,367.73298246470836,dry,0.9729818271014645,5.826614456972229,3.79788614626921,0.0,0.0,-0.1887695269590175,1011.5534333565574,0.988882560632952,nan,nan,nan,nan,78.80974168062008,0.4191760202890009,4.514450942448818,123.69655701920539,133.59228158074183,47463574,0.15671593929029934,0.1956576023908981,0.37573767319096757,clean,8.854587729411403,2.26859107919927,3.0802585556160405,8.295453737472613,0.0,0.0,0.01676704081156004,0.0,0.0,-2.809999999999984,-3.6351387722775335,0.0,-0.142061267258526,0.0,0.0,-20.338161799658693,0.0,3.1128120284828684,-22.311788793032935,-3.262767832934612,-0.02270617632775387,0.0,0.0,-60.0,16372
-83.47782690730064,9.292923059694392,30.38847675999909,0.29414974487029033,-2.715885272008934,-2.7530619909945564,6.329074821661663,0.9029971914231588,0.43697106147845943,0.0,False,RUNWAY_EXCURSION,319,31.899999999998194,1,749070.3851027334,1322.768566603684,4238.476197841844,427.484850889213,dry,0.991750307013047,1.0952011015768512,2.354566130272594,0.0,0.0,3.2353718831096456,1015.9912205666099,0.9873289027228688,nan,nan,nan,nan,81.45418149180328,0.43697106147845943,5.2742308238661195,130.4520763836621,140.88824249435507,1162779115,0.18354450281109166,0.26325735025993646,0.5169660068244772,clean,9.44308912510602,3.4802833982126162,3.458285466055513,8.662863362655388,0.0,0.0,0.017478842459138385,0.0,0.0,-3.189999999999976,-3.060926184321615,0.0,-0.2234180145026644,0.0,0.0,-22.27102806392485,0.0,6.4151344038132585,-19.205109279831255,-6.8092803199795195,-0.19519964304264573,0.0,0.0,-60.0,16691
-91.55319627915014,10.550916778066929,30.164886895329197,0.34414705220053454,-2.861510162894527,-90.0,11.671159719360418,0.9193923740961145,0.05066480194830092,0.0,False,RUNWAY_EXCURSION,209,20.899999999998812,1,710855.0108081646,1322.045908671739,4593.205031747665,474.3322798712563,dry,0.9888597216318431,5.148721419060636,1.111758653917387,0.0,0.0,-2.453993924403446,1015.8394738432077,0.9857002126373913,nan,nan,nan,nan,46.01522852540432,0.05066480194830092,0.19382963916681817,125.8435160548299,135.9109973392163,172656923,0.1507412941581774,0.3283337737039529,0.7455267870161137,clean,4.757285098985856,1.1616920650124347,1.1032545179580375,5.271863709500122,0.0,0.0,0.0020265920779320365,0.0,0.0,-2.0899999999999994,-2.585140619473122,0.0,-1.407626485728858,0.0,0.0,-14.897985648771014,0.0,0.7216314328376443,-15.872523213844323,-7.451149663548555,-0.2665240641563214,0.0,0.0,-60.0,16900
-88.83898730451607,11.867298267174212,30.09939544919831,0.6493350653672081,-2.0652370293271374,-2.107416880592429,3.724422185713302,0.9180360205497118,0.9569546616724551,0.0,False,RUNWAY_EXCURSION,388,38.7999999999978,1,719420.5037463949,1331.0127401216894,4227.762213500966,258.37149400993667,dry,0.9915746706684423,1.0004942440025317,-1.471070153441679,0.0,0.0,0.16509535492828853,1015.2673334187367,0.9920740503158533,nan,nan,nan,nan,105.67756616926607,0.9569546616724551,6.921464620322713,127.21422516738795,137.391363180779,643626383,0.12942813177816107,0.24276069261435018,0.49136275728367024,clean,16.219254277166925,3.1271828564722655,6.865089421224395,11.456226067437246,0.0,0.0,0.03827818646689822,0.0,0.0,-3.8799999999999613,-6.071457116320616,0.0,-0.005691610302419131,0.0,0.0,-27.694283684032857,0.0,3.761264818952574,-25.17587141789126,-7.357936356124216,-0.12104274756492776,0.0,0.0,-60.0,17288
-86.06922180151935,8.69333197582106,30.090705455721817,0.2522911165266283,-2.7170838319912316,-2.759428044992429,9.325584707665604,0.907023805361065,0.3170839135704,0.0,False,RUNWAY_EXCURSION,317,31.699999999998205,1,717386.8293320553,1323.662335141861,4775.4222891276295,225.30850547736136,dry,0.9760078343408451,1.251230119531166,0.7516418716235451,0.0,0.0,-1.9430162508261333,1014.5836236739324,0.9930144840727749,nan,nan,nan,nan,73.93569824000235,0.3170839135704,5.22747972306389,126.61165219870688,136.74058437460343,1033071480,0.19144392983000288,0.3494644754934207,0.5671685492634911,clean,9.011343929898512,3.9005557684353964,3.55585519669154,7.696698659432829,0.0,0.0,0.012683356542816,0.0,0.0,-3.1699999999999764,-2.6618849563178912,0.0,-0.4841730631703848,0.0,0.0,-22.281050547814342,0.0,6.186745817525953,-18.337327434544473,-9.31289289034868,-0.18577563785054355,0.0,0.0,-60.0,17605
-83.02147061562204,11.630715108757151,30.194143537934405,0.1565964469901727,-2.684652734603112,-2.708725840935117,3.3856127234797,0.9101432176576946,0.615813112806677,0.0,False,RUNWAY_EXCURSION,354,35.399999999997995,1,707340.6343466234,1328.9338279700332,4658.034176315992,344.55558267050986,dry,0.9891168575481959,4.061894852390694,-0.8091942160441401,0.0,0.0,3.6286860823376257,1011.8300140924772,0.989695902524288,nan,nan,nan,nan,89.52491370281705,0.615813112806677,3.855667762325883,127.11245137287385,137.28144748270375,907713895,0.13830972130861788,0.1606677370788114,0.42447445123621474,clean,14.782364769429897,3.593067264663926,6.121860995208427,10.286051222561413,0.0,0.0,0.02463252451226709,0.0,0.0,-3.5399999999999685,-5.320759001682158,0.0,-0.0011739645872671728,0.0,0.0,-24.987913495346433,0.0,4.283369303677436,-25.651295098586896,-2.5495646790478603,-0.062110456424720545,0.0,0.0,-60.0,17959
-129.52684663943234,18.332488863628768,30.207685264685235,0.16133321871829073,-2.80558392326044,-2.933690252864371,5.6192656261566665,0.9000834648615323,0.08756803178607697,0.0,False,RUNWAY_EXCURSION,516,51.599999999997074,1,729198.5468352685,1329.0589926420462,4309.044668952612,452.820351621253,dry,0.9813967549353533,5.491315850121544,2.9061424914651997,0.0,0.0,-2.3553424516616106,1015.3517638493715,0.986341524885472,nan,nan,nan,nan,55.60586008821834,0.08756803178607697,3.4110056303258496,127.5094797270538,137.7102381052181,865948037,0.03308281979139728,0.24676420646294384,0.658380849700039,clean,15.574374089387248,2.4447011661997107,8.061052442202033,6.888091890234259,0.0,0.0,0.0035027212714430793,0.0,0.0,-5.159999999999934,-19.268595148277534,0.0,-0.26165165161331283,0.0,0.0,-35.849771864642115,0.0,4.043208766726184,-35.634751401798624,-9.884497898463522,-0.4825097506578641,0.0,0.0,-60.0,18475
-109.79961809146505,13.351378506680026,30.466515233411265,1.2968914072031457,-2.699968276872964,-2.7576197259110757,8.313328906528637,0.8856921297159753,0.8587144800631563,0.0,False,RUNWAY_EXCURSION,379,37.89999999999785,1,747230.1360744295,1327.8115602896332,4441.715525986697,433.59086457259934,dry,0.9644931913467202,3.008705477278075,0.1839950514455433,0.0,0.0,0.12287343073513401,1015.0280603989194,0.9869955539159391,nan,nan,nan,nan,105.14086231621053,0.8587144800631563,6.198902414149323,129.6554691301472,140.02790666055898,60816030,0.06795227978479416,0.6445851957366732,0.9688341434902282,clean,16.396418128942535,2.199371665473002,5.1703233720305155,11.716409250256397,0.0,0.0,0.03434857920252628,0.0,0.0,-3.789999999999963,-7.506697526983735,0.0,-0.32837498651439845,0.0,-0.0015230637839401826,-25.821056779945806,0.0,3.3357154438089545,-32.789811923054906,-17.076596135724802,-1.3381441151713254,0.0,0.0,-60.0,18854
-93.37464001037873,13.247717978524655,30.215812688392404,0.558772216533551,-2.7473374075315764,-2.767070194665216,4.3162595130060435,0.9006828983132684,0.584488730519098,0.0,False,RUNWAY_EXCURSION,323,32.29999999999817,1,713187.8652531753,1328.8980255014765,4405.601623930362,188.2230719038195,dry,0.9626201005523157,0.37001854292408254,3.6638647292502493,0.0,0.0,1.9027012188305372,1013.5808323842148,0.9941583567577588,nan,nan,nan,nan,86.45825744410014,0.584488730519098,2.5432316829488855,127.14872874549842,137.3206270451383,11494707,0.10161276499423053,0.22935163997248367,0.506540273814548,clean,13.163020235568764,1.8792309323457717,5.083980151554576,9.219430760564476,0.0,0.0,0.02337954922076392,0.0,0.0,-3.229999999999975,-6.298572913249297,0.0,-0.030136909956217775,0.0,0.0,-22.44212136637612,0.0,2.4308296975168715,-27.73250115973178,-5.343980556799256,-0.09719843103728172,0.0,0.0,-60.0,19177
-107.07973593711122,14.29803646899287,30.04098964811804,0.18428946031987595,-2.6907983120711956,-90.0,5.891937415958504,0.7882584128649007,0.0,0.0,False,RUNWAY_EXCURSION,310,30.999999999998245,1,693260.2652278421,1329.1697025023489,4408.768894796623,56.455219277172006,dry,0.9507392086056027,5.826504952209434,2.8997530107698015,0.0,0.0,-1.5536480933428525,1013.5438590312958,0.9979610531169817,nan,nan,nan,nan,30.472207699951873,-0.0688885704777249,-0.05906120485226651,124.61289835558884,134.58193022403594,266896303,0.08614983502178551,0.17078735996047018,0.510473418920791,clean,7.2068644872371035,1.481387654093245,2.3262257068142946,3.325415833750331,0.0,0.0,0.0,0.0,0.0,-3.099999999999978,-7.041610281031283,0.0,-0.4578227590060418,0.0,0.0,-18.00718942364926,0.0,1.8912511696291063,-32.01642586796252,-2.5928117452257813,-0.0950207117604292,0.0,0.0,-60.0,19487
-93.2796698162021,13.122094160133988,30.181568747573962,0.16933901655838535,-2.960461282067183,-3.0794935809142046,6.33894330504179,0.8489930479998747,0.32375031820456,0.0,False,RUNWAY_EXCURSION,276,27.59999999999844,1,743203.6039766271,1322.356518430595,4609.863589229217,180.23516901742664,dry,0.9708277930919234,3.6188759148787097,1.4965080625936888,0.0,0.0,-1.0155687677199694,1015.49203180235,0.9943590219827467,nan,nan,nan,nan,74.72022193451026,0.32375031820456,3.343206948233721,129.0206030073083,139.34225124789296,17790419,0.10316916419005046,0.2518192879506343,0.6148425145266325,clean,9.4433719663846,2.1103254546058055,3.086049900292555,7.584884582465507,0.0,0.0,0.0129500127281824,0.0,0.0,-2.759999999999985,-5.28047355785429,0.0,-0.24160074550186755,0.0,0.0,-17.640819657220774,0.0,3.2122301925435224,-26.900087052036266,-5.754699778436072,-0.15180113417301194,0.0,0.0,-60.0,19763
-95.04513439657114,16.185465414855976,30.01844266303621,0.24279297622876825,-2.8557096912706244,-2.8728999112111446,6.112776797250773,0.8532843588779271,0.5343514352192358,0.0,False,RUNWAY_EXCURSION,297,29.69999999999832,1,728482.1586531217,1325.069344216961,4524.446791640826,199.71126200005213,dry,0.9836797126706278,3.2651276262044506,2.0525680691478825,0.0,0.0,3.170528997003805,1012.9068222230384,0.9938600034207145,nan,nan,nan,nan,77.68469688097944,0.4949243411000168,-0.6695012875143647,128.82823118604298,139.13448968092644,1440154963,0.05559790681997566,0.2626809477389089,0.5837442186262782,clean,13.94535103035841,1.7187233844377305,4.529844574084585,6.820947965382516,0.0,0.0,0.019796973644000675,0.0,0.0,-2.9699999999999807,-8.644986592951463,0.0,-0.15402997302133106,0.0,0.0,-19.211798662159577,0.0,2.7670855548041957,-27.02252871694084,-6.661911779201514,-0.18162815500783025,0.0,0.0,-60.0,20060
-99.75728335525181,15.142986789130402,30.0401613376774,0.2291511200537524,-2.8986889817033683,-3.129197782800236,7.495461627208241,0.8674614635528999,0.11539997524412371,0.0,False,RUNWAY_EXCURSION,256,25.599999999998552,1,762364.2436092554,1329.7101252432665,4509.858769411318,31.9507080993221,dry,0.9531041147845475,4.289402622691245,-3.6695479788731458,0.0,0.0,-1.0423357833842166,1013.2780347304476,0.9986970513928269,nan,nan,nan,nan,50.60769578381779,0.10705419837909602,-0.2314865094947649,130.8097529400366,141.27453317523953,1128755548,0.06840687921861523,0.29502627116995866,0.758265253257615,clean,7.869679069972853,1.1969970121415694,2.519174953533885,5.096263851064468,0.0,0.0,0.0042821679351638395,0.0,0.0,-2.5599999999999894,-6.522596946368792,0.0,-0.36652709105998943,0.0,0.0,-16.94891986625864,0.0,1.4177122170643242,-23.53289447675397,-7.587571379314681,-0.34288286720797045,0.0,0.0,-60.0,20316
-91.67969400253786,12.853281027921168,30.091538456280695,0.2541694159429346,-2.982911118112945,-3.302349457064205,6.851821796554252,0.8760483291244231,0.09425453125464855,0.0,False,RUNWAY_EXCURSION,234,23.39999999999867,1,761190.2207774685,1324.6257380685727,4542.964810038961,230.62791764360156,dry,0.9777514162455344,3.3876824478621854,1.482138554444818,0.0,0.0,3.441580558968921,1014.5426973877727,0.9929912993624344,nan,nan,nan,nan,51.69912239573845,0.09425453125464855,0.23827508169866007,131.64358860659868,142.1750756951266,1389828892,0.10866168790778924,0.25685200008861725,0.7008938326567822,clean,6.751638822267519,1.538178520000877,1.6578769978352372,5.09174487327899,0.0,0.0,0.0037701812501859428,0.0,0.0,-2.339999999999994,-4.295377662750674,0.0,-0.44740721169404474,0.0,0.0,-15.612037426019588,0.0,2.446851706660595,-21.152223193927618,-5.079687880366349,-0.243021729073002,0.0,0.0,-60.0,20550
-89.96884795047538,10.063584513862503,30.486530370093423,0.2529791299684641,-2.605645542852212,-2.6377478244493675,12.147100703981572,0.842536127113778,0.23141756391964918,0.0,False,RUNWAY_EXCURSION,184,18.399999999998954,1,701007.2774777439,1331.9589500314628,4577.083782171233,75.69654506285222,dry,0.958145408403145,1.3455519904056423,2.1964286770967676,0.0,0.0,3.6001667259474432,1013.9361279273597,0.9974414648849989,nan,nan,nan,nan,65.05395853158565,0.23141756391964918,3.6550507115464193,126.40443390811356,136.51678862076267,552547096,0.13329272982148174,0.5282475961063579,0.9128719976188299,clean,4.449436458279257,1.1241845350492168,0.6729670346680265,5.423754551376738,0.0,0.0,0.00925670255678597,0.0,0.0,-1.8400000000000014,-2.07052610236091,0.0,-1.2583603313896425,0.0,0.0,-11.639246038794465,0.0,1.3573345031619246,-13.640441434215195,-12.123011532631004,-0.43419629617612804,0.0,0.0,-60.0,20734
-100.16545630820336,14.187462547890673,30.129738237890557,0.1811937977636225,-2.926069156557261,-90.0,6.496871907176912,0.8764931039677724,0.016020273409594665,0.0,False,RUNWAY_EXCURSION,270,26.999999999998472,1,744704.0341487217,1324.8446403066753,4708.3088777765015,374.97061842294505,dry,0.9885136471445778,7.867036132766825,-3.329546702436138,0.0,0.0,-2.4913289775592107,1010.2758173762243,0.9886119528708559,nan,nan,nan,nan,40.46076052064279,0.001583632819176728,0.018353570538831576,129.1505819229451,139.48262847678072,1321529463,0.08638830323819878,0.20578335758069846,0.6168780529689711,clean,7.435498535077233,1.6080753075919831,2.310354696515671,4.328404795955015,0.0,0.0,6.334531276706917e-05,0.0,0.0,-2.6999999999999864,-6.038522806434012,0.0,-0.3793856956281504,0.0,0.0,-18.065794857938908,0.0,2.445677065043462,-27.3749243141191,-3.556793896010118,-0.17810848356919246,0.0,0.0,-60.0,21004
-112.9058157948273,17.089324435739094,30.054772489113876,0.18462707001299725,-2.9559088072989885,-90.0,7.1375843172948095,0.9198146341793709,0.029480682180661688,0.0,False,RUNWAY_EXCURSION,387,38.69999999999781,1,751409.3271299492,1324.3686376884737,4383.090359133239,148.95647717341294,dry,0.9574528314936892,4.848500738716287,-3.0388398414205557,0.0,0.0,1.1865209159477503,1014.5151072537138,0.9953051066409194,nan,nan,nan,nan,45.26950853690117,0.029480682180661688,0.5351831670274798,130.29010865004508,140.7133173420487,1640795441,0.0459957315180185,0.21766093914960533,0.669818391145689,clean,11.11878704894852,1.449697958659643,5.4412611249095,5.169395576762036,0.0,0.0,0.001179227287226468,0.0,0.0,-3.8699999999999615,-12.557935415807831,0.0,-0.389601756851443,0.0,0.0,-27.715929716796023,0.0,2.2129270331576496,-27.69543560640769,-5.7166935296105645,-0.3534677390782185,0.0,0.0,-60.0,21391
-104.99287839705637,19.535395549143573,30.041991395893827,0.37079719233386277,-1.738454640884646,-1.7719524977093934,9.731567497291701,0.8749146467301896,1.646055614104995,0.0,False,RUNWAY_EXCURSION,410,40.99999999999768,1,742563.3307072461,1323.1310777414424,4560.609358506204,143.29845023337052,dry,0.9564614191213393,2.1463149275105495,0.0005902127144388203,0.0,0.0,-2.395158520106425,1013.9942933536626,0.9953723295921969,nan,nan,nan,nan,130.62634130421256,1.646055614104995,7.81301433148645,128.74980500135817,139.04978940146682,823941273,0.023562791802258756,0.307768294035902,0.9479848291821127,clean,21.553205364048416,1.6401559828876717,6.566943718864306,11.948074787770906,0.0,0.0,0.06584222456419979,0.0,0.0,-4.099999999999957,-17.385443166357145,0.0,-1.0265976633727691,0.0,0.0,-27.553348115199693,0.0,2.6779603580196483,-25.398821402280287,-12.797314422933068,-1.183536063068502,0.0,0.0,-60.0,21801
-138.70832683675144,27.276491407232303,67.973758444477,5.918826861471823,45.268685990672196,12.430308108063304,8.760754167138652,0.7669858227459361,879.5198778285402,0.0,False,LOSS_OF_CONTROL,556,55.59999999999685,1,734262.9827493409,1326.6955018029748,4394.930414569135,67.49623937237659,dry,0.9901575560480842,5.162509810622405,-2.40559771141687,0.0,0.0,-0.609453407086618,1015.875706105935,0.9721673530880439,42.19999999999761,1480.631659127637,nan,nan,118.55404426933606,879.5198778285402,6383.682832787754,128.3086288402467,138.57331914746646,989821580,2.3950830338247544e-05,0.5013960222199704,1.3316545830955209,clean,48.571242080483124,2.69384139814542,8.744193229348445,12.22694547655114,5.539723738262894,12.266973822794446,35.18079511314161,0.0,0.0,-5.559999999999926,-44.60084448253919,-0.40798667080758355,-0.7300915373144088,-0.6175849548144582,-9.178878545954877,-31.626430938772828,0.0,2.5996373435471467,-58.55830615836603,-30.881498462524704,-4.1365924578916635,-0.2334648300393096,0.0,-80.0,22357
-45.69870975383009,1.9064494810637256,2.497431190623247,0.0020665280086500514,-2.841365590407796,-90.0,3.221875147532815,0.6699420062542488,0.0,0.0,False,FAILED_TO_ACCELERATE,301,30.099999999998296,1,746268.0785574849,1330.0040251098653,4252.464761686895,412.20349892502,dry,0.9675086759018107,0.08253495044384618,-2.0082152613219226,0.0,0.0,-2.9007633143044584,1010.1108473966567,0.9875217963757876,nan,nan,nan,nan,2.476409381333387,-0.18385349627624237,-0.07614669503719751,129.2039966320939,139.5403163626614,2141492029,0.9683418344961062,0.0,0.10420602635056374,clean,0.4301494311012928,0.372137361267587,0.2634405468984233,0.4435672451111177,0.0,0.0,0.0,0.0,0.0,-3.00999999999998,-0.12155549297536583,0.0,-0.0008393192659070054,0.0,0.0,-14.518150742988682,0.0,0.4425412170214508,0.0,0.0,0.0,0.0,0.0,-30.0,22658
-187.30246659610566,47.52373438099328,117.2655337127048,21.42513233243627,41.48854674370664,16.15915918691153,17.050392636891985,0.7232065949429387,695.1055483630354,0.0,False,UNSTABLE_AFTER_LIFTOFF,599,59.89999999999992,1,689777.4094781925,1327.2465030509472,4392.077036586094,286.13122259906527,dry,0.9764776638128275,3.476282101926853,-0.8780995761920072,0.0,0.0,2.2680948729926866,1013.8150792174189,0.971458270899208,42.69999999999758,1278.0556357229357,nan,nan,106.12070997037326,695.1055483630354,4628.838502936192,125.10876397979904,135.11746509818298,1728701086,2.9764723767272772e-15,1.1564017152987403,1.0855146204898092,clean,47.764760831799855,2.307552578777783,9.606516078387298,11.559756490609349,10.233912332922449,14.765235395243376,27.804221934521422,0.0,0.0,-5.989999999999917,-60.78623180084621,-14.429155039788428,-3.3527267101355864,-8.290686145589449,-19.52744471756396,-32.51245051652813,0.0,1.8220146666882386,-51.47943799570984,-40.254900129686774,-2.7374673644571272,-3.805936484749359,0.0,-70.0,23257
-157.17970064541342,44.0746071721333,179.16206963650944,30.421526866916174,28.114894829862674,16.000542398081596,22.035461961543657,0.7148675682869828,309.0102623530854,0.0,False,UNSTABLE_AFTER_LIFTOFF,440,43.999999999997506,1,722914.0354851448,1331.9382344963824,4353.573548131379,193.3672279823654,dry,0.9650548192917774,6.325019070228036,-2.4227290924773976,0.0,0.0,4.216024849677368,1014.7639592981302,0.9852306731031186,35.59999999999798,1287.349932321873,nan,nan,118.11626757205721,309.0102623530854,3128.198746954846,128.44732075380608,138.7231064141106,2106327850,1.4291740199200898e-24,1.8535339095644583,1.9107774944839564,clean,35.99192284455876,3.507960206771359,7.0307267376620874,11.449206637200248,3.2262836243895596,7.879048635075464,12.360410494123416,0.0,0.0,-4.399999999999951,-30.79965767826318,-19.384988006156313,-7.13756903785234,-4.247072203287237,-4.421112544866172,-22.88624465355435,0.0,2.046165059090308,-33.86458885094397,-30.35271157569364,-7.70403856536307,-5.473441768304368,0.0,-70.0,23697
-130.4437578510229,16.11930326732226,76.77034127387041,61.03014584316213,11.49556040735479,11.38038792620337,37.318246453792895,0.7162654919612806,93.48481433171025,0.0,False,LOSS_OF_CONTROL,414,41.399999999997654,1,723735.5091113978,1328.785629831507,4333.842000099369,325.62775086848313,dry,0.9630575156243719,4.577671899208634,3.384861976333206,0.0,0.0,2.5398635017625883,1012.7713778169662,0.9875384958736848,37.39999999999788,1406.0279470688422,nan,nan,153.4710340159634,93.48481433171025,1916.5508472475262,128.27734488605194,138.5395324769361,815020182,1.1229048906412677e-11,2.7473428272286426,2.4242155834477885,clean,33.74388494260061,3.8588784080297827,7.663786158593182,11.714257180998453,3.107641654533313,3.109726469334855,3.7393925732684106,0.0,0.0,-4.139999999999956,-11.169455380100915,-13.271772880112692,-4.099827359752981,-0.21589631481991586,-0.34101190061847964,-21.924418244162236,0.0,4.425035113696766,-35.75726671770125,-21.54970260567228,-5.7710881071152516,-3.5659208420222908,0.0,-80.0,24111
-120.49357055284597,11.40690617067958,58.396691633590336,60.33969325135076,8.55415954482834,9.184313942271515,32.94639955523607,0.7537159118632717,75.78392911376858,0.0,False,LOSS_OF_CONTROL,405,40.499999999997705,1,710452.4456624882,1329.3057308021118,4368.098497836068,427.7172853018972,dry,0.9980502143763699,2.244468190970905,3.913827001566024,0.0,0.0,-2.7471325149476256,1011.8295820620576,0.9848445112438575,36.89999999999791,1384.9309984387078,nan,nan,156.98734968909932,75.78392911376858,1464.920953425366,125.99223322642415,136.0716118845381,1472190200,5.099030529051444e-10,2.7571594925543206,2.0657295614469375,clean,32.5199400014446,3.973203518411511,7.710734176058063,11.262732760478293,3.9554937289580203,2.806558640291737,3.031357164550744,0.0,0.0,-4.049999999999958,-5.855287877400955,-13.303709020567016,-3.4333733811664495,0.0,-0.1641581877922472,-22.72346171159948,0.0,3.9979854048095746,-29.390274692343393,-22.03681703911033,-5.050796848985723,-3.7436971888829644,0.0,-80.0,24516
-89.24601403469279,9.977593475851924,30.088962953951132,0.7688351952701502,-2.6583602968768067,-2.6934440754679296,8.132724586452692,0.8596206123417607,0.48581828550123873,0.0,False,RUNWAY_EXCURSION,257,25.699999999998546,1,692507.8386786507,1323.4521098479663,4782.41180071436,204.8521295498375,dry,0.951745399986104,0.27774926487625873,1.6821165857767943,0.0,0.0,-2.297153641085279,1014.0768853254363,0.9935883397862585,nan,nan,nan,nan,74.3783770942323,0.4613360009675205,-0.6365557240422071,124.35090569114635,134.29897814643806,2040324894,0.11487845931381745,0.6820023790906685,1.331288771315622,clean,10.261058735446918,3.2793549965751656,3.0876001131723996,6.278316234209858,0.0,0.0,0.018453440038700836,0.0,0.0,-2.569999999999989,-2.84277327703625,0.0,-0.426266765352305,0.0,-0.0001733566068032261,-16.767130229649513,0.0,3.0528086736144537,-16.08895743089379,-14.37899433507585,-2.149310833135808,0.0,0.0,-60.0,24773
-108.11936028810288,11.014516822702461,30.485661091055785,1.1528763105606419,-0.9721850860938117,-1.0196601922979405,5.7864817752392375,0.8089992080597171,1.9879080686632165,0.0,False,RUNWAY_EXCURSION,470,46.999999999997335,1,747105.7897547147,1325.7647385251175,4416.644698788167,496.2905111083062,dry,0.9720260654835953,7.896840778891399,-1.4390864600169637,0.0,0.0,3.96595443877601,1015.5417687318626,0.9853385069336711,nan,nan,nan,nan,133.6339273757891,1.9879080686632165,5.2506337505757195,130.4729799748429,140.91081837283033,1396850658,0.09710606726966861,0.6734181777227537,1.0960220538791294,clean,34.45683914116555,4.969880077454783,9.113959563141572,13.137414557222757,0.0,0.0,0.07951632274652866,0.0,0.0,-4.699999999999944,-6.335578110407763,0.0,-0.10119842548225323,0.0,-0.0010402277499294943,-28.3011616849303,0.0,5.132252977054359,-39.42521690676373,-34.17688768063488,-1.9681398909194434,0.0,0.0,-60.0,25243
-165.9527768806915,19.998292667351556,91.18373557054998,61.04986845541102,14.342838599562148,6.826573162334938,29.67005481492304,0.7932721141031236,154.16279634008896,0.0,False,LOSS_OF_CONTROL,590,58.999999999999204,1,729427.4168483677,1322.6722124614635,4342.314853205542,375.29487786647775,dry,0.9698496150746124,5.479605677845412,-0.4019589011942122,0.0,0.0,-1.2692469519925256,1014.3766183451336,0.9841803718526148,53.59999999999696,2257.648412074377,nan,nan,154.7340362015173,154.16279634008896,2127.8058190807083,127.83298195119664,138.05962050729238,1804554973,4.080044157357351e-12,2.211693838092865,1.413988597252317,clean,52.761098887289755,3.7627073495112326,10.881661872884111,13.11924138613032,4.152872544261507,4.670705969664736,6.166511853603559,0.0,0.0,-5.899999999999919,-23.609913230185924,-16.495134071990154,-4.5221369208081725,0.0,-0.03540880939409083,-34.701933898900755,0.0,4.596441232844881,-48.09100121626782,-43.357167514510394,-5.0342652857214425,-4.317057029102333,0.0,-80.0,25833
-115.8714247083133,10.214602311080903,30.063227815895843,0.6585444615251439,-2.3138643669320973,-2.3230317154624487,5.222825962279039,0.8861452582527528,0.7193988061627579,0.0,False,RUNWAY_EXCURSION,446,44.59999999999747,1,744741.1206592933,1331.1462883966956,4450.152350429182,335.25198064961774,dry,0.9714425387677308,4.219664200924415,0.5531942148310329,0.0,0.0,2.4898336366163125,1011.5010238536638,0.9899413125001846,nan,nan,nan,nan,89.00678782531013,0.7193988061627579,1.6522617231967196,130.19606514385006,140.61175035535808,1478428095,0.132633573842167,0.5387866588010816,1.0298635649517618,clean,22.08599121153393,3.4522476555481827,6.965866300404624,8.876765236983381,0.0,0.0,0.028775952246510295,0.0,0.0,-4.459999999999949,-5.17053252962206,0.0,-0.06424006190658617,0.0,0.0,-30.248745141664187,0.0,3.5817077603417817,-36.72851492752848,-22.416985202415553,-1.7737609622345787,0.0,0.0,-60.0,26279
-84.24231263695823,7.6774754509303005,30.255411081775364,1.6012322980566867,-1.9181219757227113,-2.00238696076526,13.86522335257397,0.8111137225048776,1.6042081357330176,0.0,False,RUNWAY_EXCURSION,317,31.699999999998205,1,728539.2290099042,1325.824609350431,4730.509394744519,313.88465396087827,dry,0.9850215464907891,5.1088182074800095,-0.35594687320941265,0.0,0.0,-0.6458637534153864,1011.8193557877664,0.9904191498830924,nan,nan,nan,nan,127.2467309059205,1.6042081357330176,3.8924418124420157,128.05537584443476,138.29980591198955,1511830742,0.11332590269213712,0.8629293174291406,1.153969908922546,clean,17.7771116570901,2.7922905508398905,4.803147685197504,10.78495053433873,0.0,0.0,0.06416832542932074,0.0,0.0,-3.1699999999999764,-2.076125609776117,0.0,-1.4813721006874472,0.0,-0.13060642756625812,-19.467564475676937,0.0,1.7730623213547518,-18.410525869434025,-15.80730021370354,-1.6935490143642438,0.0,0.0,-60.0,26596
-90.43767081435327,7.931294869385026,30.47102965966938,1.203161006175132,-2.1104900888051774,-2.1601823015659494,9.206639085155464,0.832222600636028,1.2675172835692763,0.0,False,RUNWAY_EXCURSION,350,34.99999999999802,1,755741.9928067129,1331.8634120833967,4518.511612146725,178.95931983965184,dry,0.984648955560021,6.6732798448676505,0.7469429694891958,0.0,0.0,-0.2310389811023823,1015.9553809499881,0.9943774570857017,nan,nan,nan,nan,111.31778589724964,1.2674016271846824,-0.05290221985202237,130.25229381741636,140.67247732280967,835202397,0.11921096051850096,0.8091660935698508,1.2795216450726934,clean,16.544478134593582,2.9507336754281424,4.352048085984255,9.97361625713773,0.0,0.0,0.050696065087387325,0.0,0.0,-3.4999999999999694,-2.4463226007551806,0.0,-0.6651971562810205,0.0,-0.02229923712704291,-21.972185327469795,0.0,3.569957539459042,-21.97981912437197,-14.71074609519069,-2.5826310308476943,0.0,0.0,-60.0,26946
-92.17475044112942,8.592786078631493,30.1782766182423,0.6109082688283157,-1.7715519567229987,-1.7885927856894028,8.930163290648055,0.832535199877256,1.5265824036040385,0.0,False,RUNWAY_EXCURSION,309,30.89999999999825,1,691305.105287674,1324.584228273233,4246.445334723987,165.60254036167177,dry,0.9983343235557207,4.104118810730679,1.1966570405455164,0.0,0.0,0.303883081554166,1014.2579390894293,0.994757179863676,nan,nan,nan,nan,123.86145098596896,1.5265824036040385,4.5246608920063025,124.7957099956834,134.77936679533806,1879383516,0.1227623250819787,0.7562419292536524,1.077084759908991,clean,16.62606777737709,3.0235964433572877,3.739995880042262,10.253489492706407,0.0,0.0,0.06106329614416153,0.0,0.0,-3.089999999999978,-2.5350350590305624,0.0,-0.628189912287689,0.0,-0.0001697673914674208,-19.468247389416042,0.0,4.049468868415472,-27.742930584180275,-15.1336707258475,-1.330188761018637,0.0,0.0,-60.0,27255
-92.23288864284007,10.270568007098406,30.61805139680504,0.9776308148507814,-1.2539393474699647,-1.2467808613473288,9.940232055256814,0.796747409974079,2.249668098349389,0.0,False,RUNWAY_EXCURSION,381,38.09999999999784,1,744530.8643059377,1328.3598838351322,4526.705270353086,484.7778448961024,dry,0.971981324718146,5.1218143603421415,-3.84659848015368,0.0,0.0,-1.8174077567851752,1012.4697715561857,0.985384616319564,nan,nan,nan,nan,144.67203221863895,2.249668098349389,5.089807053446211,129.1476475652032,139.47945937041945,290117534,0.10320554450715477,0.7031953660826243,1.2315431863760642,clean,24.262060417702052,3.249454923157438,5.394228305576954,12.18133990874371,0.566140157598812,0.0,0.08998672393397554,0.0,0.0,-3.8099999999999627,-4.465513344310341,0.0,-0.7840165200896231,0.0,-0.11421439280491559,-22.784014234303978,0.0,4.354958682641672,-28.355184454533607,-19.738735782617784,-2.2793790335344832,0.0,0.0,-60.0,27636
-176.80298111089684,105.97962906686152,403.4983932361866,21.933537191190943,13.88332610871827,6.359837840039868,48.57956636555646,0.767659558109964,617.7318296055829,0.0,False,ENVELOPE_VIOLATION,495,49.49999999999719,1,700828.0092242172,1329.1179229705476,4776.478933006908,161.2443235600643,dry,0.990429716645093,0.7997736626323766,3.096124508099911,0.0,0.0,-0.9336092577234165,1014.973531530505,0.9769728112081775,32.69999999999815,1144.1493280790273,nan,nan,142.7296290282412,617.7318296055829,1637.0539744725315,125.3382896862481,135.36535286114795,1243185673,4.732927249608344e-115,1.7723409067358835,2.079941472115697,clean,45.29097438553388,2.245647716936855,6.461816096766292,10.201839987035559,10.243306202726036,15.910661989125355,24.709273184223314,0.0,0.0,-4.949999999999939,-49.476614120648236,-33.14044557083341,-19.594205837857537,0.0,-4.077313712903984,-28.202602390205453,0.0,2.196513147075408,-55.13043488304019,-39.19545677425669,-9.0494544732137,-1.2464860573595777,0.0,-50.0,28131
-94.96819923959853,16.57307965992045,30.020901398528764,0.3791894502518844,-2.2441688902058665,-2.28096030895599,8.77071688357063,0.7642172002183493,0.8864574671763705,0.0,False,RUNWAY_EXCURSION,248,24.799999999998597,1,762910.244567283,1328.5843447929624,4363.628478405769,133.80117782943697,dry,0.992714856139291,7.787579049327216,-3.0739993539129555,0.0,0.0,0.2927824850428893,1012.6548520128597,0.9957137650918227,nan,nan,nan,nan,102.72131384749851,0.8864574671763705,6.496835768423779,131.20084278616096,141.69691020905384,1549384411,0.046118771000286385,0.4091116576307442,1.2136273341228676,clean,10.573526471112917,0.8142321759565341,2.8570899437755264,8.135182012229109,0.0,0.0,0.03545829868705483,0.0,0.0,-2.479999999999991,-7.568600934965459,0.0,-0.4578014194175072,0.0,0.0,-13.928008934965254,0.0,0.7001057555881794,-21.28607967543646,-11.007399748115942,-1.3559031840472358,0.0,0.0,-60.0,28379
-91.01581976883385,13.461750238368467,30.07234368983166,0.4161538153972251,-2.535309143962118,-2.573840813340757,8.794487369648666,0.762642051448527,0.486910137352055,0.0,False,RUNWAY_EXCURSION,194,19.399999999998897,1,707653.0734259319,1323.5379527754994,4242.4480399524045,188.88926105002446,dry,0.954256861658458,3.6115099348671738,0.881359985967404,0.0,0.0,-1.0436283674500721,1010.5837753677077,0.99407900776111,nan,nan,nan,nan,83.1247192631083,0.486910137352055,5.736268489185612,126.19618916644588,136.29188429976156,1815655708,0.08715746581258367,0.4198974005063287,1.1333478772015928,clean,6.12531520918202,0.7292882801832041,1.2436754556202134,6.032212649855854,0.0,0.0,0.0194764054940822,0.0,0.0,-1.9400000000000015,-3.906270175462379,0.0,-0.6150480045519123,0.0,0.0,-10.848956984317049,0.0,0.4581317455572198,-17.227975196871405,-10.206944955444643,-0.8787241980790761,0.0,0.0,-60.0,28573
-88.53367339532853,12.541184770963941,30.211995491335223,0.3716865164867754,-2.891025740695135,-2.933922088596567,10.169704368548533,0.7729314796587561,0.3330377373916349,0.0,False,RUNWAY_EXCURSION,191,19.099999999998914,1,753763.898890804,1322.7592627628553,4581.259840840201,234.346705671357,dry,0.9525466739390003,2.6067118014097774,-2.746634311832441,0.0,0.0,-1.8604089268056745,1015.7534941767813,0.9927509601263862,nan,nan,nan,nan,75.78492362878862,0.3330377373916349,5.039668496160878,129.72601293803862,140.10409397308172,1128189815,0.10018505028634739,0.4404277435273221,1.3292903093369557,clean,5.438673965476396,0.897830221033712,1.0177036178159897,5.865524952199,0.0,0.0,0.013321509495665398,0.0,0.0,-1.9100000000000015,-3.33785902808405,0.0,-0.7829333822726695,0.0,0.0,-10.78023926473747,0.0,0.8081671715049856,-15.796356258343604,-8.574206573390002,-1.3933003260265309,0.0,0.0,-60.0,28764
-83.02220358728187,10.287377907957536,30.504441994412186,0.3906451470077994,-2.635438008659166,-2.672245373271666,12.139944275781613,0.7265137223426454,0.26424651040287017,0.0,False,RUNWAY_EXCURSION,167,16.69999999999905,1,677394.1945715315,1325.6969804320402,4688.232158534734,321.5681525382317,dry,0.9509981006060717,6.953964430523606,-2.4350427298955064,0.0,0.0,4.840431681801765,1012.9334429287545,0.9904126800758792,nan,nan,nan,nan,69.24684429529833,0.26424651040287017,4.763821289460495,124.58271358298205,134.54933066962062,806201099,0.11827081035911965,0.604609802481607,1.4110589291230868,clean,4.085231151134888,1.095672807719395,0.6492641271935752,4.9738406167181015,0.0,0.0,0.010569860416114804,0.0,0.0,-1.6700000000000013,-1.9637371205476855,0.0,-1.4451852686409883,0.0,0.0,-8.802732256866037,0.0,1.23574225179598,-11.599686291086286,-8.118551147141416,-1.4726323179775218,0.0,0.0,-60.0,28931
-88.05012841223162,10.091889779932885,30.303202937821393,0.6534653820990783,-2.9189011753292844,-3.010950142508807,14.937685021480263,0.6765410173357579,0.1748017220344309,0.0,False,RUNWAY_EXCURSION,171,17.099999999999028,1,751557.9258884764,1326.5240827172418,4659.479808698109,346.49160495046635,dry,0.9540687487286212,1.4672227206080821,1.3205779020749104,0.0,0.0,4.233929263857925,1012.4672365606597,0.9896860713218751,nan,nan,nan,nan,62.655734344574334,0.1748017220344309,3.3368776840128866,131.11979957247559,141.60938353827365,666239354,0.09558277608979963,0.7868378945397695,2.0055775395191238,clean,3.8428766686191755,1.3324901212187221,0.5686679264530261,5.052083038473474,0.0,0.0,0.0069920688813772365,0.0,0.0,-1.7100000000000013,-1.9350785472759622,0.0,-2.1841648185899487,0.0,0.0,-8.106261240400373,0.0,2.1509953289183095,-12.10296797211445,-11.431713116209375,-3.5340478702055944,0.0,0.0,-60.0,29102
-87.51304595952826,8.736800237842418,30.536535595868816,0.5034094978920656,-2.6603973628202957,-2.7279751256023617,21.200212631663838,0.6692526152259425,0.15646701840262267,0.0,False,RUNWAY_EXCURSION,152,15.199999999999138,1,692411.7076352672,1330.8616762424801,4536.818725989041,227.65906743099112,dry,0.9675054611202732,6.04606313192653,1.019461967554332,0.0,0.0,0.10412891590940632,1012.1814242252475,0.9929825549835168,nan,nan,nan,nan,55.77488709127314,0.15646701840262267,2.6721215517375008,124.98030364380689,134.97872793531144,908297867,0.0735526888461502,1.0212491008455566,1.9252272135823039,clean,3.0084878976100984,1.1642049228944449,0.38753042842733815,4.251357426304995,0.0,0.0,0.006258680736104907,0.0,0.0,-1.5200000000000011,-1.2891572351318252,0.0,-3.8180343408273476,0.0,0.0,-7.2664833774937145,0.0,1.8318314017185104,-10.6056789959387,-10.791541962999991,-2.871820804828169,0.0,0.0,-60.0,29254
-85.23765114810935,8.516746984685366,30.487834780004267,0.5156181442731235,-2.6977250254083707,-2.7416859003680356,20.674651362322308,0.6555114129399939,0.1854458269274346,0.0,False,RUNWAY_EXCURSION,153,15.299999999999132,1,678135.5116147022,1325.3674877133153,4416.194167296779,284.2870130478178,dry,0.95291269803912,4.028182510659616,-3.1492075490138465,0.0,0.0,4.75450374823229,1011.8099513989832,0.9914719135423814,nan,nan,nan,nan,62.33489196236609,0.1854458269274346,4.26568373220519,124.70175983782795,134.6779006248542,1043323488,0.05842572848542863,1.1414168377149303,1.95037005292881,clean,3.189498459917297,1.2211932058807875,0.5323267241368449,4.413777263967623,0.0,0.0,0.0074178330770973844,0.0,0.0,-1.5300000000000011,-1.2330946464195038,0.0,-3.2521524319029935,0.0,0.0,-7.189810192095051,0.0,2.054807290796177,-9.944225557074198,-10.537777092373124,-2.96961200602031,0.0,0.0,-60.0,29407
-86.66647908635215,8.59526684915772,31.048496595256548,0.5216404666100487,-2.8096939578788405,-2.8565775844083534,21.90376412557439,0.6396232230688933,0.18156212100814173,0.0,False,RUNWAY_EXCURSION,155,15.49999999999912,1,711888.9322176382,1325.0000870708345,4293.99183341779,122.02315751127763,dry,0.9662193544056641,6.940600771025348,2.36610018952746,0.0,0.0,-2.9974223334959325,1014.6563586544809,0.9960241627878273,nan,nan,nan,nan,63.190116792181286,0.18156212100814173,4.315044546130036,125.88850263264452,135.9595828432561,1543657888,0.05183617047379597,1.1725270334036075,1.9739334745707917,clean,3.2126098080170893,1.2917463332313817,0.47635128313537717,4.474764499581138,0.0,0.0,0.00726248484032567,0.0,0.0,-1.5500000000000012,-1.2723538769195115,0.0,-3.6597979437705632,0.0,0.0,-7.060363980491049,0.0,1.9604465279377732,-10.481946101512312,-10.977635374918519,-3.087562745483294,0.0,0.0,-60.0,29562
-86.64157927958516,9.224585175275786,30.37098591232022,0.4641165084023736,-2.802767451736213,-2.8435498709340554,17.482261794907778,0.7229966777257432,0.17188530310431815,0.0,False,RUNWAY_EXCURSION,156,15.599999999999115,1,717039.3320395569,1326.510858942658,4320.814245689384,82.81643229202373,dry,0.9705078649633084,7.841228015846595,-0.03304078452797565,0.0,0.0,-0.28098607690312694,1015.7383283810562,0.9972020775090027,nan,nan,nan,nan,61.71759790759783,0.17188530310431815,4.228659990055554,126.87580663565679,137.02587116650935,1910160578,0.08441013453043594,0.9250516556488241,1.6279770690445674,clean,3.211961805149654,0.8349077892246425,0.5408000079964006,4.507332697503831,0.0,0.0,0.006875412124172726,0.0,0.0,-1.5600000000000012,-1.4749448420359086,0.0,-2.567608944150277,0.0,0.0,-8.197626205942358,0.0,0.5278427876007453,-10.218544096401041,-10.284965847338237,-1.9676098433167801,0.0,0.0,-60.0,29718
-85.32633792256686,9.0207792791199,30.698759245485505,0.48878686881359357,-2.6943071412837454,-2.7411268611464386,17.264664390676273,0.7265636822853372,0.19411047566597972,0.0,False,RUNWAY_EXCURSION,157,15.69999999999911,1,689279.7796377242,1327.2911945246458,4231.608004162786,282.6463351945323,dry,0.9613737140698749,4.583583300611018,3.187700705784547,0.0,0.0,1.457100746035767,1014.5555140473713,0.9914193234207404,nan,nan,nan,nan,61.58261890979396,0.19411047566597972,3.7597541031270687,124.84330335769852,134.8307676263144,156652360,0.08783880347219411,0.905222496039863,1.730312791906405,clean,3.3117193118341595,1.1401633720576307,0.5466501646477112,4.567405397473301,0.0,0.0,0.007764419026639188,0.0,0.0,-1.5700000000000012,-1.41953222577867,0.0,-2.7933896625974093,0.0,0.0,-8.284619249693387,0.0,1.691700722119671,-10.332215394099057,-9.884078746433252,-2.3079060311241917,0.0,0.0,-60.0,29875
-90.03682593039633,9.313517289461897,30.888965126415826,0.8104393168813631,-2.8744616107979692,-2.9825025815737884,22.05211136928375,0.7527738573968923,0.11557798781288398,0.0,False,RUNWAY_EXCURSION,156,15.599999999999115,1,755042.1971810767,1329.6313280247666,4300.1366505431615,85.49065172561804,dry,0.9851288110935857,0.2683180560884635,-2.1405407173164868,0.0,0.0,-0.7342769776288627,1014.816477696131,0.9971406238138809,nan,nan,nan,nan,56.26929469147632,0.11557798781288398,3.622930072349231,130.15111863309082,140.5632081237381,2005843176,0.06028832667769642,1.0697944159066215,2.0057452056552303,clean,2.9588654668705425,0.7176310577152063,0.4768743327271281,4.458632708715911,0.0,0.0,0.004623119512515359,0.0,0.0,-1.5600000000000012,-1.5035211412191656,0.0,-3.259460472021781,0.0,0.0,-8.67829130770335,0.0,0.3391894163233019,-10.157752103498403,-10.557074174369582,-3.2765428334486617,0.0,0.0,-60.0,30031
-85.62030191673395,9.224166660981767,30.314551475953333,0.41023702813480006,-2.894777671325581,-2.9579025521728277,14.018307004815249,0.8107261588984683,0.2092082903338337,0.0,False,RUNWAY_EXCURSION,172,17.199999999999022,1,722144.4775150127,1322.2594813939763,4558.695728887509,197.47931532132833,dry,0.9556243814320149,5.528531092577532,-1.101757820278657,0.0,0.0,1.4222839608240827,1014.5360442843088,0.9938904732588792,nan,nan,nan,nan,64.11771421362575,0.2092082903338337,3.493636860092124,127.77844232410477,138.00071771003317,1141051469,0.1285101863144631,0.6628548411201067,1.3436775509996564,clean,4.015654296459383,1.5236936792089775,0.6579244742574989,5.1342903437719025,0.0,0.0,0.008368331613353347,0.0,0.0,-1.7200000000000013,-1.6260736779339573,0.0,-2.0603608315880826,0.0,0.0,-10.367849294905334,0.0,2.3734828494359097,-12.290307482429132,-9.99904638925116,-1.2700782153733172,0.0,0.0,-60.0,30203
-86.15824464014264,8.890238535633793,30.420573380246413,0.5221554037754627,-2.7419927886643083,-2.8098782838646827,16.637707304081992,0.7776852548710225,0.16944966906362424,0.0,False,RUNWAY_EXCURSION,169,16.89999999999904,1,708649.7375169736,1328.9298140913827,4798.66701114718,274.6376042830458,dry,0.9829874280888286,2.2398552417370716,1.3807382680959797,0.0,0.0,-0.37468029856358065,1011.9861144058351,0.9916060949195074,nan,nan,nan,nan,61.324119876775,0.16944966906362424,3.8852968570217428,126.34442936538913,136.45198371462027,768359333,0.10948352110513777,0.7963676136115238,1.593089366016839,clean,3.5816565126802,1.3010104551957289,0.6992587825244189,5.027728955756185,0.0,0.0,0.00677798676254497,0.0,0.0,-1.6900000000000013,-1.484126851806568,0.0,-2.592116185148452,0.0,0.0,-9.725305037983548,0.0,1.924751012427471,-10.969724459597254,-10.245444415047638,-1.992711395905734,0.0,0.0,-60.0,30372
-87.87697398218494,8.815106383586258,30.309093500127297,0.4787938812879346,-2.65903678519492,-2.743746809531352,18.083680612864356,0.7426480208712866,0.13255092788335787,0.0,False,RUNWAY_EXCURSION,164,16.399999999999068,1,692670.97993088,1330.9123520840117,4432.8737152098765,271.85679630606353,dry,0.9562507560276776,5.53996396362506,2.940870062444846,0.0,0.0,3.8534469640705025,1014.6274266692261,0.9918141019912041,nan,nan,nan,nan,58.24148439358754,0.13255092788335787,3.85308120347025,125.66229117397249,135.7152744678903,1444696807,0.09982878820845023,0.8621992133262398,1.5912150436327983,clean,3.2705165433479193,1.2192027903304292,0.5484494731287445,4.807635953215703,0.0,0.0,0.005302037115334315,0.0,0.0,-1.6400000000000012,-1.4159778323162984,0.0,-3.1527185524041763,0.0,0.0,-8.969702553171272,0.0,1.9716101086155082,-11.175394571533946,-11.403025161709984,-1.9428722168029313,0.0,0.0,-60.0,30536
-87.85865294917123,8.365365520135223,30.847473917381866,0.639646494681555,-2.8105548693083637,-2.8632287209033835,22.70732504646337,0.7500298939843363,0.1739585509129853,0.0,False,RUNWAY_EXCURSION,163,16.299999999999073,1,713051.5142395425,1324.456294632415,4387.891964329022,87.02415714705192,dry,0.9800222543772142,0.9585149624643501,1.7470897356203974,0.0,0.0,2.1937397479581495,1015.0205756439788,0.9971152698953824,nan,nan,nan,nan,62.53604114839939,0.1739585509129853,4.401467979546503,127.11009715097514,137.27890492305315,1227350964,0.049893134104805496,1.2056471682368572,2.0699663177115606,clean,3.468247406010859,1.4355508128985484,0.6551523626057204,4.787767171454046,0.0,0.0,0.006958342036519411,0.0,0.0,-1.6300000000000012,-1.2674036073923511,0.0,-3.3145593243554234,0.0,0.0,-9.062090573728893,0.0,2.4658915237846077,-10.599810763856421,-11.097541864418844,-3.7068144342096043,0.0,0.0,-60.0,30699
-90.25452972309336,8.877879626865676,30.602719731583843,0.6350637620957578,-2.7792033849432887,-2.8294077266232907,21.78825530487048,0.7528386617579114,0.13120475356950578,0.0,False,RUNWAY_EXCURSION,164,16.399999999999068,1,704194.8216861045,1324.9046194064376,4284.159792169636,178.73622633377673,dry,0.9587261016796517,5.387305703044686,1.6406363182375077,0.0,0.0,1.8331485851017986,1011.6298555488125,0.994439028003539,nan,nan,nan,nan,58.438872510779646,0.13120475356950578,4.111150072435699,126.45114388104999,136.56723539153398,546762614,0.06397286200871971,1.0772022016343823,1.8679972742673896,clean,3.361467184231963,1.1658164877983805,0.4722876356128666,4.832700053440041,0.0,0.0,0.00524819014278023,0.0,0.0,-1.6400000000000012,-1.4362162726372363,0.0,-3.0952103454928626,0.0,0.0,-9.169610245638177,0.0,1.7829529696328927,-12.058489129791056,-11.543366207146391,-2.932110043246574,0.0,0.0,-60.0,30863
-89.700689151201,8.87293764467172,31.03784744601488,0.7712187582831628,-2.9259922548529143,-2.987358898039781,22.721038490315575,0.7604046673292204,0.09223300483066055,0.0,False,RUNWAY_EXCURSION,168,16.799999999999045,1,752896.2583488004,1326.2187797529093,4406.4863373876,179.20613158085231,dry,0.9844620625915577,5.31783903154128,-0.24884165868291452,0.0,0.0,1.040698928465229,1014.5485885028426,0.9944373474441025,nan,nan,nan,nan,55.43879750356258,0.09223300483066055,3.0221786535820883,130.38393728583964,140.81465226870682,691209253,0.06609730914761977,1.047866563746846,2.001056797354824,clean,3.3473222179884763,1.1856601809122251,0.6703446220346354,4.943303649538578,0.0,0.0,0.0036893201932264212,0.0,0.0,-1.6800000000000013,-1.4696084189963403,0.0,-3.443174496520871,0.0,0.0,-9.435678686817221,0.0,1.4921674448787146,-10.733469337805506,-11.04121710443484,-3.5400285421720734,0.0,0.0,-60.0,31031
-93.78345187832412,9.500942558749298,30.451939909720075,0.4505140948391482,-2.724448621603704,-90.0,20.853615818016497,0.8001947599577368,0.005394787618115515,0.0,False,RUNWAY_EXCURSION,193,19.299999999998903,1,703215.5871729474,1328.945166793078,4282.337494364736,413.1496241203308,dry,0.9879310678052848,4.9203356784946015,3.6766346982982543,0.0,0.0,3.236835522265861,1013.3769891345161,0.9877373500351054,nan,nan,nan,nan,45.23206020574517,0.005394787618115515,2.1561942776593224,126.55941996342133,136.68417356049505,1545136976,0.11557738971853328,0.7071709631293052,1.486450528874634,clean,3.7149112077545503,1.3852950210488328,0.6070121685371886,4.8018279298851025,0.0,0.0,0.0002157915047246206,0.0,0.0,-1.9300000000000015,-1.9357451704886843,0.0,-3.43296551987803,0.0,0.0,-11.616302419259691,0.0,2.1856616072808763,-15.463364852685563,-10.170480684636868,-1.9295169573865738,0.0,0.0,-60.0,31224
-115.56267243246378,14.587956500518919,30.089510951998165,0.1313950898277723,-2.9578264817404243,-90.0,7.819795414617567,0.8074699960294226,0.0,0.0,False,RUNWAY_EXCURSION,560,55.999999999996824,1,755860.4058432658,1324.9599320800357,4623.709413720035,428.6473733584243,dry,0.9875200920009894,4.4338579660844735,-0.5630500035292361,0.0,0.0,-0.5969034113348917,1015.1839587794049,0.9871496771526043,nan,nan,nan,nan,20.935162804592633,-0.14353339843086133,-0.014958752686347054,130.22915912723462,140.6474918574134,1276249595,0.08159917663700521,0.14859345674111973,0.5179855330097742,clean,11.194182850530378,1.4008663528178442,5.978745002990474,2.8491086697423365,0.0,0.0,0.0,0.0,0.0,-5.599999999999925,-13.24141621357534,0.0,-0.3301143951385415,0.0,0.0,-33.57857009026073,0.0,1.0480522040694231,-21.923421859095196,-3.1855564249247923,-0.17454852961954773,0.0,0.0,-60.0,31784
-90.76543051682144,11.003869236084853,30.480994136772658,0.26121162352910726,-2.7271848579440676,-2.7770922405904597,13.234053253231094,0.8179873375319788,0.1172927883170729,0.0,False,RUNWAY_EXCURSION,197,19.69999999999888,1,688534.0930928622,1325.850554217637,4749.969478853962,55.44829731352624,dry,0.9535378349492301,2.1555534219461245,1.4636343216585552,0.0,0.0,-2.2398586516491736,1013.556873001379,0.9979843884005093,nan,nan,nan,nan,53.60108892334815,0.1172927883170729,1.8254391279851134,124.03785020395327,133.96087822026954,1083230752,0.12160804277967235,0.48331070673760945,0.9167644840162158,clean,4.783798032448932,1.0238596763887113,0.8216741115025614,5.174981513092901,0.0,0.0,0.004691711532682918,0.0,0.0,-1.9700000000000015,-2.6504191353862625,0.0,-1.1883633108875842,0.0,0.0,-12.031779321417426,0.0,0.8708573085464404,-16.56840685508341,-8.480463492630724,-0.5558607549282638,0.0,0.0,-60.0,31981
-97.73216837731118,12.309733552682495,30.03042506338712,0.32116839284936854,-2.746667263683975,-90.0,10.455312286122494,0.8142941315058833,0.08183043524456934,0.0,False,RUNWAY_EXCURSION,262,26.199999999998518,1,702003.2669414985,1327.3878592400115,4753.419306165094,343.90727712893744,dry,0.9940486674598058,6.2291954923809145,-2.096856651447603,0.0,0.0,2.368686545368707,1015.3942738878745,0.9896848219384917,nan,nan,nan,nan,48.7326878517068,0.07881502634580784,0.6379911974270058,126.13628469575328,136.22718747141354,725658830,0.11337404828667971,0.34998150357795976,0.8744773180311703,clean,7.586629250775453,1.1927582945819832,2.626529075427747,5.357724457399182,0.0,0.0,0.0031526010538323146,0.0,0.0,-2.619999999999988,-4.4111932795739754,0.0,-0.3646214996489248,0.0,0.0,-15.97703172562443,0.0,0.7985225967700852,-25.2240235919885,-5.992861414427661,-0.7077531420559835,0.0,0.0,-60.0,32243
-100.5953009336007,14.333244566889537,30.182961732499898,0.3148728225222614,-2.7048867704541975,-2.8755149047474564,5.802042274832065,0.8463346301043622,0.14219032760846062,0.0,False,RUNWAY_EXCURSION,366,36.59999999999793,1,685684.4907675039,1326.606908637744,4500.766956401809,217.21206049259362,dry,0.9793106534378272,3.1909598358900935,-1.8535835883017162,0.0,0.0,1.5194997839174613,1010.3554740516234,0.9933289856751779,nan,nan,nan,nan,52.088074743561506,0.14219032760846062,0.12818761257314293,124.78926757087761,134.77240897654784,1633503581,0.08337917241575783,0.21258966743786703,0.49104578498565454,clean,13.2330564181431,0.9262745822726924,6.21519993103242,5.641885794510298,0.0,0.0,0.005687613104338423,0.0,0.0,-3.659999999999966,-8.354637259113579,0.0,-0.10832054322634668,0.0,0.0,-23.36062128499964,0.0,0.4529315739413477,-26.35986964197014,-5.11423104141473,-0.11265707588042106,0.0,0.0,-60.0,32609
-98.0435788299464,14.037306044125181,30.283482612443528,0.31810099980303874,-2.598712734496187,-2.6052649041564724,4.994107905554146,0.8548972706707906,0.4440932068545749,0.0,False,RUNWAY_EXCURSION,421,42.099999999997614,1,718032.498876147,1328.925691037837,4343.874871181526,128.42763148164295,dry,0.9746187088924032,2.850379887303194,2.2302700631751162,0.0,0.0,1.6619776716559684,1010.8925003571745,0.9959030736179195,nan,nan,nan,nan,74.0499356901778,0.4440932068545749,0.7711792858627575,127.69635940461531,137.91206815698453,840995399,0.08630787612490305,0.2494365421904499,0.500201834726035,clean,19.52103205865231,1.9816934299148705,7.84597874767681,8.29403490426983,0.0,0.0,0.017763728274183002,0.0,0.0,-4.209999999999955,-9.217372174564277,0.0,-0.07253010512848454,0.0,0.0,-27.223743904588066,0.0,2.7865060699389628,-29.364603172263536,-8.326194688952267,-0.07614372317673737,0.0,0.0,-60.0,33030
-100.63770392244749,13.654110707156745,30.140675368008644,0.2708142286302944,-3.0004577152955707,-90.0,5.3402975887859645,0.8624327386366326,0.04211414081181175,0.0,False,RUNWAY_EXCURSION,283,28.2999999999984,1,760851.892995861,1323.4195762655413,4713.440556930882,47.63976204664433,dry,0.9658639867816843,5.595596481790173,-0.3107736167297728,0.0,0.0,-2.693210077891959,1014.8270988248664,0.9982421066056346,nan,nan,nan,nan,45.060954810974295,0.030498187771762275,-0.11147480332535764,130.20420523090286,140.6205416493751,704750836,0.09599595584959429,0.19793895251879193,0.5210726094233402,clean,8.450905539541901,1.391045496591629,3.048284979571738,4.685724375673618,0.0,0.0,0.0012199275108704909,0.0,0.0,-2.8299999999999836,-5.862336799392418,0.0,-0.18297782629439832,0.0,0.0,-18.493593384676753,0.0,1.7706550444344566,-29.137058746534773,-3.3736246448145994,-0.10594788405874517,0.0,0.0,-60.0,33313
-88.34069647522082,11.46278744417832,30.33924533051396,0.4404581942908654,-2.832647372090634,-2.9779788575106045,8.593712852203746,0.8450549553848251,0.16713809037349847,0.0,False,RUNWAY_EXCURSION,236,23.59999999999866,1,713968.0778300746,1324.4001139585278,4653.819704425743,304.6718670890094,dry,0.9588077499666064,1.9309523465043492,-3.795132955227915,0.0,0.0,-2.3358822658258926,1010.079951361703,0.9906697086332044,nan,nan,nan,nan,55.03312782903263,0.16364895595683038,0.03457269707068278,126.50396779089373,136.62428521416524,1911849612,0.13485159946718717,0.2605425251750801,0.5937864653916228,clean,7.2743615561163955,1.8944476680135285,1.8409727176273691,5.188490235397535,0.0,0.0,0.006545958238273217,0.0,0.0,-2.3599999999999937,-3.445481894859697,0.0,-0.42889471858327244,0.0,0.0,-14.990666151045717,0.0,2.964329490712209,-20.909196112386827,-5.2114904079762345,-0.16411481647437656,0.0,0.0,-60.0,33549
-86.60614705251291,11.317896765213986,30.424619097597855,0.5596901536829281,-2.8116857523280365,-2.882739667880116,9.102063263959051,0.8245890034449769,0.2729051876032429,0.0,False,RUNWAY_EXCURSION,221,22.099999999998744,1,720122.0629787603,1326.870635756092,4346.406014083398,117.99015784109301,dry,0.9601107447170614,3.4074232332981733,-2.732460030805322,0.0,0.0,2.655029988687888,1010.4890042821443,0.9962156638250872,nan,nan,nan,nan,63.00680333715679,0.2714723197598232,-0.1554650921700329,128.1265129586354,138.37663399532624,566779217,0.13312719879856036,0.3124286882365149,0.6455721338344208,clean,7.230583298978125,1.5479698859517472,1.8256969357218034,5.522249446211392,0.0,0.0,0.010858892790392935,0.0,0.0,-2.209999999999997,-3.1454386631730116,0.0,-0.3398985823896869,0.0,0.0,-13.564432963667956,0.0,1.8852019977091767,-19.230172325496845,-5.877602500050217,-0.26116247509783685,0.0,0.0,-60.0,33770
-85.59261808069618,11.373402233104862,30.145810720244512,0.4703351476534516,-2.7795426223009145,-2.827177180736568,7.52130102975098,0.8280024116194005,0.28100973348750813,0.0,False,RUNWAY_EXCURSION,226,22.599999999998715,1,701514.3838577465,1325.1072428735424,4210.995974395411,127.89858407970527,dry,0.9689365571913368,4.804030676715858,-2.4763109233600593,0.0,0.0,-2.879059687818798,1010.3179180481688,0.9958519467447408,nan,nan,nan,nan,62.78722741957341,0.2767830119170469,-0.272162568629728,125.26184854402119,135.2827964275429,487817217,0.13626676199262827,0.29077457570741416,0.5435732125787684,clean,7.724647403091617,1.9817854463730102,2.000205774845081,5.258610628615181,0.0,0.0,0.011071320476681877,0.0,0.0,-2.259999999999996,-3.248229656494977,0.0,-0.3016382207171756,0.0,0.0,-14.063071211692755,0.0,3.2663555232472197,-19.399625880959192,-6.4375897225417,-0.12513948493918473,0.0,0.0,-60.0,33996
-88.43639572079411,12.191758129026805,30.095523359636527,0.27981583093409507,-2.7458345348448616,-2.867153639785789,6.668677977022408,0.8486982450033456,0.20081658028907157,0.0,False,RUNWAY_EXCURSION,241,24.099999999998637,1,718632.0369637269,1330.5530716759756,4736.1393299475585,104.01688075209908,dry,0.9825877456291,2.816251826859083,-0.5307283937911174,0.0,0.0,0.005498464369133593,1015.2548018895261,0.9965977706260554,nan,nan,nan,nan,57.48507718080699,0.20038556883451974,-0.04512272337828804,127.11008342389023,137.27889009780145,1533673821,0.12315137214262789,0.23569442940647223,0.5544899494415931,clean,7.685380078673883,1.6623115772182566,2.2166221297526363,5.522328652997309,0.0,0.0,0.008015422753380786,0.0,0.0,-2.4099999999999926,-3.980221208075842,0.0,-0.2356240169467211,0.0,0.0,-15.438376863448577,0.0,2.228925329769781,-21.19633027444832,-4.387524726780321,-0.1119018222596037,0.0,0.0,-60.0,34237
-90.73293165711215,11.88857683009001,30.22468963263518,0.6799597209319552,-2.6597876262983604,-2.6830873096648933,8.770984702117381,0.850890077435921,0.2958713711301897,0.0,False,RUNWAY_EXCURSION,243,24.299999999998626,1,675018.5966352941,1327.4741907676814,4386.224976845017,43.89071065672756,dry,0.9933808183820633,3.0671604476790595,3.3749988639721513,0.0,0.0,0.5753653963704899,1012.2405811701526,0.9983269102190699,nan,nan,nan,nan,63.16643698431338,0.2939366238505059,-0.18728079296309375,123.4978092653369,133.37763400656385,1338284201,0.12017932854267532,0.34794150737721835,0.7698854810779846,clean,8.297606865558215,1.7382923911980932,2.3228829070654653,6.1575289173694765,0.0,0.0,0.011757464954020238,0.0,0.0,-2.429999999999992,-3.8161329942137323,0.0,-0.2464433194776887,0.0,0.0,-15.652628284782685,0.0,2.6568951441187134,-22.86944215387998,-6.451238439451456,-0.45201015557059737,0.0,0.0,-60.0,34480
-88.59316939580513,12.606283857661328,30.028358999582988,0.12823374340971902,-2.682595089754592,-2.789944164296402,6.2431082016848425,0.8564065782515498,0.19624877655886053,0.0,False,RUNWAY_EXCURSION,222,22.199999999998738,1,684738.6554046923,1327.840957622867,4328.563735683623,209.8072803261214,dry,0.9589153569659667,7.529903486153636,-0.9764330922205309,0.0,0.0,1.7991704467294767,1015.9051865149521,0.9935468954899979,nan,nan,nan,nan,57.93580562062008,0.19624877655886053,0.9178044276392328,124.42210843603985,134.37587711092306,104252791,0.114663455607769,0.2454004105290957,0.530551128834516,clean,6.581711873548015,1.0715856880495755,1.698165051754963,5.511772719658017,0.0,0.0,0.00784995106235442,0.0,0.0,-2.2199999999999966,-3.9199870199316695,0.0,-0.31797963804642165,0.0,0.0,-14.386869227348422,0.0,0.5590909855613868,-18.87955828810113,-4.196326380432955,-0.10262511157886688,0.0,0.0,-60.0,34702
-104.12121783747992,15.16378498173371,30.087216430923522,0.4040941976715342,-2.9745645257206794,-3.112950405082732,4.20088007840099,0.8970753564806042,0.278539307986307,0.0,False,RUNWAY_EXCURSION,334,33.39999999999811,1,766967.6964808232,1326.1243999359035,4642.360388857939,80.06030045969781,dry,0.9825938632586607,5.5761892657285355,1.2905222257499829,0.0,0.0,4.243407572555348,1011.514928719562,0.9973391799441313,nan,nan,nan,nan,63.86860399695568,0.27229285117088864,-0.3462609306232167,132.5216893000708,143.12342444407645,180421576,0.0696674669461204,0.24694646794785585,0.5225925665929779,clean,13.164441575658751,1.135310046033066,5.32273847520741,7.3445222223101165,0.0,0.0,0.010891714046835543,0.0,0.0,-3.3399999999999728,-8.533342804525821,0.0,-0.020503319159398507,0.0,0.0,-23.0999875017723,0.0,0.5778037648701465,-29.93101409125676,-6.64746213595209,-0.10461578293981535,0.0,0.0,-60.0,35036
-89.67457844317414,11.115361814333284,30.23062354773837,0.559166439337845,-2.849724915026631,-3.011520272223198,10.663597678985523,0.832710489022488,0.11669768007527637,0.0,False,RUNWAY_EXCURSION,196,19.599999999998886,1,724709.8807329271,1325.5079081328408,4516.88200112384,284.15515226880007,dry,0.9892532601547147,0.9553669003214917,-0.366013422047915,0.0,0.0,-2.5342357858461373,1011.5674944975477,0.9912647690918129,nan,nan,nan,nan,50.274709716179956,0.11473076035542817,0.02748728657987698,127.31410836712365,137.49923703649355,809899613,0.13487862539103426,0.35940143262041746,0.8573291800177912,clean,5.048166349965397,0.796245330406866,1.0485469430217165,4.215844691715704,0.0,0.0,0.004589230414217124,0.0,0.0,-1.9600000000000015,-2.6906720644059496,0.0,-0.9535881491243696,0.0,0.0,-12.327481821115153,0.0,0.28377920925972827,-16.31670677276399,-6.284927828703604,-0.5383735618446933,0.0,0.0,-60.0,35232
-90.10384009581126,10.515950760642431,30.389782334165407,0.6156359850578297,-2.9497062190197854,-3.0681518482253147,11.630140812512828,0.8296071376832481,0.19172503743271818,0.0,False,RUNWAY_EXCURSION,199,19.89999999999887,1,737718.3599289536,1322.0274338195566,4736.259501629334,284.6040693892942,dry,0.9682344805955111,7.479890619595422,1.839128738996139,0.0,0.0,4.306090032124774,1012.2988067867363,0.9914585728064639,nan,nan,nan,nan,57.45504014264796,0.19172503743271818,0.09997962997813303,129.93377475333617,140.32847673360308,1788089690,0.14099160801643587,0.40496934331427376,0.8137975611040985,clean,5.3643793390434364,1.1544079633447777,0.9785023684745794,4.969761881708936,0.0,0.0,0.007669001497308728,0.0,0.0,-1.9900000000000015,-2.4451620955167743,0.0,-0.8570012868988264,0.0,0.0,-12.42235043941791,0.0,1.2325222955858037,-16.681256159762924,-9.006534762498887,-0.408778201370804,0.0,0.0,-60.0,35431
-84.58267710316944,12.157274204204064,30.009464161247834,0.3978250308602388,-2.306803348553231,-2.32726036887655,4.878541800499211,0.8585829400117435,0.6509816593416531,0.0,False,RUNWAY_EXCURSION,252,25.199999999998575,1,674576.0620100849,1324.1899983195622,4420.607175647359,472.57020430898484,dry,0.9918833330205609,3.3015541978062073,1.26396924043422,0.0,0.0,3.6777069727112375,1014.5341741397316,0.9860376384733323,nan,nan,nan,nan,81.9607753421555,0.6492603859348947,-0.18780339475837238,123.9784410600024,133.8967163448026,860813095,0.12634037445308638,0.203383344332665,0.43133560892840744,clean,10.667103627057093,1.7464761441321746,3.370284382133469,7.134675609646586,0.0,0.0,0.025970415437395786,0.0,0.0,-2.5199999999999902,-4.138380850133758,0.0,-0.017476392194151986,0.0,0.0,-16.427957274639557,0.0,2.00230103010987,-23.165159123865337,-3.189059166207977,-0.0714555046452667,0.0,0.0,-60.0,35683
-85.76293438709203,11.131854332354711,30.328403425124623,0.4059037675557004,-2.6235186659786476,-2.6509100572946003,7.784423596944398,0.8554344341355801,0.4240434558900006,0.0,False,RUNWAY_EXCURSION,227,22.69999999999871,1,693616.6236588344,1324.7966911408316,4435.571218302177,468.75479490405706,dry,0.9680032425869578,7.870143243957923,-3.6078471174275237,0.0,0.0,2.2794396245634854,1012.2991400688071,0.9860901852816212,nan,nan,nan,nan,71.06985224666519,0.42109749304660227,-0.2499159378620952,125.55280455076493,135.59702891482613,1690280743,0.13942143965890616,0.2954416724289918,0.5979302449938342,clean,7.799317151826842,1.4063552610332275,2.2073528544904693,5.927948287848123,0.0,0.0,0.016843899721864092,0.0,0.0,-2.2699999999999956,-3.1254918954472797,0.0,-0.2081098723311234,0.0,0.0,-14.685110392024777,0.0,0.8068468130631294,-17.34787168288276,-6.119714114095441,-0.17130069829432096,0.0,0.0,-60.0,35910
-90.49410070157442,11.631004259957889,30.35412926540985,0.388329088643725,-2.7431917981619773,-2.8316808281717663,7.802613031691402,0.8747936590927511,0.24577025030595223,0.0,False,RUNWAY_EXCURSION,249,24.89999999999859,1,676868.1220563507,1322.2698822612829,4234.09169789328,359.056565917069,dry,0.9599193897921224,1.3929792679042858,3.1619806864591387,0.0,0.0,-2.2414622550494974,1010.8993544486353,0.9890817705899759,nan,nan,nan,nan,59.28302393584007,0.24101384190350927,-0.19590144573163215,123.14376291862398,132.9952639521139,679605935,0.13078672859894783,0.2657368993058725,0.5799061674692957,clean,7.896858167774777,1.512222679890676,2.3614144615525836,5.612121564025471,0.0,0.0,0.00964055367614037,0.0,0.0,-2.489999999999991,-3.742753862632721,0.0,-0.24219544822165978,0.0,0.0,-16.644009787559874,0.0,1.350113832568905,-20.11031593213138,-5.864990710238268,-0.1422062202790887,0.0,0.0,-60.0,36159
-89.36103301008298,11.66931299008623,30.06101068898147,0.1378418426935962,-2.979324772215937,-3.204157589816946,7.267742506505708,0.8863749814140424,0.0918112561524822,0.0,False,RUNWAY_EXCURSION,223,22.299999999998732,1,769173.6257121448,1326.266509087768,4347.051147598442,427.5513885607824,dry,0.9997612011966787,2.989355738020233,2.8126528546149383,0.0,0.0,2.5001213240091635,1011.2028223629871,0.9873043844909352,nan,nan,nan,nan,50.69265934971538,0.09163507761491019,0.2121711150303085,132.33633322945988,142.9232398878167,514041964,0.1341679901868347,0.2426905222293293,0.47532484084504023,clean,5.93517490574094,1.4793520229740986,1.1305315766118675,5.037783357802282,0.0,0.0,0.003665403104596408,0.0,0.0,-2.2299999999999964,-3.374061004701415,0.0,-0.6480923714896112,0.0,0.0,-15.162789536639472,0.0,2.2309404669489625,-19.40334663300028,-4.309150708601307,-0.05104048883367347,0.0,0.0,-60.0,36382
-85.87212364673329,11.010175353733402,30.22234432552939,0.2936118872577735,-2.696099872751106,-2.7434333929367574,8.738040330551513,0.8624462152256868,0.1985752521399604,0.0,False,RUNWAY_EXCURSION,207,20.699999999998823,1,685015.3904558193,1327.1580705221504,4466.7633019955265,355.9277074910419,dry,0.9580411166959342,3.32156874462215,1.2132577361872712,0.0,0.0,1.1091389413557398,1015.8838791162963,0.9892841259951701,nan,nan,nan,nan,56.42667982011059,0.19851539439554244,0.19159145757901896,124.30038160278421,134.24441213100695,1700138881,0.14333558023905205,0.2926434919693742,0.5636488423395096,clean,6.147961049588433,1.5812695372974914,1.3937188177634603,4.543173787683876,0.0,0.0,0.007940615775821697,0.0,0.0,-2.07,-2.7881511103590455,0.0,-0.6177219762735925,0.0,0.0,-13.55359720010083,0.0,2.1025661660126738,-16.53807311442754,-6.004206368540486,-0.07700385115353875,0.0,0.0,-60.0,36589
-89.36642391350111,12.090344259664167,30.03736024723792,0.46716587406568316,-2.4429139859611273,-2.4648881670108445,6.459244897210576,0.8625758093627811,0.5749309355236853,0.0,False,RUNWAY_EXCURSION,246,24.59999999999861,1,671744.0691840795,1322.219271893683,4446.044223020414,7.118592996624429,dry,0.9968650060854354,4.9400712438164005,3.2624131074522267,0.0,0.0,-0.382698330971432,1011.4307664779088,0.9993985028293674,nan,nan,nan,nan,78.99642318398502,0.5712752060498083,-0.5280341166284508,123.0425575443033,132.88596214784758,1882235552,0.11622667663436173,0.3661433927823811,0.7196468375635557,clean,9.840056199166371,2.106009274930951,2.829465597837184,6.756461523569906,0.0,0.0,0.02285100824199233,0.0,0.0,-2.4599999999999915,-3.9954889313366424,0.0,-0.12012338063130555,0.0,0.0,-16.147289456534306,0.0,3.3878631035346607,-21.89420681970869,-9.413720530325081,-0.2783015022461712,0.0,0.0,-60.0,36835
-93.73031223442356,13.83931943450759,30.038424326498472,0.12903267517459704,-2.836362013352156,-2.860132536827288,4.743665699932937,0.8933625335588392,0.4762411088053682,0.0,False,RUNWAY_EXCURSION,265,26.4999999999985,1,733338.6326220233,1325.4478919496867,4661.2662770960405,443.31189476769674,dry,0.9808643866004005,2.708404155876874,3.819667433833833,0.0,0.0,4.539592500417371,1015.851713482204,0.9869330345413705,nan,nan,nan,nan,76.93312553792605,0.4762411088053682,0.19477255765432133,129.37237492080573,139.7221649144702,170294837,0.09271412687885035,0.2135007669817135,0.5346940331646389,clean,10.380968673651223,1.0313171758586697,3.3668966804548024,7.347005517290585,0.0,0.0,0.01904964435221473,0.0,0.0,-2.6499999999999875,-5.639399115415552,0.0,-0.06348314244047622,0.0,0.0,-18.27906240309138,0.0,0.7221613503071627,-26.107887070615316,-3.730489818924376,-0.1273897258511383,0.0,0.0,-60.0,37100
-96.94435790554658,15.85957561060939,30.059793472508975,0.33437122321978185,-2.6884096640560955,-2.7002073451545807,7.833560759385879,0.891159152083533,0.4595813816742407,0.0,False,RUNWAY_EXCURSION,269,26.899999999998478,1,701563.4724782289,1330.9688942596922,4412.967615614786,364.6303778827167,dry,0.9939505882284984,1.0442405690534962,-0.9073142630211537,0.0,0.0,-1.6554306649675503,1014.2483128317901,0.9889246708782184,nan,nan,nan,nan,75.6302023826283,0.4595813816742407,0.7137152894533294,125.29112873726118,135.31441903624207,125773896,0.05578961230023698,0.36767999217218145,0.8284954289452301,clean,10.479785852552228,1.6936816268997081,3.1735239143630785,7.493921603806746,0.0,0.0,0.018383255266969628,0.0,0.0,-2.6899999999999866,-7.5178368077314595,0.0,-0.4571957891639989,0.0,0.0,-18.46989236155174,0.0,2.5711436387760744,-21.74983090313218,-10.956489106739213,-0.5335528288928415,0.0,0.0,-60.0,37369
-91.54536910377065,10.595354880465207,30.22626225435075,0.39684035582165994,-2.8955837564905997,-90.0,10.701780909926146,0.8587887635056392,0.08591389650371184,0.0,False,RUNWAY_EXCURSION,223,22.299999999998732,1,743794.8349569067,1326.4346120383218,4623.574208330857,375.349430270969,dry,0.9589814176221325,5.366618463660216,2.2055334176764863,0.0,0.0,4.475162092731593,1015.0160180226671,0.9888711738767408,nan,nan,nan,nan,48.65573451539375,0.08581333614819187,-0.03750709613521863,130.33070724289803,140.7571638223299,1441526998,0.14003379609333827,0.4132102166965651,0.9489039774421861,clean,4.791112486859031,1.497785793991135,0.8334214614200184,4.76309366058264,0.0,0.0,0.0034325334459276748,0.0,0.0,-2.2299999999999964,-2.7815916160653917,0.0,-1.36045642116083,0.0,0.0,-14.610715029274063,0.0,2.4235651748149265,-15.249334536241651,-8.925012170895792,-0.700670441246616,0.0,0.0,-60.0,37592
-93.54885540358289,10.289182476676714,30.30339258841366,0.15323521132191406,-2.9201089631252333,-3.1581464839281,8.449659178688659,0.9126820415983525,0.0963998519927145,0.0,False,RUNWAY_EXCURSION,274,27.39999999999845,1,766937.4416794571,1329.1865307642095,4715.487291266472,459.61905704354444,dry,0.9622971655168457,4.639809988343425,1.7726643886956204,0.0,0.0,2.561723218216512,1011.257031767495,0.9863930799148444,nan,nan,nan,nan,50.57764899444979,0.0963998519927145,0.6677243931672372,132.15428607383956,142.72662895974673,721805890,0.1639989091171152,0.22873333015101988,0.5230787119082912,clean,5.957681163277592,1.9521537285792014,1.2691881328959635,6.18648506407458,0.0,0.0,0.0038559940797085798,0.0,0.0,-2.7399999999999856,-3.2230704038342477,0.0,-0.9874436922925323,0.0,0.0,-19.383160102489594,0.0,2.9019004848686962,-20.749739124456113,-4.614565505064121,-0.12214114322198255,0.0,0.0,-60.0,37866
-86.92462508554243,8.913575296234988,30.430339232182757,0.4555596927285034,-2.52986461192281,-2.56901475622933,12.779389582766846,0.8612929606539573,0.3115613140471396,0.0,False,RUNWAY_EXCURSION,195,19.49999999999889,1,681607.7788927634,1330.9202232675993,4719.63678656845,74.00679308879576,dry,0.9917402604375702,6.63237648751956,-3.934472145043044,0.0,0.0,-0.9353757648203391,1015.4284106316819,0.99744738882574,nan,nan,nan,nan,72.24329469757558,0.3115613140471396,4.7921443271081365,123.57956887183738,133.4659343815844,1231901275,0.1392756654017006,0.6246098272849485,0.8942851697362476,clean,4.836465644131978,1.7244121253956877,0.9274540549572429,5.962467220582866,0.0,0.0,0.012462452561885584,0.0,0.0,-1.9500000000000015,-1.7214561988357644,0.0,-1.3343797398121457,0.0,0.0,-12.852372010922446,0.0,2.7772805402989738,-13.096793950441137,-11.700520871909355,-0.5096443515502428,0.0,0.0,-60.0,38061
-91.77869927077671,9.16683364456322,30.15030823274706,0.20186480127312872,-2.8524580703407496,-2.9007996271449366,9.78290908328756,0.8770063941389747,0.17699770898951783,0.0,False,RUNWAY_EXCURSION,259,25.899999999998535,1,732514.9345377103,1326.8501275512053,4460.368519099116,355.8355264290122,dry,0.9964057592135532,6.568689008614532,1.5498108793920173,0.0,0.0,-0.05113607208250137,1011.4311757382959,0.989261078264345,nan,nan,nan,nan,63.19118223779241,0.17699770898951783,4.061436971502808,128.5617080763834,138.8466447224941,322722697,0.18493024220757562,0.30672720036605533,0.5462989186445495,clean,4.795769449501716,1.420655887172012,0.7734560653535478,6.353122667615859,0.0,0.0,0.007079908359580715,0.0,0.0,-2.5899999999999888,-2.4182208131531016,0.0,-1.2525973481989192,0.0,0.0,-17.376718490737844,0.0,2.244390747008825,-16.14758044620096,-7.4615254930686765,-0.12653140442876928,0.0,0.0,-60.0,38320
-90.99602822883243,9.105908395982594,30.311500974315326,0.28875199371287785,-2.9166286870368077,-3.0204637293088488,10.027203989986113,0.9115409733179171,0.16287982176112337,0.0,False,RUNWAY_EXCURSION,257,25.699999999998546,1,762330.765420191,1328.7181321000905,4685.060420799664,175.42408355426664,dry,0.987727260254208,3.058219881933537,3.426041431995227,0.0,0.0,-0.026142659044313454,1011.6627894332931,0.9945091363286376,nan,nan,nan,nan,61.387790024879585,0.16287982176112337,3.4907103722877686,131.14273380783547,141.63415251246232,1846923786,0.18340517750412103,0.3148937221170244,0.5698322828816733,clean,5.284961742783939,1.891062454513607,1.0790409385788813,6.70754794003915,0.0,0.0,0.0065151928704449335,0.0,0.0,-2.569999999999989,-2.367757211446529,0.0,-1.2609622744641422,0.0,0.0,-18.10408026377759,0.0,3.007599358782377,-16.23114158171673,-8.320013583214612,-0.11880094178124859,0.0,0.0,-60.0,38577
-86.98920077890863,9.35859794305006,30.16165987088312,0.3288249564057926,-2.833565096439581,-2.8814307364615646,9.699264507724358,0.8788046441294933,0.28010989975337,0.0,False,RUNWAY_EXCURSION,220,21.99999999999875,1,739585.912260277,1329.2741199142097,4703.577696008215,193.53638504890858,dry,0.9700340799513126,4.413725774400499,1.0384402301711844,0.0,0.0,1.1329180045057043,1012.4147754942312,0.9940069338784863,nan,nan,nan,nan,69.14944499477174,0.28010989975337,3.5616302407473377,129.38301272970008,139.7336537480761,967096425,0.16712913475065547,0.41193941315840304,0.7846898822553942,clean,5.49042737522596,2.0089376651455884,1.1382521284066132,6.679073898341726,0.0,0.0,0.011204395990134801,0.0,0.0,-2.199999999999997,-2.1409264667917087,0.0,-1.0327643815711725,0.0,0.0,-14.843006968552386,0.0,2.9841562769136014,-15.040276658054228,-9.676278427926182,-0.36799961603658066,0.0,0.0,-60.0,38797
-92.83916197721972,9.948917024689198,30.094704769991026,0.16026782981543702,-2.948888568179586,-3.163884688741809,9.85918201994856,0.9224095917665038,0.05764562452648647,0.0,False,RUNWAY_EXCURSION,260,25.99999999999853,1,742092.9574569506,1323.0127472476534,4610.844479606427,243.29790536580435,dry,0.9766730127019615,2.573119407348429,0.976004612429203,0.0,0.0,2.0719448015864055,1015.758900380407,0.9925859450556157,nan,nan,nan,nan,50.21606246586826,0.05764562452648647,2.077835594697426,129.59843228929807,139.96630687244192,1921983830,0.1737960732380447,0.2368905244296604,0.5648966283533918,clean,4.916209703782224,1.650750397638349,0.8729879293467004,6.406862143545338,0.0,0.0,0.002305824981059459,0.0,0.0,-2.5999999999999885,-2.8594496656310167,0.0,-1.611186570530817,0.0,0.0,-18.65857709172511,0.0,2.6300203738837853,-18.696570168075688,-4.783700397014604,-0.10881445741995145,0.0,0.0,-60.0,39057
-91.97000069761407,9.981262631196765,30.303861824034747,0.20065799834900314,-2.9909393449089032,-3.106963022642553,7.815933848911771,0.9103190443582001,0.20932012556750124,0.0,False,RUNWAY_EXCURSION,264,26.399999999998506,1,749957.8752632914,1322.004119621045,4718.725478169605,423.8919947640924,dry,0.9634219129105506,0.5502834713396085,1.5129979369773499,0.0,0.0,2.844640907933784,1015.8229612941457,0.9874163014760847,nan,nan,nan,nan,62.295962089737706,0.20932012556750124,2.3073233249953695,130.45258970829917,140.8887968849631,1710093347,0.1676448444757928,0.27129759100981615,0.5610661711726992,clean,5.9460004351614035,1.6372941829351433,1.1729194964785639,6.8743696036670965,0.0,0.0,0.008372805022700049,0.0,0.0,-2.6399999999999877,-2.9223510422457992,0.0,-0.6986361111516579,0.0,0.0,-18.58694085669253,0.0,2.4740193415418625,-18.675722513238586,-6.382121866389923,-0.17720417270234856,0.0,0.0,-60.0,39321
-90.86292903645018,11.31405357926811,30.22339032625881,0.26447585892794584,-2.8766947807271714,-2.9912457962898378,9.025780970516495,0.8740630496323596,0.2285616947421545,0.0,False,RUNWAY_EXCURSION,205,20.499999999998835,1,758747.6755680687,1330.2980232786717,4459.599609983051,428.3094616156562,dry,0.9965395774156742,2.5350712185145117,-1.7591399564797388,0.0,0.0,4.865849604717316,1015.0924365671297,0.9873759518033759,nan,nan,nan,nan,62.46351549962535,0.2285616947421545,1.447073304612374,131.71712244503377,142.25449224063647,1514711733,0.12790635216825816,0.39037262648009524,0.8277506015070738,clean,5.179633747911234,1.1412463929918697,0.9203270585427259,6.005958913275791,0.0,0.0,0.00914246778968618,0.0,0.0,-2.0500000000000003,-2.9157334134314064,0.0,-0.7984483006585985,0.0,0.0,-13.816862923356375,0.0,1.2506081402578024,-15.352963810517068,-10.073547633504141,-0.36228967575174803,0.0,0.0,-60.0,39526
-84.63466733688838,8.842333987007956,30.37365062678615,0.43707566474241427,-2.47141221079313,-2.5093662989912615,12.26629591072866,0.8447973207310511,0.3336459223523889,0.0,False,RUNWAY_EXCURSION,185,18.49999999999895,1,672830.3966907475,1328.8067195928602,4685.938387885984,25.9069180368845,dry,0.9534597610359293,1.594348425974351,-0.12061753407014164,0.0,0.0,4.252660701784002,1011.2620743637026,0.9988675408538712,nan,nan,nan,nan,71.9281609702851,0.3336459223523889,4.8137908125697315,124.14018520581553,134.07140002228078,495300371,0.13640090584003564,0.6508838283596245,1.0132656897764447,clean,4.74955734784855,1.778249325964611,1.0299768483406762,5.678898848869815,0.0,0.0,0.013345836894095556,0.0,0.0,-1.8500000000000014,-1.607174556943585,0.0,-1.4167663979196028,0.0,0.0,-11.837602692445246,0.0,3.1359564929522383,-11.781908539984991,-11.849655052586021,-0.6775447978789415,0.0,0.0,-60.0,39711
-88.90665128387873,8.921959823124721,30.13030359753454,0.34554312520423147,-2.821662804513618,-2.8571803651843966,13.909029678935429,0.8725305209708503,0.17959983799369184,0.0,False,RUNWAY_EXCURSION,197,19.69999999999888,1,768461.8423971923,1331.5710850176747,4318.472145370864,398.0943665078766,dry,0.9926649778204408,2.470093534790104,-1.263695726265992,0.0,0.0,3.824080180268849,1012.0733072059002,0.9882037875125046,nan,nan,nan,nan,63.0497374391882,0.17959983799369184,3.844939371124436,132.51898630685784,143.12050521140648,1647140547,0.1491112825018673,0.584183914300417,0.97302062446995,clean,4.474245517005892,1.6316564877467425,0.8853689371891901,5.98274984176521,0.0,0.0,0.007183993519747673,0.0,0.0,-1.9700000000000015,-1.7423854795371092,0.0,-1.6663906349039026,0.0,0.0,-13.190834734186769,0.0,2.785468421894806,-13.131353214537027,-12.430130736365822,-0.5422296834697065,0.0,0.0,-60.0,39908
-81.86693054994879,9.09391848811296,30.25767362525876,0.32349420241120974,-2.572343664113961,-2.601949268802645,9.729978026588848,0.8642379072042976,0.4230229523514808,0.0,False,RUNWAY_EXCURSION,202,20.19999999999885,1,704118.6708306767,1329.2972458782936,4548.85605738813,24.597162144725903,dry,0.9691052580471526,1.9082154882560474,-3.6843072672371426,0.0,0.0,-1.3585385086108541,1014.1781289313914,0.9988942433291657,nan,nan,nan,nan,76.17904773230394,0.4230229523514808,3.812687355450244,125.58845151697224,135.63552763833002,111714892,0.1599046633702206,0.49128687504819785,0.8094352254483484,clean,6.108191005321198,2.2990160254802503,1.5091207231203292,6.324303777743724,0.0,0.0,0.01692091809405924,0.0,0.0,-2.020000000000001,-1.8561410445139366,0.0,-0.8275939143725497,0.0,0.0,-13.336268924198665,0.0,4.1570026691479445,-13.431489321704364,-10.479984297172198,-0.33000816689461404,0.0,0.0,-60.0,40110
-84.5370062482628,9.986304550511333,30.28087071949386,0.42528190452195,-2.7420395624656684,-2.804606594983135,10.917180092756757,0.8925541763372941,0.22839492572265385,0.0,False,RUNWAY_EXCURSION,189,18.899999999998926,1,718860.8866695495,1330.8668349841785,4592.47200393504,132.6499871754142,dry,0.9745021260677337,3.295839760627807,2.655810735629805,0.0,0.0,-1.6892244664178957,1012.3569417065123,0.9957311792176399,nan,nan,nan,nan,61.34920224255016,0.22839492572265385,1.3067375838109108,126.9372143385401,137.09219148562332,1224268756,0.14020172247653193,0.5028567263864698,1.033825787546236,clean,4.965792488028269,1.7418225909433422,1.058972235929792,5.33665413373238,0.0,0.0,0.009135797028906153,0.0,0.0,-1.8900000000000015,-2.0942518500868306,0.0,-1.22856240055667,0.0,0.0,-12.955679192426116,0.0,3.0038762534418493,-12.672631591036739,-9.122625069061707,-0.6895096441992898,0.0,0.0,-60.0,40299
-89.00352713920182,10.05805352382163,30.00571026524655,0.272273907229483,-2.9790679030053413,-3.1230720669130516,9.212053601613178,0.8921667961177228,0.20386691562714532,0.0,False,RUNWAY_EXCURSION,233,23.299999999998676,1,763338.3175945929,1325.1257926844728,4205.474436651497,411.9892525764352,dry,0.9982199193293049,5.078085127491985,-1.382984064811815,0.0,0.0,4.524409096258328,1013.9343430778523,0.9878394403974861,nan,nan,nan,nan,62.41309781142698,0.20386691562714532,2.1272956314693303,132.11337196400936,142.68244172113012,868768460,0.15886589764735962,0.3695916019921824,0.948249620656318,clean,5.55890404741719,1.8643350690051002,1.1437057832761122,6.859322360089712,0.0,0.0,0.008154676625085813,0.0,0.0,-2.3299999999999943,-2.619034964479795,0.0,-0.9868772627599481,0.0,0.0,-15.970044795557225,0.0,3.1479097227015815,-16.06626176754035,-8.908390781025245,-0.7052492269540689,0.0,0.0,-60.0,40532
-87.72706957947759,8.939754037211847,30.20733258714708,0.4268435161520164,-2.7321295825319805,-2.7959106041623225,11.40402918135536,0.9003043845182502,0.2593661407079395,0.0,False,RUNWAY_EXCURSION,219,21.899999999998755,1,692010.0511961655,1326.276081097665,4546.605955057403,31.76723166004436,dry,0.9784294817667639,7.598172920525497,3.99525531769657,0.0,0.0,0.6174601512303228,1013.0429376314441,0.9986905222247703,nan,nan,nan,nan,64.79906267714722,0.2593661407079395,2.3686991312129813,125.0020652427106,135.00223046212744,2140277469,0.15956784457464632,0.515719114696365,0.9656120420318539,clean,4.940367848562464,1.837699289452848,1.040042520577688,6.165299152891745,0.0,0.0,0.010374645628317582,0.0,0.0,-2.1899999999999973,-1.9447005879822405,0.0,-1.2853484078834168,0.0,0.0,-15.237313917084387,0.0,3.0969315428200366,-13.310132343927338,-10.143260925796666,-0.7070283967366763,0.0,0.0,-60.0,40751
-90.4154107919932,9.55885311876139,30.6858341240281,0.5643936525297697,-2.775880703018206,-2.8156783668985517,14.40681760173151,0.8640412049108498,0.14328891853472214,0.0,False,RUNWAY_EXCURSION,189,18.899999999998926,1,719630.6671089984,1326.6199772847929,4251.864165393989,452.0152960949606,dry,0.9511744928329405,0.3174454291636044,-0.1965178759334001,0.0,0.0,-1.6491784065746184,1014.8596256110106,0.9863903148565412,nan,nan,nan,nan,59.08212775994532,0.14328891853472214,3.934702483101482,126.85733008211608,137.0059164886854,426303516,0.1310128200960506,0.5923625018869589,1.0319099546740564,clean,4.035199788741863,1.170543820033082,0.7936723337327706,5.795131190045557,0.0,0.0,0.005731556741388885,0.0,0.0,-1.8900000000000015,-1.9188051318671415,0.0,-1.974209751957522,0.0,0.0,-12.40494868732891,0.0,1.1015192609134283,-12.82363317334367,-11.610639871463427,-0.6949721262406439,0.0,0.0,-60.0,40940
-85.93415518205217,8.645424305676007,30.717351754115608,0.6081018629503451,-2.5691151013048485,-2.6090129039684538,13.665912575777577,0.8643598540781355,0.2336024505444243,0.0,False,RUNWAY_EXCURSION,202,20.19999999999885,1,702575.6348769511,1330.1384692043848,4779.92838838452,241.83944192984475,dry,0.9663174309139206,6.395764059644156,1.4302916701461603,0.0,0.0,3.4951330182144016,1015.3352664458066,0.9926665197022497,nan,nan,nan,nan,66.24425306814567,0.2336024505444243,4.703798789303004,126.43577080290876,136.55063246714147,2032646511,0.14272055346524967,0.6152202212277164,1.0245177246815294,clean,4.837448890932488,2.0224785673327372,1.1792500122276728,6.228509960058919,0.0,0.0,0.009344098021776975,0.0,0.0,-2.020000000000001,-1.6775732230983387,0.0,-1.797910832523115,0.0,0.0,-13.377768093457469,0.0,3.5880292049184233,-12.289594444728637,-11.858574140166757,-0.7777951815698881,0.0,0.0,-60.0,41142
-87.76925081975467,9.450517325164224,30.567502462610292,0.4113746168386669,-2.792583075140884,-2.8282751506508177,11.614604283752831,0.9222456682323449,0.17689947829993002,0.0,False,RUNWAY_EXCURSION,207,20.699999999998823,1,693978.8218817533,1322.7412646689033,4260.131934561984,227.95271552112078,dry,0.9731943154726465,0.6084833265741629,-2.0344103985703765,0.0,0.0,1.0497357487633119,1014.7861854763744,0.9930045689340838,nan,nan,nan,nan,59.60245066220995,0.17689947829993002,2.747877285535214,125.16576801475857,135.17902945593926,194890680,0.1574725686380732,0.43550595736124836,0.8109191325128876,clean,5.096038330807758,1.9865481772805313,1.218461773966706,6.304619607616866,0.0,0.0,0.007075979131997201,0.0,0.0,-2.07,-2.05418238740427,0.0,-1.5049476635912025,0.0,0.0,-14.821478408864929,0.0,3.420082223100153,-14.156854011839815,-10.81474523780536,-0.3798692021531291,0.0,0.0,-60.0,41349
-87.59124927147822,10.65318573369998,30.329219577905366,0.4454446767203068,-2.6545679332027916,-2.673088319328275,10.023195875368264,0.896650124798741,0.2332795040017288,0.0,False,RUNWAY_EXCURSION,190,18.99999999999892,1,672530.3575154156,1326.571687542148,4201.3380350389625,129.8709062421432,dry,0.9705760285383254,1.9224606802164708,-2.750305545630629,0.0,0.0,0.4933479174575739,1013.6842871105528,0.9958226310944823,nan,nan,nan,nan,60.28953622389355,0.2332795040017288,1.8810332671815289,123.16467150952633,133.01784523028846,1338252684,0.1329612553584378,0.45497858200016694,0.9202034918787955,clean,4.807936425989484,1.0921542273921598,0.9928114583347983,5.605764298496921,0.0,0.0,0.009331180160069156,0.0,0.0,-1.9000000000000015,-2.395907732508295,0.0,-1.01137039902972,0.0,0.0,-13.111061758211763,0.0,0.6075446282907215,-13.191619652155604,-8.577985331656771,-0.5188466165802289,0.0,0.0,-60.0,41539
-90.18853544653956,9.851533202581656,30.260836583877758,0.2062910420113735,-2.7421081221808654,-2.836140150384656,10.392391009813288,0.9265777239499733,0.12797436468974865,0.0,False,RUNWAY_EXCURSION,228,22.799999999998704,1,675489.4297725705,1322.0902703229985,4293.626545945766,316.0475125113294,dry,0.9539519876787633,0.37012205636286843,1.0792021074118088,0.0,0.0,1.8253037807124004,1013.2925496322981,0.990473539355518,nan,nan,nan,nan,53.82897851316001,0.12797436468974865,2.1116804224356223,123.74371417002158,133.6432113036233,1246254308,0.1661310722875818,0.3216053345389548,0.7007016908102697,clean,4.802788596380645,1.5884722661318387,0.9403863674267228,6.429151563338536,0.0,0.0,0.005118974587589946,0.0,0.0,-2.2799999999999954,-2.458668563186409,0.0,-1.4717630487263809,0.0,0.0,-16.45502961922322,0.0,2.593954404605274,-15.896132369230441,-7.725888188691202,-0.2609258299525177,0.0,0.0,-60.0,41767
-82.66106706913887,9.337134693656111,30.168099310513007,0.42770856135966445,-2.653098654803296,-2.66854945207307,10.00050369577409,0.8525079586567025,0.3521870070856039,0.0,False,RUNWAY_EXCURSION,195,19.49999999999889,1,715592.2364117057,1329.8556566267027,4599.868906908398,260.582729872588,dry,0.9579268974150046,5.462396586616928,1.441380550990158,0.0,0.0,3.3613666055195193,1014.9632188302173,0.9921154125119898,nan,nan,nan,nan,69.72615903154897,0.3521870070856039,1.9781408603415862,127.59574497814047,137.80340457639173,1930469648,0.15791575716553966,0.4780868910955745,0.7441857747500219,clean,5.783769961844933,2.0475528688021987,1.3325175691817468,5.687969853002676,0.0,0.0,0.01408748028342416,0.0,0.0,-1.9500000000000015,-1.8889451595619928,0.0,-0.8905767891683003,0.0,0.0,-12.568513924972798,0.0,3.582206058926317,-13.596744647215026,-9.942574270448757,-0.2718160698133254,0.0,0.0,-60.0,41962
-86.19216611204837,9.073107528490938,30.572697875441563,0.7102563888211596,-2.403211991573309,-2.4411527602412586,13.379680930710338,0.8667395620337339,0.3311148745413419,0.0,False,RUNWAY_EXCURSION,182,18.199999999998965,1,681486.2087788329,1330.3964072251292,4786.537867731013,95.44255274361491,dry,0.9716279145430866,1.5856865256756967,3.1450606539518624,0.0,0.0,-2.683745486916667,1015.5796301607576,0.9968005729132564,nan,nan,nan,nan,71.58702865758616,0.3311148745413419,4.213383521861438,123.18270045359857,133.03731648988648,641445060,0.12855963903264997,0.6632355268821267,0.9851727957192464,clean,4.963955341157825,1.8360235039708979,0.9904385730013661,5.590102329606334,0.0,0.0,0.013244594981653679,0.0,0.0,-1.8200000000000014,-1.6647192222986364,0.0,-1.457173976597244,0.0,0.0,-12.025160005538854,0.0,2.954024114896693,-13.06656035321746,-11.9378647182511,-0.5684762937598702,0.0,0.0,-60.0,42144
-85.90048769211016,8.97087547586637,30.21387921227246,0.6652478052320557,-2.671763270407998,-2.719271852791441,14.41814080856264,0.857299672854759,0.3122753615447209,0.0,False,RUNWAY_EXCURSION,181,18.09999999999897,1,689130.94244815,1326.77271576044,4450.88386072821,340.41884935887015,dry,0.9849012730308224,7.2951314299086105,-1.1300601209391,0.0,0.0,-0.12411616306609119,1011.5592582266419,0.989691178752295,nan,nan,nan,nan,68.48035097385207,0.3122753615447209,2.769864508212052,124.67281247579102,134.6466374738543,1937191049,0.12301818844417733,0.7219015917775307,1.1184588637638477,clean,4.7700137664656195,1.442154413887796,1.113640935828666,5.339937173834204,0.0,0.0,0.012491014461788835,0.0,0.0,-1.8100000000000014,-1.6184739812704025,0.0,-1.3628146540697665,0.0,0.0,-11.788103204573321,0.0,1.4954674744943208,-11.945301139402083,-10.690018396505701,-0.8594810952613022,0.0,0.0,-60.0,42325
-85.17942637007882,11.1589004565366,30.1612250858831,0.20538732597190248,-2.843824480524289,-2.8686112617669295,6.28778358055217,0.8926643504707826,0.4081398196149735,0.0,False,RUNWAY_EXCURSION,227,22.69999999999871,1,735700.0696734447,1325.1365572883535,4380.984416676861,325.4559897860916,dry,0.9784755924654053,7.708046923510358,-3.0878524590856435,0.0,0.0,-2.495429835945564,1011.3197870922529,0.9900646628202577,nan,nan,nan,nan,73.90058675850902,0.4081398196149735,1.4654486741457085,128.30025567948843,138.5642761338475,1443098010,0.14047598231439895,0.2951380853131946,0.5622342188594135,clean,7.56168707523748,1.9777584983944858,1.8429880356029613,6.862697803388397,0.0,0.0,0.016325592784598938,0.0,0.0,-2.2699999999999956,-3.1406978315054057,0.0,-0.29407170459916876,0.0,0.0,-15.540984238901686,0.0,3.1913646595186203,-18.72931490467511,-6.541995811932743,-0.1151835433912618,0.0,0.0,-60.0,42552
-83.80676833223798,11.241926767405145,30.279142644819768,0.2246401083004373,-2.910818162928763,-2.9630428173301,6.072402968828187,0.892875156107069,0.3861717115302099,0.0,False,RUNWAY_EXCURSION,238,23.799999999998647,1,735743.44735037,1323.9218646617865,4667.84643531637,495.80489369204184,dry,0.9646940179067156,1.7131196342890531,1.97127018199413,0.0,0.0,-1.3211316355289568,1015.0949794392859,0.985140861716307,nan,nan,nan,nan,73.96593307695714,0.3861717115302099,1.7327574180868588,128.3281928545083,138.59444828286897,1912112502,0.14151317029857102,0.24268288737939386,0.45922845821802066,clean,7.71435674027532,1.8385275383564113,2.1472389024890455,7.150569528452593,0.0,0.0,0.015446868461208393,0.0,0.0,-2.3799999999999932,-3.3420731501778533,0.0,-0.2150061758535391,0.0,0.0,-16.35331972050745,0.0,2.4204061573365467,-18.167122266729006,-4.576845786293703,-0.058946968047556496,0.0,0.0,-60.0,42790
-86.67329701257687,12.31382777178237,30.117278772670794,0.5570936813491939,-2.478046292228745,-2.509580345141106,5.974561830071114,0.8701839805666228,0.6599136181603171,0.0,False,RUNWAY_EXCURSION,254,25.399999999998563,1,715761.8260786929,1327.0621962680696,4723.341296367686,189.14417696464807,dry,0.977210298168254,3.519146309335211,-3.8354887599446656,0.0,0.0,1.047495447947174,1011.6930613938542,0.9941155916197718,nan,nan,nan,nan,85.75142306879123,0.6599136181603171,0.8108453118095937,127.30865543675517,137.4933478716956,428456152,0.11197773497955799,0.35757083111438404,0.6404167280521887,clean,10.63579080474556,2.764102886448646,3.277351900728476,7.528751347447769,0.0,0.0,0.026396544726412677,0.0,0.0,-2.53999999999999,-4.2793455573169075,0.0,-0.15442618354930807,0.0,0.0,-16.89665766870722,0.0,3.7514563291047582,-19.968516223855943,-10.606010260095005,-0.21219093225411864,0.0,0.0,-60.0,43044
-83.5646133750311,9.815367367134098,30.263883492378586,0.2776954768127197,-2.591425689523778,-2.6269237289078906,7.297320473655828,0.8663317293492637,0.5289541620825275,0.0,False,RUNWAY_EXCURSION,229,22.8999999999987,1,733964.5303772701,1331.3173893901053,4536.804768070361,244.6487492576087,dry,0.9695357414827215,0.5478740218229845,-1.7495320437296265,0.0,0.0,-2.3952056837420566,1013.475703521357,0.99241339325981,nan,nan,nan,nan,80.09549112892236,0.5289541620825275,1.4629498091998094,128.03491441852157,138.2777075720033,1628312689,0.15469034584423969,0.42359152936020106,0.796451970750726,clean,7.83617637670965,2.679421546353476,2.10942303031414,6.883051800577491,0.0,0.0,0.0211581664833011,0.0,0.0,-2.289999999999995,-2.451354330040269,0.0,-0.3795307553830191,0.0,0.0,-15.213529031639633,0.0,4.1389195018899025,-15.786633833122272,-10.696767970635467,-0.4149478765384236,0.0,0.0,-60.0,43273
-84.86283210249104,10.766969192123556,30.149117729971913,0.26507363269845435,-2.5830120051887935,-2.6143071133092395,7.714132007815774,0.8816697170245059,0.5080415507212166,0.0,False,RUNWAY_EXCURSION,216,21.599999999998772,1,686479.4409000861,1326.1548947616504,4401.080430614576,111.5872150476488,dry,0.9533911794723946,6.524676713638945,-2.184759996243079,0.0,0.0,3.4272267045412113,1011.1795192714069,0.9964013007300621,nan,nan,nan,nan,80.40204599353852,0.5080415507212166,3.024778882426009,125.22101592810803,135.2386972023567,2023172498,0.13562091431901793,0.4274309016468282,0.7713021862328564,clean,7.3553391808656965,2.2978126066941407,1.8700763949783976,6.750004531921858,0.0,0.0,0.020321662028848664,0.0,0.0,-2.159999999999998,-2.7822630140193065,0.0,-0.4008775365315152,0.0,0.0,-14.579702557758385,0.0,3.749768159701704,-15.907502921309614,-10.766656741912067,-0.3091518671508185,0.0,0.0,-60.0,43489
-86.14472594955268,10.896263336258693,30.036730249215687,0.32673624672487595,-2.452176836291229,-2.4753367497274676,7.142081800963282,0.8931386169861887,0.4900870653517586,0.0,False,RUNWAY_EXCURSION,239,23.89999999999864,1,675778.8254634241,1328.8091631509196,4335.88693141812,167.67394551996594,dry,0.9959174119564652,6.66646714358339,-2.688707827440107,0.0,0.0,-0.3522195114882436,1011.0918671227861,0.9947093557596238,nan,nan,nan,nan,75.65038879364515,0.4900870653517586,0.7237122251863681,123.43874245119063,133.3138418472859,104360713,0.12839015106031496,0.47482698958653025,0.8553700861732599,clean,8.938779617193129,2.929720664557238,2.7449727300639877,6.841655726817737,0.0,0.0,0.01960348261407034,0.0,0.0,-2.389999999999993,-3.1529027301833112,0.0,-0.30539985901646177,0.0,0.0,-16.495773152666175,0.0,4.824642121154095,-17.113358956709142,-12.419738514698802,-0.5669270786790575,0.0,0.0,-60.0,43728
-86.94182943705135,10.407554088242703,30.401884748114043,0.280268756486592,-2.8238707857157497,-2.867129266470804,8.281174155793877,0.90002501723869,0.29941375787825564,0.0,False,RUNWAY_EXCURSION,209,20.899999999998812,1,720062.6872090336,1326.1381500171328,4251.765835406008,267.88448069869605,dry,0.9882515294529255,4.925171630134743,3.8406515060869832,0.0,0.0,1.8221395781950056,1015.3304858214068,0.9918642139926321,nan,nan,nan,nan,66.13805990625745,0.29941375787825564,1.4722047089749424,127.63223196289843,137.8428105199303,784068115,0.14350563484505033,0.4025048742976696,0.7076029613357212,clean,5.978022558969623,1.442920813868038,1.5761735034719884,6.058805553779468,0.0,0.0,0.011976550315130226,0.0,0.0,-2.0899999999999994,-2.515365673204084,0.0,-0.6244132458737512,0.0,0.0,-14.524011315695104,0.0,0.7529481818614421,-13.651238694256177,-9.088979292147577,-0.2686683781403763,0.0,0.0,-60.0,43937
-81.84446389454303,10.039260282400328,30.139590488308272,0.1637639651224731,-2.627089018820659,-2.6624017035619736,7.010705454579007,0.8950054591181894,0.5070347218574014,0.0,False,RUNWAY_EXCURSION,212,21.199999999998795,1,711879.1113176155,1327.054266980811,4668.348132919142,51.37926406168519,dry,0.9582285376261186,6.750021821942466,1.8551582790473096,0.0,0.0,-1.3373748529255094,1014.7272288571438,0.9981150533639566,nan,nan,nan,nan,78.70071599656062,0.5070347218574014,1.368508882858741,126.24912800252764,136.34905824272985,1366900981,0.15983302030252441,0.352594578382905,0.5065039891686269,clean,7.343936462809415,2.1907869340099153,1.9269512379434313,6.165757394251335,0.0,0.0,0.020281388874296053,0.0,0.0,-2.1199999999999988,-2.3740878186410566,0.0,-0.34557436157896,0.0,0.0,-14.629603016201317,0.0,3.592435707337633,-15.214524215495768,-8.338731298831839,-0.06209230902014782,0.0,0.0,-60.0,44149
-77.0868388667354,10.61267394047316,30.023147539270568,0.3627709971396178,-2.4674810348216565,-2.491935428374352,5.739812318468298,0.8749987341756299,0.7296904604299357,0.0,False,RUNWAY_EXCURSION,263,26.299999999998512,1,730513.5115597227,1331.2225385126678,4398.454397252534,437.1137450008835,dry,0.9927807770961694,1.3764515278081468,-3.9042375926903126,0.0,0.0,1.7824086392723917,1015.2870653356233,0.9869698635035059,nan,nan,nan,nan,91.53466275955684,0.7296904604299357,2.265486877661118,128.5490492049759,138.83297314137397,226549387,0.14761408775533383,0.35935549991474736,0.6211812825786442,clean,11.357719113393461,3.5826431534570666,3.749158798998764,8.09713593468843,0.0,0.0,0.029187618417197435,0.0,0.0,-2.629999999999988,-3.2912652297630984,0.0,-0.10440394706707268,0.0,0.0,-17.663313811227752,0.0,6.6430237098346225,-16.471263116164163,-10.150635569647157,-0.23482552165567627,0.0,0.0,-60.0,44412
-88.63977963165235,13.41340075313779,30.02387840726166,0.4562560658813322,-2.701932775752601,-2.719735281915245,5.696382613066795,0.8972187939286234,0.647951164575943,0.0,False,RUNWAY_EXCURSION,300,29.999999999998302,1,728784.8845823869,1326.0167714391284,4777.4028313016,387.00440488140555,dry,0.9556465489219511,1.2191045753983758,-1.5349141738115142,0.0,0.0,2.842983429934921,1012.6888974389508,0.9884545149843373,nan,nan,nan,nan,88.82452924475687,0.647951164575943,2.6280368641228513,128.79639274858076,139.10010416846723,1095352898,0.09484730031400518,0.3223885447193584,0.6549674875513513,clean,12.33031762898632,2.8403465850128367,4.392303362558867,9.420570918603687,0.0,0.0,0.02591804658303771,0.0,0.0,-2.99999999999998,-5.997310658809251,0.0,-0.11854258414102184,0.0,0.0,-20.792407242785167,0.0,4.05509356037506,-22.35527106953753,-9.134226173128779,-0.3065720053703857,0.0,0.0,-60.0,44712
-93.07069815442439,17.68594537390848,30.0296171877484,0.46934591804638787,-2.4393874794662564,-2.4539065616034055,4.927112979177756,0.8736631103732562,1.0563212411950076,0.0,False,RUNWAY_EXCURSION,370,36.999999999997904,1,692835.1629866209,1322.1881293791203,4380.578346528473,241.36898572859639,dry,0.9505443635596965,0.15183277380969518,3.8702357407483903,0.0,0.0,2.203069651834528,1010.3335132874704,0.992619924881949,nan,nan,nan,nan,106.13383127803775,1.0563212411950076,1.8179254256614819,125.58754737927529,135.63455116961734,1350999467,0.0362733861208575,0.37679374642865654,0.5703742389317362,clean,21.210411843530522,2.7160010432579256,6.632602217294331,10.538688779217198,0.0,0.0,0.04225284964780029,0.0,0.0,-3.699999999999965,-12.85925395494264,0.0,-0.07188260195310787,0.0,0.0,-24.60405465890103,0.0,4.488340555428175,-23.848611763232146,-13.37114670022351,-0.24404576354786686,0.0,0.0,-60.0,45082
-81.55456673809698,9.686215338812977,30.234109953045813,0.18109267787950006,-2.988028197063524,-3.0370013681262384,7.029881508119699,0.9103154731731794,0.3987633836356963,0.0,False,RUNWAY_EXCURSION,255,25.499999999998558,1,750136.0369423672,1322.156681257492,4571.934464335856,289.06796004617905,dry,0.9588216685250115,0.6241675745957487,1.4428355392750842,0.0,0.0,-0.1240085932325421,1010.6473194672606,0.9912016744075755,nan,nan,nan,nan,75.51212821603286,0.3987633836356963,1.7999043472362786,130.13281603977657,140.5434413229587,1640650566,0.17154686591929974,0.3091950324673701,0.5017730737811793,clean,8.137179711196278,3.066974697341795,2.5450641082619305,7.872145387867085,0.0,0.0,0.015950535345427855,0.0,0.0,-2.5499999999999896,-2.6583117483792473,0.0,-0.3643528189197811,0.0,0.0,-18.023685035965503,0.0,5.15895027622241,-16.701027167910116,-7.9549740048987605,-0.09848067825850589,0.0,0.0,-60.0,45337
-80.46396814406118,8.633139423572842,30.186204619530077,0.414270944001503,-2.588268724315871,-2.624586845614511,8.235834719274413,0.8877100813868133,0.47322973434000914,0.0,False,RUNWAY_EXCURSION,257,25.699999999998546,1,709537.3957008726,1322.9625194545952,4560.190143933905,354.2670073346601,dry,0.9681487815296848,6.162903868201232,-1.1552325640862717,0.0,0.0,-0.05359644945881126,1010.6458112095108,0.9893003966543205,nan,nan,nan,nan,80.46470686903255,0.47322973434000914,4.912277550821305,126.57789243025148,136.7041238246716,1991049240,0.19058177166887633,0.3566730355121891,0.5408659109713747,clean,7.864071605185736,3.2504872259388145,2.476844811923394,8.230526252154299,0.0,0.0,0.01892918937360037,0.0,0.0,-2.569999999999989,-2.128276861206649,0.0,-0.5402603681828566,0.0,0.0,-17.575829042144306,0.0,5.209394820831293,-15.370181403461624,-9.205489968136456,-0.12418440633642824,0.0,0.0,-60.0,45594
-92.75224734555505,13.699627134476332,30.093175436204508,0.33279031043025514,-2.4996640573520454,-2.5165754159134375,4.09759899430487,0.9204391424512951,0.6842574153606051,0.0,False,RUNWAY_EXCURSION,378,37.79999999999786,1,680093.304423369,1323.4448879998122,4474.514109747011,258.07045995123804,dry,0.9747425027705984,4.405017955441189,-2.7472292313141806,0.0,0.0,4.2337806674143845,1012.3687944669276,0.9921915802368074,nan,nan,nan,nan,88.19806964381144,0.6842574153606051,1.4006608497384043,124.73614001066446,134.7150312115176,880091737,0.09533575329925803,0.2012966136323343,0.47129868672757397,clean,17.31303420272798,2.981638578898279,7.006586267436773,10.955180538285934,0.0,0.0,0.02737029661442421,0.0,0.0,-3.7799999999999634,-7.882550912194569,0.0,-0.011048381881868241,0.0,0.0,-27.020181821251477,0.0,3.887203107664456,-31.35026503350883,-4.724657212067681,-0.15455697627833553,0.0,0.0,-60.0,45972
-83.75475061659044,9.17337723222924,30.411474638952242,0.27275647663106506,-2.8581308428278667,-2.8929843320802013,8.43708946785995,0.9110280559613155,0.35241194347113947,0.0,False,RUNWAY_EXCURSION,260,25.99999999999853,1,755773.3758285254,1325.3466228314023,4697.080363385489,211.28940277571851,dry,0.9822228085960564,5.1506163039463795,-0.3312215494521218,0.0,0.0,-0.9935881092655938,1015.4783968599013,0.9934467458225763,nan,nan,nan,nan,72.36713124184135,0.35241194347113947,2.676898040946778,130.1129417951914,140.52197713880673,945702738,0.17740063045156368,0.3422835038116398,0.6510289173094538,clean,7.275815778277228,2.528386330679575,2.256258425693289,7.835555793300286,0.0,0.0,0.01409647773884558,0.0,0.0,-2.5999999999999885,-2.431024551071475,0.0,-0.53582589427354,0.0,0.0,-18.367086380158426,0.0,3.8283258302062158,-15.365237787655149,-7.896382589312497,-0.29763205001479426,0.0,0.0,-60.0,46232
-91.25615667279644,11.567926149881991,30.2181967301604,0.39392654105034636,-2.2810214631619865,-2.3155111166733833,5.065108745450961,0.8979705932445505,0.8616690332220287,0.0,False,RUNWAY_EXCURSION,362,36.19999999999795,1,745920.9955009005,1330.546355309158,4444.755774097718,455.0041441587811,dry,0.999748531322343,1.034735424283327,-1.123076155129826,0.0,0.0,0.48359158356096454,1013.9941970622973,0.9864032859481707,nan,nan,nan,nan,96.69346586327593,0.8616690332220287,2.6361586009627125,129.68892932878214,140.06404367508472,1018360727,0.13186255426838817,0.2858736186968989,0.5537864509379196,clean,13.96099444599267,3.683597204610031,5.01988976826828,10.568863943073847,0.0,0.0,0.03446676132888116,0.0,0.0,-3.619999999999967,-5.38241370867808,0.0,-0.07270844497937891,0.0,0.0,-25.082315659215055,0.0,5.051765046722257,-25.836715456766154,-9.38428821342341,-0.19729235973026416,0.0,0.0,-60.0,46594
-114.98972709848812,16.736225342889874,30.000200395374154,0.5147592553223672,-1.9567970780578154,-1.9854497431640559,4.7009459045237305,0.8815604130500357,1.4188452897897434,0.0,False,RUNWAY_EXCURSION,542,54.199999999996926,1,767522.7624649787,1331.8290813471986,4473.2862582578255,235.56992156740213,dry,0.9925606854345792,3.814841491861512,-0.08608992985190689,0.0,0.0,2.360936305899866,1014.794123312138,0.9927835352781993,nan,nan,nan,nan,116.45851583709096,1.4188452897897434,0.03658962443378044,131.92852003458026,142.48280163734668,2049967474,0.046819728467182124,0.34004017823028426,0.6225708135871811,clean,30.11406137459667,3.371030928427118,9.896659622019063,13.74711588618208,0.0,0.0,0.05675381159158972,0.0,0.0,-5.419999999999929,-16.86831904339669,0.0,-0.05079343687302533,0.0,0.0,-36.514510433436506,0.0,4.4659954231264445,-37.243609421537776,-20.077071630320052,-0.4670401788668181,0.0,0.0,-60.0,47136
-83.3671939077169,13.067355863722852,30.041622475858937,0.5416007599590648,-2.1173761876938535,-2.15264560749952,5.836253765330905,0.8724747937683961,1.1554628420655035,0.0,False,RUNWAY_EXCURSION,340,33.999999999998074,1,733193.0571046585,1327.258514480763,4687.758027585381,68.55613344833338,dry,0.9609459971387726,1.9648532555391967,-0.6310328605039359,0.0,0.0,-0.5015353359257384,1015.1484630125703,0.9975873903387311,nan,nan,nan,nan,108.13174817311624,1.1554628420655035,1.743737591059098,128.28509748235558,138.54790528094404,420376857,0.09942966046899533,0.3449501957073567,0.640024446449169,clean,15.695912381076393,4.081165097170085,5.680599784488472,10.865639319467626,0.0,0.0,0.04621851368262016,0.0,0.0,-3.3999999999999715,-6.450774261279833,0.0,-0.09971494502355051,0.0,0.0,-22.64587455725696,0.0,6.867044201315514,-20.957849184420215,-12.730056512655029,-0.3195037442820352,0.0,0.0,-60.0,47476
-83.7943996313308,10.68797173384477,30.024660744304118,0.5677935047888265,-1.7500519361374276,-1.7783314763580114,3.997006296977117,0.8717641754397035,1.58895137843988,0.0,False,RUNWAY_EXCURSION,435,43.499999999997534,1,755902.5049336307,1331.6230848368375,4480.506055561467,1.478160727665323,dry,0.9623369477861644,2.4067916202107433,2.5123269197003486,0.0,0.0,0.6009609271588943,1014.9329829710272,0.9995535321606057,nan,nan,nan,nan,123.5274096885014,1.58895137843988,2.5070455916228873,130.51989489750582,140.9614864893063,1073518085,0.1508389934202152,0.3095297491489678,0.5455505347934226,clean,21.94662875230127,3.7347787110983077,7.5014579778288155,12.944980569918242,0.0,0.0,0.0635580551375952,0.0,0.0,-4.349999999999952,-5.521249089534131,0.0,-0.006616205914515346,0.0,0.0,-28.97776977697664,0.0,5.704276532341058,-23.1253074058046,-13.427910785068908,-0.2812269666572599,0.0,0.0,-60.0,47911
-79.8090342962958,15.3146402044302,30.00748428366755,0.9931596928724966,-2.1926762328753875,-2.2151544477808622,3.5797576347377125,0.8616691422598058,1.3095185199063337,0.0,False,RUNWAY_EXCURSION,674,67.40000000000589,1,762831.1801976345,1328.0172735900308,4325.967585836601,194.723758013646,dry,0.9728242626370044,5.12111895398711,2.718446945024857,0.0,0.0,-1.8745260423152335,1014.1025880802329,0.993882147518386,nan,nan,nan,nan,115.1773106707217,1.3095185199063337,1.0446726406022222,130.60690285745218,141.05545508604837,107014967,0.06810273433740571,0.23459636192959304,0.45280143680034624,clean,40.807623857032375,8.169069971161505,14.374502783013067,14.176670658269387,0.0,0.0,0.05238074079625331,0.0,0.0,-6.739999999999901,-17.564305543826116,0.0,-0.0014997978751506325,0.0,0.0,-43.92380113901591,0.0,9.923520558007457,-27.00237343667475,-11.891535929578163,-0.18928701760566616,0.0,0.0,-60.0,48585
-52.73080302877447,15.242050444689085,24.97617828253556,0.498695751785808,-1.3679493095919304,-1.3743446952325338,2.352330549050512,0.8258923678711693,1.8884004732247774,0.0,False,INSUFFICIENT_RUNWAY,1029,102.90000000003414,1,760061.1940107007,1326.3202353405213,4221.727408786189,154.4495140552138,dry,0.9914097333040764,7.026965954699858,-0.047938950259088564,0.0,0.0,1.7933720275235663,1011.6313032367891,0.995108690275078,nan,nan,nan,nan,129.05195207417034,1.8884004732247774,1.4689851936310738,131.36223532306863,141.87121414891413,913171518,0.09579768482636404,0.19605950931308208,0.383981157016882,clean,84.0046994942576,8.529267391227945,24.657756969763287,15.984841869748486,0.0,0.0,0.07553601892899099,0.0,0.0,-10.289999999999825,-26.561931634382418,0.0,0.0,0.0,0.0,-63.28726261686411,0.0,14.256120655197527,-38.30414690272102,-11.680995612071332,-0.11468866185934963,0.0,0.0,-50.0,49614
-130.38765249878452,20.021482086965857,113.58923254637573,60.08927123048427,17.80017220165696,8.83953767565498,11.315938119512195,0.7792774453873147,313.21297330995344,0.0,False,LOSS_OF_CONTROL,741,74.10000000001122,1,729231.7721451591,1327.855420554887,4320.698717422603,21.578106077024373,dry,0.9597127014147582,2.6630270756085546,-3.2171287305063343,0.0,0.0,-0.4002089887891609,1013.5363163235298,0.9898711632649009,65.4000000000043,2129.1656514393103,nan,nan,152.6430582997406,313.21297330995344,265.0594144278315,128.062338917944,138.30732603137955,2030045015,7.171303021714279e-13,1.3479031595566913,0.7100275156419902,clean,54.87341763824398,7.2118319083418685,12.992612681331536,14.82573271031904,6.543266142339731,7.694871281659438,12.52851893239814,0.0,0.0,-7.4099999999998865,-23.58109478448441,-24.722781536283264,-0.7801910005331387,0.0,-1.9256685800423232,-42.88160648087103,0.0,14.535546015134845,-50.687940597491966,-23.22562357120219,-1.199095685199629,-5.179447572444558,0.0,-80.0,50355
-50.755038121635025,1.5798879925343803,1.7496065501539253,0.006682426837923771,-2.735834406343228,-90.0,2.1057268847915522,0.8963162901657625,0.0,0.0,False,FAILED_TO_ACCELERATE,301,30.099999999998296,1,706000.8791266744,1328.8071589275944,4370.790692718261,307.7304492021512,dry,0.9688751712426604,0.9502758968180105,-2.886904646018315,0.0,0.0,0.6709166138959466,1011.2128604718602,0.9906844249305101,nan,nan,nan,nan,8.188497220575112,-0.16953227503881863,0.05277455874188597,126.38526312704721,136.496084177211,1331898245,0.9769579030933024,0.05076123556403467,0.0927178635930152,clean,0.5325500191254121,0.49711126315508997,0.3684590794733726,1.146455701458373,0.0,0.0,0.0,0.0,0.0,-3.00999999999998,-0.08347887408391658,0.0,0.0,0.0,0.0,-20.87569383459044,0.0,0.8386152714609459,-0.0016451088563559154,-0.167411638777439,0.0,0.0,0.0,-30.0,50656
-74.81845919388012,8.536672381285229,30.058708794332034,2.0305789395795424,-1.0978185749367209,-1.1255021797130758,3.2119928174100263,0.8090657109191065,2.4440579950173458,0.0,False,RUNWAY_EXCURSION,494,49.3999999999972,1,718809.3501195558,1331.6540486663655,4254.4163098376675,226.23010079379708,dry,0.9725940527431742,0.36227186409371726,0.39907546238644853,0.0,0.0,1.9705673783855433,1014.3134819565771,0.993016404566919,nan,nan,nan,nan,141.64530466392947,2.4440579950173458,13.159388399780667,127.61766850798477,137.82708198862358,750782387,0.21039499064919637,0.19613235818591498,0.5719353292284415,clean,25.163119169484194,5.677205135984446,8.089595507537421,13.251120897710129,0.4360031843112506,0.0,0.09776231980069382,0.0,0.0,-4.939999999999939,-4.000015446736293,0.0,-0.0002372801200500403,0.0,-0.017628092611787192,-29.58305336633032,0.0,5.956777074936028,-28.492770732337657,-5.94005985544669,-0.5158325118777594,-0.00044519818369649107,0.0,-60.0,51150
-130.71729161461008,15.269557596005296,92.29597841007059,60.09348062029559,31.971187670445364,11.359377191224175,25.386756448707356,0.7326411815311603,318.4787794072398,0.0,False,LOSS_OF_CONTROL,575,57.49999999999801,1,742220.8888948006,1331.4786170685045,4200.452796773593,76.33203229390162,dry,0.9955599681039358,0.44638500157540495,3.8718103716699868,0.0,0.0,0.05711866572753621,1015.6194401211213,0.9881513758562573,50.29999999999715,1636.7087889107665,nan,nan,138.15579978553367,318.4787794072398,2995.473870520831,129.16778814972471,139.5012112017027,2136953472,2.113669831278259e-11,2.113700297866914,1.0111159172150026,clean,42.21861466464169,6.493609028912724,10.02933006101936,14.343286366575255,2.9235275092268944,6.580563253425067,12.739151176289592,0.0,0.0,-5.749999999999922,-12.20034545696987,-19.3444692330335,-5.547304027370383,-0.28085735099179554,-3.658456933107116,-30.528421657359246,0.0,4.569226827029656,-41.933468764405085,-24.484720936661972,-2.690905815346637,-4.195650326484571,0.0,-80.0,51725
-112.29683245969892,14.942920618701852,89.48840715749004,61.238999674012305,24.446375859959844,9.49323701089442,34.17052333520417,0.7280761405834497,325.377467153441,0.0,False,LOSS_OF_CONTROL,559,55.89999999999683,1,672588.7677545784,1330.7529028919043,4253.313934952813,433.1927115624113,dry,0.9981470012298681,6.900551966287874,0.18337184641857407,0.0,0.0,3.9257384643834996,1013.5864028681407,0.9779150093957317,48.99999999999722,1217.0206016863606,nan,nan,138.18608899568585,325.377467153441,4179.643692538719,123.90617375715654,133.81866765772907,1296558496,5.6397765343313703e-11,1.9427945207721613,1.5296099855748075,clean,33.39251005266395,6.1993408864550315,8.647887128496226,12.347808685062738,3.104785227262578,6.215601147232252,13.01509868613764,0.0,0.0,-5.589999999999925,-11.337532001753877,-14.516915088234596,-4.5507379262882806,0.0,0.0,-29.569543378680393,0.0,6.089527094910728,-34.29989994849633,-13.389151745136985,-4.224358372073668,-3.8312529072559056,0.0,-80.0,52284
-51.98514486858422,1.478891729200465,1.5622273034920098,0.001920118206883448,-2.803716933071102,-90.0,1.5110917923123748,0.8832478277376979,0.0,0.0,False,FAILED_TO_ACCELERATE,301,30.099999999998296,1,729959.5015484581,1329.2999204531998,4393.158593048809,375.2770177231649,dry,0.9598747339433829,6.412870363872571,1.7553212747156866,0.0,0.0,-1.4758721794065108,1013.8831092791075,0.9886457582348774,nan,nan,nan,nan,2.2633042144076616,-0.1777493771029981,-0.0033027063849727645,127.8646446756341,138.09381624968483,2037841023,0.9822591801286478,0.0,0.06753121308210792,clean,0.26606921382737025,0.24658027549109218,0.19454712362713747,0.329865182408222,0.0,0.0,0.0,0.0,0.0,-3.00999999999998,-0.0731470383062178,0.0,0.0,0.0,0.0,-20.343276895739102,0.0,0.4042172701073324,0.0,0.0,0.0,0.0,0.0,-30.0,52585
-128.00342391724416,13.106968179486932,76.98474179775381,60.61827511759291,24.48009855862676,9.337140316756914,31.847850659690806,0.7649233356227365,290.13690076076864,0.0,False,LOSS_OF_CONTROL,728,72.80000000001019,1,692334.9401821448,1329.523201029432,4563.1134942322005,375.1626239850006,dry,0.9869571226722283,1.5717823646830427,2.5128243340459195,0.0,0.0,3.422155581884047,1013.3981779427473,0.9805346842657829,66.60000000000525,1870.2211322207577,nan,nan,144.90179485662225,290.13690076076864,4338.605914675312,125.61510807010885,135.66431671571758,35072563,1.5139601014879571e-09,1.8286408563131569,1.0067762255548927,clean,46.336138572030784,4.0993452409164925,11.695909951603843,14.779515888390904,3.094282288576511,5.52723535224625,11.605476030430749,0.0,0.0,-7.279999999999889,-13.077071207954125,-14.802163268934384,-4.163417934983718,0.0,-0.02007458630980593,-40.95278950742025,0.0,2.7841189451756008,-44.62811120941715,-15.448437613350452,-3.5408379678389696,-4.0125428904061975,0.0,-80.0,53313
-135.16887201795765,25.041706935853227,134.8653569797941,60.58712390940484,11.272556471010356,4.833262687840817,21.56516994562869,0.7365479100843797,96.71700004892622,0.0,False,LOSS_OF_CONTROL,567,56.699999999997374,1,715666.0584667885,1325.5742546655165,4720.167030251193,0.6314398035224267,dry,0.9960381672543704,6.654891987443262,3.225857131875434,0.0,0.0,1.572564992100581,1010.489712306669,0.9968028700838547,51.29999999999709,1940.6992527283883,nan,nan,165.15310142785845,96.71700004892622,1365.8383469641758,127.49149390200058,137.69081341416063,987939413,1.2995932519384945e-17,2.2672665525086977,0.9679714075520515,clean,46.45888103660838,6.660267952179921,10.940044240713453,13.506259558018398,4.645276289603519,3.5035744274229903,3.868680001957049,0.0,0.0,-5.6699999999999235,-23.53076880178875,-19.81500144741914,-4.031201260822048,0.0,-0.6444913745883911,-30.364384815591865,0.0,8.042593595741817,-41.299930827638114,-21.023446122246764,-2.368391852770786,-4.046832617337069,0.0,-80.0,53880
-117.52960865774202,17.046639396719613,96.04064874539063,60.32600291831906,18.48337080772101,9.848827102949754,38.97224843837,0.7426482829930376,222.718360833414,0.0,False,LOSS_OF_CONTROL,583,58.29999999999865,1,708347.0591407754,1328.5885812723802,4622.504749464677,249.20331741816153,dry,0.9659020801111016,3.5244111886863436,-0.915943196180149,0.0,0.0,-2.644935922268508,1011.0269079195508,0.9857656411356492,51.599999999997074,1843.1986468930356,nan,nan,150.3878855671359,222.718360833414,3743.6195648848766,125.87787001263204,135.94809961364263,1793051917,3.6285195040115425e-12,2.231027707683863,1.7451007595134722,clean,46.18316223934492,5.809948070461291,12.04017236511244,14.252622026647428,2.9392530848491454,4.782368732808202,8.90873443333656,0.0,0.0,-5.82999999999992,-15.286329986583272,-14.08298788226024,-5.182131480269259,0.0,-0.2934600926376814,-31.28328571965362,0.0,4.077388189059337,-44.04535247269573,-11.521664547041947,-5.328339831463899,-3.669705786755586,0.0,-80.0,54463
-122.86127437316071,18.619982962189106,104.36571511605356,60.43177349417519,21.928519587718057,10.202945694074357,43.58317366569039,0.7462062122899169,331.4790828406794,0.0,False,LOSS_OF_CONTROL,565,56.499999999997215,1,690682.0617193487,1329.8205165665063,4599.386212644534,356.1176391438398,dry,0.9796787478699057,3.7232813726360234,-0.08422545016915173,0.0,0.0,-1.4429366746764831,1011.6986299438458,0.9795626765616656,49.69999999999718,1885.5906524222487,nan,nan,141.45557104193145,331.4790828406794,4402.880048521149,124.51838831220674,134.4798593771833,1627210303,3.0799261567431603e-13,2.2734533680981452,1.814318856093937,clean,46.77640120152209,4.653767838359024,11.306136744253015,14.121627591491052,3.4308720536682715,5.984941413931096,13.259163313627173,0.0,0.0,-5.649999999999924,-16.59436729600924,-16.61573194523946,-6.7839596869792835,-0.004359485582817726,-0.9258411833425803,-30.531209272901496,0.0,3.889018388048206,-40.78883131246071,-17.77068498177699,-6.589305972341257,-4.028911781426668,0.0,-80.0,55028
-110.03147610801975,19.116805150365998,119.4902453928366,60.95990954003565,22.111185318215295,9.814200311915885,35.92921908940574,0.7341441673243766,359.2492089201095,0.0,False,LOSS_OF_CONTROL,508,50.79999999999712,1,691194.5185210484,1327.3288730036084,4203.767375204909,42.05844513578694,dry,0.9692791070684805,7.100788526554327,-1.4858001717518512,0.0,0.0,-0.19894027775802847,1010.8443751469081,0.9879261445445496,43.39999999999754,1424.134220395607,nan,nan,139.6907607388843,359.2492089201095,3777.772185079926,124.88725530279339,134.8782357270169,875079008,3.601674854365912e-15,2.3590006486904462,1.5364200151471192,clean,38.00361440615725,6.838244689675434,9.92411636375082,13.194884498567927,4.289529170509776,6.7282599431069645,14.36996835680438,0.0,0.0,-5.079999999999936,-11.666714331713882,-20.0560791931625,-8.113565483438533,0.0,-0.2606298921224581,-27.012347637397948,0.0,4.090759675122758,-27.534171083488257,-17.181145587966277,-6.325079014833335,-4.241120987591917,0.0,-80.0,55536
-121.69403768781254,23.714528388972198,143.78580236792672,61.130410033630596,18.678537444195154,9.514607104008949,23.60913992096654,0.7633479346002445,346.90996318575884,0.0,False,LOSS_OF_CONTROL,611,61.100000000000875,1,751934.7994933232,1327.918083086834,4432.977365464102,323.74672950845087,dry,0.9762536792517094,3.515382051243521,-3.244709099824369,0.0,0.0,1.2634112674332085,1014.3028830649928,0.98026484172275,52.49999999999702,1735.1607682984568,nan,nan,149.24134557430045,346.90996318575884,841.7388448206952,130.36661092866132,140.79593980295422,1068207104,9.860723347472938e-18,1.7142748045705039,1.5348458596964436,clean,47.10780486711381,6.643136947696603,11.897952549791682,15.761211149170318,4.428082351620495,7.6555220966054645,13.876398527430359,0.0,0.0,-6.109999999999914,-16.680630837562084,-23.95221551253554,-9.482940637037213,0.0,-1.1280035535779467,-34.23556900873222,0.0,4.062941444311031,-32.07058298430168,-18.908548748484044,-6.868586884965532,-3.6900094543561406,0.0,-80.0,56147
-133.29941540449937,32.40846499057787,170.6187015695836,61.08003136020858,22.683827414240533,8.93319744666372,26.68203532123689,0.7406469474010396,477.5555338630339,0.0,False,LOSS_OF_CONTROL,528,52.799999999997006,1,698363.7758780894,1324.2321372804388,4642.870621986701,34.570841287217824,dry,0.9765144239961179,5.339892170359327,-3.2562902324576113,0.0,0.0,0.2662985615895215,1014.5630255301392,0.9847433033080835,42.99999999999756,1372.4593312883774,nan,nan,139.05772998430365,477.5555338630339,936.4795992578651,125.40418308273912,135.43651772935826,902462478,2.7367336281391594e-23,1.728203858377894,1.9178941036188142,clean,40.429763637991435,5.640290563669127,9.105490306380089,13.659244669225664,4.05708181920995,9.024920451939131,19.102221354521348,0.0,0.0,-5.279999999999932,-20.782189135793217,-27.55901059758056,-11.411967026246398,0.0,-1.3627310716885443,-28.41247118418132,0.0,6.906861807646511,-37.225593745439575,-18.635370642112875,-7.1084087409777705,-3.4475478710622927,0.0,-80.0,56675
-137.5184049179897,34.40033892179412,179.27002506106405,60.36437748223878,29.347510886604102,9.98515434037005,33.81547808584649,0.7593608443532978,608.3174543439098,0.0,False,LOSS_OF_CONTROL,592,59.19999999999936,1,703430.7139266161,1331.7200552217632,4441.561792024887,496.13295459062186,dry,0.9582651676896433,2.3418753688019773,-1.4918843851982801,0.0,0.0,-1.4619940988876694,1015.1160529039626,0.9675597525357107,48.69999999999724,1552.8860478242177,nan,nan,130.55950963489278,608.3174543439098,2370.062563568055,125.44644682837243,135.48216257464225,1136689207,8.099425870404011e-25,1.5609763518632964,2.153983436662933,clean,44.49412389190681,3.078971183167731,10.623489748621292,13.97682812360183,4.5459565297798115,9.745981625387822,24.332698173756402,0.0,0.0,-5.919999999999918,-26.102243094230225,-26.30260629498039,-10.437316719812236,0.0,-1.9143048963280376,-33.087151077789436,0.0,3.552140250014889,-37.85503689489643,-20.069693848389083,-6.2761906471764375,-3.904050970623883,0.0,-80.0,57267
-138.5280193438404,39.22333325795945,180.24772964028963,60.82499968905173,34.01701562706097,9.732539096611166,43.52869597767304,0.7214638377060829,745.5455754792005,0.0,False,LOSS_OF_CONTROL,501,50.09999999999716,1,696082.6720848242,1328.9482422636686,4732.274254928401,196.94181882999501,dry,0.9927593737728244,7.50481310063913,-2.5822755812543847,0.0,0.0,-2.551812087930511,1013.4965816818838,0.9720973933735657,38.7999999999978,1313.7133179723774,nan,nan,119.58152932393519,745.5455754792005,3710.21596026707,124.65157728843988,134.62370347151509,494452712,2.872195232460276e-26,1.6673199223803135,2.6251486684440835,clean,40.17540270168117,2.357508892880931,7.909940174789409,12.650875524155472,5.60451433442634,10.620430454074391,29.82182301916802,0.0,0.0,-5.009999999999938,-28.222397707027593,-25.46421035482104,-8.40573451056379,0.0,-3.5226670814165493,-26.23772058674552,0.0,2.9646394618507697,-38.73656471964281,-24.2018402740334,-6.518490505319832,-4.313528167296357,0.0,-80.0,57768
-160.6036700050438,37.09511682809455,178.0613060917623,60.18405944259967,24.516431084692034,8.676514890278526,34.47500282885825,0.7459718198145089,511.228050726647,0.0,False,LOSS_OF_CONTROL,549,54.899999999996886,1,710243.5968844232,1324.2010604328623,4443.719631392392,325.91294232717405,dry,0.952569012822452,0.1547502192489656,1.0811995572077846,0.0,0.0,3.7366214014306003,1011.9486225186558,0.9756923426594399,44.49999999999748,1533.5874772429079,nan,nan,139.42276119139333,511.228050726647,1168.6606150338255,127.38911302444575,137.5802420664014,1687461942,2.232894482618156e-25,1.7092222617908053,2.318698010502274,clean,44.428330131245644,2.0926341099193486,8.818471146660704,14.01242289485813,4.2648414497428515,9.753421741385857,20.449122029065883,0.0,0.0,-5.489999999999927,-29.542582210867096,-22.680396399481793,-8.622363858191466,0.0,-5.7132611002536136,-29.953567946032013,0.0,2.530754621865131,-46.23944021653809,-25.153335609017738,-7.729925261783476,-5.828795527621757,0.0,-80.0,58317
-196.14110695184104,93.56933513490384,403.95549982961285,30.66733858556816,24.44343447684837,9.29273857970478,42.71249237227255,0.69503409368781,543.5012776139436,0.0,False,ENVELOPE_VIOLATION,569,56.89999999999753,1,671328.1299666809,1329.3001116387852,4241.8095724199475,468.88843354163583,dry,0.9522344087315183,0.8869901685534298,1.698210635395745,0.0,0.0,0.038585984690257646,1011.9640698653534,0.9743201911656302,41.49999999999765,1371.1472556330116,nan,nan,168.38598299437197,404.9327814956749,-4421.62979487144,123.06202337291661,132.90698524274995,166879142,6.146099705612766e-109,2.168741353256922,2.4757475918077163,clean,47.536826663523726,2.2470109560662177,8.265514750222918,13.386801041284402,4.693542863363752,10.413507718484611,16.197311259826996,0.0,0.0,-5.689999999999923,-48.74034868691391,-36.253170410310545,-19.00883187175775,0.0,-13.822647069519627,-28.810707604513198,0.0,2.522802623378034,-53.00183475001527,-29.83917943162972,-9.857722986069485,-6.379982017261648,0.0,-50.0,58886
-184.95291594328563,35.22756175411554,210.27528309255973,60.132347078182086,5.566178197318184,3.605787447693602,32.863050082814965,0.8008945181256236,117.75907317056274,0.0,False,LOSS_OF_CONTROL,840,84.0000000000191,1,745525.3213629109,1324.5553580093883,4628.088886057273,139.68205351432727,dry,0.9659835689863542,7.494880653440019,1.1006437408167105,0.0,0.0,3.703810326709979,1013.9007199154261,0.9933261754060633,73.60000000001082,2595.513981094352,nan,nan,183.0355103248229,79.74289702988364,-1797.6165318057056,130.38179464886022,140.81233822076905,890466655,3.846646574009968e-31,1.8018640963687267,1.7360039572158847,clean,68.9681404408615,5.369602720951012,17.419903198927337,16.27028850205053,4.775459956732979,4.513565247781643,3.1897158811953457,0.0,0.0,-8.399999999999865,-36.61985138507029,-22.657967113529576,-8.317702991108147,0.0,-6.4008421156305255,-50.13187711574256,0.0,5.870177989997916,-57.43216913111843,-31.688574600066765,-6.075042738538092,-3.605742690978962,0.0,-80.0,59726
-102.0747675751635,12.576683624708496,30.45476213478679,11.278130260671006,0.4466543657421257,0.03846530834410357,6.1266024438343445,0.8287238385180786,6.269760431097438,0.0,False,RUNWAY_EXCURSION,661,66.10000000000485,1,737869.3306274047,1323.575878017305,4242.577393899662,475.87805884910966,dry,0.9963414031289775,1.7566557748711995,0.9603308764387091,0.0,0.0,2.4581639436373655,1014.6654947089559,0.9857406161238215,nan,nan,nan,nan,155.20759955692387,6.269760431097438,178.23957618810837,129.38471582638496,139.73549309249577,605291690,0.07409969930330508,0.39418596696521524,0.5928625162835636,clean,46.78507208039112,3.573514570015379,13.452354805645054,16.849304624439327,2.191372821225394,0.0,0.2507904172438976,0.0,0.0,-6.6099999999999035,-11.616925980929244,-0.3728016767801029,-0.2273258116660524,0.0,-0.0033413795061874732,-40.88648564868011,0.0,4.460373053905028,-50.659854876162875,-18.094011101386727,-0.4529700685833641,-0.7138334043335296,0.0,-60.0,60387
-169.95089141580516,39.768866729649886,202.78284225932939,60.501574534270176,7.893080249429472,4.47684531199537,32.28666937319032,0.7815748188845083,262.3262805314571,0.0,False,LOSS_OF_CONTROL,539,53.89999999999694,1,732849.2569994844,1330.8820210116855,4675.009895697929,488.7923976422213,dry,0.9502413407215292,1.0519575311986866,-0.23021489762063752,0.0,0.0,1.0004729005500295,1010.3509974222178,0.9779328143470776,43.499999999997534,1523.1758439144232,nan,nan,165.28683871415944,262.07385424686083,-201.78209490498097,128.89436441546533,139.20591356870256,1577291459,3.9130804977450506e-31,2.0473810175230867,1.756260913515263,clean,45.799183348860545,2.757422481464734,8.282425861625889,13.61430715037661,7.218979666362906,8.564077713205094,10.48295416987443,0.0,0.0,-5.3899999999999295,-28.83785308531558,-26.24413924259673,-9.797599012649599,0.0,-3.9207160833519565,-31.218432077965865,0.0,3.17826780885582,-53.60254000426497,-21.168279957225657,-6.496083665847861,-3.1728664872124965,0.0,-80.0,60926
-160.05129069362212,40.662019340024976,186.73675811620444,60.12574269665238,7.985764900229665,3.158908137283188,37.57304941798295,0.7431380027173309,316.26694161262714,0.0,False,LOSS_OF_CONTROL,459,45.8999999999974,1,694468.186042795,1329.100006153033,4668.049097580738,400.89488902587453,dry,0.9798577636181769,5.734121268232989,-1.2651703481299887,0.0,0.0,-2.7475261229245334,1013.4612602156507,0.978613296158569,33.89999999999808,1220.8639222880804,nan,nan,164.25576884017926,316.26694161262714,164.53585805596768,124.466436359302,134.42375126804617,1609096917,5.350499917806631e-29,2.4151485203413525,1.712040315054076,clean,42.053641555997274,2.790999892935912,6.584710564811021,10.521736030378879,11.720284748414985,9.532849899896172,12.650677664505084,0.0,0.0,-4.589999999999947,-28.755080789186795,-14.047764866712443,-11.017582143018048,0.0,-7.321890373020294,-24.949730886178955,0.0,3.6789782669427686,-50.373317898740865,-29.17851038875981,-5.441503299894182,-3.909788671992497,0.0,-80.0,61385
-159.48246449214994,31.388866678096647,158.53421474396865,60.98410276778601,7.246426469775083,4.575728954287715,35.999677172919704,0.7558841396501094,274.06992995902283,0.0,False,LOSS_OF_CONTROL,552,55.19999999999687,1,763608.2677153517,1324.4056808432367,4717.459961932085,251.95439642240964,dry,0.9865851887068655,6.146533743533577,0.018713698283045144,0.0,0.0,2.1080419875915988,1011.3179479023381,0.9844667072154347,43.09999999999756,1568.291567972508,nan,nan,164.75998254743433,274.0526751564138,-48.111353727509254,131.76023824055852,142.3010572998032,1527167700,7.380859721247782e-22,2.143029724444761,1.6700913242037716,clean,49.9807822880872,4.016544393707497,8.684787225045921,13.459490498356452,10.675949428705485,9.00200962864208,10.962107006256552,0.0,0.0,-5.519999999999927,-27.116150183219695,-13.761045721821263,-8.566914163958542,0.0,-6.3869748231833166,-30.53414138986446,0.0,4.872345112125079,-54.278287482017284,-35.90743744436908,-5.8245609310758555,-3.2409679335662394,0.0,-80.0,61937
-143.22351300248,30.590396400895816,149.50797129110566,61.22512898149463,10.04830438103062,8.199289204370066,39.573286523695934,0.7582222152582915,418.2233520248449,0.0,False,LOSS_OF_CONTROL,548,54.79999999999689,1,762871.9702361121,1324.2011139670667,4250.748523497559,183.5749394244041,dry,0.969357735691223,7.236401146437947,-0.574710588574129,0.0,0.0,-1.1587232876762696,1015.128928725575,0.9820906534725967,42.599999999997586,1555.6763476205315,nan,nan,152.2582122231806,418.2233520248449,1507.9590367740138,130.7074560998114,141.1640525877963,1985281331,4.592378185958709e-20,1.9548233339780983,1.9257694839562163,clean,49.973710382730026,4.0058031894239265,9.974960952727757,13.391229329670274,13.160909191962851,10.810803980999099,16.7289340809938,0.0,0.0,-5.479999999999928,-28.111733848661192,-18.5300741779438,-5.5738044873865835,0.0,-2.1988919415951638,-30.310703906448296,0.0,4.855912692225856,-61.96515984518087,-24.797955830543824,-6.050304210802476,-3.1071485546507347,0.0,-80.0,62485
-98.18733680655512,18.23391732842004,94.88983400645026,34.31385872207079,31.58860715926,16.101505766166124,21.78517963390095,0.7458797336192348,1548.7889018931855,0.0,False,UNSTABLE_AFTER_LIFTOFF,700,70.00000000000796,1,747826.7748558369,1327.5582740937657,4389.676072662518,421.30012583601376,dry,0.9824578879800575,3.184428620520224,-2.5795733058014463,0.0,0.0,0.2817604652330692,1010.2790598791399,0.9433346308056166,42.99999999999756,1489.106308001675,60.40000000000032,nan,98.39626072581949,1548.7889018931855,1396.3569628440264,130.0475446725118,140.45134824631276,2001582934,1.307927150728534e-07,0.7698418880825472,1.0946386817587908,clean,66.70199746401985,6.911113360826584,13.965767653248584,13.318752453684626,14.208526919125918,25.642934058796182,39.999999999999986,0.0,0.0,-6.999999999999895,-20.04706512789533,-22.77386484366076,-2.3259385534449883,-8.007201474212318,-8.731843622777543,-37.93449881453739,0.0,9.12768423445431,-75.27355963071386,-32.27953846308935,-3.3888235935117854,-0.3017788268668675,0.0,-70.0,63185
-90.59065107446192,20.405498108646693,122.39942282308068,60.58748027894375,15.447815916617687,6.661162819183285,38.05705330440173,0.7329923023292628,1085.143127069083,0.0,False,LOSS_OF_CONTROL,652,65.20000000000414,1,750352.5200525752,1326.5497133422678,4611.50121645513,343.5342735079444,dry,0.9931734855828559,4.186382817382873,-3.0779104458263964,0.0,0.0,4.215663942857455,1015.8646148416051,0.9591112140915419,40.79999999999769,1454.8510432900223,63.10000000000247,nan,133.1931110977989,1085.143127069083,1651.9119604455593,130.79126095478088,141.25456183116336,396530695,2.2045010011728564e-14,1.6525078486802367,1.7896560376687074,clean,66.86952052146168,6.731148445787475,12.778712657543384,13.122560035958202,26.25863214297502,22.97917087589582,39.999999999999986,0.0,0.0,-6.519999999999905,-18.490243514366945,-24.471050044994573,-6.295873281071148,0.0,-0.16882733547420822,-34.631835696080294,0.0,7.59095761222939,-70.37830615600275,-35.85178371527978,-6.010697900879487,-4.10273572216275,0.0,-80.0,63837
-92.5713148884976,25.486687204665937,109.70013281019861,60.67973597849504,12.761719071808947,2.341218788872799,20.985635503911013,0.7258100193102047,983.4262041069542,0.0,False,LOSS_OF_CONTROL,574,57.39999999999793,1,703388.0325996175,1331.6415233322841,4653.516634195125,454.2171466177736,dry,0.9545038057942602,3.8828863759170478,-3.52918707696278,0.0,0.0,4.57993194984863,1012.791776562008,0.9594400103272464,34.89999999999802,1238.8293560804952,nan,nan,136.83749906849118,963.6623456784198,-1862.5790876076867,126.90296154437051,137.05519846792015,246815950,5.498080393711841e-13,1.0686330198694196,2.1245188485718445,clean,59.17437594635342,3.1727601910827876,11.412621536104762,10.895562352376096,22.664279993375523,19.55118075857565,38.5464938271368,0.0,0.0,-5.739999999999922,-29.251562400428465,-16.153749131379552,-3.5560047760828257,0.0,-7.217680408989224,-30.259296481433683,0.0,3.603376477860351,-49.6367599382476,-28.832353530441832,-7.464570272074929,-3.4799890322844527,0.0,-80.0,64411
-104.40625637177513,28.296692347701324,125.14681456800389,60.81376181158068,11.809161891997368,2.2936840916850505,26.466037429142737,0.6954479995552956,899.5756005729911,0.0,False,LOSS_OF_CONTROL,559,55.89999999999683,1,695848.2384743824,1330.501620457964,4516.331225938555,382.72913223158747,dry,0.9694499962144834,7.40611192973096,2.0044629021961224,0.0,0.0,-1.7245276285314866,1014.4916570042833,0.9632805363323417,32.69999999999815,1168.5479004754752,nan,nan,154.23363725365488,869.7459464132114,-1719.7475458637225,124.74973517887989,134.7297139931903,284241473,7.833837739808906e-16,1.6046095849130488,2.23535608450729,clean,58.79973116424268,4.226744165919091,10.88076675850744,10.079900480275333,22.189752178276557,18.94316167562866,34.78983785652845,0.0,0.0,-5.589999999999925,-31.00737425772975,-26.635944988431596,-2.787567313981791,0.0,-9.369667826118494,-27.834425952213522,0.0,3.7881937598784488,-49.249858367237415,-25.05917845010178,-6.602214615533216,-3.968112639683787,0.0,-80.0,64970
-87.68603523522509,31.586060295997076,152.90937611597394,60.08895313571733,11.516003057451092,5.602779112832307,36.614345966735215,0.6836909556826449,973.6318007811661,0.0,False,LOSS_OF_CONTROL,563,56.299999999997056,1,702066.7084428237,1327.1558274874033,4790.870060335704,94.63832631773633,dry,0.9546922681965699,3.661201097311218,-3.689794339194803,0.0,0.0,-1.3986185729530831,1015.7993250538417,0.9687811683187962,31.999999999998188,1155.4127686595693,nan,nan,144.3856543249992,967.3487451929531,-730.8049829052377,125.2964528907567,135.32016912201723,1565548042,2.4973438300152536e-20,1.789481383294633,2.3132961268151995,clean,59.444849481635,4.147443396717688,11.06524895446983,9.803890880529696,25.138829838310286,20.481890211923073,38.693949807718134,0.0,0.0,-5.629999999999924,-29.633940774127215,-26.649134317426032,-3.987279291564317,0.0,-4.265982553121627,-27.52359007286258,0.0,5.700834959981726,-43.02937723584957,-30.895383640887744,-6.207421079643704,-4.340863801027373,0.0,-80.0,65533
-151.40126195333158,37.53413737184454,173.83060402703924,61.26279656007504,18.53386735652363,3.449850790959724,33.372418921475806,0.7084768401955983,1149.6643237066999,0.0,False,LOSS_OF_CONTROL,602,60.20000000000016,1,711014.3355711704,1322.5840606574907,4200.77816912812,143.68876177147277,dry,0.953725457368326,7.073581934822691,-0.10198700398376603,0.0,0.0,-2.306975358780903,1012.7560894104279,0.9660074001044988,33.999999999998074,1201.7529934838126,52.19999999999704,nan,138.3273955847525,1011.627976934318,-4740.368046882113,126.08149028120711,136.1680095037037,2083753425,2.137936397923586e-24,1.327188939498694,2.4600859223968357,clean,61.68175572906676,4.240410925783491,9.608573318594123,10.352216273824796,20.331741755908034,21.162907814040956,40.0,0.0,0.0,-6.019999999999916,-39.019233376535354,-30.684992435306295,-9.019683001578818,0.0,-11.566452468707155,-30.88471478749862,0.0,6.823522115068902,-61.90510847019012,-44.702906356138335,-8.23836370724227,-3.56093528242058,0.0,-80.0,66135
-206.51542387231848,45.25151991544462,211.56456867536477,61.04008554079994,18.077744056697227,4.6927534558538095,45.86476628971272,0.6811425630123388,1291.6767405183255,0.0,False,LOSS_OF_CONTROL,620,62.00000000000159,1,693710.4812224726,1323.900429400676,4693.93551834692,355.8849943472838,dry,0.9972735888354599,7.934023595796599,-3.2497693971969843,0.0,0.0,0.10041244227564317,1013.3923061302374,0.9549465576647901,32.399999999998165,1163.9874567974402,50.99999999999711,nan,118.98030333540787,1199.2264860314544,-3757.833498717162,125.0218965234892,135.02364824536835,1991627720,2.1213284906412686e-33,1.401978689051139,3.574725025951647,clean,63.07614112364118,5.078630787822669,8.747712894693136,9.880040075729593,21.239052364772572,24.465707433688944,39.99999999999998,0.0,0.0,-6.199999999999912,-54.242253801836064,-42.193433332243536,-14.414541911747378,0.0,-33.60377322829438,-30.398536299636525,0.0,9.131493018020684,-61.804304946935595,-50.73793381225597,-10.67781150976224,-3.8616127279741628,0.0,-80.0,66755
-144.04236718742425,40.70966437302502,195.75319356680615,60.5233694138003,13.378488708743683,3.087155632774583,37.6676286517523,0.6775372580706336,1220.6019230382176,0.12745098039215685,False,LOSS_OF_CONTROL,623,62.30000000000183,1,690935.6886902702,1324.8826240737305,4349.353160634284,248.2396135745577,dry,0.9858864782740918,5.913217722051692,2.2310997980169263,0.0,0.0,-0.7102886825202708,1015.279822592941,0.9596868384804461,33.099999999998126,1141.964497756345,52.19999999999704,nan,141.8729970766255,1134.8935254844205,-3577.9533978154905,124.48015100213813,134.4385630823092,1435036778,3.2806909241205865e-29,1.5307963095816193,2.449307179206638,clean,66.13806331755143,4.730663271823754,9.154674337691985,10.08875611046381,21.75043103354787,24.19711366524825,39.99999999999999,1.3,0.0,-6.229999999999912,-41.32051590618437,-31.62956570995073,-9.509010729011296,0.0,-11.027687712781047,-30.261628114871296,0.0,6.3109979292704015,-56.01963535954562,-47.45170956021022,-8.99799118416693,-5.2653225762992175,0.0,-80.0,67378
-202.09513195725614,33.51469655170166,137.13188830577326,29.385856031518863,9.94609971518064,3.5306569495222173,23.228928508434684,0.7009225454789574,786.6375010904777,0.0,False,CRASH,682,68.20000000000653,1,724628.9134673185,1327.1905818612531,4580.278680868042,135.68991598695186,dry,0.9505745698855486,2.9366842877977417,3.7431088460358923,0.0,0.0,1.169692646737297,1012.449040105576,0.9949963530249211,35.399999999997995,1257.9993786204818,nan,nan,209.92061366897036,24.14258887781628,-4915.860049545342,128.07401594691416,138.3199372226673,2078605664,3.049891019173879e-15,1.6031189941158954,3.288576276519176,clean,79.5145279297047,6.5396052986933295,12.322407560448934,11.162379812759083,24.250764207355903,18.673782315598046,0.9657035551126685,0.0,0.0,-6.819999999999899,-41.42822180773766,-31.725839061862157,-4.693470775478837,0.0,-13.47038756766747,-34.689148454871045,0.0,11.689495213472505,-61.2637499230123,-52.83711096928061,-10.796286897775015,-9.489582392714926,0.0,-100.0,68060
-118.21982545363939,12.640107924566236,27.868112962075994,23.293116976923347,12.360712498910587,2.9404759853693907,10.626273256001978,0.7297770849863694,1033.4201786923825,0.0,False,LOSS_OF_CONTROL,750,75.00000000001194,1,767156.4838103467,1330.384131133422,4458.14358310175,160.4624831672201,dry,0.9922910774976331,6.6382607189175555,3.908742791142175,0.0,0.0,0.30437860773347936,1012.5284854133234,0.976251490303115,41.09999999999767,1491.873890905063,64.60000000000366,nan,157.88877678765,647.4276139476306,-6736.226681411213,131.5763122354662,142.1024172143035,1871024368,0.013152059935336836,1.0011490627988058,0.8251985641520871,clean,82.25171897035658,7.737702111381634,12.840789439914758,13.057396459632105,23.967327929565172,23.399061564096222,25.897104557905248,0.0,0.0,-7.4999999999998845,-13.314360695390185,-20.799201734292325,-3.1002728117470157,0.0,-21.710725911817576,-39.91758163154379,0.0,11.64746437687565,-72.59573639212225,-54.18442024251196,-1.4934499682256657,-4.402641475714595,0.0,-80.0,68810
-113.31266833450273,12.110331770869076,40.19379491059801,38.443166420482065,9.901360021663882,2.717797510122685,10.347297806987424,0.7142760251340775,835.657836756068,0.0,False,CRASH,747,74.7000000000117,1,763007.9488962732,1326.3632281913133,4606.456537272685,469.93613072990763,dry,0.9946025132558662,6.939702317314787,1.0227145648889735,0.0,0.0,4.321742259471709,1014.9377203569189,0.9850555197419394,39.29999999999777,1491.1091758154214,nan,nan,168.2776436311039,39.35465671329007,-6168.419176101597,131.97375624127378,142.5316567405757,31581548,0.0002521235040961724,1.3331841577421695,2.495117848041083,clean,85.76963201108632,7.26205242294594,15.141037559789245,12.595801880569498,19.48873929193073,21.432282633110088,1.5741862685316166,0.0,0.0,-7.469999999999885,-12.172791254843219,-11.561078876317271,-0.8063788963666831,0.0,-4.927137940112664,-38.74495608783608,0.0,10.367709395178471,-54.567181712472916,-49.55753552762904,-2.6603866627384383,-4.47666283932762,0.0,-100.0,69557
-304.9400567160468,37.33113462401517,78.20817204733915,19.5919847479135,18.85792134946064,4.15779842960048,16.33802757507992,0.6731889470501512,1094.6525047261466,0.0,False,CRASH,764,76.40000000001305,1,712315.5549974734,1323.5703494319916,4238.661938260541,275.9910220381197,dry,0.9511870628071594,2.2285301681991116,1.196850442544687,0.0,0.0,-2.000035280659281,1013.454737236329,0.990689838293915,34.699999999998035,1222.5412825137364,55.099999999996875,nan,177.0920468517144,28.929038265967108,-5786.27572667854,126.22101584823093,136.31869711608942,256059213,7.891105177951567e-09,1.106305274075841,1.5397766258887355,clean,82.48554354003319,4.153904265265024,10.29391988223982,10.784377723584035,19.75672642175882,22.478362530657954,1.1571615306386893,0.0,0.0,-7.6399999999998816,-101.99260665991196,-9.41152027170497,-9.511918481801992,0.0,-39.36883111893897,-36.93691139250295,0.0,6.195133208848315,-85.88539134672045,-59.08022386505898,-6.785057935626461,-5.632724746804641,0.0,-100.0,70321
-151.61561995605624,9.927335932418652,31.910622350077997,18.72626830914094,17.01996098122295,3.166638761834022,13.365588625570977,0.7149844125413047,940.8403679257159,0.0,False,CRASH,636,63.600000000002865,1,690887.4730911776,1323.5070841287277,4277.701967831293,437.648450971804,dry,0.9773179220067031,1.0669430508648485,-2.125259273335873,0.0,0.0,-2.46531520342812,1011.8373257491361,0.9856184417643845,32.29999999999817,1141.2519285337985,nan,nan,178.3108010458489,39.68348198238175,-5732.546303758148,124.30613914458904,134.25063027615616,1854652970,0.019333159054497957,1.1195673136942532,1.6502217503732408,clean,67.94874380641411,7.372034732848847,12.923172374370694,9.803244830754185,19.206200259258367,17.876597696479298,1.5873392792952292,0.0,0.0,-6.359999999999909,-6.96434124253306,-12.616603687999595,-1.716694084625883,0.0,-10.418148815777586,-32.87186391048163,0.0,10.610266522041591,-63.63123333126232,-50.59308179582512,-6.8041692297029535,-6.967083359309352,0.0,-100.0,70957
-215.01859278914176,17.887678418764818,38.87809216318137,43.95448204968939,12.038121266790393,4.524425907752318,14.120522672772823,0.6924037752463853,938.8328706358693,0.0,False,CRASH,748,74.80000000001178,1,739151.1511882012,1330.2858072458973,4628.029995964896,140.0846021608987,dry,0.9624008782934452,5.9626520688360305,-0.11361994193351821,0.0,0.0,0.6589639027536816,1013.1451392630986,0.9951493951673305,36.39999999999794,1306.2673396440944,nan,nan,187.606284203268,13.78287676786266,-6434.718067433822,129.19238557508234,139.52777642108893,176863876,7.256417919338974e-06,1.7612991330512282,2.336319240439708,clean,84.12095863346492,6.303937612640814,11.844482553312838,11.635368442015212,27.740099922743127,23.643862374549318,0.5513150707144716,0.0,0.0,-7.479999999999885,-26.592982370159095,-40.77148733244403,-3.3670330643801947,0.0,-26.19331086702628,-37.18276277049038,0.0,6.75156675968896,-71.62017783091125,-55.509074034507016,-10.057511410479535,-8.835844477872147,0.0,-100.0,71705
-207.4189262365697,30.72692944565651,151.95754421324636,58.39646651080368,11.959588636731281,3.881242496823348,16.217610016188996,0.6768740853902808,614.8104688400208,0.0,False,CRASH,582,58.19999999999857,1,676769.8242310743,1323.3991473517783,4322.903375924659,285.80053568774326,dry,0.9762344510111879,1.8252204697371575,1.933886617225058,0.0,0.0,-1.9765216891822242,1010.7699977498029,0.9905818387786526,34.39999999999805,1180.9074903368012,nan,nan,148.51950008496883,22.28396887693839,-5498.972600480481,123.19974251004216,133.05572191084553,2107100303,6.7292052387144585e-21,2.3893790546138707,3.280181125846975,clean,56.78816523072083,6.626739892979301,11.289456807937736,10.714155517007027,21.407763210218718,14.211486407358379,0.8913587550775308,0.0,0.0,-5.81999999999992,-25.788535694412527,-46.79646802019616,-3.868362289678688,0.0,-17.93627083764678,-28.233002283855967,0.0,10.135042121295907,-54.26483998668856,-44.50229680806201,-6.594661789067483,-5.678656469556146,0.0,-100.0,72287
-213.4333226724955,17.344939676209947,53.53103207124579,43.478222669420276,15.418171378364242,6.82497626732131,11.958016448924338,0.7576267427462324,1085.8043651061428,0.0,False,CRASH,783,78.30000000001456,1,738409.0744201037,1327.866308386434,4231.460141465563,428.740737891828,dry,0.9578476063264635,5.335033972455162,-3.418151947651142,0.0,0.0,-0.738207854967948,1014.5562638380483,0.9867973991819942,39.29999999999777,1500.8926975167346,61.400000000001114,nan,190.30756467290212,11.115855381303106,-4337.171039479499,128.72518447111838,139.02319922880787,1776774048,1.7652213958757296e-06,1.80226574014175,2.323206993352085,clean,89.36321048475594,9.28833345242281,14.812704543171145,11.910182201941543,22.560683923017123,23.35320046606732,0.44463421525210073,0.0,0.0,-7.8299999999998775,-26.173683116308485,-31.995689654412985,-2.478173311603446,0.0,-20.04918825336752,-43.405218636644825,0.0,11.365303149358573,-83.37489051981086,-62.17279449411929,-10.764768231162716,-8.287168891050293,0.0,-100.0,73070
-161.66830216687242,14.49021624410276,61.415492417493866,31.596937693579246,13.721540446588492,3.082573339598799,13.251639719682283,0.7449259569335999,705.8046922159477,0.0,False,CRASH,674,67.40000000000589,1,706507.532148777,1324.3678685690056,4705.4560430894035,314.68991963819985,dry,0.9866137836204674,4.458163984222593,-2.6402314392085167,0.0,0.0,1.9277673672644093,1015.8789681890846,0.989554762064304,34.29999999999806,1204.0930674322385,nan,nan,207.89433882352367,33.380703756059745,-6878.22771331132,126.41407256192525,136.52719836687928,2055593207,0.000122840234558725,0.9271738990189746,2.008309820944543,clean,76.46334280306091,4.790156315364178,12.719066128215387,10.705727984175725,19.56373966526235,17.930532774067473,1.3352281502423908,0.0,0.0,-6.739999999999901,-15.70505205721067,-34.42929836595577,-1.7401898668457785,0.0,-6.938341761136586,-36.48020871192383,0.0,5.78979474250059,-52.9974358082288,-38.999716831060994,-11.165147293725834,-5.770500033672614,0.0,-100.0,73744
-174.63543163356826,19.096668923031377,90.9057230750623,37.520112809611,12.344806795695684,1.4236432204395035,11.96438337388962,0.7551691557722865,1176.8093560917487,0.12138728323699421,False,LOSS_OF_CONTROL,726,72.60000000001003,1,687012.8117382864,1325.7257568370826,4758.297866648807,425.8426819080006,dry,0.9908970499865276,5.1024537015512115,-0.39057508724806445,0.0,0.0,-2.5901667826309955,1012.3846576614483,0.979460864307335,33.19999999999812,1230.8328747875323,55.39999999999686,nan,197.7500886372118,262.30348229742174,-9547.101072601876,123.89648561324235,133.80820446230175,773786671,1.0599245284088294e-07,0.9088044290028353,1.6629291730820364,clean,84.10815753625322,5.815791629324127,12.374485468148753,9.92838497559116,25.87912162864362,25.827387427509716,10.492139291896848,2.1000000000000005,0.0,-7.25999999999989,-25.085166750289698,-44.92847890720625,-2.078518737662465,0.0,-9.283346994767768,-40.10673589043261,0.0,6.624912167674288,-84.90597103363136,-57.34976524615302,-4.172302305303009,-2.6155258931618635,0.0,-80.0,74470
-189.22533470100814,21.70594784712719,54.49575011791996,34.04485344188234,24.118373467676864,10.60875244911533,13.840617587028795,0.745674454815896,891.9806543580216,0.0,False,LOSS_OF_CONTROL,721,72.10000000000963,1,755022.3368937504,1330.6684110719505,4302.6004720992005,263.1016195852045,dry,0.9943960601849047,5.505794838869331,1.8019212229671395,0.0,0.0,1.8622670844850084,1014.9513369236471,0.9833124453135564,36.89999999999791,1405.8497534318194,nan,nan,162.9033982817121,302.2174626425453,-8236.108126360637,130.7272909538511,141.1854742301592,319468283,2.5260749805400605e-05,1.0568837439459944,1.3777956769723558,clean,74.64718930379468,6.291997170678095,13.95202540235597,11.616128683864504,15.736008267195635,22.256167653804862,12.088698505701812,0.0,0.0,-7.209999999999891,-37.74420355225887,-28.796840502710644,-4.260461263016585,-0.05675716871260104,-17.087824861447267,-39.16700215592084,0.0,6.612286233717985,-75.9364896611474,-54.0841540625705,-4.586307840161182,-3.495794854174422,0.0,-80.0,75191
-149.897224645292,17.860958478398963,39.465436775234544,47.39344072087754,18.144162823116673,4.265681400662896,10.25157887675186,0.7420384552405807,946.4119028350696,0.0,False,LOSS_OF_CONTROL,686,68.60000000000684,1,696141.6295693693,1330.8550700389296,4533.737995796053,370.9449205247425,dry,0.976403858201878,0.33577678920975274,0.8542111496189486,0.0,0.0,-1.8184327111289598,1014.0250828215179,0.9758048370686864,32.29999999999817,1174.4376388552287,nan,nan,156.59474758880242,445.8524719492289,-6816.53392490172,124.78427390813889,134.76701582079,1109958447,2.1717520400211644e-05,1.084478328173246,1.8949427690737428,clean,73.65375554735823,4.665958008833616,13.494211419876676,9.880219528065686,22.319244513474423,22.006808392436305,17.83409887796917,0.0,0.0,-6.859999999999898,-24.315943634247223,-25.634076653466416,-0.9771953597216542,0.0,-3.7130328852844783,-37.17631779652339,0.0,6.976493345364309,-75.85524163567841,-54.44723636809113,-5.956011576829257,-5.792958368827026,0.0,-80.0,75877
-170.51963596058593,20.594739225987638,48.75881996958789,31.567785334870734,17.233556292858758,4.46678780263841,11.04700787145137,0.7377480235730309,967.9374314454425,0.0,False,LOSS_OF_CONTROL,634,63.400000000002706,1,682639.2560593309,1327.4059538526858,4753.316968357711,87.33437284549412,dry,0.999020957153033,4.195482946558406,-1.8111713107856366,0.0,0.0,3.6419391196286535,1011.0612179391211,0.9826364710593005,31.59999999999821,1114.91785301211,nan,nan,161.2033112369097,504.5548154581685,-7332.860484370224,124.92355535617043,134.91743978466405,2088704472,0.00011523731543770895,0.9950800029000854,1.9012701231170577,clean,67.22970423724264,4.956870729922647,9.185258495836779,9.816808684827011,22.757547233494833,22.127957807820618,20.182192618326727,0.0,0.0,-6.339999999999909,-29.878537991177662,-37.967066687267874,-3.1297042219058886,0.0,-13.234706460676925,-33.816431583187665,0.0,6.374105473158843,-66.82683515224115,-52.513363912904374,-5.812347720537472,-3.6310875113157395,0.0,-80.0,76511
-193.84775505327264,23.795429565021596,81.58630278277487,30.90231903366858,10.480849913424878,3.0215232418695233,15.191165420003413,0.7584210857890089,786.9555158874277,0.0,False,CRASH,704,70.40000000000828,1,701113.1298308875,1324.6277341796058,4388.8605567396,7.01833860989054,dry,0.9764622697262992,5.2406302336401485,-3.637107496700908,0.0,0.0,1.7983357172972374,1015.724282117547,0.998209991810961,32.99999999999813,1202.3528472467585,nan,nan,174.3913461041802,41.823971962130585,-6480.431655915293,125.91203120891605,135.98499370562934,788603697,4.3743141407796335e-08,1.7970895303810321,2.3114126834027235,clean,79.85119585002681,5.7824118990184745,11.680353097877445,10.003618641363694,27.71473009328869,23.548536076399493,1.6729588784852218,0.0,0.0,-7.039999999999894,-40.55698730388662,-29.42936231930087,-2.0466264254719464,0.0,-13.392025653139765,-39.12965948000507,0.0,8.396480743760476,-68.9951676714931,-49.280521227430896,-7.006987422537276,-5.620702830226042,0.0,-100.0,77215
-200.87677928557122,25.419442077112443,83.97357980912699,29.74395800122138,11.529597025189092,2.6018872652535228,13.62785090553294,0.749042757843254,834.4291791464778,0.0,False,CRASH,704,70.40000000000828,1,726915.3930065363,1327.761572447915,4662.42646289281,8.652168963370233,dry,0.9613077159136317,2.6874970846116852,-2.679291668356513,0.0,0.0,-1.9372622268157862,1011.5796070676583,0.9981776687439177,33.299999999998114,1181.4609166734538,nan,nan,175.4628588649543,41.139196924134694,-6757.04751131396,127.64010891520374,137.85131762842005,1911122052,5.0345626000654855e-08,1.506780792741041,2.1220609694655925,clean,78.77291058450012,7.407728900176738,11.756152519038693,10.29966796055379,29.535400596916947,22.80129674491705,1.6455678769653699,0.0,0.0,-7.039999999999894,-46.710272545742676,-31.592684467714065,-2.979242743240401,0.0,-19.35599738530477,-38.74281698350092,0.0,12.212044653432125,-71.85465010419026,-46.92745340140647,-5.412278737001899,-4.692152753969273,0.0,-100.0,77919
-201.11779869243804,21.164008587538504,46.62581587762881,21.249391257043495,13.780054989701988,3.4334434345200466,10.010455508117763,0.7543086444883685,735.3596014075828,0.0,False,CRASH,692,69.20000000000732,1,751692.3451837858,1324.7304726512539,4474.326477688286,174.7350573721238,dry,0.9505534681012041,0.8487019128276767,1.1095298537341964,0.0,0.0,3.6242824831317355,1015.4947637195828,0.9934293100154694,36.19999999999795,1347.348942008259,nan,nan,169.8557068842901,40.81562001111482,-6413.597966154686,130.79932768916734,141.26327390430075,824272794,0.0003749419282511782,1.110790993895459,1.9845020217882643,clean,74.37300867513473,7.4114817710416245,11.677792157789286,11.460583134347111,20.83633695303419,19.84844345688528,1.6326248004445802,0.0,0.0,-6.919999999999897,-34.439706618826165,-22.85875685767128,-2.1574980185874955,0.0,-15.224474459238493,-38.50947647408285,0.0,9.778979990361984,-75.1582048182922,-53.557356508337314,-6.2168788868611,-3.094696989578538,0.0,-100.0,78611
-181.22196929154694,23.694215592287858,56.47135466827463,46.51364988828204,16.823282540313116,3.25733067577977,12.643289814309126,0.7060629439949672,907.5325907905847,0.0,False,LOSS_OF_CONTROL,627,62.70000000000215,1,696279.6530061996,1323.623946650035,4214.406376793642,486.0077677122621,dry,0.9807762607176667,3.775099614370504,1.9099524974273954,0.0,0.0,-0.23886200802675273,1014.8977538700663,0.9710755910086594,32.79999999999814,1167.417204914896,nan,nan,149.13867408039224,499.9547587116065,-7309.100883425541,125.08658232580422,135.09350891186855,1766034346,7.095471730063095e-07,1.1435776389345618,2.366268667366438,clean,64.68475356526817,7.099677503034383,9.873985016060043,10.193036085001504,21.661728836142544,20.831548842151857,19.998190348464252,0.0,0.0,-6.269999999999911,-39.11197105985595,-30.56430172993949,-3.0365405065297635,0.0,-20.376628420214892,-32.0768663897077,0.0,12.95841982830803,-66.22552706703189,-57.712144183766156,-8.062494996429766,-5.0868349625007525,0.0,-80.0,79238
-219.97877924331132,22.83479077379501,61.40610390734105,28.343172380651758,12.981382716105061,2.4676741313383714,9.032515972863047,0.746896566108245,867.649028317134,0.0,False,CRASH,753,75.30000000001218,1,732351.6749877254,1328.1828218997293,4619.586572315035,443.6250835469412,dry,0.9594324381827285,6.201922223203151,3.323005435706967,0.0,0.0,4.91906628262832,1013.6962709014053,0.9858911305622446,35.59999999999798,1319.4119073238908,nan,nan,193.54368775602634,36.972153847667755,-5335.558113394708,129.50653765054267,139.86706066258608,493018052,5.180074269684228e-06,1.5335089822113195,1.1884020892886549,clean,89.15490815577648,8.212080224021516,14.043013972596732,11.187143090606195,24.844219590780316,20.621466348199796,1.4788861539067382,0.0,0.0,-7.529999999999884,-43.44267510865698,-34.450851198542765,-1.1055925899883396,0.0,-16.722055706995945,-41.150185600407696,0.0,11.801807555917819,-81.40415088283225,-62.87504643036553,-4.198017122483766,-8.443729694841906,0.0,-100.0,79991
-215.89883365106778,23.00903409637786,69.51033517244731,28.527475427428833,10.964660994586737,4.102442772474956,10.047821515949932,0.7463276785853253,991.3859557233214,0.0,False,CRASH,758,75.80000000001257,1,694947.1609880337,1322.8904692754456,4494.446557905783,79.00057656047005,dry,0.9843706642300684,4.815848794015938,-1.5610517935346562,0.0,0.0,-1.7256115486080548,1013.4386151565443,0.996108292083944,31.59999999999821,1129.5095010225525,nan,nan,173.8642326644705,40.91933965837407,-3455.853565692595,124.73345523011665,134.712131648526,1030766217,1.296505874128441e-06,1.5736127931253607,1.7718378251345623,clean,89.40918315501986,7.8782883986578955,12.483316835780078,9.611719705502207,29.06465536708073,23.554634790424842,1.636773586334991,0.0,0.0,-7.579999999999883,-40.730979385717674,-25.94440840256334,-1.8595817092143805,0.0,-24.898134535178038,-41.498757147464666,0.0,11.055265190840148,-83.26183868567124,-59.55442100509531,-7.448635416263545,-7.815914393538453,0.0,-100.0,80749
-260.95864915372965,29.875087900982727,84.45137307739445,31.51987883426121,11.441312508230297,4.901973635354144,11.106949540395927,0.7119493338466963,869.0302480179948,0.0,False,CRASH,783,78.30000000001456,1,740689.7901035508,1323.2820752717826,4613.770580552031,225.31136723220456,dry,0.9657469387383159,4.7525034079705915,-0.44515679769370875,0.0,0.0,1.9952409871216243,1011.7776880609631,0.992053516262022,34.89999999999802,1273.64686094401,nan,nan,184.51830476878277,36.87504478315512,-3973.9477326645333,129.71319094131118,140.0902462166161,701897158,1.8674171641144513e-09,1.8687986308678173,2.0364830630567456,clean,95.66774760743623,7.772127285157359,12.740066512817224,10.990545407016118,30.415035701246353,20.934482197529697,1.475001791326231,0.0,0.0,-7.8299999999998775,-59.728678075623776,-35.850179077215664,-3.13813616944742,0.0,-30.14072729785701,-40.606297945172535,0.0,8.710267251185552,-89.15318777437979,-63.44550402191624,-9.50473813079232,-10.26647441503755,0.0,-100.0,81532
-193.37635118086354,34.479757661425005,75.50842371540972,23.91288000066939,31.197789706115017,16.216615230375893,17.617185185115446,0.6877757592153725,1075.1413613086693,0.0,False,UNSTABLE_AFTER_LIFTOFF,552,55.19999999999687,1,672491.3237909375,1324.07217486764,4429.2224486250025,116.22286424271155,dry,0.9613363543839909,3.7362225873501123,-3.6938891953093,0.0,0.0,1.108044315904272,1010.7979572408285,0.9656318375477786,31.399999999998222,1107.0696210561096,50.79999999999712,nan,85.23949600514861,1065.5839457088166,-979.3558264883852,123.46807441427443,133.34552036741638,499017044,4.5955215589007325e-08,0.9354576528184337,1.0617988254585111,clean,52.319366487322945,5.35142992798941,7.2095902378828125,9.511127030765593,9.047557194627284,20.20207391327948,39.99999999999999,0.0,0.0,-5.519999999999927,-58.58725641869445,-30.210838390823177,-8.40446206839193,-4.10993820687827,-31.08839884012955,-27.290378188738494,0.0,7.330191925777961,-61.30852148389951,-44.57955644874766,-2.2115639353193215,-1.036773916885638,0.0,-70.0,82084
-136.5143980354378,38.34087940650635,87.81831865622696,12.151708149946435,32.67932115452389,16.013317236111163,16.21802679138133,0.6387920952162496,726.3859868149741,0.0,False,UNSTABLE_AFTER_LIFTOFF,473,47.29999999999732,1,703928.63333135,1324.8681313489494,4336.989966879063,402.98271125716883,dry,0.9861837243855517,4.143296264083224,0.7611049546533648,0.0,0.0,0.481048214798796,1010.7220038300137,0.9670618204908696,32.399999999998165,1137.9406883398442,nan,nan,98.1497978533376,726.3859868149741,3073.820171178138,126.18878702499434,136.2838899869939,1917029159,3.4203031299882e-09,0.5890085012578538,1.096560963823217,clean,42.08408457155725,5.859370149473942,7.226532632190694,10.144900628277105,6.913125736730951,13.827174749097862,29.055439472598973,0.0,0.0,-4.729999999999944,-49.9594919157687,-2.581988506830218,-3.7408711293355665,-6.222557077567494,-23.132306004106823,-21.593458535113054,0.0,8.151189147071868,-45.94966937776017,-29.235835564419304,-2.0674863930005767,-0.5625506185341335,0.0,-70.0,82557
-296.2340231705651,34.19211114587782,76.97318104660411,51.34602773709782,20.758643793905218,6.6012035347449425,15.932996904035331,0.722256839628211,1020.8895424144546,0.0,False,CRASH,732,73.2000000000105,1,738313.817307657,1327.6333721186502,4486.126399424114,185.54677811693472,dry,0.9607040820800359,7.28703466266751,-3.9749936130275643,0.0,0.0,2.487626903664254,1015.7304822071841,0.9935365615475948,34.39999999999805,1249.9107429385092,55.799999999996835,nan,170.8639359230368,25.232053959659822,-7218.595429991296,129.36236947050273,139.71135902814297,1722025429,6.567155487041925e-12,2.1109147634415426,3.1255321523954285,clean,77.77092214847559,8.018470724885269,10.749864316948333,10.915838601217972,16.01121731719978,21.008763271948105,1.0092821583864076,0.0,0.0,-7.319999999999888,-80.35140052421188,-34.9205086966766,-7.055212223122127,0.0,-29.778091131011358,-38.64974499430226,0.0,12.872585853974824,-74.18121625049088,-60.745506406570605,-13.866611766566738,-7.7226755706472225,0.0,-100.0,83289
-247.35986825419474,26.240973997502405,69.40679620827802,47.037909563937745,13.874230961465516,3.160431387904148,10.854007341758823,0.7316201678531804,907.9776745500463,0.0,False,CRASH,711,71.10000000000883,1,681117.6897591499,1322.2431059071946,4469.37455800494,69.45553746724536,dry,0.9909292176349286,6.59673965111775,2.838352813513329,0.0,0.0,-0.0470334818806295,1012.0850160570619,0.9972670186270186,30.699999999998262,1066.804988259283,nan,nan,174.28752622494812,11.206228590797863,-3128.073845686518,123.93022396839712,133.8446418858689,299909236,1.4843561795154246e-10,2.6391347229778943,2.356058599823007,clean,79.8929771580231,6.421965449731978,10.377933084516325,9.504295408918269,23.00617805768939,21.53808842283466,0.4482491436318827,0.0,0.0,-7.109999999999893,-54.145708815455876,-22.91219331192084,-3.047758677518154,0.0,-23.798901302746028,-38.197829390394716,0.0,11.65546851810805,-77.7475383918388,-66.66344913136142,-10.870731367228018,-5.71091310918283,0.0,-100.0,84000
-266.17878135250055,36.98687318506597,79.45854684674218,19.72183183091518,14.800445261462281,6.372985130880795,13.35168306466098,0.7287662773973136,695.2056381501036,0.0,False,CRASH,707,70.70000000000852,1,721867.8120052421,1329.9452905211274,4334.940057695047,281.76771450741444,dry,0.9686911329620811,7.777643685657767,-3.5501030704882512,0.0,0.0,3.7892654883301216,1014.6020524659409,0.9909053851012615,33.89999999999808,1227.4144158634303,nan,nan,163.7121040578643,21.64163912541602,-4486.701413597741,128.27086191676156,138.5325308701025,1983265915,1.0844302776314831e-08,0.9229685379705674,1.3895632196032166,clean,76.1354511408888,4.432904168424823,11.017932200657247,10.846471329122773,18.199273775783116,18.84261006815609,0.8656655650166603,0.0,0.0,-7.069999999999894,-92.25044295530458,-8.286693976132604,-3.6785032125098187,0.0,-23.375770723282272,-37.525263725523516,0.0,6.29256370565308,-77.64564007007691,-53.71213329851439,-4.768346786333503,-4.498858558524553,0.0,-100.0,84707
-298.8906892640798,29.576585642698152,72.51029450991608,15.545624214982885,15.764843906705202,6.35615217068895,18.173396324728813,0.7599311092768489,835.6249922872502,0.0,False,CRASH,882,88.20000000002244,1,720995.6417996065,1328.25173626479,4391.417123744524,313.0221597351443,dry,0.9717280236581081,1.390543989963028,0.0239481090775433,0.0,0.0,3.237243561240347,1014.3522881045466,0.9892739946704313,49.299999999997205,2102.9549366391225,nan,nan,164.46605585919536,46.52679963028453,-7539.012471421166,128.08785944840588,138.33488820427837,2085146283,2.4275534400592307e-07,1.6462948795293555,1.576108645684247,clean,97.57953811093473,5.4252377212148115,15.467449331032336,12.144613227049371,15.783440287660891,20.704677873686265,1.86107198521138,0.0,0.0,-8.819999999999856,-78.3501329489242,-15.72630963303078,-3.141256042741803,0.0,-26.20617428491114,-49.1367891475807,0.0,8.608366245980955,-110.16782354572467,-71.08670945644297,-8.241427125734244,-5.58846186175773,0.0,-100.0,85589
-270.12626983165325,45.71797498030163,196.83902677560778,47.84059504339541,17.431206704800108,6.362026131699451,34.424993614235404,0.7536149029693905,713.9087370667589,0.0,False,CRASH,672,67.20000000000573,1,673915.262197631,1324.4799192047271,4746.9832312628505,344.88989992302845,dry,0.9532682934449354,3.276429450184308,1.1863695475165992,0.0,0.0,4.794096552542239,1012.1157411736065,0.9895408569442431,31.699999999998205,1125.689778496397,nan,nan,196.85074584519774,7.41663371274268,-2985.2715051473606,124.30274482197692,134.24696440773508,571510407,5.888570359739989e-32,2.936395724777361,1.2623083483262947,clean,72.22387781492844,4.701046836119941,10.394657586499887,9.895600772732514,17.28486407423381,19.161644600433533,0.29666534850969006,0.0,0.0,-6.719999999999901,-82.42974111958274,-17.29360427936158,-10.299519344662906,0.0,-15.984595988565161,-37.21822353373249,0.0,5.2861350609554965,-72.22210931686705,-55.976334269211115,-4.313323719433665,-6.913310354648744,0.0,-100.0,86261
-227.27360092109944,30.411711470477744,70.36531882051634,14.60455594058132,13.393615375946872,6.442344393452114,18.470434305045835,0.8174905357597108,687.9403473262752,0.0,False,CRASH,740,74.00000000001114,1,739395.6156689004,1330.8339405533693,4406.377267085991,261.62194855707537,dry,0.9945833712877107,2.779041194438734,-1.5149935621673256,0.0,0.0,-2.7751127989462896,1013.9652037390852,0.9906612895597922,37.19999999999789,1342.4361373169356,nan,nan,180.09170468738498,42.94144102266699,-6445.155817775997,128.39129323438146,138.662596693132,915743486,3.328596818111836e-07,1.5678547444791031,1.342872159306189,clean,78.38975141955639,2.4235555550065957,13.191908317915212,11.971637231031563,19.675574268173175,19.653407910515657,1.7176576409066673,0.0,0.0,-7.399999999999887,-73.93288866697796,-5.67253082247518,-3.148349040108754,0.0,-11.315686799265551,-45.28127065254671,0.0,1.678760953147416,-80.02610091161031,-46.605141770322334,-1.3666245713633547,-1.2272609826809817,0.0,-100.0,87001
-251.7781757710198,34.52540482948381,94.27096900619895,60.857910360653065,16.99334598936472,2.4452147545121137,22.174469152303566,0.7705519037659161,1162.259499715052,0.0,False,LOSS_OF_CONTROL,790,79.00000000001512,1,699298.8900472822,1330.1859228323972,4286.808090354494,451.20974916706075,dry,0.9646046767050223,5.35099193711042,1.0817262914758072,0.0,0.0,1.04839167960366,1015.8610883094411,0.9790636984184469,34.699999999998035,1322.0873951170893,60.60000000000048,nan,169.5317350791597,260.36490317230874,-9392.431363555872,125.57783188985834,135.62405844104703,1157352826,3.8378582856326725e-14,1.8654220142017068,1.3247644187087886,clean,91.53881574245497,6.288684897125223,15.899517815478665,10.310098103192615,20.45562913487973,25.219821063397138,10.41459612689233,0.0,0.0,-7.899999999999876,-90.53934864208492,-23.0471218550677,-7.736460009226491,0.0,-26.137565984634225,-44.93121301774479,0.0,11.38911151133657,-85.09950376606238,-65.02154337068295,-6.386282706384564,-6.495410813887556,0.0,-80.0,87791
-262.0030120255593,36.589185867575445,84.0112551267974,35.532368385509855,20.28728233549765,8.777168493365792,26.420485309745867,0.7687301030492482,874.4079741103719,0.0,False,CRASH,734,73.40000000001066,1,754967.7976435454,1326.822714038989,4401.227986667314,260.0040868681878,dry,0.9545670229272671,5.590579386506639,1.865749682150084,0.0,0.0,2.6742470874419215,1010.6212882300534,0.990980927096943,37.99999999999785,1505.2261028824828,nan,nan,150.49258697019954,40.25294069021885,-6789.023553972495,131.1855758890993,141.68042196022728,1411099204,5.020136802374074e-13,2.8327850766548166,2.8561426494407813,clean,78.79566932342952,7.713164616425327,12.993132501235783,11.493197071889046,15.113577150954473,21.352807638955106,1.6101176276087612,0.0,0.0,-7.339999999999888,-82.73103214714683,-32.90571480837727,-8.921743457631246,0.0,-18.614085176172118,-41.70515986407642,0.0,8.803803120461664,-66.993506565137,-53.325322306927525,-4.698182582121984,-2.6437341689276797,0.0,-100.0,88525
-180.8617627718977,33.60795518536317,153.4220740305363,60.45885018836544,11.134578449399744,4.094772182142786,20.716275177850065,0.792982260666774,800.4498899354007,0.0,False,LOSS_OF_CONTROL,708,70.8000000000086,1,675865.1188450711,1328.3158598842972,4690.950609241093,378.7850172928607,dry,0.9874731967764223,0.5633763209078682,-2.332545797240475,0.0,0.0,2.6182843130014968,1013.1580222007275,0.984307215893254,30.89999999999825,1074.7257902757365,nan,nan,161.75853874895796,152.76661675050093,-7351.6343023735,123.95547873350195,133.87191703218213,950804459,1.9316064713452682e-20,1.5025819275936814,1.6931152523807342,clean,76.43271525333046,4.643201551093915,12.983081882638187,9.77622337665768,27.528284154500977,20.36290366820832,6.110664670020041,0.0,0.0,-7.0799999999998935,-52.57610213420681,-25.0470440484756,-4.589087501614339,0.0,-8.566421706857918,-41.755457902017596,0.0,4.789026786382531,-74.40145417452243,-38.10233971412877,-6.6045120091387854,-4.765444923766356,0.0,-80.0,89233
-196.75603242341018,29.385054678820808,121.35288101282508,35.81869423038225,11.938069491840748,4.005475059877104,13.81260068909939,0.8220199252563446,813.053272779873,0.0,False,CRASH,704,70.40000000000828,1,673495.1411098903,1322.6609869104238,4403.968957579087,92.71892123125019,dry,0.970082540347075,2.8694007893504176,-2.3713350731021547,0.0,0.0,-1.8147129932396124,1013.9234282219805,0.996750608297799,30.19999999999829,1017.2742022306959,nan,nan,176.7087770979356,4.6628034878792874,-1323.551212354661,122.74473643775697,132.56431535277753,319457530,2.686369261469059e-16,3.2072609780495127,1.0844033051072404,clean,78.12447731466267,3.5079872223993456,14.27091340516666,9.31625827013658,26.16660800112004,19.94762844411594,0.1865121395151472,0.0,0.0,-7.039999999999894,-54.534941296767336,-14.929145885377073,-2.5397014322026057,0.0,-5.413420009795436,-43.436913396732045,0.0,3.1839345648870405,-76.72942492903407,-39.13666135063402,-3.6193875035168714,-4.08075598135287,0.0,-100.0,89937
-306.09612667408044,49.87808201471312,282.52333551051953,59.8228951269172,13.981991264266378,4.673705364123761,47.21562094512681,0.7739982676760817,911.0594741238322,0.0,False,CRASH,811,81.10000000001679,1,719813.7777011336,1329.1177433403964,4700.935813718005,421.0256383719035,dry,0.966299772671114,1.047148838510335,2.619982736610531,0.0,0.0,-0.23217348601259857,1012.0256968125266,0.9866517375954168,35.299999999998,1335.3904218474754,nan,nan,191.52031745434508,24.777953514782553,-4703.474103414045,127.36478661077074,137.5539695396324,1999344461,4.288512863343079e-55,3.205383415985914,2.2756645700676335,clean,98.12182978030698,7.0192574530172624,12.882227260899619,10.448707320142692,25.528245234378137,22.05618720850477,0.9911181405912921,0.0,0.0,-8.109999999999872,-95.66503951547658,-41.144157233464654,-13.898666574284563,0.0,-17.046545142707927,-46.63736399335876,0.0,9.042863989051844,-83.55969174096386,-68.28962026878719,-10.735205993530554,-7.10027259839728,0.0,-100.0,90748
-324.22790777784826,37.08352711603547,77.00187500154937,55.230676895365114,20.448387500330288,2.6184452553035116,18.82026801117946,0.7614036896268057,1185.4416971932053,0.0,False,CRASH,769,76.90000000001345,1,685273.2209324118,1323.4553873234204,4399.7647588764985,141.38896712445091,dry,0.9603976120894326,0.28055568468734116,3.875222839493762,0.0,0.0,-0.780867449688226,1012.2315429505719,0.9947311176145711,31.299999999998228,1117.615302549428,52.999999999996994,nan,171.2951644719714,25.87629973544486,-6097.936574873591,124.14030064288227,134.07152469431287,1486119655,8.543194104552335e-15,2.93761078052839,2.73625351772255,clean,89.7300182114628,6.958903391123593,10.186200511130577,9.538730335028784,13.878692410506384,24.990178793441785,1.0350519894177825,0.0,0.0,-7.6899999999998805,-103.12103492420754,-46.91972377066956,-12.191638680528927,0.0,-29.33536115904588,-43.553560660830335,0.0,6.9791350115198245,-68.9467017984759,-64.15938949289409,-5.275309768972629,-6.33209817585389,0.0,-100.0,91517
-248.30989370736705,27.523976064702296,54.516284330963614,12.545404085694452,11.798021981304897,3.7343895665472666,14.028625616027313,0.7960997477830825,989.684109078953,0.0,False,CRASH,945,94.50000000002746,1,725277.3940851091,1326.9574698751817,4533.710248233681,450.15670732564047,dry,0.9661074541861516,4.248020079397677,0.3419348274766407,0.0,0.0,0.7220181886429913,1014.5667399645683,0.9856619956159133,33.5999999999981,1202.5821229486985,nan,nan,179.11303393897268,31.20769830130814,-4980.3923197206295,127.89845114070769,138.13032723196432,86996089,3.810287587592199e-05,1.1039044222674204,1.492829090033531,clean,118.69018649268723,9.688511162033791,15.71127826455395,10.64132800377106,31.135127009666117,23.754883443768072,1.248307932052317,0.0,0.0,-9.449999999999843,-79.54477213308205,-11.451982413663565,-7.23763275733603,0.0,-26.402437419891328,-56.18397970947867,0.0,16.10527714540297,-99.42839350238914,-73.52833598421353,-9.15675057345426,-2.9005086677915135,0.0,-100.0,92462
54.37877587048467,8.796532594757062,17.810977260457143,6.434348775809162,16.73962808368758,4.8969112834811686,4.69152354253714,0.7621319465331142,1140.1399557337313,1.0,False,UNCLEAN_TAKEOFF,618,61.80000000000143,1,694481.8080149186,1327.7644412226377,4600.57981856527,148.437733335606,dry,0.9537651479576497,6.72450828877879,-1.0700423520559723,0.0,0.0,1.872896607279361,1011.6010398874024,0.9627170701358371,32.09999999999818,1140.0151382431545,56.89999999999753,nan,156.92029103808025,1140.1399557337313,1908.921028332681,125.58643531010532,135.63335013491374,1748708618,0.3118194852013943,0.4147238406406593,0.7513071958498062,clean,67.35522960758492,4.97555129983476,13.607888383524264,10.203590940873731,15.775452274521841,28.657496381054234,40.00000000000001,4.999999999999998,0.0,-6.179999999999913,-5.3133570174228035,-0.3495676571050776,-0.049185208811662835,0.0,-2.0322041926795498,-34.83695804546819,0.0,6.817260141504103,-37.869602347133586,-20.17903907016624,-0.9393683992145639,-0.26441122041114684,0.0,-30.0,93080
-208.51712269971898,32.81130498639001,88.11353779000007,25.839138938087,11.230272141901258,9.020319236219484,15.792719097061086,0.7857451081698668,326.48336013671155,0.0,False,CRASH,658,65.80000000000462,1,739768.603304747,1329.3994380554625,4637.9251638513615,42.49444736588648,dry,0.973205958367845,2.1246913173925996,3.06038330032744,0.0,0.0,2.2266842901480413,1012.8994378801583,0.9973268163104486,35.09999999999801,1264.469803180627,nan,nan,168.04488336810266,37.37984210026509,-4268.958603163462,129.61236667906954,139.9813560133951,1571971334,1.9551126292621013e-09,1.510212409055195,1.9050975372206873,clean,70.9403394735012,3.058545614307064,11.057109862223774,11.196652770973369,16.947979975660445,14.408225686384807,1.4951936840106026,0.0,0.0,-6.579999999999904,-68.36406032308075,-11.033288428760669,-5.493223170977283,0.0,-9.566340271294923,-38.638866617886734,0.0,4.008231556790909,-60.78722588353837,-30.34744572388934,-6.47469312198621,-4.344257782156148,0.0,-100.0,93738
-19.27451502442859,21.01315425949819,41.56678221507391,12.632230337664454,13.571220527281108,4.346205855721658,12.293607566923503,0.7842189582249589,1207.1809603729591,0.638095238095238,False,UNCLEAN_TAKEOFF,655,65.50000000000438,1,677797.9361319705,1326.477316401513,4229.508961717636,489.76213560567726,dry,0.9795576595294887,4.550098483949679,-3.7154867510037226,0.0,0.0,4.794660610503814,1011.5662357281964,0.9517154325693733,32.599999999998154,1140.8700909494603,55.099999999996875,nan,151.7895449262172,1207.1809603729591,960.7812637883957,124.69428207435352,134.6698246403018,393575409,0.002432794110314372,0.7960332925512269,1.1210279146724993,clean,72.41241424948207,2.7182861290114597,12.481725633969873,10.285919930481153,26.585185258256775,29.57996517238079,40.0,6.699999999999992,0.0,-6.549999999999905,-32.135220779602335,-4.233360571911978,-1.7001589041885956,0.0,-6.647996662349536,-38.42699763200951,0.0,2.364317143302656,-57.38537210068213,-39.657471325147334,-3.328537227910107,-2.3372133375110598,0.0,-30.0,94393
-145.75446415058653,28.65697134426297,148.29483550149448,60.81073130197443,9.322600912557716,4.420463589656371,25.823358420368994,0.7686545460995874,1483.2883852652697,0.21362229102167182,False,LOSS_OF_CONTROL,898,89.80000000002372,1,734200.9556222592,1331.6389279989546,4799.117844096535,65.2008476807508,dry,0.9765416332948659,2.2359203555239118,3.81519905128829,0.0,0.0,-1.2535551541429566,1011.8477014079477,0.9655182621974279,33.39999999999811,1205.8216356799978,57.59999999999809,nan,156.21720870011842,1111.3904904982508,-6093.894760228532,128.41426444859016,138.6874056044774,1319356500,1.104507665901649e-18,1.4016049012663045,2.021761892066994,clean,109.03537584547782,5.64715378620865,17.66687722579236,10.607698369398413,28.35809504935667,39.06184628114182,40.000000000000014,6.8999999999999915,0.0,-8.979999999999853,-50.01820836369882,-31.148927953127828,-5.529862259977443,0.0,-14.314540187417599,-51.18288731241341,0.0,5.254698628684796,-77.39415565976054,-74.92352341728906,-9.084484259713122,-5.709619923247169,0.0,-80.0,95291
-351.2482933458997,45.08073355498286,239.7469231321126,50.997002335924876,13.803423767754749,7.930161616348801,24.87249496023655,0.7537460841067789,1057.4680077963856,0.0,False,CRASH,1033,103.30000000003446,1,735495.8645932274,1325.1650493464624,4611.568750151202,43.57913711104694,dry,0.9502755621251263,2.6649506959387645,3.4531700940465218,0.0,0.0,-2.8429653348595307,1013.9863330803524,0.9973704167798898,34.699999999998035,1279.7539064787,57.69999999999817,nan,173.28029384552823,33.19899766719318,-7247.395522756235,128.03570408350532,138.27856041018575,1077333835,1.2881914947371733e-39,2.2511648420476873,3.496991340281691,clean,121.76630730273891,5.88858566821253,15.728497997341844,10.410430072992938,33.12532702232284,25.683662734349607,1.3279599066877354,0.0,0.0,-10.329999999999824,-114.06635340416412,-38.02033730928034,-15.293276808354445,0.0,-23.966853829359454,-57.352094043666156,0.0,4.219440420549963,-114.06075562533854,-76.44631935418727,-13.737342440157322,-6.125171656586611,0.0,-100.0,96324
-297.8849766859097,42.10463370093132,186.3707850898431,57.64234721404059,12.305195978175572,4.107927561575717,23.316019276010785,0.7695420240991409,1539.2941112870162,0.02756892230576441,False,LOSS_OF_CONTROL,1003,100.30000000003207,1,764571.7915793025,1323.786443026298,4749.521170075982,332.8315544267158,dry,0.9855009095590257,6.215167306243851,0.5180476130703564,0.0,0.0,-0.34842459122287917,1012.7890192902914,0.9622875081568287,38.199999999997836,1531.2536509213664,60.5000000000004,nan,173.35116430294184,961.2890721450508,-9227.916039345875,131.18887689433006,141.68398704587648,60914157,1.790120070364071e-27,1.54155485945917,1.9603876856410014,clean,127.85658480918606,8.768966548689477,16.853196812754717,11.365288348325254,18.896112133563463,37.42749271416756,38.451562885802055,1.0999999999999999,0.0,-10.02999999999983,-113.06788464250658,-35.66882623128632,-12.5073842770761,0.0,-32.60424756210177,-57.386961167444326,0.0,10.048039007928082,-117.76806654342589,-91.62503462364491,-11.632276770441866,-6.361538128395682,0.0,-80.0,97327
-130.225707858956,29.70850817140899,152.5855371808067,59.3628113896772,8.336100161259582,8.121820379325479,26.166392901401267,0.7840138966001378,1265.2038171085296,0.13649851632047477,False,LOSS_OF_CONTROL,890,89.00000000002308,1,675933.7153171772,1325.7534458062337,4419.415188902011,431.22579808854016,dry,0.990475716253921,0.7739412476389766,-0.8889193014145222,0.0,0.0,3.32383939173926,1014.5414449240316,0.9637905637831723,31.499999999998217,1100.830098853272,55.39999999999686,nan,148.5607088965746,825.6863811544472,-7808.169028495579,124.02742758458366,133.94962179135035,1991575180,3.268682222650316e-19,1.325316106476421,2.1865256048098165,clean,104.14851759858752,4.976417822145309,17.440881133399536,9.772722047464022,26.359844503827823,33.52098507182051,33.02745524617786,4.6,0.0,-8.899999999999855,-56.705879944602124,-28.834634334196394,-7.892918186402107,0.0,-6.341555981517899,-51.86280383299646,0.0,4.940252039225336,-76.09582560100344,-37.30820152434582,-9.678546196232583,-5.392417720305771,0.0,-80.0,98217
-213.67002733076654,36.60284391603666,189.08932283284955,59.825209178190164,14.150437036791995,11.092594854919627,45.959659221036226,0.769001054601409,1121.914479951899,0.0,False,LOSS_OF_CONTROL,832,83.20000000001846,1,679918.8741994379,1328.984763137602,4202.921116166764,499.62146705014425,dry,0.9889166701554727,2.776150357185969,-1.8257746770249468,0.0,0.0,0.5191318860843923,1013.9868251957078,0.9708692702085168,33.4999999999981,1205.3009915951661,65.00000000000398,nan,166.73309582209947,496.29144332757846,-9779.244313763764,123.82643018187895,133.73254459642928,1544512700,9.864836132080996e-28,2.0504381907643285,2.6491454584521925,clean,92.95599437572079,3.6368840532572015,13.0070397537031,10.447454141100916,32.4415525127813,28.11653839115763,19.851657733103117,0.0,0.0,-8.319999999999867,-68.29567981791295,-32.38981151936695,-11.386575111578683,-0.252807992043359,-24.32218634852095,-47.288656360730194,0.0,4.099654728638191,-75.99656711728902,-49.00593119920673,-13.535541182296948,-7.433046371281625,0.0,-80.0,99049
-177.64156009240133,24.788874864188674,143.09640288651272,60.12742044451029,9.702684583576652,6.586839633875593,26.195302668923013,0.7771095140792302,1023.4210317228751,0.0,False,LOSS_OF_CONTROL,921,92.10000000002555,1,740149.083729193,1329.7824665350768,4720.135879934079,68.78984315559377,dry,0.998912450637143,4.446235604602554,1.9509298480807078,0.0,0.0,1.544693938393082,1010.7812884720198,0.982205600324366,35.79999999999797,1314.7560918390757,73.7000000000109,nan,174.97341474021584,534.7432821561907,-4105.724889826389,129.62896802504508,139.9992854670487,666191121,1.2753964358694253e-17,1.6862344693329316,1.6487564060845434,clean,112.78321763903732,7.758823304469402,15.124161327895223,11.236764953723426,28.59806100809701,25.572293529488743,21.389731286247603,0.0,0.0,-9.209999999999848,-41.9696103182439,-18.235868032977606,-7.997554978349848,0.0,-8.065899781501237,-52.982933957832024,0.0,6.463930413012346,-102.04597822156065,-70.55967964669406,-9.959155581416368,-5.541863035794476,0.0,-80.0,99970
-190.51796940437708,27.183019104103185,171.6501545768741,60.35856805573259,11.34469543578716,7.063279058718708,28.88269523853283,0.763970050753402,1279.4256948293319,0.09651474530831099,False,LOSS_OF_CONTROL,994,99.40000000003135,1,762417.5360120838,1325.1816170845113,4354.0342390776295,422.10795953348827,dry,0.9934258256494114,1.1433464752263731,0.05163477250796866,0.0,0.0,-0.8935032717751596,1015.2435503712765,0.9666244621391039,38.59999999999781,1528.8827938012037,62.20000000000175,nan,169.3439348159035,717.983548064293,-8161.688154704402,130.7215039632109,141.17922428026776,34341977,2.925064607963987e-22,1.6145496123785468,1.7762613889972518,clean,123.48660911595199,7.773148320263745,18.073470864252688,11.605975286964174,22.25276225829532,32.95860639102376,28.719341922571743,3.600000000000002,0.0,-9.939999999999833,-45.79309004222589,-30.53252399497898,-15.835597066968974,0.0,-10.5889882817541,-55.93731336975814,0.0,7.5444547786164895,-116.15524451754011,-62.56050777147837,-14.140728668309546,-5.048344629300099,0.0,-80.0,100964
-137.2113170634995,20.36340932221459,121.95637862771892,60.33819490850207,9.628951429137237,7.473545215295801,33.756086731489034,0.7896440712193942,989.4215252319937,0.0,False,LOSS_OF_CONTROL,934,93.40000000002658,1,720499.431261891,1329.2881807146691,4284.50060363907,381.19372616660456,dry,0.9599788590799705,5.247834887136345,1.7112726819043833,0.0,0.0,-1.7502597607134014,1011.7473915229125,0.9729056356608243,34.09999999999807,1252.4280623845943,nan,nan,166.70318513867727,536.2640728729764,-4293.036959775135,127.10653259683257,137.2750552045792,196017830,1.0330732068358097e-14,1.9225798401335887,1.6655225836571583,clean,111.86739041261421,8.77698402176348,17.765900796937085,10.571241597023292,25.71482807388708,24.13721488349013,21.45056291491909,0.0,0.0,-9.339999999999845,-32.76278490817895,-19.12356960887596,-6.4918496712417895,0.0,-4.8096578540184085,-54.820273558477055,0.0,9.468336932220893,-96.43616665726663,-49.29070977282605,-8.314100892140369,-5.574663773327648,0.0,-80.0,101898
29.92600327649458,12.880224149636787,38.70778702345323,10.180892144355187,6.6219981603232485,1.6264140895559676,8.034683632050948,0.7708228474611757,1213.404035825816,0.26359832635983266,False,UNCLEAN_TAKEOFF,848,84.80000000001974,1,732215.5359451537,1328.5881517741195,4550.88641461588,431.98281405743876,dry,0.9879494415720542,1.5718497820477877,-2.3395081755373437,0.0,0.0,-2.745328211986801,1015.7311086968552,0.9519455999533649,34.79999999999803,1274.949060548217,61.000000000000796,nan,147.94723231200962,1213.404035825816,1454.753697389648,127.66193384523503,137.87488855285383,1627687382,0.03125094683725768,0.6242795033187738,0.8157281630881025,clean,106.61783709081121,14.213194405096521,18.437762662656187,10.719746636502148,14.87764325051839,33.47736467652744,40.00000000000002,6.299999999999994,0.0,-8.479999999999864,-15.631483074984882,-3.5397436304613863,-0.6677341227707484,0.0,-4.448370664649789,-48.23352363632676,0.0,16.19366579570973,-68.06019079319596,-46.469860274459315,-1.8523074400431434,-3.5279976044339163,0.0,-30.0,102746
66.54348872464081,10.464667676678703,28.682663386826192,4.973480808337241,7.137258639446969,1.1166476597683543,6.229625498158843,0.748241727399053,1206.8158438759483,0.675,False,UNCLEAN_TAKEOFF,720,72.00000000000955,1,729477.6178963231,1323.2902911647043,4288.227569027635,51.56366171860288,dry,0.9850764767577589,6.124002605988482,-2.1193774643621914,0.0,0.0,2.3665720411465916,1012.4536653382064,0.9636452965259331,36.19999999999795,1342.9196296468053,60.10000000000008,nan,153.1693874503952,1206.8158438759483,1164.505121875415,128.7670214046078,139.06838311697643,320704861,0.1528761325188234,0.3764328695976194,0.9148247438634138,clean,85.38008555049323,11.390301390909364,15.999047982986792,11.048325012912738,15.585995739962812,30.620487665658253,39.999999999999986,8.099999999999987,0.0,-7.199999999999891,-8.760741566665923,-0.08599863025090224,-0.0857810368731589,0.0,-0.5662694352526259,-39.58959962174273,0.0,12.408781792834478,-49.43346656623716,-25.21659311228276,-2.266267059653708,-0.7848193821574687,0.0,-30.0,103466
-114.2832068066593,18.384524033952765,64.03667427207932,60.23014455664301,11.054545027039795,4.646506146272425,24.499256124255226,0.7742950769331894,1289.5781337855085,0.0,False,LOSS_OF_CONTROL,1137,113.70000000004273,1,748633.9255646917,1327.2410789795365,4627.831185572954,319.31444549037974,dry,0.9722174266744427,0.3849898481753051,2.515336886671111,0.0,0.0,3.9579926055349537,1014.8233969981978,0.9601341091246643,36.39999999999794,1312.3044081436221,62.10000000000167,nan,161.00480330381504,1071.1130074369437,-4676.184862896699,130.65078503178555,141.1028478343284,1101140972,1.2897832973811403e-08,1.4810619283664541,1.3381907129450963,clean,146.4028668881433,13.748748232607687,24.345719953955857,11.615587364049505,22.773999728799005,38.25182940986882,40.0,0.0,0.0,-11.369999999999802,-42.62955316452146,-21.03184515200291,-5.075265647387296,0.0,-8.49596008026532,-65.06660653810242,0.0,16.938473790748233,-109.51023548272384,-71.23550282828852,-8.53327295088036,-5.4121903306569035,0.0,-80.0,104603
-94.03011286786158,21.537612248791156,107.12963125576546,60.3750005303479,12.656278370247337,9.755789857941904,23.384540841447045,0.7964832167824955,1486.8271305155338,0.0,False,LOSS_OF_CONTROL,1179,117.90000000004608,1,736377.9726925318,1330.9674601002146,4279.847565557938,294.56491410768837,dry,0.9889380433316611,5.02213228859978,-0.546038989381127,0.0,0.0,-0.7682469425845921,1011.8052931010233,0.9540548131867945,36.59999999999793,1322.8307761421752,59.19999999999936,nan,145.23400249781596,1287.4434798069683,-4085.0245893816596,128.71593121496178,139.01320571215874,1929953604,4.1109860665767784e-12,1.0635988699972156,1.7299487107910072,clean,142.6166621772975,10.791405287819163,25.711832578984016,11.514972040067537,23.03498884957094,41.76447298032814,40.00000000000001,0.0,0.0,-11.789999999999793,-51.59761112399036,-18.17294421749079,-3.71411177303928,0.0,-8.46661653357157,-70.04338380563294,0.0,11.612674118558756,-94.1552164867664,-51.97593168169068,-7.096889012383678,-4.064416265920619,0.0,-80.0,105782
-215.95528222814542,21.664767051842148,98.89086072368292,42.3289832218578,13.726366420788251,9.360373671343366,14.312948440608528,0.755541000129715,1349.6815392543072,0.0,False,CRASH,1282,128.20000000004026,1,756264.1118375227,1330.0661863160888,4546.007904575196,202.54021244721747,dry,0.9506997031859953,3.2978593555803837,0.39989716086182137,0.0,0.0,0.8381003815484043,1014.9684345513402,0.9924578977986415,37.699999999997864,1362.6594656759014,62.20000000000175,nan,175.31574295400085,44.37796782768754,-8225.679326300873,130.6024262831067,141.05062038575525,1995236120,3.1145951192506763e-09,0.9911345919940012,1.8988123943188264,clean,156.53482289142673,14.343975173210803,26.895835527059873,12.127178216075068,27.579215030477926,41.42956244297485,1.7751187131074753,0.0,0.0,-12.819999999999771,-51.131643438067066,-42.08945363543805,-3.0267851129269387,0.0,-14.149564123106835,-71.32079942815011,0.0,18.914380317936033,-125.08872034442189,-75.2551796890144,-11.077140474816426,-9.596084294470078,0.0,-100.0,107064
368.85541748621654,4.3473454022280915,9.557013192426307,4.862863739775275,13.024109099665411,2.2951972265487766,3.900226351716922,0.738678786846807,1254.5576213547397,1.0,True,SUCCESS,612,61.200000000000955,1,691185.3123977085,1323.4357530990696,4204.149002794245,116.53118626403774,dry,0.9773327104977921,2.2578857865346826,2.5788779376944433,0.0,0.0,0.3076598672223927,1015.2314461955283,0.9601740827923085,33.89999999999808,1162.2421853902633,56.299999999997056,56.200000000000955,149.25592312364103,1254.5576213547397,3438.2913330693086,124.7258708590914,134.70394052781873,575371960,0.707338477503462,0.23323046160720928,0.5347799566589351,clean,66.32112385826335,11.565910469780645,14.282004326843557,10.651996574719044,18.844456607134372,26.117478587279972,40.000000000000014,4.999999999999998,132.99999999999974,-6.119999999999914,-1.2851600191466144,-0.0874017885912326,-0.007415979693543333,0.0,-0.5954264607571418,-32.91656199673511,0.0,11.50572087545635,-22.302086780398106,-10.766373534188212,-0.4378498172702085,-0.015769061999431493,106.1007716255193,0.0,107676
-202.94348883126946,26.992916879343444,205.583956749143,60.036083227239054,16.863483654365723,11.08914187466609,51.81432806300811,0.7160934787792385,1595.631315426563,0.0,False,LOSS_OF_CONTROL,1154,115.40000000004409,1,699736.114064762,1328.1800572277498,4758.313691430585,75.43119545154303,dry,0.9548834905070525,2.2754975904572907,2.4108573083163103,0.0,0.0,0.45007870344040857,1014.6040186769206,0.9872875727914971,33.4999999999981,1117.9373773930577,58.39999999999873,nan,196.59961493881735,349.12367577585405,-9861.014892613406,125.56478725036338,135.60997023039246,141911080,1.925545643767393e-29,2.255712267978791,1.4690573125602302,clean,134.56134926391542,14.387120386618987,20.269412218889588,10.663590185134275,26.873178729179045,44.811567031132725,13.964947031034171,0.0,0.0,-11.539999999999798,-46.88392254443545,-35.11752260581252,-17.85458245069743,-0.5368146718584744,-25.034518462236843,-60.416488406872844,0.0,15.973119025066842,-109.3538461129136,-78.07412530758937,-11.96585298426169,-7.67009915555984,0.0,-80.0,108830
-13.462736600812683,15.706797280309093,35.047628808846454,8.890261244562849,27.009126731290355,16.24154867997266,10.251684746913615,0.751854650746407,1580.4051182568053,0.0,False,UNSTABLE_AFTER_LIFTOFF,1062,106.20000000003677,1,735762.7537246868,1329.008682878502,4312.645960552435,188.5432569642222,dry,0.9871531566997358,4.542604078014262,2.17412819074847,0.0,0.0,4.265137930297642,1015.3240227510429,0.9496353806595349,40.99999999999768,1393.8011086754234,65.60000000000446,nan,90.92624638458408,1580.4051182568053,974.2438604992717,129.55890881750594,139.92362152290642,1062733147,0.030419923175355912,0.4658636537093864,0.7119748149188269,clean,124.54881284633612,14.23710998091257,20.746992638413982,12.955364760619979,25.193752005070966,45.822948935948205,40.00000000000001,0.0,0.0,-10.619999999999818,-29.11101073495756,-2.1713307716747994,-1.9702449578568897,-5.11186799958106,-13.10875892054457,-58.45946493759182,0.0,30.014191678014388,-83.10240920971425,-51.14122552575911,-1.5312018111453383,-0.6543945773023706,0.0,-70.0,109892
-268.3308685896633,28.019791568816046,207.63473697500805,45.90129543550585,14.92576872756382,12.37897498875661,42.77370620845766,0.7307752170264138,1478.967605070611,0.055,False,CRASH,1368,136.80000000003244,1,701079.5286785136,1325.4795052618033,4635.0207087834015,370.5826374578617,dry,0.9544389306718271,6.099273324766636,-0.09054761832194114,0.0,0.0,4.312612407027936,1013.3482657259448,0.9882522471457532,33.299999999998114,1192.2860780548267,56.89999999999753,nan,185.65412810144517,25.897437223298823,-7196.930190722162,126.60190581176916,136.7300582767107,1806715099,4.375610311719346e-28,2.0915170896394546,2.2369733933926756,clean,167.20422849093566,12.268391182499983,21.103533703288175,10.462515203386724,22.340609846569112,46.24691129466647,1.035897488931935,4.4,0.0,-13.679999999999753,-69.69214818137301,-41.765193800106175,-18.065010269103556,-2.5815325643535463,-39.11458078025628,-73.02975736470702,0.0,12.308701301166273,-116.60375794950896,-73.48410273025854,-10.412538720303642,-7.273034741134722,0.0,-100.0,111260
-18.260674648623308,14.881479798263358,47.146900438204135,8.169778868170532,28.43768177248002,16.309616233844963,12.936689482013948,0.6845882133331174,1683.0570888663624,0.28346456692913385,False,UNSTABLE_AFTER_LIFTOFF,765,76.50000000001313,1,714359.8902762329,1329.5798488625135,4397.134064812968,494.3760642446741,dry,0.9790221068582161,3.5940387293154386,3.133018538570223,0.0,0.0,2.9191227201404457,1010.0947470171242,0.9380912192619822,34.79999999999803,1281.8896062237143,63.900000000003104,nan,90.10151000015834,1683.0570888663624,1451.324284066465,127.69571680604102,137.91137415052432,1341434674,0.012772539925862537,0.4311349176106276,0.8361453645536079,clean,94.75921189052136,8.618901378567289,16.886401930141304,10.753643993043823,8.97385764444046,40.06293906278324,40.0,3.600000000000002,0.0,-7.649999999999881,-18.823967483820237,-1.0488383460870276,-0.9728782897164947,-3.925539817369787,-7.870070536209604,-37.54456944161026,0.0,8.680499545035156,-67.07367299813927,-33.23798732082858,-1.6773871593779843,-0.7712186999957121,0.0,-70.0,112025
14.00727792541683,12.423623594829916,34.771504993920914,8.285220847500913,25.8762402784988,16.07004912203685,10.555473132341957,0.7218897717092844,1498.3062380730894,0.0,False,UNSTABLE_AFTER_LIFTOFF,805,80.50000000001631,1,750270.7939858357,1331.5862781780738,4616.65517198104,246.05579154948066,dry,0.9687237912077654,6.780868912835371,2.517194258128523,0.0,0.0,0.5552140570986692,1015.3925060218776,0.949701213679236,37.59999999999787,1328.5930316580245,69.40000000000748,nan,95.65841637815781,1498.3062380730894,942.9472360544473,129.99305322316204,140.392497481015,143215702,0.06839299033816826,0.3092333732628537,0.6648369116893185,clean,93.79966776417291,9.836155783545847,16.576584295456698,11.633512694110985,18.243349809072658,39.01950157199302,40.00000000000002,0.0,0.0,-8.049999999999873,-13.80543007743796,-1.3037851657987642,-1.0058249325214876,-4.316374919868075,-10.733420910626947,-42.43568608595144,0.0,9.99685676064553,-49.65892375554578,-22.447535568285073,-0.7417159260163125,-0.5996534115285461,0.0,-70.0,112830
12.922218611837351,13.451948489469451,30.73851057557995,8.039174278954334,30.22913237746794,16.12405381178125,8.298442540006624,0.7331351707676448,1737.6794893154693,0.017964071856287425,False,UNSTABLE_AFTER_LIFTOFF,835,83.5000000000187,1,714209.1124205253,1331.7200849634464,4733.779433318833,276.3268100416276,dry,0.9500858983973535,4.855961560074473,-2.0450616399432997,0.0,0.0,2.3547733997561053,1013.8955931052176,0.9424952364928973,33.099999999998126,1182.9175177785683,66.90000000000549,nan,89.92194097462381,1737.6794893154693,1733.1016286491067,127.31908223434087,137.50460881308814,1396231712,0.0779709576776993,0.2887501328732831,0.6810483081575011,clean,103.28900890986814,11.051623370109207,17.20478911791633,10.450654585878063,10.934995263402364,43.50235738152985,39.99999999999996,0.30000000000000004,0.0,-8.349999999999866,-16.788595185154264,-0.8762208430191569,-0.750058957505451,-4.258333182484867,-8.103405920577346,-44.69961925035457,0.0,10.53019286604949,-57.701534007165975,-21.46399607064838,-0.8618693084642132,-0.48777015754115266,0.0,-70.0,113665
-164.66652699359645,37.45069456143328,163.8309517063639,38.585158700648485,40.28597416062603,12.862163695506567,29.173068012429034,0.7307357058970989,3013.8763051952583,0.05405405405405406,False,LOSS_OF_CONTROL,1187,118.70000000004671,1,731481.2810980354,1331.9628620347507,4641.334869226936,25.109383375530758,dry,0.9935639321626614,4.580467311173852,-2.421328388586721,0.0,0.0,2.8664855914512435,1011.2381127642058,0.922592090706344,34.29999999999806,1233.618865554847,78.1000000000144,nan,112.58150274003071,2717.141066108748,-6889.35050379921,129.13217819502552,139.46275245062756,739400048,1.1014682947600924e-19,0.6063060547887628,2.262637746889895,clean,163.48603679582644,9.585815575781757,22.962907144827902,11.08516964907342,18.256198197591775,63.50707028467492,39.99999999999997,2.2000000000000006,0.0,-11.869999999999791,-87.69719240409236,-26.96980394619191,-8.77199720185543,-2.0388512436958934,-39.20399970913774,-63.12592306702173,0.0,8.091323758133962,-109.02534266167586,-60.97666084701345,-11.141781470776655,-3.0194958480437597,0.0,-80.0,114852
-269.5228960629396,26.843719291045975,66.00551805026791,27.181175342871857,27.632644504520954,13.868700179042534,13.987657420283094,0.7565472739261556,2169.282753050553,0.0,False,LOSS_OF_CONTROL,1195,119.50000000004735,1,742777.8318176125,1327.6489175672777,4746.059064189569,126.30349202744084,dry,0.995722919650675,3.641373285515641,-2.670859772008411,0.0,0.0,1.2635069655060303,1013.8943454657489,0.9463774178492808,35.69999999999798,1335.3889123552178,84.20000000001926,nan,126.17189107706169,1741.153662247681,-6795.271674204451,129.59650858074673,139.96422926720646,485792374,4.889930043438679e-06,0.7324057190599109,1.128548495675003,clean,149.14335770064412,6.7084403993570225,20.072314579607568,11.073497197336364,28.508241526020512,52.175677454255144,40.0,0.0,0.0,-11.94999999999979,-92.45480520493436,-12.92627836107894,-8.488579847590628,-6.465156856460324,-53.76192051979067,-66.17439258847126,0.0,6.382180054323454,-142.1930669861835,-100.38762792943736,-5.92826356829296,-2.856513112240634,0.0,-80.0,116047
-174.69452957294232,19.06090374825943,56.23661516000128,16.852661182438073,12.846923858612247,2.9580464205658905,9.701034242281297,0.7858451370167843,542.9734457511945,0.0,False,CRASH,690,69.00000000000716,1,734369.3250992997,1325.9456731056655,4488.782118197622,296.49808970597127,dry,0.9866232324568026,6.151096562909753,-1.7747769099630353,0.0,0.0,0.9242565710654693,1014.5507923746067,0.9907751126642049,36.099999999997955,1340.3942014553145,nan,nan,187.86318472125998,8.276789838240575,-2701.0221192727054,128.74366335593652,139.04315642441145,924059490,0.00043164558598427963,1.0004404615799813,1.2735953542540466,clean,77.61432098767459,3.788760047601835,11.563621440598363,11.110927711256753,13.258183032633786,14.852319937693116,0.33107159352962134,0.0,0.0,-6.899999999999897,-27.85438396369814,-7.284697296438347,-1.3981113941306555,0.0,-6.507733593414551,-40.639088623770036,0.0,2.8315236682378484,-65.17134753877437,-46.77421847625062,-5.111613530148333,-2.404063575542174,0.0,-100.0,116737
367.01404020052877,2.8717681908687003,6.805267035863478,5.013431479576437,7.43025909350615,2.737337638938367,4.001701907581699,0.7192750800183491,1212.3694070441124,1.0,True,SUCCESS,708,70.8000000000086,1,688578.7599819222,1330.4432378135457,4290.768719348287,19.60890130422116,dry,0.9854452534165369,3.5633493731349013,2.3284895882092695,0.0,0.0,2.0124110979199177,1010.3095807561169,0.964330610739541,36.19999999999795,1166.694589071767,65.9000000000047,65.8000000000086,176.5061311710392,1212.3694070441124,2928.3910044609793,125.16155157870377,135.17447570500008,1875379230,0.7444090640359822,0.3515675502866408,0.6359987656774023,clean,81.25719361687614,17.539159948226363,16.401274355627663,11.048756381497327,11.913399406981412,33.21097601917235,39.999999999999986,4.999999999999998,130.33333333333096,-7.0799999999998935,-0.6487681333107103,-0.11177428090777555,-0.008001298731314386,0.0,-0.24156918233541114,-36.75073295031973,0.0,21.543430643446325,-39.41908895864644,-27.789917081300125,-0.5035959090181219,-0.3413953154572106,111.66135960539732,0.0,117445
-224.1185636066773,38.73811954558633,195.6983128022448,60.59009043947926,14.018734815351909,2.366397102323786,12.788588457065995,0.7459479587355264,3089.1473095501788,0.022448979591836733,False,LOSS_OF_CONTROL,1253,125.30000000004291,1,736978.5132736877,1327.439044166356,4731.351632234607,8.164252509245573,dry,0.9673416289076272,0.40532728992079203,-1.553131749339102,0.0,0.0,3.5295314876728705,1013.8779384639262,0.9189660117788286,35.199999999998006,1290.8005529785653,76.40000000001305,nan,147.0275948126086,2874.2936774504806,-5536.3238364186,129.59502821171714,139.9626304686545,2074602520,3.9832486617454843e-28,0.968565350427052,1.8191242627697413,clean,181.95173432680497,9.864303844195142,23.44336538111097,10.955456624251338,16.83455387053086,69.19775653616904,39.999999999999964,1.0999999999999999,0.0,-12.529999999999777,-106.15887545224851,-46.27559243315931,-4.364022269633774,0.0,-34.43828247729521,-68.40281718308655,0.0,8.106826922911445,-127.86666644662886,-89.56779274521641,-10.518054401565516,-5.450457703814298,0.0,-80.0,118698
-295.76976229395166,54.35002741603909,287.84059406738174,35.48006885746237,19.418511305298725,9.795609476301845,21.77986432153407,0.7184205723239581,3839.2598027748268,0.0,False,LOSS_OF_CONTROL,1393,139.30000000003017,1,691234.0609522489,1322.2286776277328,4294.995961946495,369.5548241123945,dry,0.9914059681315407,0.1863191203719845,-1.7742379860060637,0.0,0.0,-1.244192218311193,1010.8897936438937,0.8986702395587011,31.999999999998188,1113.2912550403782,65.20000000000414,nan,141.97099666630226,3208.8259169312673,-8700.428864265134,124.66114634518281,134.63403805279745,302913355,2.727975873087447e-51,0.8425032967985107,1.7525448377341537,clean,207.80927993618516,12.277110535610426,17.403244524202503,9.840959574232933,21.366407686598265,86.45754181440618,40.0,0.0,0.0,-13.929999999999747,-132.2536177576221,-80.77714058689494,-15.284231652501344,0.0,-62.81497735122845,-73.28951984517093,0.0,15.380651680125217,-128.18216245947247,-97.19606720450557,-17.677435212089446,-4.899805975826715,0.0,-80.0,120091
-68.96722361099683,26.615544370547802,149.01646959684805,60.5811298803175,13.254825440641557,0.562609774387653,11.090982034160161,0.7361780264193102,2015.1075854080025,0.0,False,LOSS_OF_CONTROL,1120,112.00000000004138,1,748689.4423830879,1324.9921623482555,4308.8577062439745,381.8195675938206,dry,0.9608414359876166,7.384528120579043,0.45273839817142214,0.0,0.0,3.0605143158105106,1010.1847342401051,0.9328548385813564,37.699999999997864,1413.4155814243468,61.60000000000127,nan,194.0800169177056,1987.0813616394782,-2080.994412700361,130.75393471589223,141.2142494931636,1207383686,4.930303454884022e-18,1.0408462782664882,1.2245733263044514,clean,165.5454072921033,6.87277334602214,19.301982650378285,11.804407998226623,13.707267125682197,52.81086422876958,39.99999999999999,0.0,0.0,-11.199999999999806,-45.45036362546078,-17.90864530792598,-2.115704812226066,0.0,-10.354111849095238,-60.894294442086185,0.0,7.150641724647867,-91.94008683230629,-54.40208625894039,-6.88976601956485,-5.0055088292198,0.0,-80.0,121211
-198.01078566539684,29.766823864970267,171.41713372098596,60.327376919560564,19.334501020422703,2.5758343543525255,21.214388713537318,0.7526274925195651,2549.918950551232,0.0,False,LOSS_OF_CONTROL,1555,155.50000000001543,1,705249.5430811777,1324.0266350664049,4570.953397198454,274.86314493952625,dry,0.950380630560892,5.32355599486505,-1.4651734540832724,0.0,0.0,-1.0724189767117274,1014.2175854424626,0.919297726080338,32.99999999999813,1187.896398330639,116.3000000000448,nan,166.92406259112977,2549.918950551232,1510.9660110591085,125.74949937350038,135.80945932338042,1635307037,1.7554551024209341e-22,1.481127235530398,1.9922362463813743,clean,253.86075987270078,14.73065768091835,25.231988359932366,10.172670816733822,28.732983195112265,78.9132906704087,39.99999999999996,0.0,0.0,-15.549999999999713,-113.92081867071306,-35.241407480163716,-5.91166765598678,0.0,-25.548447802984203,-87.19375774458669,0.0,12.978627259430786,-158.92080921611836,-120.69846758223967,-13.45163263875279,-6.194754729085721,0.0,-80.0,122766
14.153580369173831,9.932006875093371,23.221400117865954,7.029015590607115,14.322314157068657,1.211039098765085,7.848204424752613,0.7601642041015221,1392.9913889564755,0.2727272727272727,False,UNCLEAN_TAKEOFF,790,79.00000000001512,1,722487.2934340587,1327.0583445278917,4259.5168301448175,201.6619898456729,dry,0.9605716096574712,3.1431393068808653,-2.057503354964128,0.0,0.0,4.526843301281948,1012.1005408525147,0.9545243138442762,35.299999999998,1309.8156850493403,57.09999999999769,nan,172.79081611664992,1392.9913889564755,1752.458380417782,128.6465804036618,138.93830683595476,555907480,0.18769741554660488,0.5150001421009606,0.953222782531726,clean,95.86308704733463,7.864628189206319,15.44253176074561,11.046469829191215,20.182027290250456,34.51127124926289,40.000000000000036,5.999999999999995,0.0,-7.899999999999876,-8.658817871983635,-0.9748756246751816,-0.44700737774301075,0.0,-4.655923870357102,-44.596421180192344,0.0,7.648295566102233,-80.3390631971273,-43.73430794260361,-2.4454840341202133,-0.6528294641160314,0.0,-30.0,123556
-253.08740254532387,13.841127997173727,40.03741126531092,55.1641414340178,21.341315055055222,11.688209547458742,24.270756798855494,0.7511381906160133,1931.366861172523,0.02320185614849188,False,CRASH,1165,116.50000000004496,1,766079.518745269,1330.736627710092,4789.052103737263,5.213922387755032,dry,0.9644441382458272,2.2887954048096484,-2.7828310596775543,0.0,0.0,0.7852193340554292,1013.0159413757051,0.9984313579774556,37.699999999997864,1469.4788571140257,73.50000000001074,nan,174.9709085782013,36.23410448277726,-5546.033876439392,131.56180234083305,142.0867465280997,585528511,1.2240285113914004e-06,1.7012223366478862,2.3779096137616036,clean,147.2699048448196,7.787253983853754,21.99923908656211,11.568852377809728,29.363090269224156,39.8545644230008,1.449364179311091,0.9999999999999999,0.0,-11.649999999999796,-24.798555581420036,-43.923191928840225,-7.80614858927848,-0.9732597377690174,-38.81712802332365,-64.3750286115806,0.0,8.083870766648358,-122.53910492530083,-86.37843434700439,-9.545342329289369,-10.657348402744056,0.0,-100.0,124721
-256.2809756559801,30.255031029593898,118.06873819456668,44.363326818858475,10.664380825861452,-0.35887271749710326,30.115271550729467,0.7531035825820499,2231.2281005984332,0.0,False,LOSS_OF_CONTROL,1535,153.50000000001725,1,757474.6581501265,1324.03839896707,4201.52216088973,157.0260299200555,dry,0.9817348810748708,0.9435096032019219,-1.981467819787726,0.0,0.0,-0.14443430933912538,1013.5575886518492,0.9434660494185926,38.69999999999781,1526.9190439239176,93.8000000000269,nan,173.25915117201745,1805.0465050455382,-1366.573378167462,130.57531029632366,141.02133512002956,518994643,1.256903225779784e-13,1.7143038557539678,2.4817809429977578,clean,252.84599496384368,8.2567353224069,23.156607505840537,11.65839527117987,17.733380071330288,62.101813703048414,40.00000000000003,0.0,0.0,-15.349999999999717,-94.67397829498506,-35.608370184002645,-17.287963304381595,0.0,-42.03835295102856,-85.41485646822854,0.0,5.278376589332075,-161.82950730902283,-112.19317658625812,-21.569090432567513,-11.346983552483712,0.0,-80.0,126256
-301.8850893116538,25.945467710612466,54.048139031096675,48.75933098761782,10.123887122376694,3.1502268697526743,37.325893775947904,0.7237760748649005,2605.2344055866647,0.0,False,LOSS_OF_CONTROL,1562,156.2000000000148,1,712239.6323521716,1327.5803896754308,4218.170590558166,496.3794776150803,dry,0.9748754204725157,7.691786983818845,3.951426705644468,0.0,0.0,1.7410064644806615,1014.4691161917189,0.9377115760221116,37.29999999999789,1482.7356706231005,98.10000000003032,nan,171.42937030916207,1686.1386136871374,-8802.87633577631,126.97312583734583,137.1309759043335,450152621,4.4488310718806195e-07,0.8724799340173166,2.006816576452478,clean,252.06637538028727,8.658803886809853,20.734537585170656,10.690514857516646,24.099605751462917,76.96626824290861,40.00000000000005,0.0,0.0,-15.619999999999711,-116.83192381738273,-54.123768686229276,-25.73944155995064,0.0,-48.6535641548629,-83.3845569316701,0.0,7.957670212897132,-164.60817444127693,-120.09275606753745,-21.459096528264038,-12.545583041529872,0.0,-80.0,127818
68.16316956798406,7.084770206664298,13.698419282533958,10.057653792851031,8.850020245062733,2.5103756974353346,11.695193451329676,0.7318261650628748,1274.9470945817438,0.6410256410256411,False,UNCLEAN_TAKEOFF,684,68.40000000000668,1,717390.9307774192,1329.954076558972,4301.099415100394,9.236647801687592,dry,0.9825337607236705,1.806045043558763,-2.2631136035474237,0.0,0.0,2.3639005875692636,1010.5895389553409,0.9629106625029104,34.09999999999807,1264.1925086564222,60.70000000000056,nan,161.7945915276361,1274.9470945817438,2502.032450171724,127.81292911320521,138.03796344226163,1907219570,0.37854254699147655,0.40183361219996844,1.1448444805029019,clean,79.2901914765805,10.27565182937264,13.89634051939444,10.582492146515333,25.50499988782984,32.629508663723584,40.00000000000001,4.999999999999998,0.0,-6.839999999999899,-3.814741634974089,-1.0361146442674185,-1.562117707083456,0.0,-7.364267185432256,-36.36378202043528,0.0,14.892157282678848,-47.848192989757635,-24.621225820892636,-3.671620254144576,-0.7861099811234125,0.0,-30.0,128502
-301.89022508360335,40.46512878353874,174.4043122829967,57.61294085863532,11.603492710020632,2.1459095935989505,16.826527695523932,0.7634180592833179,2435.3344383542058,0.035838150289017344,False,LOSS_OF_CONTROL,1499,149.90000000002053,1,694531.877572312,1326.2562825341793,4484.491382152422,255.00941524555952,dry,0.9582168769800384,1.1557521713452443,2.989619031012091,0.0,0.0,3.378827301870027,1010.2778243350874,0.9342912329090926,34.699999999998035,1333.4271645409972,63.500000000002785,nan,163.26171856826912,2064.0493104109996,-6823.126396745754,125.99903580640002,136.07895867091202,469485974,2.3975761457467687e-24,0.9601679325098171,1.7846050710191907,clean,232.32760081586983,5.532256745210379,28.949065539446366,10.235312376838854,21.20778465371613,74.55856279470893,39.99999999999997,3.1000000000000014,0.0,-14.989999999999725,-165.71708079797966,-36.09743198835106,-2.6761024010553736,0.0,-17.966516198828458,-84.62971421388863,0.0,4.114315649519283,-166.9242939470724,-127.0669335617005,-16.183384154031696,-9.663666396001874,0.0,-80.0,130001
-357.2349663322693,39.24530494598341,126.74241013903405,61.048622041659904,8.115662913476223,3.551150443971368,16.53047295922926,0.7455152016088484,3290.309498575659,0.13729508196721313,False,LOSS_OF_CONTROL,1643,164.30000000000743,1,682928.2523129983,1330.349278737469,4788.195386605816,124.10834646303398,dry,0.9909125569122702,3.07972310286136,-2.4611021325068925,0.0,0.0,-1.7927476436432146,1014.8165501329817,0.9230851026840889,31.59999999999821,1115.6052982185015,66.80000000000541,nan,188.25218252820167,2556.330947749959,-7328.800791409706,123.55167844612146,133.43581272181117,485050903,1.0165208016503446e-17,1.1251428735504128,1.596309274098106,clean,253.79953246758245,10.12807498154848,32.472189351959585,9.342296038153313,15.239181882838244,96.8498223254354,39.99999999999999,13.399999999999968,0.0,-16.42999999999977,-214.65959291365562,-46.3206836646624,-8.646683193172505,0.0,-46.2248608269617,-90.50744546995155,0.0,9.58550439222769,-179.61504294465738,-127.40266080619399,-15.775214275357156,-12.469383677400764,0.0,-80.0,131644
-444.93764902064294,32.82976228806075,86.71412862720045,59.31806325205931,14.607626229423785,1.702025888314089,39.23002236080257,0.74897473545242,1835.4528605634616,0.0,False,CRASH,1622,162.20000000000934,1,745319.8778933089,1325.0870808550474,4600.413750492642,270.37857697121507,dry,0.9905524594054455,5.081761764058968,3.732853106608786,0.0,0.0,-0.3559574944257333,1015.7964416046934,0.9910478352287013,36.299999999997944,1342.4330933782144,63.20000000000255,nan,194.58359654934935,23.83078431014843,-7205.411247453402,129.33310241973265,139.67975061331128,269386935,4.871662372890485e-13,1.9271978193825041,2.1767573703277465,clean,250.13865840336035,9.47909079364071,30.20787874286044,11.10776535063459,22.73960103817174,50.06205494551635,0.9532313724059481,0.0,0.0,-16.219999999999736,-160.6812807762784,-91.21249864601387,-23.00029535261964,0.0,-40.489977913988696,-89.34524146212355,0.0,8.696202297420882,-158.9114229340341,-114.35139195568063,-17.48125892532264,-16.62876399858917,0.0,-100.0,133266
-66.44895535248865,5.148417184409645,10.457020824945904,4.61234117953431,6.304029294547114,5.590163410805015,3.6624613827589036,0.7220084831933049,14.545221262509301,0.0,False,UNSTABLE_AFTER_LIFTOFF,433,43.299999999997546,1,765078.4234202681,1326.0460187994024,4243.691490448021,397.65163054719875,dry,0.970845033038046,5.936745102099179,2.842772645625135,0.0,0.0,-0.3839168583540662,1013.5670169057246,0.9879550288594525,38.199999999997836,1423.9089133943771,nan,nan,133.12213701645112,3.4436403230607766,-486.48735144941213,131.17387021503208,141.66777983223466,267479193,0.6373171602639329,0.3028755316854579,0.7093238761210916,clean,34.89363059859955,6.599260502547369,9.306395328431288,11.942219740809312,5.10155907080826,0.3665563815732279,0.13774561292243104,0.0,0.0,-4.329999999999952,-1.2752427095050813,-0.037918020020808615,-0.0022650469927029617,0.0,-0.10826311772290448,-22.681721218834852,0.0,7.684630826639016,-30.98431823932869,-12.435148653101846,-0.5237041077774349,-0.10237230153482242,0.0,-70.0,133699
-66.74061265748695,4.4121177891448795,10.566495229511695,2.719399420801624,3.8345610224853717,3.777819595385608,5.178066305863252,0.7445366484362906,4.219833775034061,0.0,False,UNSTABLE_AFTER_LIFTOFF,410,40.99999999999768,1,703221.2884496318,1322.717950565261,4670.72463581906,164.85980989980825,dry,0.9950464248019482,3.3602392892747996,-1.9483567228489327,0.0,0.0,3.1618068552674705,1010.0246054803298,0.9947765874249738,40.79999999999769,1680.1079250356145,nan,nan,131.32112349664428,3.732965918857616,-82.51513145553974,126.75347031903893,136.89374794456205,1671748609,0.6661198714964818,0.3585461481989489,0.8089354001806305,clean,32.819267634702456,7.7066353075722125,8.683048100347623,10.966514923615929,3.5955792881092328,0.0,0.14931863675430462,0.0,0.0,-4.099999999999957,-0.8868201319964851,0.0,-0.03214272772432333,0.0,-0.15009272948283356,-22.38071201811619,0.0,10.457483901585064,-30.241453325139855,-12.27141755696155,-0.9330862977789526,-0.12273566297358003,0.0,-70.0,134109
69.31552050841822,5.837744206222387,15.612440429839385,6.083189403310949,12.51725610481354,3.9891810830197483,4.340280793423585,0.7034850733303917,1249.4959069820145,1.0,False,UNCLEAN_TAKEOFF,636,63.600000000002865,1,711916.9012806416,1330.772376965233,4265.91668160306,158.4239682778696,dry,0.9762747072476677,0.4262142448573174,-1.1529468085511536,0.0,0.0,4.965564064025851,1013.1232472926873,0.9597784998962932,34.09999999999807,1245.4631838226985,58.699999999998965,nan,149.9840963949786,1249.4959069820145,2632.924006928466,127.73318408802832,137.9518388150706,619185585,0.45609501307421657,0.4301722862282604,0.8055675729828686,clean,70.27183345697331,11.899448125655685,14.558431479106261,10.619513701205939,25.88821452382644,28.04239139584874,40.0,4.999999999999998,0.0,-6.359999999999909,-2.4082675241546667,-0.2547336626557798,-0.023321350889889913,0.0,-1.0345383371777632,-31.969659842237895,0.0,10.724087212292376,-43.49188529206398,-30.52688270466771,-1.1485735057604578,-0.47053716688193337,0.0,-30.0,134745
56.94135736522692,8.412178443709132,15.418074482005347,6.679438092397613,14.248691672244822,0.8490373722831656,3.571354156833245,0.6925856589832268,1260.3933834416478,0.8333333333333334,False,UNCLEAN_TAKEOFF,634,63.400000000002706,1,694070.8145759659,1331.1604857923462,4606.7140753767235,49.96500272397403,dry,0.9789146326100251,4.525184649660664,-0.03430939601325367,0.0,0.0,4.397234250189589,1015.4217899609393,0.9624239527084529,34.29999999999806,1283.0901045560706,57.49999999999801,nan,147.77069178591495,1260.3933834416478,2576.2553059618767,125.85701801075463,135.92557945161502,1722230529,0.34035920379428036,0.4589821704619182,0.9025808285028679,clean,69.93563086712108,7.384831845647392,15.198700958117124,10.245146333178905,23.071370619190652,26.575015167837126,39.99999999999999,4.999999999999998,0.0,-6.339999999999909,-4.9849832301135715,-0.24083369097027307,-0.002614822500789768,0.0,-0.055570232120279214,-31.389456122712108,0.0,12.496051727964128,-46.057330122729034,-32.16002005441789,-1.4652636687250467,-0.26931820954026725,0.0,-30.0,135379
-343.11964993048946,37.24227368151541,136.53495020145277,60.81122563325595,10.270333015802363,4.2189981337744955,15.965504182358586,0.7287376053349917,3135.4408518206947,0.04787812840043525,False,LOSS_OF_CONTROL,1624,162.40000000000916,1,674599.0776527389,1323.4011112205746,4564.531636539409,37.44681006730338,dry,0.9933777703417096,5.618022621245377,2.9676120057409556,0.0,0.0,0.5585220344194175,1013.5734455777659,0.9186098383667805,31.499999999998217,1125.340364133986,70.60000000000844,nan,161.1352110105379,2827.9938092290586,-4429.201901632589,123.37462580179853,133.24459586594242,1258689696,1.2948878138083135e-18,1.2641748196269735,1.5562577824134036,clean,274.21190489957803,6.142605227091588,33.55254537288577,9.430149765452429,27.206412503434137,92.61267795295966,39.99999999999999,4.4,0.0,-16.23999999999974,-205.32611513126812,-33.73789538057657,-5.091306782840219,0.0,-23.26102894708476,-86.7101287855137,0.0,6.194376052638443,-198.1695422001642,-159.10831009374203,-16.585627388746378,-12.640366994589325,0.0,-80.0,137003
-61.25530129566397,8.042003623573418,30.13659229852219,9.47700159028727,-1.266215751914452,-1.2359129898551233,7.6682505066217335,0.7330620230358341,8.119465502818684,0.0,False,RUNWAY_EXCURSION,428,42.799999999997574,1,726056.7617786702,1322.353450164488,4486.740344773173,371.87747473200506,dry,0.9807645859386004,2.300878468605961,-2.0935427234552004,0.0,0.0,1.7362509831739672,1010.4599871590359,0.9886290015397603,nan,nan,nan,nan,157.0368723703158,8.119465502818684,39.74983564353053,128.45183798671158,138.7279850256485,1843405230,0.11966452587960248,0.6635348683121302,0.9505238396406066,clean,37.02249384603002,7.084397142996218,8.530506858975711,10.960823984918012,1.7225684221832613,0.0,0.3247786201127473,0.0,0.0,-4.279999999999953,-3.0755995485012333,-0.3730808344618543,-0.30540817353969213,0.0,-0.49201313044438166,-22.642429664127096,0.0,14.66870016818073,-27.255384409439138,-20.922485608228,-1.3485183678079629,-0.8746506025113663,0.0,-60.0,137431
-328.942299247159,36.51037649601169,137.57039261567914,60.2669688018927,11.93959552889803,5.654567386058554,24.311331058133934,0.716023855444308,3246.125473298948,0.021300448430493273,False,LOSS_OF_CONTROL,1561,156.1000000000149,1,710230.6253807453,1327.8670630458078,4217.5238056884045,244.31850199403948,dry,0.9717707042606651,2.7176203289705843,-1.3077259439441171,0.0,0.0,-2.23835029870943,1015.6305626558776,0.9007174009636412,33.89999999999808,1227.5665455940518,67.00000000000557,nan,165.27124162817904,3246.125473298948,196.1628468963312,125.84864093685545,135.91653221180388,1189900291,8.06931451899587e-20,2.144273427272875,2.182175135187529,clean,256.42772297472027,12.622367594069503,31.567145944801556,10.268146968278419,25.350829355931108,98.35051381698463,39.999999999999986,1.9000000000000006,0.0,-15.609999999999712,-177.0764259240028,-60.43682091986079,-10.274784248505142,0.0,-36.16518167447958,-81.63567365805162,0.0,10.67421807255504,-185.51004457123867,-127.46951292853855,-24.201221253861338,-17.723578795958616,0.0,-80.0,138992
-340.6991560104135,26.229899789390586,117.50169994642755,60.59232804626568,17.47953859658364,5.80435598531828,23.148802197300753,0.7476788511745223,1809.9589556361445,0.04533678756476684,False,LOSS_OF_CONTROL,1376,137.6000000000317,1,680083.4829124328,1323.4656343095694,4258.1430378246205,433.56581014268477,dry,0.9530543331193161,2.4141208604961157,-0.6359939873918581,0.0,0.0,0.18641792397180357,1014.9138968811661,0.9757273366541365,33.19999999999812,1159.2137444373018,60.5000000000004,nan,226.21149376654571,391.3408404762418,-5117.179221750214,123.71348771914886,133.61056673668077,1641032421,1.74286431871508e-15,2.1647444237105016,1.7047523006566485,clean,195.5049956305264,8.949164936488797,24.84497152364759,10.051840985142029,19.63532441629516,44.70953891293161,15.653633619049671,3.5000000000000018,0.0,-13.759999999999751,-90.51169511375441,-66.39174735927944,-9.142933803940753,0.0,-50.221409530451496,-75.21751231909539,0.0,9.378160431192482,-153.21571063608883,-111.89096698646364,-10.88151994572884,-11.6932907708809,0.0,-80.0,140368
-155.9437791453256,13.755894269577642,26.157935220970728,8.78188065079166,-0.8637419188629802,-0.7987826443606554,6.762695014388328,0.8207793872231127,4.311016257946676,0.0,False,FAILED_ROTATION,831,83.10000000001838,1,693750.1798381738,1326.6257620818203,4249.860313503239,242.8421676497477,dry,0.9615780036401027,0.240473927730684,-0.9764554234089662,0.0,0.0,3.7099304490885654,1010.8519395309893,0.9925491272983956,nan,nan,nan,nan,136.78115702352935,3.0498021947339566,-9.757410736834728,125.96381473946757,136.04091991862498,1738840649,0.059949631605999386,0.7396776933792701,1.2900615210052055,clean,84.18136374494674,3.6551720267499532,16.40374320148888,12.820619290008729,7.1741708407052265,0.0,0.12199208778935842,0.0,0.0,-8.309999999999867,-17.471740574052102,-0.7862115642325485,-0.3532447580707254,0.0,-2.176045434064241,-50.78186291879215,0.0,2.9433626960746775,-76.48760747662693,-69.8277314960071,-5.497862640485655,-1.551896170756087,0.0,-50.0,141199
-236.03309787995192,43.62163630041944,200.46982395736327,60.06730903975591,8.862379872713698,2.3642400237835397,29.602520540564026,0.6857268924555505,251.7950809539585,0.0,False,LOSS_OF_CONTROL,605,60.5000000000004,1,714834.3544703141,1330.8288902949635,4592.023320167406,37.73055964231459,dry,0.9612147628534352,5.623353612678925,-1.6587466265746702,0.0,0.0,2.863028577643549,1010.0461998883072,0.9966526220452684,42.799999999997574,1508.8680353177358,nan,nan,195.13633353462595,65.44103189643769,-3582.5226138552703,127.72887649701467,137.94718661677584,131069158,3.683983958768994e-32,2.3432472077919195,1.8954262996730773,clean,59.18392546004427,4.893375533551371,8.056745682266058,12.499342886948202,9.304185283393723,7.7854066421307895,2.617641275857507,0.0,0.0,-6.0499999999999154,-46.63832560585817,-14.407972492491187,-22.74209683274597,0.0,-27.02503958326394,-30.074651914139736,0.0,5.047620980411547,-58.8041600051624,-45.500984859807005,-9.578950216453574,-4.599160114632517,0.0,-80.0,141804
-157.30615329249514,19.99980309948604,30.010552331842675,0.4290427734924551,-2.6761522978224224,-2.8821608218647135,7.457554461231309,0.8337937248252385,0.14273002983634342,0.0,False,RUNWAY_EXCURSION,979,97.90000000003016,1,673450.5439907081,1326.0784626551529,4772.941883317055,220.67000337126942,dry,0.9953606140963359,1.347782761184268,-2.8358106430026075,0.0,0.0,1.5522343176593454,1010.1770385311439,0.9932165745531322,nan,nan,nan,nan,55.34883889156996,0.14152928828389122,1.0162918318981085,123.68892562721298,133.58403967739002,1203612941,0.020121209946099457,0.35650232656396524,0.941416270223952,clean,44.122424489881354,2.4300842348892946,24.385279143750044,6.291934397491775,0.0,0.0,0.00566117153135564,0.0,0.0,-9.789999999999836,-43.51025437931438,0.0,-0.24275978363319373,0.0,0.0,-61.37365737497689,0.0,3.610725463067466,-27.533254275033705,-32.80760437097199,-2.894732009175947,0.0,0.0,-60.0,142783
-100.76333519123853,8.466350478828824,30.30432896317438,11.688056871401619,-1.2533921342391963,-1.2935148730508004,16.733842473203843,0.7402053388005385,8.846778029960603,0.0,False,RUNWAY_EXCURSION,523,52.299999999997034,1,733452.5798673857,1322.7763233606274,4292.625126227729,291.80574671884085,dry,0.9864088421630243,1.6945699257238092,-0.2358888919128681,0.0,0.0,4.755327770423589,1013.7613433652662,0.9910318095415112,nan,nan,nan,nan,171.24860588684132,8.788173710242972,-18.02730578675856,129.5634726447786,139.9285504563609,976358674,0.10400195483666934,0.6353392277151322,1.3368165783607475,clean,42.49800145675488,3.706821752541477,8.719579727151928,12.41111451578948,1.4718389350636223,0.0,0.35152694840971904,0.0,0.0,-5.229999999999933,-4.165351588342323,-0.3072766526133268,-3.3349946099167447,0.0,-6.4962858295400014,-28.03430594913664,0.0,3.250258317414787,-41.33507084079156,-18.78813571885088,-4.340611333624685,-1.140444321548088,0.0,-60.0,143306
-179.47384276934852,53.35092838861653,361.01180707973924,61.59113869350268,14.403420896080062,5.674253117647141,30.313016265471703,0.7299917536125959,2218.1584295609077,0.15062111801242237,False,LOSS_OF_CONTROL,1612,161.20000000001025,1,711881.2747648446,1329.899501493867,4654.877625515178,364.366597404923,dry,0.9996099198860406,2.4279020796458033,-2.361593037492985,0.0,0.0,2.2644473609971465,1014.2014856055016,0.9698007451816256,72.10000000000963,1823.6221152736275,96.90000000002937,nan,192.69550171180828,675.6426138630151,-3211.2591381496068,127.07249569885379,137.2382953547621,619379841,1.4839285411082558e-78,2.2686049099043815,1.396523602810302,clean,180.3443080274834,13.80933454853645,33.063955393094396,13.183013028801861,20.865662201723598,50.07830443548343,27.025704554520612,9.699999999999982,0.0,-16.11999999999972,-55.327013121034106,-41.74696454258881,-16.386087363385503,0.0,-18.89185906406377,-85.35503329804322,0.0,10.669467787969372,-118.68682158048394,-80.80265861153616,-11.634950208716367,-13.262204957106377,0.0,-80.0,144918
-102.89841443571747,7.712302513685093,31.601359929698674,1.9282319825176162,-1.5857765595229047,-1.629196952554119,22.095456123497804,0.7470277593861298,2.2840495383287873,0.0,False,RUNWAY_EXCURSION,436,43.59999999999753,1,704960.4068272361,1331.88559540462,4280.965587138042,201.52039569182517,dry,0.976638433201076,4.849373805471496,-2.0912700927178682,0.0,0.0,-0.11212096896952684,1010.1026538011866,0.9936972319064382,nan,nan,nan,nan,127.71019165301864,1.6945850309645039,-1.4066134203699576,126.19007438427874,136.28528033502104,971614501,0.07466514668591824,1.0309157183460778,1.5053483660499283,clean,29.928199748301267,4.590259449235759,7.138245718740985,11.545749302624978,0.6940796979863618,0.0,0.06778340123858019,0.0,0.0,-4.3599999999999515,-2.881456665254526,0.0,-6.82456752305829,0.0,-7.946283861203706,-23.911659071906072,0.0,3.3791124988977868,-28.59954198234992,-21.66773720745167,-4.024593894287155,-0.026004047231883043,0.0,-60.0,145354
3.100680972916944,9.66788058869793,23.17426245918814,7.137942046869523,26.455189889207166,4.329363530804865,7.5699284994825335,0.731473277665285,1659.1291634090621,0.1968503937007874,False,UNCLEAN_TAKEOFF,837,83.70000000001886,1,712727.0518044531,1328.4284571536675,4364.108860924246,343.19373464986336,dry,0.9772307929170705,7.178271992858127,1.3088871697489606,0.0,0.0,-1.208807776526541,1011.2417913492037,0.9421329214842937,34.79999999999803,1245.5639841826364,58.39999999999873,nan,163.7496685367787,1659.1291634090621,1954.8582335755991,126.57016702972263,136.69578039210043,886688143,0.18934027688577343,0.5394746735508648,0.7934604936671732,clean,98.02838749719928,9.249316507472162,17.53705628945158,10.77972590605686,12.274418179811793,33.15599361608901,40.0,4.999999999999998,0.0,-8.369999999999866,-8.69251610219098,-0.7281712843117562,-0.46463586582825894,0.0,-2.0745706059697633,-44.24747783944717,0.0,9.924758849976703,-77.67247667391213,-58.887211732698304,-1.3105483704053122,-0.4013673983755871,0.0,-30.0,146191
-124.5476466344445,12.731187832847963,30.809929482694915,1.221929866918002,-1.7301810617864795,-1.7507459112063477,15.137438438367477,0.7648439246419902,1.7142780168423428,0.0,False,RUNWAY_EXCURSION,521,52.099999999997046,1,684863.8907034367,1324.4507186846356,4248.179662555155,334.54737700761484,dry,0.976782950274058,5.948922590702469,0.3208650296470701,0.0,0.0,0.5039117702298306,1015.3480323442178,0.9898635983171594,nan,nan,nan,nan,115.14904577045179,1.2716358770344414,1.6411348772011003,124.18930008534733,134.1244440921751,1056188272,0.040736574474738,1.0082631673061309,1.5931730385061522,clean,42.648418054328815,4.040659719988837,7.781241052476262,11.337955334057819,0.0,0.0,0.050865435081377676,0.0,0.0,-5.209999999999933,-9.382813092663163,0.0,-3.1224635570057804,0.0,-1.544632884643737,-29.408345595541387,0.0,4.433214955709321,-47.16582706159531,-33.30826310048037,-5.697574220123558,-8.167403327961561e-05,0.0,-60.0,146712
-53.45750616123523,14.909391863286631,34.34333350132202,18.230099314583825,17.902638790476896,6.023679785690395,9.708349433223015,0.7492946117344672,1359.0219734527923,1.0,False,UNCLEAN_TAKEOFF,811,81.10000000001679,1,673266.678065273,1326.4994033600362,4675.538009094263,182.8895469832027,dry,0.9764159482682461,7.778126883243969,-0.4778065916738172,0.0,0.0,-2.7317985028539793,1015.6735642323763,0.9548802082905907,35.49999999999799,1200.379597777499,76.20000000001289,nan,154.5007228231386,1359.0219734527923,4389.0469010565885,122.42161532360716,132.21534454949574,1756901406,0.007069891560960944,1.1255542384307682,1.6408063889622884,clean,90.97998487484786,6.302713703652778,15.029532721998034,10.766909123940783,29.426959244155256,28.044667623201697,40.00000000000001,4.999999999999998,0.0,-8.109999999999872,-20.030795801054836,-7.22450384794253,-1.3855234043074036,0.0,-5.313110077537613,-44.23705036117923,0.0,4.468771186637938,-85.19462297602723,-68.11571566065726,-10.377782216128098,-3.4879402948337335,0.0,-30.0,147523
-115.3118863450434,8.75472955617738,30.895772187592392,8.443494038507932,-1.3084650080255724,-1.3524694070509866,20.85204274281148,0.7605168896489867,3.9682733880628405,0.0,False,RUNWAY_EXCURSION,544,54.399999999996915,1,735553.0142275518,1331.6973097075154,4510.978380266485,211.01155942907766,dry,0.9727410104758676,1.9488703128131633,-2.144023115149659,0.0,0.0,-2.6914716408111072,1012.4608033846971,0.9933485143568256,nan,nan,nan,nan,134.93708576679617,2.658709964487656,33.80523778835936,128.1711198393116,138.42480942645653,1772735651,0.08752496583438098,0.8153104058609575,1.275379985763402,clean,38.50076644640275,4.190975139364757,8.35133080019444,12.542872541935962,1.7566562855372292,0.0,0.10634839857950619,0.0,0.0,-5.4399999999999284,-4.6327819492647055,-0.44363238423954193,-6.245575002908962,0.0,-9.208297639380621,-30.552651733013654,0.0,3.847504324819014,-41.39233741388726,-21.902653836875274,-3.871743523737106,-0.9186667985698023,0.0,-60.0,148067
-163.34587023726903,12.010123658478333,30.06591333714125,1.552751616263274,-1.541513327776193,-1.5762387381018306,7.765949346100187,0.8235932625782227,1.9954653057882865,0.0,False,RUNWAY_EXCURSION,777,77.70000000001409,1,765395.8971597129,1325.7603504011581,4340.603742763077,383.04239906225905,dry,0.969311138303741,3.6136968331853394,-3.626308710070271,0.0,0.0,-0.6195325882397311,1012.5718260855705,0.9884064038483598,nan,nan,nan,nan,127.19528651811176,1.745066571678592,-1.844334819054172,131.21179224374208,141.70873562324147,1345412382,0.06087755140156383,0.887004032939038,1.457404404946301,clean,56.0760766386232,4.499379914816287,12.526980252074859,15.315236023273705,0.0,0.0,0.06980266286714375,0.0,0.0,-7.769999999999879,-12.452985068537574,0.0,-1.0061430158006284,0.0,-1.3036956740242287,-47.86293159064174,0.0,2.324591788665897,-61.60663630885049,-54.917796258392265,-7.237749601342025,0.0,0.0,-60.0,148844
-180.17693544711943,31.285184518821698,78.28845574986458,13.773296241379382,15.675994627137234,2.9114517397374833,13.677735514446313,0.7703072691976458,3481.851144862942,0.06166219839142091,False,TIMEOUT,1801,180.09999999999306,1,686254.164120281,1324.6055844751284,4707.716300660661,301.65980631164706,dry,0.9870632222821875,6.4523229827581305,1.8885138116448488,0.0,0.0,4.106145579310895,1015.5058284044111,0.9011637858290495,48.19999999999727,1440.1473288874624,68.3000000000066,nan,144.40253759206811,3249.696661885589,-2147.8117178503544,125.07885574151928,135.08516420084084,1525331520,6.002001742314274e-07,0.4946597401686164,1.1431448793405559,clean,262.1348208741429,10.688894085453784,35.15824895367083,12.287672404739425,20.17906427715813,88.14250650444593,40.000000000000036,6.8999999999999915,0.0,-18.010000000000016,-189.8855373131788,-15.553729229775474,-9.192800260070534,0.0,-43.85226326259307,-102.59838190856992,0.0,8.268032694864358,-171.156191470867,-92.85234029885191,-9.388843675080823,-1.4460878226056333,0.0,-10.0,150645
-202.1516158283343,17.063724081807464,44.4691324899289,53.41169971558762,26.646269858376822,2.418082305804334,20.183868311001756,0.741683864643654,1549.5350670460527,0.0,False,CRASH,832,83.20000000001846,1,670519.7428743473,1330.5584298849112,4794.086117125975,94.65590314058325,dry,0.9995998312502458,7.826579161536255,1.4296182040351435,0.0,0.0,-2.500667625609358,1012.9438728055785,0.9958668075330825,37.699999999997864,1176.613532364068,56.399999999997135,nan,204.05675559385932,32.59651615326398,-6033.312684325352,122.38564693378977,132.17649868849296,2059603553,7.815620106226895e-07,1.6464210230574605,3.687515318003759,clean,90.7607532507427,3.7689373968268622,16.82764951256629,11.092709231364925,13.206232345037293,24.561006846176035,1.3038606461305549,0.0,0.0,-8.319999999999867,-26.917111708591825,-26.213467037911748,-4.897559006225112,0.0,-9.69691450027894,-44.90774266090655,0.0,3.598106010047982,-73.08013378331886,-54.300133505837486,-10.150972063862163,-8.786836800292916,0.0,-100.0,151477
-139.15222420774248,14.938344944933426,51.704133874132204,13.481765938910693,43.31181079558069,11.64957583471717,6.906698252392789,0.7484898867992436,1285.9711511453436,0.0,False,CRASH,825,82.5000000000179,1,748811.3040327093,1327.8208374548833,4265.6761699358285,325.17322541193266,dry,0.9812334674213395,7.879432824307812,-2.1818313323326124,0.0,0.0,4.503209894849936,1011.7094861510086,0.9897222115514098,48.79999999999723,1536.2036354652691,63.20000000000255,nan,187.03581493865914,20.757745333210437,-6813.482325660739,130.98926885580445,141.4684103642688,1367752506,0.0010489396900691607,1.3731518793851418,1.0797622946610947,clean,70.81851515170563,7.729292672589133,16.921801565076606,13.860639039517638,7.75866976749001,18.60688784322636,0.8303098133283964,0.0,0.0,-8.249999999999869,-20.455797055266654,-4.312303838403371,-0.3843485116732827,-0.8864676733672152,-4.7366723806147855,-45.176629532408576,0.0,6.671776123808748,-66.73980859819055,-27.049906682109327,-1.9965080703286602,-2.361673842122005,0.0,-100.0,152302
-121.11770167468222,11.548323882509198,22.535099816352563,1.5712830751045797,-1.2921152223160741,-1.295348943595748,9.09929490934758,0.8373204808112316,2.0007245991017157,0.0,False,INSUFFICIENT_RUNWAY,1035,103.50000000003462,1,767296.9928943071,1326.3195681206455,4307.813696866927,28.612154331726146,dry,0.9789166368601635,7.734547390204603,0.5588586693980293,0.0,0.0,4.711358543363989,1010.0506020422068,0.9988038415090315,nan,nan,nan,nan,100.17170031696814,1.0009199250867198,-1.8309602544691117,132.7522851774903,143.37246799168955,793289931,0.15735075224588393,0.5938954423789313,1.0086326948973994,clean,85.714451612014,6.767924631699282,22.50239599810768,14.93623931913671,0.0,0.0,0.040036797003468814,0.0,0.0,-10.349999999999824,-15.336835216963228,0.0,-0.5040397399704675,0.0,-0.05581456214297951,-65.1557742119993,0.0,4.773601938393023,-65.48927072590908,-44.93910061414575,-4.021516899904782,0.0,0.0,-50.0,153337
-53.27914112265525,12.23559232997621,28.82044961845307,14.898976824059252,26.225434736097515,16.035040946765662,7.349515167016922,0.7878758520635644,1226.2373972122136,0.0,False,UNSTABLE_AFTER_LIFTOFF,744,74.40000000001146,1,687360.2409943409,1323.435263520803,4385.975063627821,494.79805553022595,dry,0.9590051178643235,4.038651015199092,-0.2801404517769308,0.0,0.0,1.9372322620932056,1014.4349371372401,0.9515546387743578,48.599999999997245,1549.7994680642182,65.80000000000462,nan,105.3592502407938,1191.409812973217,-1179.1453948359178,124.78006262754137,134.7624676377447,176283768,0.06801709534158713,0.4129011456363418,0.996408024231853,clean,65.40467950088355,4.618091576828587,15.484479093476853,13.56397406545033,12.397174647827047,20.50280012724326,39.999999999999986,0.0,0.0,-7.439999999999886,-12.376003492337471,-5.08687420434868,-0.3179807823844266,-3.982677460544861,-4.813928161863194,-43.178863523259416,0.0,3.9320615595849895,-51.77710422676395,-26.673401645300014,-2.6515855078519657,-0.8839826892955712,0.0,-70.0,154081
-45.17299985382759,10.226473640278,16.786007865821478,5.737524783641837,-0.7808033646929297,-0.7980106161845191,4.7225742500517605,0.8518243547039801,9.39271289627817,0.0,False,FAILED_ROTATION,825,82.5000000000179,1,696794.1331189894,1331.5989651342438,4405.629064604148,292.13360980081245,dry,0.9609718974753685,5.964919085295678,-2.52066836537765,0.0,0.0,3.414013590214444,1014.166037334945,0.9909545744871824,nan,nan,nan,nan,168.80617331880447,9.364239091406148,-8.020661531417801,125.96951535982869,136.047076588615,1186724181,0.2978176139595444,0.29940423008992284,0.5482069547339917,clean,87.66411556770703,2.4465379636225095,19.65876517622325,13.588785883852184,6.964804877438225,0.0,0.37456956365624555,0.0,0.0,-8.249999999999869,-9.586569952235886,-0.1526155030427767,-0.029026699480076083,0.0,-0.058637055896213014,-53.07345651103987,0.0,1.859940499475224,-35.10106388417914,-20.71602755852581,-0.4486891240719974,-0.3144330973303235,0.0,-50.0,154906
-95.85222050076186,15.061476567339692,38.75682167518459,18.140750768213227,37.42010404170469,16.015934502801073,10.29682803498414,0.7399345392449976,1267.037583149912,0.0,False,UNSTABLE_AFTER_LIFTOFF,672,67.20000000000573,1,731942.5840041994,1331.1465537794788,4595.166204541472,242.69208546336208,dry,0.9526654000826424,3.1080438010750964,-0.23301793037751972,0.0,0.0,2.9418261920222886,1011.3890250231059,0.9575276830502168,44.899999999997455,1458.242374792771,59.099999999999284,nan,96.88997846545183,1236.0433498428106,-1601.649327984191,129.17997069377589,139.51436834927796,497074429,0.011966310307558164,0.5988479276940515,0.8391443529584537,clean,54.99694294222633,6.8791518651329655,11.66134433286225,13.090357888911596,4.886968168082104,18.144615488581206,40.0,0.0,0.0,-6.719999999999901,-16.93798970367635,-8.391808039522777,-1.7774643333168176,-4.75433045991308,-14.257941187619915,-36.26029587929176,0.0,6.735674822423313,-53.37382647865701,-36.859604282384105,-1.4653557334733647,-1.4486599111259888,0.0,-70.0,155578
-290.91944202877823,30.058214990886874,77.39320543450776,30.193898412083847,27.92380035541704,14.110490383989655,12.914665056599532,0.7479080581132255,1236.85730882896,0.0,False,CRASH,895,89.50000000002348,1,720464.3218616705,1323.183991230216,4545.368496372723,344.62044383221814,dry,0.950108737976943,7.876525964472806,0.873336206689578,0.0,0.0,0.5140378125690734,1014.6532791226766,0.9886145333263834,49.3999999999972,1555.197866492589,68.70000000000692,nan,180.84115788961728,34.31883685293553,-5997.968022240564,127.42203483545273,137.61579762228897,1275442510,3.13755836318778e-08,1.4382440396898766,1.7208653492638468,clean,85.20375910648241,8.52894275888305,16.09273700362201,12.625046828839043,10.372387049970614,21.121698259652504,1.3727534741174126,0.0,0.0,-8.949999999999854,-71.5611282929128,-39.55422164583922,-3.501578276038214,-4.9349611066157575,-26.784951820641364,-49.01207586353936,0.0,6.725918381252771,-76.28316043939004,-59.29448917706767,-5.490420497839373,-7.595697771712564,0.0,-100.0,156473
-141.83171257758778,17.525361017677838,30.01915358443181,0.6889860140640554,-2.900407438184037,-2.916055811683726,6.466080672361449,0.8442404975977026,0.39647816314328566,0.0,False,RUNWAY_EXCURSION,925,92.50000000002586,1,754129.8327835025,1324.2017492447249,4426.897836004225,419.5056448047435,dry,0.9506337662554443,4.522798376354982,2.958468589178543,0.0,0.0,-2.2252698312288617,1012.3968848822319,0.9873190006445395,nan,nan,nan,nan,56.104214404926545,0.15868647428089844,-0.03147954166292877,129.88957859610403,140.28074488379235,55205953,0.03819204047999476,0.3602212764681154,0.7922574303802906,clean,48.4097840102862,5.136733066621185,21.586244223823925,8.309604627546193,0.0,0.0,0.006347458971235945,0.0,0.0,-9.249999999999847,-31.566989765549586,0.0,-0.25818035181356713,0.0,0.0,-58.97309464525284,0.0,3.8361389618930684,-42.7283889788696,-24.217717907923497,-2.122193277320059,0.0,0.0,-60.0,157398
-128.15368858720984,18.33847124524252,27.593282712129362,0.6047053831578759,-2.86493827868485,-2.970984034325202,5.285421816017727,0.8178698180473304,0.25534357280673703,0.0,False,TIMEOUT,1801,180.09999999999306,1,714621.3679001322,1322.6860614530185,4253.994976843717,364.2204222663935,dry,0.9814369787663267,4.800468845167415,-0.1401539687203579,0.0,0.0,-1.0436135520521193,1013.3254432298626,0.9889814603666316,nan,nan,nan,nan,46.06118612382455,0.044507568395658836,0.665808190013113,126.64432658957084,136.7758727167365,1821691497,0.03933029585150403,0.23118078661906885,0.5700219488881266,clean,83.23483066891814,4.319944997139266,46.187261638117704,8.764915992135174,0.0,0.0,0.001780302735826368,0.0,0.0,-18.010000000000016,-67.29727213669639,0.0,-0.0773516463795735,0.0,0.0,-110.47345213621634,0.0,2.21521170814655,-41.69154368142908,-23.65407445938102,-1.6739398342997691,0.0,0.0,-10.0,159199
-125.45085324344339,14.97483470895749,30.012659450276214,0.362838323952476,-2.9207201637929847,-90.0,6.853398314456436,0.8198936676480764,0.036544580573092844,0.0,False,RUNWAY_EXCURSION,933,93.3000000000265,1,762871.3676903083,1328.5157864457346,4507.5612795584075,330.26477005743624,dry,0.9515585428050186,7.738399085744368,-2.962387800156162,0.0,0.0,-2.043919034253891,1010.1897926269878,0.9899504884439433,nan,nan,nan,nan,41.362861062717606,-0.007027145336280682,0.28378922450453814,130.82432452485784,141.29027048684648,2028429921,0.07433922124153144,0.2016970261631617,0.6373725632135055,clean,31.55128938782043,1.369583230708184,20.52499560272384,6.233622901345351,0.0,0.0,-5.039846036163087e-19,0.0,0.0,-9.329999999999846,-23.24680159611535,0.0,-0.3060767648125249,0.0,0.0,-57.78227785029625,0.0,1.4505549002417812,-25.104954550044194,-9.62744693094815,-1.183341574066572,0.0,0.0,-60.0,160132
-46.11353092728589,4.9787264789589685,8.95073684975219,0.047160041730590886,-2.7621650791784353,-90.0,3.3017447390733015,0.8389667606895019,0.0,0.0,False,FAILED_TO_ACCELERATE,301,30.099999999998296,1,731313.929122208,1331.9462127392444,4470.80934481212,221.27191523281525,dry,0.9890708267766822,1.2043453747435047,1.7296987799017258,0.0,0.0,2.4253868246283954,1012.8770168389312,0.9932461890530558,nan,nan,nan,nan,13.424667789117011,-0.15544958448714397,-0.020953607603932944,128.91509228962883,139.22829967279915,312402043,0.7624506635486236,0.10028736910215497,0.3010868747666652,clean,3.3610041958049695,1.409334909520127,1.9676828980580956,1.8431431339164426,0.0,0.0,0.0,0.0,0.0,-3.00999999999998,-0.8290114358931602,0.0,-0.0003825146525704555,0.0,0.0,-19.164917481219764,0.0,0.7906206648186173,-1.917836326030819,-0.5574077133659635,-0.005761258241859701,0.0,0.0,-30.0,160433
-136.4503837325934,19.051979340882436,30.012015086459904,0.1912128412714115,-2.8713982191945164,-90.0,7.746641940105047,0.8475212448702163,0.0,0.0,False,RUNWAY_EXCURSION,701,70.10000000000804,1,720467.1056530357,1323.4099989003369,4602.239073468908,313.9696256392442,dry,0.9797077640920631,3.4147708240152763,3.8551444139559723,0.0,0.0,-1.504219838525879,1013.4255624348422,0.9904285824098704,nan,nan,nan,nan,27.921288464629917,-0.09957478899474381,-0.010383624660050828,127.0529387381913,137.2171738372466,1759114057,0.02887496973916313,0.15234043546118736,0.5815906500476826,clean,14.170634843274511,0.9952446124228322,8.336755805607563,4.017255877699183,0.0,0.0,0.0,0.0,0.0,-7.009999999999895,-28.271946631177045,0.0,-0.7046920165198913,0.0,0.0,-45.12344072877632,0.0,0.6642645276101699,-18.745714392581483,-4.32367910420488,-0.45506652594780383,0.0,0.0,-60.0,161134
-103.17096895781931,17.079510651167023,30.01910686417375,0.3854396056712561,-2.6732607577420904,-2.70512395049222,10.788124378052029,0.8186796900469007,0.3388181292220338,0.0,False,RUNWAY_EXCURSION,253,25.29999999999857,1,678350.3716745868,1327.2809913917192,4411.872961234924,472.4299921416363,dry,0.9655154531169494,6.110354005736439,-3.7813325665994872,0.0,0.0,1.5031478176600634,1013.9114164458163,0.9859344075010221,nan,nan,nan,nan,66.35925116970617,0.32708536851293957,-0.28962571121974534,123.89875447864843,133.8106548369403,872974300,0.038412776306377176,0.4816200344529172,1.2595900948242547,clean,9.236348617100083,1.1897981851509325,2.719735008787205,6.262770815934051,0.0,0.0,0.01308341474051758,0.0,0.0,-2.52999999999999,-8.200283341453543,0.0,-1.0812952768693622,0.0,0.0,-15.571031095650493,0.0,1.8578837855300276,-19.109013894000658,-16.529057027090037,-1.4299081499980029,0.0,0.0,-60.0,161387
-115.23395098683594,19.766240701607614,30.041615159612455,0.5354551916152552,-2.844529065397338,-90.0,9.401848986846126,0.8546507067503325,0.06389913674883019,0.0,False,RUNWAY_EXCURSION,413,41.29999999999766,1,742570.171137576,1329.1448073173206,4761.770670395924,357.1455102783623,dry,0.9808139228208052,4.870153920680744,-2.4994452423832083,0.0,0.0,-1.3136578214597279,1013.327176977083,0.9891906402923678,nan,nan,nan,nan,42.53231306426149,0.011597376460713349,-0.018065552178470057,129.03626378760694,139.35916489061552,89514544,0.02184902557527791,0.3269278180251322,1.0038584193311335,clean,13.93972939537605,1.118222183527498,7.332982046638936,4.824438697589547,0.0,0.0,0.00046389505842853195,0.0,0.0,-4.129999999999956,-17.92898490207959,0.0,-0.5942677798575833,0.0,0.0,-26.914717868516593,0.0,1.6043622379470757,-21.83063079722886,-11.089761616332071,-1.5657864789585978,0.0,0.0,-60.0,161800
-121.54469107429536,20.071147412645914,30.007833724634093,0.507413876309759,-2.650198353851763,-90.0,8.4980629361521,0.8859043722960657,0.09084430748096395,0.0,False,RUNWAY_EXCURSION,481,48.09999999999727,1,681884.8876893643,1329.4433962850858,4597.435137382807,66.5086195475329,dry,0.9758270382979541,1.99616422488885,0.9056453070959654,0.0,0.0,1.953771781163109,1014.0044637681531,0.997695436538261,nan,nan,nan,nan,45.26908305946858,0.06430348179605971,-0.05649986983988775,124.31200586851314,134.25696633799419,1954121989,0.02012849825774262,0.3269197994839985,1.0408304678468427,clean,17.829804806739723,0.7106979464907363,9.837199194633708,4.595679359818034,0.0,0.0,0.002572139271842387,0.0,0.0,-4.809999999999942,-21.530145668815365,0.0,-0.42235515884882896,0.0,0.0,-32.77814083906977,0.0,0.3904820376972545,-19.01876189998421,-14.386865653646213,-1.9648573385820072,0.0,0.0,-60.0,162281
-115.58957714223337,19.360953495934442,30.020814450151637,0.35170468813843836,-2.713478469350667,-2.8253910237777338,8.341370935885811,0.8463457048719352,0.13831550688247418,0.0,False,RUNWAY_EXCURSION,433,43.299999999997546,1,672282.9232624911,1323.2397526211414,4646.350993642357,19.197938774380475,dry,0.9704812178119179,0.362058831082507,-2.079880382894518,0.0,0.0,4.502147595057392,1010.7812162627906,0.9990826738995628,nan,nan,nan,nan,51.924745814262145,0.11635056094872454,0.34273514543471606,124.17212217151375,134.10589194523484,2020595744,0.024601729043455714,0.31644962492558437,1.0999809104797584,clean,16.682237603243614,1.0465929929480025,8.204136063570667,5.516788407179595,0.0,0.0,0.004654022437948986,0.0,0.0,-4.329999999999952,-18.03428258640687,0.0,-0.4023196551675223,0.0,0.0,-27.8684093609337,0.0,1.340775576813782,-23.264844593353917,-12.6433750544808,-1.8415305580840613,0.0,0.0,-60.0,162714
-153.0355249195646,21.690187942159938,30.061238593104562,0.4772276012845897,-3.021065265720477,-90.0,9.84180397003936,0.7833279038505174,0.03821543344014344,0.0,False,RUNWAY_EXCURSION,961,96.10000000002873,1,760185.547999175,1322.1707664197384,4774.460700458418,401.7466887942704,dry,0.9963148458810291,6.927949367274543,-1.3088940821402542,0.0,0.0,2.3900778851610953,1011.0870673446958,0.9880517316393507,nan,nan,nan,nan,32.93751295819778,-0.07837284527317934,-0.024942075578984202,131.5434834070665,142.06696207963182,92485438,0.013277177600329336,0.2234719548707485,0.6675601168514569,clean,33.828421875454886,1.1588468524962183,22.051148257589134,4.93624821880197,0.0,0.0,-2.8587361969832636e-19,0.0,0.0,-9.60999999999984,-50.235127455615334,0.0,-0.7423772053057275,0.0,0.0,-55.92736252842641,0.0,1.8860288384707957,-25.2222070252862,-13.915122223354471,-1.2440225243894816,0.0,0.0,-60.0,163675
-136.8811962619887,20.703792137824355,25.1736539719208,0.5018140934978046,-2.7611174366150464,-90.0,7.9448087353443375,0.7117826125587815,0.06443637345552133,0.0,False,TIMEOUT,1801,180.09999999999306,1,728763.3743009164,1331.7389458586745,4707.520565229586,197.73504372133704,dry,0.9634843068121978,7.834180867805981,1.6558044200885864,0.0,0.0,0.9014509709245555,1015.3979175830235,0.9938861286845849,nan,nan,nan,nan,23.51535753593378,-0.10779027065422042,-0.022395943386088746,128.1927602558579,138.44818107632653,1274239748,0.02439282158254848,0.17887456719942574,0.4486545747276989,clean,57.803805518936755,0.8300343206188509,40.432915039215786,4.449416388684298,0.0,0.0,2.3445871979999033e-18,0.0,0.0,-18.010000000000016,-85.77702922267905,0.0,-0.40103520253375713,0.0,0.0,-94.5364179231376,0.0,0.5957454646990267,-17.02902286377378,-14.280816585210223,-0.95879119680886,0.0,0.0,-10.0,165476
-158.71496389193447,20.37946582298183,24.85655112180894,0.5250108705887758,-2.258850793371629,-2.261777897435128,10.201335423569365,0.7825839375713043,1.2020078781822576,0.0,False,INSUFFICIENT_RUNWAY,1721,172.10000000000034,1,715813.7395404126,1325.7538824929004,4441.691585228004,274.8407241608607,dry,0.9506461863477488,6.367653336697627,-3.755071830013653,0.0,0.0,4.248045173746611,1015.155805148358,0.9917099441995679,nan,nan,nan,nan,109.29955305496081,1.2020078781822576,0.6692486163631095,127.79730145261637,138.0210855688257,1766748282,0.02666683534070292,0.23013621849496893,0.5593474171332249,clean,88.3362365590012,1.107246056029023,44.455579986355175,15.71697397004194,0.0,0.0,0.048080315127290336,0.0,0.0,-17.20999999999989,-79.41891571810854,0.0,-1.1335930842131345,0.0,0.0,-100.84917923309844,0.0,1.2833645894312178,-35.29536389546294,-24.398777928937754,-1.3566155080995632,0.0,0.0,-50.0,167197
-137.64984275161072,17.256271124218717,30.08880759161749,1.0385574336622676,-2.9273203573391555,-3.0612038877869114,11.429704912959291,0.8104254199293346,0.25559189387269043,0.0,False,RUNWAY_EXCURSION,502,50.199999999997154,1,749226.0211046077,1325.5957744693214,4481.55722164783,371.2064489283618,dry,0.9928678711179343,3.647710834529171,-2.2814355712898426,0.0,0.0,0.6904581811246295,1011.9243637305544,0.9888475956903288,nan,nan,nan,nan,59.371345667001165,0.18945721986182207,0.4278947137538047,130.1554025662646,140.56783477156577,1696194208,0.0346351704497861,0.535117625566334,1.2016934507647494,clean,18.713526096529705,0.8998211179300398,6.868162134605868,6.002244996134575,0.0,0.0,0.007578288794472882,0.0,0.0,-5.019999999999937,-16.60944492694415,0.0,-1.3763844908384064,0.0,0.0,-30.513916760379274,0.0,0.8277863233010724,-32.39135529703531,-21.899868883865558,-3.1579913498435936,0.0,0.0,-60.0,167699
-51.66415977294945,1.0940550752787326,1.2077641368862944,0.0018841873308270208,-2.84162214842802,-90.0,0.773801057882731,0.8728092012149286,0.0,0.0,False,FAILED_TO_ACCELERATE,301,30.099999999998296,1,714173.4296878505,1323.8445865768797,4297.794665994178,384.6453697091975,dry,0.9521337139884638,5.599872787970147,0.375996528600572,0.0,0.0,4.163017300867622,1014.9396818530208,0.988598836919292,nan,nan,nan,nan,2.5692578465515714,-0.18348881090452096,0.17450483037981024,127.64581864645751,137.85748413817413,892030427,0.9901161909040112,0.0,0.03487454169598056,clean,0.23588492778134945,0.22577363688642318,0.17669965287501851,0.377518964153159,0.0,0.0,0.0,0.0,0.0,-3.00999999999998,-0.04003154542563212,0.0,0.0,0.0,0.0,-20.06524031159827,0.0,0.4352349023785314,0.0,0.0,0.0,0.0,0.0,-30.0,168000
-47.61756677956156,0.9482557127349394,1.0404505409215759,0.001185144194900153,-2.816523357203479,-90.0,0.7223056380303993,0.7138905636759955,0.0,0.0,False,FAILED_TO_ACCELERATE,301,30.099999999998296,1,737461.818749252,1329.8531527533928,4798.628090874658,86.98168029674281,dry,0.9652951917131298,7.31497200369049,-1.1752402457961355,0.0,0.0,0.9459694057100565,1013.2199850514993,0.9971133594163764,nan,nan,nan,nan,0.43596683898048083,-0.18018360912844855,-0.0013871315540620044,129.10400113975516,139.43232123093557,1846657787,0.9925804715072336,0.0,0.050191023686770087,clean,0.26287428193077556,0.2539620422958481,0.19610879787103172,0.18847140360619505,0.0,0.0,0.0,0.0,0.0,-3.00999999999998,-0.030072873101896498,0.0,0.0,0.0,0.0,-16.006161022062617,0.0,0.5272505898991052,0.0,0.0,0.0,0.0,0.0,-30.0,168301
-41.7610763971084,0.8298687134623802,0.9900995801173648,0.0018273640180415142,-3.0154566948588095,-90.0,1.8784322238522664,0.46178997520064435,0.0,0.0,False,FAILED_TO_ACCELERATE,301,30.099999999998296,1,766410.2090107364,1323.711433349254,4645.202773997683,50.16303799196581,dry,0.9751501941087715,5.918816561072825,3.208098612980438,0.0,0.0,0.8517402853176552,1012.5428520224278,0.9981848054142926,nan,nan,nan,nan,0.00011662706021317832,-0.19818104279891458,0.010107381085308243,131.63608295666788,142.16696959320132,1781990488,0.9941454630946674,0.0,0.04246430596423375,clean,0.13702425695612802,0.13303477005784684,0.09479831577307529,0.15811180967282484,0.0,0.0,0.0,0.0,0.0,-3.00999999999998,-0.023032589617410563,0.0,0.0,0.0,0.0,-9.534721453501522,0.0,0.2837084935506735,0.0,0.0,0.0,0.0,0.0,-30.0,168602
-46.13813064443586,0.8441772145355545,1.0773150452171536,0.005274344082122994,-2.8403509601939505,-90.0,2.4639543099892105,0.7115164947668183,0.0,0.0,False,FAILED_TO_ACCELERATE,301,30.099999999998296,1,712814.308608812,1323.5958674479803,4417.005727597492,125.86385586260162,dry,0.9922429127244622,7.237242295438247,0.4054938145084517,0.0,0.0,1.6927918681169292,1010.888692466075,0.9959911235184469,nan,nan,nan,nan,5.436463028092289,-0.18466962282710142,-0.03483928148835691,127.23850991657444,137.4175907099004,243444659,0.990566928356938,0.05691533925448855,0.06757433212125151,clean,0.357248298110028,0.35169120521997277,0.2379021301760369,0.8253076932140976,0.0,0.0,0.0,0.0,0.0,-3.00999999999998,-0.023833687336871467,0.0,0.0,0.0,0.0,-15.48162275704674,0.0,0.7755048740372376,-0.0010671275162278688,-0.16926127329338328,0.0,0.0,0.0,-30.0,168903
-182.6621526524911,21.99919941815799,30.22152404797651,0.6208344542193185,-2.1848811289365857,-2.185768884185769,9.891510404063684,0.8272187882450341,1.2788420840437311,0.0,False,RUNWAY_EXCURSION,1381,138.10000000003126,1,736941.2613011724,1327.4335890435907,4494.2744623214685,81.10175776994582,dry,0.9580183510233996,1.0948364908696586,0.8274585739086118,0.0,0.0,3.672776762129349,1010.6095561085016,0.9972728703697585,nan,nan,nan,nan,112.50344761070212,1.2788420840437311,0.28607291387686473,129.83300720355638,140.2196477798409,21377256,0.011133977998608291,0.3479955288249659,0.790032689740456,clean,75.20940169432825,1.0615693912160586,35.065194797820844,15.739114235591126,0.0,0.0,0.05115368336174925,0.0,0.0,-13.80999999999975,-74.26170603667545,0.0,-0.8770010331333011,0.0,0.0,-86.08729225355766,0.0,1.2579849784627908,-36.4225631206379,-36.55837323464879,-3.0296357546185795,0.0,0.0,-60.0,170284
-275.295574067119,21.402913685776458,29.00514385571917,1.186421346703972,-2.0866286574420143,-2.1023257109371416,9.881628359832813,0.862119415247585,1.1606272408295126,0.0,False,INSUFFICIENT_RUNWAY,1341,134.1000000000349,1,719800.248756831,1331.7437271485662,4540.888712101769,328.9144762828101,dry,0.9639284388545561,1.7795615164693324,-2.6830509980432464,0.0,0.0,4.845120439944451,1012.239770734179,0.9901921666936842,nan,nan,nan,nan,98.46910793831098,0.968947490036328,-0.8646591224360556,128.46809342919585,138.74554090353152,219536274,0.012082400094947118,0.5445793038317681,0.9928208068398449,clean,90.28523786765035,1.4875161921750462,31.936756926476317,14.543164232610124,0.0,0.0,0.03875789960145312,0.0,0.0,-13.409999999999759,-68.25462242187875,0.0,-0.8230615426240806,0.0,-3.188484923825782e-07,-88.16502337511845,0.0,2.2743973539739546,-104.99305255005339,-86.01064474585145,-4.204999585229655,0.0,0.0,-50.0,171625
-97.27866919148849,15.110371291518502,30.064452910739774,0.2799018648484399,-2.806221459744287,-2.8900374420482704,9.727982019964994,0.8858406568172749,0.2916600680110264,0.0,False,RUNWAY_EXCURSION,252,25.199999999998575,1,698203.5662897778,1322.900876115098,4268.230590853603,212.7743672251587,dry,0.9912540623411656,2.582426229317214,3.408570215454863,0.0,0.0,0.968835492038548,1015.4419970249363,0.9934260778452676,nan,nan,nan,nan,64.09847780601939,0.2898502969984804,-0.1791463850021735,125.48807319888768,135.5271190547987,783930654,0.06382470093155249,0.40191920514752566,1.074108192666568,clean,8.12217571475109,1.6140087153793536,2.4496265291247594,6.42173680363673,0.0,0.0,0.01159401187993922,0.0,0.0,-2.5199999999999902,-6.393052975891301,0.0,-0.8565065131767922,0.0,0.0,-17.1122556726557,0.0,2.787732431179858,-19.36507679686549,-11.49012237780754,-0.9485290610434007,0.0,0.0,-60.0,171877
-103.96314378534387,19.1652383857678,30.041976923407972,0.48969777590420177,-2.6898856384310936,-2.7260559407318783,10.338135282026295,0.8824195940593248,0.35026791499637966,0.0,False,RUNWAY_EXCURSION,314,31.399999999998222,1,691784.3242619256,1327.7603033697112,4547.806208929745,420.3899724584057,dry,0.9896211173608738,1.5877291418904962,-3.205265773701627,0.0,0.0,-0.6032146287674651,1011.1048058903797,0.9873439814307015,nan,nan,nan,nan,64.78031109386848,0.30544043069522786,-0.12201654979342891,124.83671059320874,134.82364744066544,235553100,0.0217465210039178,0.5236057020657849,1.162932214020139,clean,13.268301322559827,1.8321709284055854,4.610155930424791,6.1877073684416,0.0,0.0,0.01221761722780911,0.0,0.0,-3.139999999999977,-12.814910865373188,0.0,-0.9994570532069188,0.0,0.0,-21.260978134870978,0.0,2.869211948521107,-17.604799278184732,-15.149693017079034,-1.7730705522097163,0.0,0.0,-60.0,172191
-102.72437862644989,16.118309151091623,30.046921552010957,0.45449344003465564,-2.681689292265275,-2.7463803686487855,9.525818600008863,0.8815195684714728,0.2694798049985252,0.0,False,RUNWAY_EXCURSION,299,29.899999999998307,1,694404.2044949726,1330.0096767363443,4305.274812630369,394.5846781009261,dry,0.9659224306132302,6.192919533341569,-2.1444996681373207,0.0,0.0,-1.876145375604712,1014.1193048917504,0.9880430266783409,nan,nan,nan,nan,62.395651939235506,0.26379901052439436,0.17925113298520756,124.61010899876753,134.57891771866895,168856718,0.0527310433947608,0.36706685450998994,0.9710837285098881,clean,9.221443000917397,1.3395669188402886,2.982272641452912,6.810769948649982,0.0,0.0,0.01055196042097577,0.0,0.0,-2.9899999999999802,-8.631129675239885,0.0,-1.0302573461334936,0.0,0.0,-20.13378922472137,0.0,2.054904660417539,-21.65832861914556,-9.817876300085684,-0.8825065918229168,0.0,0.0,-60.0,172490
-110.60404588642996,17.161141069670656,30.065879029381,0.4723411337594421,-2.778333315190035,-2.8154077627061658,9.003114682599193,0.879511142025391,0.40234000729242325,0.0,False,RUNWAY_EXCURSION,320,31.999999999998188,1,702775.0417452406,1322.631432590026,4351.606944996524,418.05149059796787,dry,0.9722304173218416,7.6777608552567385,-3.4658743068580664,0.0,0.0,3.424615237083949,1014.498688422433,0.9875860100936331,nan,nan,nan,nan,71.45708119969385,0.3842481339662527,0.40348629900512023,126.49054467026112,136.609788243882,555678126,0.03584131819721388,0.5277569749258622,1.1085551007535261,clean,13.049294673261313,1.7940745367339852,4.092428255679861,7.4550065432069275,0.0,0.0,0.015369925358650104,0.0,0.0,-3.1999999999999758,-10.471280455578198,0.0,-0.7043253869576106,0.0,0.0,-21.492367485704154,0.0,2.8621919809033542,-25.32020995587498,-17.260449802401972,-1.423778715057099,0.0,0.0,-60.0,172810
-155.66584312622606,16.220883413034542,30.006777598995228,0.7598756276762325,-2.712018681243352,-2.7711147223108483,10.70846599497817,0.8868712977824404,0.5328907158567517,0.0,False,RUNWAY_EXCURSION,481,48.09999999999727,1,756103.7573746097,1328.2763350858313,4332.546751369207,380.4928702367736,dry,0.9688605038833894,5.450170416060455,-0.1946218998051359,0.0,0.0,-2.374691435774854,1011.7527130372484,0.9884451621903658,nan,nan,nan,nan,86.08310997247654,0.5328907158567517,5.147221959120429,130.0668575425446,140.47220614594818,1401479130,0.034509031581395726,0.7331009407422803,1.5353110841282138,clean,21.743341702630197,3.055053880257682,5.858756161117986,9.236761390205658,0.0,0.0,0.021315628634270067,0.0,0.0,-4.809999999999942,-14.062145026038193,0.0,-1.9470291491533067,0.0,-0.0024195711230128613,-32.79361319134009,0.0,3.2262222325772836,-47.27013563166799,-32.80201134640701,-5.119940205919114,0.0,0.0,-60.0,173291
-128.26417127238662,16.114292180723382,30.006957181808147,0.8261170070686829,-1.9893119595019755,-2.0015271656398768,10.470764800886267,0.8596825204721696,1.2214853835844792,0.0,False,RUNWAY_EXCURSION,329,32.89999999999814,1,679809.2587253298,1327.7938952032148,4405.991320647034,121.77536197668071,dry,0.989837148618066,7.121807395833892,3.909173365727969,0.0,0.0,0.8828264021464038,1015.044147724811,0.9960461236374203,nan,nan,nan,nan,114.14093079149175,1.2214853835844792,5.6616484072482365,123.82987767097835,133.73626788465663,1125662722,0.029807614594441253,0.8411626491115979,1.5917602312433574,clean,16.97822013984042,1.2157254174065089,3.494987779100138,10.317812959564739,0.0,0.0,0.04885941534337919,0.0,0.0,-3.289999999999974,-9.492396189755867,0.0,-1.2838948069450493,0.0,-0.0019840477954647124,-21.439970866658797,0.0,1.9807160559732313,-34.44568490771717,-28.83972216079972,-3.5068400599428933,0.0,0.0,-60.0,173620
-230.91088689880692,17.00080615345461,30.178809575054405,1.161855773244406,-2.2620692752451714,-2.275258180762754,9.839316871271166,0.873844666651829,1.0859070639268822,0.0,False,RUNWAY_EXCURSION,777,77.70000000001409,1,746240.6004238392,1325.0826714466539,4656.979777123589,104.9078009316845,dry,0.9557615177590619,5.32942420315371,1.5208223132155814,0.0,0.0,0.9535946312169292,1010.513948217472,0.9965483185841373,nan,nan,nan,nan,107.61353628298157,1.0859070639268822,4.118350451966073,130.0456451937392,140.44929680923835,588086460,0.026692738306576962,0.7751761074248641,1.4187938264089999,clean,45.17793003477161,3.95073078635123,11.141764844805149,12.816366291864966,0.0,0.0,0.043436282557075295,0.0,0.0,-7.769999999999879,-24.952699718547006,0.0,-2.167971702723925,0.0,-0.00011868015848411423,-51.92332727078262,0.0,2.499581679161083,-88.36757401223308,-65.05252271389142,-6.306482719979524,0.0,0.0,-60.0,174397
-152.29114003063103,21.807253997852968,25.758105233896664,0.5709447086556905,-2.884721063492721,-2.8848657630376056,9.079910799785125,0.8098032044885597,0.6489268362897747,0.0,False,TIMEOUT,1801,180.09999999999306,1,763735.9387144584,1326.2827848849304,4618.015477713594,130.97623383411062,dry,0.9598232876532333,0.024965343590704236,3.2623072578864973,0.0,0.0,0.18833690323178676,1014.8021301005049,0.9957987574273172,nan,nan,nan,nan,85.4653092439298,0.6403959090181672,-0.27446651707295544,131.1091224159916,141.59785220927094,2041104818,0.016478307183805795,0.2553841389102521,0.623818596764726,clean,82.69862489369049,1.375510745362976,46.488615704962335,13.353762133536167,0.0,0.0,0.02561583636072668,0.0,0.0,-18.010000000000016,-95.16410497725589,0.0,-0.8885765547172233,0.0,0.0,-109.45068993723388,0.0,2.2084058885358053,-32.87861029723952,-29.81455023771975,-2.2351432289132123,0.0,0.0,-10.0,176198
-99.14554065841492,16.117725680372754,30.026432246801342,0.2901734378188076,-2.6380648654639067,-2.736211266697125,8.212098868967079,0.8976654829175187,0.2577818015724489,0.0,False,RUNWAY_EXCURSION,264,26.399999999998506,1,689131.802503633,1331.7268806331415,4688.276105667069,2.2065874789772844,dry,0.9926697006326375,7.364248693710039,1.335513034192919,0.0,0.0,-1.9160942115459125,1012.1122146754464,0.9995444121803634,nan,nan,nan,nan,63.937792214864885,0.2577818015724489,1.2383711097173666,124.25049818586399,134.19053804073312,1508933830,0.05417782414383773,0.3308698985827027,0.8383376980207218,clean,8.500963933218756,1.0827370589467447,2.904288746862927,7.184392479989529,0.0,0.0,0.010311272062897957,0.0,0.0,-2.6399999999999877,-7.620245045827255,0.0,-0.5302151166982699,0.0,0.0,-18.195737175781453,0.0,0.5633084985541515,-20.04348216605493,-9.875327907419873,-0.4865352362681184,0.0,0.0,-60.0,176462
-108.86824437683657,17.465343574805324,30.004537178652754,0.368464494820586,-2.851571419392675,-90.0,9.903184700538963,0.9091707620509836,0.0,0.0,False,RUNWAY_EXCURSION,344,34.39999999999805,1,722151.3836506784,1324.8328123168028,4557.672729746491,322.1563737155204,dry,0.9539560039334268,5.3521128539667115,-3.3989145968492336,0.0,0.0,1.9810256963911668,1015.4791129452792,0.9903151300699717,nan,nan,nan,nan,41.61919247953965,-0.011314002797348621,0.40870789803934215,127.84286661388684,138.0702959429978,1362392980,0.0410142806439491,0.27362754374070175,0.8435825854794198,clean,9.242365340296745,1.4667564157586805,4.381973857978463,5.425439489209347,0.0,0.0,0.0,0.0,0.0,-3.4399999999999706,-11.65923886755354,0.0,-1.0575572922618106,0.0,0.0,-24.153856430611125,0.0,2.208161722006462,-22.08749324998623,-8.461020478836028,-0.7337748828374269,0.0,0.0,-60.0,176806
-104.64184410590684,15.427464963803427,30.05636516986698,0.2711639076510457,-2.694267141910155,-2.894122007701248,8.258413963938015,0.8973279380583546,0.11680339068598755,0.0,False,RUNWAY_EXCURSION,333,33.299999999998114,1,680402.2342332038,1326.2750089519102,4208.216206589591,104.14857419925289,dry,0.9792190698456019,6.577297667092226,3.4018835357764554,0.0,0.0,-1.0775420610023687,1015.0208183236593,0.9965676886123536,nan,nan,nan,nan,53.852790195795365,0.11680339068598755,1.2001400689366903,123.46445443613248,133.3416107910231,2026798130,0.06710915664195596,0.21134241317057106,0.6576606909511495,clean,9.202957666532846,2.0001963257856543,3.6158335608109233,6.630167122997425,0.0,0.0,0.0046721356274395005,0.0,0.0,-3.329999999999973,-8.806246982747144,0.0,-0.7195625234077896,0.0,0.0,-22.961737605617994,0.0,3.269427226995836,-28.693636557584757,-4.597397594546313,-0.2565168807529546,0.0,0.0,-60.0,177139
-160.81562707973222,23.906367928469315,30.03599185377906,0.29269290361621314,-2.9861495475138495,-90.0,8.906349889259294,0.8590138480011944,0.01568633804424735,0.0,False,RUNWAY_EXCURSION,898,89.80000000002372,1,749532.1714360429,1322.195899535546,4588.739250886267,80.70427648952416,dry,0.9528676677111594,1.611834799076231,1.167629642409794,0.0,0.0,-1.9220306133894312,1014.5231296103561,0.9972689921692546,nan,nan,nan,nan,35.86824536584841,-0.05380552972995645,0.04464963029078284,129.4258377506025,139.77990477065072,1686949517,0.006654115009239883,0.20261924146723614,0.5259840517098595,clean,31.20685131088193,1.5218720968358987,20.351467246815847,5.164362810519799,0.0,0.0,2.591920818598159e-19,0.0,0.0,-8.979999999999853,-57.02443954701655,0.0,-0.5909075549513131,0.0,0.0,-58.45158425654431,0.0,1.3882575335455183,-23.702540681021837,-11.161984239997695,-0.5369817987991615,0.0,0.0,-60.0,178037
-114.16915819019586,18.52718954822499,30.06007321797707,0.2549501709234944,-2.9545817462869093,-90.0,8.105223477278713,0.8828962540073839,0.0580148452742435,0.0,False,RUNWAY_EXCURSION,417,41.69999999999764,1,751165.3964611414,1324.262553338725,4348.147302070817,202.22337812757112,dry,0.9803576455151131,6.429750575904232,-2.566749069539285,0.0,0.0,-2.534100902809379,1010.7125125105252,0.9936918659031447,nan,nan,nan,nan,47.151853884501705,0.054789919928083464,-0.07137994980144668,129.67192030263624,140.04567392684714,272337652,0.032173016876377976,0.22074493130710632,0.6392169545200284,clean,11.905198132843742,1.467592645805792,5.885627936430894,6.1675233844697175,0.0,0.0,0.0021915967971233375,0.0,0.0,-4.1699999999999555,-15.904229535088056,0.0,-0.5897981524815725,0.0,0.0,-28.142537715953036,0.0,1.6885011718025509,-25.953739156847952,-6.26718881531711,-0.25829968265784214,0.0,0.0,-60.0,178454
-196.97598507343616,23.282975367257027,29.89634637923337,0.15956674191206685,-2.9916206855046137,-90.0,6.641112143347029,0.7586055893755046,0.0,0.0,False,TIMEOUT,1801,180.09999999999306,1,755861.4236052389,1323.1661668118227,4617.636953042191,420.7739126820201,dry,0.9962788407277117,2.167196612040578,-1.5580990005021822,0.0,0.0,-2.5206726415369705,1013.504868066434,0.9872886536300425,nan,nan,nan,nan,18.594382777629736,-0.15169419554990782,-0.023433503902579034,129.90036064052063,140.2923894917623,79354821,0.008424834346280042,0.13727351482095412,0.3680382985762638,clean,43.03907665564896,1.201283713768207,29.181259759068954,4.084067385132452,0.0,0.0,0.0,0.0,0.0,-18.010000000000016,-108.47962138401004,0.0,-0.6523121160741542,0.0,0.0,-100.96253602455576,0.0,0.961685890276531,-29.215468223629596,-7.967761198634276,-0.15565953042787403,0.0,0.0,-10.0,180255
-201.39484288679182,20.634251060873776,24.99623956236992,0.1288015613336763,-2.738643588994495,-90.0,6.907508977713345,0.8224352619621454,0.0,0.0,False,FAILED_TO_ACCELERATE,1678,167.80000000000425,1,714894.7228126153,1330.4763334756317,4563.90302694573,438.62358084077437,dry,0.9841672081270958,5.48570999479782,2.658909356827911,0.0,0.0,1.7834562004885663,1012.8067820085381,0.9869473255957601,nan,nan,nan,nan,15.396697651467832,-0.14223010011329507,-0.010578692141911539,127.32324501803018,137.5091046194726,1857097247,0.025588196579690105,0.12080928386620927,0.33084238576549396,clean,32.631513971835474,2.2166533970007167,21.361782547026607,2.788178230129887,0.0,0.0,0.0,0.0,0.0,-16.779999999999824,-79.38288307364884,0.0,-0.68320005970635,0.0,0.0,-104.29948535824298,0.0,3.8033170399433343,-27.862230900053742,-5.116942607293282,-0.07154607378242411,0.0,0.0,-30.0,181933
-112.52629978479132,13.70095159031329,30.015827578560796,0.23691825620695184,-2.9447104702162887,-3.237405972793616,6.485735807039501,0.8885752577434556,0.0386039405025258,0.0,False,RUNWAY_EXCURSION,435,43.499999999997534,1,742806.206571237,1323.3526128135495,4443.03197827344,444.1241660728275,dry,0.9861256644616773,6.045619234748995,0.4339047582817601,0.0,0.0,1.1069897322566726,1013.2384549523827,0.9867599579665839,nan,nan,nan,nan,50.013921520391236,0.0386039405025258,1.6044683602718024,129.60586300525983,139.97433204568063,875830023,0.09746959747438311,0.15308541381363594,0.49436729135192115,clean,9.658645104611601,2.0010259080636525,4.265057024038203,6.502502656540175,0.0,0.0,0.0015441576201010321,0.0,0.0,-4.349999999999952,-9.072943599871904,0.0,-0.30101270177961054,0.0,0.0,-29.53275508290584,0.0,2.4799250951224665,-31.10704503490553,-2.858502813861611,-0.2127404974629119,0.0,0.0,-60.0,182368
-158.42300478598938,19.57073521365755,27.768948237694648,1.080497407349299,-2.4652904907627384,-2.475950559763025,6.962754419697878,0.8206301932819802,1.1234309426524192,0.0,False,INSUFFICIENT_RUNWAY,1475,147.5000000000227,1,720702.7944717559,1323.4636798808879,4308.022287265501,226.84622071883126,dry,0.9769916424096475,4.18288773252172,1.0937598299104914,0.0,0.0,-2.941597943520981,1010.5088853667097,0.99291810502748,nan,nan,nan,nan,94.66635547910084,0.8302450573435465,-0.9243871467368869,126.93751135550691,137.09251226394747,127698292,0.028511634743085882,0.19471332308753958,0.48719475975826987,clean,85.75273088988797,2.2726192496252833,35.660124897435026,14.54205389072533,0.0,0.0,0.03320980229374186,0.0,0.0,-14.74999999999973,-62.771685920507196,0.0,-0.42103869568753155,0.0,0.0,-91.31208195983963,0.0,3.5214028343007087,-64.10348849501496,-16.378230974590082,-0.46862030461768583,0.0,0.0,-50.0,183843
-224.93933671532233,13.517277144390334,66.82342936540873,23.40609305587148,23.129773531097946,9.472168306717855,8.486926024231796,0.8069895038567961,995.9551483607205,0.0,False,CRASH,1167,116.70000000004512,1,740893.617619168,1328.5404258164651,4294.386525648797,466.6599300997927,dry,0.9593291892967287,3.8834772805229445,1.3098300352435763,0.0,0.0,-1.987962075085341,1010.772679633603,0.9855157154157773,47.699999999997296,1533.6857677625715,nan,nan,181.297366410413,15.48875649007158,-2921.9559055332384,128.90150161260843,139.21362174161712,1023419372,0.00019854573241739686,0.9615032828952187,1.0979875593891617,clean,135.44453620647846,10.991917441614849,20.692254860885416,14.037366409831932,21.471527828356088,24.145581029859134,0.6195502596028891,0.0,0.0,-11.669999999999796,-23.468794456756488,-24.641154265023822,-1.9027768848220237,0.0,-10.443405818261631,-70.13595911696927,0.0,12.480080719073387,-135.36841365649124,-79.19375974409311,-4.819793138816097,-3.1780943897874785,0.0,-100.0,185010
-58.91155697299869,8.526468610292918,30.28426919611259,0.7491296480583681,-1.602597724276643,-1.6410702141516655,4.7735334768576205,0.8333595714010267,1.5404720095356197,0.0,False,RUNWAY_EXCURSION,347,34.699999999998035,1,693926.0861633194,1327.8202144827758,4313.061104439656,463.8597445922724,dry,0.9747444248423814,7.111945303456625,-0.7456046627737494,0.0,0.0,-0.9424222454504303,1012.9431617992532,0.986040025889339,nan,nan,nan,nan,125.0005024342094,1.5404720095356197,7.509422468612765,124.84259941834057,134.83000737180782,817698439,0.1912335334789985,0.35909624208401825,0.9022343416708901,clean,19.127752883822343,6.571891124816465,6.766564432352702,11.95288308222678,0.0,0.0,0.06161888038142478,0.0,0.0,-3.46999999999997,-2.803014603991303,0.0,-0.0318838395537231,0.0,-0.020863121648892563,-21.699696397599656,0.0,12.083871185528853,-16.385244313719443,-9.711259120161802,-1.354177165452433,0.0,0.0,-60.0,185357
-75.61091936419086,8.790573831930043,30.126623220773958,0.28817501479636065,-2.688718350946084,-2.722220176467018,8.484047534554888,0.8497163163100504,0.38689935433149003,0.0,False,RUNWAY_EXCURSION,278,27.799999999998427,1,725441.620362876,1328.4730077382956,4762.341152100537,455.36392758765066,dry,0.9633789485216919,3.4720347883577407,-2.6445294977869565,0.0,0.0,3.6961540166786397,1013.6852428982503,0.9865485722945654,nan,nan,nan,nan,77.58819190338659,0.38689935433149003,3.847177412289149,128.6256097725546,138.915658554359,925758967,0.17604697985203532,0.43784826812710986,0.9248911333577086,clean,9.822945480952487,4.189286396842949,3.872488759333723,8.506412509618446,0.0,0.0,0.015475974173259601,0.0,0.0,-2.7799999999999847,-2.386913816211388,0.0,-0.4991293970214052,0.0,0.0,-17.82717086626584,0.0,6.549149344312005,-13.639615109224785,-10.522988741727877,-0.9108598989724471,0.0,0.0,-60.0,185635
-264.8250279856264,28.171610650598137,106.65203806922655,60.2102524689107,16.044803897242627,8.189824501941175,14.32192427452721,0.7948245215115348,1044.8059987301133,0.0,False,LOSS_OF_CONTROL,1507,150.7000000000198,1,727904.9785529309,1331.2532283117382,4398.5610027634475,347.9332584510029,dry,0.9715689147773512,1.404377286308553,-1.575715524803603,0.0,0.0,-2.903701729570394,1013.8484632954468,0.9826919715645076,50.699999999997125,1703.9809004164129,76.20000000001289,nan,179.94858977252395,228.83590226666024,-3499.8933357619308,127.36837765206245,137.55784786422745,922932768,3.811367576147219e-14,1.9196672928670946,1.3896014842260225,clean,206.02550749132945,22.12002759821238,28.353141223398517,13.993616350773792,44.65983012067547,32.185796980014445,9.153436090666514,0.0,0.0,-15.069999999999723,-83.5113821647583,-57.00439062538512,-6.786581581562763,0.0,-27.911757705798887,-88.86932460371963,0.0,23.43289429529744,-142.13817900386235,-116.05545667642616,-12.405174628195546,-14.997031146281447,0.0,-80.0,187142
-205.35635995440055,14.76464541050388,57.83751601591648,36.335308035003706,28.336245129323125,9.323884826784033,16.947076424828804,0.777568365303845,1044.4296696352806,0.0,False,CRASH,1219,121.900000000046,1,743895.5694137663,1330.6607076685793,4414.627385601949,304.3852366818445,dry,0.9755813656932727,6.198634058257557,-1.1290903750952457,0.0,0.0,1.9787824479545861,1014.1683341750273,0.9903893860722895,43.999999999997506,1540.2991573026404,69.50000000000756,nan,186.36347749839965,15.320521221981721,-5982.436365557404,129.83660706731027,140.2235356326951,674631158,3.0114296760964452e-05,1.3708234048979115,2.098060072582012,clean,150.7355335399747,15.95454747426819,24.215410578675368,13.787325593452548,24.364291078168346,30.887356455488632,0.6128208488793074,0.0,0.0,-12.189999999999785,-29.526178360595118,-19.726304969293793,-5.161468581877029,0.0,-17.542936108784364,-70.2881534711222,0.0,18.38974674892759,-122.06707722884019,-87.98799956896801,-13.362791047761187,-6.450482934990524,0.0,-100.0,188361
-465.0987912542396,46.098039650857764,229.86365924538012,61.553787417838,15.929232079125931,6.577060410639073,34.53842523836173,0.7651879691756239,1431.0260544890657,0.0009737098344693282,False,LOSS_OF_CONTROL,1632,163.20000000000843,1,678715.3306711772,1330.0600562423556,4327.425495993339,46.47142259908576,dry,0.983312960196094,6.3311193783443755,-3.9397466813164077,0.0,0.0,-1.8842822454658137,1014.5919069594892,0.9911131190454832,38.7999999999978,1202.1589049822087,60.60000000000048,nan,211.52240180520042,243.39737250754453,2306.9661005894213,123.16394484125426,133.0170604285546,1049796407,2.307417706823877e-39,2.455047239008962,2.0362800368495892,clean,240.53046326495664,13.283679911628596,23.405311775440627,12.32907689488428,30.763040532476587,43.81809239926366,9.735894900301806,0.1,0.0,-16.31999999999975,-157.25090097266747,-63.158439978193655,-34.201988756972874,0.0,-51.34477430232326,-92.53598707438367,0.0,13.106844223602325,-170.29970370037805,-139.71434219415283,-29.251180397460523,-18.09387778025765,0.0,-80.0,189993
-207.54240589259814,18.65585807077106,58.436029827075,31.635779627941517,25.54800023725383,8.005889172001371,20.893789250062863,0.7935884437431712,1219.2492175541174,0.0,False,CRASH,1524,152.40000000001825,1,760071.3027356674,1330.420402156603,4208.972526788983,230.4773470541729,dry,0.9803529540338274,5.268054179628664,3.4063019228838027,0.0,0.0,-2.236296149496604,1013.5586865970711,0.99237657598052,42.99999999999756,1520.225670606318,69.40000000000748,nan,171.12896655473156,16.90552268704539,-1361.284846502826,130.32297659683078,140.74881472457724,1055562759,2.5835702534411538e-05,1.3603516928594988,2.2610260136306,clean,215.9494256992732,17.14020968434213,30.339106280537663,13.769234307089475,37.56321890011631,36.988572733937104,0.6762209074818425,0.0,0.0,-15.23999999999972,-58.934949500410276,-40.06138525648126,-5.144983688527188,0.0,-25.330899807021773,-90.01331953492722,0.0,23.992243105208352,-135.95721508279533,-79.63174854708295,-19.976895627118072,-13.669240466217236,0.0,-100.0,191517
-153.78282771934767,19.45298292181102,54.92702081134527,60.47228827682453,17.41599113584117,6.685730068582377,14.910276873719603,0.8060789021665832,1209.5856002533876,0.0,False,LOSS_OF_CONTROL,1389,138.90000000003053,1,732106.4303913371,1327.620108421049,4291.2557286111605,144.4777908549631,dry,0.9833043411650656,2.427231060067866,-0.319037479130587,0.0,0.0,-1.1109799099740583,1012.3446971925731,0.9650752474135456,38.09999999999784,1364.3001022992387,60.0,nan,151.57422407519496,1048.5494987499017,-3802.108161525339,128.23133425273608,138.48984099295498,2096936868,8.016198108644034e-08,1.1031176059345564,1.6732071818392902,clean,191.15164834987368,14.347816522322317,25.931149846347566,12.006364275700328,25.087212248938478,38.795665004342304,40.00000000000002,0.0,0.0,-13.889999999999748,-58.40259537651787,-32.00577792625378,-5.325814054651428,0.0,-19.79357855437706,-83.53292289077551,0.0,24.771900622363248,-134.88910245055314,-75.99036925503495,-13.609450822856752,-8.434973258212404,0.0,-80.0,192906
-275.3404957940523,17.123297366384882,50.07414574556571,30.318342068132825,23.451973426304416,7.391199601820335,8.648604155836185,0.7654216463671384,1207.5697512023428,0.0,False,CRASH,1551,155.1000000000158,1,697928.0515535858,1323.441265147042,4289.695557267561,239.20166172344344,dry,0.9864374005698114,7.971523198546602,1.7359703441564118,0.0,0.0,-1.3347991607774299,1014.6863148597138,0.9915979374436973,49.299999999997205,1139.9281436556328,66.4000000000051,nan,184.92503252615248,34.740616439639325,-6328.352659963139,125.00900401974636,135.00972434132606,1487642552,0.00021136504883080678,1.1583328405954327,1.399019571731487,clean,192.67947154090032,12.175084459871696,27.041755115707616,10.233517650315504,32.361653162921,30.36071343962805,1.3896246575856508,0.0,0.0,-15.509999999999714,-50.529393554893865,-42.76874011209018,-2.1480572306413954,0.0,-16.929862371890017,-88.46272384740438,0.0,16.385965243453835,-152.18898159240186,-109.152053971959,-11.440975060881271,-8.837493322269399,0.0,-100.0,194457
-205.32394201565984,19.42766415349684,51.51456525004279,16.823026125581702,21.18167642417393,7.3956526042872825,14.833640432421253,0.7827220174383986,1373.0990919061348,0.0,False,CRASH,1298,129.8000000000388,1,701143.1004647183,1329.4519187428282,4222.161795861513,222.65760079877495,dry,0.9668072855297691,3.1231697157182827,2.9644858494241393,0.0,0.0,-1.2602880361478688,1010.3419098736952,0.991768474014268,34.39999999999805,1162.413480582229,59.19999999999936,nan,202.0348028821126,45.46873506742253,-5356.180057255131,125.58200791731564,135.6285685507009,1665784141,0.0006773783317207026,1.0099817400055724,1.570179046438323,clean,173.96025129107588,17.597752518029147,25.070202675712007,10.826165090376433,20.161494129363263,41.74499284618523,1.8187494026968958,0.0,0.0,-12.979999999999768,-54.434389614496006,-7.451813034356301,-8.374653472004391,0.0,-30.423002721392276,-75.22750513134257,0.0,31.984797387677457,-126.62000259053961,-94.58522982250474,-12.102934220643327,-6.28881674949394,0.0,-100.0,195755
-10.210963197764336,4.057940729233163,14.515581910919009,9.430616263748346,41.06857369693592,16.1884260177788,4.1575322720907355,0.706852077382533,793.8308718607109,0.0,False,UNSTABLE_AFTER_LIFTOFF,546,54.5999999999969,1,748306.778433184,1327.9430434708015,4751.013624407958,464.61924842072,dry,0.9611312280159963,4.836210179780361,-2.8747068020888116,0.0,0.0,4.2618552246301205,1015.278038413372,0.9638709568858684,41.899999999997625,1386.1666075186945,nan,nan,98.71320399920778,793.8308718607109,4160.140443169247,130.66089205613153,141.11376342062206,17257121,0.4907221467110291,0.3755916368110922,0.7968937033253534,clean,43.350676639305455,11.797897316058602,11.25344920882979,12.514433647656336,3.143758529835479,12.010128259789864,31.75323487442843,0.0,0.0,-5.459999999999928,-0.9989908996928082,-0.6895684281607533,-0.023620965826517428,-5.61527756245828,-2.044807458665038,-27.871708665807514,0.0,18.113444966616598,-27.58473927252166,-10.767817269922372,-1.442273092527935,-1.6491830247019956,0.0,-70.0,196301
-271.2354749978265,24.275177069404926,63.850196195142985,15.526996686622642,24.303745819879737,8.498363229362074,11.365968322693268,0.7870059112707777,937.5020602741388,0.0,False,CRASH,1016,101.6000000000331,1,741247.403773699,1326.5147144647888,4355.231802521872,261.1276634006021,dry,0.9821134600480368,2.3884922386982064,1.6071380934615163,0.0,0.0,3.029847504759542,1012.8118901524946,0.9915166977242494,37.39999999999788,1396.8163069095433,nan,nan,139.4529068881407,20.388148432957223,-2831.0895344754645,129.9267698173608,140.32091140274966,663266135,3.782617946611727e-05,0.9786255134918581,1.6475777487500967,clean,118.61748047141911,8.417002696495645,21.676325721870466,11.71406765404027,21.142780635476345,15.80694016180969,0.815525937318293,0.0,0.0,-10.159999999999828,-64.9630899410215,-16.641052691402084,-1.5518129002340997,0.0,-6.0681067176589405,-59.29183269697244,0.0,11.56157509212427,-113.95389619691244,-87.77421581733168,-11.858971880610921,-8.724194526233823,0.0,-100.0,197317
-180.4922859773058,16.353707863042285,44.505374127126956,12.696378145772142,26.91108476740732,9.262226192621078,10.908369124988035,0.7785805513981541,825.5576894076286,0.0,False,CRASH,1146,114.60000000004345,1,715678.5324138238,1330.7656306235926,4318.267952786645,27.849447514107673,dry,0.9969237688025927,3.6834688030694487,-2.4896881359890424,0.0,0.0,4.980145871543443,1012.0517013983476,0.9981374845297755,35.09999999999801,1226.3705908446375,nan,nan,156.73248578743366,24.58381927686976,-3715.5421444756184,128.1411669612623,138.39246031816327,2112488123,0.006871722573695017,0.7206162847839365,1.028041206981338,clean,133.4578186059817,17.081224734876592,26.362635766413767,11.339602028694543,18.60468821902235,25.93640281297644,0.983352771074832,0.0,0.0,-11.4599999999998,-34.05450555074573,-7.078141547272291,-1.1723034421309122,0.0,-13.587590629361623,-65.7109474287771,0.0,25.04444880540875,-118.8673376812432,-78.6058768744625,-4.578509166711075,-4.187247401047781,0.0,-100.0,198463
-123.59144162491323,13.062665808743562,26.016115247583006,10.309772928638699,20.327530141199905,7.909690866966536,7.451125127424867,0.7877622334574292,993.9332378914568,0.0,False,CRASH,1148,114.80000000004361,1,748186.6948318058,1329.3735189700383,4534.24478672662,160.28981399295088,dry,0.9868689630333842,7.85771706857597,3.3111577140005495,0.0,0.0,-1.9336723289451045,1011.6182237977241,0.9944201860635705,37.59999999999787,1319.8394094440748,nan,nan,148.2162393269608,17.412497588688723,-2153.8496152060948,129.49251267006952,139.8519136836751,579470083,0.08953206438603457,0.4587312581695431,0.863257471086024,clean,137.7343733016968,10.231469595247898,24.303937228639903,12.03077640413518,25.91587205657143,18.986344330043504,0.6964999035475898,0.0,0.0,-11.4799999999998,-21.76521747327713,-1.7861201269843276,-0.990323123580669,0.0,-5.586643529383115,-66.84127338388477,0.0,14.886836434487288,-110.82405079391093,-44.59051742195736,-2.6338041239558243,-1.8796009023473232,0.0,-100.0,199611
-235.89859228612644,13.90966774129812,45.817547761947054,20.524824656602586,23.99330105776818,6.583499051585058,10.396747997887074,0.7837634671495455,976.2262563868833,0.0,False,CRASH,1629,162.9000000000087,1,757250.0904984055,1328.5321790481537,4582.6391856152695,129.8035544495445,dry,0.9885438989265838,5.174871148284601,-2.299928004626516,0.0,0.0,-2.9386238109002765,1011.0896691762907,0.9946976919897097,41.899999999997625,1664.6602329804814,nan,nan,192.42620124179092,37.95186027563139,-5318.9825661833775,130.07955416023762,140.48591849305663,1095136094,0.003633598662068987,0.9424755116479195,1.3448786493189666,clean,248.1040677746296,16.191245314754465,24.48432032951327,11.945669583106264,33.43524033659969,26.68755893822247,1.5180744110252546,0.0,0.0,-16.289999999999747,-35.01967305786904,-32.030093645601106,-6.58936958344189,0.0,-34.59800593501486,-94.81468274830264,0.0,19.09463691085364,-160.96171641543046,-115.09793454941095,-12.891592795961271,-9.066337153795324,0.0,-100.0,201240
-332.8018153557716,20.34550892125341,56.88609405538502,19.149933662230595,23.391917527520544,8.44932583336499,19.560400242761112,0.7827231123019447,1106.800998343661,0.0,False,CRASH,1363,136.3000000000329,1,702163.3096026927,1326.973277797991,4544.36694399185,39.12717222928169,dry,0.9923118207809349,2.822090253952296,1.9723866266891443,0.0,0.0,4.697901892376429,1014.7174987167402,0.9977351494548371,40.09999999999773,1423.5404382273678,56.499999999997215,nan,164.565512480664,26.742982834715285,-4769.098931842922,126.69758502850895,136.83339183078968,1853536523,0.00011762141042772103,1.28882573242894,1.6363886860557324,clean,169.14561185914886,10.703618506695113,23.829210535788608,10.772989531733867,28.726163319350807,22.5761840367735,1.0697193133885854,0.0,0.0,-13.629999999999754,-62.68887293776949,-19.963173009903258,-12.066990145880386,0.0,-41.15015002094132,-79.21014654437751,0.0,13.53555106591042,-147.5118210885991,-119.50619084916234,-12.085658895906946,-5.347860032016684,0.0,-100.0,202603
-223.44421278058906,15.51044756384205,37.514950947242994,19.74977687494578,21.165898129756446,11.474169609017187,15.326725547069262,0.74889106191225,1643.6063534282314,0.042826552462526764,False,CRASH,1507,150.7000000000198,1,705328.881487879,1329.773275128915,4491.916223873663,139.70586537224128,dry,0.992311766925648,3.4830751879886215,-0.8131617990197761,0.0,0.0,-0.49744338747391303,1011.8884423213622,0.9951534405706297,34.59999999999804,1165.3584837720466,57.39999999999793,nan,185.41503522769105,13.159613583117533,-969.6112920223673,126.02723914982934,136.1094182818157,1371385240,0.00858641119338799,0.7402981682499971,1.317270149670623,clean,218.65926676312094,18.379186689543207,30.342695225824496,10.953170822056716,28.774671770687238,44.661525226239114,0.5263845433246881,4.000000000000002,0.0,-15.069999999999723,-40.28277703682839,-23.18652079943792,-9.38495620371943,-0.4173402524570713,-36.35676072668762,-83.24925161705767,0.0,26.44244477019925,-164.35009567079666,-119.30502435416659,-8.60278012956295,-5.978051800866809,0.0,-100.0,204110
-92.18960353027236,11.736559651181318,30.07746467272502,1.6361271567654616,0.5551424482211766,0.31422470265520014,9.903624433555173,0.7790956597807065,3.628216468081348,0.0,False,RUNWAY_EXCURSION,468,46.79999999999735,1,765337.1787692917,1325.9859145471673,4404.92752509157,254.00702715451024,dry,0.9597404681510915,0.3926842245038831,1.2774713780642126,0.0,0.0,0.6623108781336136,1010.1772521098627,0.9921565893987816,nan,nan,nan,nan,149.58627234846003,3.628216468081348,27.14923361730421,131.65466466408063,142.1870378372071,1892592741,0.07475964698456246,0.790593785609922,1.3890511771646918,clean,36.51129921479147,6.46570431399137,8.846114406105466,13.93713995401528,2.2635141355393866,0.0,0.1451286587232539,0.0,0.0,-4.679999999999945,-7.162835287178338,0.0,-0.6283680128014226,0.0,-1.2090692272809191,-26.83922958608301,0.0,9.900622605501225,-37.56974304345818,-27.855231866550216,-4.3141661214714375,-0.00048367411624010637,0.0,-60.0,204578
-167.10436255675305,13.367377849379219,36.12928420043636,11.370076851920311,12.894704937192671,9.212981301017681,8.167792448192085,0.7826046428827028,692.4898284866928,0.0,False,CRASH,1030,103.00000000003422,1,757605.9480117466,1322.1305889213943,4409.570799496556,258.41118833498973,dry,0.9843122981766342,5.283783600299162,2.8804998545614695,0.0,0.0,1.2382256446342828,1012.0357117066264,0.9919440586208517,45.49999999999742,1703.6495519458686,nan,nan,150.8583344459122,6.610979601876238,-1167.9440427955403,130.99809637442283,141.47794408437667,353044762,0.029793007061502487,0.7064298681936068,1.0366853818880857,clean,118.68710375481263,12.428650045143169,17.522994921110108,13.597784175914295,35.89893145756355,21.622061539360118,0.26443918407507044,0.0,0.0,-10.299999999999825,-20.44971047612406,-6.081737660357008,-1.8899915229212971,0.0,-10.945624006449222,-59.62994703342422,0.0,18.433315700669745,-108.58680516664181,-79.27062564933136,-3.958489520283866,-4.446712299866433,0.0,-100.0,205608
-84.12766381043656,9.826736730330888,30.65892735900423,0.5907771353376113,-1.4632863738938358,-1.470921618110196,12.242439668804064,0.7810933617926434,1.942031639828599,0.0,False,RUNWAY_EXCURSION,362,36.19999999999795,1,672279.4569177857,1323.8157931313235,4430.658673999216,223.08497039376496,dry,0.9831909823382061,7.254204819598671,1.595730460218813,0.0,0.0,4.280707207687011,1013.1820442348726,0.993165857714641,nan,nan,nan,nan,136.01442069178785,1.942031639828599,3.746770905299197,123.97766497163175,133.8958781693623,1096733868,0.08004154923755627,0.8996318003266265,1.4572702231906047,clean,24.24048289698901,5.16582628703039,5.410749250504571,11.184375677130554,1.0008047814296117,0.0,0.07768126559314392,0.0,0.0,-3.619999999999967,-3.884049025082086,0.0,-1.4088530654631997,0.0,-0.7983522508721197,-20.95091775756793,0.0,8.816380661430946,-25.15194705009313,-20.42401218608467,-3.7858332953817206,0.0,0.0,-60.0,205970
-80.85657396151828,14.1923461257277,36.3820541606538,16.187380482807786,25.314590315021835,11.740327841827835,8.870404103156051,0.7600149430349742,1612.6433100676995,0.199203187250996,False,UNCLEAN_TAKEOFF,982,98.2000000000304,1,714137.379364986,1325.8405124012077,4535.807447549868,492.8638969896854,dry,0.9656874258926953,5.026828146556175,-3.7290456908605427,0.0,0.0,-1.2571566966152954,1013.2508059280053,0.939230364180341,37.89999999999785,1351.7061832774627,73.2000000000105,nan,148.7464492555129,1612.6433100676995,3599.603017510141,126.55900400671555,136.6837243272528,1364944092,0.0096715567900589,1.0554584721298919,1.3968805061795082,clean,107.78600405430318,8.954113300962458,18.721553735562765,11.904958707920821,10.202236978245104,40.29868212045399,40.000000000000014,4.999999999999998,0.0,-9.819999999999835,-21.977453350945982,-8.151004466787258,-1.0963761285533542,-0.6909596047897819,-3.31531095519259,-55.24055797181196,0.0,11.35569265071591,-107.86594398634409,-84.57468785364267,-8.349245087632973,-3.9982761039794097,0.0,-30.0,206952
-113.43479732582779,10.607219146227557,54.69907488710633,60.92122019228909,15.760915487411081,11.195599351670607,21.384125438010717,0.7400350548742993,674.8469618697698,0.0,False,LOSS_OF_CONTROL,788,78.80000000001496,1,765488.4437979287,1326.86793686309,4419.648920389009,451.2798569569193,dry,0.980639519677527,6.8105165471642355,1.7651653605309185,0.0,0.0,-2.5559846740546535,1014.1419706694238,0.983101202420695,40.89999999999768,1423.222235722412,nan,nan,139.2013145612724,112.61045773812288,-4345.522470818584,130.6758337015158,141.1299003976371,739369451,1.9423797124363444e-07,1.4387220538358167,1.5118109263498183,clean,79.329039681873,9.201161030436166,15.963499318674275,13.114149468648005,14.44175409743172,15.430354684842735,4.5044183095249375,0.0,0.0,-7.879999999999876,-9.851146804076004,-20.616136076457515,-5.74165889431193,-0.42722333001265733,-2.9132603887838875,-42.746830760392825,0.0,13.484676435072412,-55.50532929144411,-38.718650954806236,-8.638207326025451,-5.865406526019836,0.0,-80.0,207740
-85.70725423390287,11.156636517775764,30.619798936812167,1.4581421734602795,-0.4654931189113849,-0.5898790590597282,11.551691279405967,0.7771742313173087,2.17276337198939,0.0,False,RUNWAY_EXCURSION,375,37.499999999997875,1,713682.4027061241,1324.7169506239368,4708.514587465361,477.1648715121177,dry,0.9979283359222483,0.9896650249975858,-0.15917952726179463,0.0,0.0,1.1850379338372825,1013.9742396957536,0.9857403868967339,nan,nan,nan,nan,138.26106716123707,2.17276337198939,30.17005778095219,127.0107074615008,137.17156405842087,1233058892,0.04978865196738674,1.0433250905110165,1.509392206098788,clean,24.352741800465825,5.547786987447007,5.5537749657095885,12.735336879896058,0.5842390522362974,0.0,0.08691053487957558,0.0,0.0,-3.749999999999964,-5.186272432906987,0.0,-1.16776111013186,0.0,-0.5753144189313939,-21.590692598511033,0.0,10.708329537668673,-27.53805160063811,-21.15308353499737,-4.315198296089205,0.0,0.0,-60.0,208115
-227.5162676105628,40.044874530241614,209.5040147726155,23.867689764673685,16.66723738530522,4.1469287246940345,29.57022068157714,0.7848605764806089,944.0689078854084,0.0,False,CRASH,1138,113.80000000004281,1,710456.693010503,1325.3766691921642,4481.126833956275,483.7844679803823,dry,0.9956342652298269,1.4903753940044933,-0.2564282332106478,0.0,0.0,4.8427019396338,1015.7398551080335,0.9847612736380943,50.699999999997125,1885.1365054834166,nan,nan,183.6598395504527,36.18229804551726,-5649.182803288466,127.41094793537863,137.60382377020892,2136568735,1.0841191784110655e-27,0.8717764518470011,1.4865915061927546,clean,132.82143581522232,16.60343334643639,23.26759425474926,13.646370108510594,33.52079393896986,22.979017847382586,1.4472919218206595,0.0,0.0,-11.379999999999802,-56.80116354411941,-24.336839319414693,-11.41572143211841,0.0,-25.060565362066775,-65.95930155172871,0.0,20.767234205422913,-117.64674457701499,-64.79612670076835,-9.523034708215352,-5.649941853628407,0.0,-100.0,209253
-197.06586122024135,18.457204440023624,48.0889185089561,12.810238293173198,10.984523396425988,3.5492949030641943,11.680119046033438,0.7911457676020537,990.0216932696131,0.0,False,CRASH,1375,137.5000000000318,1,693837.5138214917,1326.3495439663354,4595.246029398038,483.05592320432845,dry,0.9986036742088996,6.820403050688668,3.0787317551171656,0.0,0.0,-1.6339431360888739,1010.0773731331055,0.9852846706698357,35.299999999998,1216.4978475609528,nan,nan,142.26584379214466,7.319661204632496,-1355.0641960853336,124.86100819565334,134.84988885130562,1581761357,0.003714560617119525,0.4999931934304189,0.9171841518746185,clean,188.48281102522625,14.69076557344061,22.411198323031034,10.755336879205428,46.302744621429966,23.033605782989103,0.2927864481852479,0.0,0.0,-13.749999999999751,-52.046560460404216,-15.108543837378296,-6.1288585793900765,0.0,-36.418892102023825,-80.61552001502271,0.0,19.372167029204913,-136.31192286087148,-76.15975542135108,-3.7281518319416227,-2.139071794567677,0.0,-100.0,210628
-157.43903305629146,11.69880598487573,27.92982105375399,12.412117169422542,8.107298533011669,6.430544389895832,15.225469821873718,0.7842147615193871,741.1111325884556,0.0,False,CRASH,1229,122.9000000000451,1,729101.2674519548,1325.0342633110695,4607.055143390036,328.78667046281726,dry,0.9925151186580969,7.213743819226618,-3.4824308623790423,0.0,0.0,3.693705100341676,1014.1998715253281,0.9900429029098664,49.59999999999719,1861.3448772669353,nan,nan,133.11800365140695,4.627111710020245,-1252.1999953946897,128.91638041660892,139.22969084993764,678483596,0.07929467399648565,0.5764128796830371,0.8417995812674318,clean,147.9524514154138,19.31397188781838,24.452594806986593,13.097378168082438,40.043443247177,23.412076402657878,0.1850844684008076,0.0,0.0,-12.289999999999782,-18.68927483875537,-6.2346336689529025,-6.732020096273108,0.0,-33.57368359031689,-71.04711023867718,0.0,24.71108378293237,-133.32069657706802,-64.61133578719898,-2.8413833832464825,-1.2669790552692102,0.0,-100.0,211857
-152.02833940339997,11.69026331041149,27.084256732339806,15.377097624897857,9.57263951505699,1.9575344191682673,11.642255000349147,0.797568273555373,1002.0261452777038,0.0,False,CRASH,1437,143.70000000002617,1,716419.7775947722,1323.4659502093436,4431.861191393394,248.751174460413,dry,0.9732610194566739,1.586546730029717,1.2158671425852838,0.0,0.0,2.8850157992851546,1015.1743832990253,0.9916911374836282,40.99999999999768,1475.949787720444,65.60000000000446,nan,179.90089419512813,26.526790921111285,-3327.595967568835,127.55188096219204,137.75603143916743,137321580,0.05496398867020256,0.7388047732627897,1.3492081662445925,clean,210.7688891879727,16.334394248158684,29.00840738300673,12.737904196197919,42.84841178210946,22.98155246562438,1.0610716368444275,0.0,0.0,-14.369999999999738,-21.82040691725827,-7.9909328189161375,-2.0467034593345312,0.0,-11.228868623505283,-85.29133619722481,0.0,19.13757275861299,-145.04566111178843,-96.46993708755802,-11.827291833888772,-10.81540501244981,0.0,-100.0,213294
418.9737067737891,3.0927903709403273,10.68154204277073,3.206207332882081,11.370126272313376,3.9495809930958345,3.6615130902136896,0.6948162199587403,1274.4246439491947,1.0,True,SUCCESS,601,60.10000000000008,1,687328.13862755,1331.5329959056323,4727.972415089266,221.5457476177362,dry,0.9636371525550488,0.7495228512974634,2.359600847350707,0.0,0.0,-0.6892019645165073,1013.9643136272806,0.9564946686327763,33.4999999999981,1108.1695414045241,55.19999999999687,55.10000000000008,151.25556627403333,1274.4246439491947,3187.883717456452,124.23982398850659,134.17900990758713,392371845,0.782497438479062,0.16237782632323866,0.4785715087418225,clean,62.35072881923187,15.260536660938667,14.649280361576631,10.565642679226688,29.424541658724312,25.703891794560047,40.00000000000001,4.999999999999998,133.30555555555554,-6.009999999999916,-0.6387529688252556,-0.00022215176155455235,-0.0018568237172472831,0.0,-0.08465045399519747,-29.726811539572704,0.0,19.90684617340079,-13.667622759717412,-4.164155481375309,-0.21365074017211094,-0.06020978214771005,117.3746157718593,0.0,213895
402.2703799048946,3.4440843212657044,7.424839035001824,3.912554580188193,13.958031635882927,2.824926209768795,2.937539862452499,0.6915160883005287,1284.5115670806601,1.0,True,SUCCESS,642,64.20000000000334,1,719635.4588603264,1323.5553386453528,4603.099652722255,470.07966649790393,dry,0.9578869073352855,1.5328587478912823,2.8872789947359476,0.0,0.0,0.9866019958272076,1010.2885363723781,0.9494853464704863,37.29999999999789,1285.7311280798494,59.29999999999944,59.20000000000334,147.37977611368797,1284.5115670806601,3605.882582154832,127.72793419990955,137.94616893590234,584160036,0.8041041017073571,0.1900781485840668,0.4647162680604143,clean,67.22818142108588,14.321300939584335,15.794022193501005,11.877374481467394,30.67091585931665,25.493951470903262,40.00000000000002,4.999999999999998,132.16666666666575,-6.419999999999908,-0.8461357992551619,-0.012419169825459798,0.0,0.0,-0.20294908729862307,-31.583105211193274,0.0,18.687051096458244,-33.41641415854518,-6.847374286938851,-0.18152640663341946,-0.07477536050146133,120.61561525610357,0.0,214537
-120.36647494391026,13.790668956739976,87.4511960620764,25.842830770993956,16.21171802773487,5.248033698628259,20.34367419115162,0.7924456194792088,859.9502984413862,0.0,False,CRASH,1154,115.40000000004409,1,736209.0071430592,1324.9966017810466,4439.032668534201,322.3672966978344,dry,0.9933672675075885,4.487443034960662,-2.1392100076809912,0.0,0.0,0.28295348296571987,1013.9000747163956,0.9892985789874121,36.999999999997904,1325.4348648171729,nan,nan,171.26747981962166,33.040430447501535,-2969.9618913623517,128.80306910006533,139.10731462807055,1889996323,3.1858627214732064e-06,1.0811975253421653,1.5658202437499078,clean,150.35107531389312,14.568941096238303,23.738275439612813,11.645631932512062,34.12821802800608,22.67013129916435,1.321617217900081,0.0,0.0,-11.539999999999798,-21.835137745509737,-25.569585268868735,-4.1535775167557105,0.0,-8.434830497595016,-68.1954865149609,0.0,21.57373087018658,-93.17123363626722,-51.83690231356934,-11.55520953192107,-4.072133115974259,0.0,-100.0,215691
357.0153756511455,5.337177839741302,13.954025995664761,5.998455832534208,11.324024549431973,3.055491999565865,3.0365442706170502,0.7201072230299778,1189.2231222485918,1.0,True,SUCCESS,688,68.800000000007,1,764089.2452915133,1329.975539662675,4286.065517517401,246.24713660317983,dry,0.9705168258320305,1.3100538205917784,-0.9281359113506671,0.0,0.0,-0.47403674834202114,1015.2765953054432,0.958259112062007,40.19999999999772,1415.4895084162158,63.900000000003104,63.800000000007,155.54020372853424,1189.2231222485918,1796.76633958537,130.9581198362275,141.43476942312572,581917524,0.5730554950793992,0.2294634328230309,0.5595451005898191,clean,72.91023549665131,14.016213628352281,16.91582749623815,12.591133479380023,28.920293109412967,26.873262988663917,40.00000000000001,4.999999999999998,130.88888888888695,-6.879999999999898,-2.1775557219557378,-0.11183264385970718,-9.257922925996967e-07,0.0,-0.06442364487982151,-35.481983290690025,0.0,14.027060482418934,-35.03395112061343,-10.244976190995661,-0.5647316941105572,-0.5264089478715325,85.95832426190988,0.0,216379
380.2947815488975,4.215628233511178,10.456372525527465,4.3146749575968055,14.041856700447802,2.6868256101169115,1.988583294926371,0.6953842746382066,1269.0372059678457,1.0,True,SUCCESS,642,64.20000000000334,1,726327.8958492123,1324.1862657423842,4272.85639972681,2.6094699762280182,dry,0.9774768052589088,6.266492519004404,0.24947385579945847,0.0,0.0,2.5839471048224762,1011.5834095563981,0.9632825386935809,37.499999999997875,1312.5275312009207,59.29999999999944,59.20000000000334,150.23477691885392,1269.0372059678457,3428.221963810101,128.5920655970706,138.87943084483624,1744476983,0.69600147463586,0.2663925044594006,0.4664904358919145,clean,68.12347147244917,13.50714409323179,15.76893201965478,11.883833004619344,27.567803225154133,25.172802323366493,40.000000000000014,4.999999999999998,132.16666666666575,-6.419999999999908,-1.2677018600932637,-0.027015853796395074,0.0,0.0,-0.0040107594773906114,-31.670163794988905,0.0,19.758665711692625,-31.333133792035493,-11.988834007263886,-0.17323055147853383,-0.1706675441815691,104.400221195379,0.0,217021
-178.85502586056748,28.440730327090677,146.89461600064328,61.05965651305024,16.778222621661524,3.886855025232496,26.563835770502706,0.7615074261167567,1684.6704281272782,0.01227830832196453,False,LOSS_OF_CONTROL,1382,138.20000000003117,1,761135.0966665271,1323.478522204596,4624.703166352247,466.55765603932934,dry,0.9655454939602354,0.14065897023721252,2.3024345976626766,0.0,0.0,3.64441455976643,1010.0706438743124,0.9715498832136495,45.09999999999744,1733.7129499131024,65.00000000000398,nan,207.18810431529243,516.5593592625409,-4713.091132124819,131.97579108513432,142.53385437194507,588053790,3.2208861476723227e-18,1.1676453376128662,1.3817117647277735,clean,198.97269965124616,13.84757893524801,25.853022688862985,13.088679869545013,22.343661351950637,35.42681004994807,20.662374370501624,0.8999999999999999,0.0,-13.81999999999975,-60.57581101346824,-22.159338659542172,-9.048672300449466,0.0,-10.8806628520801,-77.73988196594378,0.0,17.59222341773873,-151.82138090796536,-83.7156894901618,-9.478674978958272,-8.301964027036123,0.0,-80.0,218403
414.7684094106798,3.393891007201753,8.952492251280137,2.2087059020792545,11.298095758751431,2.420024628976032,3.670394719639204,0.6806063999562227,1278.4558687823505,1.0,True,SUCCESS,584,58.39999999999873,1,677234.8910361619,1326.8112744092227,4790.829228541092,455.0368826308769,dry,0.9708715645955234,7.654863073601986,-1.958809282529986,0.0,0.0,2.147235003188544,1012.3874339542782,0.9502641994010266,32.89999999999814,1128.114411168081,53.499999999996966,53.39999999999873,153.1367499028035,1278.4558687823505,3202.2008695818063,124.0276532151362,133.9498654723471,1434281576,0.818250019930427,0.13910239869678206,0.38540837662632743,clean,62.21426691362172,13.997080469872385,14.14916948951123,10.171906483700539,23.511714049726095,24.197881147166658,39.99999999999998,4.999999999999998,133.7777777777781,-5.83999999999992,-0.7474224180620803,0.0,-0.0019970729020051263,0.0,-0.019893573118402903,-28.14757794583745,0.0,19.964711114980933,-17.13616746846881,-2.9716543063875616,-0.08765523354886076,-0.0012330069167970587,122.73750298956405,0.0,218987
-119.2447159246107,16.042644999576126,58.355157779943845,22.22143567470439,25.83752691205273,9.143597781938725,11.326175364056184,0.7725369003478774,2218.6956962422,0.004914004914004914,False,LOSS_OF_CONTROL,1342,134.2000000000348,1,692841.0761692354,1328.7209939669453,4515.566506440146,70.4650381052318,dry,0.9633689306499557,2.3431233755628096,-0.329310412460011,0.0,0.0,0.5480285213907896,1014.4151463494355,0.9610953869709286,33.999999999998074,1133.6080718619965,52.899999999997,nan,165.23312054313166,1269.1008641117996,-8060.054992171822,124.97744663706662,134.97564236803197,1131487508,0.0005318991105969166,0.8565134701504264,1.4000081324182179,clean,177.26294173275934,17.909058072574897,25.653104493804033,10.404195360403511,16.279437355769314,47.84772011426244,39.99999999999999,0.4,0.0,-13.419999999999758,-38.376198601957206,-21.862000095357136,-2.990543923613455,0.0,-32.875880750478885,-76.68550502308585,0.0,26.54003171887916,-131.59681692469775,-65.38137980291805,-11.39934981836829,-6.953529832583634,0.0,-80.0,220329
393.7526977104765,3.353935431021399,7.417292334257191,4.307219200542311,18.491608738766995,6.061537387241078,4.097939594863995,0.7047090725429069,1231.9693249534864,1.0,True,SUCCESS,599,59.89999999999992,1,705728.6852806835,1331.9878853348446,4258.580173791258,337.4637126514102,dry,0.9696470680935434,1.5795051751331561,3.651335728822008,0.0,0.0,0.78135937347351,1013.0917109432776,0.9546352770235368,34.29999999999806,1151.561221776467,54.99999999999688,54.89999999999992,148.61668726410466,1231.9693249534864,2596.1473485949296,126.26780525314133,136.36922967339265,2058177601,0.7935584099456651,0.21354485802402726,0.6128449232883139,clean,62.03759333609601,14.077989620585761,14.152883349838769,10.866271047095408,20.05586051067197,23.06853338981455,40.00000000000002,4.999999999999998,133.36111111111114,-5.989999999999917,-0.7486756491556623,-0.01649907619275268,-0.011028684847118563,0.0,-0.26361489229689483,-30.261015410481246,0.0,22.340228591742495,-23.656231181321044,-8.492258317433635,-0.5785041767601423,-0.2237073498408616,119.03376149184976,0.0,220928
-307.0635991850975,26.733237366445167,85.8063705521189,16.13536045397927,16.218421235929203,6.083086939482834,16.809622630949182,0.7873233209484516,1795.3595241327384,0.06535269709543569,False,CRASH,1614,161.40000000001007,1,754383.3935213721,1325.0635516646973,4317.046458238854,323.5110852154875,dry,0.9536099490393994,5.3866567993641725,1.7105189659728288,0.0,0.0,1.8508047828713252,1012.3885764637917,0.9893915287287086,43.19999999999755,1722.4881439354506,65.10000000000406,nan,215.52935749868547,30.675971758862886,-2116.021116851053,130.83466613833772,141.30143942940475,1216325249,4.3026276836301627e-07,0.9296355152031203,1.626737880919854,clean,234.56326855914804,14.049952776063103,28.764313200938457,12.640111446197507,22.686968514929596,40.46617392564065,1.2270388703545114,6.299999999999994,0.0,-16.139999999999723,-97.90690286803147,-14.811719019401515,-13.62731728185851,0.0,-41.94215186138456,-94.0750557596958,0.0,17.611033120675916,-162.24573881525293,-119.19916565324215,-17.152783699966385,-8.271624640208293,0.0,-100.0,222542
-214.63698667868366,17.028866270349727,48.87701276035676,25.07103144392868,13.092312977322502,5.442491547058526,18.855023206537194,0.7496863369623132,1495.8891735632685,0.0,False,CRASH,1402,140.20000000002935,1,724135.7279523464,1322.5532171006296,4291.05829229191,498.478379939544,dry,0.9796444341849799,6.170739193046054,0.8207947015765513,0.0,0.0,4.631453402282535,1010.1839662277297,0.9844328061760258,37.0999999999979,1322.405108492365,57.49999999999801,nan,164.3501662078178,33.10146450312487,-5146.040112779188,128.9384130284616,139.25348607073855,1987956916,0.0005574431228445726,1.1191916810426308,1.5897235671200178,clean,207.76011609193174,19.112334010620792,27.303451380620125,11.74651165392959,32.45968881004211,35.39453684124211,1.324058580124952,0.0,0.0,-14.019999999999746,-45.172796178638194,-48.7186606925182,-7.669761068308411,0.0,-32.52618877585941,-77.69026226519897,0.0,27.60385488421962,-143.6879232133457,-78.56054803742686,-14.410372260555581,-14.885026439560361,0.0,-100.0,223944
428.7493343966227,2.4092454648121433,4.611549362476682,2.2033112050520853,13.862395956691156,3.913956725283299,1.6912096785076474,0.6962413418668884,1244.671970545768,1.0,True,SUCCESS,592,59.19999999999936,1,713208.8506411674,1330.63844791338,4294.4551031773,347.6718148343659,dry,0.9773396639027093,0.3159627146286921,-2.7882089695775685,0.0,0.0,-1.5582297491305255,1015.6420331763835,0.95363126751602,34.699999999998035,1209.3926707886296,54.29999999999692,54.19999999999936,146.9877166510274,1244.671970545768,2796.158146445847,126.26142124800145,136.3623349478416,2065840828,0.8884858937590833,0.20533378212860903,0.49959456604475055,clean,60.72603572928713,15.647514148414198,14.608863919483673,10.561713094777536,24.964545469538134,23.709565488149952,39.99999999999998,4.999999999999998,133.55555555555574,-5.919999999999918,-0.38180472401699855,0.0,0.0,0.0,0.0,-29.384057840049024,0.0,18.342725107262183,-7.80866366494975,-7.946921859254086,-0.17761311018842882,-0.021006981249989863,133.27288406386248,0.0,224536
-267.51689130644746,17.996128489112454,64.01816752229912,25.763084735015326,17.3992500015485,3.889412693657983,13.831728259312753,0.7908065406618356,1589.4214730102935,0.0,False,CRASH,1509,150.90000000001962,1,708585.3735203271,1326.0432774821409,4305.162883225133,281.6294115688396,dry,0.9526179724840644,1.2072734037590154,3.4637417024824906,0.0,0.0,2.0942816636298502,1010.7631253229987,0.9905160011023812,36.19999999999795,1240.9190978541315,55.999999999996824,nan,184.97983833280063,33.756050592508586,-2646.6805610332353,126.95623080103883,137.11272926512194,1606851424,1.9442427887787605e-05,1.5446630726866555,1.5956887117993048,clean,232.76184522192557,16.87131416016217,28.769550366343626,11.176080307570373,34.33312972836693,30.960256778755344,1.3502420237003345,0.0,0.0,-15.089999999999723,-53.53393066510999,-55.8624345841385,-6.561703673534864,0.0,-39.08738454650784,-88.65969913990531,0.0,21.39205443802156,-152.14675157597696,-101.3688811482079,-16.929632126287643,-15.890946871620516,0.0,-100.0,226045
-91.0306656756617,13.501183429101753,30.04255705766304,0.344650595350446,-2.690650594456241,-2.7379659441442232,5.8496111952034715,0.7622827823879651,0.6188296619049254,0.0,False,RUNWAY_EXCURSION,206,20.59999999999883,2,662985.857115974,1317.3588859636893,4194.098891045603,124.27073517005005,dry,0.9155358128622209,5.118675584261976,-9.238505946075847,0.1369601951672934,0.24759810719709807,2.2976703271471948,1009.0983545999787,0.9959979926596739,nan,nan,nan,nan,90.09764197099129,0.6188296619049254,4.3206400692478475,122.94761794792711,132.78342738376128,1349431587,0.09212947904308069,0.3399666133364424,0.655201191171192,clean,7.130400048553838,0.3474311090437102,1.9747459227276012,6.570726631530034,0.0,0.0,0.02475318647619702,0.0,0.0,-2.06,-4.172231391240874,0.0,-0.1597421171451176,0.0,-4.31778161461114,-11.718211738417358,0.0,0.0018469698343073992,-16.801905907067397,-7.674784473386461,-0.17591230195904253,0.0,0.0,-60.0,226251
-143.7880915670426,19.8426980957317,53.47464020653668,21.3437041146606,23.023655786540232,6.774340568374815,16.877506164857948,0.7131410193414615,1698.733233799532,0.01025236593059937,False,TIMEOUT,1801,180.09999999999306,1,706219.5182180643,1328.503860200017,4650.896010343184,123.25876811945552,dry,0.9904413718307453,1.8343891492613515,-3.1168208760077527,0.0,0.0,-0.9307793489640668,1011.9868613633095,0.9790035689410165,34.59999999999804,1134.6766773307113,53.39999999999697,nan,209.79129513779677,585.5473559690967,1720.4733380366424,126.00563230146108,136.08608288557798,1848342201,0.0006250902138188629,0.5720246337163021,1.701842240208696,clean,301.1300931959958,18.59810994222263,26.119356139761365,10.36133205600377,29.297358266829324,50.495539526228505,23.42189423876383,1.3,0.0,-18.010000000000016,-78.79028161786167,-54.35339262110293,-21.221800123168258,0.0,-53.538272567209404,-94.42562611099243,0.0,22.408514900719712,-169.04267924698817,-95.4418290360948,-22.60743338333578,-9.488975126810807,0.0,-10.0,228052
-39.65099523947981,2.7214193440898327,2.7280940981657746,0.14443001714656611,-3.057794901478005,-90.0,1.6468781749860988,0.3095395429057799,0.0,0.0,False,FAILED_TO_ACCELERATE,301,30.099999999998296,2,849580.9451403236,1335.5739497035336,4292.483147381663,1800.5842787209451,wet,0.8776763388717814,4.449337030410815,10.280071970243815,1.8372050744237125,0.8882974814816783,9.050849148033429,1002.0428171321505,0.9495935421626089,nan,nan,nan,nan,11.189558772369214,-0.18379729464663797,-0.01534018329226738,141.28142028314016,152.58393390579138,225336197,0.9419971752598856,0.0,0.0011043260414855286,clean,0.0008517683133317179,0.0008488640023503143,0.0007687026896889925,0.006626530554533228,0.0,0.0,0.0,0.0,0.0,-3.00999999999998,-0.24769367746247636,0.0,0.0,0.0,0.0,-6.402845131670384,0.0,0.00044770409314612926,0.0,0.0,0.0,0.0,0.0,-30.0,228353
418.2174564505833,2.3520084236404695,5.2648940069312165,3.498010502508643,17.24176580988184,3.7577413286723145,5.144382867779699,0.7087907081756039,1276.3263202652336,1.0,True,SUCCESS,575,57.49999999999801,1,677972.5307851165,1324.4401668414973,4677.568700259036,210.7464286209604,dry,0.9805008162902323,5.9584658015020535,2.9124182064288466,0.0,0.0,1.5902705943537674,1010.0477600919698,0.9570829366353485,33.39999999999811,1171.723696867097,52.59999999999702,52.49999999999801,144.68508313389808,1276.3263202652336,3013.952955500953,124.11958418225713,134.0491509168377,1438946863,0.8609451329610804,0.22342565343603044,0.5399158877420059,clean,59.823880663889895,16.113059319100245,12.891705029899365,10.219856651606149,20.840874810438088,22.6774314176758,39.99999999999999,4.999999999999998,134.02777777777834,-5.749999999999922,-0.3534297315892825,-0.003972086553045588,-0.07143694379090706,0.0,-0.5188056430157149,-29.284229570145573,0.0,25.137560378135216,-12.64093319219641,-8.679207059984455,-0.30199189339603616,-0.05245342143042509,129.14176994416206,0.0,228928
-41.88702266019871,5.550720937760826,18.88528943700864,4.185569236414545,0.41335758940570627,0.18724247737141586,2.9342253989160176,0.7821648250926623,5.725505369128086,0.0,False,UNSTABLE_AFTER_LIFTOFF,550,54.99999999999688,2,852260.6346243016,1319.4156075954827,4255.937421548347,1193.7899797489958,wet,0.8885282731511576,0.45472824260126643,-1.4675002849728083,1.4056596069230187,0.9467672338220557,-6.5086435716790465,1007.5957222781448,0.9642592980139595,52.899999999997,1986.8347967191944,nan,nan,158.44669165238653,5.408796529323354,-82.00164037511544,137.37005049081327,148.35965453007833,1461111207,0.5022931141188285,0.18582179566914978,0.5477330495123941,clean,42.12825823846632,9.029665048597947,11.611814890235276,14.728402887685807,1.717807103975463,0.06234060386917599,0.21635186117293417,0.0,0.0,-5.499999999999927,-1.8828640678770039,-0.001801441032444329,0.0,0.0,-0.0018511877536437045,-31.90989862478364,0.0,10.630552144750656,-15.914500029882454,-5.811159855136205,-0.43560491970813026,-0.5545353127787208,0.0,-70.0,229478
-42.65808484039273,4.932271311806461,4.9411662989945295,0.04085977265202188,-3.3179796767259826,-90.0,2.141760066640515,0.42610338637203077,0.0,0.0,False,FAILED_TO_ACCELERATE,301,30.099999999998296,2,827959.468508726,1318.3342609116849,3871.4350334160404,2321.2601217533197,wet,0.8945819634097739,0.8728454624126791,4.704113745947425,1.5354421733518264,0.03225249564515109,6.247952420612258,1001.4295050663054,0.9348789972858919,nan,nan,nan,nan,7.68219097657169,-0.21938175804461935,0.05062929501044641,138.85532102893904,149.96374671125417,849452775,0.8219533189260999,0.0,0.01662055382311492,clean,0.03339159396944487,0.012681892403967459,0.02121792895596817,0.0875181554342576,0.0,0.0,0.0,0.0,0.0,-3.00999999999998,-0.8136130431415531,0.0,0.0,0.0,0.0,-8.98947571651414,0.0,0.0001943484993493378,0.0,0.0,0.0,0.0,0.0,-30.0,229779
-207.53891529324451,18.818291013998966,67.07885577813461,45.93697402519392,20.863063724330313,6.5171832339555635,26.363183526264887,0.7834974951089239,1868.1233927206022,0.008875739644970414,False,TIMEOUT,1801,180.09999999999306,1,760989.7927262103,1328.6326003955178,4257.468084243322,413.7993262882738,dry,0.9678037693248556,1.0202782313134504,-3.760660953512066,0.0,0.0,2.339868910254732,1010.8584218167553,0.9800549388029471,39.49999999999776,1426.06115080083,78.80000000001496,nan,187.67843122754417,266.3305382858304,-3448.789598089096,131.61655871239273,142.14588340938417,1525958284,7.656747714250056e-07,1.1611400390919062,2.950886720497316,clean,285.73002050935196,20.43946202539161,31.64183101409518,12.879696920280802,35.653177164647616,51.85705139742839,10.653221531433218,0.8999999999999999,0.0,-18.010000000000016,-68.51897465003475,-78.77279824184728,-17.32630674855346,0.0,-44.79994641859324,-104.80566164800206,0.0,19.3255538747876,-157.51049991298845,-118.34496415483218,-38.11462669568411,-20.415151260121274,0.0,-10.0,231580
-41.756938278576705,2.3611882888700113,2.898358760109123,0.12387063005552588,-3.1392419381895946,-90.0,3.2929285349109776,0.5027064350356295,0.0,0.0,False,FAILED_TO_ACCELERATE,301,30.099999999998296,2,863147.8426346598,1333.568138531185,4135.245256577167,2281.0908197729073,dry,0.9914342700863125,9.835527076104709,10.344600163402857,1.566645770996088,0.5104643032528889,-5.539798567031428,1017.9587606946296,0.9333726352836693,nan,nan,nan,nan,17.622767382487645,-0.17523117179962355,0.22604691957170964,137.77556701260147,148.7976123736096,1241966919,0.947268281396114,0.07799975888005603,0.08460918269193778,clean,0.18933743984061352,0.14733690242653769,0.10542848581366156,0.9458603524703625,0.0,0.0,0.0,0.0,0.0,-3.00999999999998,-0.18645980564272938,0.0,-0.0001769780507934642,0.0,0.0,-9.842781837953728,0.0,0.09047590571850665,-0.02194928326062875,-0.17400945993850736,0.0,0.0,0.0,-30.0,231881
69.66874554571675,14.032866026050232,80.74475394866087,23.55711253209253,16.673315485387675,7.2767708602618635,10.165666951340663,0.8211600714296448,1245.9834409987345,0.0,False,TIMEOUT,1801,180.09999999999306,1,759662.5996435714,1327.5388438805658,4382.5978141984215,391.6878252885559,dry,0.9729946603199147,4.283395547279312,-2.961157073602766,0.0,0.0,-1.5844758953324032,1015.8579230662016,0.9647509164574474,37.699999999997864,1369.5728138431043,62.30000000000183,nan,180.68673341258435,810.9459645750006,2606.103111041568,130.28866797122387,140.7117614089218,1614599411,3.2460887383762064e-05,0.580080556993861,1.1000730518394914,clean,278.7106198991188,27.666901200107134,37.3823439525866,12.043988993600594,45.50298110898814,43.21794254921909,32.437838582999994,0.0,0.0,-18.010000000000016,-36.777189283822466,-13.87876593944705,-3.6399603495727564,0.0,-17.505260021420668,-111.05868185577701,0.0,37.5485085498749,-141.00647536594255,-80.16007574655131,-8.7476536829744,-4.058317045266645,0.0,-10.0,233682
-121.49297153923753,19.49595593122139,73.61963413170965,60.61296249849513,14.4468230000499,5.9055257967781785,14.101126627056216,0.8202883681251206,1119.3375936065618,0.0,False,LOSS_OF_CONTROL,1752,175.19999999999752,2,742751.8672253783,1326.7910279904756,4408.419207928614,941.7532013938953,wet,0.8678125660919941,11.919973611517147,1.293869353563267,0.5350881608650675,0.5276486733051432,1.848943909498546,1007.8353305116411,0.9432848827803477,39.29999999999777,1286.9410263476934,67.30000000000581,nan,168.83819045068967,1040.3704944270703,-3263.6615627954975,130.11461531597885,140.52378454125716,1124067516,7.34357081871366e-09,0.9396949392764816,1.141522273100419,clean,231.88080948096257,13.879130309867563,36.65564872068354,12.403693811192685,45.03306117254378,51.47420898107666,39.99999999999998,0.0,0.0,-17.51999999999994,-66.73573391205115,-34.93908379692177,-2.643279510831439,0.0,-13.136163477356886,-107.53741140367298,0.0,8.900106689136678,-141.10372349756761,-73.85512322819393,-9.47882770930209,-14.7702841687999,0.0,-80.0,235434
-91.35123385496863,11.00449830554195,30.070538227970125,15.93403673701558,20.101595033244003,6.799080945616855,11.84788055399656,0.8102468115051901,1449.0594701033547,0.0,False,CRASH,1714,171.40000000000097,1,697410.5842325478,1322.4082762415637,4278.90728028037,279.161992562305,dry,0.9688305464349635,1.4155434225504964,-0.7068714199991888,0.0,0.0,-0.5874127709111088,1015.8683582174032,0.9902921142099997,33.89999999999808,1207.9846588572573,53.19999999999698,nan,177.70260940973432,40.76532880563195,-3280.757575241735,125.05254330038426,135.056746764415,76953176,0.06135557804486301,0.5573707356839834,1.3983425306006956,clean,266.37786761051825,23.60695931265788,35.870564265093314,10.439048024596724,25.99719555827629,38.788050117859136,1.6306131522252585,0.0,0.0,-17.13999999999988,-23.062628531971324,-15.382765635148925,-3.8448933366581364,0.0,-19.293382676799443,-103.77559784573769,0.0,33.88661989073231,-127.65974455190987,-98.07556292216196,-13.676227931480472,-6.03734835505697,0.0,-100.0,237148
-261.37130411142493,12.71137030612504,20.77351060084682,1.4423504529917033,-2.400422604556993,-2.3730864916440666,8.639347041836722,0.6811305326335515,1.18018242029666,0.0,False,INSUFFICIENT_RUNWAY,1382,138.20000000003117,2,858588.749084007,1322.1755084536628,4467.4488671973595,2352.282442122112,wet,0.8716260840683634,11.484527144024916,8.741005802209429,1.8342800114652325,0.8223571970274842,-1.3127484106063454,1011.6420011283354,0.9323404039391406,nan,nan,nan,nan,62.47220577459571,0.27218526030765133,-0.6035341994253685,138.8665781521641,149.97590440433723,1227062707,0.1489874899473436,0.5450950098744638,0.979015210862403,clean,88.97280727206746,3.3510808070253435,28.499594687079277,12.200951709016438,0.0,0.0,0.010887410412306071,0.0,0.0,-13.81999999999975,-24.811343139126887,0.0,-0.9635064719666206,0.0,-37.76849370887705,-67.11429726391572,0.0,3.1161643830447856,-119.18653020946532,-79.45456109892069,-4.404058487796562,0.0,0.0,-50.0,238530
48.884378726027954,4.842788638701635,13.187120267921882,14.871421413144008,26.819511755995094,6.5821305958108205,13.886762485709983,0.731435745444676,1585.4099335247747,0.23255813953488372,False,UNCLEAN_TAKEOFF,643,64.30000000000342,2,615665.8406385788,1325.0176941074699,3853.967264953926,59.216872824125744,wet,0.859136629163236,5.568561601236826,-2.311044628832476,0.6909400497755656,0.6509787498335496,-4.137823411122627,1006.5446079171176,0.9517054914030801,26.69999999999849,833.5503847517907,42.89999999999757,nan,146.12351931025592,1585.4099335247747,2651.5606840853725,117.30736590262634,126.69195517483647,1592403293,0.27601356630456186,0.6150769504381839,1.4668576828899076,clean,64.89114881249252,14.205159701620602,14.074341307753828,7.824082785283447,14.745111480730055,30.33416350883128,40.00000000000002,4.999999999999998,0.0,-6.429999999999907,-1.6755581063161675,-3.7717550734742304,-1.3501544391643716,0.0,-7.254310238724887,-34.589186762295746,0.0,17.793808392385554,-37.24589781968781,-26.852888608484516,-6.339859598252772,-4.473826616668542,0.0,-30.0,239173
79.88373027791495,6.86362308152801,13.596121036749288,7.202703400355059,13.794391794973954,3.92207585986661,6.6073486034325875,0.7029114762286992,1762.518246509826,0.3465909090909091,False,UNCLEAN_TAKEOFF,910,91.00000000002467,2,722084.6838588353,1332.1186993857095,4136.487434670549,2396.9947495487145,wet,0.853623596048103,13.47158781477892,6.406416255247914,0.9226873815205192,0.2120399710131058,-7.912473134217203,1002.1016440741241,0.8803816841662907,49.19999999999721,1208.5679536918913,73.50000000001074,nan,149.09525592836803,1762.518246509826,2263.948704803691,126.47424988958805,136.59218988075511,2100809622,0.4718086254462912,0.2982323330267099,0.7196451157225203,clean,81.99164494240713,6.846355654326542,16.6932235657581,11.309345191555625,26.718744557285483,40.630386337201294,40.00000000000003,6.099999999999994,0.0,-9.09999999999985,-4.763275871423164,-0.42338993994843394,-0.3255087988407793,0.0,-4.298855539435857,-46.17256656967303,0.0,5.447407599408336,-38.184684477232445,-19.90402182445608,-1.527892844260976,-1.1531817047567499,0.0,-30.0,240083
-48.76728566331965,2.208889802453663,2.212764152861832,0.06704633063710869,-2.6966762548656655,-90.0,0.9491070394735056,0.6759078515526465,0.0,0.0,False,FAILED_TO_ACCELERATE,301,30.099999999998296,2,734522.0424851406,1336.49874051523,3990.0613867836564,655.8533461065907,wet,0.857575132924424,3.0794141657967797,-8.798742383049639,0.726995001141016,0.01397341455935952,3.191596301585216,1018.4778699313862,0.9808080531822637,nan,nan,nan,nan,9.642906904656947,-0.15932802886641184,0.013644237198018216,129.0115678338391,139.33249326054624,1714768789,0.9614286803295421,0.0,0.00035285260099699746,clean,0.0006811539516516528,0.0006154154143860489,0.0005413505246285907,0.0011743673702036776,0.0,0.0,0.0,0.0,0.0,-3.00999999999998,-0.1631819379971686,0.0,0.0,0.0,0.0,-15.597667756040275,0.0,0.0005517434569322643,0.0,0.0,0.0,0.0,0.0,-30.0,240384
-293.49217706801096,20.22194389720022,61.08685286161395,25.951761964016857,23.7446096960724,7.36596537735556,15.23939088272145,0.7636633358792777,2075.5023745193375,0.0392156862745098,False,CRASH,1519,151.9000000000187,1,682674.8303070501,1326.9357494971314,4596.438966668511,96.30455868512117,dry,0.9734010397331053,3.0775702067605044,-3.5395779653780903,0.0,0.0,0.3783150383539473,1011.1713590916535,0.995828472556799,31.899999999998194,1095.492394758928,49.999999999997165,nan,158.2049636699879,33.7032284181293,-3276.4065486321524,124.21944156385683,134.15699688896538,402669752,8.181079146521288e-05,0.8610280913888906,1.7401184109704266,clean,221.931744241878,17.80582548525834,24.892387083440568,10.019727837107983,27.71778268282165,51.35265388719676,1.3481291367251518,4.000000000000002,0.0,-15.18999999999972,-68.81083160118392,-53.88065656955506,-15.328968085849619,0.0,-56.41887408008492,-86.06339639385386,0.0,25.609765582004698,-148.82404293936372,-103.1091479911295,-16.696398117046222,-13.847877226374186,0.0,-100.0,241903
-60.55563009562328,9.015639903509056,17.920657802981655,10.623962380778456,17.34372227827706,16.011156194525864,6.2104127390749015,0.7704239931113706,741.4467788455219,0.0,False,UNSTABLE_AFTER_LIFTOFF,668,66.80000000000541,2,732255.3088510192,1341.7541355975718,4586.371448370445,352.83484828424946,dry,0.9192641041932441,14.046043424831616,2.8586561469510547,1.6672545967779044,0.8157875942473216,4.375134637248298,1012.4624562789072,0.9715543434937225,37.19999999999789,1081.818417123439,nan,nan,112.86364037436402,632.6389135157089,-1706.1015414645572,129.45659554019883,139.81312318341475,1415983256,0.24231944230397048,0.4626413067563432,0.9163043168415672,clean,57.0230081561076,5.83794259735877,12.398854623347345,11.136211059118748,20.133213977169696,21.228480846521887,25.30555654062835,0.0,0.0,-6.679999999999902,-6.032913066332172,-1.8185198187801555,-0.17964019269330006,-9.206909409299008,-3.009218579052033,-37.942133681912466,0.0,6.175240023421747,-53.822436134627814,-26.625121680982645,-2.1178183041992775,-2.359427051418104,0.0,-70.0,242571
-41.2422207983463,2.0821334693833706,2.0825414742534516,0.013780410025608538,-3.1513052074277157,-90.0,0.6040285847810196,0.4266973546771117,0.0,0.0,False,FAILED_TO_ACCELERATE,301,30.099999999998296,2,785549.7944100341,1319.4509351024672,4445.033706550189,1743.1394845126515,dry,0.9492972521220147,3.7070033723793525,-2.792632796832675,1.0207655461013774,0.28054832510610084,9.556164796153318,1009.0920268602583,0.9512434445810838,nan,nan,nan,nan,4.456623573219858,-0.2062041995798154,-0.029470170614745255,135.49278620408626,146.33220910041317,1240575301,0.9656774049122953,0.0,0.00011934469804337006,clean,0.0007445709575060989,0.0006377428546881156,0.0005606085209222771,0.00034027761199429513,0.0,0.0,0.0,0.0,0.0,-3.00999999999998,-0.1449910238980285,0.0,0.0,0.0,0.0,-8.090154679032421,0.0,0.0006417046390339641,0.0,0.0,0.0,0.0,0.0,-30.0,242872
-38.93274430819098,0.7242747856427956,0.7250285825345473,0.09316778518188869,-3.1972696277935007,-90.0,1.2347330896417326,0.35226529070969304,0.0,0.0,False,FAILED_TO_ACCELERATE,301,30.099999999998296,2,839621.5675307204,1326.6274375823925,4035.7704665429037,1361.9163112898946,dry,0.9051004755460276,12.463821491761236,-11.702195472153285,0.5625161754120389,0.4024288310105446,10.232809158867589,1013.7184488776237,0.9617687081098039,nan,nan,nan,nan,15.797891193091997,-0.18457422121969103,-0.031293741743759346,139.91710289200165,151.1104711233618,188070709,0.9957603635648258,0.0,0.0005850781513907891,clean,0.0007497715819589256,0.0007814959490297853,0.0005632199321800892,0.0007099721239197052,0.0,0.0,0.0,0.0,0.0,-3.00999999999998,-0.01754408483338812,0.0,0.0,0.0,0.0,-5.909755017910851,0.0,0.0017503349661647004,0.0,0.0,0.0,0.0,0.0,-30.0,243173
-44.35225955616281,0.3149675589723594,0.36822467592275915,0.024469350325869187,-2.60855167634451,-90.0,2.084971358937565,0.5681536168949154,0.0,0.0,False,FAILED_TO_ACCELERATE,301,30.099999999998296,2,622145.1468571844,1319.0919043465005,4306.318724455238,1813.4254841958918,dry,0.9557962040847215,2.19762962391004,-6.15317129878476,0.3256425922435746,0.9000685639309483,-4.866180743149957,1010.4353370149921,0.9467573241418318,nan,nan,nan,nan,6.348355646859026,-0.16193564627269552,-0.007732756835029109,117.54475836416327,126.94833903329634,155188475,0.9991592812494573,0.0,0.00910463544306482,clean,0.02715547843544187,0.02729819683312135,0.017477958801798164,0.07758583381849196,0.0,0.0,0.0,0.0,0.0,-3.00999999999998,-0.0033178415027452246,0.0,0.0,0.0,0.0,-11.55509326877276,0.0,0.06663408622384291,0.0,0.0,0.0,0.0,0.0,-30.0,243474
-44.13634954690592,2.200245891804951,2.2352387475938595,0.05013177870108703,-3.1459336733806182,-90.0,2.6720451932630023,0.5439668735066392,0.0,0.0,False,FAILED_TO_ACCELERATE,301,30.099999999998296,2,796293.7919099245,1321.745754568522,4418.639943396438,610.5623272387439,dry,0.9155250294752741,5.939239729793176,6.713187146577539,1.114387715884325,0.37000412442823016,11.231500450411907,1001.8730838231016,0.98259921588614,nan,nan,nan,nan,7.5192747281175665,-0.19984616009207912,-0.03766011059751376,137.29147721755245,148.27479539495667,677186466,0.9615811253988282,0.0,0.005904197880064392,clean,0.014336245943433999,0.011836544117780906,0.008197338363444348,0.04999060512676307,0.0,0.0,0.0,0.0,0.0,-3.00999999999998,-0.16190729747841928,0.0,0.0,0.0,0.0,-11.0593822898802,0.0,0.010579306901310159,0.0,0.0,0.0,0.0,0.0,-30.0,243775
-28.577533159639145,11.483325613872234,25.271503725471646,13.242284019559825,20.534270281285885,7.085021166519056,12.158110353508185,0.8245519822711267,1465.6219220608739,0.0,False,TIMEOUT,1801,180.09999999999306,1,722245.3015079973,1323.1480491285358,4431.770397190384,138.64148704904565,dry,0.9523247825512619,5.372183153346856,3.8923430165844315,0.0,0.0,0.29766722106891486,1013.0149779527992,0.9844071061056001,34.699999999998035,1272.523101520294,54.6999999999969,nan,222.48091337648444,385.5966035117457,1478.9332621760086,127.63469120527856,137.84546650170086,380591526,0.09113311259443872,0.5759231913308671,1.2405987266851357,clean,280.56837722058447,15.723217143320891,31.690567836989,10.854386862572717,51.567511735762295,39.74486266851511,15.423864140469846,0.0,0.0,-18.010000000000016,-26.388005293859944,-9.920262017925754,-4.189214517627968,0.0,-24.62638232915071,-111.48000044383333,0.0,8.429604562752097,-151.09112694953208,-106.75126973368663,-11.406476576960568,-8.717187468024965,0.0,-10.0,245576
414.9647398894258,3.6713655541197943,6.253023762165773,2.142307479929428,10.88048598810022,3.840513220465219,2.2869918097422204,0.6620159258862236,1227.095988145174,1.0,True,SUCCESS,643,64.30000000000342,1,763638.2484604805,1328.4834313245703,4599.994016095484,281.02350327249127,dry,0.9737848956872482,4.4049796531475645,-2.936558605652262,0.0,0.0,0.09378286951760373,1015.1592094703605,0.9562846758378764,36.69999999999792,1368.5120828233769,59.39999999999952,59.30000000000342,154.2454502719553,1227.095988145174,2754.5220790214576,131.0561840705556,141.54067879620004,1522979205,0.8216883933181649,0.21879649292314293,0.42617158938603095,clean,70.13163564990597,13.06859344472763,16.088912563687135,11.769001367961003,32.776410525912844,26.421157155512347,40.00000000000001,4.999999999999998,132.13888888888795,-6.429999999999907,-0.9629943106179368,0.0,0.0,0.0,0.0,-29.711999040302683,0.0,9.947832885004637,-18.78689781750091,-9.565194095614352,-0.13439284750241243,-0.03947347836000866,123.25325899772473,0.0,246219
-45.605075021006925,1.5862613028359906,1.5893364940092836,0.028790581638152207,-2.5734499388753242,-90.0,2.6040675753664293,0.5886518205057082,0.0,0.0,False,FAILED_TO_ACCELERATE,301,30.099999999998296,2,723276.5093532307,1341.9813463492083,4497.881520760666,300.2101509768584,dry,0.9549988920074882,1.7105189883641483,5.122922260327116,1.283679863218293,0.620194977105205,-2.633131832858572,1015.9963684121454,0.990799891324746,nan,nan,nan,nan,4.586168889655001,-0.15490841211811812,-0.0029146253899495003,126.88864949935106,137.03974145929917,1558817284,0.979921794024151,0.0,0.00027779033445659164,clean,0.0009050927947703251,0.0008861017517403025,0.0005605021920977833,0.005100419797236565,0.0,0.0,0.0,0.0,0.0,-3.00999999999998,-0.08415374457592835,0.0,0.0,0.0,0.0,-12.51967835274894,0.0,0.0013049597821522237,0.0,0.0,0.0,0.0,0.0,-30.0,246520
-48.99122719250192,0.30965758130368565,0.43402537251856455,0.07204183655657996,-3.131870105038525,-90.0,0.9304506162208581,0.7978359625849085,0.0,0.0,False,FAILED_TO_ACCELERATE,301,30.099999999998296,2,759709.4983053848,1315.7162242000995,4277.978116176652,998.6935136025826,dry,0.9602846843151385,0.3452375483877579,-6.254981077576337,1.9475523601140756,0.734009806324929,-5.257349139936149,1013.8056427268573,0.9702196537567853,nan,nan,nan,nan,6.336808273549006,-0.20878913537421795,0.025972609236583066,129.58598848344255,139.95286756211797,2103281005,0.9991122227039413,0.0,0.05568507645356557,clean,0.3377061956825569,0.3368081394861771,0.25009447985123323,0.2600135293994074,0.0,0.0,0.0,0.0,0.0,-3.00999999999998,-0.003206914790590384,0.0,0.0,0.0,0.0,-17.989468390260765,0.0,0.826825768130095,0.0,0.0,0.0,0.0,0.0,-30.0,246821
-38.24338271009945,1.13504842699603,3.7705848374676787,0.17991331127594856,-3.221148436351857,-90.0,6.93732227490264,0.5333969698659873,0.0,0.0,False,FAILED_TO_ACCELERATE,301,30.099999999998296,2,812401.9975763973,1320.6286920379853,4054.329572086968,2206.873662599156,wet,0.863390552336693,10.398911295944675,10.108399067386141,1.404548090857444,0.4070648848309294,-2.3856179994486233,1002.6447085744065,0.9361705727016477,nan,nan,nan,nan,21.54173701178457,-0.15024776972177278,-0.2679084329427006,135.43059728972264,146.26504507290045,1875875565,0.9712805778499519,0.06569011587083953,0.38323570160680687,clean,1.6168288666023032,1.5058616277917656,0.8694684215803307,1.7517194475623858,0.0,0.0,0.0,0.0,0.0,-3.00999999999998,-0.04308764604660831,0.0,-0.12411670491757838,0.0,0.0,-11.014768992754174,0.0,2.9622687895774433,-2.500960275944309,-0.2199616187817632,-0.03663462476924864,0.0,0.0,-30.0,247122
-60.00389380933328,13.530957173988245,49.59068604599797,22.207151856367798,12.41582836777301,8.989189375945589,14.649905414155201,0.7969314507118267,1457.29296731381,0.05719557195571956,False,TIMEOUT,1801,180.09999999999306,2,768626.6366250492,1327.189945521997,4561.209053151945,208.50279548916188,wet,0.891885858572081,6.965895622331836,-1.5378271684552987,1.3342065428099181,0.2471552969293611,-1.4349196365724204,1018.4133810577727,0.9766737943567421,52.799999999997006,1266.265154357226,126.00000000004228,nan,211.70519616968235,579.7764171294027,-3937.8267671912554,130.92474062679744,141.39871987694124,289993663,0.002527350582968518,0.8624204388341026,1.3529349881351387,clean,233.28324683354757,22.779436323414345,30.244270648727365,11.518521140398315,41.31195805296569,53.89574260875393,23.1910566851761,3.1000000000000014,0.0,-18.010000000000016,-36.637703386865745,-28.88794305239694,-4.514498048582312,0.0,-22.138843582232067,-106.50597296862439,0.0,28.605494816854787,-158.22760684005755,-100.03494505256175,-13.823050857812095,-9.153057130034655,0.0,-10.0,248923
406.8990750748982,3.9203366496136884,7.362901335232721,5.700384069690051,12.58791369007488,5.303877189066283,4.587141094826037,0.735635966886099,1307.299778357785,0.5050505050505051,True,SUCCESS,772,77.20000000001369,1,767842.1570583248,1329.0480153180094,4626.03273523661,90.14807182331968,dry,0.995424102863031,1.631312688124913,-1.5061516309085796,0.0,0.0,4.863285314345242,1012.7753325453153,0.9600680899770685,38.49999999999782,1450.668725125121,67.40000000000589,72.20000000001369,159.17365800408885,1307.299778357785,1501.2578474529596,132.65507269304746,143.26747850849125,1644794485,0.7207241618942455,0.2815981149088716,0.6565330177081397,clean,88.04604004651067,16.20472514380178,18.351796732621416,12.563935720747418,35.59215891149205,37.957562993481545,40.00000000000001,4.999999999999998,128.55555555555176,-7.71999999999988,-1.3183220502829918,-0.12795450122020385,-0.031002299071195488,0.0,-0.9286123519749145,-40.94715193601021,0.0,17.701394830145365,-29.932152101890555,-19.00754314526504,-0.6417470077309751,-0.5282337501443364,108.10862428413682,0.0,249695
-192.65605862725803,81.46818171333355,401.3121162668994,47.90037114876192,25.049643366077685,11.02816518507417,39.93661281409421,0.7335826379137015,2197.848293345197,0.05545927209705372,False,ENVELOPE_VIOLATION,1146,114.60000000004345,1,694403.9457912577,1331.811390226427,4232.909214343133,80.72339068349443,dry,0.9990219278528011,2.92969267025326,-1.4532887487737423,0.0,0.0,-0.5164314597654638,1011.3962493910494,0.9424176766930725,32.399999999998165,1108.6181458623112,56.99999999999761,nan,142.44098943326154,1915.8469474124538,-6586.391443875675,125.07369853271477,135.07959441533197,1275194774,1.0012808103059939e-101,1.3367713381481046,1.61583684950999,clean,137.3887274300003,14.068151417462394,19.05554304079888,10.408634491082873,30.513841316974887,52.93510634205892,39.99999999999998,3.2000000000000015,0.0,-11.4599999999998,-61.91686384851578,-51.28035410182725,-25.05226622288143,-0.13443733938195482,-47.12329954448896,-61.0847370322303,0.0,15.254882094342916,-102.72217626040624,-78.52536640656518,-14.752119919715344,-11.429324083964051,0.0,-50.0,250841
-43.1115365870355,3.478350558452134,4.823257232656933,0.08798982497290071,-3.420645095495737,-90.0,10.152194706364634,0.46302755713330807,0.0,0.0,False,FAILED_TO_ACCELERATE,301,30.099999999998296,2,854473.6121694637,1317.512076870502,4223.4264717693795,1707.7809544045626,wet,0.8946127332962311,11.777049783279269,6.136708405467239,1.0334900729919443,0.4782156075734775,11.685362779541066,1001.9693772409516,0.9525546066225002,nan,nan,nan,nan,18.77649268794593,-0.1974715865201233,0.12151103276651698,142.31946970444275,153.7050272807982,157975135,0.8869337082508496,0.10048237130890134,0.2809615746153055,clean,1.0493855816733275,0.803412302035717,0.21231445818980704,1.1172650098799697,0.0,0.0,0.0,0.0,0.0,-3.00999999999998,-0.4046417449836406,0.0,-1.5453467312803315,0.0,0.0,-9.94835702443931,0.0,1.0121432713537275,-2.1727616855288505,-0.224758533152324,-0.0001914907835916988,0.0,0.0,-30.0,251142
-50.59023075348186,0.33120554992569506,0.3436086211995424,0.007262358166760628,-2.647486379617221,-90.0,2.4227970380118706,0.7839337632901642,0.0,0.0,False,FAILED_TO_ACCELERATE,301,30.099999999998296,2,713388.0462899033,1335.6828552518562,4198.316914175164,2008.107347918659,dry,0.9638315928294781,3.5085335876120087,-2.1540327610018206,0.9159866547202764,0.32469207021560487,6.465821193030832,1011.3769232177364,0.9434412018860088,nan,nan,nan,nan,3.5632797833574155,-0.16403266281349715,-0.027469971056463996,128.3025280589701,138.5667303036877,1444535965,0.9991072958858355,0.0,0.010299815157453722,clean,0.02482964635302153,0.02476864334134515,0.014944506753240711,0.07823500241066966,0.0,0.0,0.0,0.0,0.0,-3.00999999999998,-0.0036687591118640256,0.0,0.0,0.0,0.0,-17.779995421270552,0.0,0.06065562804229676,0.0,0.0,0.0,0.0,0.0,-30.0,251443
110.29629082389566,5.392610822988272,11.40991676515986,9.772071932167577,9.68542111097533,3.4730398106944516,7.442160366926942,0.7241798134672603,1207.9074800927367,1.0,False,UNCLEAN_TAKEOFF,715,71.50000000000915,1,753087.1605824181,1328.4206613698734,4607.395140042854,118.48986109632797,dry,0.9639757198425284,5.446521346998755,3.5215857646566633,0.0,0.0,0.4454949150771572,1015.2022705391923,0.9614715382768196,36.19999999999795,1294.952500254575,66.60000000000525,nan,165.21680005453112,1207.9074800927367,2942.0519483400226,130.22425822948313,140.64219888784177,1361654911,0.4977456299330326,0.3351643122756009,0.8326764319739354,clean,82.73993154553835,12.94276974438001,16.026086114259236,11.625780378146162,22.93369193661063,32.80310490491691,39.99999999999998,4.999999999999998,0.0,-7.149999999999892,-2.3102644237855916,-0.8323808749172409,-0.25608555456537885,0.0,-2.2047166917446575,-37.15092685631078,0.0,17.762450483317615,-26.58575592966055,-22.593463864004004,-1.4701329633555535,-0.983797124929478,0.0,-30.0,252158
-47.829597765813354,3.610510830473292,3.612519199102482,0.11855068733387733,-2.966904704166417,-90.0,0.14421676988099036,0.6844317866520232,0.0,0.0,False,FAILED_TO_ACCELERATE,301,30.099999999998296,2,756185.5192481017,1324.5630608864044,4579.921847924215,364.6808760731446,wet,0.8067254549638596,4.86064399284288,11.427253713060939,0.8208867365165529,0.42350955756681585,-2.463072897741627,1000.0727605925323,0.9889285195460807,nan,nan,nan,nan,10.654174305830166,-0.18088928310959318,-0.003746787007241192,130.81102542899228,141.27590746331168,558975054,0.9002689093402897,0.0,0.0006371000461204006,clean,0.0007997208867130466,0.0005433700158395079,0.0006857699565593665,0.00280051636863202,0.0,0.0,0.0,0.0,0.0,-3.00999999999998,-0.4359747028384942,0.0,0.0,0.0,0.0,-14.388540459804794,0.0,8.80196021914148e-05,0.0,0.0,0.0,0.0,0.0,-30.0,252459
-42.83868817517497,4.048922597865083,7.855301252847654,0.12511328223889445,-2.6302132236198728,-90.0,3.8836915699610755,0.6834875332688702,0.0,0.0,False,FAILED_TO_ACCELERATE,301,30.099999999998296,2,626958.1949374367,1318.613691974171,4058.586799607294,1475.3999276972093,dry,0.9657025701514819,12.083598769783128,5.019767045772168,0.46558706748339196,0.7512297320303856,1.8173577751003833,1003.7923267154591,0.9574396860663215,nan,nan,nan,nan,24.33798728641189,-0.09282579858768258,0.06642910574342409,119.77679796616202,129.358941803455,1446831539,0.8288546238630868,0.07255178752047794,0.20179789873160567,clean,2.344484244326636,1.1588260977369402,1.303710253928108,1.78905259399922,0.0,0.0,0.0,0.0,0.0,-3.00999999999998,-0.5482806705838068,0.0,-0.019174254972471372,0.0,0.0,-14.674477144291249,0.0,0.5065602741762381,-1.5039087683368455,-0.18545037902992834,-3.0422127831108103e-05,0.0,0.0,-30.0,252760
-48.169090911099175,0.03525286906353366,0.037127037717100624,0.03283905890278093,-2.5463307204030885,-90.0,1.439665714003062,0.6886078781661794,0.0,0.0,False,FAILED_TO_ACCELERATE,301,30.099999999998296,2,674298.4668870333,1334.6913259352712,4097.861195950232,1134.8026159260744,dry,0.993329044828994,11.140547642724824,-4.003881125867956,0.2908019933222854,0.559514707867424,-1.5585064241791997,1024.2258825039717,0.9666665328157754,nan,nan,nan,nan,12.10272020015415,-0.14187737315751292,0.013480966736129496,122.25331607369714,132.03358135959292,52580666,0.9999871421878692,0.0,0.0061390546799111444,clean,0.008922946777763915,0.008938592390621922,0.006196963562354729,0.035875455138862374,0.0,0.0,0.0,0.0,0.0,-3.00999999999998,-4.1563577548933905e-05,0.0,0.0,0.0,0.0,-15.241325694056169,0.0,0.02234238866493803,0.0,0.0,0.0,0.0,0.0,-30.0,253061
-47.925202479785014,2.9934979632321945,2.9956565671810123,0.09177463609651755,-2.4073379633633696,-90.0,1.7463248703323386,0.6801376253663501,0.0,0.0,False,FAILED_TO_ACCELERATE,301,30.099999999998296,2,637346.1463930656,1336.4364521275284,4279.09374240702,544.8146209129626,dry,0.9122037710433193,12.004800584139693,-9.167309416142915,1.9626223451369407,0.5554253834518742,8.98215518908987,1008.0741748849532,0.9842743185474324,nan,nan,nan,nan,19.482724471614304,-0.1137385142696985,0.4230286534245098,121.98798321817561,131.74702187562968,988605540,0.93032480921513,0.0,0.0005149322114065181,clean,0.0005683355765020786,0.0005290045846144413,0.0005026554091501462,0.0030328350071809696,0.0,0.0,0.0,0.0,0.0,-3.00999999999998,-0.2996966718687185,0.0,0.0,0.0,0.0,-14.62034026904013,0.0,0.0002016305463916981,0.0,0.0,0.0,0.0,0.0,-30.0,253362
-42.1679181263828,0.05821711057771513,0.061247220246108056,0.07287717316208842,-2.971451643308782,-90.0,0.2993210032414623,0.47428977446566645,0.0,0.0,False,FAILED_TO_ACCELERATE,301,30.099999999998296,2,751843.5830041051,1323.4883405296441,3837.104256816966,1406.6695448824246,wet,0.8950087190743202,-1.3953584923352713,7.077255494970588,0.9055317947392356,0.6175469764719567,8.19990769131703,1012.9714590675206,0.960251845930886,nan,nan,nan,nan,6.7838667507143064,-0.20507642167717677,0.006484346572631762,131.99829741695248,142.5581612103087,482945970,0.9999590187763187,0.0,0.0005132187752622585,clean,0.0007729030601770154,0.0008932432804931723,0.0006676588538940091,0.0014874131606769498,0.0,0.0,0.0,0.0,0.0,-3.00999999999998,-0.0001133509801299324,0.0,0.0,0.0,0.0,-9.163857483153791,0.0,0.002231489395879843,0.0,0.0,0.0,0.0,0.0,-30.0,253663
391.2694336905391,4.114025450430226,11.939226755517668,3.488853322412129,11.123771523724132,4.789366178007002,2.6836433069867707,0.7016917387579517,1269.2828953166656,1.0,True,SUCCESS,612,61.200000000000955,1,710017.5960184458,1326.8193324586175,4311.855975250481,96.37230421519199,dry,0.9888656848355021,4.665068149823777,2.021488794047645,0.0,0.0,-0.787318581387777,1015.9755297137151,0.9601802769399997,34.39999999999805,1166.9384902311122,56.299999999997056,56.200000000000955,154.6947662727869,1269.2828953166656,3487.700379532449,126.1272430658379,136.21742251110496,199169391,0.6941076955084752,0.24244230929116253,0.5235721892540197,clean,64.67207575858673,14.311367593127072,14.873313881366123,10.811503305758691,27.559011573891507,26.159647623120524,40.000000000000014,4.999999999999998,132.99999999999974,-6.119999999999914,-1.1509139676615585,-0.002095414301152156,0.0,0.0,-0.0047990347969395315,-30.751467416544486,0.0,23.699190091329342,-24.032997986960655,-10.256171997145456,-0.403084291872816,-0.2113003536288095,104.11615432627127,0.0,254275
-40.28654640825697,3.602139693676534,4.1603472499879075,0.05145506852592996,-3.154068892420237,-90.0,5.864941532616565,0.4254060987618281,0.0,0.0,False,FAILED_TO_ACCELERATE,301,30.099999999998296,2,852664.6636387969,1331.0164665539264,4047.6522599428545,1109.7393655917854,wet,0.8564935104639123,10.788019383399336,4.2857532111445344,0.0638573078586564,0.6821279377765813,6.570993270684376,1023.8969475529274,0.9683221355017049,nan,nan,nan,nan,14.798976998027237,-0.18439037161033411,0.15879012849222662,139.43356510090663,150.58825030897918,1578280308,0.8758640623021341,0.15231247440201975,0.23426357081054044,clean,0.7665758814491156,0.5002497664314433,0.4060516373573088,0.6638033163999931,0.0,0.0,0.0,0.0,0.0,-3.00999999999998,-0.4339553913556425,0.0,-0.13152545548166367,0.0,0.0,-8.756775715773443,0.0,0.21672357050507673,-0.027694017789152113,-0.48,0.0,0.0,0.0,-30.0,254576
-233.94694003561779,9.982862609969867,22.433878262667804,16.34532150941938,9.844322929254886,6.507301977985795,13.77444388376215,0.811141227348624,579.1386948413013,0.0,False,CRASH,1488,148.80000000002153,2,627304.5636753687,1323.28222971357,4112.688791891393,1000.8877607777133,dry,0.9357224010235188,14.522761057345566,0.23648925160551348,1.4463005391852404,0.5396029167274469,7.462673482206256,1015.431320782068,0.9712468425773138,35.299999999998,864.0259279989313,nan,nan,119.44473413157533,5.050886292031805,-1676.9296230733737,120.2752470976592,129.89726686547195,1735460458,0.09144179576743812,0.6876508713853126,1.3168097078088221,clean,165.3313120514973,18.32786653325752,23.223933829964466,9.698171864043992,46.554209800971854,31.34675534149245,0.20203545168129008,0.0,0.0,-14.879999999999727,-16.476714253736347,-10.77771951721055,-8.47755841109216,0.0,-44.24023589343348,-90.00680633485784,0.0,19.54434409820155,-146.34820363135606,-102.4334039007224,-10.739416292585952,-3.7955107717299836,0.0,-100.0,256064
-51.85536417729784,2.927144190056988,2.931401467969816,0.08386574978594005,-2.62285236692525,-90.0,0.0704670803740773,0.8315637020243629,0.0,0.0,False,FAILED_TO_ACCELERATE,301,30.099999999998296,2,721992.7610821656,1338.7338161895202,4074.967999717346,486.7670645385103,dry,0.953188183346955,11.395554974824393,-6.82562758039647,1.1631317474920841,0.48309874565275257,-5.753047405204745,1021.0241633062116,0.9851828734437784,nan,nan,nan,nan,13.657840265693965,-0.141680856644939,0.025595216734011217,125.77061995549427,135.83226955193382,1081734387,0.9332644377739856,0.0,0.0029935533631016073,clean,0.03889745112331752,0.02789698073268709,0.029483496875297176,0.11536931740009945,0.0,0.0,0.0,0.0,0.0,-3.00999999999998,-0.286557789547189,0.0,0.0,0.0,0.0,-18.781965347458314,0.0,0.011511713576298087,0.0,0.0,0.0,0.0,0.0,-30.0,256365
-52.251874222920605,4.814546968081414,4.814924666932579,0.029737681153102283,-2.642480658750679,-90.0,1.8745373433189059,0.8204705448509715,0.0,0.0,False,FAILED_TO_ACCELERATE,301,30.099999999998296,2,642177.9862437476,1321.447591824086,4363.886103942856,2424.0971017005113,wet,0.850662979025702,6.533120643412705,-5.099561064845618,0.11020384801811423,0.14629439457100313,-1.5312963290589572,1022.2627177822068,0.9302477197996073,nan,nan,nan,nan,8.0578478198706,-0.160787078735666,0.0023547818700748527,119.42616781899578,128.98026124451545,392867797,0.8296652919933226,0.0,0.0001407918186800695,clean,0.0006834829283380364,0.00027217268036289227,0.0004481878393664961,0.00021627788449829903,0.0,0.0,0.0,0.0,0.0,-3.00999999999998,-0.775237623874049,0.0,0.0,0.0,0.0,-18.468261962114006,0.0,5.241734884896075e-06,0.0,0.0,0.0,0.0,0.0,-30.0,256666
-45.86134123683834,4.127493926070399,4.132968548261391,0.09436007397095832,-2.584201771020849,-90.0,2.3152627425630343,0.5923658109384521,0.0,0.0,False,FAILED_TO_ACCELERATE,301,30.099999999998296,2,663076.7935499724,1329.895374937814,4133.528179592151,1499.179568401819,dry,0.948124839719485,-1.5931157926284985,8.742727720798513,1.534973124136972,0.2259436815044623,-0.16304429391197317,1021.4674936202096,0.956476761971823,nan,nan,nan,nan,6.059237866275329,-0.1664614025009996,-0.06519787432751749,121.69054461114438,131.42578818003594,1390493182,0.8717011671666862,0.0,0.0006478398511063451,clean,0.0006906980060587388,0.0004659436273826582,0.0005578750488816038,0.0035993174890400115,0.0,0.0,0.0,0.0,0.0,-3.00999999999998,-0.5697664487815736,0.0,0.0,0.0,0.0,-12.286921133052811,0.0,3.251082468698222e-05,0.0,0.0,0.0,0.0,0.0,-30.0,256967
-50.11515622794715,2.919637204456698,3.1041975461868967,0.08257220620646911,-2.822372212445136,-90.0,2.873902315347756,0.8309237211777657,0.0,0.0,False,FAILED_TO_ACCELERATE,301,30.099999999998296,2,655123.5712428257,1312.2370360054292,4382.298680038644,1494.2812318424337,dry,0.966669876054551,5.813346738918243,9.450339203223837,0.6391264951786846,0.47950346424111545,1.4991662543174513,1008.8882379485732,0.9568542136485078,nan,nan,nan,nan,14.016347123582682,-0.1636611988135428,0.09148297917008441,122.06102480572953,131.8259067901879,1033499046,0.9315689235337051,0.031063512929419466,0.0772105906182461,clean,0.4598868275074457,0.34351650135804696,0.2896451949925488,0.6677726753964222,0.0,0.0,0.0,0.0,0.0,-3.00999999999998,-0.28508985589999647,0.0,0.0,0.0,0.0,-18.68376331264961,0.0,0.1850249080861512,0.0,-0.08214916673814934,0.0,0.0,0.0,-30.0,257268
-46.88950640000809,4.09809507674521,4.102110669235294,0.11606135989143375,-3.124118021839414,-90.0,1.7196433691872184,0.6390156526106141,0.0,0.0,False,FAILED_TO_ACCELERATE,301,30.099999999998296,2,760861.750930107,1316.2842772125393,4497.37373683959,2229.68545379544,wet,0.8667150737717495,-0.28133252646275286,10.005050939733092,1.3629708610175506,0.6922759615069273,6.743809719035767,1014.8026987463104,0.9374687841601946,nan,nan,nan,nan,8.635971721687547,-0.22074213819769284,-0.08891891964980908,132.34138783525444,142.9286988620748,1640037303,0.8734028713497732,0.0,0.0007464908710202876,clean,0.0007828176473950064,0.0005011017620824284,0.0006541773555571421,0.003535450663480355,0.0,0.0,0.0,0.0,0.0,-3.00999999999998,-0.561678817852338,0.0,0.0,0.0,0.0,-13.323337902680152,0.0,3.677309591239668e-05,0.0,0.0,0.0,0.0,0.0,-30.0,257569
439.0046623136027,2.0985862972523335,4.6636985126976676,2.6705221352833983,8.662084262490716,2.230084007791069,2.541589693706347,0.705807274818669,1225.656073939548,1.0,True,SUCCESS,641,64.10000000000326,1,710793.6410219606,1324.1670615083494,4234.9367546565945,283.17566885292155,dry,0.9880995553899874,3.5476483776092964,-0.3728252148653608,0.0,0.0,0.1433150114001709,1010.8824698535825,0.9562587031400567,36.299999999997944,1279.8430310565657,59.19999999999936,59.10000000000326,163.9192965065444,1225.656073939548,2678.50966466939,126.71834945157151,136.85581740769723,1406861771,0.8898480170189073,0.2100591258816427,0.5094295730410913,clean,69.85968985553208,18.47479760722821,15.876496602128295,11.645140631039425,23.137695080635872,26.214434122355694,40.0,4.999999999999998,132.19444444444355,-6.409999999999908,-0.3136672567263085,0.0,0.0,0.0,-0.0012266394346443312,-32.236465481537664,0.0,26.37626703049357,-15.276001468367276,-8.737177851944328,-0.2535501246268342,-0.023416790452827997,133.47720255283608,0.0,258210
-51.1045453244617,0.16825998086436936,0.16978139265771075,0.11037081194815976,-3.0594034260563676,-90.0,0.9248717709544118,0.8084225985628953,0.0,0.0,False,FAILED_TO_ACCELERATE,301,30.099999999998296,2,806318.309484873,1328.3920582896744,4101.276003207619,955.3387968224347,dry,0.9207788772766423,7.806007664455247,-10.215182589121783,1.3303089293858608,0.9883494822415698,-0.8689498550153258,1018.1859948103212,0.9719258748776058,nan,nan,nan,nan,11.554154960533989,-0.1855663766663156,-0.03277705017114768,134.24372001879001,144.98321762029323,1174906484,0.9997409435999738,0.0,0.0007029640510366189,clean,0.0007401941263051978,0.0008831289208571635,0.0006409695640697373,0.0022726941342170056,0.0,0.0,0.0,0.0,0.0,-3.00999999999998,-0.0009468597521448724,0.0,0.0,0.0,0.0,-18.100330353556373,0.0,0.0021949021013981575,0.0,0.0,0.0,0.0,0.0,-30.0,258511
-43.76800406627042,4.715136636856485,4.7178873586411365,0.022738326416089975,-2.6883065807654765,-90.0,2.321879162670088,0.5187417763478208,0.0,0.0,False,FAILED_TO_ACCELERATE,301,30.099999999998296,2,707076.6086485178,1331.952577499853,4101.798580243595,1427.4245726671688,dry,0.9599126380448499,5.659093334979373,3.4121779086379935,0.8943144810153736,0.19450299196012344,-2.460309947444414,1022.1781726140707,0.958191667298985,nan,nan,nan,nan,5.396068299020348,-0.16414749339969603,-0.03284105397027551,125.11748465851984,135.12688343120143,1793123513,0.8360010825803902,0.0,0.0018622115656598184,clean,0.002883268500821573,0.0011953916774790655,0.0017607598240658446,0.01568847893681019,0.0,0.0,0.0,0.0,0.0,-3.00999999999998,-0.743554062752456,0.0,0.0,0.0,0.0,-10.036005923032413,0.0,2.8020575279122532e-05,0.0,0.0,0.0,0.0,0.0,-30.0,258812
366.7058413130246,4.180202572682218,7.966084815133586,5.943705516501703,13.427576912040772,2.864832771280068,4.185256704479289,0.7546374949883676,1326.1144051999572,1.0,True,SUCCESS,814,81.40000000001703,2,707172.2316505143,1314.4355530525534,4115.275585641813,2225.6807757458255,dry,0.9252214833611345,4.798890997486997,-0.540459987307158,0.9357691423174599,0.4829545117879309,4.4600231956032985,1018.6122460406459,0.901274180185676,50.199999999997154,1557.437611422088,76.50000000001313,76.40000000001703,155.68492602185435,1326.1144051999572,3498.442962523902,126.85381696303008,137.0021223200725,1493268086,0.710224321491538,0.24899397686697625,0.5680447680466846,clean,81.99109547596946,15.729487884956763,17.93683314749154,14.184192947636127,12.929570698594844,30.139407855717117,40.000000000000014,4.999999999999998,127.38888888888415,-8.139999999999871,-1.5804346831787144,-0.35115316016663073,-0.011860879579340395,0.0,-0.6962458782989904,-44.72273247653435,0.0,17.300639800216878,-31.080508293746234,-15.22112893339191,-0.4925491899475648,-0.13131011532927442,106.53364822373071,0.0,259626
333.34179906088684,4.340006142110212,10.682000832508143,6.150789077827972,7.893098265402325,1.8485356831098296,4.151947206418137,0.7167038595209928,1275.0290558434629,1.0,True,SUCCESS,707,70.70000000000852,2,694051.9556579042,1322.052014020033,4054.3961083304525,628.2750530164872,dry,0.9714960211046454,4.446551635708688,3.13735545117998,1.789523521190476,0.9355332840260591,-5.35400856798071,1013.2451029972898,0.9441230090799586,37.59999999999787,1135.8153355949871,65.80000000000462,65.70000000000852,166.71713701916963,1275.0290558434629,3426.053301544061,123.87285469137419,133.78268306668414,2134656235,0.6109432350865159,0.3749454286624998,0.6211690164634542,clean,73.1682229230544,14.40056816245701,16.277128694364936,10.65563802303077,19.810602096095508,31.67513608340094,39.999999999999986,4.999999999999998,130.36111111110876,-7.069999999999894,-1.4796452102981055,-0.2046633895648659,-0.009371803592441942,0.0,-0.07725027454519709,-36.20234391054242,0.0,17.438465555984422,-43.61040954679077,-27.58892490560946,-0.4938399862857293,-0.35010982435774135,91.64148526297738,0.0,260333
-51.175566873272395,4.602214665179299,4.629741021002577,0.008510542701728949,-3.2736522355976945,-90.0,1.1302998303279126,0.8012998893873503,0.0,0.0,False,FAILED_TO_ACCELERATE,301,30.099999999998296,2,787512.03941189,1313.062061290198,4083.122968003119,1070.0570899158997,dry,0.9268260281042126,-1.3948310285657999,1.2120444070620686,0.9669667201781968,0.9365932808102799,-7.2735553222401945,1003.3360922402333,0.9679329660757541,nan,nan,nan,nan,2.6665320120070852,-0.22750822988041364,0.0680891184000379,132.1489845328616,142.72090329549053,11507716,0.8429039503919945,0.0,0.0429261594011137,clean,0.11638230546360342,0.05006526027330163,0.08496525786380245,0.29339871442356624,0.0,0.0,0.0,0.0,0.0,-3.00999999999998,-0.7083660363490902,0.0,0.0,0.0,0.0,-18.003491439731544,0.0,0.001479064783990195,0.0,0.0,0.0,0.0,0.0,-30.0,260634
438.6378027255265,2.425975307990713,4.7665862326903135,3.767953332403397,7.444310546185094,2.3670098272037436,3.119727126704697,0.6690781552334789,1288.141581281971,1.0,True,SUCCESS,635,63.500000000002785,1,692552.316738437,1324.8910441131557,4229.544622295353,230.5814196247753,dry,0.9555775085717824,6.625607557766619,-1.9103689299832993,0.0,0.0,4.783350896274437,1014.2395451633867,0.9566569349831722,35.49999999999799,1214.0072344138562,58.599999999998886,58.500000000002785,163.4447291224326,1288.141581281971,3611.9965309026843,125.8755033892685,135.94554366040998,907587570,0.8720081192820307,0.18800932710462148,0.3892142653463085,clean,69.74881179676821,17.38477354512168,15.810098133973021,11.311931709151834,18.4651840138059,26.76145740301419,40.000000000000014,4.999999999999998,132.36111111111035,-6.349999999999909,-0.4152445759791892,-0.003537327148354737,-3.015806550481423e-05,0.0,-0.02151321476626028,-29.848002142298117,0.0,21.921961377284948,-7.492954327984652,-6.649612140701813,-0.09736799827052772,-0.05048237179373103,130.8012178923046,0.0,261269
-48.16400640732769,3.0204916140311195,4.080373109590746,0.07528996581150273,-3.138463380865991,-90.0,3.2203593936358774,0.8909076183605299,0.0,0.0,False,FAILED_TO_ACCELERATE,301,30.099999999998296,2,846803.2187233665,1330.907094283324,3906.2909157327767,1693.6830412640684,dry,0.9962619597528509,13.388565888706916,-4.46833438719233,0.13506472987669982,0.4220705604953332,6.581318984536594,1016.122878239699,0.9521268110060983,nan,nan,nan,nan,22.73076240097186,-0.15589288952446623,0.12228358032707387,139.48646439736018,150.645381549149,1756702899,0.9153418510082423,0.08116272600189706,0.12450380035295136,clean,1.434370165876003,1.15920814076418,0.7557341619483916,1.305075436890876,0.0,0.0,0.0,0.0,0.0,-3.00999999999998,-0.30512602741334816,0.0,-0.0015030445171025752,0.0,0.0,-20.509954919996666,0.0,1.4402578016899634,-0.21604556228024543,-0.21602256028971728,0.0,0.0,0.0,-30.0,261570
-62.89929560987717,6.72926078157906,23.6190352147834,30.018925286635394,11.481989365779196,7.380839996597449,11.313052815212185,0.7682224321955761,898.7184533320801,0.0,False,CRASH,1373,137.300000000032,2,807801.6567383846,1328.5208072283053,4544.9145931694275,2316.1906192678457,dry,0.9154952312348783,1.75951302409328,0.6695996600643066,1.343490022533269,0.8734300273357789,-3.883843341097279,1010.7156319239491,0.9325539406862658,54.5999999999969,1823.256312364111,nan,nan,165.70891023546196,7.210663914066117,-1745.771822990744,134.1532642637386,144.8855254048377,1521317695,0.0203638569611778,0.8407412831339243,1.0157008843274815,clean,168.78538946589887,25.891622428991734,26.504433746470962,15.559464733876892,51.65434132707491,34.84023241172951,0.288426556562614,0.0,0.0,-13.729999999999752,-6.908165696122418,-19.56949136429979,-5.256127463729989,0.0,-31.03769067914091,-77.40204455004364,0.0,38.545946755631796,-99.42375672721411,-61.33338311807252,-5.222297722377511,-5.086195715111857,0.0,-100.0,262943
-49.07279971626082,3.0318706829742226,3.040976207147921,0.11939936042093265,-2.5810381587745885,-90.0,1.9269147949688727,0.7187490161603203,0.0,0.0,False,FAILED_TO_ACCELERATE,301,30.099999999998296,2,672475.1483410044,1331.9142855509103,4180.627373986003,1341.8716724498827,wet,0.8350594592133513,9.116697872661994,-11.81889548224639,0.12557353594595844,0.4104092382124187,7.749930535278269,1011.9961442928889,0.9619761979774786,nan,nan,nan,nan,14.486624517232462,-0.13853310538161168,0.027211569725712065,124.80210472752239,134.78627310572418,1487200419,0.9285364150628459,0.0,0.007631459087260899,clean,0.01598875719762376,0.011170417348301402,0.010544524799406383,0.07769422686145444,0.0,0.0,0.0,0.0,0.0,-3.00999999999998,-0.30742935459131715,0.0,0.0,0.0,0.0,-15.87480582164074,0.0,0.0040375337644564255,0.0,0.0,0.0,0.0,0.0,-30.0,263244
369.2726137073689,4.279865328541519,9.299819695892086,2.663952742124482,7.5534916693290395,1.490422212186496,2.485606051582722,0.7276272125893575,1260.0342597044873,1.0,True,SUCCESS,629,62.90000000000231,2,627175.0303982127,1332.8562871538431,4256.1218688759955,1366.2541351123823,wet,0.8541404659380069,14.848639553190207,0.8398408920754346,0.17360121310460297,0.714285068829578,0.7678421818136556,1017.183909267365,0.9252196840236596,36.099999999997955,890.4754517712532,57.99999999999841,57.90000000000231,160.25965735936992,1260.0342597044873,2940.170623043845,118.79074540813997,128.29400504079118,692105470,0.765927196113163,0.16008487732541618,0.3538454136247358,clean,56.30996460817833,10.949369740828217,14.174805235428616,9.763697100263531,18.756465853017538,25.53736997419236,40.0,4.999999999999998,132.52777777777715,-6.28999999999991,-1.2801720564393546,0.0,0.0,0.0,0.0,-32.94702463593207,0.0,13.665714493106025,-27.441882425214626,-4.262039608044138,-0.0381987213555473,-0.042313045411404265,114.88907941697444,0.0,263873
-6.410074652249932,8.524889768064998,18.616510570869565,1.1981591960802007,-1.1983899745389108,-1.1855074251290336,2.4050108301593682,0.7772801793048186,2.066559225563651,0.0,False,INSUFFICIENT_RUNWAY,857,85.70000000002045,2,833638.909540706,1326.6694263984778,4225.315463740978,2447.1409416054776,wet,0.8243177290769266,-0.2109217938204706,-1.9068396388936932,1.6579953742323212,0.08884131073054913,9.075844260921052,1018.6240310042491,0.9320463888537727,nan,nan,nan,nan,134.30727989228268,1.9423886746440076,0.7459744407596602,138.8117090981789,149.91664582603323,884788597,0.37798313861714283,0.28205531218306473,0.47780559396411476,clean,83.92580275886515,13.85864364747743,21.76648483070536,18.943731589882514,0.0,0.0,0.07769554698576046,0.0,0.0,-8.569999999999862,-6.920155549212666,0.0,0.0,0.0,-0.08042852100294971,-49.2928911040696,0.0,22.25401678247164,-34.31476773443884,-17.736101495299735,-0.3221054046141152,0.0,0.0,-50.0,264730
-23.806840534323918,4.26312188242532,7.515655650137658,0.3106129002451726,-2.9849134459338207,-90.0,2.815267893233099,0.7232305811294757,0.0,0.0,False,FAILED_TO_ACCELERATE,1163,116.3000000000448,2,866454.061522552,1341.9569654220663,3974.1948934801167,370.95553063703215,wet,0.8791669693775185,12.008856528255212,-3.9457222163945938,0.2629695947537616,0.047382235797985506,8.33655018813112,1013.8552642942533,0.9891654871336439,nan,nan,nan,nan,27.219555378513075,-0.11292921434102254,-0.043697118798449175,141.6733215969902,153.00718732474942,778050398,0.817913393732431,0.10856631056396202,0.29616354785555693,clean,24.647451632245435,16.312699551020675,17.9740811904177,4.517784288863806,0.0,0.0,0.0,0.0,0.0,-11.629999999999797,-2.3485115687192235,0.0,0.0,0.0,0.0,-62.29524120167594,0.0,24.166456979695432,-2.3594543416082243,-2.7453515950109058,-0.046755469552509796,0.0,0.0,-30.0,265893
-89.87568795651522,10.050995980795092,30.05756909846115,2.256635073947083,-1.7681924802426734,-1.7492191054964743,4.509728607855135,0.7461303453508052,1.9942987317996312,0.0,False,RUNWAY_EXCURSION,533,53.29999999999698,2,620217.3204622092,1335.835436160764,3969.6661352571846,644.2330279480035,wet,0.840764289408349,13.197526837428178,-10.530741891419027,0.06645421179926636,0.5426360322024845,10.412886636580357,1021.8500124216138,0.9815142691999578,nan,nan,nan,nan,132.32475475026706,1.9942987317996312,39.11022990069256,119.81110279446371,129.39599101802082,1244199845,0.1739991627680062,0.1748910668495274,0.3810723082229264,clean,31.24176866577926,4.138801257107381,11.297481367145862,13.567991436634404,0.20780278157458143,0.0,0.07977194927198522,0.0,0.0,-5.329999999999931,-5.982778141086245,0.0,-0.0209392074285102,0.0,-18.071526688247463,-29.208287547874715,0.0,0.5878779524235125,-27.79056387522508,-4.530099211137529,-0.056066628993119615,-0.006922066459549871,0.0,-60.0,266426
55.67374707135579,9.572822926790638,23.412650292522176,11.438857213740565,8.005231928597023,0.8157810119762202,13.812430643809503,0.764858047360186,2194.1933921652403,0.3106796116504854,False,UNCLEAN_TAKEOFF,1134,113.4000000000425,1,724097.940537422,1329.8966914968105,4725.448706775918,496.05022712756,dry,0.9742794628124453,4.8784673712457005,-0.4722445516238474,0.0,0.0,2.0495181000769858,1014.5868615591735,0.9238005812035016,41.79999999999763,1525.0611277764383,72.30000000000979,nan,160.39857412272343,2194.1933921652403,2197.3933711428026,128.08644430181286,138.3333598459579,241836004,0.14840411979937573,0.579014713898461,1.4750679125782087,clean,162.65031608656955,18.575730889006323,21.087557922674744,13.028746534386267,16.002875037069256,53.35117597858005,40.000000000000014,12.79999999999997,0.0,-11.339999999999803,-11.546506287248752,-5.927445711279874,-3.920188219411223,0.0,-15.383085100637434,-63.75170739214222,0.0,23.982291668013,-94.98884378555724,-55.34316563040641,-11.315052817172342,-2.2889521010855316,0.0,-30.0,267560
-94.29760615454501,8.42569102661723,13.430506544574056,0.7671633508522795,-2.6017060741824247,-2.6232062293598766,5.587009014766998,0.6558567747230342,0.6557334375715413,0.0,False,INSUFFICIENT_RUNWAY,1796,179.5999999999935,2,663349.8870720895,1329.0481913200795,4498.07179272094,131.68282666172564,wet,0.8179794556236967,0.5254177650637795,-7.9133689655223645,0.4208356203430046,0.8535968104188092,-7.373334816445318,1005.8805403909826,0.9956419675276882,nan,nan,nan,nan,86.93267020225949,0.6557334375715413,0.6407530321092381,121.10983697520412,130.79862393322045,933735438,0.48402553159490563,0.17528217583982347,0.41279878784932716,clean,89.24870652580077,11.454180353593172,47.259982954922556,12.951300401295873,0.0,0.0,0.026229337502861636,0.0,0.0,-17.960000000000008,-14.166901735525363,0.0,-0.021777548770543522,0.0,-47.12914680905462,-86.726191280681,0.0,7.895237840349858,-31.817462775671036,-14.956993310660085,-0.35477010764756595,0.0,0.0,-50.0,269356
-2.8794045224311304,9.020152122102452,22.217954494054062,1.5999839981924395,-0.9095285939950769,-0.9142962263446036,1.9364103268822803,0.7798096108734925,2.206549715411864,0.0,False,INSUFFICIENT_RUNWAY,959,95.90000000002857,1,759093.5148794247,1329.1616367369159,4361.599103427188,19.221587750635926,dry,0.9529863647505653,5.615296342118453,-1.623006174295878,0.0,0.0,1.0542575555118265,1012.6181690266814,0.999057488934023,nan,nan,nan,nan,103.95211228841994,1.1148627808656606,0.6629564839520086,131.04724979491957,141.53102977851313,1598545436,0.3099701275259861,0.2266528806343969,0.42642465140044844,clean,86.55856576074552,18.210762868971564,25.260796185046658,15.634382058471246,0.7402803852919035,0.0,0.044594511234626315,0.0,0.0,-9.58999999999984,-8.669695043258741,0.0,0.0,0.0,0.0,-55.04060859476182,0.0,21.605202391552226,-32.4412123983862,-14.92206306625064,-0.2704095810877155,0.0,0.0,-50.0,270315
-42.74042690573516,1.8648995051040083,1.8653705234314675,0.03435553826209434,-2.4483066184782754,-90.0,2.92123358109267,0.4845685545986277,0.0,0.0,False,FAILED_TO_ACCELERATE,301,30.099999999998296,2,679630.8157602322,1341.9551646087864,4449.775309803005,180.61460431799875,dry,0.9989599115032817,-1.474242641423492,5.580793364496426,0.2547714009530555,0.38335215723289096,-0.7759589592101719,1002.8048415841993,0.9943473377984718,nan,nan,nan,nan,6.090297345129653,-0.15467898261735513,-0.0017635350303315902,124.20894553288596,134.14566117551684,839878378,0.972368026380948,0.0,0.00016049838504699903,clean,0.0006762497741854644,0.0005984406616676814,0.0003666894597351638,0.0011609536833648336,0.0,0.0,0.0,0.0,0.0,-3.00999999999998,-0.11631476660058772,0.0,0.0,0.0,0.0,-9.617635757372618,0.0,0.000721284659098244,0.0,0.0,0.0,0.0,0.0,-30.0,270616
-47.36796711845248,2.299901661225325,2.4087154478842288,0.12667001015739054,-2.655730526455454,-90.0,1.093701734341438,0.7396270564096183,0.0,0.0,False,FAILED_TO_ACCELERATE,301,30.099999999998296,2,656047.435731471,1323.55024193443,4117.875740642849,1073.054905376985,dry,0.9237565207676636,14.18140207415276,-4.85265674284543,1.7608226222153855,0.7339294184847526,8.862487480701368,1016.9910576218288,0.9695384561446097,nan,nan,nan,nan,16.937983801909613,-0.1310934213731798,-0.10352579761882974,123.19616697741185,133.0518603356048,1511368430,0.9572348840343362,0.022064223635576564,0.0821161903691348,clean,0.6459781454758436,0.5315634711116966,0.4768742718290197,0.6859763836396541,0.0,0.0,0.0,0.0,0.0,-3.00999999999998,-0.17690598256037893,0.0,0.0,0.0,0.0,-16.97080369791063,0.0,0.47222731971849896,0.0,-0.022877029756183706,0.0,0.0,0.0,-30.0,270917
-39.937982648295865,0.8723214417350026,1.19456105966547,0.14203302243481816,-2.5988733247965676,-90.0,1.875486337359856,0.7090702652271142,0.0,0.0,False,FAILED_TO_ACCELERATE,301,30.099999999998296,2,710001.4777913829,1338.1200525778424,4075.5497289679133,66.46276403709489,dry,0.9833519770174717,12.13745447436882,-4.800297702648365,0.7342999348940689,0.3395463723303408,-6.868792049958294,1003.5934933164028,0.9976274150073301,nan,nan,nan,nan,20.741677276167344,-0.11390573147397731,-0.026300730915473913,125.55148512732727,135.59560393751346,101210932,0.9883802526291937,0.06904696619467782,0.1723353025557363,clean,1.6999370142477281,1.669698852443585,1.2154181523378689,1.2768748512264176,0.0,0.0,0.0,0.0,0.0,-3.00999999999998,-0.02544937266787786,0.0,0.0,0.0,0.0,-16.308455477926753,0.0,3.757196101439714,-0.004851590326461527,-0.2083506707741459,-5.082959407017391e-07,0.0,0.0,-30.0,271218
345.5551195766931,4.124908015869339,10.32222130856118,5.069959430763879,8.20269550453194,1.9600440514094515,4.438670518669705,0.7144713897446712,1253.2297949022536,1.0,True,SUCCESS,849,84.90000000001982,2,697756.9813421384,1321.6948562655916,4076.7924071327297,713.6847226755052,dry,0.993629126293649,0.8783643999425563,2.4545294187785567,0.9410264151009298,0.2722833733447201,3.8851646941417144,1017.0844804746963,0.9440886607791655,55.999999999996824,1300.4275427691312,80.00000000001592,79.90000000001982,158.3944963095251,1253.2297949022536,2938.2296716627625,125.97719762939649,136.05537343974822,1812026434,0.704664574435762,0.2218702517937104,0.45074652411263827,clean,72.53962734667381,13.828152055026953,16.36707867460926,11.405007338094935,20.874476999394112,27.689434933078584,39.99999999999998,4.999999999999998,126.41666666666116,-8.489999999999863,-1.6050690391484752,-0.04426430958878172,-0.06661527848165494,0.0,-0.06785914166554674,-42.82315069918921,0.0,17.305429280306083,-45.300075830483244,-12.766829994667475,-0.3180927197228363,-0.08848286956846249,105.6996861653643,0.0,272067
-75.69441424359634,10.599503806830347,20.761864122805342,1.226486789988046,-2.1573869501237617,-2.0248866770227463,4.278422199375699,0.561351030596137,0.8731486066718048,0.0,False,TIMEOUT,1801,180.09999999999306,2,782203.0600883656,1334.4100364463834,4199.470661521786,4.900630247628712,wet,0.8889566500740361,12.057846842934701,8.159073902773835,1.8148795117033178,0.6084776977155743,2.0072250414720756,1000.9126825520846,0.9995030837256291,nan,nan,nan,nan,36.13025720394893,-0.018344480537340502,-0.021703259379162176,134.02294011037156,144.7447753192013,1406364328,0.27669518934559933,0.1480654336834616,0.38327573905371165,clean,78.01376938205523,12.607454966939255,40.80622901902655,8.635344404120897,0.0,0.0,1.7187569049210635e-17,0.0,0.0,-18.010000000000016,-22.482379465863467,0.0,-0.025838848594825,0.0,-50.762951003253164,-69.17268269596022,0.0,13.995178237007199,-48.869389707033505,-10.212293452739322,-0.2168550793011743,0.0,0.0,-10.0,273868
344.21565120898487,4.793282716988978,10.312210205710898,4.839817550399151,5.758830847960084,-0.6977168517553853,4.777942233492522,0.7647529679644218,1268.8722889842697,1.0,True,SUCCESS,740,74.00000000001114,2,690684.8654575835,1320.6629059910156,4449.398808904911,873.475506543955,wet,0.8686230303821967,14.965263440869187,-2.3093243772080982,1.4764982965767064,0.18303568054146824,-5.011168219155428,1015.4284342545554,0.9373957874286929,45.799999999997404,1381.457441502159,69.10000000000724,69.00000000001114,172.3236803433505,1268.8722889842697,3059.793964515186,123.513894251186,133.39500579128088,2091615581,0.6646981655232168,0.2686125965754985,0.6469598948386621,clean,71.39729681165225,14.1838487334463,16.292233152938646,11.181195088490123,13.08966569442032,26.320183063742345,40.0,4.999999999999998,129.44444444444136,-7.399999999999887,-1.8891015346321198,-0.04540074910935181,-0.05250143486189255,0.0,-0.14807061495194945,-41.471770797642336,0.0,19.72588148200894,-35.265431053994625,-14.90062892923424,-0.7145839772562642,-0.23633299895499166,99.70472482848253,0.0,274608
-91.42365701819256,9.655207058286562,17.196090739441807,0.505248306289552,-2.755523314959575,-90.0,5.8521436873479855,0.6667300333871724,0.025521032652591202,0.0,False,TIMEOUT,1801,180.09999999999306,2,696574.2630629916,1325.7454912396827,3841.1353514172506,488.8368003374344,dry,0.9168113904431668,2.92909022847307,-6.914150090824979,1.6846284566825735,0.3833247621517143,3.318876475816605,1011.3724053933126,0.985582939952397,nan,nan,nan,nan,27.484918513799304,-0.072173227231076,-0.1655660878634535,126.10289085660447,136.19112212513284,1093393903,0.35438633521303503,0.24654738877158694,0.9433333450400713,clean,50.38942764632398,15.358527504883646,33.69872099503959,5.016075677714904,0.0,0.0,1.2197274440461925e-19,0.0,0.0,-18.010000000000016,-18.65496278138154,0.0,-0.11080332033701246,0.0,0.0,-88.11766869617637,0.0,20.363483532771404,-41.2405891768935,-35.21720306347728,-4.898665336660374,0.0,0.0,-10.0,276409
-138.22341516312315,13.135230786762442,67.88666830365808,16.83284874641657,7.811756630635614,7.872774766322661,8.51838207980866,0.7401556450446528,460.63727121655165,0.0,False,CRASH,881,88.10000000002236,2,706047.8517149689,1328.1028957918713,4148.507941750185,68.45740940355172,dry,0.9407681438491354,1.5691228742040746,8.408413446585643,0.15860581724320522,0.23287849640041647,9.9474365489836,1017.0482940784059,0.9975054974595492,49.89999999999717,1387.458996399159,nan,nan,130.53982932761434,7.457316191843546,-1544.5317818172887,128.03425772651588,138.27699834463715,1962451447,0.000669562377745756,0.5307570887704057,0.8394203309477769,clean,79.84967605406834,14.238664412594103,16.08658334242041,12.549607526454116,13.75974467864376,13.647853311005624,0.298292647673729,0.0,0.0,-8.809999999999857,-16.443439731050038,-5.36937440670825,-0.5803114616424189,0.0,-7.078536819303882,-47.286918770628986,0.0,16.631302040121025,-74.68348649076198,-41.08128636974499,-1.8779118441195102,-2.073873282143141,0.0,-100.0,277290
-94.53110411460491,10.410177149686827,16.74515136760285,1.3741489247444214,-1.2834905332891322,-1.3324923805311661,4.28077105587009,0.7315153035565597,1.849441954421735,0.0,False,INSUFFICIENT_RUNWAY,969,96.90000000002937,2,747132.039082897,1323.9506903599658,4006.585266617227,208.71772719756544,dry,0.9820820687721156,-1.1798274406750293,10.872272475877814,1.3397889887795738,0.6199919110661698,0.5817414518376154,1021.3773377758969,0.9935348393809602,nan,nan,nan,nan,82.13803904273769,0.7341038673033609,-1.567770558478312,129.3461849657155,139.69387976297276,294976779,0.312676212093656,0.3061516836264693,0.5903063236100885,clean,79.64168848846458,7.6457210128409585,22.85038133734002,13.642968704566453,0.0,0.0,0.029364154692134416,0.0,0.0,-9.689999999999838,-11.668029205659792,0.0,-0.020189089593398005,0.0,-28.675063195779654,-50.983113812455066,0.0,5.6953841535953815,-42.79198795886477,-29.681681605311496,-0.5265470984403635,0.0,0.0,-50.0,278259
-188.8443509285361,20.15910236433611,77.30520775030081,10.03728654640088,8.702987556751507,9.261675168973513,9.709078360554981,0.7699040670803085,311.82175131735016,0.0,False,CRASH,771,77.10000000001361,2,648636.1405119859,1329.74804905237,4089.137786336741,1391.4329132617377,wet,0.8141186190404285,11.414229436511189,11.628819914023746,0.7367531355440569,0.7566941606848655,8.678945291540945,1007.6390171399355,0.960563097825887,40.09999999999773,1243.9295152656987,nan,nan,129.2905032556837,5.176385259566132,-2153.1009190509153,123.02744230998407,132.8696376947828,1506607022,4.764259647434641e-05,0.48750500029936017,0.8556917590955905,clean,68.25168860429184,9.843371114553047,13.448461513520998,11.54279852893795,12.082863802753458,11.474406974082074,0.20705541038264,0.0,0.0,-7.70999999999988,-30.284394112133846,-2.2757494943704577,-1.643083009592302,0.0,-23.04174122391044,-43.513554817476326,0.0,10.97474595751761,-82.65385196123506,-32.883243750855684,-1.632820458769943,-1.031304006230715,0.0,-100.0,279030
-299.21347221337777,27.901539669235657,77.70941174233764,57.69461315361506,21.653173872219632,8.376256797959863,10.980229987345206,0.7588363147759564,688.7927235550665,0.0,False,CRASH,1260,126.00000000004228,1,753929.5066097885,1328.3132492352659,4484.7099326932475,220.25360826566447,dry,0.9659717463711391,6.717386252964861,-2.2173487821321705,0.0,0.0,4.906860628312811,1012.1496336893158,0.9921650228229723,42.799999999997574,1625.2784432922144,nan,nan,160.89473408557097,40.46100862288421,-5465.635467176607,131.4981802537426,142.018034674042,1269833621,3.717013907665357e-11,1.8915331326029217,3.1823832867425286,clean,155.7717378787741,13.809876491188152,25.74915049874233,13.790233558898102,22.113888923683014,32.1719953353239,1.6184403449153613,0.0,0.0,-12.599999999999776,-87.60782351731567,-39.89046828798394,-2.393754774207119,0.0,-35.921242785550476,-70.12603200189757,0.0,14.739919347903843,-118.7423935219753,-86.20571291804033,-15.96765386798326,-9.523632917850273,0.0,-100.0,280290
-258.7955070091231,27.76605152396079,80.39706323525706,22.199705694002645,17.8577736285777,7.700143959559583,15.315098274499547,0.7425706017183061,702.3676898327872,0.0,False,UNSTABLE_AFTER_LIFTOFF,1271,127.10000000004128,2,721243.1591174157,1332.582012468709,4378.699802040341,2260.464293854521,dry,0.9699000199191085,-0.13421051552164354,11.476846005258478,1.8303493467255256,0.8410291776810205,-3.412748154556266,1011.1015871050517,0.9342635388422907,42.2999999999976,1400.2727657415733,nan,nan,144.9807903095982,5.546510616510204,-664.4391490661552,126.84296614568332,136.990403437338,1225536244,3.4280435166626186e-07,1.057505911026274,1.365940832092051,clean,150.97829275433844,8.655324942917966,16.31691392095622,12.452554156189095,42.09284814526105,28.767342697257796,0.2218604246603639,0.0,0.0,-12.709999999999773,-92.67315771767568,-23.951457442156993,-9.87431672025873,0.0,-30.548366732715763,-68.43561695814601,0.0,9.211093104067237,-134.93965952540802,-66.58188075128825,-9.919586356584169,-7.8576949505353095,0.0,-70.0,281561
-24.141687168493064,8.619159169066748,12.028573921943156,0.44360362711351475,-2.3843997165466893,-2.5532196007647934,3.0658220116638635,0.649463278153373,0.17446676625013424,0.0,False,TIMEOUT,1801,180.09999999999306,2,631768.7326125206,1337.0683953127727,3995.133836936572,1087.3429359564605,dry,0.9340833990444328,2.1689326549727737,-2.9973664742920945,0.6364950064581236,0.706312048824004,8.886345767946938,1007.3826383366343,0.9691408745859134,nan,nan,nan,nan,36.52133795235089,0.013235147536988734,-0.024998976575538734,121.47514246199921,131.19315385895916,1970261970,0.4988795336668078,0.13503211636196824,0.3455239468790714,clean,63.970385640442636,7.706822136115569,42.818363259402965,6.6018502600783995,0.0,0.0,0.0005294059014795491,0.0,0.0,-18.010000000000016,-14.866235390206121,0.0,-3.965908772533768e-05,0.0,-0.5391701961270685,-84.5058046347392,0.0,3.922303546929009,-12.862246808459835,-8.21847762119903,-0.15996710754415536,0.0,0.0,-10.0,283362
-40.226322803639675,1.5773348734736656,2.07753364235901,0.06897615512733388,-2.8078320364423597,-90.0,5.576662192567819,0.5712780664001459,0.0,0.0,False,FAILED_TO_ACCELERATE,301,30.099999999998296,2,724280.7851446078,1327.8188876016416,4571.446085007244,2482.2316509546995,wet,0.8368887090091911,-1.7464671290446903,-6.927461747109643,1.6002760762249026,0.4457006360116569,-0.6029001448480766,1001.0079745709937,0.9288885711465388,nan,nan,nan,nan,4.981001774929311,-0.17632821493907613,-0.038171137433260505,128.3778199000781,138.64804549208435,158357619,0.9690221812418661,0.09686324735069186,0.2785306920858329,clean,1.047705682472608,0.9627508570015504,0.5906022707335576,0.5971692248728445,0.0,0.0,0.0,0.0,0.0,-3.00999999999998,-0.08320928624732576,0.0,-0.10975155587145959,0.0,0.0,-11.6573914313364,0.0,1.624797775892317,-0.019727030949174343,-0.16926931020818042,0.0,0.0,0.0,-30.0,283663
-286.7122492613129,52.87004771516852,224.7150218401238,60.0571520866756,15.150852659283503,14.096808462216066,48.80056468934422,0.7810097114755464,968.8312175180336,0.0,False,LOSS_OF_CONTROL,1635,163.50000000000816,2,729875.2669131309,1326.5361645371258,3875.361946452198,1614.7032070658813,wet,0.8597002924034683,14.978745143321408,-8.54917949522871,0.33341146093898333,0.026569459234659143,-7.165043973084064,1020.770539123544,0.9419739508325013,41.59999999999764,1240.1746263211205,nan,nan,155.95972959243247,351.32480589579814,-953.0059914668628,126.15445196904476,136.24680812656834,1393151830,1.275657232094418e-39,2.24080337335548,2.733693385071524,clean,227.93897689170825,18.07546301747562,31.26864639311675,12.588189415826387,44.79720738240023,44.957499883814776,14.052992235831917,0.0,0.0,-16.349999999999756,-94.54668866762711,-73.50545172094823,-24.262910885807774,-2.709569047854063,-36.73407165389011,-94.74124332464567,0.0,24.722525097531786,-145.0637543239853,-105.614068961165,-20.581039172675002,-11.004951820416444,0.0,-80.0,285298
456.29891210794085,1.569109546405898,3.916543304561146,2.5153734039857407,6.435097462210818,1.9883012842621268,2.901542383695871,0.6895169289339151,1262.337907507555,1.0,True,SUCCESS,658,65.80000000000462,1,713312.3532518542,1324.6569096549556,4425.186289309087,244.37763638072346,dry,0.9695776123351173,3.38539660228341,3.9995501286176793,0.0,0.0,3.8792379976347604,1013.4601460542503,0.9568606097097117,36.69999999999792,1308.0864257121639,60.900000000000716,60.800000000004616,165.5605343835239,1262.337907507555,3254.550428284761,127.59994582482621,137.8079414908123,909969229,0.9061304251421041,0.22048273993124443,0.5235061260918119,clean,73.99366079667897,20.58001137660777,16.59555801563246,11.73642641338571,15.986216337596462,26.922379948612154,40.0,4.999999999999998,131.72222222222095,-6.579999999999904,-0.1800072153059285,0.0,0.0,0.0,-0.04260795262381661,-31.993813157670086,0.0,38.28416532467434,-11.301546282497059,-9.966573114487288,-0.3637393276274258,-0.013005048571853235,135.9195637713156,0.0,285956
-16.57719695211864,7.485836693126771,10.828467679802202,0.6069258744030457,-2.9502700107640134,-3.101520098803949,2.0085178512442052,0.7636272150257127,0.26268848485176477,0.0,False,TIMEOUT,1801,180.09999999999306,2,755260.3281253122,1325.5964404315982,4201.124379654802,568.1964384500818,dry,0.9489434875408239,4.3632541853218765,-5.277726451479669,0.7769842990372866,0.6869806866840875,6.756940616938763,1024.1566157195334,0.9835039411133851,nan,nan,nan,nan,46.912465677101544,0.02662338479410664,1.3310645380427832,131.25275655305177,141.75297707729592,614627890,0.5794404500594725,0.1591738404523346,0.4012658204522111,clean,82.01155397556404,12.922940025985692,49.4001589334597,6.915167613823303,0.0,0.0,0.0010649353917642616,0.0,0.0,-18.010000000000016,-11.213776616010003,0.0,0.0,0.0,-16.10126974881731,-100.88724282569306,0.0,10.966938857717766,-10.17813249728653,-12.140204417507713,-0.26439518874623386,0.0,0.0,-10.0,287757
19.879612789881325,6.777291672886681,16.726722746491657,6.867752840410305,16.28048729589112,2.141748072333932,13.963792094856485,0.6848669267863146,1450.9885881018622,1.0,False,UNCLEAN_TAKEOFF,629,62.90000000000231,2,625215.1028696515,1325.3602584042812,4457.089167637124,2067.045235892685,dry,0.9211100861097954,3.885725839710849,-6.841686079307282,0.33876268254063024,0.5941430667470551,5.2232285502264695,1008.4177862008366,0.9023910089814741,31.299999999998228,1047.3877698122897,57.99999999999841,nan,155.73036531604814,1450.9885881018622,5476.3364999528,120.03434003707146,129.63708724003718,2005253464,0.2902177695392189,0.6995486665176374,1.4777314284420304,clean,73.0357684035538,10.255980940135439,13.265367181129822,9.692336844236253,11.98861149349743,27.032087979160035,40.00000000000002,4.999999999999998,0.0,-6.28999999999991,-3.210114249087722,-0.891911285677563,-2.010047613628868,0.0,-9.142800601824595,-30.9188731965035,0.0,10.858915855124415,-51.953778946019966,-38.658675234162,-6.21861143731169,-1.9546433427395045,0.0,-30.0,288386
-49.9516315004647,8.368593784256527,30.51172323885764,6.157954108674051,-1.4703476040307333,-1.4797018514293496,11.24015453480878,0.7417513321191945,4.021315004077451,0.0,False,RUNWAY_EXCURSION,684,68.40000000000668,2,711130.9539541927,1333.7822653388926,3958.779950790621,1373.2992693900703,wet,0.8654307264152584,4.379623292075287,-3.19102453336136,0.7169803409464055,0.15144925345530247,-1.971134508806669,1010.5738319140942,0.9596872667693936,nan,nan,nan,nan,153.6592405309326,4.021315004077451,70.70007439398566,126.30203072424176,136.4061931821811,1257027453,0.15812535504530337,0.47834877139972787,0.9778964833901469,clean,59.53552021330853,9.084434841673795,15.21846203249227,14.566122883312534,1.70020890697624,0.0,0.16085260016309802,0.0,0.0,-6.839999999999899,-5.322535506368173,-0.03682873744739004,-1.0147210499161368,0.0,-1.1883202220428404,-37.216427008228415,0.0,13.30847327166774,-25.27574128879897,-23.68890467822614,-2.6948578450332756,-0.24736991399754885,0.0,-60.0,289070
27.072866823350402,7.079266553720593,13.263040344588235,0.42182265122245644,-2.7769292107588455,-2.79764071955206,1.3109709840888983,0.775401732236856,0.3226997360858803,0.0,False,INSUFFICIENT_RUNWAY,1680,168.00000000000406,1,721514.4433412399,1329.4103815357375,4782.540816968404,113.79273733044087,dry,0.988065272289739,2.250104179327492,1.236312609341062,0.0,0.0,4.282899373119488,1010.0447065345932,0.9963615329349017,nan,nan,nan,nan,56.81811981100569,0.22691480297996236,0.0025078609391293583,128.63706377012315,138.928028871733,1925865980,0.5663320383827221,0.15699814027771328,0.38602957638966345,clean,95.23545708787859,27.977998730235836,47.34566408692767,7.651352217103826,0.0,0.0,0.00907659211919852,0.0,0.0,-16.799999999999827,-9.354989455210383,0.0,0.0,0.0,0.0,-95.53560775687636,0.0,35.381936246913526,-3.771524704800694,-10.844105404934657,-0.2223908160063897,0.0,0.0,-50.0,290750
52.41000827784195,5.089775489187427,10.571693745605806,7.555933445819136,18.514585247884327,7.164099931904429,9.14778400192157,0.6734490666680671,1190.2433174707403,1.0,False,UNCLEAN_TAKEOFF,655,65.50000000000438,2,673331.3888621463,1334.919348051281,4537.269103743052,685.3849081631397,wet,0.813189954390566,5.818376800133356,-8.29307506158091,1.784764452506231,0.9809457067413144,10.553875575467174,1006.8976257263874,0.9477633630155226,33.39999999999811,1072.0065021601856,60.60000000000048,nan,155.9990274059926,1190.2433174707403,2344.525231837296,125.7890936214839,135.85222111120262,259146963,0.47814895490685144,0.5394650992739739,1.054845346484491,clean,69.38808756593869,12.003521577560194,13.936259823459183,10.370238744013317,15.009647323569894,27.55774477104344,40.000000000000014,4.999999999999998,0.0,-6.549999999999905,-1.885367613040911,-0.3769285095084167,-0.3452161504458954,0.0,-2.6572664030180704,-31.274115971992227,0.0,15.618280438191158,-48.97219465822102,-30.66503603480714,-3.122130115977322,-0.6255165089225234,0.0,-30.0,291405
-86.8793804317734,8.421968751873392,12.6535441047644,0.7134577889157435,-2.9460735566168665,-2.940251201017566,2.6703029621888423,0.8441861574001572,0.7454102344154308,0.0,False,INSUFFICIENT_RUNWAY,1302,130.20000000003844,2,854843.1495977554,1328.6920898040155,4003.804579264584,1957.544698089195,dry,0.9264905339078497,12.182664009392028,2.752052470030657,1.163890133740593,0.7940326677794948,-4.195056514404413,1018.7290362003504,0.9428164903639905,nan,nan,nan,nan,66.25198648420384,0.3385528121036714,-0.33909992936543176,137.38501947702326,148.37582103518514,1527906319,0.47334053088763917,0.27604141528009296,0.6139166242945044,clean,79.22980064903264,8.742717067527016,34.75944256184699,9.43959546097859,0.0,0.0,0.013542112484146811,0.0,0.0,-13.019999999999767,-10.261142674456284,0.0,0.0,0.0,-1.0652055481615166,-82.89073407232588,0.0,5.677999854084641,-37.49761289520446,-28.93229133544779,-1.075491612131072,0.0,0.0,-50.0,292707
-50.96656650950388,4.824190279288681,5.642904223213847,0.09712055996395333,-2.6950075784536236,-90.0,3.41005595709336,0.8289361913932917,0.0,0.0,False,FAILED_TO_ACCELERATE,301,30.099999999998296,2,723358.9077179182,1334.5616321748248,3955.2414639381127,1327.0420258527076,wet,0.8073116739634505,11.132260766933095,9.170354211819093,0.679941970676079,0.4467392297346887,8.995294492557363,1005.8423953979172,0.9625450470445776,nan,nan,nan,nan,15.713615939545894,-0.14273713207785477,-0.039544109655189064,130.10595186603268,140.5144280153153,1709792113,0.8211736028651719,0.0,0.12729545112228857,clean,0.5464691568536285,0.21132681419055788,0.3492593719097788,0.3516255830568139,0.0,0.0,0.0,0.0,0.0,-3.00999999999998,-0.7783462630095327,0.0,-0.0012518269044351756,0.0,0.0,-18.640326049730763,0.0,0.004676704130122593,0.0,0.0,0.0,0.0,0.0,-30.0,293008
-113.59377785433506,10.700226024053848,19.050146543623324,0.5317904774414287,-2.4678012009003543,-2.423064005241379,3.754465870977869,0.8553835163791744,0.8009237633939392,0.0,False,INSUFFICIENT_RUNWAY,1537,153.70000000001707,2,771467.477143089,1323.784514662612,3832.0787798035035,715.4912652901338,dry,0.9768876762861534,14.51522187747597,-8.509033777776006,0.6028085116756419,0.6184318634024938,-5.69107635122425,1012.178451081978,0.9784552222508021,nan,nan,nan,nan,76.4395218724549,0.5037140443490671,-0.7930349894520816,130.58963398788163,141.03680470691216,1142805913,0.293366072604003,0.16520537003194655,0.4488130273854643,clean,76.01998225839358,4.21053203222944,37.0167418738003,10.503213974734424,0.0,0.0,0.02014856177396272,0.0,0.0,-15.369999999999717,-19.553173824055005,0.0,-0.004064759601891508,0.0,-33.75630173017322,-99.66202761513449,0.0,0.6107136064306894,-11.823721763957366,-11.407566159764114,-0.3982543090108066,0.0,0.0,-50.0,294545
399.428802197059,3.758387556842451,7.470043514429383,5.167694428175394,11.521505885426897,3.2969430163605757,3.6670558095644292,0.7322114073506155,1245.093267371728,1.0,True,SUCCESS,697,69.70000000000772,1,750792.4992055251,1322.9377834160546,4797.130758658969,359.4713578295976,dry,0.9939721967585009,7.020468962960062,2.681324176738084,0.0,0.0,0.3158064802210596,1011.1065203681039,0.9535928312263243,40.19999999999772,1528.7455987906117,64.80000000000382,64.70000000000772,163.48241225449124,1245.093267371728,3018.297580520847,130.25951739386204,140.680278785371,602431219,0.773821375904379,0.17191927013645666,0.4533461820925547,clean,78.5156222194574,14.447438358630132,17.4353226661379,12.656428587614696,17.569041470321057,28.058804243577026,40.000000000000014,4.999999999999998,130.63888888888675,-6.969999999999896,-1.0939397209019375,-0.07084268045008306,-0.0035631703119316884,0.0,-0.04289314295089115,-36.75856745186963,0.0,13.161416103078512,-22.435716682892703,-6.050263590013099,-0.33614673981026033,-0.3654335471004927,116.07320638565686,0.0,295242
-176.9500056884816,16.114259243672613,43.76933947901615,15.012277556984698,22.9121575699451,6.398554492845054,15.991255931313939,0.789488337779573,1347.503860003197,0.0,False,UNSTABLE_AFTER_LIFTOFF,1399,139.90000000002962,2,675833.0492812936,1318.499644996177,4397.661464000423,1515.6885547580682,dry,0.966626309982561,10.894392435707292,5.334925878750227,1.7403413496269697,0.029025782449427995,9.888462773282157,1001.996630575202,0.9570173316303616,36.299999999997944,1214.650893428025,77.80000000001417,nan,175.59216060371358,16.794813890398473,-747.5337639406628,126.1895892764086,136.28475641852128,752810724,0.005838614159872147,0.8049624106204692,1.614616221939508,clean,205.4266485335906,17.529767711211292,25.778085029085563,11.524116815803227,36.34897944771447,39.06700727447232,0.6717925556158868,0.0,0.0,-13.989999999999746,-40.36415800113673,-11.084505957183664,-3.7590873555552395,0.0,-21.383589613422295,-82.2203467771611,0.0,18.634053760012957,-152.96181559837515,-112.00841289026388,-15.426002225839639,-8.732538397046634,0.0,-70.0,296641
-153.36442642606445,4.520356223877082,15.243841678748177,1.5087026650268633,-1.9282864325843883,-1.8837583145003454,6.587598473858518,0.769172061193208,1.150481841020337,0.0,False,INSUFFICIENT_RUNWAY,1107,110.70000000004035,2,706936.0571115473,1332.6928883513779,4133.622118719371,613.3400214732029,wet,0.8151245297819997,1.2099885803294539,10.927436215354982,1.5546375659095868,0.31982488227214856,-5.307184105875722,1003.5440627770282,0.9814457995477931,nan,nan,nan,nan,95.04887150904528,0.9078515264387761,1.6063908687438477,125.63053437236536,135.6809771221546,1559527835,0.3898721638738706,0.7322237747761893,1.6269026861714622,clean,82.23144460597052,23.6642841346998,22.399764121249348,13.79434446809498,0.0,0.0,0.03631406105755108,0.0,0.0,-11.069999999999808,-2.5133353080615506,0.0,-0.30670435572776783,0.0,-30.4623721032284,-62.968442010373586,0.0,29.534668652598906,-75.19794776749441,-78.5505135386901,-13.95593138615813,0.0,0.0,-50.0,297748
31.68441683186663,10.435779194572584,21.37620433849718,8.371361971253204,20.720719244783734,3.9566834125785992,6.355745531275331,0.7210479929273679,1227.3151467285813,1.0,False,UNCLEAN_TAKEOFF,568,56.79999999999745,2,629049.9146684458,1312.7699894691202,4377.235731260822,1212.7076303264669,dry,0.9438376563118073,11.287609739889259,9.734773954240676,0.029939019517327248,0.561167787683323,10.217167922717667,1021.9055857074686,0.9325070540663375,32.19999999999818,1017.3934596057853,51.89999999999706,nan,150.4372114381107,1227.3151467285813,2866.8035914030756,120.61837426124582,130.26784420214548,1617162538,0.19303245081396603,0.45353737169532504,1.321826589493013,clean,54.61780548120712,7.366119860085058,11.786122059214218,9.75436795043195,16.648765509598235,23.67466868837437,40.00000000000001,4.999999999999998,0.0,-5.679999999999923,-6.873146315776939,-0.9771066739449449,-0.15248008939729524,0.0,-10.974268718604826,-29.770849648806397,0.0,11.31965517331602,-35.02165648028882,-22.211061783345638,-4.390575591919449,-2.4319425882758505,0.0,-30.0,298316
-45.20291777627094,1.5868038397772852,1.5875579551432162,0.020761914407859367,-3.295216601313128,-90.0,2.4189383943732863,0.5911117949557068,0.0,0.0,False,FAILED_TO_ACCELERATE,301,30.099999999998296,2,822612.521746374,1318.4925936782404,4544.047690489095,32.32196360357153,dry,0.9430682000694706,-0.8482244418550433,-3.33585219963208,0.7378211259128464,0.17802530798216465,-1.924197417376309,1018.8109019869771,0.9987138579379435,nan,nan,nan,nan,4.58089547418946,-0.22470894818198417,-0.03311726021441438,135.30256952035873,146.12677508198743,1658097530,0.979917205784937,0.0,0.00018061883445656167,clean,0.0007846295782840677,0.0007246184136129866,0.00047572816508678075,0.0006128911612018645,0.0,0.0,0.0,0.0,0.0,-3.00999999999998,-0.08421131935616809,0.0,0.0,0.0,0.0,-12.112371612188607,0.0,0.0010672879556538086,0.0,0.0,0.0,0.0,0.0,-30.0,298617
-37.028486487832716,7.7279200684065685,14.250835201186884,0.3387090156141223,-3.208224742450643,-3.4972275144943836,2.1766580555585993,0.8038083771500525,0.1266802620548333,0.0,False,TIMEOUT,1801,180.09999999999306,2,849583.6599228398,1327.8295070874826,4199.438824521626,1892.427664279022,dry,0.9422683171473807,6.792152645940465,6.671302962256761,0.23613363756430905,0.11613670530565401,-5.4083579769621615,1009.9771726077776,0.9444562536913268,nan,nan,nan,nan,33.67967389183661,-0.06920272909314917,-0.01157672027757961,137.259676696344,148.24045083205152,273500235,0.5171614530483204,0.1368739781884024,0.333236684366494,clean,57.20085158247231,15.34880234455842,40.43781999063767,7.080156575559581,0.0,0.0,1.393369198233324e-19,0.0,0.0,-18.010000000000016,-11.950785355467708,0.0,0.0,0.0,-10.965172844012189,-107.66097672400707,0.0,13.550905648923761,-3.759481243112868,-8.164077826743998,-0.1365286366406233,0.0,0.0,-10.0,300418
430.79501702050584,2.149318973387031,4.227576642524696,6.855087229992678,12.189857445943007,2.7480516596694278,7.983639915503963,0.7338561455823671,1176.2332176704458,1.0,True,SUCCESS,814,81.40000000001703,2,726757.6084115441,1337.3375576162066,4443.070695796331,1788.3882172262977,dry,0.9431583536832742,4.629363128773045,-3.0554740511216325,0.8299662895824258,0.8174233075850093,11.57878471864175,1008.6488005504141,0.9188994795893293,46.299999999997375,1509.6881635891377,76.50000000001313,76.40000000001703,162.8156765947161,1176.2332176704458,2133.650325867202,130.79460147709923,141.2581695952672,2101448338,0.8045011473197373,0.21934845720264434,0.8315077403400533,clean,86.0713042078202,22.83429642076929,18.318071395778404,14.638106068945307,13.876753179454072,33.012057895999064,40.0,4.999999999999998,127.38888888888415,-8.139999999999871,-0.4178146275755826,-0.3793029510209368,-0.41272314867521054,0.0,-2.3480705441107617,-43.08688494298448,0.0,32.11292224269846,-15.035759509189624,-9.954741586531242,-2.2587580879196993,-1.0984999797959691,120.6751720979606,0.0,301232
-31.32138757830581,14.80136004727489,45.2158634869573,9.801683869038687,8.315388321390621,3.499617074293531,15.781991190726105,0.810873275225238,844.3151913644067,0.0,False,TIMEOUT,1801,180.09999999999306,2,707764.8070516788,1320.828912294618,4377.871671061756,1757.9546296485832,wet,0.8768275620221018,9.884386811724882,-10.78371974387385,1.7515663362854752,0.9027675722371843,3.7631791230720566,1003.9421479664173,0.9470388417846534,56.399999999997135,1333.677520185563,nan,nan,158.28084978364706,101.84817828093196,-323.0488361379573,127.67850147071724,137.89278158837462,409348093,0.014632432948958315,0.4373824985694579,1.352633680091757,clean,235.2468876440162,19.626117484309894,30.775272062269707,11.30588071997728,48.08965350447654,34.981799104790035,4.073927131237287,0.0,0.0,-18.010000000000016,-43.84039410084073,-4.200919627674823,-4.5513365420145995,0.0,-26.082057670207398,-109.1018868498403,0.0,19.544259500144648,-122.73860224046378,-78.90417178607679,-14.761241681646608,-2.7745742307601273,0.0,-10.0,303033
-114.13116462544741,15.190644616021887,20.67927833877737,0.9889542315593752,-1.8693362347189997,-1.8959092535144455,4.192729108879212,0.7990595713557942,1.5629955467741183,0.0,False,INSUFFICIENT_RUNWAY,1026,102.6000000000339,2,821474.8416867711,1323.5606106314337,3958.529871765915,868.1694801513007,dry,0.9761300172210104,12.730916200773477,-7.9535823804219365,1.4161804438619074,0.27322182458645194,-4.032885950089484,1013.2018167232476,0.9741349127303549,nan,nan,nan,nan,83.76326998041391,0.6231474332687412,-0.2629396844647047,135.0823596157885,145.8889483850516,695215397,0.11073287291086827,0.3472349994166226,0.6180180510092438,clean,78.15122238654975,2.8281183096089864,25.61934476817265,11.1709678775938,0.0,0.0,0.02492589733074969,0.0,0.0,-10.259999999999826,-26.30614795893129,0.0,-0.013619382127253558,0.0,-12.878244860393394,-60.60719565179003,0.0,2.19410709777097,-44.95540921171926,-28.130716831510885,-0.9685170660018901,0.0,0.0,-50.0,304059
358.4578119540896,3.948910900905364,9.196118550180744,6.044455199664083,12.565651177809894,2.0209197369555025,5.0120070672853885,0.7019109859025867,1255.043810869503,1.0,True,SUCCESS,642,64.20000000000334,1,726375.9455927856,1330.022574491267,4382.017154037835,287.9765607075388,dry,0.954383315472645,4.165614360561271,-0.3674645313399365,0.0,0.0,-0.5873957989550087,1014.9174072123761,0.9551851927114344,36.39999999999794,1340.8443370898112,59.29999999999944,59.20000000000334,158.47346969766443,1255.043810869503,3130.8038903719794,127.68279104176035,137.89741432510118,1040453555,0.6749963144858485,0.31536231686693966,0.6134079379218011,clean,70.95150131832065,14.357207018695638,14.982191771454412,11.28821210106233,21.16626344265159,26.249690361043335,39.99999999999999,4.999999999999998,132.16666666666575,-6.419999999999908,-1.1123646743012985,-0.27979061166083885,-0.05019116016681439,0.0,-0.5684915695831936,-32.08793312651562,0.0,19.819769643067477,-35.86136267815447,-21.57523194101552,-0.5753964283112523,-0.24237535203976115,101.24944717287728,0.0,304701
-194.4791172448074,22.639110071140404,113.41051114165418,16.86115651406161,12.248879806415092,8.549114014740576,22.29614389309248,0.8231909449043732,694.1354314191803,0.0,False,CRASH,1400,140.00000000002953,2,723274.615979395,1336.9905723804807,3847.472038839599,1424.8309556264437,wet,0.8361761423446019,8.776933853053565,-6.622281990984693,1.4612929838158066,0.046407130263099505,11.779438155221172,1006.710037304492,0.9594362126993539,47.99999999999728,1478.6383757240958,nan,nan,153.75291469417908,28.33039844459927,-4225.191571487349,130.65010001074623,141.10210801160594,384379268,6.594509903551071e-09,0.525358597067717,1.4109672531034505,clean,164.79013421740763,12.426591046041489,26.651448869242852,14.194942800496161,38.0337857905355,23.580771043132398,1.1332159377839706,0.0,0.0,-13.999999999999746,-50.448770124247254,-15.192182987689735,-5.504119496642858,0.0,-30.42712565063791,-86.53215578753684,0.0,7.797301032928695,-94.67668530194429,-68.43754039185873,-11.482556985366902,-6.386171256449776,0.0,-100.0,306101
366.45739399863606,4.76157232870143,11.455007833100185,4.297094979887559,8.463449323879,1.2331484327630022,4.1710604238199425,0.6977881810988908,1240.046648769734,1.0,True,SUCCESS,675,67.50000000000597,1,751928.7052165585,1326.2583793636602,4475.067291487592,440.7337525773618,dry,0.9763414032868071,5.773912164221255,0.12843043341600469,0.0,0.0,-2.681915994979277,1014.2274692737859,0.9509492422088365,39.19999999999778,1396.0708621279175,62.60000000000207,62.50000000000597,162.73849693941037,1240.046648769734,2896.0021428760674,129.4792619368343,139.83760289178105,1494980297,0.6635159384182008,0.2465654816715003,0.5399457598139208,clean,74.25806771537412,13.240153920427284,16.280476254012477,12.418298585871687,22.77335633116217,26.642046434501342,39.99999999999997,4.999999999999998,131.24999999999835,-6.7499999999999005,-1.7004428281091357,-0.025387194198184807,-0.01445014307037198,0.0,-0.3862258031183652,-33.58182087284328,0.0,13.893465152850972,-32.666192310980136,-13.22787393254727,-0.46341096918093366,-0.010057104244687374,99.52739076273012,0.0,306776
-0.45803012914834085,14.402304420284404,32.29622237057449,14.875619852538035,19.086903490734723,5.235250992206226,12.365711581607508,0.7799741752244332,1280.1538634950214,0.5089285714285714,False,UNCLEAN_TAKEOFF,740,74.00000000001114,2,648930.6951247386,1321.8718257784521,3834.489225418358,223.34265522583718,dry,0.9503349448850665,0.2847578269908402,7.501678698800937,1.6776576567249788,0.6231522321554294,5.941255279950022,1020.0157310827816,0.9572315865586796,37.29999999999789,1153.8835286057038,62.90000000000231,nan,148.73272487042908,1280.1538634950214,1423.4668228282007,121.74119670632398,131.4804924428299,2135488785,0.029759848107110645,0.6016511530021704,1.2811141903506917,clean,75.46164108047044,8.063216042825333,14.19618094612006,11.321671601882345,20.11305387139222,34.583911322513735,39.999999999999964,5.699999999999996,0.0,-7.399999999999887,-17.055057303862487,-5.013045570807877,-2.1383565169089214,0.0,-12.022898077330584,-42.71605334391264,0.0,6.132136863237157,-50.182382906644875,-39.88280069383027,-5.076782060600331,-4.542465383691187,0.0,-30.0,307516
-39.44252221066347,2.646432356942376,4.179734119097486,0.07422394572045307,-2.630737492144349,-90.0,2.967395175065361,0.7973678153614666,0.0,0.0,False,FAILED_TO_ACCELERATE,301,30.099999999998296,2,735203.8530946358,1340.603497571991,4226.5353719498535,636.7534085464541,dry,0.9501579630759087,8.410539483841475,4.545625221430948,1.2708854195110544,0.4981042195921752,-1.656894886300086,1016.3179005532475,0.9810343844784919,nan,nan,nan,nan,20.628211736314714,-0.11589835503559698,-0.05377326227790302,128.12886356311188,138.37917264816085,1449119065,0.9247411333296066,0.10089705138070493,0.20261096443293697,clean,2.8930155658452965,2.493087232363704,1.7627582238088877,1.838217588475755,0.0,0.0,0.0,0.0,0.0,-3.00999999999998,-0.23423165224237144,0.0,0.0,0.0,0.0,-18.083213667543436,0.0,4.052754122404777,-0.7093430081083223,-0.44552784588477123,-3.876978298451307e-05,0.0,0.0,-30.0,307817
382.05355369418,3.564142907667769,8.29426268183324,5.0856497621575345,7.026863640753028,1.6098884695415692,2.0741641131469866,0.679994478440822,1247.6186046429689,1.0,True,SUCCESS,665,66.50000000000517,1,741186.2285988294,1331.8513921619242,4602.4692563350145,339.3638717277542,dry,0.9584300737688268,4.22220565786632,-0.17949165229826258,0.0,0.0,-0.4899898978605286,1012.2385523937052,0.9539595382534226,37.499999999997875,1342.458095043083,61.60000000000127,61.50000000000517,161.80952683713375,1247.6186046429689,3075.6627610442774,129.17032926375066,139.50395560485072,1335149572,0.7334487363583807,0.2840479813714685,0.4466145699026014,clean,74.2665493139604,15.718913102601059,16.548683848179717,12.02905687139353,18.77140592171125,27.22268166749775,39.999999999999964,4.999999999999998,131.52777777777635,-6.649999999999903,-0.9386190281194648,-0.07622336090955903,0.0,0.0,0.0,-31.75728108866739,0.0,20.89590154968883,-33.64742934491103,-16.668310167070242,-0.12031022419276881,-0.08655359851534099,110.0173104537571,0.0,308482
-33.207978444213445,6.955500288382953,13.592719914743215,1.6165274219257348,-1.4296984846957828,-1.4274818691946178,2.966749623201282,0.8083194994335164,2.1608531559820676,0.0,False,INSUFFICIENT_RUNWAY,793,79.30000000001536,2,852410.0904167893,1336.604072960994,3871.775752196669,1209.1550530248087,wet,0.8147120193301597,6.0919199071771,-8.337690667491408,0.5326636290653328,0.09845660973618175,-6.331595107565414,1024.293331154844,0.9639348305942416,nan,nan,nan,nan,132.76052066037133,1.83422230434212,1.4167475356224735,136.3005416976565,147.20458503346904,2026532568,0.5462939916082699,0.23834592839945562,0.5593071137319806,clean,76.40779826306223,9.160929927719268,19.79473249148508,15.28637371369605,0.32376668851309615,0.0,0.07336889217368489,0.0,0.0,-7.929999999999875,-4.262726057724929,0.0,0.0,0.0,-7.520650399412152,-47.72375479615642,0.0,8.271490834797945,-30.585067271685492,-14.066553466607427,-0.43767898384567466,-8.280228696314953e-06,0.0,-50.0,309275
398.7669404876591,3.503672068760375,7.571503986630514,3.3512911553360563,11.474398069831057,2.0649773311363706,3.9621676143923295,0.7088719070903837,1212.3273363837902,1.0,True,SUCCESS,630,63.00000000000239,1,688810.179516212,1324.7240328947803,4218.507268978736,466.92747929412224,dry,0.9517384853362252,7.7725601983678825,2.84749094552169,0.0,0.0,4.418452490759961,1013.23994113594,0.9521451040307063,34.79999999999803,1216.894584415335,58.09999999999849,58.00000000000239,161.32606498008974,1212.3273363837902,2803.5722895116614,125.51862187911209,135.56011162944105,1193421926,0.793478266394771,0.23303603255631325,0.5187248117171989,clean,69.01831490212868,14.920780915786265,15.536440766045223,11.114614284528015,19.062390582419308,26.80433286787779,40.000000000000014,4.999999999999998,132.49999999999935,-6.29999999999991,-0.859300257578813,-0.0012654777793178256,-0.0050023047317891535,0.0,-0.11484660628135776,-31.930169474781554,0.0,24.837528182263405,-28.747626923564788,-10.751425115853108,-0.31714752456602685,-0.022418287467781167,119.02173995921565,0.0,309905
-145.3534895807311,12.010677576731606,26.638341443187173,0.6592517849823044,-2.935409155328603,-2.9549203508339414,3.4183181869145387,0.7551626808142932,0.2270736669731832,0.0,False,TIMEOUT,1801,180.09999999999306,2,790166.0206168974,1332.613370592977,4328.451264832463,1332.1360849519451,dry,0.9815700552267054,4.370766759287799,9.415579933813419,1.073807519313083,0.14644885851249667,-5.276051960345291,1003.4574701828561,0.9605457260616852,nan,nan,nan,nan,52.071248905725,0.11121845991533519,0.3773049053563682,132.8332971997255,143.45996097570355,51567955,0.15978009783349928,0.20650438489648934,0.5962359503843487,clean,76.45731608472403,11.821539726165367,46.226079657066464,9.059167096427606,0.0,0.0,0.004448738396613403,0.0,0.0,-18.010000000000016,-28.86730365664638,0.0,-0.0009399192989462077,0.0,-73.91459123939394,-99.61895740586328,0.0,12.787098220097112,-46.9951091354991,-23.007397641183402,-1.2948401057233931,0.0,0.0,-10.0,311706
17.303649347438807,8.331957203569027,27.385333363116132,12.60170341864215,21.88026905548527,16.000424136476955,10.113674238674172,0.7936778516389443,1149.0665589776872,0.03836930455635491,False,UNSTABLE_AFTER_LIFTOFF,1529,152.9000000000178,2,749293.8865308026,1338.0826689386822,3820.018953055439,1409.7847671981194,dry,0.9806659579232883,6.711532131886727,-1.4753604716419813,0.48570025392025284,0.843920742070338,6.656992465383263,1004.2749251685321,0.9385091976391019,45.8999999999974,1547.2717014403672,69.60000000000764,nan,99.63711181080419,780.6973359864264,333.93205548692606,131.99864171199079,142.55853304895007,415380885,0.1350408340460907,0.5383232694003504,0.9951921795289201,clean,188.62811647409848,30.713929313966897,33.494894348079676,14.772858380332146,42.47347666696271,42.12837204607974,31.227893439457052,3.2000000000000015,0.0,-15.289999999999718,-11.793943341953302,-5.653049139910553,-1.4355527082403585,-6.11078046405388,-10.681909949051224,-90.29414207422019,0.0,48.07815559009792,-117.17995361751964,-78.94811322624857,-5.380728750531568,-4.64587363990435,0.0,-70.0,313235
-341.28920852350143,12.655806628754988,23.63703523959869,0.8102084072063536,-3.060186519349805,-2.9986805204629983,7.779351205940181,0.8027877527630902,0.2698034400658571,0.0,False,TIMEOUT,1801,180.09999999999306,2,785151.8474445085,1324.827618371116,4228.446791329795,559.1247321408216,dry,0.9399648832153135,3.304267158398659,-11.540637824681554,1.9056438786464707,0.9519501530874742,11.660457826260853,1017.5251203651746,0.9840321598051114,nan,nan,nan,nan,40.69430241300119,-0.013990222566576449,0.5117370910832264,135.37187198138403,146.20162173989476,1694896203,0.15931413713067785,0.3196250581989885,0.8187972711325181,clean,80.84551118932427,4.5398913225225925,42.82086899790932,8.196190532427266,0.0,0.0,-3.06287113727155e-18,0.0,0.0,-18.010000000000016,-32.05168488949046,0.0,-0.958936261253634,0.0,-161.7514100099304,-108.56715022885119,0.0,1.0650460112651547,-90.13574307464135,-54.06598788975106,-3.215804223030284,0.0,0.0,-10.0,315036
421.4393279527999,3.186040318920397,6.470274452418838,5.332185991287231,9.97234584248843,0.716610103901723,2.981155605867505,0.6767041503422224,1260.9784776645574,1.0,True,SUCCESS,641,64.10000000000326,1,742044.0030248379,1329.3917475158582,4534.124721337716,144.02730401131393,dry,0.9979300551229043,5.056965947221183,-2.3864639375015697,0.0,0.0,1.6758523294037841,1015.2852665398765,0.9594063291108418,36.69999999999792,1339.6048004290667,59.19999999999936,59.10000000000326,156.08789103558334,1260.9784776645574,2925.0397160568327,129.5358967261,139.898768464188,1678406708,0.796242893811706,0.19940508207281193,0.33302412480300186,clean,70.83619007310631,15.552276272613126,15.972943580783632,11.514216757508255,28.16279615227254,25.35841091810432,40.00000000000001,4.999999999999998,132.19444444444355,-6.409999999999908,-0.7229663019707855,-0.07483464964335773,0.0,0.0,-0.013196906713167426,-30.286433583239678,0.0,24.437967813855437,-21.999746685524446,-7.324716641502206,-0.04845461440981609,-0.1460027486396429,119.4364340717559,0.0,315677
391.0495724765325,3.867463784968629,6.76097582843431,3.554526565493878,10.69689754060931,0.7897588585545962,4.387923735369115,0.743859604759561,1312.0065283660026,1.0,True,SUCCESS,609,60.900000000000716,2,639099.0866565518,1317.1604476556113,4032.6448136746794,33.40193492445048,wet,0.8693055409133646,8.669973482942433,7.777312164148824,1.7926890998547753,0.5953120024668275,-5.034141777749152,1011.6914023348993,0.9601578208366947,37.89999999999785,1061.4094365485719,55.999999999996824,55.900000000000716,152.67545843767516,1312.0065283660026,3442.994025524009,119.02630565584123,128.54841010830853,1197753812,0.8018355810932748,0.1860250281138171,0.8862121633880276,clean,54.411182880507035,13.619307141633621,13.331984195611847,10.761066830185268,25.853816062054182,21.95562082002323,40.00000000000001,4.999999999999998,133.08333333333314,-6.089999999999915,-1.0121090179976364,-0.0032197482728604835,-0.013632884651335136,0.0,-5.645551621270703,-32.94264424495598,0.0,23.05616693623469,-16.747586307574732,-5.823680818701884,-1.739540090414955,-0.28027815320157473,120.27533716399122,0.0,316286
66.37752043509067,12.105092218924906,48.21685754223038,10.476146413396695,18.56409823820341,3.218031235301244,9.425652786843944,0.845569707847338,1409.1330531065144,0.08375209380234507,False,UNCLEAN_TAKEOFF,1607,160.7000000000107,2,685716.0050473532,1333.6346786550066,4208.258182928615,867.8123999971815,wet,0.8360955832091426,11.552825295530713,-6.212790889683623,0.11055090350712438,0.15722151410516583,7.149022768481238,1015.9337234682934,0.936236917267288,51.29999999999709,1374.7989790262525,101.10000000003271,nan,144.5087525720432,1409.1330531065144,5042.427016024969,125.65253270360121,135.70473531988932,873929859,0.013590890599726964,0.6505425580576434,0.9198187955442924,clean,213.47016274007558,24.131395755191157,34.41025409302983,14.859517154036931,50.499898730606226,49.3731698440162,39.99999999999996,4.999999999999998,0.0,-16.069999999999713,-26.164327223253657,-5.168278615972772,-1.5603784327818644,0.0,-18.552708986355732,-102.56848057620837,0.0,33.69131548961235,-119.96242517488616,-73.13342310512732,-4.57828143152181,-1.2998898253671305,0.0,-30.0,317893
-32.96627784426158,6.6870063022537085,13.683444340669293,1.1004329262669934,-2.2579325136238837,-2.199655396708493,4.790630857028402,0.8150218331953991,0.9555444222903589,0.0,False,INSUFFICIENT_RUNWAY,1304,130.40000000003826,2,827814.1152761389,1332.6015799080053,4265.523160212959,1188.7675990631408,dry,0.9609873151328217,3.3440389163200397,6.948542271810522,1.089654359442331,0.2507277159923734,4.0003343236710425,1007.1977068251756,0.9657859726445936,nan,nan,nan,nan,98.40427558020224,0.8073748435151629,1.720826683338501,137.91548485221603,148.94872364039333,1539210365,0.5143356196564052,0.3785274356730968,0.7184884355642459,clean,84.24961729729347,21.036530101257718,29.955972409813434,15.299774939695457,0.0,0.0,0.03229499374060648,0.0,0.0,-13.039999999999766,-6.478859276160067,0.0,-0.06974227165912547,0.0,-10.241251199167861,-79.57100164432198,0.0,31.909150275959224,-25.133360358899697,-28.65289646426274,-2.262506647549736,0.0,0.0,-50.0,319197
365.77493430444304,4.441556982225091,7.695103985685426,5.182928244753114,15.87014581038376,1.800983270053478,3.6930023565984342,0.7045806865441743,1224.7450389429405,1.0,True,SUCCESS,584,58.39999999999873,2,628087.9935166433,1315.6415091400524,4030.246568970271,938.288169973562,dry,0.985556401920096,6.448674520300081,4.642872317735053,0.005698984943457885,0.4113853207967385,6.070880804912429,1003.1191518982133,0.9391167233327848,31.999999999998188,1029.2765430745044,53.499999999996966,53.39999999999873,158.4345158152478,1224.7450389429405,2494.7980988660024,120.80127484266367,130.46537683007676,644623455,0.7179950874697413,0.2476804999187963,0.7012220459354318,clean,59.59857278363897,10.177733840927365,14.37446457524069,9.921272709927536,20.756323953076812,25.234637061615352,39.99999999999999,4.999999999999998,133.7777777777781,-5.83999999999992,-1.2800909112210936,-0.081603726665681,-0.0015146771721741906,0.0,-1.2030327310557385,-29.375213545978912,0.0,6.1293230941161765,-16.96644488662261,-11.097209866703846,-0.8659620490471718,-0.18336221787185508,107.6992631204612,0.0,319781
-142.5792019261237,5.937837483854448,12.700297450591728,1.636877745594492,-2.285110485548506,-2.2820423379272214,5.661768529912187,0.8605987691099706,1.782248774599907,0.0,False,INSUFFICIENT_RUNWAY,1101,110.10000000003987,2,742996.4228782158,1321.7929802265808,4318.2264050770145,738.4374056394324,dry,0.9273261879597521,11.423738176613247,4.9565477646163485,0.5169548471533358,0.7276379870775436,10.59917429355595,1013.9245550171102,0.9789403672971536,nan,nan,nan,nan,136.76466978558236,1.782248774599907,5.157451337755354,131.68754004721373,142.22254325099084,158304833,0.352294392875699,0.7826388418822149,1.5545005912744065,clean,85.63715650366314,15.914626629641829,26.163449152611644,17.212533046383456,0.0,0.0,0.07128995098399632,0.0,0.0,-11.00999999999981,-4.313218144124261,0.0,-0.10673717589530282,0.0,-4.061018715087562,-72.0262701390951,0.0,12.595227884005245,-66.19641410102422,-80.56980458489406,-11.890022233290543,0.0,0.0,-50.0,320882
-102.0861940235919,12.769816246573367,16.407407084151995,1.089514715123895,-1.8754931714139675,-1.7899190379084358,6.22211331970618,0.8483268929620216,1.3162200322630042,0.0,False,INSUFFICIENT_RUNWAY,1084,108.40000000003852,2,850717.4468204346,1335.5456329647186,3956.0041394698105,639.1393246567026,dry,0.9055769750480499,13.237529910604483,-10.746181951511911,1.731538666976712,0.9031403328247469,-4.229129698638596,1014.035518452714,0.9808033362505134,nan,nan,nan,nan,77.34318594695888,0.5532093454506821,-0.7347952358654908,137.36166049740166,148.3505933371938,1310220351,0.2279172449443607,0.210410347793898,0.6030129058060949,clean,78.4514285148598,0.8134970208847622,28.2073107448834,11.612301073398962,0.0,0.0,0.02212837381802736,0.0,0.0,-10.839999999999813,-19.640659595203775,0.0,-0.14287099592608588,0.0,-41.80331815321115,-69.3787000388385,0.0,0.32836415708328687,-15.550655935601482,-13.189388941641765,-0.9756302480971906,0.0,0.0,-50.0,321966
-92.45358322940993,11.14089815671921,15.845733051774033,0.7465263020707767,-1.878013336540542,-1.81338324505266,6.296815645282909,0.8333721243217855,1.2467945160112777,0.0,False,INSUFFICIENT_RUNWAY,1419,141.9000000000278,2,731084.4893641822,1317.366934491375,4454.761232159708,1515.636313093908,wet,0.825470921072116,14.348932722459178,-7.975939959477077,1.9481863769351389,0.9264126350676954,0.9739637044445963,1012.3971019198631,0.9561870461183605,nan,nan,nan,nan,63.86722284088778,0.2919561497158156,0.3352419530272499,128.60302084620272,138.89126251389897,846509633,0.3074127133778535,0.1929851005652058,0.5448687644211283,clean,88.20466494431341,3.0450992846790332,37.396470884217436,11.589599799074232,0.0,0.0,0.01167824598863251,0.0,0.0,-14.189999999999742,-19.569525450752725,0.0,-0.14857635989589946,0.0,-26.254247582385073,-88.78321062500005,0.0,1.4627819539976694,-19.38623336805767,-14.913706052476519,-0.9183789031122314,0.0,0.0,-50.0,323385
430.7041522164342,2.4849949723293614,5.591672936043324,3.0128447848751825,11.873967365629783,1.3610901786141703,3.2854959249513276,0.7233444329173789,1223.2756498965111,1.0,True,SUCCESS,560,55.999999999996824,2,617002.6880334413,1317.387869877965,4195.825922896914,894.5416235941467,wet,0.8648264061186289,8.865164814230553,0.047352474540439005,1.92830879592448,0.5869208722434531,11.03945862078729,1001.838902021487,0.9413179106640284,31.999999999998188,1009.7149356116743,51.0999999999971,50.999999999996824,156.29184522798448,1223.2756498965111,2265.6580489338326,120.81434769789978,130.47949551373176,145712547,0.8866538910465602,0.14136216291425197,0.45164870565035226,clean,55.47872640921994,14.759323994597475,13.380796239220254,9.819563195448238,23.687072858685262,22.75205329626746,40.000000000000014,4.999999999999998,134.4444444444453,-5.599999999999925,-0.3842346674445815,-2.865203670958298e-07,-0.00021960705157591547,0.0,-0.2012907146117115,-29.474697816523562,0.0,20.90192439282843,-3.961734609637703,-2.793789484150777,-0.08717423952332506,-0.014694845798654417,132.99808365698402,0.0,323945
-116.41558635481458,17.79238086165912,52.59937572342068,34.55064918185363,15.079586130156779,1.823932272383086,23.99281997162079,0.7568219058191035,1826.4218279386346,0.3056379821958457,False,UNCLEAN_TAKEOFF,1111,111.10000000004067,2,643204.6549211388,1337.6857760717648,4183.319249807492,192.5341048683657,dry,0.9718569756324441,12.146739541835464,-10.701300044278728,1.6197461768974126,0.9056227549792131,10.998801770155875,1018.5586094054073,0.9573090642523907,33.099999999998126,988.2289388137087,77.50000000001393,nan,149.34860973590136,1334.325147255899,2956.5423436391975,122.32803467036992,132.11427744399953,326434484,3.353538490299573e-05,1.430399121152876,2.2359505268132542,clean,149.25148288719066,9.45898922107644,19.719216879065012,9.687952274227767,10.763009132269321,40.26857890401687,39.99999999999999,10.29999999999998,0.0,-11.109999999999808,-39.0786617092174,-33.064134680224825,-9.68604671006139,0.0,-24.66274857575194,-62.67627859969107,0.0,8.899894793037513,-101.33391844688714,-77.03873506751675,-15.5200586424797,-10.594128013865555,0.0,-30.0,325056
-285.3860612530119,25.98115583541234,186.86864547156694,44.239635884783425,12.105357385710098,8.208403123446029,34.59645012762837,0.8098156596748001,782.7032545045602,0.0,False,CRASH,1733,173.29999999999924,2,613072.1883549521,1341.2623455137189,3888.5454994744914,1233.5569241769067,dry,0.9929077363050621,7.628773114947167,-9.861257936173525,1.8731212573470293,0.10329636166986533,8.233282778041357,1007.5576453024133,0.9641255177278408,50.199999999997154,930.6874321139478,nan,nan,153.22106055641726,31.826532742013114,-3474.811551684007,119.52217713441912,129.08395130517266,1946661503,1.4315677086513985e-22,1.3848169046988714,1.6754819777122882,clean,192.42499757224988,18.371953386031958,28.962870688093382,9.606130806500754,44.59205540916891,38.14961099541265,1.2730613096804935,0.0,0.0,-17.32999999999991,-62.77497865229541,-35.91357296584081,-7.788488074768377,0.0,-23.819397673970336,-104.66971994986346,0.0,26.622020197826263,-160.66133948710677,-106.52476501061209,-17.129099454812696,-8.777400348701661,0.0,-100.0,326789
-47.411330185908824,2.8731264465372193,2.884354885468685,0.007308207521639296,-2.9957946168657386,-90.0,1.5470235752754897,0.6554092623268647,0.0,0.0,False,FAILED_TO_ACCELERATE,301,30.099999999998296,2,710566.8825259657,1313.633078986426,3901.9717799262758,143.73402005521174,wet,0.8540960596900785,12.31778664195813,-1.7905844939003677,1.0755806455885515,0.20768512775319692,6.641080805274342,1019.6092782694727,0.9955366431854672,nan,nan,nan,nan,12.25949466779419,-0.18447459145696143,0.04361115347847079,127.56852929320576,137.77401163666224,293224748,0.9355979720435703,0.0,0.005599683761572801,clean,0.01851122737243001,0.013337324142443228,0.012691091749333243,0.06985243311109589,0.0,0.0,0.0,0.0,0.0,-3.00999999999998,-0.2760790587683632,0.0,0.0,0.0,0.0,-14.245577738249022,0.0,0.005934534733252585,0.0,0.0,0.0,0.0,0.0,-30.0,327090
-102.86311934522692,17.74150811815641,49.32950566462987,19.02882095566477,12.916568509321582,10.02431359332204,12.628874936873808,0.799349043935444,1041.8356610648837,0.0,False,TIMEOUT,1801,180.09999999999306,2,664754.498802837,1337.3426521180552,4546.521869180501,1409.6289597404948,dry,0.9672882075733598,8.02930597870798,2.0568675987056184,1.3524853177020975,0.8353584398536342,9.11046197260378,1019.1073849129522,0.9537849468674022,33.5999999999981,1090.0962587232445,67.70000000000613,nan,153.3185432052984,236.2201143538225,-683.7532568254139,123.93387521920184,133.848585236738,884754811,0.0011889041241194343,0.969465970423461,1.500142796337325,clean,243.08268803228736,26.956862185114222,32.345007529010786,10.879121326523302,61.48996544315054,55.463760075123574,9.44880457415287,0.0,0.0,-18.010000000000016,-62.98719551802273,-20.681023069254042,-7.5801556959545335,-1.460441425713864e-05,-28.08830134298071,-107.5918592313526,0.0,35.74895890007865,-171.70103465792727,-123.98976526110438,-18.201839207199804,-9.447098822453885,0.0,-10.0,328891
62.92559221668081,7.710477045744723,17.529759332480197,6.185290222247335,14.471918676368173,4.177901309258698,4.737975673580561,0.6924334065535399,1199.6443895482917,0.9433962264150944,False,UNCLEAN_TAKEOFF,726,72.60000000001003,2,722187.427243133,1325.2255789994963,4017.8686896363965,2112.6718607056914,dry,0.913360555310877,-1.3902442231230743,8.423008117145121,0.8497445390765526,0.5469445038027945,9.254727235537615,1000.5671479760872,0.90909631126063,41.399999999997654,1513.8175196396517,67.40000000000589,nan,149.96512071146603,1199.6443895482917,2564.55515089641,130.39969117421677,140.8316664681541,1935114894,0.37646344741408905,0.3563655138232514,0.7725879353494659,clean,79.39095914692209,11.045853167592885,15.247963008332615,13.698826577043393,26.738337981844495,29.547067567146666,39.99999999999999,4.999999999999998,0.0,-7.25999999999989,-4.795750806018476,-0.3107933738504595,-0.07586178148664416,0.0,-6.088920069920349,-35.68672673106012,0.0,10.069687542117125,-58.338008948217926,-23.0372215844442,-1.2683030340351973,-0.9515164452846379,0.0,-30.0,329617
443.4271076233233,1.8079236649317114,4.448698823679338,2.7971235202908984,9.461484751533115,0.8719906688308662,2.669872675286861,0.7230699751568939,1320.0504589507018,1.0,True,SUCCESS,580,57.99999999999841,2,635062.4204414375,1318.5258200020446,4225.6590779451035,678.0560359854554,dry,0.9521456781997921,8.49830514616154,-1.151757834655585,1.4268960915186248,0.6959790371001834,6.651406550427126,1008.897537496449,0.943737486187715,33.19999999999812,1026.9765046408534,53.09999999999699,52.99999999999841,155.9730132493938,1320.0504589507018,3854.655119448525,121.241203568196,130.9404998536517,1805205897,0.9176668092695376,0.1472165651126671,0.38414439429065084,clean,57.72141937646529,16.70312138843556,13.703288054239572,9.401293356932118,24.69169369532918,23.47450659957208,40.0,4.999999999999998,133.88888888888934,-5.799999999999921,-0.21064233637418475,0.0,0.0,0.0,-0.013901373104335896,-30.35938356492335,0.0,30.332760557105683,-9.451284801958957,-3.2228019545483186,-0.0625277315227671,-0.019343921644059285,137.65002139043065,0.0,330197
-28.468616199448114,6.381522770652922,13.812466328490677,4.263114006554636,-1.5037192342364132,-1.4103776179333016,5.512364887840844,0.7979466833932012,2.9077501024582944,0.0,False,INSUFFICIENT_RUNWAY,898,89.80000000002372,2,806405.1431359197,1316.4008008272535,4571.600190423219,1143.4188911013093,wet,0.8643339111841603,7.375446875367063,4.824559745155292,0.7706662542537122,0.4968236697173187,1.680062258468535,1013.090368742148,0.9667841271545703,nan,nan,nan,nan,128.34426648645652,1.648664640377092,0.4047792671881467,135.18392550217536,145.9986395423494,1764784886,0.5174001612022552,0.3445525746842054,0.5763080140186644,clean,90.87043244457398,13.708854840393512,21.83617097476193,15.961924613842056,1.7111453038680347,0.0,0.06594658561508374,0.0,0.0,-8.979999999999853,-4.063333546597874,-0.05451675727787244,-0.07584728130154211,0.0,-1.5963369956596727,-52.986831485262,0.0,9.804534733472778,-40.16333398294155,-23.816301023024206,-0.6764318610378983,-0.014692762872875518,0.0,-50.0,331095
471.8066354106372,1.7515243141011478,4.984822274946786,1.5584678536574166,9.558182360942652,1.4454081132604706,1.0999029923987602,0.6533793005374017,1289.3659728127504,1.0,True,SUCCESS,631,63.10000000000247,1,733185.402993826,1331.1707458073763,4482.548930933726,327.95724065244195,dry,0.968949425424057,3.6512647144864845,-3.473940703088124,0.0,0.0,-0.1425003205230544,1011.3368652545595,0.953161846425102,35.49999999999799,1291.4831592430487,58.19999999999857,58.10000000000247,156.26911979967352,1289.3659728127504,3483.1447226040696,128.60613051145762,138.89462095237425,1938097305,0.930799373329738,0.12932767217989236,0.28878295566512396,clean,70.11861152918812,19.234663260423396,16.080978739096857,11.237231539417012,26.35656455773688,25.69785060836377,39.99999999999998,4.999999999999998,132.47222222222155,-6.30999999999991,-0.21508949042689007,0.0,0.0,0.0,0.0,-28.530700640976043,0.0,31.63834222613729,-8.058670788693187,-2.522506581745117,-0.012709773437980833,-5.7996128974546055e-05,139.61990599946068,0.0,331726
438.28134852494014,2.2940494029986325,4.5690444831982955,3.781677480414674,8.918934332277194,1.1364286352006294,1.2751329792984452,0.6616574162342503,1290.2010900050686,1.0,True,SUCCESS,610,61.000000000000796,1,704744.7253673619,1324.3016465735298,4555.5257661903015,391.1545913130335,dry,0.9878622221107222,5.704927214468895,-2.49749561881619,0.0,0.0,4.432482450108695,1010.625713559379,0.9520941689212729,34.89999999999802,1271.542539811807,56.099999999996896,56.000000000000796,156.2072540153445,1290.2010900050686,3470.359003456767,127.1293107791624,137.2996556414954,550077981,0.8849863373019355,0.16336569592431413,0.24125533829723425,clean,67.77584965862216,17.019071401465425,15.520713962999846,10.858267026025818,25.58881256165965,24.635676155028857,40.0,4.999999999999998,133.05555555555534,-6.099999999999914,-0.35669158051922323,-0.007415229884403503,0.0,0.0,0.0,-28.10663402133868,0.0,21.67027119416037,-16.52944323768136,-4.473583742418242,-0.0052346531634732425,-0.011817120862101193,132.74795059529032,0.0,332336
454.09050148119303,1.690791110833776,3.5354332697409254,2.9877492002716215,8.125393936419822,1.202333108710968,1.2854038476417273,0.6466091615951798,1293.5817571773014,1.0,True,SUCCESS,614,61.400000000001114,1,697851.2242501779,1327.7502695298647,4277.369923793538,448.741074733082,dry,0.96717387791186,6.931278130970399,2.7893022535263796,0.0,0.0,4.329421147107155,1011.7480882219967,0.9503744793045009,34.19999999999806,1208.6054960979423,56.499999999997215,56.400000000001114,159.50124358429142,1293.5817571773014,3495.311898898907,126.41356253464278,136.52664753741422,382256943,0.9188680697397615,0.1689834688377378,0.2816974219874965,clean,68.43964945947286,18.77670706744489,15.638462470812362,10.863881564271583,21.113371609449253,25.419813427799493,40.00000000000002,4.999999999999998,132.94444444444412,-6.1399999999999135,-0.19503195471237253,0.0,0.0,0.0,0.0,-27.313206854540564,0.0,29.559193406366084,-13.047639503117308,-4.7704210722658,-0.0063632362585512815,-0.02256980893704385,137.83021046096422,0.0,332950
-45.333462123989236,0.20242526462132884,0.6677995017383429,0.07206819987223095,-2.9500995306652253,-90.0,2.710396755621981,0.7325069773962858,0.0,0.0,False,FAILED_TO_ACCELERATE,301,30.099999999998296,2,757004.8737540059,1325.6731808106429,4235.3171836798465,1304.695083813766,dry,0.9245750349298039,2.5523809065634335,-9.355790192229739,0.7169233952680325,0.8969130742332252,-0.4919985696261655,1000.5050501685488,0.9619730276753633,nan,nan,nan,nan,12.383829040307363,-0.17770588193116055,0.019829560593935813,131.30422836190903,141.80856663086175,1245476478,0.9946976761934381,0.06725610842266355,0.17041322029591086,clean,0.6332420835108272,0.6340588676113047,0.4388896809460079,0.5751243047168539,0.0,0.0,0.0,0.0,0.0,-3.00999999999998,-0.0013704191460957242,0.0,0.0,0.0,0.0,-16.007079113305302,0.0,1.5639665240952716,-0.00018440293230794353,-0.16010964948577958,0.0,0.0,0.0,-30.0,333251
-6.770119535636006,6.5970621504224125,12.11881836662009,4.222443013555361,-1.1772715468813812,-1.1956169288645353,2.2311287228526986,0.8636060937343578,3.094121087358417,0.0,False,FAILED_ROTATION,893,89.30000000002332,2,692071.0117286525,1327.176169849268,4094.4101372722207,2070.9194931745083,dry,0.9239293518004048,13.295809021357389,-7.032784393451863,1.8737660584954008,0.8255267307923658,0.32895543982996145,1011.697312433494,0.9404293587541812,nan,nan,nan,nan,140.1424510626633,2.657763231215995,5.119043840165034,125.02817351285374,135.03042739388204,2111460460,0.5828980973728338,0.1724975426360831,0.527126676922005,clean,81.19973705181418,10.33271309197707,22.726784883721034,16.168837626993593,2.285302399698506,0.0,0.1063105292486398,0.0,0.0,-8.929999999999854,-4.318273056862959,-0.014772653820356342,0.0,0.0,-4.919420270040508,-58.605708570763646,0.0,5.716942999378106,-10.81599379617481,-7.326728087708922,-0.3655600870759869,-0.010291596019714725,0.0,-50.0,334144
404.8752921971474,4.952512483241321,10.44914093775112,2.68923408351442,13.86976833453542,2.3551163500538337,3.171385268537399,0.6947244160046085,1548.5118638870604,0.2824858757062147,True,SUCCESS,824,82.40000000001783,2,820615.0676308179,1317.31585742387,4526.252791163568,134.9983185781478,wet,0.8796302240938387,3.1549869874042287,2.7223158523131388,0.00595010771362281,0.20602073230589324,6.316678443412794,1019.311927515933,0.9523638473251219,43.299999999997546,1717.0313419357522,64.80000000000382,77.40000000001783,160.7571600937817,1548.5118638870604,1824.49675247623,137.0361208625895,147.9990105315967,230805589,0.7023544406835933,0.20878688074388566,0.42882561823320087,clean,95.38977803854144,15.403915598500866,20.74682363618683,13.885511768118269,27.111435407990434,37.441748517109545,39.99999999999999,4.999999999999998,127.11111111110615,-8.239999999999869,-2.245617892760975,0.0,-0.00012096960093393273,0.0,-0.031081592164557248,-40.991962082985076,0.0,14.205412377182371,-34.559916258046655,-10.4416105537044,-0.12328589939398157,-0.14001511147053433,105.35316610253899,0.0,334968
-68.70188224673149,5.328292873926148,11.695032985786717,3.610620561980494,-0.856911888129394,-0.7966613124485312,7.207015211210803,0.8310953165428382,3.0917502022047074,0.0,False,INSUFFICIENT_RUNWAY,832,83.20000000001846,2,783780.3947948363,1312.1569900719562,3963.0078641857635,740.4078708140729,wet,0.8465218596776414,10.911522591918496,5.894805354140492,1.7131741550376611,0.8151158663172686,-4.237224392360057,1000.3248701366099,0.9777942025297468,nan,nan,nan,nan,123.12719164570534,1.8366541321558998,0.394361483922232,132.74553426017366,143.36517700098756,1797160854,0.5547026579065234,0.45563477688383935,0.9732145929623681,clean,78.3940279798779,13.966378221606691,18.94194870730268,15.017038965949356,3.1014166854524956,0.0,0.0734661652862361,0.0,0.0,-8.319999999999867,-2.6245629465195988,-0.009071121822694412,-0.2834607551532116,0.0,-1.4229667532668275,-51.93194867761415,0.0,13.760881143658743,-61.162700043849846,-32.85372110076781,-3.27509172436097,-0.07351699251005374,0.0,-50.0,335800
-89.12143436572575,13.530960636578527,17.444423614747855,0.3074289191266469,-2.9203973382478674,-2.9584778884332144,4.176811172132058,0.7964861284532576,0.32295475707064725,0.0,False,TIMEOUT,1801,180.09999999999306,2,801653.998872068,1334.2471424093103,4111.342635567297,58.50868414648824,wet,0.8053399101591002,3.7140055632775235,6.307405329417433,0.706674139416926,0.8092264651223445,-5.129994170033522,1024.169633531929,0.9978923544305245,nan,nan,nan,nan,73.96029524172717,0.32295475707064725,3.8490882531594828,132.46980260488638,143.0673868132773,498885093,0.19447712143213947,0.16627623769911884,0.4754079850547743,clean,69.68436346068447,6.277244030239144,45.18953910676161,11.444224774027973,0.0,0.0,0.012918190282825894,0.0,0.0,-18.010000000000016,-36.63772213814399,0.0,-0.014305875461991333,0.0,-17.283503408133168,-106.50526378139959,0.0,3.8803911911827953,-23.264704216327853,-13.10545858420846,-0.7891571152298629,0.0,0.0,-10.0,337601
431.55187513395936,2.6732153530878264,6.510203159203474,2.89345383402175,8.381116614127903,0.8846978682760906,2.185841491412068,0.662147125554463,1273.8266995907843,1.0,True,SUCCESS,588,58.799999999999045,1,693223.3051614438,1326.7058489721542,4581.370507639855,249.13672841488867,dry,0.972835009093997,2.9294032560640746,-2.5348647128289423,0.0,0.0,-1.6295672102163117,1014.6918488993762,0.9555846278441218,32.399999999998165,1107.9806082766452,53.89999999999694,53.799999999999045,161.25460499769966,1273.8266995907843,3327.299198737472,124.52257071488063,134.4843763720711,254368654,0.8589113686535459,0.18558517556906876,0.39478671443423774,clean,65.13058823957954,15.830102438926062,14.575047800168136,10.046949047718336,21.100914021377363,24.333657229895163,39.99999999999999,4.999999999999998,133.66666666666694,-5.879999999999919,-0.4668772478336526,0.0,0.0,0.0,-0.005438283934934763,-27.213017424918657,0.0,26.19909862806429,-13.661985107639754,-5.806146068574084,-0.12483139376382628,-0.009558709803329792,128.8367052980319,0.0,338189
73.98065249118565,6.079416513001243,17.006479773104598,5.588991558504897,12.383378505102483,5.058289039604894,5.399408513334294,0.7362800239575036,1265.4612132154734,1.0,False,UNCLEAN_TAKEOFF,633,63.300000000002626,2,678082.7880923168,1321.9769790813612,4104.8080308833705,1269.5606009237963,wet,0.8766823061684993,9.47821246219162,5.650358168923852,1.0478200874500092,0.5607424183527099,-7.313453630487434,1008.5095656250046,0.9257186079089683,33.4999999999981,1101.9021009895775,58.39999999999873,nan,160.18589784621366,1265.4612132154734,2499.1166107486765,122.30070160011279,132.08475772812182,1558552760,0.48144823814970356,0.273581245217154,0.7328429192071776,clean,66.0432282223246,11.952599865297277,14.459104873553082,10.087927387834197,22.82865289976487,29.096809781900806,40.000000000000014,4.999999999999998,0.0,-6.3299999999999095,-2.599471128078173,-0.14996127043817162,-0.08352339646576183,0.0,-1.1803562681654447,-34.16898783135413,0.0,12.358092629105663,-48.07828986887807,-13.945761443091904,-0.9260580224405545,-0.38335393968193726,0.0,-30.0,338822
-134.80568198258905,8.058513352530596,14.579701874671766,0.9397631960945504,-1.1791624184233351,-1.2255159286524555,4.402670430013236,0.7797232969000695,1.4368508694547018,0.0,False,INSUFFICIENT_RUNWAY,1031,103.1000000000343,2,689621.0466837204,1340.8567364827998,4418.960102265164,743.2983680814153,dry,0.9287887535403316,13.512428491813905,-10.263376302695157,1.9414430951544364,0.2380711776816904,10.921610409263458,1010.4370676973206,0.9788277900395718,nan,nan,nan,nan,93.10717334660207,0.9816371526745797,-1.1136458505403724,127.15662741586861,137.32915760913812,1384402027,0.4062578310175235,0.4597861857853832,1.036924516233229,clean,87.28149984611991,9.683651795659006,25.480633008013868,12.408386361928777,0.0,0.0,0.039265486106983195,0.0,0.0,-10.309999999999825,-7.4391962459949115,0.0,-0.029056465971670303,0.0,-27.184773116921296,-60.119189315556525,0.0,8.198930169564317,-68.67547255006079,-50.225129689584854,-3.9152312658914883,0.0,0.0,-50.0,339853
417.73366119094356,3.6696567579775072,9.201845264157177,2.4591190212322918,10.928607190202776,1.0428774628671007,2.6639155461169857,0.6918870035543768,1328.9678851069887,1.0,True,SUCCESS,573,57.29999999999785,1,685785.7787043337,1322.0177632564805,4467.479496849591,419.4266330805915,dry,0.980896619900252,6.64813857729978,2.214819673850274,0.0,0.0,-1.1779077559452302,1015.667140915025,0.9492708692434689,32.49999999999816,1153.7626091564734,52.39999999999703,52.29999999999785,153.1189923591255,1328.9678851069887,3841.151006589475,123.89082800417984,133.80209424451422,1116333025,0.7866075896991946,0.19315511376481795,0.3011404596413117,clean,62.224277244377745,14.317788535008173,14.132281990564344,9.849050755955396,25.410193020600012,23.302748688531043,39.99999999999999,4.999999999999998,134.08333333333394,-5.729999999999922,-0.8573595725938894,0.0,0.0,0.0,0.0,-28.36132915554073,0.0,27.525437679165,-14.795080041340878,-6.338507170236999,-0.015668104371433376,-0.0046444673869946804,117.99113845487919,0.0,340426
412.3373747605743,2.2853942171149897,5.968050150218852,1.6240390408328234,7.623885903743119,0.890314846553754,4.273594778723295,0.7227935151734363,1295.5011442449118,1.0,True,SUCCESS,602,60.20000000000016,2,632151.6262242148,1334.4615903914637,3890.2665987533765,386.9915437298463,dry,0.9393586783070809,6.631211503451542,1.4619426214790976,0.1176696640766659,0.45601198110988495,-0.30634143253699353,1003.874065042577,0.9512755914867559,34.39999999999805,879.8196524773739,55.299999999996864,55.20000000000016,157.43838812122468,1295.5011442449118,3173.605763228237,119.82574359547199,129.41180308310976,697978994,0.8817282840502839,0.20840207828565713,0.37374061642363954,clean,57.06034231874508,14.975041401304725,13.311477851219353,8.64333549604991,19.599599965715157,23.94899933581635,40.0,4.999999999999998,133.27777777777774,-6.019999999999916,-0.3493624544476478,0.0,-0.00810336654082998,0.0,-0.09225410735732802,-31.241781598103977,0.0,26.814106597180626,-17.484050784436445,-7.188167305096254,-0.16626723157956352,-0.0025617432149582335,132.25924260754257,0.0,341028
459.29659544726536,2.327405174996952,5.718462711290165,4.495287644762176,10.820158632786962,1.5675574740367835,2.199915412841835,0.6859482229202764,1274.2425702131761,1.0,True,SUCCESS,667,66.70000000000533,1,767212.4945479066,1323.2756366762073,4626.537963877628,456.4271883773276,dry,0.9969887486157832,7.951001100718509,-3.8532870306884996,0.0,0.0,4.1539241608860475,1011.9130375627436,0.9506898403619288,39.39999999999777,1485.8082066237278,61.80000000000143,61.70000000000533,153.066204742353,1274.2425702131761,3144.7285626354214,132.49648220377543,143.09620078007748,416670786,0.8600069695849213,0.16231065441938825,0.32194119093510287,clean,74.42651813345783,19.008973474190487,16.89316554653453,12.670058971124124,29.491387713086766,25.266583232826914,39.99999999999999,4.999999999999998,131.47222222222075,-6.669999999999902,-0.4014461671131034,-0.024358849436246936,0.0,0.0,-0.0033302195129187267,-32.47886484701894,0.0,31.5237751418689,-10.540292805871436,-5.150072228755837,-0.0685763809563684,-0.12019292711809118,129.00104543773818,0.0,341695
-47.60422019658235,2.7737412323637187,3.242715523617181,0.01761782455289194,-2.833430742547983,-90.0,1.9575264888076365,0.7443152842001525,0.0,0.0,False,FAILED_TO_ACCELERATE,301,30.099999999998296,2,716506.0789688997,1324.84754622368,4544.050317237488,1380.8357622852193,wet,0.8740661598196039,-0.44045687277382806,-2.7473045597808374,0.9196385167187895,0.5492726831980466,10.320607600579894,1008.3895021429338,0.9612294956802412,nan,nan,nan,nan,9.32411437600542,-0.17365627951903662,0.24644860307984295,129.6126391778626,139.98165031209163,876472099,0.9351057162138633,0.04453421361034697,0.08619284445810939,clean,0.41438228340911537,0.2951474310330561,0.2834102719003722,1.276958182573755,0.0,0.0,0.0,0.0,0.0,-3.00999999999998,-0.25730952973983284,0.0,0.0,0.0,0.0,-16.556981809326903,0.0,0.119803374028068,-0.0003493355390500986,-0.16928106492092115,0.0,0.0,0.0,-30.0,341996
-44.60843979308159,2.90696450152392,3.3626842373594963,0.17076202082376035,-2.945788750493121,-90.0,5.0054024799298045,0.6864295622967138,0.0,0.0,False,FAILED_TO_ACCELERATE,301,30.099999999998296,2,725035.8233608702,1319.6543326171377,4197.54470558681,793.5131092414749,dry,0.9968581723384392,-0.44887608646335697,-11.554151551064823,1.915568863006725,0.7950031314034144,-2.112664599701308,1015.9558501816834,0.9764678616330408,nan,nan,nan,nan,14.214977244267303,-0.17288412949028498,0.0053382232530541085,127.16115498900731,137.3340473881279,1829768450,0.9298879755602542,0.037021314652852376,0.27158504948280093,clean,1.0464774147736697,0.7742377719491383,0.6182289589480949,0.6227276366435394,0.0,0.0,0.0,0.0,0.0,-3.00999999999998,-0.2826203585054648,0.0,-0.054867702444833764,0.0,0.0,-14.74456566614489,0.0,0.5358455057864759,-0.09959272421675695,-0.014310629870540131,0.0,0.0,0.0,-30.0,342297
451.064970219492,2.45310262118768,5.5982234532877815,3.634367971122107,10.083672334202232,1.7578496220878963,1.8313103570943368,0.6553188742579398,1274.1933046509355,1.0,True,SUCCESS,666,66.60000000000525,2,736926.344204457,1331.1585310952087,4581.208504901232,1344.8161814546474,dry,0.910489047447076,-0.34586920901797513,2.5201602428617353,0.9209814817638529,0.7912671872399787,-5.47405858728011,1021.9492955478573,0.9238518613846278,38.899999999997796,1299.8951060866368,61.70000000000135,61.60000000000525,157.49742820470772,1274.1933046509355,3309.013954720036,127.06986766345318,137.23545707652946,92081475,0.8757732056759476,0.15170541544865263,0.3420750437902204,clean,70.39341501630183,17.944607612454906,16.45294834559042,11.838606584109744,27.129464710522907,25.924305654964108,39.999999999999986,4.999999999999998,131.49999999999855,-6.659999999999902,-0.4453107227857622,-0.0025008094416174836,0.0,0.0,-0.014934941271545913,-30.6730509457084,0.0,25.485244627055277,-9.870121806550875,-4.187810490824398,-0.07864015846482567,-0.03723330785037159,131.36598085139215,0.0,342963
339.7522064555503,4.519477553800694,10.704359565776194,4.153720406875664,10.347338300894974,4.055160044357159,5.330888413952219,0.7471805533535061,1271.9932757116458,1.0,True,SUCCESS,626,62.60000000000207,2,675938.1414399333,1323.3838345722017,4086.4060579919624,772.7621903456408,wet,0.8870491127270879,10.913813387322127,5.777073050324543,0.4153728495636497,0.5012240519422876,11.06444667944444,1020.2652826489896,0.9432995338819059,33.19999999999812,1064.8878305297956,57.69999999999817,57.60000000000207,161.4482523173677,1271.9932757116458,3254.84113109687,125.31094022326826,135.33581544112974,1002409975,0.6778061872666106,0.2767681948366011,0.5336724567053067,clean,65.65509105585292,12.81820435295119,12.887883315791756,10.52838150299449,20.092619942843235,28.354622123482667,40.000000000000014,4.999999999999998,132.61111111111055,-6.259999999999911,-1.4207193363252233,-0.010826977430913548,-0.19150156680287342,0.0,-1.297989962385457,-34.394382235661894,0.0,13.492257337028043,-43.39660841052966,-15.96917525544147,-0.3330333424726609,-0.08465528944566657,101.67092808999159,0.0,343589
-220.44256222414532,11.74591734285789,30.116318740220756,1.2291941539999234,-2.030774866808228,-1.941636371866684,6.618404328399187,0.7794245548017463,1.4186809847660697,0.0,False,RUNWAY_EXCURSION,1329,132.900000000036,2,821506.900977907,1323.0827612484404,4140.912186598965,1587.0728749133452,wet,0.8629490129716988,1.1244063621692812,11.740931364857888,1.0573867809278297,0.9361624633445403,5.705451930355341,1008.9188491871196,0.9548979387868549,nan,nan,nan,nan,111.21219855790584,1.3539167402620933,-0.8839781577745676,137.6718516520248,148.6855997841868,1191646889,0.13341892421922572,0.21121830699633085,0.5887762022784155,clean,77.58247413178346,5.068142823048087,28.495926860756782,15.885212618021637,0.0,0.0,0.05415666961048372,0.0,0.0,-13.289999999999761,-20.37306412726189,0.0,-0.6457256095841386,0.0,-99.81350070127027,-76.58794763219416,0.0,4.027312366744007,-64.62249457641474,-15.173744758139287,-1.0493102892450332,0.0,0.0,-60.0,344918
-38.95527206542683,8.388892988606276,16.20713415121954,1.174298618887454,-1.8201730313065225,-1.8216629258401926,3.304123249536235,0.8085724778341515,1.7900852290292733,0.0,False,INSUFFICIENT_RUNWAY,904,90.40000000002419,2,778215.5673862561,1329.0269293758458,4146.37130376375,1394.2613462775246,wet,0.8137946412434917,2.0026243820621685,-4.401699163008216,0.35514527484484026,0.8854015559045506,-7.624014714065277,1010.481893935983,0.9583687749284007,nan,nan,nan,nan,131.85130422702488,1.7900852290292733,2.3592448179538295,130.8196625149613,141.2852355161582,1797322987,0.4260747601595848,0.2629279120905347,0.5124909206106409,clean,82.31921184268582,10.630528234736808,23.16667891462069,15.834683169101508,0.0,0.0,0.07160340916117093,0.0,0.0,-9.039999999999852,-7.068629679906209,0.0,-0.00040643916181537195,0.0,-0.9885169377042107,-54.65336466373795,0.0,11.075847095215696,-40.5021134921951,-19.385462154384275,-0.41533136385887515,0.0,0.0,-50.0,345822
-14.756682334244218,7.314649977261517,14.58009178178695,1.0827472090177848,-1.6171073416952717,-1.634309074832579,2.388544026560835,0.8820051729142128,1.587888871373707,0.0,False,INSUFFICIENT_RUNWAY,1110,111.00000000004059,2,749639.9470972114,1327.5354968344882,4279.239896012243,1876.6800834153535,dry,0.9572073113371004,12.778829475464256,-1.945555964811065,1.4514829358366221,0.19137654102686685,1.3094743115359861,1005.7257167472318,0.9461080937879444,nan,nan,nan,nan,84.63354513728437,0.7467294812413456,-1.388013112969464,130.731804172139,141.19034850591012,846921924,0.5175834678953616,0.21885695991447313,0.4585606051367022,clean,84.77522364723025,18.667306989935174,29.2365423227982,13.980098763524248,0.0,0.0,0.029869179249653866,0.0,0.0,-11.099999999999808,-6.598839529081741,0.0,0.0,0.0,-0.3409563865917984,-75.12548803221937,0.0,23.142996698435905,-24.957325732268362,-16.200612007497703,-0.26549824775817704,0.0,0.0,-50.0,346932
478.42824758401764,1.7822435292028629,5.01590375682542,2.643387687306816,9.82832248589827,1.4437320416315937,1.4688334478708267,0.6774199884683282,1255.261822591205,1.0,True,SUCCESS,645,64.50000000000358,1,744398.7850659731,1323.5751289555399,4370.397729642538,459.9287469968146,dry,0.9539201136054442,5.820743929656876,2.304054830417988,0.0,0.0,4.3500181518614935,1014.2121309445553,0.951153551683078,37.59999999999787,1404.006819817398,59.59999999999968,59.50000000000358,154.87618061120017,1255.261822591205,2743.169013120052,130.40737809540383,140.83996834303613,1960596962,0.9164506948683787,0.14058883029700736,0.2704874001323014,clean,71.59122740298115,19.75660074197468,16.344072826409732,11.934365045802169,29.602149817687053,25.152932165804206,40.00000000000001,4.999999999999998,132.08333333333235,-6.449999999999907,-0.227641426479292,0.0,0.0,0.0,0.0,-30.706097353194895,0.0,37.98603676269979,-7.839492361947619,-3.261977529741964,-0.004492844825782892,-0.0003732267404045215,137.4676042302568,0.0,347577
424.87587334970885,2.71601336045756,5.844133995041673,4.966068289703944,8.90135014900559,0.8613325439018048,3.6014214807865135,0.7107831202690897,1335.4258187517626,1.0,True,SUCCESS,612,61.200000000000955,1,684596.6262068237,1325.7648813355654,4752.501472859143,219.93607323328334,dry,0.986616800099693,4.918999715933895,-0.7528314719556257,0.0,0.0,1.0111628331109461,1015.5778470749815,0.9550626534891805,33.4999999999981,1169.9353010267537,56.299999999997056,56.200000000000955,161.0174271663772,1335.4258187517626,3971.6967081539437,124.26005349586943,134.200857775539,1175220634,0.8319367118465485,0.18212155547125983,0.5477745762387404,clean,68.88996962454105,16.46728497085807,14.770071746677024,10.41439678198068,15.889510663456711,25.49456312757415,39.99999999999999,4.999999999999998,132.99999999999974,-6.119999999999914,-0.5016175430445103,-0.07697349225728377,-0.0016088637474237335,0.0,-0.14596673073983144,-31.083309868159105,0.0,28.59760190019062,-14.163959140524147,-5.913412073460134,-0.37436349213279757,-0.05682103848618123,124.79050677698227,0.0,348189
-64.22752012021877,6.742152156299422,11.91405114447575,0.8652852861467891,-2.0537089456226436,-2.0547047331678603,2.4521087157884516,0.8770016585787129,1.0772190369541477,0.0,False,INSUFFICIENT_RUNWAY,1280,128.00000000004044,2,745671.8019588889,1324.9307529845098,4275.740849680676,1447.2044273376061,wet,0.8949926975039273,13.905704240234288,7.10726525379685,0.44072449047873885,0.21951413003901854,-4.5707495629799055,1019.9499626240332,0.957296635712455,nan,nan,nan,nan,94.74096336566421,0.8933392336425641,0.5356087385581887,128.1511297777158,138.40322015993306,1606799394,0.5963108965612488,0.20428933391989124,0.3810872386808884,clean,84.96669006066533,15.17361675805055,32.30383134997509,11.064918475096642,0.0,0.0,0.03573356934570254,0.0,0.0,-12.799999999999772,-6.464940899369657,0.0,0.0,0.0,-12.963290701739494,-85.81599628338599,0.0,17.763084369402133,-41.21669006725108,-16.13328340547794,-0.1411933455296688,0.0,0.0,-50.0,349469
-6.993632809113315,5.303446026313523,9.999529114649427,0.8551232051739097,-2.243111674265143,-2.230821627428589,2.3655490933023486,0.8319680452711361,1.5151945435352445,0.0,False,INSUFFICIENT_RUNWAY,1090,109.000000000039,2,805548.8867823705,1319.9197155958782,4144.985174257459,1276.9103291879092,wet,0.8033905937077679,10.732759915398285,2.3911733104888033,1.0664777823820772,0.12069420476773396,2.400313605486666,1010.9731937276562,0.9630986607327677,nan,nan,nan,nan,119.2426604195416,1.5137675955422765,0.028510675455812873,135.42149135111308,146.25521065920213,2040634360,0.6969817948826107,0.22966074675056028,0.4535995444608778,clean,82.23691156074543,19.87719509336851,29.212370952205678,14.58309346523951,0.0,0.0,0.06055070382169105,0.0,0.0,-10.899999999999812,-3.4064364813202825,0.0,0.0,0.0,-0.07503284890839695,-68.63678520612797,0.0,21.664887031045488,-22.855982728832572,-18.444443445598292,-0.30996090475181887,0.0,0.0,-50.0,350559
-35.156682493901286,9.242772704199188,13.906078828876838,0.4980597401872565,-2.0530560387584416,-2.0510880545991017,2.288033801983217,0.8907312728384504,1.427830351383875,0.0,False,INSUFFICIENT_RUNWAY,992,99.2000000000312,2,776275.3535287088,1320.0661677888386,3958.071678407165,344.7826857258451,wet,0.8408648064685313,10.463519405412791,-4.103637732556244,0.3393685345075652,0.6108389757969597,-1.5940425273402576,1007.904460837797,0.9895154891765326,nan,nan,nan,nan,102.4238595298081,1.018761459475229,1.9741874065417342,132.22200037803108,142.79976040827358,852018189,0.4342988165898026,0.15899948014164347,0.3772861917444984,clean,78.18215807058367,2.5209194712757905,26.473742798991225,12.480849403550115,0.0,0.0,0.0407504583790091,0.0,0.0,-9.919999999999833,-9.416157387044196,0.0,0.0,0.0,-0.6544971079504228,-67.9350553962901,0.0,0.06605158493974786,-10.279593933423536,-6.632091433824444,-0.08375902308761932,0.0,0.0,-50.0,351551
411.99334392813864,2.6464040312557673,5.076788333307449,5.229369034954108,7.517742107722247,0.5431252045379336,3.8848426943679337,0.6890002425919232,1306.1084903224264,1.0,True,SUCCESS,585,58.499999999998806,1,673339.2521456627,1329.4096304174695,4686.884838355045,52.82265183407975,dry,0.9944802325271059,3.1037400638352564,0.1667018529991644,0.0,0.0,0.6454098684247951,1012.3186137727832,0.9605623975958184,31.7999999999982,1123.1659150065223,53.59999999999696,53.499999999998806,163.91793499940115,1306.1084903224264,3699.048872258048,123.35429776414576,133.22264158527742,2114677001,0.8308603616740771,0.19913601157964836,0.43989028003796066,clean,65.97301506187364,15.139060365036787,14.200429220917524,9.673660225189344,16.298494126638133,24.831823484981243,40.00000000000003,4.999999999999998,133.75000000000034,-5.84999999999992,-0.4552245292820406,-0.051506706382946486,-0.004398562859476328,0.0,-0.12206557549181991,-28.706934333562376,0.0,19.071248732834725,-14.01440816422137,-7.018888755520866,-0.18496779697509547,-0.16504711614845552,124.62905425111155,0.0,352136
-111.73763073243995,17.323453544711725,37.98604741076976,9.255027825418342,29.20868332686886,4.92615522470953,12.19143579783828,0.7894281943970068,2476.5640143876776,0.06007905138339921,False,TIMEOUT,1801,180.09999999999306,2,672715.5071861212,1314.7721810529547,4266.413626368954,918.1398207639979,wet,0.8010704320049832,6.530191690122775,-0.28926012289607916,1.7153571272998802,0.2229688217151019,-0.0017426275971450522,1007.0341455485611,0.9663602448649373,32.399999999998165,1093.8066388614177,53.699999999996955,nan,165.9829673701966,233.94524011172018,-2835.8886988363124,123.48164521457457,133.36017683174055,203531366,0.014234178761134414,0.592167202664096,0.8385512062172271,clean,233.72182959871674,19.408198292306146,37.328608041738754,10.136651678407635,37.49183127501797,45.91418050773221,9.357809604468802,7.599999999999989,0.0,-18.010000000000016,-60.05375321456987,-7.619765730018769,-5.2075831019328245,0.0,-35.425946774867846,-105.68930433706133,0.0,20.412564592456054,-171.83989127211086,-112.62025741818978,-4.03326292139075,-2.6095395531376173,0.0,-10.0,353937
43.90062045308219,7.449692053311849,15.871552648898845,5.487770368731648,14.683255001238553,6.603884646887495,5.254920111319076,0.7490974202410163,1198.8603804137106,1.0,False,UNCLEAN_TAKEOFF,857,85.70000000002045,2,674948.097089168,1324.9189454335678,4165.580427687467,1864.5066035054147,wet,0.8180036727115347,-0.4887718681067126,-7.080284172015509,0.4386599348762956,0.36354865308142437,-3.4990140351364136,1008.6138132941998,0.9120247915259218,61.400000000001114,1507.9299348434317,80.80000000001655,nan,147.5725784078952,1198.8603804137106,2277.1828405551005,122.83718806633112,132.66416311163763,1139849125,0.44995506836939525,0.24087458621280264,0.4627601647333856,clean,66.59403805552344,2.956366124780583,14.675492360648253,13.333001963122584,18.369679243310728,22.941266866184204,40.00000000000002,4.999999999999998,0.0,-8.569999999999862,-5.284634479736145,-0.21659885793101863,-0.11157861340275926,0.0,-3.3838269862241095,-47.47383669802413,0.0,0.704218691809523,-28.73741298161679,-16.25896572704692,-0.21388620027742375,-0.4227023080378634,0.0,-30.0,354794
-18.99888797745358,3.948399056579862,10.599081893195882,0.7466166476319929,-2.3280116349546187,-2.326273846216981,2.9928996011867715,0.8186594273936687,1.5192570657459328,0.0,False,INSUFFICIENT_RUNWAY,1103,110.30000000004003,2,851190.669099349,1333.5989955024627,3924.6821764087877,1223.246435751943,dry,0.9411902737707829,2.133770018448441,1.9824877324264052,0.1966680587669325,0.6666171017556588,7.342685033293154,1009.1203913457891,0.9651911287953409,nan,nan,nan,nan,124.92431147973697,1.5192570657459328,1.7636113460153169,140.51286546765112,151.75389470506323,2127608080,0.7471931379380615,0.23864677494485192,0.4257073923474845,clean,77.71768351395353,18.346998645386794,23.619240552569856,15.830178966087791,0.0,0.0,0.06077028262983734,0.0,0.0,-11.02999999999981,-1.9106233540367574,0.0,0.0,0.0,-0.005886835801158706,-68.30290256873158,0.0,14.524843645972965,-18.66800161365032,-18.908823134792762,-0.2723660770414569,0.0,0.0,-50.0,355897
401.3667119610266,4.065565667706316,8.194364831192848,3.164439632765086,6.709597827391172,3.2944755121714917,3.6345209641146075,0.7725100484306429,1271.2768258007754,1.0,True,SUCCESS,675,67.50000000000597,2,615992.3865732932,1330.347812376787,4015.4172285736995,1792.0080259016295,dry,0.9903874738847265,5.578914809890051,-4.909779750746603,0.8324993273844594,0.7920931009349947,11.228059531441414,1012.0263786840463,0.9161927334482565,37.0999999999979,1221.6612817850523,62.60000000000207,62.50000000000597,160.62619846008016,1271.2768258007754,3491.8399551678845,120.14412191432706,129.75565166747324,1061961621,0.7858163203756116,0.1631135953995639,0.40659904583627754,clean,71.78711492426307,14.751269487510367,16.290895209498952,11.999739927236657,12.40942011486269,28.637029409107193,39.99999999999999,4.999999999999998,131.24999999999835,-6.7499999999999005,-1.2396618148824232,-5.933102040438025e-05,-0.002568801364330822,0.0,-1.1686730662155702,-38.354719638112776,0.0,18.471642199670327,-14.9430893033852,-4.520209935124921,-0.11520304146908096,-0.0086624358878475,117.87244805634174,0.0,356572
104.00668702844614,13.96519834497708,36.398132586520646,11.23295998920839,16.913858520805515,6.088024473288038,9.804260154681774,0.7650442532912318,2045.9267711650446,0.014563106796116505,False,TIMEOUT,1801,180.09999999999306,2,768790.3883306651,1328.8213838885279,4431.554822720704,117.2173484024952,wet,0.8853556845270858,0.711100657621293,-3.3776353009138864,1.863614466223609,0.18539132118628954,10.00753307760693,1015.3653576932161,0.9401203754481711,53.19999999999698,2103.915539204602,77.20000000001369,nan,176.052885916281,2038.5412544368428,-69.56669408680973,133.72619327414122,144.42428873607253,371758704,0.0358294424480506,0.4326171187549821,0.9383916686232809,clean,245.87041799928633,32.161760865100135,34.350844444590685,15.495196538447386,50.03272520015351,71.8212558336995,39.999999999999986,1.5000000000000002,0.0,-18.010000000000016,-39.02702260344497,-11.403814738072027,-4.146832409270011,0.0,-47.28224835941676,-101.27622702476755,0.0,44.329982930019035,-116.74767614033894,-74.79543322395622,-5.776015776141032,-3.0902265074410185,0.0,-10.0,358373
421.998819029322,3.8521442929537137,6.66967541249786,1.7538184520215887,11.718958847601153,2.9545889279111788,2.853993729955582,0.7142597270783722,1275.5461507026023,1.0,True,SUCCESS,659,65.9000000000047,2,719572.2077974691,1324.7802316057775,4031.9552982011205,643.9025698734977,wet,0.8941470842007688,3.40949799695035,4.722201284064874,0.975824151313768,0.4256036956064232,-6.955406923177183,1015.9467017150731,0.9433397292533378,39.799999999997745,1222.1664271384577,61.000000000000796,60.900000000004695,149.74784311080143,1275.5461507026023,3312.2692660919884,125.60473113754888,135.6531096285528,1312796538,0.8393362988825616,0.12238505622819933,0.3433682308452231,clean,62.900045102144226,12.056977626751069,14.95805284899021,11.080346510684157,30.745756296988354,24.786214596205927,39.99999999999999,4.999999999999998,131.69444444444315,-6.589999999999904,-1.0865457017568816,0.0,0.0,0.0,-0.7544908888817567,-33.99455635351755,0.0,11.146526659650004,-3.5596676025144895,-2.2217919994090196,-0.05652724982185427,-0.006410093017695954,125.90044483238424,0.0,359032
53.093056807401936,9.402231894283592,20.116797320305665,13.725142331046502,12.384185395000843,7.647666666294824,9.179846583568622,0.7705566815677144,1269.3035126396258,0.7764705882352941,False,UNCLEAN_TAKEOFF,784,78.40000000001464,2,704609.7939980205,1328.7174658665867,4123.803531652323,754.0056826240826,dry,0.9765265127098842,4.037291600211262,8.40821369899014,0.6744599363175843,0.12504245973814887,-0.3642145870415643,1010.2480133056677,0.9416996673675716,35.49999999999799,1232.6039966478081,70.00000000000796,nan,157.38256562421176,1269.3035126396258,1720.6524946003929,126.0943978170807,136.18194964244717,1538700453,0.177665443824738,0.43971703465756945,0.9720431859868988,clean,87.5784676740841,12.763746246427468,14.94367924027198,11.249404487073981,30.58335959686606,37.135818472068806,39.99999999999999,6.5999999999999925,0.0,-7.839999999999877,-7.700793360178313,-2.652287172465474,-1.5030820204797697,0.0,-11.415186422136747,-44.60711874382885,0.0,17.63685219097307,-66.03170842625445,-28.067167776618156,-2.5995355664154083,-2.981391611985507,0.0,-30.0,359816
-92.80159412819546,11.895315660826476,30.172325790061418,0.5306386339468662,-2.5171969729411203,-2.545313253429172,4.141982464714938,0.7934221050568986,0.8354095564704949,0.0,False,RUNWAY_EXCURSION,560,55.999999999996824,2,866884.4403224825,1338.983513241911,4099.232017894128,2283.7559749579004,wet,0.870226642595179,10.857400991688618,4.088464803522157,1.670897862739635,0.16141110870370334,2.990848521602727,1019.791178545334,0.9351836709961098,nan,nan,nan,nan,97.74600032202206,0.8354095564704949,2.4384880488362093,140.0158938986402,151.21716541053144,1436026797,0.13175641138106262,0.17873553469548523,0.535314435894606,clean,19.643092908138843,2.300416252592934,9.252791291582735,11.27187688808774,0.0,0.0,0.033416382258819786,0.0,0.0,-5.599999999999925,-8.804353268399343,0.0,-0.016756073560430636,0.0,-1.58678553066654,-33.2064465655931,0.0,2.5638586581692406,-23.05233261847145,-5.319732908685184,-0.2806395436496119,0.0,0.0,-60.0,360376
-47.21970894924806,3.941269540674008,4.428395302923907,0.08058989546554633,-2.9689011765549274,-90.0,1.994123616383631,0.7939405736007038,0.0,0.0,False,FAILED_TO_ACCELERATE,301,30.099999999998296,2,857603.176765511,1341.3476638480336,4273.139109806587,1036.9024255558215,dry,0.9778324725886622,4.655804448354523,7.109098960108227,1.696296212500675,0.3904744622179144,1.0069395154992105,1002.9578848140718,0.9697863035940841,nan,nan,nan,nan,20.09242321117198,-0.15301720305501476,0.21061274102930572,139.94888380133384,151.14479450544056,2111695201,0.876921162173348,0.04074356035280302,0.1402621509278242,clean,0.8893246858660964,0.4653494387627629,0.6501443127014799,2.056784098240685,0.0,0.0,0.0,0.0,0.0,-3.00999999999998,-0.5195128092517393,0.0,0.0,0.0,0.0,-17.6831716194916,0.0,0.03896818830753501,-0.009649760076306855,-0.0979177051138418,-2.777919311592636e-05,0.0,0.0,-30.0,360677
-11.878246831991511,6.210184623406835,19.214032296176576,1.1293981709688268,-0.914608479626708,-0.929573932288002,3.757343751497667,0.8073284090689893,2.608553729151936,0.0,False,FAILED_ROTATION,795,79.50000000001552,2,843163.0553311581,1315.9753043047842,4278.108436627993,1558.2844201054115,dry,0.9865265847831711,2.6689690413721836,-0.18947807038352504,1.3213069089229126,0.9762271799514441,5.106482426280714,1011.2255173671406,0.9555806629546766,nan,nan,nan,nan,151.03295039445817,2.3921433581829206,11.438745100231493,139.17344323440577,150.30731869315824,239728442,0.47102325849791243,0.267652480692908,0.5622340761750723,clean,84.4630440398403,15.432247469721384,19.736312921789708,17.799441254465908,2.017064336031625,0.0,0.0956857343273168,0.0,0.0,-7.949999999999875,-3.4066980533505555,0.0,-0.003977928786174769,0.0,-0.0007777760709104921,-47.48309560877085,0.0,21.247279901659137,-45.672806947357415,-17.541952749817693,-0.6100134256729087,0.0,0.0,-50.0,361472
313.9761390035235,6.493771741257914,13.166671675682096,3.826320865822958,9.194885825477996,3.0353993556500747,4.2200548413502235,0.7366475788565976,1323.4422107448113,1.0,True,SUCCESS,640,64.00000000000318,2,637854.4483110189,1316.3566544651173,3944.436851513994,164.17173614474368,dry,0.9806137797054155,3.8426724780368833,7.630233468937395,1.800590435346328,0.3686602205706476,6.621121518338349,1001.3952909837366,0.9577787379444116,35.199999999998006,1099.8039036912191,59.099999999999284,59.00000000000318,161.58198487776036,1323.4422107448113,4310.400708162001,121.95546767693429,131.71190509108905,1908017502,0.5304708092582413,0.3345506565972016,0.583635750716616,clean,67.34705738155984,10.420046925896788,14.267590343705786,10.634880241357136,17.73779704402076,27.891969158592026,40.00000000000002,4.999999999999998,132.22222222222135,-6.399999999999908,-2.9986895237375855,-0.012953332362625601,-0.010494454593944534,0.0,-1.979773320185724,-34.259834147994304,0.0,14.062652826681207,-36.23360774984721,-22.738621877431516,-0.4189176975739259,-0.12580642552029567,79.5706213887362,0.0,362112
-45.640954828484126,3.3159771483001523,4.971955979715161,0.14017561020097358,-2.928753841914837,-90.0,4.512705916581747,0.8393228049756151,0.0,0.0,False,FAILED_TO_ACCELERATE,301,30.099999999998296,2,845742.8805584168,1341.6237075232034,4415.385261773965,1624.7991284086838,dry,0.9310213555026685,6.778443501277797,11.07159136301495,1.1940720369094238,0.2163802614941268,-6.047749735830179,1006.0351922162827,0.9520056032123954,nan,nan,nan,nan,20.24082049328491,-0.145376854308779,0.04931854646438083,137.06186948299154,148.0268190416309,205869495,0.8949373149018145,0.08441782572450715,0.2724108159563079,clean,2.3404476107239893,1.8408888613538326,1.08119010299706,1.4670482837433068,0.0,0.0,0.0,0.0,0.0,-3.00999999999998,-0.3677452265402996,0.0,-0.084056508137205,0.0,0.0,-19.14441227003532,0.0,2.453166933161063,-1.8829818333251487,-0.33252951890342647,-0.0019712635219623423,0.0,0.0,-30.0,362413
-81.7751854853629,7.623889454299722,18.574462867757873,7.342363513526914,-0.6007610765540577,-0.60027879179637,9.826833362372065,0.7501619149452402,3.689348051829654,0.0,False,INSUFFICIENT_RUNWAY,806,80.6000000000164,2,799094.6189885525,1315.2309216577237,4413.196390203993,330.4249164422415,wet,0.8517396075119005,-1.5680908208002915,10.741051914656483,0.016543773623324043,0.5436640513901675,8.449488757955677,1006.0604145076793,0.990251078394598,nan,nan,nan,nan,140.0592685878955,2.3367484578217272,-5.5933789658849165,136.60703296219583,147.5355955991715,1134477900,0.3175014909817735,0.4748842816609301,1.0939825990049736,clean,87.37294246037462,11.183325359039156,17.19922229392937,16.55460871551833,2.8104163192524907,0.0,0.09346993831286911,0.0,0.0,-8.059999999999873,-5.205299385730476,-0.3666374587085368,-0.6387570226244307,0.0,-12.66516364799173,-44.17634463676917,0.0,13.038571790077942,-66.73386720389661,-37.160076212927166,-3.813157939568441,-1.2084388536504824,0.0,-50.0,363219
-124.82267300009275,13.12449922984258,30.09419641048062,0.6577593261887602,-2.0089803858286306,-2.0436006663379453,4.758456905290043,0.7981105430117474,1.1007685463882808,0.0,False,RUNWAY_EXCURSION,821,82.10000000001759,2,844454.8654575697,1338.9001876008626,4396.707809754296,352.0664489246522,wet,0.8355708796963666,12.133774312181549,8.291097992023383,0.37486440232256313,0.11142320190570842,9.743131044795987,1008.0951891982247,0.9897143807491605,nan,nan,nan,nan,108.7030130523152,1.1007685463882808,5.164200592086079,140.5945486328904,151.84211252352165,404875524,0.10880703026007008,0.1208731334778996,0.3399389099150931,clean,27.92855095084537,1.9962791991388926,12.458681773179801,12.66643657130148,0.0,0.0,0.044030741855531234,0.0,0.0,-8.20999999999987,-15.713254012003063,0.0,-0.08974696143717868,0.0,-12.444690475447501,-49.459028702237624,0.0,2.272826257698486,-33.136953291753485,-3.057677408585455,-0.07812764264779365,0.0,0.0,-60.0,364040
415.87164648668056,3.3114230320943805,7.169381282852045,3.769745077219109,9.837087500960019,2.465224775145683,4.144207737745374,0.7437642957254645,1293.030287569607,1.0,True,SUCCESS,609,60.900000000000716,2,660302.6487312828,1315.7129419616372,3981.58134445426,2328.0523185565476,dry,0.9515644169852031,8.091535846321607,-1.5902376261706506,0.34128371787228073,0.7234120522322697,-5.925755818161426,1011.4381041419938,0.8958615796864633,33.299999999998114,1078.83354555313,55.999999999996824,55.900000000000716,155.5523346449556,1293.030287569607,3186.590475204003,120.80914501660995,130.47387661793874,365240800,0.8138848271254425,0.19273910903917219,0.5406181635222683,clean,63.52366464551749,14.795701478241474,14.251045242254786,9.948101019633118,24.69115174755986,26.562588548555706,39.99999999999999,4.999999999999998,133.08333333333314,-6.089999999999915,-0.7420003556631606,-0.010976857798306405,-0.014991840113145588,0.0,-0.40957859340621805,-33.39892310381978,0.0,22.59912377252955,-12.977216406761046,-6.594013779986078,-0.2724792440263225,-0.15560718818671793,122.08272406881638,0.0,364649
64.83981226693528,12.46766807778343,75.02553278634774,17.783757712738748,14.366058458645432,6.38950845922929,12.446209529915636,0.756279202759014,1457.8246112050838,0.001951219512195122,False,TIMEOUT,1801,180.09999999999306,2,811083.706885175,1328.0337728162183,4319.27319665058,966.6770948151121,dry,0.9719689052095647,0.2682370979906241,2.5242924791279093,0.20553008849722088,0.015911695357102906,-7.82533896909445,1023.1025882675348,0.9287496909621183,43.69999999999752,1665.3955976785087,77.70000000001409,nan,200.61889559936625,1457.8246112050838,802.7430083214506,132.67976298200065,143.2941440205607,58832247,0.00022824073419824053,0.5106219997879579,1.2632679553066568,clean,296.4059205254561,23.92955712918322,31.183867080438333,13.353104242151847,41.453344810677045,73.53772758926314,39.99999999999994,0.2,0.0,-18.010000000000016,-29.448591054351912,-24.6414948023527,-6.552310613880214,0.0,-15.496684340727647,-100.31622601643059,0.0,36.12144322365446,-176.53691881839035,-94.14766044174182,-11.825847292616002,-4.369418953393741,0.0,-10.0,366450
21.039526031968002,24.35315390754653,72.47804626375968,18.886077045867236,13.464815958065,1.35973322505148,14.234443998492056,0.7504740758624397,1970.492310394377,0.03826955074875208,False,TIMEOUT,1801,180.09999999999306,1,765814.6752479316,1326.3419719710498,4473.372311790959,277.03841415915764,dry,0.9824391340662558,7.097599995655574,-1.7128884225387755,0.0,0.0,0.8298112395392678,1010.4544674111954,0.9681098738178956,38.7999999999978,1453.7097740197453,60.0,nan,195.6575931973381,817.6133708443499,-835.8667762387678,131.71584027459744,142.25310749656524,1442900282,1.2335714944827654e-05,0.6752604659560097,1.1794059477397196,clean,296.29112355164364,33.349251002384506,35.46323463170894,12.401921325731559,42.94828848164519,65.61980369801452,32.704534833774055,4.6,0.0,-18.010000000000016,-105.21889875206797,-26.114598433861232,-8.648818547253665,0.0,-32.30078549225825,-98.87007993393821,0.0,41.90232543254245,-139.01162350637514,-89.63615437647572,-10.500323727497266,-5.929674155746299,0.0,-10.0,368251
-154.45700132086031,30.35837849641997,164.93570084394125,62.752666033527014,11.57963560690691,2.9923774789348605,20.950780145198248,0.7539856871075744,1687.9285454979363,0.09681227863046045,False,LOSS_OF_CONTROL,1491,149.10000000002125,2,714247.8665238253,1324.7117479767153,3956.1662908605686,937.4010041707795,dry,0.9365954580040301,1.3280827457199593,1.7997051689719954,0.8596017874260184,0.6920167928309746,9.523240040099754,1004.6734123731657,0.9705557042658963,38.199999999997836,1330.5775727872042,64.50000000000358,nan,204.28727561236659,101.30702424710239,-3333.2118381098853,129.47404184405292,139.83196519157715,633033279,1.1540189479821091e-21,1.3189575842138546,1.614574002824004,clean,235.63386243982976,20.646169911898426,26.992966078758645,12.546208887916285,45.88031774449116,41.34368215518216,4.052280969884115,8.199999999999987,0.0,-14.909999999999727,-81.34472445693133,-27.76885400229685,-12.256631866818186,0.0,-27.49887625416066,-82.42988054072273,0.0,18.547574625560433,-137.52484249630885,-81.70286144072568,-14.743895554564359,-8.119497521849691,0.0,-80.0,369742
22.942782517629464,5.517273136738353,11.39888623072217,11.190343704251227,11.94303662871396,3.6807260342597727,5.234974861156456,0.7572214917251562,1279.7843814073779,0.819672131147541,False,UNCLEAN_TAKEOFF,616,61.60000000000127,2,612434.3825566745,1314.4249756414722,4052.8688386168396,1494.1540411442634,wet,0.8492895283943018,10.76765680378956,-8.163002972351656,1.8304592064028917,0.29583121828080805,5.446453030159024,1001.3489240265422,0.9223760690852822,32.09999999999818,1104.7446328501464,55.59999999999685,nan,155.78921939189024,1279.7843814073779,2321.486084995349,119.2650662840076,128.80627158672823,1342050495,0.3406627860466854,0.6387800322842617,0.9947522541217076,clean,64.07272176339214,9.581904305876394,12.74728986779233,9.190012796262213,21.56020331921485,28.396763578190853,40.00000000000001,4.999999999999998,0.0,-6.159999999999913,-2.0834696183412005,-3.0197638006633816,-0.0697840515465523,0.0,-8.642401356928728,-34.354628497951815,0.0,8.888816791755861,-51.33921532203706,-35.48035087430724,-2.0151905789226903,-3.330125804155862,0.0,-30.0,370358
-251.9573797523953,26.886577042244955,66.77919488206265,29.260966269534148,32.93049494988235,14.703829762819279,33.43059880204323,0.7269079691806446,1150.108874716696,0.0,False,LOSS_OF_CONTROL,723,72.30000000000979,2,705429.920170018,1328.632894736896,3928.5623608269775,848.2135882231098,wet,0.8835933136109398,5.43884806848243,-11.846979273443772,1.4696957948302443,0.2826502540314436,-2.912365295981025,1002.7442081459807,0.9580409095616225,40.19999999999772,1423.901851226815,57.29999999999785,nan,140.97663837981565,581.8432860757426,-7681.548473092063,126.07705546630254,136.16321990360674,1597079899,2.404153499738692e-06,0.9070777658148256,1.6959170393828835,clean,63.84516263859109,2.030360007808936,10.497140117851012,12.477328201159215,5.783155993707764,18.925465131674752,23.273731443029693,0.0,0.0,-7.22999999999989,-55.03646300117941,-29.00799478328038,-10.634938319873672,-5.081324781264615,-32.19073634653136,-38.66558584556985,0.0,2.0187146534964118,-67.0409153678771,-46.3117398298031,-10.040254659899269,-9.568485004434201,0.0,-80.0,371081
-104.11119263675971,12.459979695125138,30.05469982707459,1.048866545369527,-2.2469905770740612,-2.214474673434254,3.4639362048074727,0.8495076638676626,1.230411420688597,0.0,False,RUNWAY_EXCURSION,514,51.399999999997085,2,760195.6471233824,1312.2353778925474,4140.774892795825,895.7599548190962,dry,0.913173125392546,8.550993360013546,10.651926193254113,1.372242261198991,0.6483745444213428,7.669193194324285,1017.9518979257032,0.9743458648033804,nan,nan,nan,nan,108.011622434067,1.230411420688597,0.7864169870224913,132.28573734165272,142.86859632898495,1490320457,0.12103577431372377,0.16473081714801371,0.46712373507295635,clean,26.604556027102912,1.9041595314464093,9.734491234352161,10.754454185689445,0.0,0.0,0.04921645682754386,0.0,0.0,-5.139999999999935,-8.866562479722939,0.0,-0.00482159913531031,0.0,-13.513746324436324,-33.056712521448475,0.0,0.25620844834188694,-29.204436703324664,-3.4379317459114342,-0.19006714654085363,0.0,0.0,-60.0,371595
31.434637353039445,7.648692901216267,17.77906089260166,11.25506615881089,28.131146062764756,6.3453700612492,12.495047995416437,0.7003203902596352,1467.860642708912,0.30303030303030304,False,UNCLEAN_TAKEOFF,741,74.10000000001122,2,622197.0745728004,1323.957444005448,4081.9173328395964,1217.4416539755935,dry,0.9952115587291686,1.5944741457728329,-6.797189837337028,0.7135559893748975,0.9323796736950529,9.5170081232788,1020.7147892230901,0.9257826795251003,41.69999999999764,1283.3102758817074,57.69999999999817,nan,147.8264748557789,1467.860642708912,1919.6030762679989,119.88860782921722,129.4796964555546,1692113894,0.29954764750451873,0.3623623078039098,1.1399040340458935,clean,68.60246219354096,6.489170551996377,14.196052875697463,11.499371567404248,8.041886340620628,30.42191077697018,40.0,4.999999999999998,0.0,-7.4099999999998865,-4.816706088329228,-1.769039212560718,-1.2681153302808978,0.0,-5.035291147537484,-37.57141534653634,0.0,5.362031920023778,-38.63721343560722,-25.69756978751994,-4.412429723487628,-1.560468801354632,0.0,-30.0,372336
-148.3069540100435,8.459966643459948,26.03087038236628,14.29718747638196,21.27831306898971,13.166027385085107,13.007320281673884,0.7673241286186675,778.5413976747394,0.0,False,UNSTABLE_AFTER_LIFTOFF,1169,116.90000000004528,2,783618.6741630522,1335.8875988124244,4167.722085247341,572.8589516872165,wet,0.8355296261376071,6.786165336167818,-1.9708763934045517,0.6331141007609136,0.8817149649414295,8.067198646469475,1007.1768420614213,0.9833207230237212,50.59999999999713,1894.9148390281216,nan,nan,156.02189404730333,5.024756922630672,-770.9761981281252,135.11558476635037,145.9248315476584,1116745735,0.1204954141423652,0.59598891488309,1.4837617432942423,clean,125.72791368748895,13.09784536321242,21.60529000535626,15.661228660375631,17.81564881182309,29.19476091932216,0.20099027690519378,0.0,0.0,-11.689999999999795,-9.29628229180932,-11.03806760654668,-3.2458703977549,-6.399586222461556,-27.838016378931087,-66.32978070062559,0.0,11.638233106782574,-92.08107348880682,-66.68230450846616,-10.482317709868505,-8.165565536037441,0.0,-70.0,373505
-43.696172163399815,2.1150234236510377,2.118142984790038,0.09742061243506475,-2.8864426490377286,-90.0,2.2444815094575303,0.536375490698968,0.0,0.0,False,FAILED_TO_ACCELERATE,301,30.099999999998296,2,815160.5151902242,1339.2555760330577,4232.514538128375,2252.868163349583,dry,0.9914670570128383,2.2718936585328313,-10.972509813275115,0.9921145112369323,0.608954661766436,-6.309871037154675,1013.3756178845208,0.9339898325904175,nan,nan,nan,nan,10.26002775315586,-0.1719660473568183,0.026912968099893176,134.01041243336994,144.73124542803953,987067693,0.9645693848823991,0.0,0.0005269356141983385,clean,0.0007175995624376693,0.0006951577460451691,0.0005100084352372663,0.0017371867474725944,0.0,0.0,0.0,0.0,0.0,-3.00999999999998,-0.14960783876226225,0.0,0.0,0.0,0.0,-10.540903229618657,0.0,0.000678952489918591,0.0,0.0,0.0,0.0,0.0,-30.0,373806
328.5495565875182,6.927317901010548,12.517704480386739,3.267831529407662,14.331244040841051,3.7556820521284577,4.463776506489819,0.7197145130859322,1347.729703846234,1.0,True,SUCCESS,664,66.4000000000051,2,720408.8212693697,1317.221690959427,4263.981501700235,382.9693102674972,dry,0.9209563032244805,3.7791152692787904,7.397324102270089,1.786577247461109,0.6896891212568208,-5.607327678666649,1003.7742311442167,0.9490063778631235,37.0999999999979,1190.3434206549825,61.500000000001194,61.40000000000509,152.224410880763,1347.729703846234,4319.425232353531,126.74017466043269,136.8793886332673,492099463,0.5475519012625302,0.2612466636322494,0.5898699565526045,clean,68.79916689846186,6.584042829053143,15.434290260529547,10.83427818346779,24.865166836076842,28.071085391247593,40.000000000000036,4.999999999999998,131.55555555555412,-6.639999999999903,-3.5404283235892273,-0.000576126524991028,-0.014072198440081864,0.0,-1.9866364196667876,-34.5713212288188,0.0,4.083699862745816,-26.64459113152252,-14.758175052976918,-0.5637330043566339,-0.09098093310179364,82.13278518937953,0.0,374470
61.79519588048235,6.158485786744041,15.298202155770475,8.410316263519862,14.956605122671945,6.427254112748042,6.0738444763125035,0.7348159031865826,1297.0111618177104,1.0,False,UNCLEAN_TAKEOFF,737,73.7000000000109,2,692598.1562583728,1314.6897849224567,4197.644327466706,361.5010014078024,wet,0.8231006225755803,12.877761399635434,-4.265337878609337,1.5427249363875144,0.823133923299675,-2.6989002089573866,1008.0188512039043,0.9515625402633168,30.89999999999825,1008.3286846673159,68.800000000007,nan,146.52467855688823,1297.0111618177104,3722.045174561573,124.6444616056712,134.6160185341249,374472387,0.42624953329466275,0.39048219114188387,1.2526552989492397,clean,76.23436900776227,12.62362156711541,16.414114594081223,9.473102511251417,28.42096498202624,28.605612929215198,40.000000000000014,4.999999999999998,0.0,-7.369999999999887,-3.1057955639704904,-1.4348846613995152,-0.1801918405031012,0.0,-5.433874188403277,-39.83535434423745,0.0,15.886018940176696,-47.54398821852228,-26.67556624387789,-5.179190034373965,-4.103763555857873,0.0,-30.0,375207
-220.30675908100963,11.452238538899854,30.07277412082111,24.218160845174108,17.265858321979298,16.00345886575053,15.90396687855257,0.7249947089300142,507.66312143469577,0.0,False,UNSTABLE_AFTER_LIFTOFF,1088,108.80000000003884,2,660305.0311263623,1338.9901312815975,4338.561300509093,296.3668226203051,wet,0.8776790228717188,9.271838620213973,4.07758125675066,0.7250454942396671,0.6176472692319664,5.692803815238685,1007.308186992359,0.9786482750754664,45.399999999997426,1150.217274061485,nan,nan,106.45200454671779,440.9818187143181,-1490.8671055407767,123.52345716862666,133.4053337421168,419795499,0.013138673285174318,0.9748073690918477,1.215773410805126,clean,97.67013604845184,9.724475871548512,16.64012690097283,11.879545703812578,14.79065412171302,21.954710778822335,17.639272748572722,0.0,0.0,-10.879999999999812,-15.855033232936306,-26.06175933774851,-7.221278795692812,-4.0829649159884465,-39.55477329407825,-57.53331388809413,0.0,4.728992566218818,-88.7986803002511,-79.04346680498313,-6.927983001462873,-9.37542024988471,0.0,-70.0,376295
369.30819981686886,5.182128304826437,10.981791227944436,3.1266016094348603,12.752544336512438,2.669178274248943,2.31351704092941,0.6697961564564928,1287.542222834896,1.0,True,SUCCESS,568,56.79999999999745,2,632329.5085141805,1328.5495532849752,4446.189631384191,1234.0757679355297,wet,0.8611126573448455,3.4200756317839973,4.234396786353711,0.7488237101014796,0.839717080238768,9.216442829605477,1024.9572019589673,0.9300783086670884,30.299999999998285,953.9651832370824,51.89999999999706,51.79999999999745,150.0188215757987,1287.542222834896,3636.794497521907,120.5495587279132,130.19352342614627,631597703,0.6820920752985121,0.19406843282616196,0.3681814502429448,clean,58.25720961148733,10.279044354132212,14.014335157871438,9.636415760780038,26.979655348963572,25.169141303752497,40.0,4.999999999999998,134.22222222222294,-5.679999999999923,-1.6948144155604603,-0.00010107185679603344,0.0,0.0,-0.3156298935062934,-26.96763180796308,0.0,9.247485942195974,-24.876017895833712,-6.193106667261623,-0.04835050862765575,-0.035468918704111264,102.31381129477681,0.0,376863
347.72003712169897,5.256438291725803,10.077614295785713,4.9142871084400825,10.899207691356452,2.2411724187410584,5.982748018122455,0.7112224284977192,1275.126347449663,1.0,True,SUCCESS,657,65.70000000000454,2,636501.8095063949,1341.671224919584,4551.653865396245,212.48406002746884,dry,0.9345918431769582,4.100680302032616,3.6753323957825814,0.8702316148298124,0.6322453135229348,0.8197009154126036,1021.0919581746506,0.9569342196735037,36.19999999999795,993.4344685620266,60.80000000000064,60.700000000004536,154.58513084824244,1275.126347449663,3976.3370380795623,119.45225008335053,129.00843009001858,1140777937,0.6472651443651413,0.2643958300905688,0.7909519565307801,clean,62.33139435240122,11.206596479771779,13.152815081755385,10.34682100307983,23.52082996264222,28.346213790957773,39.99999999999998,4.999999999999998,131.74999999999875,-6.569999999999904,-2.0170004765746534,-0.06543972562046702,-0.24522838438465652,0.0,-0.7967198101594236,-34.13570657964531,0.0,14.28356590700227,-29.624020664746798,-14.035721680032518,-1.4211414205739075,-0.39699236894353596,97.08977165477118,0.0,377520
-118.29141172002117,13.404031248453908,25.394008444465022,1.8451411774512858,-1.6339500379860057,-1.5969062728641943,7.002446493646539,0.7569161627005337,1.7775778299173908,0.0,False,INSUFFICIENT_RUNWAY,888,88.80000000002292,2,749187.9318698753,1330.7489653529012,4217.065869370422,1283.3400666622208,dry,0.9765715765353338,6.2207542494618355,10.453838320136422,1.1127400996073795,0.43066094107905906,2.176030531796778,1022.7968139847821,0.9628836403028641,nan,nan,nan,nan,101.81435117993213,1.0039920038680066,-1.3969696619707506,129.79097012223835,140.17424773201742,1674763081,0.08693113208278824,0.685511912664109,1.6123351752073882,clean,83.80243157505889,3.8847842101856385,20.693036626737165,12.88103595628181,0.0,0.0,0.04015968015472019,0.0,0.0,-8.879999999999855,-17.72724796600686,0.0,-0.2704504944231516,0.0,-19.020314668553787,-49.615513504140935,0.0,2.296760355365615,-40.99377017018469,-44.277781427705314,-11.104538880882753,-3.011907177009284e-06,0.0,-50.0,378408
75.05143129907889,7.358187798278332,15.485944774385715,3.8954664365821468,9.729796471304727,1.7898090590340927,2.6408175305321313,0.6999763635100503,1323.5892273830482,1.0,False,UNCLEAN_TAKEOFF,630,63.00000000000239,1,696774.1784518217,1324.4698057592955,4342.669381228646,446.3655692103746,dry,0.9940516702375496,5.801699247993581,1.32739564024503,0.0,0.0,-1.3179792522792555,1012.477067267468,0.9486490316463513,34.79999999999803,1240.8550927898966,58.09999999999849,nan,163.64718626408663,1323.5892273830482,3606.643307848708,125.04548917477771,135.04912830875995,1022083825,0.4782800159063366,0.23910075485948007,0.43855079874691777,clean,71.37745910921933,8.843899055219833,15.45469138570809,10.914647695185216,17.067735358694176,26.88602844099577,39.99999999999997,4.999999999999998,0.0,-6.29999999999991,-3.7900049372312514,-0.010161335674986099,0.0,0.0,-7.763918336228664e-05,-31.407765712584794,0.0,9.790733122449513,-46.79946490237611,-11.79870525258403,-0.1108757486675431,-0.06670734009053277,0.0,-30.0,379038
-361.97243744388254,44.68453583662239,121.62262161182032,26.462527431786313,25.319252320732595,12.015784684506405,21.3299667377156,0.7507135851613632,718.3055937813501,0.0,False,CRASH,845,84.5000000000195,2,635930.6943552485,1338.610425273356,4240.84935121193,1235.1213315520286,wet,0.819270464529231,14.031491062808808,7.135125338446461,1.2975151864950187,0.9915827650705856,3.128595153426133,1005.9008321258469,0.9635687350537548,36.19999999999795,992.9732079537027,nan,nan,136.82421665775595,27.91692820271146,-4439.276920105559,120.7764841277255,130.43860285794355,975234078,1.3377243591865008e-15,1.4817194519491974,2.6050673760736576,clean,76.1515857809302,9.405397607133967,14.006650385397286,11.789554415774868,13.642985681856128,22.54266136850384,1.1166771281084467,0.0,0.0,-8.449999999999864,-82.87444862467474,-51.32452813887351,-8.685353509261045,-0.6213731642567033,-38.14832438294349,-47.104677783003936,0.0,12.58981111828021,-84.59025137398422,-70.21374501296889,-21.880280654562952,-9.324778285335853,0.0,-100.0,379883
-31.23198561914438,9.04659278113414,15.225025684657606,1.631811564412944,-1.3645993642641554,-1.337699275605173,3.3124412645355426,0.8096441913496804,2.004465709128908,0.0,False,INSUFFICIENT_RUNWAY,888,88.80000000002292,2,794069.1279799566,1321.9255013806226,4412.784372353229,2311.7448840984257,dry,0.9777966572223681,3.7798905665589713,-4.716268582657453,0.32227789022188946,0.7145963232649767,4.84787633733913,1021.2689716361926,0.9348024452702133,nan,nan,nan,nan,109.95652962822095,1.2534646028498173,-1.984399791695104,134.33590662771294,145.08277915793,1528193555,0.41894841061297894,0.19353081658693588,0.43583937727149874,clean,87.35931837704949,5.3157326505786315,22.628975959549308,14.88000110714364,0.0,0.0,0.050138584113992676,0.0,0.0,-8.879999999999855,-8.074962973503268,0.0,-0.00030028975603176955,0.0,-0.741877456524936,-53.66436548442224,0.0,3.62670160180883,-33.54740275641028,-10.01726975034834,-0.16667518842304108,0.0,0.0,-50.0,380771
-110.19752056199454,14.577708389598198,25.440641840055555,1.5330328309112995,-1.813668945694813,-1.7602488669314713,7.710715967331261,0.789793696252918,2.24122940189136,0.0,False,INSUFFICIENT_RUNWAY,789,78.90000000001504,2,810529.9431384299,1318.6350618713316,3998.5573956248013,1879.772299721474,dry,0.9026899539844733,-0.4622986663515536,-10.617936103972035,1.0810551351229551,0.5763060528208225,-7.385824748139,1006.7090273844191,0.9443753059610416,nan,nan,nan,nan,125.77582912795019,1.64197272549859,-0.014045557413240317,133.81481053180428,144.51999537434864,580302179,0.07833051622629608,0.5882527279086192,0.9635535957154943,clean,79.2038134011521,4.266981105632629,16.50565463573667,15.54934381792303,1.449760143989974,0.0,0.06567890901994367,0.0,0.0,-7.889999999999876,-18.630006679212848,0.0,-0.7122543023423028,0.0,-13.90671202801218,-45.93392686900387,0.0,4.781769588811911,-63.53788495373961,-28.515569055304358,-2.8941682766448955,0.0,0.0,-50.0,381560
79.38239545717812,10.171383298476744,20.89617077574006,11.244549635947259,11.117064249707937,0.5280533175193419,8.4908261391603,0.7286534146130308,3153.115321691187,0.08571428571428572,False,UNCLEAN_TAKEOFF,1189,118.90000000004687,2,615725.8605113331,1337.330953354655,4536.063469639751,1402.6811895952414,dry,0.9381474458966368,-0.06708891391480432,-6.835133194779443,0.5676567890803175,0.5942859008174911,4.889177911485488,1023.967972426531,0.8750140287842796,31.59999999999821,1036.9795427814722,55.999999999996824,nan,192.26546876369804,3153.115321691187,7278.071106213148,118.14467215903434,127.5962459317571,792038175,0.19220199055052636,0.3598477675455995,1.182744154134725,clean,188.63412118596548,11.953182976326698,17.12396669844344,9.377073021613375,11.193520325153347,63.27111581217391,39.99999999999998,5.399999999999997,0.0,-11.889999999999791,-13.667824269465315,-7.486780632292767,-3.459636426946783,0.0,-17.210669871900144,-63.48475230022655,0.0,13.086248905408135,-84.84871442309463,-40.42670644756336,-7.1735144345438595,-1.0082346618714382,0.0,-30.0,382749
-44.92858003094658,10.158748226068564,18.54902665893917,1.2246645063719166,-1.5702229260490708,-1.5515875168316604,5.356508058652462,0.8751641784213265,1.7460711682490455,0.0,False,INSUFFICIENT_RUNWAY,919,91.90000000002539,2,732280.2701283838,1331.612282123204,4110.281326688813,427.2617212363594,wet,0.8876841884853613,9.686975229203854,-4.566734993356363,1.427888630697206,0.9264793002676741,8.21727030740945,1003.9967470966747,0.987494798667076,nan,nan,nan,nan,129.669288378107,1.7460711682490455,0.3942315179853395,130.85442726162836,141.32278144255864,139368607,0.3155667260534819,0.22510400583636472,0.500321076371308,clean,81.20197680371137,8.812803573541208,23.396982483853254,15.965250546668686,0.0,0.0,0.06984284672996174,0.0,0.0,-9.189999999999849,-10.537883568164254,0.0,-0.06470789218306518,0.0,-1.8510324806372813,-61.57488590421858,0.0,6.3182356040791605,-32.98760221273699,-14.207364923423484,-0.28019490816625464,0.0,0.0,-50.0,383668
403.20525675661855,4.562900618583663,10.202252341197822,2.456953035698003,9.931540632319523,1.2995978626257114,1.8250753199342649,0.6759114743361619,1289.7832392405255,1.0,True,SUCCESS,624,62.40000000000191,1,727916.147997523,1328.3375378541161,4350.4176021068315,401.6417391733351,dry,0.9931104962279129,3.993605864242598,-2.9042151775773286,0.0,0.0,-1.56375220025887,1014.6221647717217,0.9508296594450323,35.79999999999797,1289.0253294523295,57.49999999999801,57.40000000000191,156.24680499183813,1289.7832392405255,3516.611838226603,127.61947820631107,137.82903646281596,2011260348,0.7393481220301694,0.16327899028897228,0.27413305346763484,clean,68.27569657508654,12.990945101056099,15.651513031106765,11.323507155177152,25.509316692450735,24.724792433711457,39.99999999999998,4.999999999999998,132.66666666666612,-6.239999999999911,-1.4435243024849358,0.0,0.0,0.0,0.0,-29.54487239326106,0.0,19.188587116918686,-21.220518417389602,-4.570155379236029,-0.008194937751530412,-0.0007208899573604537,110.90221830452542,0.0,384292
44.689397606022794,13.954205741444436,22.755017071182348,5.311637021130436,11.413962409256825,-0.7570499916911043,8.25900212425859,0.7828401802265131,1405.2975931861258,1.0,False,UNCLEAN_TAKEOFF,769,76.90000000001345,2,750290.1115362177,1316.0394136964333,4517.227451619697,1124.2447343754466,wet,0.8762732409885725,4.903212375784994,-3.1192746688295876,1.5294604979658388,0.6900027331682383,2.8670308989261972,1017.8186030899138,0.9284122003221216,43.89999999999751,1719.0253018801561,72.00000000000955,nan,159.9516691144026,1405.2975931861258,4372.128310533936,130.35851638619022,140.78719769708545,1363133090,0.12525436421911748,0.28165693223435356,0.7383302502618518,clean,92.67495567135099,5.729455579913043,15.850999383339678,13.224396180902911,17.895366063528126,24.62879148360288,39.99999999999998,4.999999999999998,0.0,-7.6899999999998805,-16.637730078393044,-0.2903289108374542,-0.688538796795966,0.0,-2.6957371335540756,-44.7629710309378,0.0,3.3757064373086867,-50.951636720945274,-18.094764932782965,-1.1052729634684149,-0.7732926262082079,0.0,-30.0,385061
354.6091669752101,7.043151547075513,14.612052821709153,4.0093146954144405,10.680825600041544,2.85561908180573,2.016404983022871,0.6774366810340288,1287.608695585763,1.0,True,SUCCESS,645,64.50000000000358,1,742539.3600589215,1330.4150223603156,4238.943341111859,241.61170060590908,dry,0.9607291640617976,4.443110794735779,2.6586820950695063,0.0,0.0,0.9567406293338703,1014.0117432965825,0.9558160464912282,37.19999999999789,1350.2161080755657,59.59999999999968,59.50000000000358,155.81010184820153,1287.608695585763,3233.1924364538745,129.49951543346933,139.85947666814687,1883199047,0.5117124080353223,0.21928144703539423,0.2805803701802161,clean,71.15431252493585,10.686372631649922,16.313565426004203,11.870250820836866,25.741752003485672,26.18187906769517,40.0,4.999999999999998,132.08333333333235,-6.449999999999907,-3.5550954995801733,-0.009723478439617059,0.0,0.0,0.0,-30.705119450736124,0.0,16.547620260819986,-27.319530876812077,-9.641505693253125,-0.014612454610204103,-0.03119284541669845,76.75686120529834,0.0,385706
-100.51675822305747,11.460111954266766,25.115791277208558,1.6381580927793884,-1.2407527692600933,-1.1826413595388765,6.036414908890801,0.7778055140980903,1.9579138157776157,0.0,False,INSUFFICIENT_RUNWAY,997,99.7000000000316,2,860239.4030694162,1332.7142213932336,4485.576274843418,63.20837951247049,wet,0.8404519404642443,5.750280627162363,-7.469079405742194,0.806223484792894,0.2487028266910768,-4.288120609005006,1015.3025834536595,0.9977437791992381,nan,nan,nan,nan,103.00024444975686,1.164324928460303,-1.936096777210139,138.0276977550358,149.06991357543868,1582421304,0.1822332542920081,0.2877913838803909,0.6986099156380258,clean,89.24381079013308,8.988934571298243,23.273088164941388,16.367956248334334,0.0,0.0,0.04657299713841208,0.0,0.0,-9.969999999999832,-14.548907056257212,0.0,-0.24429190073656062,0.0,-10.29215302516224,-57.97833504510956,0.0,8.77312919678866,-80.68659769972558,-22.046993909769007,-1.442971554930578,0.0,0.0,-50.0,386703
-142.33559505086419,5.227361578432041,11.400180927330538,11.624549804012304,9.067678231621054,6.232357753104589,9.81895335025368,0.7347850702494461,115.48898187132681,0.0,False,CRASH,524,52.39999999999703,2,781900.963741118,1332.3038886204392,4042.4801501408097,1448.589145610419,dry,0.9683671543081542,14.488789707786296,11.327952399222022,1.6954931074513957,0.9172360635888716,2.8953603448418495,1015.3834179072969,0.9579108530198457,42.3999999999976,1462.1329604244866,nan,nan,141.97935295188105,16.433953797768254,-2842.015246378751,133.24225320775923,143.90163346437998,425682864,0.26426547417090196,0.8116723645947846,1.691089006950885,clean,42.04905513902955,9.37854838889358,9.077864237034536,13.807719121159026,7.379444526082449,4.428008955718186,0.657358151910729,0.0,0.0,-5.239999999999933,-1.5909402170615314,-2.1578010150236206,-1.1145964591477702,0.0,-29.205247999319457,-28.29811087080506,0.0,12.544991416490904,-38.625469553263194,-27.521411162938037,-6.965065709935984,-0.9399419996883263,0.0,-100.0,387227
105.18654694133636,8.665414086029005,18.08322456807373,2.781193794615608,8.932183875478135,2.7719916917757486,2.0851715070647003,0.7157736196183554,1248.7669764325203,1.0,False,UNCLEAN_TAKEOFF,694,69.40000000000748,1,762145.9641962793,1323.441246128323,4627.854397760753,401.92648198786,dry,0.9726580710454649,3.501429344442349,1.6607771151409954,0.0,0.0,3.4147887067607003,1013.0309193923775,0.9527886549098434,41.199999999997665,1545.304186327908,64.50000000000358,nan,158.76138618520253,1248.7669764325203,2915.3238990954733,131.8184046138753,142.36387698298532,384236439,0.385870116767686,0.21937638814434293,0.25106305252167627,clean,77.31938738642138,11.285707330055997,17.23682310700296,13.350457496747175,26.74717492393769,26.66004145292822,40.00000000000001,4.999999999999998,0.0,-6.9399999999998965,-5.7902271655500845,0.0,0.0,0.0,0.0,-35.67190540326537,0.0,16.471523777299783,-39.68988091544989,-10.78447828201055,-0.0034092329520768617,-0.004667533828836077,0.0,-30.0,387921
104.36739334197105,8.090392030646218,16.745808668982924,3.6323980542112206,9.86166065301836,2.8826441689904643,2.153717329532267,0.6965581532865287,1286.457100910844,1.0,False,UNCLEAN_TAKEOFF,626,62.60000000000207,1,737631.7201786992,1323.3002373539487,4612.530823772378,100.00911094242481,dry,0.9967657816813595,6.706706947336832,-3.447879924065858,0.0,0.0,-1.2747136093551577,1010.5968918945597,0.9595378018020435,36.19999999999795,1347.9822318406855,57.69999999999817,nan,156.64048781192622,1286.457100910844,3327.6360841242154,128.788821294322,139.09192699786777,1302862236,0.42073507926002945,0.2581496760386634,0.3003416116361366,clean,69.02672345331243,11.14568817957478,15.491378259631508,11.322882689370289,27.67833606692192,25.338513564270066,40.00000000000001,4.999999999999998,0.0,-6.259999999999911,-4.552720161019382,-0.008377405267880235,0.0,0.0,0.0,-31.132776334696796,0.0,19.830811956765086,-35.315686745921624,-13.109354589563045,-0.022601551632190027,-0.06542403977400538,0.0,-30.0,388547
-47.29774724886741,11.00343497160482,17.111103266102106,0.9747985328938775,-2.477403002790138,-2.4647532072805958,2.9053677502841966,0.8276042826236437,0.9382837994485271,0.0,False,INSUFFICIENT_RUNWAY,1256,125.60000000004264,2,824170.6074388722,1330.8450499450705,4547.980358831599,689.7798434327842,dry,0.9659457137567118,12.929548005088897,-2.112660901892447,0.1346259647871173,0.5887287254924495,2.3830661056334215,1001.6351794831082,0.9797800189240299,nan,nan,nan,nan,81.407361769221,0.5492947013899538,-0.8137517430021646,137.61074537586367,148.61960500593278,2106550991,0.30346637833597767,0.1548682208070534,0.3994299225535968,clean,90.40412238016172,9.289058645905587,33.22520461660767,12.04179044931645,0.0,0.0,0.021971788055598122,0.0,0.0,-12.559999999999777,-16.896769994996145,0.0,0.0,0.0,-0.008294851675298023,-78.70404952219509,0.0,11.695613304882595,-37.82236656933222,-7.766705562085675,-0.2173219335121757,0.0,0.0,-50.0,389803
-266.5458275381821,16.16457098412742,29.909766840259636,17.971409490492782,9.269336124784303,3.321851985322141,20.783189950369376,0.767010672021796,343.49339037086736,0.0,False,CRASH,1125,112.50000000004178,2,673698.8149472723,1317.7189355089183,4413.323754792269,583.7400469530737,wet,0.8180727984096087,14.30214360989386,8.666091166804533,1.6960314558023455,0.6988938957944171,-0.10073411358647988,1007.5227748696615,0.9824764818159448,73.10000000001043,2568.055011958757,nan,nan,149.37273833688783,6.148645717445902,-2186.7858866815336,123.52066730949446,133.40232069425403,1086567956,0.01833975901913803,0.6186472042085049,1.592017258814184,clean,104.79455129876955,4.294442628700904,21.1492479566415,13.644281660766255,22.201666739782343,13.316528692260352,0.24594582869783024,0.0,0.0,-11.249999999999805,-32.661669387611774,-13.461790655987675,-9.1178678941902,0.0,-35.644302051522274,-63.85168279167307,0.0,1.702862709413807,-92.70345816005425,-73.9400116804789,-12.38120172281282,-2.883370708882141,0.0,-100.0,390928
-154.25770513587588,18.29562829451534,26.345824633430702,1.360475970127841,-2.1917511291384244,-2.1295267207121684,3.399625425825139,0.872990325012261,1.2178507275446009,0.0,False,INSUFFICIENT_RUNWAY,1165,116.50000000004496,2,827066.1048899948,1320.8274221440256,4593.648935660927,1053.4223685018062,dry,0.9470411750017413,12.41281200683083,-6.504260095602204,0.5259290939423993,0.40518806205773883,4.552626518345262,1021.7307523588792,0.9696579087229316,nan,nan,nan,nan,104.09777278199164,0.9857873199212008,0.036131035600206474,136.99855164369166,147.95843577518698,727895293,0.0410073697822936,0.30600208604497486,0.6011877483620369,clean,90.88353776647831,0.37080042346120357,29.805629506741145,12.53325445553064,0.0,0.0,0.039431492796848024,0.0,0.0,-11.649999999999796,-43.32894079056631,0.0,-0.0012862383093772856,0.0,-7.430127370914501,-78.02889793821089,0.0,0.0025561122746471598,-62.83152607202169,-33.87188812178607,-0.7502483613490586,0.0,0.0,-50.0,392093
97.67388552086683,8.560325051299937,17.557660896660536,3.9999675378482236,11.312930593772963,3.0851107277254823,2.526912984765858,0.712028120789525,1253.9634633774933,1.0,False,UNCLEAN_TAKEOFF,631,63.10000000000247,1,732168.5935066465,1322.0120538589895,4713.557519406929,38.14653490667275,dry,0.9603636811235868,1.2120798306220557,1.060938549842073,0.0,0.0,0.38053529238288064,1012.6603658676527,0.9624339442659703,36.19999999999795,1305.5283460472983,58.19999999999857,nan,156.5043088334752,1253.9634633774933,3228.560290733362,128.54947861481438,138.83343690399954,161346233,0.3778381968895696,0.2861519604217932,0.32195458705291924,clean,68.54223392074894,10.352434832342002,15.505778694616884,11.44922797812095,30.61335583586686,25.736357199311843,40.0,4.999999999999998,0.0,-6.30999999999991,-5.137683678316584,-0.011844013324874288,0.0,0.0,0.0,-32.505564010230785,0.0,12.80412286696501,-33.87301545063539,-14.369911987915343,-0.06711711879101066,-0.054489547891530585,0.0,-30.0,392724
-94.95488043205981,16.949656367649567,30.121383360112187,4.104672241624135,-1.4442544211605775,-1.4833678068337743,7.444830376699868,0.8307019712451875,8.173781668822812,0.0,False,RUNWAY_EXCURSION,551,55.099999999996875,2,700681.5671100651,1317.8371843613427,4327.451012215767,2465.5808160940937,dry,0.9169505670797233,-1.94977490523233,-8.938669278797166,0.9401302908987181,0.008153019776615866,-5.206230508546141,1017.4925115402625,0.928023840556248,nan,nan,nan,nan,157.09984657193613,6.655534856440227,-25.771945891677817,124.23546511163022,134.17430232056066,976210525,0.04247133335010626,0.3370773730905056,0.8474476704321203,clean,47.40753917973813,1.8844800477545056,11.261704458847293,13.68864718968847,2.310986789691028,0.0,0.26622139425760916,0.0,0.0,-5.509999999999927,-17.588584321194816,-0.010124242756544983,-0.18311762360828604,0.0,-5.058288734547016,-34.335694842828275,0.0,1.4150523321602477,-32.62373144200777,-16.105963716776497,-1.4790503019764583,-0.2949565985013962,0.0,-60.0,393275
-125.66704705302642,16.54037572737654,26.605682818668637,1.9085721183476212,-2.5178674382134134,-2.373713128183481,5.660257785534543,0.8388303450525344,1.303838528473534,0.0,False,INSUFFICIENT_RUNWAY,966,96.60000000002913,2,821481.6513166286,1319.6325188036876,4173.116571592326,2484.0770814360135,dry,0.9418381158744179,4.185835879296212,-10.086362101258118,1.7621252798066909,0.9530070097252048,-7.805602768286715,1009.9619988433059,0.9270376460010269,nan,nan,nan,nan,107.68890659181395,1.0594444620792274,1.7869484401058955,134.39810486944913,145.14995325900506,144791336,0.06064106825767602,0.32752630355000956,0.6532853799373787,clean,82.82159261536592,5.638212451101605,23.605660867088933,13.799713759900914,0.0,0.0,0.042377778483169086,0.0,0.0,-9.659999999999838,-29.36468580109914,0.0,-0.110721426014536,0.0,-24.914649385200757,-61.42130013433362,0.0,7.374339155487758,-50.89560067698971,-31.72300143279191,-0.8589848240245571,0.0,0.0,-50.0,394241
-96.3527489997847,13.85083005778774,42.059196717688685,11.581615365660692,45.52167968091328,6.624757438441973,12.683241002646161,0.7790264741585344,953.7013070452931,0.0,False,LOSS_OF_CONTROL,1407,140.7000000000289,2,767855.1475149513,1339.7201737555413,4187.703611591256,176.63314267430786,wet,0.8809238546873938,6.305755735337295,1.580880460889702,1.9115580093042266,0.7169290040015122,5.1351240801131475,1003.2201810139621,0.9675582886554791,42.3999999999976,1398.216881384542,nan,nan,196.79404462575016,953.7013070452931,12885.794557348154,133.34825133250908,144.0161114391098,1720259465,0.018340980254276995,0.604560615441807,1.516669411162684,clean,201.62874971290643,16.67872871599747,21.353514241623095,13.922593572807765,34.3161817244949,37.89187528065383,38.1480522818117,0.0,0.0,-14.069999999999744,-29.991845450959005,-12.241706356296492,-7.745267392359939,0.0,-29.965866909630137,-81.42991206054283,0.0,14.541933729981821,-123.16376665510133,-77.76225833852988,-12.94558760113159,-5.518167495508377,0.0,-80.0,395648
-104.4934104867477,17.38141170700525,24.370107283023998,0.9078247061803497,-2.6314598601247767,-2.6459110115039413,2.9514535554047576,0.8707882111384481,1.0005687145314823,0.0,False,INSUFFICIENT_RUNWAY,1228,122.80000000004519,2,820992.9965016261,1317.8096936789832,4588.263179705388,548.8224292999791,dry,0.9825403351067776,10.397805019459064,-1.0779101541648601,1.2789049523600664,0.4862235314381058,4.5763526120312115,1018.9939854396897,0.9839376215621196,nan,nan,nan,nan,96.00351059330596,0.8209627311027816,0.05616474308455466,136.68334978843055,147.618017771505,855419081,0.05962314563244598,0.24443727911236932,0.6026501571421109,clean,90.76448501221601,3.9615204438867884,32.498474373409714,12.555965366583177,0.0,0.0,0.03283850924411135,0.0,0.0,-12.279999999999783,-41.22170497289982,0.0,0.0,0.0,-0.05269941649572168,-81.82633841223819,0.0,5.4288129260252544,-40.71671857235198,-22.680214516294594,-0.9578312278320134,0.0,0.0,-50.0,396876
-101.02851588569669,11.10300769414382,30.111592466285597,0.42552171282526685,-2.584250912665605,-90.0,16.5160666370216,0.7573242727861986,0.017203703516486257,0.0,False,RUNWAY_EXCURSION,223,22.299999999998732,2,679572.2893488196,1333.1964892806545,4283.731277170167,284.8791970926712,wet,0.8038848535243601,9.289141079798886,-10.645684947602676,0.15076152719825964,0.6624944160553765,-6.287775675234752,1002.4220886980775,0.9911273579168776,nan,nan,nan,nan,44.33406560730909,0.017203703516486257,1.4457104195576953,123.03020323339244,132.87261949206385,1553182713,0.1445146269521277,0.26529190878072106,0.8881297834078057,clean,3.5080879691440563,1.2109111999806135,0.37062864971107506,3.5507685078986655,0.0,0.0,0.0006881481406594503,0.0,0.0,-2.2299999999999964,-3.0545246564373727,0.0,-6.387319317466357,0.0,0.0,-12.44079192227235,0.0,1.1833136911469517,-21.282863954931887,-4.954092576122701,-0.5033216244880891,0.0,0.0,-60.0,397099
-39.948844674852594,11.669996716825814,41.29681218141587,17.07751290330163,43.114330488645585,16.035345873023665,11.959758720444214,0.7798933841649766,2104.8177966669164,0.00847457627118644,False,UNSTABLE_AFTER_LIFTOFF,1030,103.00000000003422,2,628308.6784088117,1335.1006598723122,3900.5704828455378,2182.7657805842364,wet,0.8599852876834831,-1.0827086791616507,-8.897138684594042,1.4030547082375329,0.107856112580764,5.528997816676807,1000.5329526632221,0.882249751369535,39.099999999997785,1339.563044803716,91.30000000002491,nan,67.38536758827169,2104.8177966669164,2111.6738434586264,120.86708905301768,130.5364561772591,775180233,0.014591006040340564,0.8109081809724363,1.310001818232162,clean,126.00389504884353,15.01025449852727,22.635690686019597,12.394270016919602,25.132901563169707,47.03150001055673,40.00000000000005,0.1,0.0,-10.299999999999825,-15.586054230205225,-8.873091761677188,-1.414667061630251,-2.031519023649697,-30.040582483339577,-59.399870096644285,0.0,9.823570887625683,-73.95806029265385,-53.16459011680685,-7.636782084046717,-5.675710235859577,0.0,-70.0,398129
-111.824012247083,4.589507263552502,8.099480308989339,7.206403261890347,16.213199368619783,15.099397856173637,5.162295266963166,0.7725052474566001,248.1559486165711,0.0,False,CRASH,787,78.70000000001488,2,737978.1070678874,1339.4411751001303,4314.05037675402,1041.8086886992487,wet,0.8412612710214621,-1.6300522010608236,-8.088781202622295,1.6583209510704724,0.4136992555062422,9.430789529886322,1002.4977665541306,0.9703101330024305,54.09999999999693,1712.4378893259973,nan,nan,120.85601889651625,5.526698184254201,-1349.5114123077324,131.7295672982574,142.267932682118,1711780689,0.6342654810286592,0.326023874689033,0.7075554408389142,clean,65.77602996530217,13.036718041587203,15.307517522873761,15.055220312758141,4.629571222221226,9.529766281381983,0.22106792737017025,0.0,0.0,-7.869999999999877,-1.8418927819747004,-0.3962694918132235,-0.10698179841755288,-18.539056539156103,-6.808704649756145,-44.94632121306194,-0.10576998916545749,11.4156496448011,-40.58266548573799,-23.409202300909705,-0.9877728264849024,-1.2009160889010428,0.0,-100.0,398916
-98.75609249333363,12.878738641135792,30.26819691891435,0.34333479561279134,-2.5432882964329337,-90.0,14.36827716241892,0.7708044401859042,0.0,0.0,False,RUNWAY_EXCURSION,219,21.899999999998755,2,650764.1291322216,1330.0962201994002,4355.109081587116,1700.067965679075,wet,0.8302621669419136,10.178463785085928,-10.448265596907477,1.5692970155078212,0.8339093083239216,-2.2180424732059745,1007.8073947164334,0.9504456372675544,nan,nan,nan,nan,40.0868974061462,-0.005953535569005908,1.1191386025274852,120.93587987617452,130.6107502662685,763106555,0.10940280966060766,0.20650782345607663,0.8663201108030802,clean,3.1535748701400665,0.42299770487791316,0.3577276349619116,3.528942461391857,0.0,0.0,0.0,0.0,0.0,-2.1899999999999973,-4.035973118675985,0.0,-4.026264228680267,0.0,0.0,-12.470830039146536,0.0,0.04464233849529267,-20.314841847778563,-2.7993032510564735,-0.42676501786284704,0.0,0.0,-60.0,399135
-51.04646852927365,7.709651667079884,11.976704470036793,1.4510885270549307,-0.9164701532236507,-0.8696966029446994,3.2772953226241857,0.8122487560243146,2.0137156025837157,0.0,False,INSUFFICIENT_RUNWAY,771,77.10000000001361,2,727306.5483473337,1329.212973800896,3972.2860583113797,1178.930380802104,wet,0.8216246684443868,0.6558801220219799,9.73858503105282,0.8103399687088455,0.5624088638218809,6.634876537436472,1023.0769656948015,0.9663212022312405,nan,nan,nan,nan,127.88227777912442,1.7658873637933539,-1.8766969423468538,128.8421556025839,139.1495280507906,1284319632,0.5291295044426723,0.24312462514364488,0.5735919021889222,clean,78.4455510583411,6.479911617947196,18.089268853719947,13.938112638071704,0.39923283297711715,0.0,0.0706354945517341,0.0,0.0,-7.70999999999988,-5.091917769573618,0.0,-0.0005959582552739501,0.0,-9.814296620045482,-46.60648526789271,0.0,5.958316178868984,-40.67553983684435,-13.96939582896999,-0.559265890432809,-3.173709011233195e-08,0.0,-50.0,399906
-57.06294225937601,12.399174175214679,15.343831291542813,0.8915082325893663,-2.3472625941824337,-2.32013386086163,3.77429981735624,0.8583555719971111,0.788313189085244,0.0,False,INSUFFICIENT_RUNWAY,1105,110.50000000004019,2,773623.488819892,1336.3449116495158,4001.203026858835,188.87117100608114,dry,0.9814673156023209,5.930584156829652,-5.209803087321516,0.6600409693190925,0.09658962364325285,10.89836101668416,1012.4568230389708,0.9943325499026427,nan,nan,nan,nan,84.03637919193075,0.6770879759353932,-0.42408560861977307,134.53896067680702,145.3020775309516,1198894910,0.2594277342079442,0.1343955841467598,0.36248687727870477,clean,79.19050839035276,2.584511259138019,29.5030478978678,11.24626597170622,0.0,0.0,0.02708351903741572,0.0,0.0,-11.049999999999809,-18.875796650130933,0.0,-0.0026336150609339456,0.0,-5.719251081225963,-72.10890976322553,0.0,3.1639708206160932,-19.83530314282553,-4.990358590071808,-0.19607727555330165,0.0,0.0,-50.0,401011
-47.08628504985731,4.021275048739794,4.021397886506313,0.009399530180190603,-3.2453951815618427,-90.0,0.04290890947355026,0.6483117547938198,0.0,0.0,False,FAILED_TO_ACCELERATE,301,30.099999999998296,2,814045.3503545672,1319.7050655330768,4083.81374189779,28.52442359969315,wet,0.8365615815184381,-0.8523055780549806,2.6890341624943503,0.22906953828060717,0.34853101255786334,2.7681844261138657,1014.2520933536773,0.9988354761313716,nan,nan,nan,nan,2.9745179214735415,-0.22032079813457983,0.007673857558451372,135.99957936137525,146.87954571028527,678567611,0.8778628434085346,0.0,6.0387430268125324e-05,clean,0.0007952656282195384,0.00041283891452204425,0.0005911592579093547,6.86563603003464e-05,0.0,0.0,0.0,0.0,0.0,-3.00999999999998,-0.5408185064780878,0.0,0.0,0.0,0.0,-13.537369059570356,0.0,3.459603017508226e-05,0.0,0.0,0.0,0.0,0.0,-30.0,401312
-51.836558620501535,1.5880736878854822,1.5960158636784108,0.1304473445282715,-2.889225865809949,-90.0,1.9035993439301617,0.8221850127872836,0.0,0.0,False,FAILED_TO_ACCELERATE,301,30.099999999998296,2,826862.7381363054,1340.7717296791184,3833.2183434216554,2220.597792278634,dry,0.9946687998503458,14.239734587150831,10.434364527895644,1.7942225676580887,0.14439778063875774,8.026164317379493,1020.6807186984968,0.9379922760771211,nan,nan,nan,nan,17.351987527879935,-0.15134988784257075,-0.02025858113023845,137.86295867842972,148.89199537270412,1271101547,0.9798198273000565,0.0,0.0032120935346386876,clean,0.005100071102728806,0.004831045536290215,0.0034761206088235047,0.02912452431018414,0.0,0.0,0.0,0.0,0.0,-3.00999999999998,-0.08434615438715704,0.0,0.0,0.0,0.0,-18.79185106678943,0.0,0.007106839117037425,0.0,0.0,0.0,0.0,0.0,-30.0,401613
-177.08318990153458,12.235706290718664,26.646499734172828,17.303338311151535,18.707952198286392,6.136728010944726,7.298475198429417,0.7088121511850936,341.1514137013796,0.0,False,CRASH,522,52.19999999999704,2,620709.5613488754,1335.008901682604,3807.043662056835,2084.9283912064493,dry,0.9229774127309223,0.17549879767158894,-11.887593705996746,1.2434789384854932,0.5465013435541007,-7.375595222259543,1024.0142818286106,0.9379854484932405,29.29999999999834,922.6225116918224,nan,nan,136.3119989427637,17.746821775781427,-2677.2080293857457,116.11030224789177,125.39912642772312,464923196,0.04309284304771328,0.7531835963494316,1.2975637927653205,clean,48.09884885397365,4.0368191172274,9.323437467231807,9.037369800694995,10.392249687636818,9.117355957357754,0.7098728710312565,0.0,0.0,-5.219999999999933,-8.683325489098468,-8.766646328098652,-0.3817682228501607,0.0,-26.119873855762677,-26.917385401072202,0.0,5.885466762699027,-50.43698345028051,-40.08027599963948,-3.614219897500461,-3.464131775084197,0.0,-100.0,402135
342.0466807455014,4.861168978453239,12.032210095661057,4.727205067018458,12.273853156772326,3.158321736187319,3.0689815542139214,0.7706845188077619,1381.3496391973763,1.0,True,SUCCESS,691,69.10000000000724,2,684462.2643031132,1329.4338626679078,4395.510618584011,408.5864778597523,dry,0.9821841952874035,0.62057425291782,6.654179277883042,0.346797879202007,0.8902099831301294,-2.5551571892536664,1014.2623797224445,0.9478540382711294,39.49999999999776,1341.4044199398436,64.20000000000334,64.10000000000724,153.71323461644127,1381.3496391973763,4147.295380714807,123.55933544169432,133.44408227702988,1171986792,0.6346046510692267,0.27188765542782223,0.6388285948452949,clean,73.77083917050885,13.757556127819548,16.657388126337363,12.741379023933106,19.03508762625038,28.529934943944316,40.000000000000014,4.999999999999998,130.80555555555355,-6.909999999999897,-1.8143328901577342,-0.1004353409431504,-1.619672634577082e-05,0.0,-2.5321914774022685,-39.2070836146567,0.0,16.578632303318088,-41.713039590564314,-16.970715804601745,-0.728100273221426,-0.04447460427404194,95.190697660384,0.0,402826
-21.624523616577587,11.925542063516495,24.875895068699865,18.069954882814972,13.096317645953024,6.663928454105161,5.6775502824782516,0.7657342041695334,1400.788153999477,0.5473684210526316,False,UNCLEAN_TAKEOFF,883,88.30000000002252,2,633771.6959949909,1315.1210435217104,3913.915422813201,971.4546068067151,wet,0.8047473394917954,10.519004546656777,-5.76436581512878,1.0278640245013502,0.963581652202641,-3.6635024565837906,1010.5243516535587,0.9311982384003864,31.09999999999824,1044.9622619123447,78.90000000001504,nan,165.0935496970957,1400.788153999477,2364.6065845716616,118.88433821252556,128.3950852695276,1894174780,0.037955529444186106,0.8830833626913629,0.8093271684751161,clean,106.39507459406798,8.126414926972732,18.644623803378437,8.756872852793421,29.49093261602071,38.803273544603634,39.99999999999997,5.1999999999999975,0.0,-8.829999999999856,-13.953220305353721,-14.949435881943355,-0.18530475141355174,0.0,-8.44243437172418,-49.898967608748826,0.0,6.2830003758204205,-93.12089881315212,-53.924611146689365,-1.736662421837597,-8.283181029370692,0.0,-30.0,403709
-82.53239118851171,13.256378794499849,30.04646530169503,1.0893278584427173,-2.5368713815508825,-2.552119631099801,3.1900016954340153,0.8344283589495072,1.4170091212408806,0.0,False,RUNWAY_EXCURSION,1149,114.90000000004369,2,861602.7805104667,1334.6122470065322,4138.406562290378,1029.4493345120418,dry,0.9200796018660043,5.640773773173429,7.549759849419926,0.3407029742424079,0.18711883913896565,11.986297786955951,1023.1710503645124,0.9710422084412648,nan,nan,nan,nan,121.6589102423332,1.4170091212408806,0.34186162160267486,141.4944716583468,152.81402939101457,822138363,0.09390908932404736,0.37283138302559116,0.9155332189497931,clean,79.0283876685663,16.948758715190902,28.87329919026223,16.717657787298677,0.0,0.0,0.056680364849635255,0.0,0.0,-11.4899999999998,-22.43506488622352,0.0,-5.009244616173395e-05,0.0,-12.199933944161929,-72.43661759250465,0.0,28.79304514114438,-37.414751775469306,-33.27566408381349,-3.6981376812043383,0.0,0.0,-60.0,404858
-215.9318041920032,18.529543945912792,50.66046173661618,22.481613964062298,28.833586557127063,16.02040754985177,14.96876136280284,0.7776813374393761,1768.6440474487258,0.04586129753914989,False,UNSTABLE_AFTER_LIFTOFF,1716,171.6000000000008,2,734141.5335153751,1328.6594779490113,3971.6817614304396,1127.6062855381017,wet,0.890423329335038,4.273569122900172,11.092213181023043,1.4314673005181726,0.8641874496877144,-7.986238710425517,1005.7315650497151,0.9153514593373643,48.29999999999726,1718.2073696540845,82.30000000001775,nan,108.03912268437804,1768.6440474487258,2519.9870118017475,127.27866862703476,137.46096211719754,386336714,0.0005727717372349499,0.9825911921798659,1.721336201895239,clean,218.666381384637,18.675478540788873,27.956274250912934,14.073964803359905,35.66945278933122,77.75129017848015,40.00000000000002,4.100000000000001,0.0,-17.159999999999883,-65.4642557794965,-35.52607699729407,-8.379000537086682,-12.892238326275567,-58.132265679947416,-98.86832395257044,0.0,23.709616862757237,-172.92861953747487,-101.96439143376489,-20.102643181271574,-15.116447577084903,0.0,-70.0,406574
360.70050166593444,6.7529818862439255,14.967387417089425,2.8731606171049444,10.215923273196275,2.202465982130207,6.343217941325727,0.7132165242514451,1301.956193995458,1.0,True,SUCCESS,668,66.80000000000541,1,761085.4027151394,1328.72308204317,4580.926719002663,220.7628962014816,dry,0.9915282311601513,6.977934942916559,2.519563408863652,0.0,0.0,-1.6929802587190643,1014.5621054497819,0.9556017353710738,38.69999999999781,1427.3940635204167,61.90000000000151,61.80000000000541,158.3207250206903,1301.956193995458,3598.3010616698716,130.46916998162004,140.90670358014967,919175655,0.5401902408383895,0.172035794374271,0.571292147102348,clean,74.65996282121402,11.923369098782146,15.807990640421457,12.376377384941145,24.94531258857774,26.569636649689716,39.99999999999999,4.999999999999998,131.44444444444295,-6.679999999999902,-3.3847385099741105,0.0,-0.13189536845729197,0.0,-0.5381543617917143,-34.353441891282465,0.0,15.16491575681579,-26.843564293880434,-5.7112727117082605,-0.5651397573437068,-0.011836950270788887,81.02853612575842,0.0,407242
-41.11306575717845,1.115778151606917,1.430221765899335,0.23483873959403948,-2.8697811285590955,-90.0,1.8647284750706279,0.801544488796496,0.0,0.0,False,FAILED_TO_ACCELERATE,301,30.099999999998296,2,731335.4515751039,1325.4394397927983,4479.06951103863,1142.7273438775364,dry,0.9828998063360572,10.964117443634489,11.983015226813805,0.803752863593449,0.1965976825504535,4.339654036017471,1018.047991344379,0.96713632600837,nan,nan,nan,nan,28.007916077450236,-0.11205234068734171,0.37256728635607583,129.01203600672721,139.3329988872654,397629223,0.9847780769802383,0.06544245631383623,0.27016111377032576,clean,1.7213645674776543,1.6771986200720967,1.218056366094876,1.9560641093898612,0.0,0.0,0.0,0.0,0.0,-3.00999999999998,-0.04163702510717867,0.0,0.0,0.0,0.0,-18.033746319035735,0.0,3.6212904634317535,-0.03466345177231154,-0.1672207232291269,-0.019772364500303077,0.0,0.0,-30.0,407543
349.0901488482943,5.958435040520429,12.764004141555422,4.25708588810711,10.86608428063459,3.8505858215910256,2.1374939655491563,0.73498451876535,1253.3325782965303,1.0,True,SUCCESS,679,67.90000000000629,2,677446.7551869039,1335.5519560548496,4483.165988282094,1283.0795415988819,wet,0.8628402886720976,-1.285647654649312,-0.2008667682849894,1.7515352540535756,0.3668447345984187,7.869799977913424,1011.4499662854433,0.9293874573371168,39.29999999999777,1472.5199881417961,63.00000000000239,62.90000000000629,156.9570524019185,1253.3325782965303,2936.269123765878,125.32177833478443,135.3475206015672,1879538362,0.5624387412523957,0.320305872242002,0.39130976343401785,clean,75.11509461135653,12.665139451507294,17.101628994366425,12.967824254768177,21.079551975346824,27.56434908426785,40.000000000000014,4.999999999999998,131.13888888888715,-6.7899999999999,-2.6785001979663345,-0.035227573353143735,0.0,0.0,-0.011762769962231384,-35.961711765909875,0.0,18.619853481534598,-32.34000302981619,-18.516277319556828,-0.07958392439492315,-0.11492650064028415,84.36581118785935,0.0,408222
-186.24518332796865,17.628129695858973,45.067760671610536,12.6825025730023,29.891030928096384,16.231273837075403,11.604147316875128,0.7978698621122098,899.7354013615666,0.0,False,UNSTABLE_AFTER_LIFTOFF,1390,139.00000000003044,2,702534.2866626325,1333.961422312545,4146.686441170541,1838.6248391615563,wet,0.8025606772497738,8.547153509271691,-9.425106145644214,1.620662272822606,0.5339658348618441,-2.59061478323072,1012.660743046709,0.9212587953057193,64.9000000000039,2561.6296405266135,nan,nan,95.26668003799169,899.7354013615666,2322.517848501999,125.27106839919972,135.29275387113572,1175467881,0.006310904988138038,0.4985855892880854,1.5083413941680985,clean,154.20585449227835,6.6654071186055655,26.936592153805737,15.23330165224166,23.985431443711065,33.146642789635735,35.98941605446266,0.0,0.0,-13.899999999999748,-47.99375884865505,-3.439975031405409,-2.4631074177283034,-5.026308406067195,-45.54829900355017,-82.91168733243008,0.0,5.027226273913542,-135.16947059917962,-64.53090313280319,-12.124142553733318,-4.3274029810680785,0.0,-70.0,409612
415.802579008742,3.5782727003188097,8.798865214850712,2.438067618643123,7.419527088057011,1.8886148906016673,3.610270034897075,0.7060535010883754,1277.6652198857128,1.0,True,SUCCESS,612,61.200000000000955,1,681230.2043775733,1329.1150362556946,4331.223275764301,26.992754875177326,dry,0.9991391631885262,0.3915047959418363,2.1861070932781077,0.0,0.0,1.2751228892304276,1013.1805280128094,0.9621809117418916,32.79999999999814,1116.2667280099415,56.299999999997056,56.200000000000955,163.23115220796677,1277.6652198857128,3473.336339246422,124.15734894461764,134.08993686018707,25987591,0.8057694749863437,0.16173430818907758,0.40672630127108766,clean,67.96406044039732,15.061187389071899,15.150071390283662,10.304123940615636,16.425155417914485,26.879583132595176,40.00000000000003,4.999999999999998,132.99999999999974,-6.119999999999914,-0.8706744152135858,0.0,-0.0016886032633322667,0.0,-0.04535682389812678,-30.556991985254882,0.0,24.582054543954644,-17.10254203693091,-4.573526984667808,-0.1168085066118835,-0.04148913820137212,120.86542124795155,0.0,410224
-86.72347515807344,64.19774359610751,404.9993739309428,24.60916757787329,17.81563484519688,5.209557165546321,52.087466165174675,0.7524728821342945,1346.9595600028717,0.0,False,ENVELOPE_VIOLATION,1141,114.10000000004305,2,751416.8962678281,1322.9662818505017,3926.0278718147256,1365.9843718967645,wet,0.8089707744498393,-0.572199137474575,-0.3425268506737327,1.7293772893065762,0.39896561689190757,8.976652476018767,1004.4156394319841,0.9526365876558325,50.59999999999713,2005.9033304715344,77.80000000001417,nan,175.034608436702,321.94586560618586,3679.4235095754552,132.6952378455409,143.31085687318418,1990041840,4.803474702693386e-94,1.577880462305601,2.1748161865803377,clean,143.422145471214,11.152580143601627,24.395616637961336,15.939972634107255,23.79904042381844,38.88839809293349,12.877834624247459,0.0,0.0,-11.409999999999801,-50.88118695985274,-26.81510539213645,-25.49599381300322,0.0,-22.389963635910348,-63.07246828298192,0.0,12.267701482679383,-60.356890850687584,-35.64450649050761,-14.325563985567767,-9.075085257987784,0.0,-50.0,411365
-130.38389873658278,17.279207234870146,25.154438472835526,0.6596098232194565,-2.1733557183098755,-2.2044937583527786,4.602098977561313,0.8656292646283611,1.1282906300498325,0.0,False,INSUFFICIENT_RUNWAY,1254,125.40000000004282,2,813287.3935270479,1322.8599982727142,4309.03391234616,2249.3200694039183,dry,0.9729658309550115,11.686417053625068,-4.387161251614672,0.781104382191081,0.7299262277397216,-4.573287868950022,1013.5854059572578,0.9344653485595679,nan,nan,nan,nan,103.69258089566142,0.9261141916681481,2.362064056489359,134.25421034997782,144.99454717797607,2086562229,0.05909323669230281,0.2260320441371911,0.5753720208751796,clean,85.52419058876009,5.604799988122604,30.631308360227475,14.940638768792887,0.0,0.0,0.037044567666725946,0.0,0.0,-12.539999999999777,-41.60089303807197,0.0,-0.025194163587465585,0.0,-2.2782883505493303,-82.581123708017,0.0,6.828444179200431,-64.19238004483917,-19.978676777991616,-0.7537691062960509,0.0,0.0,-50.0,412619
382.0761387917239,4.017990201959137,16.528443553505596,2.3500587696566377,10.105879448814697,2.2458746314398543,2.631586981386203,0.7442942583849255,1311.4848600631944,1.0,True,SUCCESS,634,63.400000000002706,2,685797.2333099685,1333.5569207289182,4506.653033594554,16.09244300063567,wet,0.8957973163758266,1.2149025682722883,4.748156758841455,0.38861754774161006,0.26237722956026466,2.8646121325900857,1005.3544672879029,0.9617357807109788,35.69999999999798,1245.07331595244,58.499999999998806,58.400000000002706,144.66434325356525,1311.4848600631944,2966.6363954905405,125.39968439767604,135.43165914949014,92871109,0.6301001521179844,0.18003587562703616,0.361160046242605,clean,68.1972455153793,16.676607181393276,15.893919383180343,11.513743060365684,22.868387366195943,26.410329902472633,40.000000000000014,4.999999999999998,132.38888888888812,-6.339999999999909,-1.1372723885296803,0.0,0.0,0.0,-0.4545946663368025,-34.28812653051518,0.0,22.855762348600763,-25.952125241403724,-5.97383048406639,-0.09233443251775843,-0.005483929080087347,94.51502281769767,0.0,413253
-53.479454861016364,8.314635834232256,25.704301805327376,19.918807395696582,45.07893835505891,11.521098512553808,19.08070751092281,0.8101257486256352,1917.4824636427938,0.0,False,LOSS_OF_CONTROL,1735,173.49999999999906,2,846269.193545919,1335.8003851102967,4466.169144562716,320.9897185888119,wet,0.8552541319380482,5.240059968163786,7.2422634584096475,1.0701689096797602,0.4237251497542185,-0.9174891275151289,1012.652280843681,0.9356019781026655,84.30000000001934,2725.199078325427,166.1000000000058,nan,113.43343852760836,1917.4824636427938,6719.917885969266,137.89282776613055,148.924253987421,1296800214,0.08696227696259673,0.4859719141305913,0.8665716820385188,clean,211.0762973980725,14.273013388862099,24.32891564124696,18.549341668771756,33.07547400921489,47.69873245391248,40.00000000000002,0.0,0.0,-17.349999999999913,-13.327338701331668,-10.651432346999037,-10.874754520810223,-0.12284580422005797,-26.44170596846311,-105.8105359018565,0.0,10.681149274319532,-109.88760818769154,-70.14803851030551,-4.4089769190675,-4.1391418346701085,0.0,-80.0,414988
91.90238070389744,11.092303207401178,23.47926638403979,4.479295071410492,13.182159763003437,3.0919332690279773,9.437369570279893,0.7833406934262926,1387.1560863943876,0.6946564885496184,False,UNCLEAN_TAKEOFF,888,88.80000000002292,2,734474.3063120194,1325.074911458588,4325.901111473712,1725.8630458081573,wet,0.8575815365136454,5.629731936522774,-2.64214871685596,0.34116913239714375,0.5733659899517701,11.653441012218245,1011.7346673354466,0.9150236338715189,44.699999999997466,1683.316427066413,75.80000000001257,nan,170.83746725791082,1387.1560863943876,2333.5654737965756,131.30282857292858,141.80705485876288,459071586,0.20772207294987952,0.23329469321436117,0.8315776078079912,clean,106.66076921701939,10.775219635067415,21.325966972772413,14.78790183718956,13.191369455771891,40.38819503715485,39.99999999999999,9.099999999999984,0.0,-8.879999999999855,-12.139866790565678,-0.03090007939589451,-0.4863551241465455,0.0,-2.0135444477200375,-51.52774125798445,0.0,10.326151337583672,-51.52105457642947,-15.379200952088308,-2.360335267784545,-0.31419429254658415,0.0,-30.0,415876
-6.649265643802245,8.900754930975472,13.201465624661244,5.484431538499707,-1.4365226135986853,-1.4549597719748246,4.989173683706698,0.7878899118415965,11.549596721114995,0.0,False,FAILED_ROTATION,827,82.70000000001806,2,825543.3186199174,1333.5641588580947,4436.122635447772,2135.2337967530434,dry,0.9343881237651266,2.7393140520475585,3.8715783304214724,0.1659263520513441,0.8888042070769885,6.582842945820989,1000.9720973772946,0.9397685878511169,nan,nan,nan,nan,175.35478279887215,8.737124028717517,-35.8623983316437,138.7631025590498,149.86415076377378,1400908735,0.42229681662608726,0.20746956812561834,0.41596693105230764,clean,87.9170407787328,1.5470940321579716,17.8347169289807,18.35207789420897,4.36850508645023,0.0,0.34948496114870076,0.0,0.0,-8.269999999999868,-7.279753723138007,-0.11549591102147312,-0.05819789350855487,0.0,-0.4049383385137886,-47.90855992379456,0.0,0.019500678811965256,-11.374022799163795,-10.958280616976085,-0.16937463162102717,-0.49906216655633556,0.0,-50.0,416703
-84.50358351259354,14.989487046977558,30.039871327450932,5.340496173177892,-1.0387217040331715,-1.1555237074492097,7.287377817313436,0.8098858048808973,3.6514733647334197,0.0,False,RUNWAY_EXCURSION,342,34.19999999999806,2,623480.3097739868,1317.176357258736,4410.409680242945,1113.9918188935903,dry,0.9079735505198822,0.48269896913038224,-6.029172602309208,0.8593610340801587,0.37153628853248954,1.6341808353187908,1012.4125360664307,0.9675140801486928,nan,nan,nan,nan,139.61860206332878,3.51408910606915,2.029162790407817,118.8969566512661,128.40871318336738,1441274222,0.06744657286771125,0.24929267001456487,0.6936935994304325,clean,24.41009691290395,2.8172333094893913,6.175683100766209,9.702468605917682,0.9877971206124588,0.0,0.140563564242766,0.0,0.0,-3.419999999999971,-8.538019433397306,-0.10001558832879504,-0.09272986625682411,0.0,-2.059419522657931,-20.679858157494277,0.0,3.8572024925311417,-30.695625500393177,-6.62890920152111,-0.37212636635201496,-0.007924982655710464,0.0,-60.0,417045
-63.20196305494571,4.795511889689931,9.88390345492719,12.409165160966992,5.4851737314849105,7.38674738893254,2.832078417630213,0.6758566263376833,49.9227352356113,0.0,False,UNSTABLE_AFTER_LIFTOFF,693,69.3000000000074,2,865227.2177788654,1321.9304308859175,3880.743428461417,1112.2909975526102,dry,0.9598290078396315,-0.36586198092652467,11.19150327570907,0.16865883956551753,0.4700373518496035,6.9460177843025654,1001.003760335731,0.9681350425576226,53.99999999999694,2200.8415052689693,nan,nan,132.94062524747997,5.5525619750180795,-940.6649248702581,142.14437999834658,153.51593039821432,944247378,0.4484938810212042,0.3855446723522401,0.48921938840690826,clean,66.81686545586493,12.639581032647781,16.886819118989948,17.848668980448153,4.384352011833086,1.8255920638403424,0.2221024790007238,0.0,0.0,-6.929999999999897,-1.770763939880125,-2.0383277879043935,0.0,0.0,-19.10783496270865,-33.600278608287475,-7.481378898921622e-05,10.546126039240612,-40.39076348604086,-18.28886286742466,-0.3067113705838994,-1.9384524001920929,0.0,-70.0,417738
-142.53073054355207,20.884612212455853,30.122353357884535,0.680905672879196,-2.4052118654047265,-2.4012102281266556,5.31591078072484,0.839591474156596,1.063784859687246,0.0,False,RUNWAY_EXCURSION,609,60.900000000000716,2,840665.0998941679,1323.037576910452,4236.137830040858,297.34338662721876,wet,0.800867823950091,-0.3610057578842816,-9.824965932105716,1.4868716952289884,0.39352786036899134,4.4742259129914235,1008.8854535749028,0.9911049582498728,nan,nan,nan,nan,99.13976297229453,0.8751395524579948,0.1597957042316267,138.97814319662504,150.09639465235506,1404343317,0.015581237237403615,0.35130831882361685,0.7064075427037538,clean,43.25914589814737,1.8915735564213558,13.057000661138405,11.102473350652012,0.0,0.0,0.0350055820983198,0.0,0.0,-6.089999999999915,-29.513968844908636,0.0,-0.11000857498952689,0.0,-13.994176225150674,-38.68675815066173,0.0,3.136867072333979,-48.52213330500734,-17.312272805060022,-0.783478758565123,0.0,0.0,-60.0,418347
-231.83210780401828,31.501663723476486,103.68259639035307,61.19763121593781,10.848348040419745,5.546622359452874,24.180929893547127,0.7135445755797021,1260.5596070327085,0.07357859531772576,False,LOSS_OF_CONTROL,982,98.2000000000304,2,721314.2476907765,1328.13401152444,4083.1162857740355,223.47556005005097,wet,0.8471351937604918,1.7937767278311485,11.460239183327502,0.31467471745816433,0.22702273391591432,-5.196944904404933,1011.5309880279626,0.9862795828143437,36.19999999999795,1215.3108560334827,68.40000000000668,nan,179.6919303987756,226.6473221129673,-1753.0895400439524,126.42432406389268,136.5382699890041,393754533,2.1917617019266154e-14,1.8035308068313631,1.9233689932316629,clean,121.38619726539825,9.519452250040068,15.18803238325521,11.513167955225368,30.0933455431402,29.44672862689797,9.06589288451868,2.2000000000000006,0.0,-9.819999999999835,-71.87975239771517,-15.121534643588088,-16.418147330065985,0.0,-40.5230063328717,-51.011585813590855,0.0,9.157098629325732,-99.94015927101333,-61.01793487195818,-17.62745711933571,-6.042445561678609,0.0,-80.0,419329
440.10096929600905,3.2917108590753568,5.991871656887033,1.7836689131898538,9.602483400535895,2.7844902296147436,1.2845819331973827,0.7453238190188897,1278.2936113089977,1.0,True,SUCCESS,677,67.70000000000613,1,747008.2603902175,1328.100276169552,4698.304555950058,318.33721854262393,dry,0.9764012067251665,7.624071452599202,3.580768171915975,0.0,0.0,-1.882837077442594,1012.4400895872183,0.9534635317539872,37.0999999999979,1377.4986508798938,62.80000000000223,62.70000000000613,159.7417571111334,1278.2936113089977,3518.862372582543,129.34945091464795,139.6974069878198,375640543,0.8666703850232297,0.14144119825256873,0.2915359942308859,clean,76.4783417234878,15.976181177793544,17.46775592190049,11.906318233355684,24.714838333460374,29.119581853836507,40.0,4.999999999999998,131.19444444444275,-6.7699999999999,-0.8150598863437654,0.0,0.0,0.0,0.0,-36.64526791597433,0.0,18.969686118818093,-12.968193926894935,-3.5153411987616945,-0.011840561787480552,-0.0010327748082995583,130.00055775348446,0.0,420006
-71.5662846169295,7.879031007096631,21.680390000507625,15.122346429482528,45.061161507212766,8.245894397590764,11.205684671728134,0.796374391958396,2055.0914829793187,0.3488372093023256,False,LOSS_OF_CONTROL,1197,119.70000000004751,2,683866.1500016976,1328.470318983496,3994.32923121135,2182.401842836673,wet,0.8285377231510631,8.982032979338078,0.8136602378527535,1.8435542527428999,0.07161998678361337,-3.8987289010821513,1022.3182965379218,0.879887805520639,46.39999999999737,1375.8973166813273,106.90000000003732,nan,158.59772268746056,2055.0914829793187,10627.83471860734,122.72823314400136,132.5464917955215,307094637,0.12326665757345452,0.7538706462339149,1.1838895738969841,clean,148.4267393877418,18.741831941245486,21.091813800170367,12.906171620969184,26.26306552926152,41.80879179498982,39.999999999999986,4.5,0.0,-11.96999999999979,-8.256524238235082,-7.356548336998134,-3.2506922070804203,0.0,-22.011095893544308,-71.16397594307537,0.0,24.33949691985326,-110.83660842349562,-83.64360538798994,-6.828144535312498,-4.327000645426563,0.0,-80.0,421203
-125.05822263955986,12.583610999787505,30.025886268647966,0.29023151515462,-3.378607597771974,-3.7514190288699982,3.770397419315461,0.8159240878197768,0.05960334455141947,0.0,False,RUNWAY_EXCURSION,1284,128.40000000004008,2,849723.1646950832,1319.039725086988,4228.94780573333,809.7853224484061,wet,0.8361740127426314,1.004252460893388,7.242952021888902,0.48581205311993036,0.30654344986040893,11.887700700564949,1001.7045818463291,0.9771248971451764,nan,nan,nan,nan,55.4227058163075,0.054581843881237546,1.6682784018821373,141.98994806711246,153.34914391248148,513334963,0.11488298540799513,0.2495402071187409,0.8868881242434269,clean,48.695270321653226,9.879058762742229,29.61478603897888,8.363335211270268,0.0,0.0,0.0021832737552495013,0.0,0.0,-12.83999999999977,-22.59087658660681,0.0,-0.008407901287835255,0.0,-5.029152742654951,-78.5382599002327,0.0,17.150336211295734,-31.61159377684813,-25.180044442139238,-2.9648571094856613,0.0,0.0,-60.0,422487
-108.63725807800458,11.58396200943542,30.084990555160147,1.0855724116633856,-3.3352503626421983,-3.374571832223641,9.193257498215562,0.8099886341317619,0.3182088877604201,0.0,False,RUNWAY_EXCURSION,257,25.699999999998546,2,840977.2143286124,1319.7128944521319,4261.782353022709,887.5077190953118,wet,0.842261829617199,1.248915930162131,-11.91951435915924,1.6622780800464099,0.7862142647483888,3.078029846631715,1005.2486804838868,0.9742214837664733,nan,nan,nan,nan,76.97471771030314,0.3182088877604201,3.107966995999991,138.922545380421,150.0363490108547,1636805962,0.10556573812503058,0.5549223784251424,1.2463644655409793,clean,8.801628484282418,2.6326510958411595,2.8983465781941082,7.758771957312811,0.0,0.0,0.012728355510416796,0.0,0.0,-2.569999999999989,-3.8318179099847853,0.0,-0.39638417925632874,0.0,-15.534678874057814,-15.567366933848282,0.0,3.0028426919991595,-21.727092927593347,-12.38079130634897,-1.7360951100551507,0.0,0.0,-60.0,422744
-54.44771336446483,3.9832694909800694,6.310077034070381,0.20322927932707002,-3.084172414259799,-90.0,2.544871656681256,0.7993382436820076,0.0,0.0,False,FAILED_TO_ACCELERATE,746,74.60000000001162,2,782849.3677416241,1322.902964134631,4370.321685718571,302.3027944392817,dry,0.9136140741337789,7.064634537353033,8.007987545214736,1.0752617248305865,0.8959334421785754,7.593526863472071,1016.0599495527075,0.9910703550650202,nan,nan,nan,nan,23.112886659875027,-0.14334750831039855,-0.0736419317111725,134.35005456680148,145.0980589321456,1345323893,0.8450972037172817,0.11736948237367262,0.4333790705920624,clean,10.590487835773898,5.685717866173202,7.462360011613391,2.7371382929355255,0.0,0.0,0.0,0.0,0.0,-7.459999999999885,-1.315151237219819,0.0,0.0,0.0,0.0,-44.412074252223775,0.0,5.923059693403527,-1.3346170496240495,-2.202347544197232,-0.12228698109951358,0.0,0.0,-30.0,423490
-36.62108303207096,11.45637739268782,27.893115551125724,10.277855370608348,9.631167400045141,2.8485489474804138,13.017786602110505,0.7857337359385861,1399.448773376738,0.746268656716418,False,UNCLEAN_TAKEOFF,848,84.80000000001974,2,629849.3842490265,1338.9318685975534,4520.029880937842,826.044602440836,dry,0.945737779099011,14.634306492927035,11.654820767088887,0.7182430605636614,0.6543499528236822,-0.2953479838115882,1023.2725062156424,0.9360648735101291,46.09999999999739,1421.335194071307,78.20000000001448,nan,160.4754524058953,1399.448773376738,3215.002220894178,118.47047105365986,127.94810873795267,1540263187,0.09255085816028671,0.5830861689547756,1.281161569572621,clean,88.23142263860144,11.359332868757313,11.22757513241451,11.619082737158468,15.268759712393154,32.553336087403466,39.999999999999964,4.999999999999998,0.0,-8.479999999999864,-12.366533150356423,-1.6241275615422368,-5.700058826900895,0.0,-21.958739522918048,-49.86048132354963,0.0,13.477179186267243,-88.07432933281537,-40.48231772904809,-5.815885101819013,-0.9952988461156975,0.0,-30.0,424338
-48.81038896980853,4.8759555998476545,4.935413737784165,0.04401389317693703,-2.9186248422735166,-90.0,1.4789821655632953,0.7025349681097541,0.0,0.0,False,FAILED_TO_ACCELERATE,301,30.099999999998296,2,839184.9194580959,1341.160337294304,4252.540000033885,325.1533754597313,dry,0.9964174904853768,7.194761056528998,5.072499244029581,1.551606916662885,0.5747133565976859,-0.4858057485678504,1013.1679752740188,0.9901709126610917,nan,nan,nan,nan,10.443849549355692,-0.17593456041748823,-0.005034161409801646,137.38262168107312,148.373231415559,1956725083,0.825163771461232,0.0,0.023498020054456906,clean,0.07822366736203633,0.03012572407757586,0.05504987831965631,0.16595478547010403,0.0,0.0,0.0,0.0,0.0,-3.00999999999998,-0.7951397607241544,0.0,0.0,0.0,0.0,-15.335095001846392,0.0,0.0004917375326547879,0.0,0.0,0.0,0.0,0.0,-30.0,424639
85.74556281187174,11.491360641136547,26.003484368349778,7.672680605577036,12.44131255098978,5.310559548979563,5.108820951702572,0.773710597005545,1248.5316118551239,1.0,False,UNCLEAN_TAKEOFF,850,85.0000000000199,2,752178.6963624132,1313.7565518903,4269.170123108491,1262.9100491354584,dry,0.9661633042874839,7.163150625733662,-0.5143513120976695,0.13263151061605138,0.559712438874714,9.515432366243935,1010.4703642336257,0.9304579526369378,47.79999999999729,1976.7045463042869,80.100000000016,nan,169.84395688058603,1248.5316118551239,2904.201474007894,132.4840857036435,143.08281255993498,1666515282,0.1354021994251867,0.42894610777329073,0.946214153171987,clean,99.39970307266624,13.3452560222125,19.839615449449983,14.280066156361553,22.17141432280954,32.65723144697404,39.999999999999986,4.999999999999998,0.0,-8.499999999999863,-12.471518219662528,-0.4134754270160705,-0.041498483324143104,0.0,-1.1962149514695977,-48.636377103852865,0.0,21.695901773318166,-54.14139160492645,-22.72806031683273,-3.024350825808002,-1.49073849902774,0.0,-30.0,425489
424.1875763037166,2.7774921223598663,8.221512731507403,3.882221311509416,8.099969660192698,1.466711558474781,2.168393559489083,0.7434319288517952,1264.2897623086048,1.0,True,SUCCESS,639,63.900000000003104,1,706210.5816556391,1323.0240243853568,4482.1240338225825,51.82527994078101,dry,0.9521793216317846,0.2225669762211444,-0.02992451876315938,0.0,0.0,4.223412915391623,1013.7330694716486,0.9622421901604487,34.99999999999802,1256.8059917120631,58.999999999999204,58.900000000003104,162.56236593247309,1264.2897623086048,3033.4684173587852,127.02085424753544,137.18252258733827,1677595201,0.8218053672518553,0.17290544930388058,0.3263613969621514,clean,72.25888069676444,17.38550870094243,16.011921559571977,11.191475850401849,17.583197919208946,27.132319669351816,39.99999999999997,4.999999999999998,132.24999999999915,-6.389999999999908,-0.5477268367737493,-0.010814322796555505,0.0,0.0,0.0,-34.68215882891603,0.0,26.361731876078178,-17.051349873167418,-5.51765717309463,-0.04421406956343222,-0.014343952068461117,123.27080508777829,0.0,426128
-101.26505017718226,12.206794380858852,30.162300506881756,1.2317832066695038,-0.7479257827159459,-0.8009934409287985,3.804962476572629,0.830457428007415,1.989829391713073,0.0,False,RUNWAY_EXCURSION,275,27.499999999998444,2,626600.9532477856,1319.4046137669925,4274.076025909793,156.445248236661,dry,0.9444174284842349,6.60894454902286,-11.54032493685036,1.0756243720830272,0.14268363773875226,-4.010248132241038,1023.3373842703421,0.9949175852080873,nan,nan,nan,nan,136.04894090923506,1.989829391713073,13.46887995533618,117.39588963198176,126.78756080254031,327050941,0.11033566045129248,0.39347537694857304,0.9750118583148542,clean,15.300765632123472,2.711738025468748,4.781258632550669,8.736125496389482,0.6501341307023991,0.0,0.07959317566852293,0.0,0.0,-2.7499999999999853,-4.552955887839558,0.0,-0.006384942421079547,0.0,-10.582166344132443,-17.277676366734624,0.0,3.195355321980559,-28.033077752423818,-12.680811464677388,-0.8369478338372415,0.0,0.0,-60.0,426403
442.01014102422164,2.656982135810425,4.376647377606693,2.4295993703213545,11.068758157491123,1.872428774845065,1.768702717405557,0.7243899695465608,1273.5406792990714,1.0,True,SUCCESS,657,65.70000000000454,1,761644.6129223875,1327.7629114035094,4699.949237005141,221.22689140761548,dry,0.9564431595514216,2.212598933962016,0.8849740841837193,0.0,0.0,2.439886380853581,1014.2022439996085,0.9570047906849093,37.99999999999785,1410.094006637757,60.80000000000064,60.700000000004536,152.86422863742703,1273.5406792990714,3135.067836829796,131.4785598978253,141.99684468965134,959837937,0.898226444449123,0.14922343337196725,0.3225657869854347,clean,72.98615761006766,17.130759129317354,16.7792519027312,12.12931461987403,28.213794991468873,26.100054838793017,39.99999999999997,4.999999999999998,131.74999999999875,-6.569999999999904,-0.5153474471111474,0.0,0.0,0.0,0.0,-34.42601165320201,0.0,18.60124757846274,-16.121542239102947,-3.7383048758648654,-0.03038717197617734,-0.012812926603113742,134.73396666736846,0.0,427060
-75.98872937155362,12.692352965552004,32.08872792563118,13.376173402072666,37.953355068887554,16.413379449769813,21.229509916111674,0.7702877304082002,2113.051373845329,0.04395604395604396,False,UNSTABLE_AFTER_LIFTOFF,1049,104.90000000003573,2,663881.5241321443,1332.0594034536623,4588.126589236612,1382.5032155370077,wet,0.873411765516062,-0.09398444665177186,9.476450047517476,0.12080331760025342,0.8090566427483379,-5.969777698013982,1015.3243525842122,0.8993142903669457,31.999999999998188,1119.563724771073,86.80000000002133,nan,84.00910433265345,2113.051373845329,2532.06004702351,120.89461667924743,130.56618601358724,1099831858,0.04183426216828325,0.681114897596603,1.323200347008796,clean,138.85895277168567,14.528348564978888,15.79650830227701,9.830060733103249,26.70933580167987,48.180265251736,40.00000000000002,0.7999999999999999,0.0,-10.48999999999982,-18.7766132409403,-12.548119258207823,-15.620998337236989,-2.961100683413117,-31.63780738764894,-59.89490118697042,0.0,15.341115735849096,-95.16314601419529,-54.06840396209866,-8.08529872729121,-6.786927734858756,0.0,-70.0,428109
-73.89484707633366,17.46102512139232,25.523745144925524,5.781562877877412,-1.6523122573441313,-1.703381292226224,6.944690781518616,0.7773874526048061,8.143471911348797,0.0,False,FAILED_ROTATION,854,85.40000000002021,2,665880.486029726,1313.5818094298302,4402.085682942188,489.4220314733269,dry,0.9991652034340046,12.390468615522837,8.978924028866746,0.26337531770942557,0.485560250611927,8.16509662259367,1018.9212403971884,0.9856263740655026,nan,nan,nan,nan,149.1997655732068,5.617375497683156,-18.946220563661527,123.85270965017325,133.7609264221871,106358874,0.05099320424166547,0.2266648364766432,0.5839409378542758,clean,86.92001978997979,1.2109988841574557,16.347440515963758,11.55296334172214,5.607122773228568,0.0,0.2246950199073261,0.0,0.0,-8.539999999999862,-28.930426459952162,-0.2767258587587163,-0.5042982782160655,0.0,-7.5131893554159275,-49.124962856224975,0.0,0.2010301936944211,-37.7831132194904,-12.503465443697444,-0.5463522741756779,-0.2365838490556838,0.0,-50.0,428963
-142.67096019346752,15.050615565789087,29.866734051544125,16.040333368192467,36.659366947044504,16.0058675631016,11.074126075202106,0.7556640375677796,1490.4095572392816,0.0,False,UNSTABLE_AFTER_LIFTOFF,707,70.70000000000852,2,645668.1105956855,1335.7430621726414,4099.1268249813575,1138.2172676638143,wet,0.8922875847091292,6.627109778554159,-10.670228111147122,0.813031678988698,0.13446876780415906,-2.974975746193091,1008.0098432174203,0.9242100127466526,34.39999999999805,1176.331279568542,63.00000000000239,nan,103.29780820702835,1490.4095572392816,3808.8308008780646,120.28980279011212,129.9129870133211,1864941702,0.018772009445802113,0.8763330440748642,1.1883068257094949,clean,67.94059092528813,3.3286768191218563,12.695864003061724,10.149945050833997,14.963568867094718,28.566366285630043,40.00000000000003,0.0,0.0,-7.069999999999894,-17.7944852709762,-10.600986672990336,-2.1216289948853686,-2.9585685890202678,-27.43254215288466,-39.748683009862674,0.0,3.8083005226192914,-84.21728647569027,-53.486788636718906,-3.89500749313354,-4.798295370953801,0.0,-70.0,429670
6.7868333627012944,11.9178133796954,27.561749049117875,14.99187170422565,10.263518902200817,1.927252757449445,6.892574779354599,0.7499687667291044,1226.457160857159,1.0,False,UNCLEAN_TAKEOFF,591,59.099999999999284,2,618653.4057858535,1317.150294183943,3868.71180404809,841.5303039055597,dry,0.9312871371023552,13.289147271225039,-5.060927509268561,1.7609085755935325,0.2929071445057718,8.631688760704833,1009.1187805812448,0.9422098609596449,28.399999999998393,867.8574494134068,54.199999999996926,nan,153.94971624568137,1226.457160857159,2380.5332640891675,120.05269056484858,129.65690581003648,784473433,0.05905245776505856,0.6610853711075692,1.1415064688244918,clean,60.652950550092136,4.89542553958978,12.56431274619861,8.640133797020383,22.79078270959166,29.143677207502474,40.00000000000002,4.999999999999998,0.0,-5.909999999999918,-9.326917441129867,-4.924947021978886,-0.1786278718455214,0.0,-9.457762294008413,-33.01567165398133,0.0,2.280621841828888,-46.798385730329706,-34.0116305332083,-2.8008406074857124,-2.756287875154461,0.0,-30.0,430261
473.58841203154003,2.107255088722461,4.590523483653248,2.10854610863865,12.12373856081333,2.16604193609416,2.1672892435597637,0.7307669338130526,1293.7938436302811,1.0,True,SUCCESS,677,67.70000000000613,1,751368.1381062705,1330.3773595094874,4749.573483901428,455.4262460123692,dry,0.9834712445623736,3.7306048055687935,0.579562940048143,0.0,0.0,4.097477049340236,1010.8823200377983,0.9501652149432184,38.29999999999783,1388.1612407542336,62.80000000000223,62.70000000000613,151.5590658246964,1293.7938436302811,3460.9506829549805,131.17535838721702,141.6693870581944,1276409738,0.925648708158738,0.10906077342308594,0.28870194651381964,clean,74.34567380497947,19.809862759354875,17.150742205153158,12.566120561753573,27.930694892303244,27.559135507932783,40.00000000000001,4.999999999999998,131.19444444444275,-6.7699999999999,-0.33402608378410226,0.0,0.0,0.0,-0.0045552562143080354,-36.013911187648695,0.0,31.22402719378641,-7.144014504580343,-1.760837434016688,-0.011851820395072883,-0.0003992753377041119,138.8473062238107,0.0,430938
440.5510984642665,2.1505248661509695,4.325185290126097,2.76077933134962,12.084732530632124,2.393270767562576,2.0873448344649863,0.7423881628708539,1271.439443876449,1.0,True,SUCCESS,570,56.99999999999761,2,627686.2795567905,1326.487533183811,3964.0726970091787,364.60024598454044,wet,0.8905384678073306,3.853410723440577,-0.3396616760127156,1.4261065720656594,0.27973590693304284,4.122551301878346,1007.0412389119322,0.9532928659753659,29.799999999998313,912.4706160109077,52.099999999997046,51.99999999999761,159.91007239216123,1271.439443876449,3345.69670415987,120.1275148213611,129.73771600707,256334513,0.9176362431143833,0.11831010871847931,0.29866449153488184,clean,59.14993004434934,16.44398672515621,14.251060755262083,9.174077387792137,19.32404080934905,26.072086069693338,39.999999999999964,4.999999999999998,134.16666666666734,-5.699999999999923,-0.2929012893291309,0.0,0.0,0.0,-0.000731186366765778,-30.956953141902645,0.0,23.355501584402333,-5.3659003073606595,-1.697987138347654,-0.010540148085757432,-0.0066748341700904575,137.64543646715748,0.0,431508
-119.76259699570075,7.197952117653429,22.570823996254294,11.853024168510663,16.281918039828167,13.324150717134081,12.52661028799685,0.763216693842677,317.15112979036303,0.0,False,CRASH,1012,101.20000000003279,2,774304.9137236212,1339.1210886146876,3994.4698725252924,1228.8496064444216,dry,0.9879435021470574,0.36932124771566865,-2.985621112961221,1.6503676398335367,0.7065764585383304,2.651585860686845,1017.5211575753714,0.9643523800404463,44.0999999999975,1530.878105948568,nan,nan,120.57543620905791,5.789736634491192,-739.7081975525533,132.3986192361395,142.99050877503066,603166011,0.11938933575101214,0.9210254765230572,1.247900245438636,clean,108.3318433551744,19.694830519092662,18.717770924007844,14.747349507314023,6.756578584274441,15.645821481078443,0.23158946537965464,0.0,0.0,-10.119999999999829,-5.825804540476435,-5.928135128659712,-3.5698522891495643,-6.94806285177706,-32.10023017068546,-57.112464093228944,-0.07037873897573751,27.120559636767865,-70.75647532291258,-29.582017812902322,-6.872267171472089,-2.123252348549431,0.0,-100.0,432520
-57.51522051336771,6.443357869025281,13.053155281194035,1.4035187232517141,-0.879732310794278,-0.8305846998143461,2.693020013453434,0.8491327236727596,2.0860796575161658,0.0,False,INSUFFICIENT_RUNWAY,991,99.10000000003112,2,726681.4893208146,1326.6751222526918,4289.622104903177,1764.3348523388274,dry,0.9610634370506357,9.087775709429756,-9.889235767271037,0.5239358034145143,0.7398015142704847,6.343271088237572,1002.6354446090097,0.9500829491614798,nan,nan,nan,nan,96.7846288556827,0.9585591551690413,-0.11628629590832773,130.02863313250361,140.4309237831039,2132570010,0.5884817574273955,0.21830401464998556,0.5025725043333545,clean,84.89975572506694,10.527564189813328,25.42356960261107,14.449326826587152,0.0,0.0,0.038342366206761576,0.0,0.0,-9.909999999999833,-4.571467653630559,0.0,0.0,0.0,-18.161518095713113,-63.746783210961496,0.0,3.718206489000779,-37.18248124196706,-12.584481842095823,-0.41525366828546967,0.0,0.0,-50.0,433511
-92.38336890544785,11.971812941229027,35.75845931405592,12.577842735799939,14.842349138430697,7.56535622626613,9.754949088019897,0.7486162644044912,540.190209465432,0.0,False,CRASH,819,81.90000000001743,2,701412.656699482,1321.1194951380094,4088.361533875847,2229.687974199796,wet,0.8668396938166277,12.439394913567279,-5.78247077187887,1.4858722250297174,0.6786397993599108,3.7058303980784313,1017.0521114907434,0.9367165215951768,36.59999999999793,1169.150484838309,nan,nan,143.89555794332125,3.2342691134249435,-1614.2236273105286,126.26999703176455,136.37159679430573,1932618874,0.023907177567393065,0.9602197587125294,1.2292077890801751,clean,81.84570489188955,16.68910249585414,15.344615168538322,11.668816881096602,28.571269675883787,15.158921630785398,0.1293707645369856,0.0,0.0,-8.18999999999987,-13.04251176407987,-4.03721885764794,-1.3452834774231075,0.0,-7.592544598860669,-45.38381372102674,0.0,17.170750156238437,-52.0221723719649,-39.00971283877796,-4.907785018127019,-3.430877922362432,0.0,-100.0,434330
-104.37393275490587,10.802014873126724,30.04538420482558,0.8691593920962682,-3.3034896084299654,-3.2674968726463933,7.43983329962784,0.8171310523436184,0.6679233424825384,0.0,False,RUNWAY_EXCURSION,280,27.999999999998415,2,818406.208119813,1312.5978662791747,4419.609300297521,168.03969862125066,dry,0.9532761278741271,4.574882402323525,-11.860064069343931,1.32217357072294,0.17102567170788696,1.923406169574438,1001.0521054317272,0.9947667672509737,nan,nan,nan,nan,93.44822656925227,0.6679233424825384,2.333289203737614,137.06004194385255,148.02484529936078,606286067,0.10629908537232788,0.6529010961542949,1.451572823920708,clean,11.314030883285879,2.5037948076339713,4.015571393012314,8.937845726786318,0.0,0.0,0.026716933699301535,0.0,0.0,-2.7999999999999843,-3.630154121043364,0.0,-0.12759002620789256,0.0,-11.329399159770546,-17.13568727656779,0.0,3.184688963326035,-26.862768888656888,-9.514254160712728,-2.9567278296905157,0.0,0.0,-60.0,434610
-49.81109423285629,2.6705964637907633,2.672355550491837,0.07512488462272117,-2.6255261929757454,-90.0,1.5155145944736885,0.7566100294605836,0.0,0.0,False,FAILED_TO_ACCELERATE,301,30.099999999998296,2,712569.998846326,1336.8891698549514,3835.1504389234383,748.585579916545,dry,0.9287398169652464,-1.5632290643731395,7.550439970616338,1.8051338357692994,0.5187182418947052,10.073309110458688,1010.5372147638952,0.978657308096788,nan,nan,nan,nan,6.958653881233613,-0.1694546740726537,0.37272797277118647,129.0652094257722,139.39042617983398,658219237,0.9441431681706608,0.0,0.0004972749221295335,clean,0.0008143269938070579,0.0007371628844979131,0.0006709682256319862,0.007674215165859775,0.0,0.0,0.0,0.0,0.0,-3.00999999999998,-0.2385286363551033,0.0,0.0,0.0,0.0,-16.572874324548216,0.0,0.00041205477722310025,0.0,0.0,0.0,0.0,0.0,-30.0,434911
-15.232467212886103,8.595256237647995,24.92330764937921,8.59264404741575,18.69157353099643,11.008572042636867,8.103262072534994,0.7774724832579988,1317.2149988499327,0.5208333333333334,False,UNCLEAN_TAKEOFF,1238,123.80000000004428,2,727675.3173295562,1337.8337005776118,3887.6428712252505,614.7318190439819,dry,0.9470039024688512,8.852072904355014,10.04076450164401,1.1896036917337185,0.2831900290582865,11.373091963592831,1015.6875774700005,0.9463960843085547,53.59999999999696,1931.0502539429635,114.30000000004321,nan,159.55391745650107,1317.2149988499327,4662.551684430497,130.37811385335542,140.80836296162386,1154216559,0.20021273940131318,0.4696339069675677,1.0541114050376996,clean,143.62298135258067,19.433728351916905,22.13299916502933,15.340089496082467,16.272120058190314,45.27901197765214,39.999999999999986,4.999999999999998,0.0,-12.37999999999978,-10.162388453449292,-2.866748991058768,-2.2006354445009824,-0.16283330701459062,-34.3527398109984,-71.40505767739972,0.0,23.051631989082974,-113.08263409773042,-60.50538815871846,-5.03357888030081,-3.2130247822477633,0.0,-30.0,436149
-15.513925534772682,9.079273120921764,15.446232915929706,4.076293439364782,-1.844213050191324,-1.8788000803900369,4.412210693440425,0.804525254127493,3.1855764629312944,0.0,False,FAILED_ROTATION,886,88.60000000002276,2,807339.3368210725,1327.3405461121265,4150.596544425549,2467.4711878457597,dry,0.9943076007699271,3.268316504379545,1.4763524757223108,0.3624912486549865,0.501314957798026,-5.783228837256198,1022.6037731329636,0.9279830742862345,nan,nan,nan,nan,145.53668418343042,2.241038210813258,4.286552499625351,132.88683028755162,143.51777671055575,568408860,0.4000483994624074,0.19256391206139153,0.4856289898426706,clean,82.13797122489086,6.871259983120652,20.43525771858482,16.700363996193982,4.219106493757987,0.0,0.0896415284325302,0.0,0.0,-8.859999999999856,-8.115090617578131,-0.017034379951863233,-0.014105596729564253,0.0,-0.11669571843503562,-52.92126883171749,0.0,7.667566135111109,-23.547580097152153,-9.512426485018754,-0.45657530711692557,-0.07431558116488342,0.0,-50.0,437035
432.03377389874674,2.4310539123434243,4.8412658680599865,2.9327138541713587,11.029447977701064,0.7172336025377333,2.8674362091962906,0.7142836866716739,1303.0900060167203,1.0,True,SUCCESS,602,60.20000000000016,2,621983.4715415572,1325.199943603577,4572.265135146892,1985.1194071839102,wet,0.895217586052553,-1.7816412977848137,-1.5175428390537085,0.36557329222148294,0.6418877334060982,4.969468483400696,1024.869508175965,0.9084463538045721,33.69999999999809,1062.358111663911,55.299999999996864,55.20000000000016,152.52572848461256,1303.0900060167203,4086.339766321326,118.70752638959894,128.20412850076687,1199649634,0.8879357985797132,0.17398253512952297,0.3942766739596942,clean,64.14250093997542,16.357489634683816,14.66472581166168,10.650248510659893,16.996877729726126,24.745960200370234,40.00000000000001,4.999999999999998,133.27777777777774,-6.019999999999916,-0.3953148801201782,0.0,0.0,0.0,-0.024760961808794814,-31.17901581514871,0.0,24.404249948804118,-7.982037086606218,-5.675625319329291,-0.08676872723857244,-0.032903651617137805,133.19036978695698,0.0,437637
-54.145164677611724,7.964331510614758,14.680407905755283,0.9601167901275675,-2.198195679071912,-2.2051648156111083,4.557940814826501,0.7878334110131676,1.3350902599963774,0.0,False,INSUFFICIENT_RUNWAY,862,86.20000000002085,2,694875.7667848035,1334.6996673879821,3895.8877744335928,1572.0147995125708,wet,0.8500704811661511,1.9034541018628364,5.691296806348539,1.3165939224558463,0.18430777091058748,10.152276736877766,1017.075819886447,0.9559406929455361,nan,nan,nan,nan,108.8375765357508,1.139602150593646,0.5463793510964621,127.05916286336432,137.2238958924335,1446028796,0.43460102263375894,0.38867951507209836,0.6830495984335143,clean,76.93066523062478,11.0667247831896,21.145115040339828,13.003212275148217,0.0,0.0,0.04558408602374583,0.0,0.0,-8.61999999999986,-6.075239651806344,0.0,-0.015674572747619287,0.0,-2.9451483590200827,-50.17741363225179,0.0,13.886632166719394,-46.638055483447076,-24.724428921367664,-1.0271376390164568,0.0,0.0,-50.0,438499
483.96976357622134,1.29127289072594,2.3440031265447248,2.019161226130676,12.416356624792245,1.623227653228896,1.9022960885799782,0.6889001101867475,1323.6705969983439,1.0,True,SUCCESS,633,63.300000000002626,1,734560.5677165006,1330.5497456922872,4602.100166382997,9.248416756061918,dry,0.957614417328631,5.815216113792299,2.783129665995625,0.0,0.0,3.545562642474634,1014.5694836417512,0.9616948764745076,36.299999999997944,1263.1052396825305,58.39999999999873,58.300000000002626,151.45997788261602,1323.6705969983439,3675.7456989454827,129.34171236456197,139.68904935372694,1349724428,0.961264728563685,0.10783786236650572,0.3272546894560564,clean,68.74697887729411,20.163828194337142,15.903190477045227,11.723964048825685,24.496548564654347,25.041674987328037,40.0,4.999999999999998,132.41666666666595,-6.3299999999999095,-0.11727279270876871,0.0,0.0,0.0,0.0,-31.067094197518486,0.0,36.73652133781584,-1.3625985309974065,-1.534852371749542,-0.03266055288005615,-0.004840416443484196,144.18970928455275,0.0,439132
416.70420405948045,2.135919748956012,4.945978849226879,9.70237094883882,19.283580430176293,1.6380234828257219,9.200522006467075,0.7474748081410936,1740.2329611509533,0.19011406844106463,True,SUCCESS,782,78.20000000001448,1,678548.5809458691,1330.370716747602,4250.222410073684,29.232105934707263,dry,0.9563274903796476,2.597841253145969,-2.646908129370576,0.0,0.0,-1.6184782492520329,1011.3015853320726,0.9486059324607967,32.99999999999813,1083.3841278004531,51.99999999999705,73.20000000001448,166.44886984044774,1740.2329611509533,2702.792840353383,123.40623982718888,133.278739013364,1922892882,0.7154559397695271,0.20157592087177864,0.9561812514046305,clean,88.91605625597128,23.139262086944026,15.830022630494813,10.411178297448249,18.637684141735516,35.14513330523789,40.0,4.999999999999998,128.27777777777376,-7.819999999999878,-0.3964004202280676,-1.8295152813765345,-1.2806186009972276,0.0,-7.521415004151954,-42.90590719864229,0.0,35.76387264369703,-16.301386728773775,-9.416263257405834,-2.910218017692667,-1.3534495359826582,107.31839096542907,0.0,439914
446.51028325734916,2.241763866855889,5.110650182343653,1.5371848806140096,8.325641170143006,2.166600770014705,2.4657141762360086,0.6964831009530212,1247.5572567937731,1.0,True,SUCCESS,647,64.70000000000374,1,721695.0212924,1322.2700593795237,4675.0156452702795,338.92935758604466,dry,0.9615894750954976,7.840577272959288,1.1433208883699146,0.0,0.0,0.537827300613408,1011.2218772704504,0.9541292857673963,34.99999999999802,1226.1808856923021,59.79999999999984,59.70000000000374,167.93192476951182,1247.5572567937731,3116.350714836789,127.75227696442772,137.97245912158195,2029144591,0.9035754246532794,0.1776743608784369,0.33743848810618754,clean,73.33534710704191,18.336407552706145,16.363211963976838,11.087861034392564,18.31511900022392,28.17513548361823,40.000000000000014,4.999999999999998,132.02777777777675,-6.4699999999999065,-0.36127798743080175,0.0,0.0,0.0,-0.002444598540305857,-32.369210713673006,0.0,27.96738019642549,-14.627696204632892,-5.753395459279783,-0.05021672142162272,-2.8871825831545562e-05,135.53631369799191,0.0,440561
-65.88347321354836,11.149717522616799,30.383150947571373,1.1048791816329122,-2.489656089755514,-2.546104007567976,6.931454244505014,0.8037077399781808,1.5775700844062612,0.0,False,RUNWAY_EXCURSION,457,45.69999999999741,2,826870.8974210904,1312.05551505596,4256.03976322546,1249.226615848637,dry,0.9542578686315035,4.002331951243728,4.854298994211504,0.6130181590997439,0.15177794422684832,-3.489913481630653,1017.6947299222356,0.9631417853967896,nan,nan,nan,nan,123.48826098936314,1.558456909268216,1.1178849845341787,135.35495733514298,146.18335392195442,261783026,0.12754758725918441,0.40890144604707346,0.6470984756682541,clean,32.769559088801074,6.234801208798453,9.954789761589476,12.58746655513354,0.0,0.0,0.06233827637072867,0.0,0.0,-4.569999999999947,-6.312500420133963,0.0,-0.08032453093450782,0.0,-1.0576458707807557,-27.315193767595048,0.0,8.161118788413178,-25.134807974548416,-10.69447805940825,-0.4885962692538607,0.0,0.0,-60.0,441018
-118.91905582476404,18.481051930825245,27.896112412529373,0.4395621140375989,-2.8064952465676187,-2.818113082348346,2.411692654853564,0.7030700806968225,1.0127104241455527,0.0,False,INSUFFICIENT_RUNWAY,1307,130.700000000038,2,769146.5200664696,1324.0874290764448,4500.559121797674,977.475016675001,wet,0.8236618805537801,12.24070892789481,6.054854743659911,1.1095473345803057,0.8473120445387887,8.410182882857601,1006.2200490652806,0.972152894831617,nan,nan,nan,nan,68.04374772335787,0.3110570588802375,-0.15804560660166445,134.0032292099806,144.72348754677904,1209926187,0.03774011434118608,0.2000492003872707,0.4066384745334767,clean,89.24555470335771,1.658575109402656,33.1920043316256,10.712736912632298,0.0,0.0,0.012442282355209399,0.0,0.0,-13.069999999999766,-49.60054550823397,0.0,0.0,0.0,-8.307617105301027,-66.46737594127714,0.0,0.40514745542477026,-50.795212323093715,-15.7230602629337,-0.18170547872263937,0.0,0.0,-50.0,442325
461.1904893216538,2.709754103372419,6.340648316678812,3.8500603982984845,13.46162738469709,2.013106666345798,4.867811696941842,0.7512277874449758,1735.6983715777583,0.4577114427860697,True,SUCCESS,771,77.10000000001361,1,709911.0193713662,1331.3659740711346,4382.1888313952195,247.23916917811027,dry,0.9823759857154759,5.764737547099718,-2.375568014719579,0.0,0.0,1.1228563876037336,1012.1280001823288,0.9431130785121217,34.89999999999802,1171.3248481011615,57.09999999999769,72.10000000001361,146.92836817157178,1735.6983715777583,1504.5590173521152,126.77653220776345,136.91865478438453,355904938,0.8486501918798196,0.17716782073290843,0.6594459075123617,clean,87.82166120507755,20.915688065053143,18.74275162537456,11.15443261784606,29.425917844843145,39.86800548150378,39.99999999999999,9.199999999999983,128.58333333332956,-7.70999999999988,-0.629030398763707,-0.004022763817815768,-0.021579055430579114,0.0,-0.1755722358007718,-42.53477445019442,0.0,30.540712115800346,-23.180326698406702,-6.880611424104889,-0.9556588064096809,-0.2679659162184001,127.29752878197294,0.0,443096
-102.73441421530461,11.67701162010161,30.1854661078304,0.5682223427655031,-2.773670242250421,-2.7928936228196894,3.693986490209387,0.8206774389770122,0.9221841423927799,0.0,False,RUNWAY_EXCURSION,302,30.19999999999829,2,845728.8180050508,1315.8824391411606,3875.205388049759,810.7520771168819,dry,0.9522601409378075,13.263999604958064,-11.607746690683765,0.7330894121329878,0.6265716584771703,-3.043015773405372,1023.5496681731079,0.9758853813682528,nan,nan,nan,nan,105.48175061941258,0.9221841423927799,5.601785139978581,136.60475574247076,147.53313620186842,976697473,0.13441091555540588,0.2162192421763093,0.6033909277787507,clean,11.701962727005435,2.2979679956130483,4.286188191138824,10.113600904320485,0.0,0.0,0.036887365695711195,0.0,0.0,-3.0199999999999796,-4.575387257060932,0.0,-0.009225329658386738,0.0,-15.519808999795561,-18.574086871874428,0.0,3.3215793568642433,-28.155671963178957,-4.373099545029279,-0.2653207893448498,0.0,0.0,-60.0,443398
-44.03583320285239,15.357190008228391,43.59609733929506,15.017887929427593,16.53566898897568,5.732748154386845,15.92784223750117,0.7669588054371569,2402.8649133547024,0.15021008403361344,False,TIMEOUT,1801,180.09999999999306,2,685670.0656344485,1313.8744522381826,3884.1519495423127,1194.0136554687392,wet,0.8842570507698224,0.4835309855037302,10.007906830406801,1.7596163321273857,0.5307236784239754,-5.55585953126883,1008.0351903692017,0.896677360596865,47.99999999999728,1972.6673682402154,85.0000000000199,nan,187.03858071362583,2402.8649133547024,3471.1304235523853,123.39629259622777,133.267996003926,804462345,0.0050879210200865475,0.9835869666839564,1.4339100350822698,clean,261.47469820304457,18.57448888543334,29.78818830105489,12.828585581561297,40.32434796269099,87.92754498972712,39.99999999999998,14.299999999999965,0.0,-18.010000000000016,-47.19486179920472,-19.93794698757829,-11.409465761612807,0.0,-52.98035207970005,-101.59832932195212,0.0,17.26092681665168,-159.49514787084112,-121.51331031573247,-15.001342440912627,-9.37385736547949,0.0,-10.0,445199
-1.564439108469685,6.271315429417298,14.096433214145014,8.994285027389658,19.310181365636144,16.001344677933428,11.693350790737444,0.7561687209584693,536.0385603551974,0.0,False,UNSTABLE_AFTER_LIFTOFF,1110,111.00000000004059,2,740240.5707648279,1337.718494346551,4219.025285178362,1490.3494841908553,dry,0.942009871767893,-1.2267899164092844,-4.072689634701836,1.2920386640124892,0.4640491487363495,10.396958874423703,1005.2278947363492,0.9436864922742196,48.09999999999727,1696.9763455568384,nan,nan,116.46377268686298,536.0385603551974,535.0131185552813,131.96576789454605,142.52302932610974,579305194,0.46108395516728423,0.2793262617641948,1.3398154138653933,clean,121.6175844651446,19.510159194866624,21.130063944408786,15.488801455735674,10.985412375412707,29.245422334904525,21.441542414207873,0.0,0.0,-11.099999999999808,-4.850625656547184,-1.1107298420553184,-3.1932584581313495,-10.164756705390115,-20.864566415708218,-61.58911939014135,0.0,27.221384233131975,-47.22409076105679,-28.043873143334146,-8.549432544515343,-1.514356609402704,0.0,-70.0,446309
95.8136920171099,4.5693788579373384,21.76806828246317,9.674583556535534,17.98615403983999,5.990969983127143,5.263081174178902,0.7760718809744724,1514.00468536908,0.19230769230769232,False,UNCLEAN_TAKEOFF,1011,101.10000000003271,2,660155.1590023178,1335.8830572788427,4043.0464325144358,1431.709509820578,dry,0.973738913515674,3.969566080603909,-7.718572883503379,1.1632725728286684,0.46819040504708487,1.5716805045727575,1021.2557102487206,0.9166932232664665,36.299999999997944,1148.551045419529,75.2000000000121,nan,152.94601934739796,1514.00468536908,4972.982941546882,121.79993228814533,131.54392687119696,764302786,0.3408011472983242,0.41348389547891157,1.0459386983980405,clean,126.95208014635583,24.434604259042448,22.659818438550467,11.900748197801327,18.757050088393033,45.72913863951251,40.0,4.999999999999998,0.0,-10.109999999999829,-2.3454327335539698,-1.8563568265104402,-0.19533596155959407,0.0,-14.648122956651719,-58.145740061797525,0.0,34.55405325390011,-70.94884875744226,-41.1825784749442,-3.809503675149752,-0.931881558835672,0.0,-30.0,447320
-121.02028186187893,10.359106946579775,30.224192830876664,0.797277660451266,-1.6439450734459382,-1.64710569214429,6.3388506947533365,0.849130559829064,1.1272023428211924,0.0,False,RUNWAY_EXCURSION,512,51.1999999999971,2,734770.3117256798,1338.981399484774,4174.941741749915,1866.716429453483,dry,0.9451661648202216,6.379830700815537,-8.265603140773514,1.9718212017598238,0.06016260345087865,-5.58940224600712,1002.2271010182194,0.9450948267572237,nan,nan,nan,nan,108.096759665452,1.1272023428211924,4.9310629365327685,128.10005511379376,138.34805952289727,940878817,0.12884229330260588,0.5360588032186709,0.9504920650740936,clean,31.139400156911215,4.896694410999091,9.82076147246525,11.410551404212992,0.0,0.0,0.04508809371284771,0.0,0.0,-5.119999999999935,-6.104809058456311,0.0,-0.18372746726968997,0.0,-7.235945047521498,-32.927545077016454,0.0,5.5949568971010075,-43.653781782317466,-27.1260400170714,-1.5758858476281377,0.0,0.0,-60.0,447832
70.92292507406002,7.779432177780806,30.127858970329456,10.670432032960893,19.43546014434905,6.281351085643508,9.482519277222522,0.7857124171137004,1857.4714169870051,0.22357723577235772,False,UNCLEAN_TAKEOFF,1298,129.8000000000388,2,807785.2557337834,1313.8016018429682,4589.771752073106,1782.6746394290394,dry,0.9768447557991123,12.030088644706609,-3.41877156470011,0.5118172031803783,0.3716693393685012,-7.367156334363789,1024.7482233136582,0.8948708634830008,51.79999999999706,1655.0089580978158,105.30000000003605,nan,162.61385690862394,1857.4714169870051,4386.180006463875,132.41142065124134,143.00433430334067,1990440445,0.14931434739105093,0.4338655658008682,1.0375321733295741,clean,163.79438212085722,24.84882326511712,22.88901983280631,14.627339626541252,20.813086917387807,48.40011162484829,39.99999999999997,5.4999999999999964,0.0,-12.979999999999768,-8.728266153475703,-7.1072327066221535,-3.0793721434802643,0.0,-17.726829310774498,-76.11588353760573,0.0,28.273504438834227,-84.61217740192009,-49.485413250994064,-5.1125534253082465,-3.2756148221500188,0.0,-30.0,449130
-120.99803560062976,6.795319645697108,13.820268520678853,1.815178031567804,-2.2150198917334345,-2.1670991323537194,4.075010557664173,0.7865012919274083,1.7635453021670173,0.0,False,INSUFFICIENT_RUNWAY,967,96.7000000000292,2,787810.724287448,1326.794215668913,3938.6372203504684,852.464365363996,dry,0.9137712191996813,0.5895005664122199,-11.727923805197454,1.8765462163796787,0.7695628273155672,8.170268086882182,1010.8731323570878,0.975589689191579,nan,nan,nan,nan,127.32701651971823,1.6773043598196864,-1.463926755498548,135.25212073712592,146.072290396096,763401035,0.5151476671150859,0.3495329093829687,0.6380621111409539,clean,78.16678208396524,13.456046424228509,23.657685680921652,17.37401874085484,0.0,0.0,0.0670921743927875,0.0,0.0,-9.669999999999838,-4.961394323035503,0.0,-0.01822064718491024,0.0,-54.84633798405454,-56.755934242710566,0.0,15.505845402023175,-61.765658293058756,-30.447067467415007,-0.7608931495562105,0.0,0.0,-50.0,450097
41.5521759168897,7.380419094590653,19.271621389874475,11.446409623342895,15.6634867418225,6.469792849847907,10.015034776191923,0.8128819009422444,2619.4009033250013,0.10460251046025104,False,UNCLEAN_TAKEOFF,1607,160.7000000000107,2,692797.1422834491,1336.6611018592746,4456.831661507377,893.6657865359368,dry,0.9781019971588724,7.231444430554333,-1.1921230308420707,1.4037794474587135,0.10957661087567205,-3.649446258442346,1000.5506798651326,0.8996273028600876,34.59999999999804,1160.9440959472738,113.00000000004218,nan,176.6478752045008,2619.4009033250013,4585.957054309437,124.91823613758118,134.91169502858767,1312487141,0.2575495985361461,0.4879167189426091,0.8241731000820851,clean,233.69102494935268,24.057037437673483,23.092452810066657,11.06766683518132,26.958805266908414,72.85713858086062,40.0,4.999999999999998,0.0,-16.069999999999713,-9.726025746773315,-14.593626976108123,-6.525454905408685,0.0,-32.12197298632406,-97.46349004559633,0.0,26.23638862263098,-127.35411509562992,-81.52508997576976,-3.0899711209707954,-2.93859173320177,0.0,-30.0,451704
-70.86625903811431,9.595161295590906,28.13757206023803,1.1926442242931534,-1.7004848139539988,-1.6651923807980056,4.035787797595774,0.7651395285069987,1.1548439482912727,0.0,False,INSUFFICIENT_RUNWAY,934,93.40000000002658,2,772182.778619114,1341.9205374359972,3877.041647920532,1346.4541717305958,wet,0.8184401377579696,0.644450726945847,-4.026223512423879,1.3143966016652389,0.34044802266902696,1.1387521878499367,1023.1742310167516,0.9609621234652024,nan,nan,nan,nan,97.04971014808348,1.0111290030083637,-0.7011107147951812,131.50789319241323,142.0285246478063,579553631,0.1958385334860315,0.32842287681076726,0.5367724643531366,clean,76.7260839371675,6.3597900954651845,22.38993439167542,12.45287791903457,0.0,0.0,0.040445160120334514,0.0,0.0,-9.339999999999845,-9.554521149930107,0.0,-0.015680970573346203,0.0,-0.7739822461130522,-52.79057724285287,0.0,3.817360546877665,-49.02754892204143,-20.63208417331398,-0.5183563836297682,0.0,0.0,-50.0,452638
-30.512159208475836,11.057094818193933,30.00868843206324,16.16273445263304,23.451602185185756,8.027332887358032,10.159182650623555,0.7496313272620271,1371.24958877245,0.9803921568627451,False,UNCLEAN_TAKEOFF,834,83.40000000001862,2,642203.2005120935,1328.205539993532,4376.159237681977,1772.7815894446048,dry,0.9431302593282029,13.352739637577018,-7.68850466131614,1.6984211454622362,0.4436065525895754,-6.136556491396407,1003.6331992721317,0.9089775858168135,32.19999999999818,969.3261762247903,78.40000000001464,nan,186.0015544353934,1371.24958877245,4951.437309830108,119.55958978523903,129.12435696805815,182018495,0.03960731282317664,0.8520880239278151,1.4098156916812077,clean,103.18255137306255,9.974498564308306,19.048331309798836,9.871056307791367,16.61692289339714,33.50712728017173,40.0,4.999999999999998,0.0,-8.339999999999867,-11.329366045850565,-10.238566098956909,-0.6143783907913951,0.0,-8.38104768266194,-45.94506105232778,0.0,9.854188080433477,-86.5386406725199,-61.722815408200866,-7.379806121767211,-7.077153544361024,0.0,-30.0,453472
59.643084302179524,6.244136692335224,13.69381032744952,9.277691673138941,15.35786971845922,6.346258876577647,11.728400392384946,0.7222413600024499,1296.820102166304,0.6493506493506493,False,UNCLEAN_TAKEOFF,745,74.50000000001154,2,643628.9815724081,1318.418406758782,4240.895932567257,742.9666649270262,dry,0.9357522953223034,5.712898534746615,-2.348623330043613,0.2584640867476742,0.0668096018073856,8.23808589267075,1001.111408340729,0.9428975278684083,31.59999999999821,1031.0686983425815,66.90000000000549,nan,173.660494835281,1296.820102166304,3701.6333105015374,122.85921856330945,132.68795604837422,683478958,0.4109510660843972,0.4415626197943043,1.1544691497650856,clean,84.58673089473757,11.483428176167807,15.997599039821829,10.02424754756007,17.49850814777523,39.22641333940239,40.000000000000014,4.999999999999998,0.0,-7.449999999999886,-3.2274428954736036,-1.317404230482303,-1.1798988251938742,0.0,-8.175758789498365,-39.066207870928345,0.0,14.645603573409232,-50.24420213373096,-31.478153587825613,-4.455537872905502,-2.224840210655493,0.0,-30.0,454217
438.76951961574264,1.9861452894687182,6.354618983722148,2.7967640700434155,12.630398622368375,0.9005419305871203,2.2358805976168936,0.7005528028088583,1221.1786824977355,1.0,True,SUCCESS,576,57.59999999999809,1,676607.9035150285,1326.6821338449486,4239.3232132775875,35.611596455160154,dry,0.9681352891965899,6.140905739975018,0.6659752013082336,0.0,0.0,0.3748705489707911,1015.3687871266536,0.9634192151299635,31.299999999998228,1067.8503808039486,52.69999999999701,52.59999999999809,158.2360988618015,1221.1786824977355,2637.8037000469967,123.4096280675779,133.28239831298413,1708470056,0.8913031651725161,0.15249162375771444,0.305381172440365,clean,62.029584844388104,16.95525461645584,14.557902207998707,9.712435455633692,20.870593523447194,24.515292637726198,40.00000000000002,4.999999999999998,134.00000000000054,-5.759999999999922,-0.2524654790962417,0.0,0.0,0.0,-0.0012881131483020853,-28.810031596270814,0.0,28.64020092327898,-12.855965637639775,-3.5053207012995973,-0.01993366983167076,-0.002214171777666008,133.69547477587741,0.0,454793
-142.35344440800208,9.514579696489946,25.39367101166824,22.672901888769637,45.25597988409384,11.336720894856942,17.937708222516896,0.7361773344532022,1740.8475187747679,0.0,False,LOSS_OF_CONTROL,1062,106.20000000003677,2,669781.4722731266,1340.3919031695766,4413.63016905977,385.47673227677245,dry,0.9364669915467394,2.7244240435174856,-2.844415321663527,1.7194095832789809,0.44147815839047677,-0.07691562939845298,1006.1410819078607,0.9452367912496861,32.79999999999814,1090.4751547761293,68.800000000007,nan,129.6098289087358,1513.0184917505167,8213.129894881606,123.2506596433147,133.1107124147799,1058952260,0.041808190000025086,0.7378097827592724,1.8478897385386825,clean,127.69369457212552,11.142640978363323,19.06505669186367,10.41851090740445,14.998981767000618,41.43742083492941,39.99999999999999,0.0,0.0,-10.619999999999818,-10.682212762501342,-25.51852627190449,-6.645461541104416,-0.24535527974927032,-30.048169646450248,-57.55412896816328,0.0,9.763698735545127,-102.96025077717141,-64.26471471168935,-16.46196086440135,-11.872668072096975,0.0,-80.0,455855
-122.08171336288783,11.079365427306575,22.236827061340655,16.244999391838128,45.110048866790535,13.213808313491961,14.401420454393646,0.787650463474102,716.4945968281256,0.0,False,LOSS_OF_CONTROL,1300,130.00000000003863,2,695322.0607312223,1332.7087246862186,4285.402968178821,1753.7546714352031,dry,0.9910424948203505,6.7712489600556935,-4.469723847464946,1.3419024134240856,0.9711246834370141,-6.453879192786187,1015.0533328869661,0.9277811116428142,36.19999999999795,1153.5201255204254,nan,nan,113.86861427250415,716.4945968281256,5819.171207363288,123.63453334768998,133.52529601550518,179830975,0.09220578888944098,0.5675537409770881,1.5859030916165904,clean,153.67681594848764,11.17602865972145,24.73653875822605,11.532590219196202,30.85337710866735,30.05192747383946,28.659783873125022,0.0,0.0,-12.999999999999767,-17.73089330592615,-9.145421406330465,-4.4376796488611365,-0.8016211633213951,-27.22363797769526,-76.00611668408075,0.0,11.081620028280362,-99.61467437993218,-72.7967779383448,-15.321099956997076,-7.772472970940114,0.0,-80.0,457155
-133.4049760887524,14.457882249252062,44.31449692262562,25.463721551656505,28.135211961876063,7.786272641027597,15.428694331590517,0.7217678601059065,1375.8053718085223,0.09345794392523364,False,UNCLEAN_TAKEOFF,1334,133.40000000003553,2,682213.6964247585,1327.563330365437,3933.4170150966374,675.4557549011297,wet,0.8070308039696067,7.3581014004393275,6.352231378901906,0.2731632089078502,0.11071648925090727,-4.259520340354944,1003.6393744396551,0.9401190483772647,31.299999999998228,1010.4855645967752,80.00000000001592,nan,165.9957609939825,1375.8053718085223,4280.408297150933,123.63674792176079,133.52768775550166,1838555717,0.0010934909990463041,1.2505221411082386,1.2745225805168772,clean,187.5599304782826,12.825730207915285,27.099097752065028,9.771903557397696,42.052194934261735,51.91850192355136,40.00000000000009,4.999999999999998,0.0,-13.33999999999976,-30.98294434263768,-51.857334853452905,-5.0326877403642705,0.0,-35.26410022364058,-70.24149880543699,0.0,11.982426041467678,-142.97653203904744,-117.84913705934827,-8.606037393188755,-15.464488526573234,0.0,-30.0,458489
475.3480490558829,2.225151347459685,4.9596324317534215,4.280911161358408,13.683143810019434,2.1878747536315655,2.8303513780314837,0.658711630377368,1436.8240502077265,0.36496350364963503,True,SUCCESS,776,77.600000000014,2,766087.9864847565,1331.5838742881053,4430.512946147185,441.61664637987263,dry,0.9448075689219207,-1.5616034653454915,-2.729215853527466,0.20074739387768714,0.18161024456806785,9.956542389829387,1000.3507583810944,0.947622471554591,40.5999999999977,1531.05259920869,64.00000000000318,72.600000000014,161.92278212945794,1436.8240502077265,1281.9626747017262,134.47752700920614,145.23572916994263,1014938414,0.8692753410094394,0.18045713487051893,0.4337794438653714,clean,91.59708101520691,23.1378009486162,19.16527615988611,13.658128788284003,23.436823828233763,34.4045262736336,39.99999999999998,4.999999999999998,128.44444444444056,-7.759999999999879,-0.4269119612025431,-0.038831968201513765,0.0,0.0,-0.2202073391919106,-35.7491132574426,0.0,36.696652708376604,-18.873503302410437,-7.264976567176303,-0.21347387272207344,-0.03696799386320449,130.39130115141592,0.0,459265
-79.09067174278809,11.64494805133013,21.52705593070995,7.043977964245599,0.050744538701975817,-0.07802965138162044,3.995132327792539,0.7784034289670794,3.3379284950932515,0.0,False,INSUFFICIENT_RUNWAY,890,89.00000000002308,2,752586.3110377399,1328.6855661573672,4552.662670259852,188.28366044539692,dry,0.9062234431274413,2.3066026756678903,-11.397363122731715,0.4267489191413065,0.39320039828882347,8.87897265453978,1011.6054347605201,0.9942664985165287,nan,nan,nan,nan,124.48400307349114,1.8163712267243,-3.2330671522828247,132.30393892404842,142.8882540379723,629618264,0.19050293856150582,0.2782784458234061,0.6074176770445633,clean,90.09850750043162,3.8525340416468863,19.739330647598155,16.457305606933097,3.7468492284287502,0.0,0.07265484906897197,0.0,0.0,-8.899999999999855,-13.409809495019752,-0.7393864210033463,-0.02495960437769019,0.0,-15.30126907206594,-51.571069814750786,0.0,1.8539566459156067,-54.303189743830096,-19.859476989420216,-0.6365201181783724,-0.16612900416469684,0.0,-50.0,460155
-158.70650358048513,8.286543754840679,23.31125988711659,14.65152223377675,27.89368991291028,11.26971933519446,21.56205274527442,0.7677143322096938,691.8814735315098,0.0,False,CRASH,600,60.0,2,682143.1480848299,1341.167935944679,3860.690475753511,124.06775759901234,wet,0.8824082125300318,7.6129332025716305,6.646112626548046,1.3168148735727954,0.00027085472571053426,6.775334386401834,1000.9435589618337,0.9950652835995998,33.999999999998074,1096.000280800685,nan,nan,128.50240339542768,35.77896279125872,-4602.208867765147,126.17978799805263,136.27417103789685,1621603785,0.003666394978038468,1.9978066828373275,1.9347611839851515,clean,49.96602528660137,8.192426297995857,10.976098232017414,10.954957844105854,7.169422112804708,12.959817060225829,1.4311585116503511,0.0,0.0,-5.9999999999999165,-4.5777871600592706,-9.69774505305761,-2.848165050829115,-0.4467999405804312,-20.763446227463355,-34.233323118508814,0.0,6.0155963690790255,-42.288949303586676,-30.434935216016356,-8.391308212551957,-6.689546012311837,0.0,-100.0,460755
-1.2385084142031708,7.597806181639767,15.489234056860319,6.069453464406073,32.38235738988033,8.486380473105172,8.650637523558048,0.7284578879674268,1854.271149087714,0.7037037037037037,False,UNCLEAN_TAKEOFF,727,72.7000000000101,2,635293.8355263803,1333.1715266484682,3833.5689579936648,39.078571953708455,wet,0.8604767363929352,2.308157180991495,11.607416425930086,0.44955156244153494,0.7803918688027753,-4.899938271068677,1001.7927375319425,0.9444716130429358,29.999999999998302,975.1933986821441,62.00000000000159,nan,141.20562754945888,1854.271149087714,4481.118087647499,119.28454406827935,128.8273075937417,546476013,0.37120651245554925,0.4810901676256007,1.2687454461297172,clean,79.82626731671864,10.900753326227365,13.045841226958713,9.203822550833651,13.31457131851121,32.07590528373244,39.99999999999997,7.599999999999989,0.0,-7.269999999999889,-4.66303121428067,-0.622403463248144,-0.909820320504964,0.0,-18.887383414089772,-38.41688330942115,0.0,13.096225476003069,-72.94795744209108,-40.185835760169134,-5.179148518619213,-1.2194314707629663,0.0,-30.0,461482
-42.76223811249164,1.1523367284913504,2.0418113419053894,0.06638145558182564,-3.224470995852735,-90.0,3.9489857385726483,0.8333526549413226,0.0,0.0,False,FAILED_TO_ACCELERATE,301,30.099999999998296,2,803663.6964045012,1318.8138813288151,4089.151055743672,2475.110653216074,dry,0.9012618226930966,9.096406092778494,4.038931692980514,1.9883989326810196,0.048353772015561125,-6.370495915203559,1004.521959584617,0.9276931153185682,nan,nan,nan,nan,18.003216724529526,-0.19354223453456143,-0.10491377438209604,133.6327621097081,144.32338307848477,681137309,0.9813899836210347,0.07014799956839642,0.20310854218054028,clean,1.718218092745463,1.6538909429845063,1.0593654611539185,1.7483761456733333,0.0,0.0,0.0,0.0,0.0,-3.00999999999998,-0.04441020674276387,0.0,-0.004963988192012876,0.0,0.0,-18.773843034450106,0.0,3.3843741015781217,-0.3135554491332206,-0.17967401891301576,-1.6159195834263762e-05,0.0,0.0,-30.0,461783
-101.75452999896933,13.475968303737094,30.008573249912537,0.9384352295939212,-3.285784030374561,-3.246121647632529,4.671190616466622,0.7280138413265984,0.4090766151673506,0.0,False,RUNWAY_EXCURSION,257,25.699999999998546,2,786517.7634545604,1312.2914655014115,4145.464528024902,1863.6748594471392,dry,0.9405874536723386,5.165263351878806,10.493180707850907,1.9790461145491411,0.2584226230361497,10.005007065125191,1012.1376924975407,0.9480146555122891,nan,nan,nan,nan,81.97900740216889,0.4090766151673506,3.667164540820984,135.47411083753533,146.31203970453817,1334588899,0.08850216190413022,0.40103858677985565,0.9938351370402654,clean,8.769191460068189,0.47180616416386323,3.211740339140581,8.097979147212843,0.0,0.0,0.016363064606694025,0.0,0.0,-2.569999999999989,-5.185738053654997,0.0,-0.057048684075836555,0.0,-9.573835824654909,-13.368404523788609,0.0,0.02533713830620723,-22.69637103518253,-7.986918363480021,-0.9086308276308012,0.0,0.0,-60.0,462040
38.20755946789987,2.626793363755991,7.94183626820422,1.2344913236141448,-2.3996156688396373,-2.368596796499421,2.617585933446218,0.7901849987930154,1.2436551549740216,0.0,False,INSUFFICIENT_RUNWAY,920,92.00000000002547,2,808037.2346313756,1341.8151434928345,3806.5744127975695,1789.7515371914812,dry,0.9739076055023117,2.0937723591898028,-0.23628165549405633,1.5625185338871905,0.9929793469604855,-3.1152728497545796,1004.5088928856712,0.9477716094686451,nan,nan,nan,nan,91.63948209249743,0.7108640611818373,1.3669644130494163,134.7685230191433,145.55000486067476,13264638,0.8334217304205797,0.2457798767870966,0.4787075444115295,clean,75.28069403092478,27.011939175358876,23.970089036291427,13.864552692524018,0.0,0.0,0.02843456244727358,0.0,0.0,-9.199999999999848,-0.7053377673114128,0.0,0.0,0.0,-0.017560366097727535,-54.490531392284055,0.0,43.61761647724247,-14.51465185422386,-16.29582487910383,-0.34186024786796976,0.0,0.0,-50.0,462960
29.680526681223235,7.62366487116052,18.63147945149136,8.29938283804508,14.334811512357064,6.392648201743422,10.117388568780664,0.8043167224564526,1536.9653398603944,0.6766917293233082,False,UNCLEAN_TAKEOFF,886,88.60000000002276,2,622319.9625768353,1327.4428124250628,3883.5837916301384,1938.537086975124,wet,0.8134713418086152,9.216458698918583,-5.192252181260512,1.6608463614043405,0.6626160638602759,8.905372811086675,1021.9267051874302,0.9046688974473218,31.199999999998234,955.3063644327111,75.40000000001226,nan,143.1936627916676,1536.9653398603944,3811.7901554586983,119.70615603558386,129.28264851843056,270078281,0.3005453941176915,0.4905526222548651,0.955293666252347,clean,99.2936318041553,12.70963469581227,17.418234095494245,9.940418275396034,22.966159472231197,44.37459581389252,39.99999999999998,8.999999999999984,0.0,-8.859999999999856,-5.7216173040046305,-1.1378810514466857,-1.8699594647861928,0.0,-12.764342573001498,-53.5531958185223,0.0,13.537442650956843,-72.57252590457246,-49.047823456643286,-2.810460431129972,-1.2217841226071124,0.0,-30.0,463846
-50.30608715285617,7.965966755234884,18.788045956169633,1.3599171226933833,-1.031172585939456,-1.0301486367095345,2.814003243675988,0.7731311774257755,1.5041764396942199,0.0,False,INSUFFICIENT_RUNWAY,1016,101.6000000000331,2,731110.766841205,1341.949518866793,4143.097220171101,1006.8013147709273,wet,0.8437920028090048,9.796786467316593,-6.173841600156931,0.3619111252793621,0.3707311662816526,-0.7727469654243153,1023.6148535125218,0.9704038422438449,nan,nan,nan,nan,101.13218677833646,1.1008180155873788,-0.20443801019489172,127.51177226885025,137.71271405035827,1410685121,0.41918778577862875,0.1786896027676355,0.3792283368612731,clean,82.5352709768124,12.798636157409874,26.645483319629157,13.519870978773131,0.0,0.0,0.0440327206234951,0.0,0.0,-10.159999999999828,-7.163548040781721,0.0,0.0,0.0,-4.653943292184245,-58.586143343861906,0.0,12.261296644739911,-57.970314703133035,-9.429617001885001,-0.14711156899788538,0.0,0.0,-50.0,464862
-61.5150891862123,9.07655849971438,30.18056121273584,0.7196546806861858,-2.5122554072069714,-2.5284156709942773,2.2750811944869755,0.7992525890459188,1.7302942979820273,0.0,False,RUNWAY_EXCURSION,479,47.899999999997284,2,819195.3331096116,1313.4632786952984,4540.608258372624,1449.2524903785143,dry,0.9264707772335896,2.1981568193723904,8.744657427025299,0.22369878344113125,0.051314602176946056,-6.572095513779137,1003.3755715059782,0.9569375788062995,nan,nan,nan,nan,130.38156891176672,1.7302741687410617,-0.07235491384992798,134.94663096036638,145.74236143719568,836097736,0.18895714159061852,0.28417625212730824,0.6996457997390704,clean,34.11854396297543,9.600356131242739,11.052500006557949,14.307727998936176,0.0,0.0,0.06921096674964246,0.0,0.0,-4.789999999999942,-4.384654989021688,0.0,0.0,0.0,-8.481249940129812,-28.404246820359788,0.0,15.014719619214882,-26.827859694832593,-12.254393443480668,-0.5357429840645992,0.0,0.0,-60.0,465341
418.6998945716849,3.2693938502729583,5.862995632725278,3.2396236590020457,14.296515459524224,1.5405068063721892,1.8383626437025122,0.6821715037591631,1423.7504528482514,0.43103448275862066,True,SUCCESS,705,70.50000000000836,1,750705.6601523969,1331.9687018707098,4775.5287588676765,411.3125149020185,dry,0.9504269629091625,1.7782225338177842,-3.849428699061908,0.0,0.0,4.106648268742276,1014.0616195815469,0.9477818277464864,37.59999999999787,1386.9586092783532,58.999999999999204,65.50000000000836,158.36859475888153,1423.7504528482514,1678.9616182398502,130.91386931703073,141.3869788623932,247559666,0.8272489500573167,0.22580709381946062,0.2631655878137398,clean,79.68956044104311,16.582424497724407,18.192105788652214,12.090250419352124,23.995185833847458,30.91104122459726,39.999999999999986,4.999999999999998,130.41666666666436,-7.049999999999894,-0.837299998275873,-0.0005574065325645065,0.0,0.0,-0.009389579838994494,-34.079528208861056,0.0,17.062130473743263,-26.003575416302255,-11.320527482516198,-0.010490661945568792,-0.015444528263884,124.0873425085975,0.0,466046
48.783099290292654,13.293288367764237,29.49297681370603,7.804217788920153,20.731046775501074,11.199840625424603,9.731708186146253,0.76338096113309,2224.920513323428,0.0,False,TIMEOUT,1801,180.09999999999306,2,841298.2049658122,1327.0304274718114,4291.272270484668,1513.853635826953,dry,0.974143893630159,4.711308985875635,-5.329081911834038,0.3478572100798867,0.9823237657514626,2.3204431312374734,1024.0866822735356,0.8956027158331408,52.299999999997034,2173.1981232937546,143.40000000002644,nan,132.09016287758524,2224.920513323428,1613.8584483287614,137.4859702205304,148.48484783817284,895342327,0.08083671657157276,0.4115969777170632,0.8563331150838971,clean,246.04358879602188,14.68708549394274,33.655901678786165,15.586500497125229,49.783507292523105,78.1362769155046,40.000000000000014,0.0,0.0,-18.010000000000016,-35.3619377385548,-1.5304171833463376,-3.9352432480893826,-0.5281061110643079,-13.409187697378755,-100.9896303285039,0.0,12.015230905936933,-170.50134846939093,-80.71707521630417,-4.278222008920352,-1.863824287992445,0.0,-10.0,467847
36.585048770599656,8.430133349834389,19.47999328500489,10.098958271202429,10.329631202060702,4.374548704325512,13.083848955220414,0.8154940464794702,1384.3702724834009,0.06993006993006994,False,UNCLEAN_TAKEOFF,1477,147.70000000002253,2,729408.3271380105,1316.1757808819723,3847.3796074388574,589.1724463935863,wet,0.8651487243529996,14.833937640406528,-1.9798380839768073,1.9841417984811942,0.035848346356484484,4.084731260510779,1022.808872710567,0.943945834893712,36.39999999999794,1214.3209966085099,76.30000000001297,nan,190.88883807071647,1384.3702724834009,5182.736546258339,128.48570652041528,138.7645630420485,392652092,0.22403564697026812,0.5708085106755626,1.3088397295457679,clean,203.08580602340072,18.54542424657353,23.98757512171101,11.289690802991682,44.133272990520126,60.77359527152095,39.99999999999999,4.999999999999998,0.0,-14.76999999999973,-11.662908670353008,-5.333609694218312,-4.784305037686514,0.0,-20.832587896131322,-90.34960458267891,0.0,21.042258314159763,-138.22157178248943,-63.85574233139304,-9.050109288262348,-2.412134717063124,0.0,-30.0,469324
376.4128384051869,3.898360733672152,11.033023089972367,5.146497424625831,9.662506657984204,4.521898418365309,4.114635518616901,0.7154543756398271,1308.1667785138302,0.8771929824561403,True,SUCCESS,592,59.19999999999936,2,650895.3970324277,1333.517935387746,4215.210539030596,1262.31038088618,wet,0.8771397613365755,2.7544262003444553,7.619958393290359,0.3882879295521884,0.4975361950549576,-4.963286131182855,1013.6076756901792,0.9253188661908394,31.199999999998234,1012.1205282949542,53.59999999999696,54.19999999999936,142.84871265093983,1308.1667785138302,2911.5317578344157,120.02117633454796,129.62287044131182,2005066142,0.7061588614444744,0.20226183263758465,0.7716252467268516,clean,61.84425889949531,12.806257600377304,13.46145714799671,9.668942119710232,27.608246759961325,27.27290964283701,39.99999999999999,4.999999999999998,133.55555555555574,-5.919999999999918,-0.9996391238470482,-0.08598369039213306,-0.016724531312515754,0.0,-5.873766820402137,-30.308178547328446,0.0,11.67672389539532,-21.029316199698368,-7.183827351263197,-0.9651793567499992,-0.022726811819309765,105.92382921667115,0.0,469916
119.63574631049738,9.177721229093013,19.57343717284297,12.614181902301343,16.314982551008153,5.609072523942531,9.302036502641444,0.7740169259003946,2227.6976423135893,0.0693359375,False,UNCLEAN_TAKEOFF,1606,160.6000000000108,2,672770.172790407,1319.6874691677995,4246.601577278432,714.6155078725113,dry,0.9580248307018947,3.4984606039431085,6.376890500367583,1.1189197486847544,0.4474139536792918,0.024454137877203408,1016.304635798596,0.9164882546528527,36.19999999999795,1275.821556193035,58.29999999999865,nan,193.03924889260838,2223.3311663853897,3835.9558782791873,122.92775149640062,132.76197161611267,255475740,0.20123589854768043,0.441430299484456,0.7878882885028955,clean,230.5886304816465,20.544805667948225,33.27696653497242,10.99189504271894,25.47744574981545,80.5146002703577,40.000000000000014,7.099999999999991,0.0,-16.05999999999971,-15.030476726229434,-3.256140068921877,-1.5856273148619386,0.0,-10.541926602934142,-91.00640864434483,0.0,21.213457157261637,-121.74844028623565,-54.7346869198744,-3.1269846959536385,-2.981363334866683,0.0,-30.0,471522
-121.11270818153156,14.243660422793308,23.12659959609993,1.0252012588601669,-2.1741855593266424,-2.2108898656787037,4.1274381563582,0.7425648434772713,1.5903584297022917,0.0,False,INSUFFICIENT_RUNWAY,1122,112.20000000004154,2,844884.7128757744,1333.4909306930097,4132.487291748954,1843.943667800947,wet,0.8812184770125339,1.6292278475400401,4.761225612925321,0.9415391813606198,0.5231540196424205,4.374211067726717,1016.8445515318892,0.9475675897027219,nan,nan,nan,nan,125.07571496912584,1.5903584297022917,0.1330009590039083,138.7564367516567,149.85695169178925,1863455860,0.11568346703268337,0.3887182821526157,0.7174617069209974,clean,82.21203598741961,4.163405489022088,27.610783918186314,17.595467847373957,0.0,0.0,0.06361433718809169,0.0,0.0,-11.219999999999805,-25.292605492567773,0.0,-0.009053487765717514,0.0,-4.492137683625533,-60.80454721629074,0.0,2.507396439165797,-65.27140876417675,-36.540680084051104,-1.6349794714089536,0.0,0.0,-50.0,472644
349.071691007597,5.849113014904184,16.053043282850272,3.8953013371123277,17.419397584260558,4.0310578034269335,3.8332372394771337,0.7391210591114364,1428.1403662902642,0.5596330275229358,True,SUCCESS,726,72.60000000001003,2,645996.851999406,1321.8934656251827,4390.207014561311,1384.3895074308268,wet,0.8008237017175824,9.426418741290103,0.4621345029946604,0.730535727287638,0.7416116987551099,-5.074143442222347,1019.1153800200191,0.9185175870372115,36.59999999999793,973.8719307140045,61.80000000000143,67.60000000001003,162.27750193866254,1428.1403662902642,2740.900633895211,119.22181391495141,128.75955902814752,810596546,0.5486884381804489,0.19589112587564483,0.38151286895503467,clean,73.87637873205632,12.68985451444324,16.303608917436886,9.984454336380642,17.073767433656926,33.13743101888892,39.99999999999999,6.099999999999994,129.83333333333056,-7.25999999999989,-2.7597779269304703,-0.00838069221913627,-0.0047944484871861,0.0,-0.3087261693601739,-39.49399946781982,0.0,15.564044999921492,-29.437348523980905,-8.263047732627586,-0.09471314831171039,-0.16365989584800286,82.30326572706733,0.0,473370
-173.8202059790351,11.182588804635675,26.37948334493225,4.93070289702733,-1.0541749853074402,-1.0167060532009655,12.498591295255101,0.8333011975209198,3.3829715673145984,0.0,False,FAILED_ROTATION,843,84.30000000001934,2,755647.1428693768,1338.7201590749955,3879.263783839402,1690.1764317664877,wet,0.870157637195293,3.640236562093638,9.830791342322554,0.3048653162684538,0.06091792718319855,0.14234077072212514,1014.6216018095231,0.9510642115413865,nan,nan,nan,nan,146.6811889902287,3.3816044070899807,-1.727609082470316,130.4141783344831,140.84731260124175,1593244351,0.07624733310300957,0.9334835992498091,1.419650102028134,clean,76.5384983928331,7.182037378451692,15.474693195459913,16.61071966758318,1.8874576767229059,0.0,0.13526417628359927,0.0,0.0,-8.429999999999865,-11.713044052323754,-0.07057889434907784,-1.6020462743106274,0.0,-24.172857312084904,-52.755145167125,0.0,5.420452883397255,-86.17473923702738,-54.15002151593373,-7.837353070673788,-0.1635438259369381,0.0,-50.0,474213
-212.92131001644952,10.608572314160977,32.50108917304045,41.51300256357269,16.474084116754568,12.463450733542677,15.182723402164093,0.7239155903720899,1274.7476253159928,0.00847457627118644,False,CRASH,1174,117.40000000004568,2,715823.0922032387,1333.552479109175,3906.3826274872863,1502.7533308512527,wet,0.8794913998655831,10.053553217998147,-11.27474843622193,0.9127030939763672,0.8756970410313952,8.775947422677095,1017.4703739638142,0.9565010865872458,37.699999999997864,1253.7032294834098,82.10000000001759,nan,163.68275626060992,42.62695544607368,-5367.4096912944115,128.6372741104767,138.92825603931485,308862419,0.0007140589298573749,0.99045015596648,1.5346398101251189,clean,137.1147632635513,14.81567640088699,19.629928158966926,12.397180807670894,30.314819906160473,39.97150273674897,1.705078217842977,0.30000000000000004,0.0,-11.739999999999794,-14.680453431508347,-13.881485566347484,-12.466622075358924,-2.8712661122171697,-39.75178624502838,-61.8115628605449,0.0,13.1051676042483,-117.04932683069619,-86.88335626754434,-11.172516932566122,-9.967050790711696,0.0,-100.0,475387
473.27297247531703,1.4482732820873525,3.4758316032961893,1.6776555953364058,11.442411316030102,0.9260643685632618,1.5446101997613935,0.6772623317053086,1253.4074393206924,1.0,True,SUCCESS,590,58.999999999999204,1,702939.2387710973,1328.9582778434294,4408.134205854565,252.64751129967078,dry,0.9942172370560713,3.673560345697357,-3.7928246675828197,0.0,0.0,3.5869823186368404,1013.4732740390442,0.9568360829754297,33.69999999999809,1192.6242884630599,54.09999999999693,53.999999999999204,153.36287960398636,1253.4074393206924,2760.363118908635,126.60453820744213,136.7329012640375,1206567758,0.9521358497958298,0.11841245538418409,0.250634830580905,clean,63.57408573162356,18.55373429254655,14.963225467406964,10.588363177502538,27.16667227209898,23.441411389372593,39.99999999999999,4.999999999999998,133.61111111111134,-5.899999999999919,-0.13750248275208454,0.0,0.0,0.0,0.0,-28.065241513179704,0.0,33.319223447013435,-3.860873156772367,-1.7962663712122884,-0.004914087773691154,-0.00043427104302654843,142.82037746937448,0.0,475977
53.51499094907625,13.468732521124327,39.905259289644924,24.285979790312815,12.49329355728055,3.3775536025839066,12.01007565949657,0.7661344801695441,1609.2714406593984,0.11041009463722397,False,UNCLEAN_TAKEOFF,1301,130.10000000003853,2,659043.0747185005,1319.2051655579646,3886.3281281967825,1077.5121744390299,dry,0.9508026826740409,11.57340195133918,-4.003133363081877,1.6451500018202765,0.15990566055657196,10.772780967851649,1014.0351775466712,0.9355222323229727,32.49999999999816,1032.549396678815,66.80000000000541,nan,154.01740692194855,1254.5829863198007,2370.861280549179,124.05397478634467,133.97829276925225,922066542,0.005950450010309031,0.7878013093176048,1.3595392491837412,clean,191.15509959450569,16.691122700118097,24.51567446681735,10.329547674964168,32.51280999458385,57.93751885056206,39.999999999999986,6.999999999999991,0.0,-13.009999999999767,-26.223354355443895,-14.091499863730244,-2.8057967313680585,0.0,-9.763268693728234,-73.72194797948818,0.0,20.12214359105397,-96.85554284720877,-67.29330486799573,-7.5208292114268165,-5.463381373136873,0.0,-30.0,477278
467.28584281138814,1.8114476935032156,4.221038580220494,2.2030498719889557,11.082793110864179,0.49839068347811505,1.7896667643353474,0.6970799668774933,1259.3288153059293,1.0,True,SUCCESS,603,60.30000000000024,1,712104.7360090659,1328.64467163544,4636.541685808881,317.9309918569599,dry,0.9583436291987488,2.886496214069684,3.284252499991589,0.0,0.0,0.39767248073790906,1013.2940490754203,0.9543580502050418,35.09999999999801,1277.262493084028,55.39999999999686,55.30000000000024,154.53259272462748,1259.3288153059293,2953.12414267826,126.7400184360925,136.8792199109799,816569873,0.9317249830779782,0.12649136034202146,0.23929985414943972,clean,65.04524884399439,18.063297039213378,15.206293142832195,10.780396654683592,28.117952648387124,23.52404675072027,40.0,4.999999999999998,133.24999999999994,-6.029999999999916,-0.21984996400197407,0.0,0.0,0.0,0.0,-29.80981573095129,0.0,31.153590861861364,-4.341884384652633,-2.2084477599643546,-0.0007721440829913159,-0.002960608347415536,139.75874746169674,0.0,477881
-110.3747223324905,14.307661989469425,30.0998670092777,0.7877066799333615,-2.6221517735149145,-2.705830314772059,2.6733741553000168,0.8283228569596197,1.5392492930109256,0.0,False,RUNWAY_EXCURSION,558,55.799999999996835,2,790933.6802766332,1317.110517247631,4302.449973037772,553.0570679348534,wet,0.8912593506009828,6.143048724855245,11.097583117580992,0.1610424417411267,0.9897632309648463,2.0484165554925085,1024.0345752570418,0.9836388864180056,nan,nan,nan,nan,130.2280688456713,1.5392492930109256,5.94861452953058,133.24810180961705,143.90794995438642,1610517708,0.08503113866731131,0.18688514445299442,0.516733918036394,clean,34.310036201284206,4.39494330448426,12.178483938776308,14.987391590885329,0.0,0.0,0.061569971720437044,0.0,0.0,-5.5799999999999255,-12.691969879504317,0.0,0.0,0.0,-21.93531841601395,-34.71840237199457,0.0,4.791211530520867,-40.35277774181828,-5.581168605686477,-0.23872185514416122,0.0,0.0,-60.0,478439
-103.18924855873922,10.74465361284005,19.619177717646643,5.692093136363034,11.038295882641444,16.00517051277006,6.102143194630484,0.8058700436601641,181.118397142724,0.0,False,UNSTABLE_AFTER_LIFTOFF,633,63.300000000002626,2,700031.8359826797,1340.7646941044934,3955.979057635334,1555.965860337675,wet,0.8288651151380934,9.00810743939862,-0.5404426492205889,1.0277766490930862,0.9829617501203958,10.642829849730532,1004.0989312188448,0.95351062094518,42.3999999999976,1376.0982255042734,nan,nan,108.541463993438,108.83179350947194,-1272.687966607014,128.45662758941467,138.73315779656784,546529668,0.237289480580134,0.3578759169309438,0.6915254295162975,clean,52.60608936558467,3.3449681213161644,12.951951318371377,14.171187428990397,9.73171946350106,7.115292176807735,4.353271740378879,0.0,0.0,-6.3299999999999095,-8.119813215280807,-0.1294402059601808,-0.12983995731018533,-10.98513542246125,-2.741715651293053,-38.29736855074598,0.0,1.8388099663655817,-52.315084908694814,-19.394771199526232,-0.7260013848828365,-0.13336764389943032,0.0,-70.0,479072
431.42277167672205,2.2928079426458687,4.227815807922836,2.3615611484688084,15.134438475304023,5.649555702929053,2.8544813837729888,0.7176574165170846,1251.4509313970018,1.0,True,SUCCESS,550,54.99999999999688,2,633937.1306515144,1336.8236331908347,3978.650780067107,121.1833614848426,dry,0.9914230440270895,2.1680534813342307,4.581146852348207,1.94358263525343,0.7279872992018018,0.740237181863975,1003.2120723718002,0.9601758901983355,30.699999999998262,887.0975282529414,50.09999999999716,49.99999999999688,141.16519991512163,1251.4509313970018,2999.7154332762675,120.25245182892799,129.87264797524224,763724827,0.9171155180886196,0.12732719723038916,0.5038148934369835,clean,51.44913934686186,14.33403610102712,12.731006789150078,9.7119090295843,25.301945789229386,23.622269340396564,40.0,4.999999999999998,134.72222222222308,-5.499999999999927,-0.3212591715581097,0.0,0.0,0.0,-0.4430685889910492,-28.572796952860557,0.0,16.5901468561831,-2.516232348640022,-2.0399867549865185,-0.18486250981093544,-0.02902518437895205,137.56732771329294,0.0,479622
-225.15159536742942,9.818443891794976,32.5776167271769,61.50379336333042,16.289947507477955,9.334790972906227,16.59470793665223,0.797876836156129,507.52988551864473,0.0,False,CRASH,911,91.10000000002475,2,696854.4514310432,1323.6236085078149,4343.208344778887,7.9656864046545595,wet,0.8505022284803632,8.239665158655152,-11.995600640267995,1.0072284872787678,0.015826391728879896,-5.653896684845756,1016.9083982836354,0.9982397811855283,60.80000000000064,1981.0370437548336,nan,nan,126.5348790563821,38.55091777479466,-4298.251695563511,123.83321270026116,133.73986971628207,103607450,2.0610201488300454e-06,1.336726337705684,2.506718145626672,clean,75.37604918746536,5.348865193273451,16.832412644714974,13.203337671780268,13.248076783636469,14.6302241190641,1.5420367109917708,0.0,0.0,-9.10999999999985,-9.758008517301443,-20.914616415215093,-4.613853686836092,0.0,-36.46444090749175,-54.405894965725075,0.0,1.7060961377367412,-68.21666674095744,-53.72805025954298,-2.7663927026422344,-7.060769620379367,0.0,-100.0,480533
438.11815748803247,2.9001702462837864,7.6959003639823225,1.9967440800137584,9.73301214282322,2.2453711792235374,1.2414918808032636,0.6917962307161322,1242.9801749811843,1.0,True,SUCCESS,610,61.000000000000796,1,715949.0618373096,1323.0399956319727,4733.3528742536055,473.4994251212837,dry,0.9773000619191174,2.0930373013788754,-2.3249928818382255,0.0,0.0,-0.8273947430345441,1015.1641316324917,0.95025029661831,34.09999999999807,1216.4312017002812,56.099999999996896,56.000000000000796,160.93476663683555,1242.9801749811843,2850.649066006629,126.69474883703334,136.83032874399603,587833211,0.85390316055084,0.15411923051414717,0.1988129978205872,clean,67.06395920254992,15.962327546220575,15.545093205286967,10.692812537405105,24.771975888774683,25.424513179433088,40.00000000000002,4.999999999999998,133.05555555555534,-6.099999999999914,-0.57007803878135,0.0,0.0,0.0,0.0,-30.208591037984306,0.0,24.01013382749978,-10.57183516061454,-4.039843191288391,-0.00011268148056895254,-0.0032274271695739037,128.085474082626,0.0,481143
-17.497398604862717,8.570454853589341,13.52936424882437,2.0934288153342386,-2.0591737572352704,-2.071434677948103,2.859457452460865,0.8395808851687184,4.984572019732468,0.0,False,FAILED_ROTATION,1002,100.20000000003199,2,780180.9152408618,1322.7467925632525,3875.76751212204,1774.627385185646,wet,0.8907195624498836,-1.144153653143833,-4.419041751354464,0.505018045606412,0.652946601335947,1.60576624427941,1011.8883185971305,0.9489059846606385,nan,nan,nan,nan,160.6906061178529,4.984572019732468,27.171983137981996,133.02957416481277,143.6719400979978,1503562949,0.47187641556213195,0.16313182904482754,0.40974938635773855,clean,76.44048930511643,10.372514534222887,24.51615265341773,18.644878010386794,1.4544655734498722,0.0,0.1993828807892988,0.0,0.0,-10.01999999999983,-8.177733532245336,0.0,0.0,0.0,-1.814384816429806,-63.461649781635856,0.0,14.409432383819121,-22.292477683389105,-7.540421002839983,-0.2265091831380347,-0.0015379463865360802,0.0,-50.0,482145
-44.56799946813774,3.2139099432117355,3.987352785290011,0.1279076901034499,-3.108802489888342,-90.0,2.0333220810467996,0.864759192745287,0.0,0.0,False,FAILED_TO_ACCELERATE,301,30.099999999998296,2,828584.3158991212,1329.5204985702694,3854.869287575908,1034.9095401049033,dry,0.938830642867474,9.389804053182178,11.410732987981643,0.1282172403281281,0.7185002693056975,8.426019905595012,1002.3630753832035,0.9705855385359816,nan,nan,nan,nan,22.018710207196126,-0.15609534934742442,-0.030702508923976524,139.35566488165622,150.50411807218873,396906548,0.9091732709392765,0.0760425844520669,0.2002236388486932,clean,2.4239080164096145,1.771685234028825,1.6646374793826888,1.5830547616456367,0.0,0.0,0.0,0.0,0.0,-3.00999999999998,-0.34545492822729446,0.0,0.0,0.0,0.0,-19.79603208202552,0.0,1.5133979030936675,-0.17685795781759028,-0.1961013551821718,-0.00023653944557427904,0.0,0.0,-30.0,482446
74.0381389831949,9.26182049902506,22.029238752699047,28.22596801325839,4.331515534460505,2.2893116184644517,18.728801872507926,0.7741922225783145,3249.6920559316386,0.11264822134387352,False,TIMEOUT,1801,180.09999999999306,2,615368.9324717898,1315.8650199818305,4042.9264543298937,1785.0579563056217,dry,0.9532862545966634,3.1634327431798077,5.472143330728631,1.7806729792387435,0.1633830065189248,-4.188448901918191,1016.6454818421125,0.8585142181407062,35.299999999998,1120.8812769833416,129.600000000039,nan,177.78682023498607,3249.6920559316386,4315.43721644958,116.68460838176503,126.01937705230624,440653675,0.027691941405369996,0.6781879346682319,1.35788676243642,clean,297.9806258833614,24.65555085353445,35.35210169011738,10.991343717286448,25.594346281124842,97.54925417791655,40.00000000000004,5.699999999999996,0.0,-18.010000000000016,-17.165795048893933,-40.58945547517448,-10.464298325134694,0.0,-26.548392111746193,-102.42228138923603,0.0,32.4520552892591,-162.00330069189246,-90.52722977949834,-10.989621761350508,-7.516764326478089,0.0,-10.0,484247
361.7289206170813,3.6927282458123014,8.51840817819202,3.5050908267540266,14.487405507147118,3.348760488567818,2.748772435569596,0.7414593331340182,1230.0602837005026,1.0,True,SUCCESS,594,59.39999999999952,2,642762.9065739806,1322.83801176223,4408.259100703172,757.4594617123959,wet,0.8707415030500546,4.740603210163297,-4.480030102764771,1.1637390111647117,0.13786458857291617,6.283671421053443,1019.6982591935704,0.9439613493316431,33.799999999998086,1064.6999986539747,54.49999999999691,54.39999999999952,155.9452108002647,1230.0602837005026,2904.3975513212285,121.2506536270447,130.9507059172083,1129937240,0.7559719424865908,0.2715048318807934,0.40875293253422956,clean,57.97662430195828,12.687714522752247,14.131249273256689,10.761092993825034,23.181827182604508,24.55844424182989,39.99999999999997,4.999999999999998,133.5000000000001,-5.939999999999918,-0.8999919652297201,-0.003894866123371228,0.0,0.0,-0.8323366166922157,-32.121476014569936,0.0,11.45484644006327,-31.03732954050571,-13.92886311737591,-0.10998204316477449,-0.04479554853553107,113.39579137298863,0.0,484841
402.75438730214125,4.212594034782154,7.075571464542955,3.1518665467870584,9.429203843879726,2.753600703956721,2.2424449686567653,0.6866122081260044,1264.5287408173563,1.0,True,SUCCESS,605,60.5000000000004,1,704224.4445220969,1327.6118719989906,4683.303269240056,330.6703725553965,dry,0.9688627450471992,5.738710296908973,3.7788371885256273,0.0,0.0,-0.631779585690615,1013.0247656760753,0.9536951336784945,33.39999999999811,1162.5868511586689,55.59999999999685,55.5000000000004,158.81358198423658,1264.5287408173563,3195.311487224757,125.82849136435003,135.89477067349804,1061186134,0.7879773730860707,0.18597888971766321,0.2918599368285475,clean,66.34436347459166,11.321593208859086,14.979131450409337,10.430181145172545,26.87773582212307,26.036248737388696,39.99999999999999,4.999999999999998,133.19444444444434,-6.0499999999999154,-1.1929220937376357,-9.453965629453814e-05,0.0,0.0,-7.837208873990266e-06,-29.45131078737412,0.0,14.711483079101605,-21.43171296309031,-6.182150018019217,-0.024634909381871836,-0.004566874391241383,118.19660596291061,0.0,485446
-162.28667894012804,20.426621271204088,51.230026249415985,17.33688234890763,25.514144159788234,16.16157979253435,17.64735339164965,0.8029182114549162,2953.3657373311,0.014234875444839857,False,UNSTABLE_AFTER_LIFTOFF,1743,174.29999999999833,2,743387.7475881147,1338.5333307224253,4021.1443251105848,2040.7176306130175,wet,0.8735762680387882,8.301980933405346,0.7231203041281211,0.962764434406038,0.4492740867303826,-2.3296102024354433,1009.4638739963746,0.8604712781566795,51.69999999999707,1756.8238472890457,118.20000000004632,nan,110.02673156246324,2953.3657373311,1724.5166103329495,129.12481120445048,139.45479610080653,1624500748,0.0011053227965945613,0.4924663352266533,0.9952193499752118,clean,218.79985764062513,10.421018142971674,34.633499313295935,14.134871643473558,25.141383696785894,75.65200092075261,39.9999999999999,0.7999999999999999,0.0,-17.429999999999925,-80.80680788657924,-24.815025128626772,-10.170942183879953,-12.30242288768217,-26.565342911676474,-104.13519523199056,0.0,9.53373771176906,-151.2689358654629,-85.46557187055868,-6.377468456421373,-2.0653355869221937,0.0,-70.0,487189
-139.44032807522808,8.10498948512615,23.996110813872694,5.259491823083606,-1.1806811173117633,-1.112436696534689,5.321092221760961,0.7749505955896245,2.992517585393955,0.0,False,INSUFFICIENT_RUNWAY,1057,105.70000000003637,2,860815.0772787954,1336.6818857711435,4173.714367371597,382.93313007918636,dry,0.9179384072647505,8.860795503008191,11.346222731963588,0.8183920328881573,0.6975210611057981,9.699962678992353,1000.2450574146372,0.9887990003460961,nan,nan,nan,nan,140.49296845849483,2.992517585393955,7.323859076605892,142.4955453347924,153.89518896157583,787334591,0.2237088513045662,0.5764331049015368,0.8745924854797447,clean,83.09204015405827,18.23809295916171,23.067476900716503,19.35053545220581,0.0,0.0,0.11970070341575831,0.0,0.0,-10.569999999999819,-7.715025918175975,-0.03816746633951116,-0.07661044071462564,0.0,-28.15375439583735,-60.66078220168075,0.0,22.83519597450414,-87.08342049073036,-59.327412353556674,-2.5096058929270386,-0.008591059326895956,0.0,-50.0,488246
-101.84141377758709,13.081105721965328,30.013404370351395,0.4074169271826021,-2.9764089456518925,-3.2188262249612203,10.034786458034407,0.8119387275442129,0.1258267693617654,0.0,False,RUNWAY_EXCURSION,297,29.69999999999832,2,810667.7089063324,1333.6682032834879,4207.5030069415525,1023.4588349921409,dry,0.9104894284165256,4.697962511982951,9.820592889935405,0.5264249894521154,0.8001119244772233,0.9782133907347106,1018.1344318068533,0.9701516608098119,nan,nan,nan,nan,61.44657164376469,0.1258267693617654,3.258404979162659,135.04076767714918,145.84402909132112,1731645599,0.1069404001183847,0.21418200419145322,0.8340549739108296,clean,6.101246398913373,1.4167583827603218,1.709221123684048,6.372427731221004,0.0,0.0,0.005033070774470616,0.0,0.0,-2.9699999999999807,-5.646805788004723,0.0,-1.4454476871270423,0.0,-3.084444839364118,-17.98322175544495,0.0,1.601445923833634,-23.356060422588417,-4.089927862001103,-0.47163805424357774,0.0,0.0,-60.0,488543
-38.36468359025254,8.55695387296964,15.45336311991908,5.419081754416646,-1.094846300413281,-1.09487186129402,7.632827710171161,0.8112167971546642,7.423435553610716,0.0,False,FAILED_ROTATION,790,79.00000000001512,2,751714.4873438402,1315.4037888949874,3935.3587359302765,1864.5094034691492,wet,0.8984527735886059,-0.48491901491944445,4.9957442038607525,0.42406931668515346,0.6393933688332658,8.56608153238702,1000.6179790321255,0.9475895817856173,nan,nan,nan,nan,164.40830325639376,5.953567459954684,15.278858227213732,132.88122980427457,143.51172818861653,1835401190,0.4112275671886917,0.20339510982200393,0.6468787131089004,clean,78.3717797303936,8.822863501685443,17.946310558522498,16.905406846785443,1.9270765536760834,0.0,0.23814269839818739,0.0,0.0,-7.899999999999876,-6.427217007940315,-0.16649331821817123,-0.24076497113799233,0.0,-1.343473018591117,-47.791388182192705,0.0,9.17690336757432,-47.10162202547863,-9.852251838684806,-0.8970859446803165,-0.03287054036369615,0.0,-50.0,489333
445.09138159329916,2.476123204537953,5.3233731880267126,2.7573776804954924,11.04287693404977,1.4095284864778335,1.090422234479369,0.6876049364189458,1264.8995767042252,1.0,True,SUCCESS,655,65.50000000000438,1,757183.5468315479,1331.4000977149901,4304.551079812379,216.24950421181478,dry,0.9550798926307976,6.678271792580033,-1.1237846865430914,0.0,0.0,0.8018390105430022,1014.0467468976753,0.9571386803653215,38.49999999999782,1388.6474694264493,60.60000000000048,60.50000000000438,154.81173289340933,1264.8995767042252,3110.0503504421213,130.7329661256883,141.19160341574337,1292063824,0.8941760237333322,0.13704056225084743,0.16919085660274039,clean,71.11349510424182,17.6071279592181,16.718386579144717,12.376630609368421,26.120504139660014,24.747483544753017,39.99999999999999,4.999999999999998,131.80555555555435,-6.549999999999905,-0.4462141012504004,0.0,0.0,0.0,0.0,-31.938879174398046,0.0,20.18429710834833,-12.826822207305836,-2.9455736785406885,0.0,-0.0010134054945220362,134.12640355999983,0.0,489988
-54.98302424383687,5.070398764411354,12.111926377940717,5.914191780487822,-0.7906487811160492,-0.7335552942407972,5.90751023409454,0.7562020055267332,4.031107104155694,0.0,False,FAILED_ROTATION,899,89.9000000000238,2,817928.7629239004,1333.0825771793138,4180.457085228542,629.337479432994,wet,0.8295058821378769,4.67100691765666,8.485389336706856,0.7193532939683529,0.5910671420786398,-4.4844054633656185,1018.812820543502,0.9809658902611089,nan,nan,nan,nan,160.0494206261271,4.031107104155694,21.510237999600683,134.31195134965856,145.05690745763124,2041107446,0.5004442044890179,0.513110174627131,0.9103704488178148,clean,83.21127911256667,17.82965228236227,20.108950275399714,17.611519761919176,1.5576713561905957,0.0,0.16124428416622774,0.0,0.0,-8.989999999999853,-2.5680378137221793,-0.13461737471895935,-0.19695138441390583,0.0,-9.209515874887732,-50.65101718065616,0.0,21.046539013017554,-58.44443414826115,-33.42794875020887,-2.848478072666645,-0.03887972992289909,0.0,-50.0,490887
-73.0450937710204,11.317753040967913,30.037668981251336,1.11470556207075,-1.8296981499595402,-1.884770530682906,3.131296682479295,0.7837283752051974,1.4471795269341783,0.0,False,RUNWAY_EXCURSION,391,39.099999999997785,2,779373.6774924134,1335.0510682917754,3932.9831156555388,1940.1964795683723,wet,0.8365402753403244,9.91814069545913,-2.6004014360327554,0.8623124274065845,0.9681382012270643,3.2255923499318726,1002.7783167157523,0.944672351640783,nan,nan,nan,nan,123.19993246242906,1.4471795269341783,5.103952942355523,133.93613785041998,144.6510288784536,679081289,0.1451957738679065,0.18581840168729244,0.4386038317872222,clean,21.539400353461286,4.237189194171029,7.844429446365449,12.60379564222024,0.0,0.0,0.057887181077367095,0.0,0.0,-3.9099999999999606,-5.564865528163152,0.0,-6.225501296992348e-05,0.0,-0.016870647103623158,-22.62773091894332,0.0,6.704072396769951,-30.093074570989636,-3.7235214149524007,-0.09574264992071502,0.0,0.0,-60.0,491278
-99.50085104656264,10.875533158603474,30.22225474753584,0.530502608716179,-3.1151959116161003,-3.34293546494358,12.756305644735674,0.715506856775645,0.16609151852713921,0.0,False,RUNWAY_EXCURSION,220,21.99999999999875,2,841676.5841476081,1331.26957060543,3986.2764551689797,425.740796887491,dry,0.9124931517128633,1.9189698543123006,9.887861452632611,0.9042717111308736,0.17548793005902652,-5.725652202176199,1023.8274050967275,0.9870103742170531,nan,nan,nan,nan,65.95684357889395,0.16609151852713921,3.371939106222861,135.6160534465825,146.4653377223091,1222830594,0.1279678035565915,0.4680080515519786,1.3807817589572913,clean,4.931963531479675,1.5201125344882274,0.808630961691108,6.419773968058094,0.0,0.0,0.006643660741085569,0.0,0.0,-2.199999999999997,-2.891220969606045,0.0,-2.0596778531674547,0.0,-5.315036635484589,-11.409255548433844,0.0,1.5252232701906456,-16.807125927483487,-12.234531227437106,-1.7963508115989646,0.0,0.0,-60.0,491498
460.5073613118417,2.1260893540880113,4.454197541516347,1.5487105893817859,10.022871825873194,2.425685195474165,1.2093657313776929,0.6833023282226373,1232.262830896013,1.0,True,SUCCESS,642,64.20000000000334,1,750982.475681255,1327.6574807742852,4554.273488210024,223.52311186121472,dry,0.9746253383423759,6.929631076928328,2.0622989511872323,0.0,0.0,0.641456904676259,1010.9122349736078,0.9578316635797238,36.59999999999793,1342.864759512171,59.29999999999944,59.20000000000334,158.10061877024344,1232.262830896013,2936.4569596682627,130.36203550525832,140.790998345679,1014615208,0.9235345600235492,0.14183026231437068,0.24932979225320723,clean,70.78073137473835,18.715311458139755,16.388145700497542,11.701535739842663,27.405293913714726,26.160969730849835,40.00000000000001,4.999999999999998,132.16666666666575,-6.419999999999908,-0.3224449238317347,0.0,0.0,0.0,0.0,-30.902034325598837,0.0,26.578753574999837,-12.147870576234206,-3.123702203744422,-0.0037560303610021765,-0.0004227913688075327,138.53018400353238,0.0,492140
-52.19008211529471,2.407406133688153,2.409375681909078,0.05097851071088416,-3.173960724473343,-90.0,1.893768212578782,0.8364349467677797,0.0,0.0,False,FAILED_TO_ACCELERATE,301,30.099999999998296,2,864498.3984856992,1331.8511534812242,4485.730420112554,2427.1370410776167,wet,0.8575851137934237,11.015422696291912,4.11217299902599,1.2772377070191276,0.011856325085786712,3.1348050563898724,1003.9016142154771,0.9313080298101736,nan,nan,nan,nan,10.524317867623449,-0.19514453404826781,-0.05659983558146268,140.96010758050954,152.2369161869503,728005477,0.9543699920726858,0.0,0.0006441530856362812,clean,0.002032526645840417,0.0016657314771568925,0.001365449457782749,0.018629243759750152,0.0,0.0,0.0,0.0,0.0,-3.00999999999998,-0.1938307657831469,0.0,0.0,0.0,0.0,-19.011176091243787,0.0,0.0012317903917119651,0.0,0.0,0.0,0.0,0.0,-30.0,492441
466.92775157739965,2.0024379614644334,5.722434945700058,1.3641978304346802,12.087775879712995,1.8547772611598987,1.3275695477307,0.6742427581896309,1253.3420917351402,1.0,True,SUCCESS,623,62.30000000000183,1,731721.1556397376,1330.5454445952296,4467.253597095132,362.92078386104333,dry,0.9621001664234308,5.012128589981282,0.734027734806955,0.0,0.0,4.945849804053768,1014.4606480552061,0.9539906825504321,36.39999999999794,1352.5139321049505,57.39999999999793,57.30000000000183,153.07614876936805,1253.3420917351402,2870.2075873378994,129.40791052987166,139.7605433722614,1828552077,0.9220585029252917,0.11074177398209506,0.19116878014527297,clean,68.01249942904427,18.34229045621213,15.87246900229548,11.471402071348052,26.48458189716163,24.422448666093693,39.99999999999998,4.999999999999998,132.69444444444395,-6.229999999999912,-0.2775643447630131,0.0,0.0,0.0,0.0,-29.512684850414058,0.0,29.364200370295446,-5.461315276721879,-1.5599420850156562,-0.00023180272434600532,-0.0036218386497536155,138.30877543879376,0.0,493064
-70.54458578418274,9.891635817865277,30.119555672399393,10.21064051905115,12.47774207225628,8.192738138502813,9.674068240915936,0.7696314511705099,836.8065203029175,0.0,False,CRASH,1386,138.6000000000308,2,854576.7205129502,1322.2359107689076,3843.3699548300865,2006.0113365364468,wet,0.8864206820106834,0.7730874260869434,-5.709148758417006,0.19062929745875024,0.9953142125807055,-6.678660069221646,1024.5637581989024,0.9405527838449543,66.90000000000549,2267.8616902308195,nan,nan,141.58786367075461,13.839146169107835,-3609.944877101257,136.37159239063868,147.28131978188978,902652305,0.1296319216850768,0.30814216831337166,0.8734568823286756,clean,150.949728159131,16.452540926001763,27.404541744764163,17.04047383743728,37.70343484243918,28.53997544789519,0.5535658467643579,0.0,0.0,-13.859999999999749,-15.068046709604408,-1.4207314520462426,-2.029707409951938,0.0,-14.218205579943398,-79.05580484362899,0.0,23.239728912258492,-112.89631317577248,-28.886507367108752,-3.7985745440188845,-1.1946844187983843,0.0,-100.0,494450
-47.508535786219056,2.22791008069922,4.002803319910455,0.11654561584923034,-2.6706703676930137,-90.0,2.5921666226524893,0.8650914850425089,0.0,0.0,False,FAILED_TO_ACCELERATE,301,30.099999999998296,2,670468.6814084939,1325.7035513095893,4016.0894806624283,2269.687943677102,wet,0.8189989708093279,13.197520099081032,5.574718474936379,1.277586407194102,0.20442450230679765,2.9132006528505787,1005.9364487468838,0.9355390315162525,nan,nan,nan,nan,22.69520815945049,-0.10913414496690166,-0.10692757606909575,123.96480836205919,133.88199303102394,20165664,0.9447093802852011,0.06761613787983477,0.12418554024181341,clean,1.4711618692402246,1.0994271859788085,0.93512736913226,1.3988673622942385,0.0,0.0,0.0,0.0,0.0,-3.00999999999998,-0.16600428684800464,0.0,0.0,0.0,0.0,-19.785776308167367,0.0,0.8455643359077246,-0.08639649665072117,-0.21050681710618244,0.0,0.0,0.0,-30.0,494751
373.32486681959097,3.683621895117439,8.598047936582818,6.067925269799066,16.715255656771077,4.70889531580759,3.2615939299776393,0.7319988816059314,1210.1361352189108,1.0,True,SUCCESS,639,63.900000000003104,1,692597.7689270902,1322.7470611160677,4477.564671182316,420.59683059048274,dry,0.9994887377338957,5.567715258520214,3.0927376928165606,0.0,0.0,-1.447385261648332,1012.1561371647017,0.9525543711434995,32.89999999999814,1151.1956138656292,58.999999999999204,58.900000000003104,155.7391547807722,1210.1361352189108,2625.6812087896615,124.6618024053262,134.6347465977523,874970510,0.7014286488841086,0.29362675897581897,0.38829423638940025,clean,68.11631900643737,14.825763382204276,15.87608146010413,10.280757034209683,28.795600910544348,30.33528694195994,40.00000000000001,4.999999999999998,132.24999999999915,-6.389999999999908,-0.9634039888993899,-0.17950168843381417,-0.00017195014455359325,0.0,-0.03607785123124228,-34.04919399331097,0.0,21.872941552027477,-42.78922058207837,-14.087162542893173,-0.07132672326758452,-0.6761214802522771,105.2142973326163,0.0,495390
-55.54190126246,10.346635911782863,20.52892121601932,9.949047498280226,15.458676755502976,4.3037648174895935,11.749525819997237,0.7656522464579962,1378.2109950537013,1.0,False,UNCLEAN_TAKEOFF,646,64.60000000000366,2,622163.2239026852,1325.2567763477016,4491.2074614477,160.4477528462553,wet,0.8697571282227845,13.86494879306849,11.138229433991665,1.6779529839264384,0.047235945546787006,8.251029012416328,1011.8970247260081,0.956596998582272,35.299999999998,1073.2598508506658,59.69999999999976,nan,150.42257679264426,1378.2109950537013,4959.095778947561,120.15024187506917,129.76226122507472,2084024231,0.05551212244604546,1.1966659339724748,1.5802935444476043,clean,63.090527951004894,5.196376878041971,9.989043994142374,9.959763018918665,16.973672106049598,26.500467118927787,40.00000000000002,4.999999999999998,0.0,-6.459999999999907,-7.684017450042515,-4.444659391984521,-1.8399364704936352,0.0,-11.20791965535355,-36.541956670981996,0.0,5.2019531586046455,-69.42393867618246,-58.20313761657236,-7.4909718536025585,-4.157167702934925,0.0,-30.0,496036
444.28851177454425,2.6120671568219387,6.753821271510404,2.4092007227180083,9.96285230669819,2.556842632868334,1.7278725437108888,0.6723595359769257,1269.736047836138,1.0,True,SUCCESS,607,60.70000000000056,1,715175.1481249059,1331.8722893157405,4648.775666988584,400.4709533973276,dry,0.9882633953434626,5.89515265524872,-0.44873645727370004,0.0,0.0,-1.8424170307663381,1010.4230921526746,0.951385718932302,33.5999999999981,1175.9746196285014,55.799999999996835,55.70000000000056,155.52503716578755,1269.736047836138,3277.6482771927385,126.69859191511097,136.83447926831985,776557818,0.8795095386640513,0.12576446078949075,0.22168821233178687,clean,66.50473758366569,16.295152010435736,15.350287403668657,10.57609077934942,27.523893797602078,25.79836409853059,40.0,4.999999999999998,133.13888888888874,-6.069999999999915,-0.4601663514301051,0.0,0.0,0.0,0.0,-28.671861940065877,0.0,24.729272600408475,-14.970892457470814,-2.369090208446434,-0.0125951717984992,-5.840094544604098e-08,131.92643079960772,0.0,496643
-98.04931406148009,13.240152568388027,26.969549291215642,6.837842557782363,-1.4177271923977182,-1.4429024761451101,10.399739881575842,0.7990323506983958,4.381245918825925,0.0,False,INSUFFICIENT_RUNWAY,783,78.30000000001456,2,775814.4897447658,1317.5962578287645,4105.634469298567,1484.0390063303494,wet,0.855911480479832,3.891729747219415,2.0841121852396762,0.8625984262042286,0.3861110637180214,10.616834556207614,1004.0179652390985,0.958402266475547,nan,nan,nan,nan,143.0120312978311,2.2347667316148545,-1.154325502577045,135.23066429546924,146.0491174391068,1020967313,0.08537202999068022,0.5641808525737815,1.3786840229256123,clean,81.42730367705472,4.896285416097061,14.82912886608118,16.300207090410733,3.2199129899126864,0.0,0.08939066926459417,0.0,0.0,-7.8299999999998775,-15.251242682974722,-0.7866328153399103,-1.0284407959587163,0.0,-2.9489313305083886,-46.270666770899254,0.0,4.98315803613182,-64.24689407407395,-29.382793427047577,-5.941320337338658,-0.10777857229125237,0.0,-50.0,497426
391.81251450403687,3.112969545797883,7.223567367687482,4.77647350095176,15.338493330520054,2.928490658847978,2.773094094204926,0.7631725218981457,1208.540079462028,1.0,True,SUCCESS,756,75.60000000001241,2,718957.0633957232,1313.016039261998,4364.476581755531,36.465090647467555,wet,0.8878406475538759,2.525337921639827,-4.77875633472445,0.4927646439460096,0.5855270048296775,-0.7586815072103672,1023.9594319390716,0.9636239012820248,46.299999999997375,1318.8027245732449,70.70000000000852,70.60000000001241,164.67093650336267,1208.540079462028,3818.304008992626,126.42929366849981,136.5436371619798,886684139,0.7903946255375449,0.23002782274250494,0.4557092766396067,clean,72.64719750297888,17.672279756706175,16.93983344143392,12.15486520902519,17.416268858686486,28.199030297754014,40.000000000000014,4.999999999999998,128.99999999999656,-7.559999999999883,-0.8140086690174687,-0.03043638116486075,0.0,0.0,-0.9918497820029963,-42.44494787015756,0.0,25.845166021207433,-27.483594421757527,-11.595680286458094,-0.3399843246757905,-0.3608186791491033,118.55919383063174,0.0,498182
-303.5435286442306,14.09679972515181,32.41040273090158,37.54165405434308,24.003344805869254,15.868384359882802,10.87365995797498,0.7536684489977903,527.4185570078103,0.0,False,CRASH,759,75.90000000001265,2,736857.0295425961,1342.0155032686039,4140.411591369117,2289.9418801383913,dry,0.9069028524105457,7.935581656864489,-9.36473985182299,1.7748326783587935,0.16766150388062773,-4.5818427714632355,1023.8080987829551,0.9320969682986747,49.3999999999972,1645.2816688609028,nan,nan,127.73675457415753,43.55224186628766,-4838.730975162028,127.14867910185527,137.3205734300037,817979542,0.0009787750659077043,0.9266184546653541,2.6214922643056835,clean,62.50145605365565,2.3428984296564135,13.463784236492637,13.161842314355024,5.005527636787565,15.27731119555215,1.7420896746515189,0.0,0.0,-7.589999999999883,-16.7586999700777,-34.012819275437835,-1.5748136041899794,-8.964052521506364,-43.33291793740343,-42.17644105492532,0.0,0.889501766745699,-74.80731854092292,-68.84969275828279,-15.326504576399893,-4.534679712979706,0.0,-100.0,498941
