policy,total_reward,centerline_rms_m,centerline_max_m,max_roll_deg,max_pitch_deg,max_alpha_deg,max_heading_error_deg,control_roughness,max_agl_ft,stabilization_fraction_after_100ft,success,reason,transitions,duration_s,level,mass_lbs,cg_x_in,runway_length_m,runway_elevation_ft,runway_surface,static_friction_factor,headwind_kt,crosswind_kt,gust_sigma_kt,turbulence_severity,delta_isa_c,qnh_hpa,density_ratio,liftoff_time_s,runway_distance_used_m,time_to_100ft_s,takeoff_time_s,final_airspeed_kt,final_agl_ft,final_vs_fpm,vs_est_kt,vr_est_kt,seed,cleanliness,rms_lateral_accel_mps2,rms_yaw_rate_dps,reward_profile,rc_progress,rc_centerline,rc_heading,rc_acceleration,rc_rotation,rc_climb,rc_altitude_progress,rc_stability,rc_success_bonus,rc_time_penalty,rc_lateral_penalty,rc_roll_penalty,rc_heading_penalty,rc_aoa_penalty,rc_sideslip_penalty,rc_control_oscillation_penalty,rc_premature_rotation_penalty,rc_clean_centerline,rc_lateral_rate_penalty,rc_lateral_accel_penalty,rc_yaw_rate_penalty,rc_roll_rate_penalty,rc_clean_takeoff_bonus,rc_failure_penalty,eval_seed
best_model,-112.30712211820027,11.275070293838588,30.08599493415582,0.4712567074971588,-2.3166141194781984,-90.0,26.29508058440619,0.3669054722039133,0.0,0.0,False,RUNWAY_EXCURSION,282,28.199999999998404,3,679866.418046527,1350.6458742578554,3281.64948028812,4658.304860961965,wet,0.7156698144763276,-4.733644417268134,-18.83935789668895,3.660000044397594,0.31379558673294583,-12.548429410341,1008.9428763512848,0.8647373084859103,,,,,30.379811758179947,-0.05540279662818648,0.7224321461622951,121.28864296787285,130.99173440530268,1452895417,0.14790235851817216,0.14858901346068598,1.0056610788360292,clean,2.86074405666361,0.9730004985516325,0.29204276944551216,1.8258398007252201,0.0,0.0,0.0,0.0,0.0,-2.819999999999984,-3.9833192507713764,0.0,-16.619957696346006,0.0,0.0,-6.5525930601058855,0.0,0.906496180577362,-27.152528615512487,-1.335967026506856,-0.7008797749209583,0.0,0.0,-60.0,5300000
best_model,-193.39450683243547,19.109517098072935,78.63290373834357,37.65415392906386,10.28123072336232,3.3252647767222183,17.458682473000376,0.5840219714973713,939.5202028779668,0.0,False,CRASH,1517,151.7000000000189,3,667869.3575969914,1314.2751710005164,3931.420409359408,1546.0089064646354,dry,0.9044180616838989,19.190398119111123,-7.695088837635828,3.6653006572514597,1.4633004057440404,18.954774212160515,1015.1230215384455,0.9569002103647983,34.89999999999802,1155.0695345775976,,,157.06482085185687,37.961986458295314,-3576.3313449810053,126.51164177305634,136.63257311490085,88560343,9.462509859198975e-07,0.9592149130095329,1.6547019993136671,clean,207.1011648816922,9.459313057612292,32.54377342251188,11.03336350832782,46.2081858074556,45.81582334045464,1.5184794583317953,0.0,0.0,-15.169999999999721,-59.38108137735631,-11.024990021357429,-5.5013788539991495,0.0,-17.897430655966442,-59.34688732762329,0.0,8.391523360317777,-163.84244516926242,-108.96867429837201,-8.378816637608788,-5.9544293275895654,0.0,-100.0,5300001
best_model,-179.99645898581727,8.00620867099871,11.204010467957627,0.6888352235530572,-2.5673284421737024,-2.5589704014254124,3.8061395208162283,0.6662693275647228,0.27445685942939235,0.0,False,TIMEOUT,1801,180.09999999999306,3,780319.368734889,1351.6122072213427,4469.455097555871,3901.4884325362023,wet,0.8687582389037359,21.2733688338509,12.571294455853078,0.5379143551646188,0.5317823833405431,24.913540179755145,1013.6994288900846,0.8987764474552283,,,,,39.38655447642342,0.0287596112079882,-0.06230070683786337,138.16518591614442,149.21840078943598,1959748690,0.5522190917545828,0.08950974793968387,0.21651311793169087,clean,56.38655245469631,9.764327030225378,39.96654300499027,7.577831573532907,0.0,0.0,0.0011503844483195227,0.0,0.0,-18.010000000000016,-12.826997609746503,0.0,-0.018815542537933334,0.0,-163.8330692082173,-88.35058015154942,0.0,9.032234331698179,-7.278340063725035,-2.3900373168316116,-0.017257872799615978,0.0,0.0,-10.0,5300002
best_model,-33.73589371370777,0.9950823498924722,1.0078306760365092,0.19067110680217036,-2.8785206623104114,-90.0,3.9188536998013954,0.05196176794412262,0.0,0.0,False,FAILED_TO_ACCELERATE,301,30.099999999998296,3,824804.6875027728,1341.170532453577,3582.406903908639,1814.819327221852,wet,0.6639244752313208,8.397972336962642,-17.184319086519867,0.37830355630034296,0.6841218132541773,8.427191776607224,996.980029790742,0.9490932451518936,,,,,18.032068237607394,-0.1482813885422729,-0.012807301891482986,139.41258889938268,150.5655960113333,1510155209,0.9919369014678605,0.0,0.0010342676830209347,clean,0.0006887858128793307,0.0007702639302867391,0.00032595378483972666,0.0011122431893728834,0.0,0.0,0.0,0.0,0.0,-3.00999999999998,-0.03311631708925836,0.0,-0.12462899364815543,0.0,0.0,-0.5726076042072392,0.0,0.0015619545195055223,0.0,0.0,0.0,0.0,0.0,-30.0,5300003
best_model,-35.469512102280746,4.312152783506236,4.323287890239859,0.32473677219203795,-2.584491100964095,-90.0,2.4643263272916522,0.09645451194424162,0.0,0.0,False,FAILED_TO_ACCELERATE,301,30.099999999998296,3,728818.0526685558,1342.2461405825632,4112.437515040787,3861.054588407466,wet,0.7066634493366846,-4.57548749477287,18.7853504207269,0.8356540927082099,1.0255210415231064,20.170301901709664,998.5233431806207,0.8983024880173373,,,,,17.41640447039612,-0.13576849690434756,0.002536080043397812,133.51568804763477,144.19694309144555,1846787938,0.8605695811253892,0.0,0.01816815785842993,clean,0.03626602431514695,0.0175338569432867,0.021911335739356583,0.176674958855586,0.0,0.0,0.0,0.0,0.0,-3.00999999999998,-0.6218881277909415,0.0,0.0,0.0,0.0,-2.09091352294066,0.0,0.0009033725974818551,0.0,0.0,0.0,0.0,0.0,-30.0,5300004
best_model,-35.0980991503877,6.637467396062837,6.6502408930464485,0.18957836138402104,-2.8046695521690514,-90.0,2.8095293371165817,0.028405127995301968,0.0,0.0,False,FAILED_TO_ACCELERATE,301,30.099999999998296,3,755560.858518331,1333.850019647712,4345.481456204058,4694.05420527852,dry,0.9719112413434866,5.043534200979469,-18.23268071041193,0.10425644887509744,0.7657142818421885,-8.473469032725166,994.1997429236606,0.8656561155393626,,,,,17.558087424017508,-0.1458398671456962,-0.013493144778317251,129.7557767160784,140.1362388533647,961020691,0.7010516032546792,0.0,0.0010508291716462873,clean,0.0006682176611032992,0.00012925782008549143,0.0004132199057267452,0.0008901729194249514,0.0,0.0,0.0,0.0,0.0,-3.00999999999998,-1.4734275559525505,0.0,0.0,0.0,0.0,-0.6167724934483143,0.0,3.07068311134712e-08,0.0,0.0,0.0,0.0,0.0,-30.0,5300005
best_model,-157.12966931865066,4.651792977529234,13.581207587876694,1.793016115045146,-1.3033484358612453,-1.1538576884711123,8.454111301580683,0.5757869864793026,1.6505055731813627,0.0,False,INSUFFICIENT_RUNWAY,1081,108.10000000003828,3,767772.413306764,1326.4812183015265,4343.21288155358,4181.504164777503,wet,0.7118979886371062,18.08763121305074,14.756529610947496,3.534681717381319,0.5651744839197486,20.324195398808115,1005.6415577847022,0.8902975444032508,,,,,92.65035051296168,0.8357039468719449,2.1695547358683953,136.5855805510637,147.51242699514881,1829997400,0.40222955158698237,0.7399185351609611,1.3374813520787336,clean,86.39783893882888,24.02528865784592,23.8573719490686,14.711816852921363,0.0,0.0,0.033428157874877754,0.0,0.0,-10.809999999999814,-2.5991057017954757,0.0,-0.5818703998431075,0.0,-74.2299205914589,-41.3571302722548,0.0,26.927164450559715,-79.11907066506527,-65.72131254422972,-8.664168151101478,0.0,0.0,-50.0,5300006
best_model,-34.621330799236894,5.486270761436485,5.487189851506562,0.10503361345584164,-2.34382910425202,-90.0,1.369920229618904,0.03427800225921113,0.0,0.0,False,FAILED_TO_ACCELERATE,301,30.099999999998296,3,695977.2167219972,1351.6086711965931,3719.469416463149,4815.1719817838775,wet,0.6009324542518778,5.163265354777863,-13.474409836174981,0.4791249285953416,0.9214385233177331,-9.128796191957429,1003.6844275743849,0.8620632850137577,,,,,14.302427370787667,-0.1169659044517175,0.0295153877990202,123.79933439193977,133.70328114329496,248452933,0.7846603756896066,0.0,0.0004592923792324609,clean,0.0006183445005072481,0.00020561078553746646,0.0004766935433855988,0.0010023626057464638,0.0,0.0,0.0,0.0,0.0,-3.00999999999998,-1.0066499141339624,0.0,0.0,0.0,0.0,-0.6069848234479365,0.0,9.26909827987689e-07,0.0,0.0,0.0,0.0,0.0,-30.0,5300007
best_model,-270.21902508631297,22.380182525762898,84.47504996341083,42.85268111385909,10.097755783462857,2.1989217425967262,19.55799793592722,0.4590334126828727,1781.8891654699842,0.0,False,CRASH,1496,149.6000000000208,3,606809.1887928218,1314.8740247903331,4177.521411044176,2925.96182503747,wet,0.8885475013160631,21.21504070916037,-6.747094624421834,0.5157566312407718,0.3865589686937174,-12.304394422812726,996.5791911098415,0.9121421714015856,28.699999999998376,889.3562280521592,65.60000000000446,,161.03588171504924,37.63879278292552,-3278.984857028139,115.34638523350414,124.57409605218447,742904315,1.4519142453812413e-08,1.4316803821573976,1.962427544380808,clean,208.0393254811533,5.8652661104142005,32.33244827057745,7.385081454627658,41.66515696385648,52.59242169868739,1.5055517113170425,0.0,0.0,-14.959999999999726,-80.16536586315387,-39.9384183771987,-5.628276864620421,0.0,-17.92838494811866,-42.90660706174498,0.0,5.189729371103478,-163.0688352344883,-127.96876645715808,-13.177473018749197,-19.05187832281329,0.0,-100.0,5300008
best_model,69.70986568354766,16.939100791719135,55.39073657557132,16.475916264606383,13.9911746558831,3.7636900025393194,14.544194993316747,0.5201684212146287,1072.3865451515876,0.006910167818361303,False,TIMEOUT,1801,180.09999999999306,3,783945.3517402525,1308.4861520099287,3330.744928526501,722.3543191327092,wet,0.73100846040029,-3.7671846253638397,-0.30500375242866307,3.05433484678855,1.6261218449563495,5.473379245432554,1028.4492701770412,0.9691198470557623,52.39999999999703,1851.4206158601467,78.90000000001504,,200.05589257076443,354.3869697024853,1208.5760244563678,133.15195918986777,143.8041159250572,809622719,0.0010453140679025582,0.8849687514597374,1.1647373370696816,clean,291.47034600624664,23.728135686172656,35.86030036526476,14.841138074486684,57.79374424862189,43.091431523504596,14.175478788099369,0.7,0.0,-18.010000000000016,-57.41850858591867,-12.83988188476712,-3.2563490756236044,0.0,-12.622749705856497,-59.51082515333476,0.0,27.361369870122925,-149.3947277916672,-101.79659154292655,-9.779001319486332,-4.683443819387564,0.0,-10.0,5300009
best_model,-91.11396046460885,12.840754247193093,17.810838800859273,0.6890307036294135,-2.6410869510932984,0.36375749499446813,4.046394790899289,0.7508917698389015,0.6821176059328309,0.0,False,INSUFFICIENT_RUNWAY,1201,120.10000000004764,3,741977.5248149541,1317.7227515194618,3204.4411089182836,424.89807982943273,wet,0.7296386966115712,18.20468128557696,0.8099010420848818,2.9189119437371125,1.3102472108690812,-4.363479445331201,1013.210246440809,0.9870615786161494,,,,,72.89832892292783,0.40967315006662375,-0.7262907062803414,128.30460897105178,138.56897768873594,1006272240,0.2109028015886023,0.24013158519623914,0.6060325782032422,clean,63.019310692127135,0.9816199264150379,31.20688325578074,9.804072606194175,0.0,0.0,0.016386926002664913,0.0,0.0,-12.009999999999788,-22.002983170422873,0.0,-0.04192276762992229,0.0,-2.3528480046281675,-65.53913438469081,0.0,0.004173347621503218,-21.832312171374223,-21.495900090065952,-0.8713066299381321,0.0,0.0,-50.0,5300010
best_model,-251.30054607450586,6.624902784747553,17.605252697461225,1.7228302682974956,-1.1242264868324245,-0.9790266209530112,9.381624061685292,0.6850221995681134,1.2463251253448675,0.0,False,INSUFFICIENT_RUNWAY,1132,113.20000000004234,3,637261.3685234146,1347.9480526233758,3631.405595043662,327.3981613762739,dry,0.9492734431424603,13.386502846531425,9.730193700067955,3.4609746770374286,0.019259928074616406,7.449007661261078,1015.9833962468583,0.9902938277003582,,,,,76.26866721933801,0.5936207523770349,-0.5421667923595841,121.19027299065837,130.88549482991104,338516569,0.19144667183685485,0.9982761720748963,1.7766410117084774,clean,72.09168257696666,18.023122540467234,21.25080486634318,12.07606535257784,0.0,0.0,0.02374483009508143,0.0,0.0,-11.319999999999803,-5.520303264347431,0.0,-1.0732948125010333,0.0,-49.62888235350864,-55.38101251018529,0.0,20.838601325453933,-105.03186360348037,-100.52302524069395,-17.126185781690406,0.0,0.0,-50.0,5300011
best_model,-228.9538543385451,41.760915322593846,231.86794840735038,61.319663182558294,26.003246025928245,11.773229917459853,39.02179004143995,0.613845141063475,545.5306471184512,0.0,False,LOSS_OF_CONTROL,669,66.90000000000549,3,674546.166644709,1339.8081002300037,4222.062542091106,395.4095931087037,wet,0.8365482544176731,15.299495842792147,-2.666217127280497,3.529714891949488,0.26308819452513554,14.89086780279542,1034.90928092842,0.9769987546211488,44.199999999997495,1085.210398868677,,,159.65254195744302,425.5635854108443,-3750.1639607395264,125.08524575699805,135.0920654175579,1081791834,9.889267918941913e-38,1.9897778521436074,2.641971751664055,clean,48.68570312932663,5.130023762386722,8.373258387754097,11.39230025623787,9.830386003915612,9.92720124440417,17.02254341643376,0.0,0.0,-6.689999999999902,-34.789557581318526,-46.80629392190646,-11.047401351321337,-0.32021178329414157,-6.4948584929646715,-29.02702312725259,0.0,4.901554493377166,-57.90927942262782,-50.83291982742558,-13.034698597412133,-7.264580926856775,0.0,-80.0,5300012
best_model,-379.0135707047988,16.762632994769533,27.06063292008891,0.6421446837840732,-3.2738654940840703,-3.2209679671610303,10.562460698544651,0.633411788121873,0.4353663894135025,0.0,False,TIMEOUT,1801,180.09999999999306,3,933264.6555581567,1330.5909501513825,4433.836967280616,2090.559535391705,dry,0.9881171538280901,21.38437286646483,-12.743799396916778,2.29172433522579,0.09877677704271037,-4.898110036294749,1028.5655681190335,0.9389135837612543,,,,,83.20333418275511,0.3973429048601247,4.038241312617696,142.68345391500804,154.0981302282087,1762086675,0.05783984069716524,0.2900237787046759,1.050207398345799,clean,64.93744925456589,1.7647000331898963,39.3793385567358,11.784888850059556,0.0,0.0,0.015893716194404956,0.0,0.0,-18.010000000000016,-56.228393635124704,0.0,-1.105866307714093,0.0,-232.59690999424382,-81.31800045574106,0.0,1.5853789856151876,-44.09399938066694,-48.930496559180064,-6.197553768484373,0.0,0.0,-10.0,5300013
best_model,-17.23196200959393,7.3262553235332675,13.435045933859069,1.146539530032308,-1.7768809745572072,-0.8102104790732914,4.88981690514814,0.7568109687662647,1.8574198802723458,0.0,False,INSUFFICIENT_RUNWAY,862,86.20000000002085,3,742078.0781629969,1331.1844552821412,3708.575217323235,1051.6893584300208,wet,0.728797717536878,11.6184893367994,-4.350325821668044,3.0126367459816974,1.3655076468609604,11.032603152619636,1011.4487800077031,0.9703083358065524,,,,,126.46212741229246,1.6508926664591854,-2.432753590563763,131.8626529734535,142.4116652113298,766775831,0.5373827231637854,0.21086975735065003,0.5503702169019348,clean,73.60911044489137,10.132178120981287,21.34276194722204,15.121629231115632,0.0,0.0,0.06603570665836732,0.0,0.0,-8.61999999999986,-5.140778078949644,0.0,-0.119840675028931,0.0,-4.375340217907713,-47.94600331100872,0.0,10.821473406011153,-20.79545033632881,-11.009111557010316,-0.3186266902395699,0.0,0.0,-50.0,5300014
best_model,-186.68047066964024,17.00183798668306,19.61042582119549,0.524276836723005,-2.23846869721599,-2.24251415200654,9.402043538170602,0.6944481715126972,0.4462141076373882,0.0,False,TIMEOUT,1801,180.09999999999306,3,675510.9332306429,1340.110764522286,3385.32691297776,1506.9538140277255,dry,0.9444082969505347,21.23541051334833,-5.743305669263208,2.1948594790379192,0.9852923289573499,4.456754608367799,1032.238366058977,0.9569358171470504,,,,,37.6732418716222,0.012955366748883534,0.048337694589672964,123.15985067857973,133.01263873286612,1157884337,0.08155151514411067,0.26675100865954304,0.8915574983051264,clean,54.31155568327601,1.560770391094056,35.16113181350657,5.944827744219376,0.0,0.0,0.0005182146699553405,0.0,0.0,-18.010000000000016,-57.84461704007562,0.0,-0.7292497112214325,0.0,-37.96512732863301,-89.64822515110363,0.0,1.5588127083109278,-29.525559151478973,-36.96609790279558,-4.529210939408156,0.0,0.0,-10.0,5300015
best_model,-17.07051429240211,6.387477081784227,11.89011604694049,0.9670868235057186,-3.037688755797907,-1.5259377143045079,2.16988313600305,0.5948414429157904,1.1112382523886026,0.0,False,INSUFFICIENT_RUNWAY,862,86.20000000002085,3,925246.3561233075,1305.1539691869673,3514.2660955934675,1978.626338646635,wet,0.6041901980784906,1.0410248884116156,5.91365512502676,1.65258091544644,1.6000178070485827,6.03456117228497,1025.438607537594,0.9441821467450727,,,,,102.59190769120227,1.024442322868481,1.1163414269702798,145.00553675178497,156.60597969192779,1943944966,0.6109188813115787,0.22369038327587207,0.5358148913580757,clean,69.40225912588284,10.356560850632874,21.918367039647265,13.149405522222715,0.0,0.0,0.04097769291473917,0.0,0.0,-8.61999999999986,-3.9077202568238603,0.0,0.0,0.0,-5.969083085362277,-34.232683136495545,0.0,10.710492306586524,-25.89249563233852,-13.533554895746445,-0.49303982352247916,0.0,0.0,-50.0,5300016
best_model,-292.8350920047491,15.738953254099501,24.740608515424103,0.6230645109328993,-3.4455404901421094,-3.3502249473585994,7.232340744656269,0.7173137551826537,0.28467106262633024,0.0,False,INSUFFICIENT_RUNWAY,1509,150.90000000001962,3,934445.8256154498,1329.4514236343475,3246.539972610943,4757.002364394694,wet,0.7581643245624338,13.147674596885622,-9.810311441350741,3.684827804052523,0.284454327033441,2.7865936730987997,1030.6915562421018,0.8689640471625908,,,,,58.692111468717,0.12826873321864696,0.5877361821453597,144.54819306652496,156.11204851184698,2082248312,0.08135163201858184,0.3281077143985959,1.0886725231549998,clean,63.80581386730991,2.6002132066715595,37.43252536677585,8.359489138841269,0.0,0.0,0.005130749328745874,0.0,0.0,-15.089999999999723,-41.5334895719896,0.0,-0.38451203871902545,0.0,-116.1156622535057,-77.54428797639243,0.0,3.440045852453985,-49.77438901975776,-51.906593875880866,-6.129375449884939,0.0,0.0,-50.0,5300017
best_model,-382.30655199040393,29.203700423602207,62.762039554772365,22.39548062377718,21.34596570089616,7.402762588677904,18.018768238999613,0.5174128164209714,934.9346806398994,0.0,False,CRASH,1090,109.000000000039,3,571298.868886589,1339.9405082074832,3578.0309357886217,3911.075792349446,wet,0.7585443565824354,18.297626851925905,18.24062690320837,1.9009119146189044,0.10037023004664958,14.911262099950168,1018.1056441055383,0.895134722057023,42.3999999999976,951.8411667755977,,,151.2266376977562,6.544258465518396,-1027.1413583867104,116.06499593425966,125.35019560900044,453073961,4.851692034826368e-06,0.8263950457815389,1.5461982576826874,clean,102.7663770224517,4.652042996132066,13.35429787132945,10.558892450630598,30.277868319201573,22.235184562388323,0.2617703386207059,0.0,0.0,-10.899999999999812,-103.18818494064698,-21.884690230363155,-17.304408570818254,0.0,-64.38270462195598,-36.548436390835015,0.0,3.4393304562258074,-120.2322352812761,-74.72137661838686,-11.833574563582179,-8.85670478951749,0.0,-100.0,5300018
best_model,-138.43625019286867,15.208594949808846,46.82073383957149,26.185296471071805,4.2033559823962525,-0.33448495527980265,10.100010717379117,0.5687383551571186,1453.0584085691653,0.0,False,CRASH,1113,111.30000000004082,3,617567.5194725427,1310.3046585032275,3498.8955757095596,1041.3685432263014,wet,0.6070143371118873,14.18290182672278,-16.928205040835277,2.124736113011651,1.0128241125316229,16.650668848192737,1007.1515121483656,0.9700998141826175,33.5999999999981,943.5931155992097,78.20000000001448,,202.69649113608654,39.15095160222995,-6009.580974156962,121.67561883837398,131.40966834544392,610371783,0.0016459853969079288,0.8082236241339729,1.2551586857654582,clean,156.36546816275603,9.145362292069587,16.004742031617816,8.979867793563429,21.365422620737686,37.76600288799806,1.5660380640892233,0.0,0.0,-11.129999999999807,-28.60426822962245,-15.31268891935526,-2.603351835301365,0.0,-18.811180848489787,-42.82914967360086,0.0,9.723067239894283,-99.18151195938013,-67.36864861872554,-7.14507652138132,-6.366344679736216,0.0,-100.0,5300019
best_model,-62.344228016733695,14.613096777707293,32.03622464596931,14.050904557040022,20.060896863965393,3.2253748061580123,13.52460930680351,0.5857928640294124,1435.6218521332692,1.0,False,UNCLEAN_TAKEOFF,716,71.60000000000923,3,616498.1422741849,1305.1995072370926,3880.833877938161,326.6689116848587,wet,0.8164825496847655,18.070972196597175,11.981484487292605,3.4801448858517086,0.8913794133337936,-1.5172151697163905,1015.7991946778909,0.9488061371971725,29.999999999998302,905.5554044054406,66.70000000000533,,182.80399350048114,1435.6218521332692,5306.642775124097,117.38853232847613,126.77961491475423,8007040,0.01455843001045381,1.0548579803770053,1.7056355962789862,clean,77.30664926444354,4.6774486238020705,12.418055282271107,8.622878522252375,15.898638270520863,31.41516023823474,39.99999999999994,4.999999999999998,0.0,-7.159999999999892,-16.98849997368909,-6.410796690128896,-2.2028942528392164,0.0,-20.59755819072847,-28.847801469756966,0.0,3.37873803695112,-71.52473083518395,-60.98344121470349,-9.096825196655686,-7.249248431522256,0.0,-30.0,5300020
best_model,-192.71482918292725,23.692659925828337,68.43976319414085,60.825423857251714,22.14118232062608,7.721511854385072,39.7812004534811,0.5493704036871593,451.2174004013327,0.0,False,LOSS_OF_CONTROL,500,49.999999999997165,3,601805.1451403948,1320.3146005065769,3887.8040007659247,3347.3912098387586,wet,0.6034366609431198,22.23190096512958,10.431818402568375,2.421806334734186,1.5816298980934382,20.264970762374006,1028.536143740458,0.9057045825453334,30.999999999998245,950.0877251595072,,,151.05238953141458,220.87601313199366,-2156.3250585219976,119.56021352438586,129.12503060633674,133717992,3.7172879372544475e-12,2.8224176277480257,3.206478024160823,clean,40.9518455205074,6.995787524096464,7.430902766544904,9.488110746640025,12.641534293537815,9.048010710865725,8.835040525279755,0.0,0.0,-4.999999999999938,-30.757725626585078,-29.991164800199062,-7.25518054276648,0.0,-22.3767841525278,-18.436390679484255,0.0,7.432880419146185,-47.45656020295854,-33.82728311430595,-11.865551755651602,-8.572300815066333,0.0,-80.0,5300021
best_model,-36.88176443321303,5.549853591054042,5.642065694203032,0.12004998906663474,-2.0557623037232737,-90.0,2.6681823974865124,0.2627817691692611,0.0,0.0,False,FAILED_TO_ACCELERATE,301,30.099999999998296,3,577331.2710772828,1349.7184606568699,3502.7313081451625,1862.6570294213095,dry,0.9953149956915899,4.036177306170137,-11.649865894719467,2.275309150828599,1.189767083847649,10.331533854027327,999.3928596982009,0.9480678661292138,,,,,16.063163091768622,-0.08265990496101949,0.008949504080183468,116.87024132235979,126.21986062814858,1651234242,0.7793454414493582,0.0,0.1544751451290066,clean,0.5083863812409235,0.1479172687569299,0.35704530663410944,0.43309747482154726,0.0,0.0,0.0,0.0,0.0,-3.00999999999998,-1.0301181488358637,0.0,0.0,0.0,0.0,-4.288658051869536,0.0,0.000565336038856458,0.0,0.0,0.0,0.0,0.0,-30.0,5300022
best_model,-125.71224149232019,19.852166572011534,50.44516030345072,10.374722836999435,16.448611939666893,5.652906089551193,11.740749697462022,0.35393494109620804,864.6754361823896,0.0,False,CRASH,1290,129.00000000003953,3,665035.8642158855,1312.6849920569725,3282.4182601271605,3788.6094663595104,wet,0.7747760769625445,-2.0962260451018135,9.834728202743042,0.13998146973230252,1.4478771557793646,3.2944966457440614,987.0659963280192,0.8937428158708763,43.89999999999751,1784.6520562457458,,,161.28355439712635,31.088952073564542,-1094.239600020135,124.71771761142011,134.69513502033374,298295784,0.00221451442157487,0.5284978824940967,1.2718055523459704,clean,181.72191275362914,7.211438952950627,22.69906629372246,14.38388641006938,33.02239876781547,34.93678518853871,1.2435580829425756,0.0,0.0,-12.89999999999977,-56.488887523081196,-2.739390113323214,-4.447852551842363,0.0,-17.626302791102177,-25.82369591919078,0.0,3.8653849199175307,-121.7927158498259,-71.6599868441622,-8.878393189321582,-2.4394480800546603,0.0,-100.0,5300023
best_model,-282.33358473935596,23.103212920623793,73.23702377303891,13.543509424890752,25.90200500165648,10.472049033961703,8.551037952502726,0.4257454647069156,627.1713593754534,0.0,False,CRASH,836,83.60000000001878,3,713637.996108157,1332.4577493649958,4246.936306265985,2144.2442128745092,dry,0.9340790337759199,-1.3090086834113168,18.59887921958103,1.973300282210034,1.6913266213310052,-11.941758172619718,990.2814607213405,0.9351869419204257,48.399999999997256,1590.6127694730608,,,135.37351683781708,21.391280784916944,-2629.3944980335837,125.5679378673276,135.61337289671383,590684629,1.9959906705112717e-05,0.8348283666689259,1.4252014905831187,clean,77.97841481478933,3.8003290650726864,13.718451649465894,13.83195258394993,5.267529841669749,13.436975720402,0.8556512313966711,0.0,0.0,-8.359999999999866,-48.36675815800091,-8.30581669549351,-1.9372952317534207,-0.007792036151029516,-54.526671152056984,-22.00283122259473,0.0,3.8465919172241434,-102.0626513543781,-59.69686480670343,-7.652020572949343,-2.150780333243168,0.0,-100.0,5300024
best_model,-409.8910983725703,6.090908597207262,12.676790404327427,2.1598669214309547,-1.1724293885684505,0.6361341799849822,7.6123494305431745,0.5970304735377251,1.3900247177639358,0.0,False,INSUFFICIENT_RUNWAY,1374,137.4000000000319,3,725254.197676416,1349.9515876992784,4216.094830426299,1578.4527081991646,dry,0.9582919533102382,12.53400739522165,18.860509169081723,3.992501219180264,1.8841669924357742,9.231094585836214,1003.0589331449465,0.9556440941420129,,,,,65.33423516915212,0.41052201992920345,-1.9333578521394745,130.50867051381775,140.9493641549232,1575260549,0.18326489411572955,1.1175734024885573,1.9860243366445995,clean,83.47959162446125,21.035182794830153,22.445856076173932,12.613191084434815,0.0,0.0,0.01642088079716812,0.0,0.0,-13.739999999999752,-5.663806244368763,0.0,-1.3848913428259855,0.0,-148.5243375189648,-56.9908123861651,0.0,23.080016036842423,-145.92610897806287,-122.76293449947386,-27.568465900244217,0.0,0.0,-50.0,5300025
best_model,-120.46117504659138,16.815060497484772,20.776347870386786,0.4172022561335971,-3.178904281984343,-3.1745703580923528,6.530876194959406,0.6302274107538216,0.38678825514716664,0.0,False,FAILED_TO_ACCELERATE,1409,140.9000000000287,3,905354.1284258406,1333.5278765176095,4404.479192507758,1778.976639522986,dry,0.9937345990345106,19.03205247697739,-6.395547826404653,2.1533811018651994,0.5261536907405235,22.843795925355785,994.2027264103324,0.9523691568430717,,,,,31.89292230240029,-0.08308129528904828,-0.39124298832090787,149.77813484666572,161.760385634399,1740064862,0.08301921917539842,0.21240015876605983,0.5956972004519343,clean,49.84800396351307,2.933110729450808,30.38334237511143,6.91029304883705,0.0,0.0,-1.4907779871675686e-18,0.0,0.0,-14.089999999999744,-44.265497742611934,0.0,-0.2303804745613077,0.0,-21.63767279046853,-61.149258115800265,0.0,2.5424599688311846,-24.132825944121493,-16.41769391194546,-1.1550561528259666,0.0,0.0,-30.0,5300026
best_model,-15.418174162483623,10.941849289271596,14.196664520887643,0.4611948217297711,-3.224773647743225,-3.2180842731728014,1.5170162652064703,0.6462769474825241,0.42973707251985616,0.0,False,TIMEOUT,1801,180.09999999999306,3,794603.9524853171,1306.9110450349851,4470.609325607829,2963.4326210510685,wet,0.6773922918940275,24.856006152281594,-1.822884209161899,2.2511707749908596,0.5505279522724296,1.235573081699549,994.9343993271501,0.9161515868325841,,,,,66.29243738416974,0.3494785027492071,-0.6725937302416973,135.30609567977663,146.13058333415879,1887920576,0.344632885584487,0.09688884663475862,0.22632214684099697,clean,71.41323916029745,0.7975509558572195,48.345672363739034,7.596165082383897,0.0,0.0,0.013979140109968263,0.0,0.0,-18.010000000000016,-23.958115847812124,0.0,0.0,0.0,-3.8574933459913923,-81.41844265846497,0.0,1.0310428460949644e-06,-3.1745741190354795,-3.143405757510076,-0.022750167100421322,0.0,0.0,-10.0,5300027
best_model,-82.62668577714575,15.61357735557594,21.637931685074683,0.39185109717741085,-3.5739062240419543,-3.5839144855332323,2.626503750697445,0.7228412284296022,0.4604590403532711,0.0,False,INSUFFICIENT_RUNWAY,1575,157.5000000000136,3,914645.7946598302,1318.809573937101,3329.970336219077,1452.4920554273747,wet,0.897435179802464,21.898413367358614,-1.765457238152317,0.8224785994621144,0.9210669266984897,-3.1087308959867386,989.6204818011817,0.9574172451087322,,,,,81.23080909247278,0.45463111918502364,-0.15167413900995186,144.45972775902263,156.01650597974444,51100662,0.10776268572891157,0.11947633920369564,0.28681531477308586,clean,66.10720664644047,0.18544989342597396,42.37587958504025,8.917941385039864,0.0,0.0,0.01818524476740094,0.0,0.0,-15.749999999999709,-42.662164621746946,0.0,0.0,0.0,-0.20281917021998996,-81.44487060708865,0.0,2.9272986719054733e-05,-5.015973994692401,-4.967918501721081,-0.18763090937754437,0.0,0.0,-50.0,5300028
best_model,-183.80868269237283,25.965228564704372,110.76111556973964,60.84386508813712,23.03106536866859,8.396507161578068,36.13588361185361,0.5706737262659332,538.5268398998687,0.0,False,LOSS_OF_CONTROL,490,48.99999999999722,3,599615.8826667909,1323.675814391455,3873.4995983456047,1605.088135159205,dry,0.9855077903688791,23.43979355118818,12.69109151927158,3.692419102702671,1.2392939057684327,19.50797094783284,1028.2806804605016,0.9438096996941235,29.69999999999832,797.1772276356189,,,153.22442832613137,477.41413945730073,-2681.4349312315207,119.21079899052096,128.74766290976265,444624741,1.345202633813592e-15,2.583458315832637,2.7927872334244017,clean,38.039998185566205,6.359584014097267,7.4401252930560595,9.210028054880333,8.360591703315825,10.760255295868578,19.096565578292036,0.0,0.0,-4.89999999999994,-31.067450093096525,-33.06707581122602,-10.076016267310424,0.0,-20.690021181239736,-19.043534152168345,0.0,7.48045633524502,-38.577358995717546,-33.1205669500499,-12.666399544261138,-7.347864157624218,0.0,-80.0,5300029
best_model,-284.9872907762292,14.089033399413859,21.809826061548076,1.1103546010545076,-2.93397143472285,-1.7877038354155521,6.0147443672987375,0.6416286528856182,0.9015238980564391,0.0,False,INSUFFICIENT_RUNWAY,1199,119.90000000004767,3,859152.4658130314,1306.2582355079446,4230.509661127617,2551.0385012565116,dry,0.9282308613310686,-0.5643753951954276,-17.59900893369478,1.705210265425301,1.746458098642601,15.312078071849232,1011.8347931985995,0.9307215384275657,,,,,65.96023160056365,0.19284848853976655,-0.15038769209791525,142.8674577757806,154.29685439784305,1793576650,0.12192922089242111,0.4407193685586993,1.3009437979406506,clean,83.59399070057765,2.9861782023904184,26.8487855697846,11.330730527501327,0.0,0.0,0.007713939541590656,0.0,0.0,-11.989999999999789,-26.444725965958842,0.0,-0.31093182227135946,0.0,-157.3226108187393,-54.26757116833484,0.0,2.252965245893583,-46.67386604991862,-56.093602429597595,-8.90434670709654,0.0,0.0,-50.0,5300030
best_model,-143.47846574019394,10.498067708604692,17.59904117021113,1.4236751016290967,-0.5879018675695289,-0.4525277061756161,6.151916824570091,0.46931173428519357,2.031129915258134,0.0,False,INSUFFICIENT_RUNWAY,731,73.10000000001043,3,755205.2431569229,1338.511104313047,3293.621198630217,4971.163869413128,wet,0.8549334716675299,-0.4118199852208262,19.774099653767987,2.1156774308594324,0.5530981589335848,8.190698723896709,1033.63086798438,0.8656882464518181,,,,,121.50918889354887,1.8319228640730216,-4.426867103285073,130.96227189221358,141.43925364359066,392505277,0.2501958823472117,0.520538663509165,1.0736070148614774,clean,65.48882659621168,5.461668359774944,14.310645770999491,14.919624990605293,0.0,0.0,0.07327691456292083,0.0,0.0,-7.309999999999889,-8.951454458240189,0.0,-0.2703960666095648,0.0,-42.92999127470898,-21.538376809122283,0.0,3.757266940140784,-68.3377004305475,-45.40719781903865,-2.7446584542210304,0.0,0.0,-50.0,5300031
best_model,-175.1469938672874,11.465632409030064,19.593647125477446,3.690590639179549,-0.5321078494609771,-0.5740787050823737,9.04112986176934,0.6353235206608562,3.280029351011308,0.0,False,INSUFFICIENT_RUNWAY,1047,104.70000000003557,3,738073.6712440543,1330.0020258236182,4146.336253294931,2937.7996541852576,wet,0.6958825740884309,17.558945057884866,-18.834200308334516,1.0376312943017472,0.6563814426563546,0.506635684983042,1032.02196990928,0.9165940736380948,,,,,105.77518983235592,1.1793362782750592,-1.89494723054759,127.87832682636122,138.10859297247012,1289813336,0.1907873571433847,0.5320292641994885,1.1913670683421151,clean,82.23110431967386,3.5726456441965695,15.570627352596617,10.864410084484058,4.908893845096179,0.0,0.04717345113100232,0.0,0.0,-10.469999999999821,-15.293264520703724,-0.00326304782858459,-1.1161537276552103,0.0,-41.565816197219874,-46.211752766060066,0.0,2.851885869240489,-72.41121276453974,-51.38317411925102,-6.50134890281665,-0.2377483876303776,0.0,-50.0,5300032
best_model,-39.39563190018955,1.9339051341985716,1.9371364274688097,0.13783040254510462,-2.494964236646122,-90.0,3.1849948745190377,0.3438202825891616,0.0,0.0,False,FAILED_TO_ACCELERATE,301,30.099999999998296,3,710140.1895031825,1344.4489256998995,3795.455906869355,385.7441851681498,wet,0.7432378672355725,6.163106766384663,-11.653058018412779,3.02375714619424,0.844120618312421,-3.434290137459639,1017.8294288339148,0.9882670643756628,,,,,13.700227179450522,-0.12760380162632146,-0.060400113913542434,125.44144459806874,135.47676016591424,919423311,0.970262058019574,0.0,0.0008387963860459062,clean,0.0006143295328094203,0.0008524862528718831,0.0004954630183504507,0.005653162944843597,0.0,0.0,0.0,0.0,0.0,-3.00999999999998,-0.12508185661021753,0.0,-0.004966907499931546,0.0,0.0,-6.264169665127664,0.0,0.0009710872993902994,0.0,0.0,0.0,0.0,0.0,-30.0,5300033
best_model,-112.52918950050933,12.023528281341187,29.645171863309066,5.660680959371633,12.393767426669465,5.047258574968267,10.120847480987546,0.5239559350122265,417.61340215991254,0.0,False,UNSTABLE_AFTER_LIFTOFF,1135,113.50000000004258,3,647026.1912726919,1312.295468133381,4053.0728469763103,2025.949070566168,wet,0.6960323255552943,-4.14997676465429,-11.553184533706666,1.7494248208262193,0.29714023597287365,10.170918429352547,986.9019317487302,0.9433750642678985,48.99999999999722,1392.7602570377587,,,140.19102850153422,9.61593801690492,-965.5286991303722,124.47053948358845,134.42818264227554,859420668,0.10210889536453377,0.47031612093417385,1.0678422739679891,clean,135.13299812031977,11.029200768401228,17.288718528407124,12.130934474400686,20.89785375074123,13.783939124727516,0.38463752067619833,0.0,0.0,-11.349999999999802,-18.231282077451105,-0.29920218113194574,-3.6353617687660305,0.0,-15.543586087456378,-38.8119677772173,0.0,14.620666095979336,-114.23491367732142,-60.60892423344165,-4.6789903797301085,-0.4039097016445288,0.0,-70.0,5300034
best_model,-68.88572066622234,7.215814237083904,11.555262603832821,1.1200389687812438,-3.1906943805212844,-1.143154856045271,2.949823561373837,0.658530337887384,0.9688167705541559,0.0,False,INSUFFICIENT_RUNWAY,1251,125.1000000000431,3,888454.556832398,1303.759855084131,3602.482331241171,464.82893286530657,wet,0.7303665186916672,20.406016282428727,1.7037670030439278,3.4795023483788645,1.3726970953336173,-6.04570543774936,1027.5697558396218,0.98583667152392,,,,,91.13033476031141,0.7364872212301634,0.6642435504953248,139.00089254319624,150.12096394665195,190501302,0.5618017111144545,0.25204530465842806,0.5144685522212707,clean,71.41250823188456,6.973321278179228,32.04284449141174,10.351586448513153,0.0,0.0,0.029459488849206558,0.0,0.0,-12.509999999999778,-7.237448539470282,0.0,0.0,0.0,-9.311939478559799,-58.563146156669184,0.0,0.39915105058897743,-26.800332768111616,-25.106295532300987,-0.5654291805374729,0.0,0.0,-50.0,5300035
best_model,-83.79702590402883,7.149757215921796,12.705511389625002,0.769317103904925,-2.5007245905983755,-2.5234129595890846,5.868068560000604,0.7560332030516409,0.6382112226124264,0.0,False,INSUFFICIENT_RUNWAY,1300,130.00000000003863,3,815718.3819607247,1347.7539362178575,3839.984521235496,2216.1701900552716,wet,0.8632737318775308,-3.4378594878118207,0.031166374529694174,1.8307260701020822,0.3305279841069042,7.973706716548882,1002.1521922261014,0.9380831835733223,,,,,71.21474065477227,0.3971570235426043,0.5228787336922736,138.178559165027,149.23284389822916,1499254184,0.5410316512475556,0.28006773201396507,0.6056880913456248,clean,75.70641611574894,12.406040388342737,29.85538369876198,12.857842849237583,0.0,0.0,0.01588628094170414,0.0,0.0,-12.999999999999767,-7.383859635623726,0.0,-0.11979579478952837,0.0,-0.21858004215001658,-71.5840545531255,0.0,8.815983203842382,-48.01901316514254,-32.11836872920488,-1.0109065208677466,0.0,0.0,-50.0,5300036
best_model,-12.987114472148136,19.547016660364665,68.94003307908767,8.698928621323766,43.935525407855955,16.00699049628452,9.394902668814819,0.37922184186726693,1930.1979369187284,0.0700985761226725,False,UNSTABLE_AFTER_LIFTOFF,1453,145.3000000000247,3,606869.4085186577,1337.187489343734,4134.302696839151,4138.524115957835,dry,0.9808557260478373,2.0105853459885603,4.4330669024086,1.7775949542112364,1.1364160535496324,-1.041148246481436,1033.1641786479097,0.8332471951487422,31.999999999998188,989.445244652301,54.09999999999693,,67.87600231898446,1930.1979369187284,2680.2147625762946,115.58115530522218,124.82764772963996,504919002,0.00021447475441019223,0.5691722287335728,0.873306800406276,clean,213.0020245629668,10.083351596234909,28.714616984855958,9.906193697444312,36.5719760331769,67.80917202207314,40.000000000000014,6.399999999999993,0.0,-14.529999999999735,-60.98267921250032,-3.815091008329051,-2.2761768076212623,-3.1051883147567607,-13.503495935350266,-33.64920489229529,0.0,7.317542710189035,-144.0683744631904,-81.2120587833699,-3.525851021463549,-2.1238716402091233,0.0,-70.0,5300037
best_model,-130.29724824778975,13.24013016729685,22.748947571385195,1.1105880091446703,-2.130087956901665,-0.2876430431649657,6.226468436911954,0.6535904561416425,1.6065442542408164,0.0,False,INSUFFICIENT_RUNWAY,861,86.10000000002077,3,863306.1680396314,1309.9142824355938,3533.187843963251,1293.165576657868,wet,0.6546529511095543,7.387495264086276,-10.842387919429823,3.9208844976305257,1.219573807943073,-3.7448924837695063,1025.1904781162482,0.9618744962125587,,,,,97.70352156730574,0.853167675453733,-0.33077545442246503,137.73668391637366,148.75561862968357,1553638007,0.12576983766528413,0.5270992249018268,0.9990319979376865,clean,70.30279839723241,2.6266453322844106,19.873030923031124,12.386684963738945,0.0,0.0,0.03412670701814935,0.0,0.0,-8.60999999999986,-16.770466815026225,0.0,-0.270488768858122,0.0,-29.255847217316333,-39.48368032496191,0.0,1.577048371867057,-49.801362956536714,-39.76167965849388,-3.144057201768385,0.0,0.0,-50.0,5300038
best_model,-336.2499937941053,25.930449266103423,65.44035487808563,19.221553359283337,18.203510251618273,12.256991343840957,17.943726529709096,0.5153261158201428,630.768973018905,0.0,False,CRASH,990,99.00000000003104,3,672356.9546043028,1341.1978508223785,4161.2015658798155,4667.200705465074,wet,0.6157160371833471,16.640290971975578,19.36734876796945,0.10608556990473872,1.4259511912627738,-0.8566391055999567,1005.1449043602232,0.8695439474764478,51.49999999999708,1430.0802592013308,,,139.19752068988487,6.307951733821028,-2272.015955920064,123.38125833948321,133.25175900664186,1825858036,1.1277960890649405e-05,1.0204707756861195,1.6834886352951444,clean,82.800383635949,4.099850123939752,12.403679163708905,13.579022347401654,11.039113988294394,23.691110785276784,0.2523180693528568,0.0,0.0,-9.899999999999833,-71.58916450196946,-28.043490171120187,-8.540463816892675,-0.6448631640041425,-47.80977741440154,-33.306792111356174,0.0,2.0276368653302344,-97.38734033703112,-68.7704907830996,-11.711223297941538,-8.439503175540297,0.0,-100.0,5300039
best_model,-34.29660614055652,2.6716856406024942,2.6858603996855765,0.22397571693042773,-2.510033611260395,-90.0,4.558167555124167,0.06193356362820198,0.0,0.0,False,FAILED_TO_ACCELERATE,301,30.099999999998296,3,745469.8003916282,1349.4593945380552,4286.365198280351,2581.152903842151,wet,0.7371630393255135,8.004708231330865,-18.874429554623063,1.693591833964117,0.9158845046311215,11.251616831552052,1003.8636941211571,0.9289810549315519,,,,,18.41840077034346,-0.11704193381547157,0.032175017644274106,132.71056899756113,143.32741451736604,1748161445,0.9439240455942812,0.0,0.0011698072290022563,clean,0.0006305375183661968,0.0007325263280688085,0.0003193667400221922,0.005699313734913373,0.0,0.0,0.0,0.0,0.0,-3.00999999999998,-0.23872323920251878,0.0,-0.3614781695986984,0.0,0.0,-0.6941941437528201,0.0,0.00040766767614624415,0.0,0.0,0.0,0.0,0.0,-30.0,5300040
best_model,-34.42151127268033,0.14229118291866075,0.43400208770130355,0.28403014955483114,-3.2689629915006404,-90.0,3.028949535404913,0.309925827473105,0.0,0.0,False,FAILED_TO_ACCELERATE,301,30.099999999998296,3,868828.0841511225,1327.8207233059798,3812.869882668432,3507.723116116854,wet,0.7630047339345654,7.776042830837488,-16.747847509066546,2.13878707042245,1.937612664333615,0.05725784877133577,987.8424005077245,0.9010426485648834,,,,,18.066017766513724,-0.20019112904446956,-0.15904086091837133,141.7021166938702,153.03828602937983,1673395827,0.9982818988652676,0.03417611514847703,0.08565656653930534,clean,0.4258313837436703,0.4302268260049749,0.2863518829292812,1.2502546443872102,0.0,0.0,0.0,0.0,0.0,-3.00999999999998,-0.0006771423335171027,0.0,-6.2723472974103485e-06,0.0,0.0,-4.762190766888486,0.0,1.0631379005454826,-0.0008569544631458162,-0.10358277425850186,0.0,0.0,0.0,-30.0,5300041
best_model,-200.31096744723192,23.539012362932816,68.47191656986654,25.151699682921517,32.56324623628257,16.18030603733056,10.076395948141114,0.4501153339547989,1747.9982774076107,0.046637744034707156,False,UNSTABLE_AFTER_LIFTOFF,1562,156.2000000000148,3,584457.0872666152,1342.9910789513476,4155.734927421039,4380.1772162868065,dry,0.9799880082335911,11.613581821972495,-4.772238559494442,2.3606135837690543,0.04970743275624434,12.005209278694654,1027.330320678639,0.8385646652028238,30.19999999999829,930.966038701289,64.10000000000326,,76.57157333919413,1747.9955658934487,-43.15363754426983,116.30409101086971,125.6084182917393,868574098,6.562013736848651e-06,1.1382191164152013,1.3208435564090308,clean,202.64004482840585,11.345221482494095,31.240220003128854,9.713669565339346,45.58674969753367,71.22201428160618,39.999999999999986,4.300000000000001,0.0,-15.619999999999711,-92.63418871529072,-50.095625551635294,-3.3074517290733985,-3.2021742846231,-17.42277377679776,-44.13510155194449,0.0,11.980460933259417,-190.93152905999958,-117.37967824939956,-11.270728905658837,-12.340096414571569,0.0,-70.0,5300042
best_model,-41.05966353184966,4.731329027191729,8.35093849390283,0.12424013773596905,-2.8208376784350055,-90.0,10.683284025697208,0.3299739421206057,0.0,0.0,False,FAILED_TO_ACCELERATE,301,30.099999999998296,3,662855.6114106309,1314.0246685936163,3512.041165160743,1876.1959872269379,wet,0.7526001406829399,-3.1873145500029976,-12.596011686449922,0.5049223109635621,0.13311157415013786,19.51820248870824,995.9020807942996,0.9492569654327435,,,,,11.750407412461378,-0.1706787556809104,-0.06013286568541054,127.36298909192718,137.55202821928137,717511878,0.7671185199304524,0.1792591244947805,0.3173426100977212,clean,1.0035496210260049,0.486240215510161,0.22517315980775185,0.6500145259278494,0.0,0.0,0.0,0.0,0.0,-3.00999999999998,-0.7486697537141843,0.0,-2.4337723668672275,0.0,0.0,-6.750115332599934,0.0,0.20466525105975228,-0.36668728320809446,-0.32006156879173575,0.0,0.0,0.0,-30.0,5300043
best_model,-40.82633106492231,2.8608114224962415,2.889871057494274,0.021945051037122396,-2.8208230272814627,-90.0,0.27150922553323004,0.4004109673457816,0.0,0.0,False,FAILED_TO_ACCELERATE,301,30.099999999998296,3,844660.0522761283,1347.019946260125,4089.717396390124,2167.216613547717,wet,0.7301367736937667,0.6228722849807937,-4.6012401786033985,1.1918634976500417,0.9230401973191986,-12.024804712065489,1011.2573891917839,0.9351561026393304,,,,,5.991037544965433,-0.17470439179987807,0.1172256110188008,135.16490039000013,145.97809242120016,1110740677,0.9360227466249701,0.0,0.037944946352615395,clean,0.04784824036491115,0.034978235040760496,0.036470589646264664,0.2425699712231702,0.0,0.0,0.0,0.0,0.0,-3.00999999999998,-0.2737174267245085,0.0,0.0,0.0,0.0,-7.919926898622482,0.0,0.015446224149583203,0.0,0.0,0.0,0.0,0.0,-30.0,5300044
best_model,-181.90668570746666,7.033096481620922,12.370334461364632,1.8436786827097373,-0.41888583200833035,0.29142937083515824,5.570005146411266,0.5826192849107092,1.8968008524288962,0.0,False,INSUFFICIENT_RUNWAY,945,94.50000000002746,3,730724.1672020269,1346.65513894126,3437.7077652688668,4872.8722468423275,dry,0.9452883670658097,15.426161274266654,18.937052908920105,0.06971503763002929,1.998170534671164,-6.727749490168961,1015.9701274241413,0.8615996356622667,,,,,108.39820662151598,1.4704263959192758,-3.327447475206089,126.62407017332276,136.7539957871886,480862304,0.34653078382177677,0.7333175809018754,1.2784214504872595,clean,67.9301024338126,10.831915562414387,17.253039902872782,14.175492848768302,0.0,0.0,0.058817055836771034,0.0,0.0,-9.449999999999843,-5.193766842577802,0.0,-0.24184383877377896,0.0,-55.5999147905049,-36.8509464193016,0.0,12.753754267657694,-73.32700727327854,-67.42486072104253,-6.821467893348938,0.0,0.0,-50.0,5300045
best_model,-34.64729374101358,3.6961862326459993,3.8538604278645137,0.28594127205416286,-2.781214398283249,-90.0,2.204958521445403,0.14284313464349563,0.0,0.0,False,FAILED_TO_ACCELERATE,301,30.099999999998296,3,653062.101953421,1314.4029927643774,3640.9700031515204,2946.275342978949,wet,0.647628283058941,10.336748957196658,-19.297672453606804,1.1531025140864481,1.9397984471563623,-1.9253617131790755,1018.1058976988202,0.9157085325610925,,,,,24.90271666532715,-0.11433575442515576,0.28088758610838704,120.59659868007627,130.2443265744824,1178943828,0.894419427707736,0.0,0.038195653122331016,clean,0.0890205407764574,0.051118493052088286,0.058872148746812486,0.1611502154366407,0.0,0.0,0.0,0.0,0.0,-3.00999999999998,-0.456911065842994,0.0,0.0,0.0,0.0,-1.54721518402981,0.0,0.006671110847220785,0.0,0.0,0.0,0.0,0.0,-30.0,5300046
best_model,-33.77991973433692,2.675712692816982,4.118250308693462,0.16395180878157797,-2.9289929063780544,-90.0,3.09385364574591,0.5757283079597773,0.0,0.0,False,FAILED_TO_ACCELERATE,301,30.099999999998296,3,881631.7197188393,1346.680862026356,3714.1007361465918,3686.2412886483444,wet,0.6358636022834617,8.581152086944655,11.037613207507992,0.5040559656769674,1.1430752780969773,8.036504914851289,994.4783844292515,0.8989166238745893,,,,,22.67101475690574,-0.1397995798051852,0.06849567951066948,144.22128149907687,155.75898401900304,721800016,0.9278093378724154,0.07936668647201793,0.09687618883516065,clean,2.6519362342824433,2.321809063439025,1.5506385562965437,1.8494447213156817,0.0,0.0,0.0,0.0,0.0,-3.00999999999998,-0.23944344030723042,0.0,-7.54985437820873e-05,0.0,0.0,-11.611361511984962,0.0,3.7866847606111396,-0.9056647121952417,-0.17388790725052064,0.0,0.0,0.0,-30.0,5300047
best_model,-336.51716945769255,16.30607905708696,25.126956105517415,0.7191934069960885,-3.5337247440230932,-3.5087779367680416,6.91025356073114,0.6371270303547041,0.625984763825727,0.0,False,TIMEOUT,1801,180.09999999999306,3,926516.1630640756,1314.2796918662714,4323.818808467838,4175.9684767589,dry,0.9213868377628656,23.520294021406794,-13.164050137807674,1.9861715009590508,0.34073453809373166,21.667066169833276,1008.9287192081778,0.8909238479087994,,,,,94.2798048433793,0.625984763825727,1.805424635738646,150.12385688552018,162.1337654363618,539257952,0.07033680406257463,0.3243541096402884,1.030857685604307,clean,80.86326391184774,0.29302087067741556,43.88737384700672,14.913875801598369,0.0,0.0,0.02503939055302908,0.0,0.0,-18.010000000000016,-53.207185978106956,0.0,-0.4459581210841857,0.0,-209.81439055323128,-81.54010366904791,0.0,0.005644359836113824,-45.91289625581858,-51.37380012138796,-6.201052940532594,0.0,0.0,-10.0,5300048
best_model,-196.07827946919878,5.434192484849605,13.967458647502115,1.3617212737321565,-2.4431339269672914,-0.301628467295362,7.967621540991406,0.517178833963151,0.9085686533253465,0.0,False,INSUFFICIENT_RUNWAY,955,95.50000000002825,3,847415.1710722196,1325.1004696541575,3290.5786499649653,2163.594466397109,wet,0.641938930331754,12.787275503500087,18.30197824107418,1.5320620411545964,1.4369580590121582,24.806052191827412,1011.9270375548207,0.9426905234313284,,,,,80.83283788742705,0.5407841629153154,1.6209030845344152,144.0840747482869,155.61080072814985,825945740,0.4366040441975363,0.6342347734609689,1.3912909373203681,clean,64.94549741555457,15.261093517210481,21.564669958342257,10.671932343686388,0.0,0.0,0.02163136651661264,0.0,0.0,-9.54999999999984,-3.133508644898684,0.0,-0.48570228971488344,0.0,-116.78577397878755,-31.711328723754736,0.0,12.022730149872364,-53.606618423893,-46.840357567774234,-8.452544591557745,0.0,0.0,-50.0,5300049
best_model,-76.6193186225423,12.014916487848236,16.06979849861847,0.6419650420205888,-2.884397014086254,0.8401073411366433,4.6116540923709355,0.6816183369280613,0.4259636573486887,0.0,False,TIMEOUT,1801,180.09999999999306,3,789287.7809604469,1333.1610954106723,4225.6046960636995,747.0606565955923,wet,0.7748121994412122,15.809881108269632,7.388770437171052,2.7735916813464785,1.2418738721133111,0.581210877491948,994.0120055894679,0.9780262283802111,,,,,46.84252467575692,0.030122088486791654,0.35176458560214563,134.7626455621852,145.54365720716004,303620765,0.2700406233000261,0.1368698959002778,0.40627605785933923,clean,67.21957010097128,4.7839303760237755,43.155082401995934,7.96585821744215,0.0,0.0,0.0012048835394716587,0.0,0.0,-18.010000000000016,-28.8876834440168,0.0,-0.10068528672181642,0.0,-32.737727736172566,-85.94825563966938,0.0,4.3851199627840725,-19.972365804124117,-8.12025389714566,-0.35311275744872955,0.0,0.0,-10.0,5300050
best_model,-105.16674647364906,15.202649552842306,19.690221418305345,0.4599528474736366,-2.2813272460778573,-2.2485471182292853,3.164335414322307,0.754195501662144,0.93301607733315,0.0,False,INSUFFICIENT_RUNWAY,1168,116.8000000000452,3,769003.4279407904,1326.6549638562155,3446.5628385916907,1556.201961479564,wet,0.6045232981182799,12.29930272565386,-4.696959281748752,3.862408241251878,0.35641808618783277,16.405318289233158,1021.9533279838727,0.9572979322547341,,,,,65.27564422289355,0.26862605394762795,-0.16049051863097574,134.73563943671022,145.51449059164705,1676074001,0.12500295113764717,0.20761036891949008,0.59237832015638,clean,67.93049584608818,0.4414095681690248,30.70661535829215,9.321612729199474,0.0,0.0,0.010745042157905128,0.0,0.0,-11.679999999999795,-29.994311822466074,0.0,-0.000795364401711562,0.0,-18.908685976991173,-64.25453331903962,0.0,0.00014367080610998807,-23.01958882205171,-14.782231789201237,-0.9376215942100568,0.0,0.0,-50.0,5300051
best_model,-41.05276407139969,7.3742970074490755,7.739625624326463,0.11432328979956256,-2.5541303828143813,-90.0,2.318400542191744,0.44071452852631465,0.0,0.0,False,FAILED_TO_ACCELERATE,301,30.099999999998296,3,660351.2084841384,1331.3460817095217,3412.122407474808,2240.9030984668325,wet,0.649771034058168,19.49519385007008,3.116851784768384,1.0871453682488412,0.07825560898317718,-1.565119126027735,1029.2056352227007,0.9353541986559987,,,,,27.972573417965386,-0.08530792949977695,0.5117567559365188,120.68792915243198,130.34296348462655,644233809,0.6391122719229215,0.05868761429738302,0.06427793573911054,clean,0.6866201647292834,0.08742229980551798,0.46189616228489055,0.9876582987806274,0.0,0.0,0.0,0.0,0.0,-3.00999999999998,-1.818717462508421,0.0,0.0,0.0,0.0,-8.284452586327879,0.0,7.428242688623341e-06,-0.0010066637770401975,-0.16219171262935986,0.0,0.0,0.0,-30.0,5300052
best_model,339.67743676627083,6.245820530744206,12.518052561751698,6.169543929318638,14.871694752068946,5.331439485526267,5.984276004935098,0.5260484645896489,1283.0451509067466,0.5376344086021505,True,SUCCESS,750,75.00000000001194,3,718528.6394108833,1317.1537406913021,3942.8285726193053,109.85030235494742,wet,0.8378534928015662,3.1901936724229696,4.9753462801035475,2.383055813548859,1.4577548824913367,22.207807855971303,998.3746694553772,0.9623760138977745,42.099999999997614,1537.2299308250128,65.80000000000462,70.00000000001194,161.88582925414823,1283.0451509067466,1868.6603590003945,133.01707381660094,143.65843972192903,53060438,0.5452898857568546,0.25741392733492363,0.7830534728791722,clean,82.32790830016906,12.599578494949723,15.826599221525749,14.428517357800436,22.87535410581738,32.07586663372285,40.00000000000003,4.999999999999998,129.16666666666336,-7.4999999999998845,-3.250856175188818,-0.30212195020272875,-0.14688095019862202,0.0,-6.268666538334554,-26.211585900992176,0.0,10.754036404656334,-46.74791367718893,-15.001884421394104,-1.4492292568044882,-0.2914344122574679,81.79348286352818,0.0,5300053
best_model,-152.56527493278503,16.537991889247838,41.484968902871266,12.303885706645076,14.234863530060643,6.19281212277836,11.06149216439699,0.4360451687833297,782.0829007249604,0.0,False,CRASH,1613,161.30000000001016,3,729489.2962095498,1309.6435869895495,3871.725170731889,3649.862203910084,wet,0.8119075659620156,0.12114097939728552,10.741420943375495,3.9437127295032064,0.8005807925810915,5.84007256281998,1007.2273977524012,0.8982195834943661,52.59999999999702,2269.9382359408924,,,163.13262767276274,34.628555247253644,-2615.5214986283436,129.87118898451243,140.26088410327344,1700266582,0.010447679622250761,0.6093805897411912,1.1396951691292785,clean,227.95853028154812,11.762164774815702,32.34763242398832,16.237151125879937,44.04534160116046,31.91958319575204,1.3851422098901234,0.0,0.0,-16.129999999999722,-49.01820538339979,-5.294371347253795,-2.746155826040742,0.0,-19.669822603562203,-40.57219936450863,0.0,8.865841416737263,-161.62086223248406,-117.60508736808623,-8.406938359368677,-6.023019477849433,0.0,-100.0,5300054
best_model,-172.66258183380302,14.408561525290901,43.61860940028344,16.69207014134708,22.981908693262255,7.708060040271463,12.60765950727006,0.5646649212655376,584.3631125747561,0.0,False,CRASH,708,70.8000000000086,3,658862.132994097,1326.7910080926074,4292.147542657627,4293.024718205371,wet,0.8110069218649523,24.31571843492301,10.966078953693621,2.4999465630630806,0.8389827869091049,-2.115441733566925,1010.9236756840636,0.878565583449129,38.29999999999783,1189.5285634064915,,,135.3841095105767,20.41200078095062,-2692.998737496678,121.52010351900388,131.2417118005242,1042121131,0.008906561517968493,0.6846239770070273,1.8636126144959266,clean,60.02089088230769,8.621258132678054,13.519604825204826,11.355814783723572,5.892069450112526,12.042323434913714,0.8164800312380326,0.0,0.0,-7.0799999999998935,-16.331722757943343,-5.809751483846734,-2.5689915330388082,0.0,-26.44274076078404,-26.341720051433683,0.0,10.345236779018522,-53.71041529687017,-39.50919167465633,-12.255271020732883,-5.226455573693532,0.0,-100.0,5300055
best_model,-229.01226014777458,19.487137688178187,23.96912419069123,1.2889926056785483,-2.5284474882691437,-2.4640838441364497,9.289059276731694,0.7397536609787488,1.3363414310397275,0.0,False,INSUFFICIENT_RUNWAY,1280,128.00000000004044,3,867253.8940329211,1338.2325654532103,4037.558999394296,2996.987775046488,wet,0.7763888078673429,23.320254509779556,-15.703235858815539,0.9457029090813962,0.5752794876185181,-13.546199336385861,988.8072002613474,0.9108156671952631,,,,,113.05175160450914,1.241189169728841,-0.6081425843808752,138.124709703242,149.17468647950136,542386807,0.03668675857493917,0.16027688681838348,0.5062430929657855,clean,80.23038750878699,1.5039240031990893,30.900769976698616,13.452565398157214,0.0,0.0,0.049647566789153635,0.0,0.0,-12.799999999999772,-54.00868057287326,0.0,-1.0996871922531193,0.0,-136.14901093512879,-68.96742121777524,0.0,1.4045993864781356,-23.842351941351723,-9.040865130122992,-0.6461369983782389,0.0,0.0,-50.0,5300056
best_model,-267.1504964562849,16.213465918252723,26.96055320502981,0.8795404832665448,-2.6265002692420176,-2.601760801012295,6.708700882804746,0.5908895354321307,1.3657312036491476,0.0,False,INSUFFICIENT_RUNWAY,1199,119.90000000004767,3,893660.6351405599,1307.2828028949616,4286.084042600749,1446.0703427834349,wet,0.7684668115830418,16.749986603458776,-12.194540002584962,3.3714869988530616,0.8553887677898468,17.142517056690785,1024.478635940377,0.9603545117749634,,,,,98.21435140954402,0.7522506500017698,-0.40454961939275336,145.24250410527904,156.86190443370137,900722214,0.046163665757218496,0.6636733044462163,1.2073207360158744,clean,85.10906205139909,0.4845793803927242,27.32634021114023,15.58133537647438,0.0,0.0,0.030090026000070765,0.0,0.0,-11.989999999999789,-35.02098844685878,0.0,-0.4324330075402259,0.0,-93.67615894456178,-48.11519239339566,0.0,0.003284339363943896,-78.74537489678282,-70.68655603586562,-7.018484116049019,0.0,0.0,-50.0,5300057
best_model,-33.632335709804934,8.779931257189222,13.901542564481984,0.9030610715944174,-3.1302413337718935,-3.1169275034440327,2.655484536394535,0.68483922184119,0.5822753210704832,0.0,False,INSUFFICIENT_RUNWAY,1477,147.70000000002253,3,834057.4477515228,1317.7908280930453,4266.869790093502,4113.674859788099,dry,0.9460028132175585,13.268331941670201,3.5283919341436265,1.916804567223663,0.7984377023515501,-6.133960852541968,993.6541902756954,0.8823698296814694,,,,,69.89096666352833,0.3804581375061389,0.4348579215034043,136.93612679261415,147.89101693602328,1498946874,0.45861242405104435,0.16570414163450914,0.34757938543796063,clean,84.580163244789,9.012649532835672,39.3343561474895,10.665075538255781,0.0,0.0,0.015218325500245575,0.0,0.0,-14.76999999999973,-12.650864876132243,0.0,0.0,0.0,-5.8261714846405575,-72.61418749236545,0.0,1.3988894707499262,-11.519605580308056,-11.101455876675134,-0.1564026593038717,0.0,0.0,-50.0,5300058
best_model,-216.9804586691602,5.593182467330507,14.658757318316123,1.277217663264036,-2.373106865892418,-2.2016814114922836,8.818556860585124,0.6486541433462018,0.7144915488083825,0.0,False,INSUFFICIENT_RUNWAY,1382,138.20000000003117,3,800666.8429378007,1333.5382152210036,3971.6217418884416,3616.688076295712,wet,0.8571637659889488,9.189165632584118,11.839533586913202,3.8808531660850067,0.7847626560036634,-9.023618502231585,1015.9631182060796,0.8949001423933439,,,,,61.059710810514964,0.27100559395148593,0.15498969838409593,132.00433110546408,142.56467759390122,198620539,0.46696284829102574,0.5490217564313647,1.2266647058546796,clean,78.99994919399624,27.326376113325136,33.048638010525586,10.748774939295036,0.0,0.0,0.010840223758059434,0.0,0.0,-13.81999999999975,-4.803784415107037,0.0,-0.625963441664045,0.0,-113.97103391710186,-61.4251986876825,0.0,33.798369714840796,-79.38978361015764,-68.04065630590972,-8.836986487277363,0.0,0.0,-50.0,5300059
best_model,-178.00298123927695,14.671587360968923,39.9213233756132,11.125196318518208,31.142172621073183,16.16784811503999,11.496686663439073,0.5235921244610656,727.0516405095,0.0,False,UNSTABLE_AFTER_LIFTOFF,1647,164.70000000000707,3,691539.7027992902,1348.9012501936402,4361.660232154995,2980.7907359086175,wet,0.8157080669770385,0.5591131221803707,12.246987852593342,3.4040002327768635,0.8169900301681032,13.622651180855087,1016.9875849551538,0.9164752418107508,56.79999999999745,1862.1705252058503,,,118.26565212681838,96.5981155809227,641.8856379845364,127.49450297074107,137.69406320840037,2115756077,0.023076633249315612,0.4403281368576633,1.1905189071222169,clean,178.27282901820922,21.923258235815677,29.025719335848727,16.19615467487012,1.5526134322389848,26.38025679261203,3.8639246232368665,0.0,0.0,-16.469999999999775,-39.39175205136942,-2.9702032984963624,-4.34341293835129,-27.709948842567602,-40.3520573317191,-55.79113091272192,0.0,25.526212959472023,-131.65376095764742,-78.16214620412823,-9.58997756739741,-4.309560207179461,0.0,-70.0,5300060
best_model,-29.40990052344536,2.5329730622034847,6.064428948507315,0.8583945088786246,-3.1444932622286177,-2.3390200611506415,8.131649462267044,0.595976153107814,0.1634179268785374,0.0,False,INSUFFICIENT_RUNWAY,1278,127.80000000004064,3,857297.3093477983,1332.424622438805,3258.0623523623226,4238.597914706096,wet,0.6294047597983972,0.05773095897895786,7.888211825461973,0.7196820689209815,1.3545390994946314,16.702081827014727,1010.107393823376,0.8876373439381718,,,,,55.008261038081116,0.1599209896312459,0.018838852768485737,143.16185763907674,154.6148062502029,482892855,0.8393486302248618,0.2964255967903894,0.7540003935536612,clean,64.33415816129252,36.469332858391276,32.17261663121541,8.512771251593595,0.0,0.0,0.006396839585249813,0.0,0.0,-12.779999999999772,-0.911065259806487,0.0,-0.3738903604110187,0.0,-57.375043895407934,-51.1118607554002,0.0,51.604378274259,-23.1917381626592,-24.28629549767888,-2.4796606084188006,0.0,0.0,-50.0,5300061
best_model,-92.47231125055734,9.45734665260064,30.2801854985809,0.4776620505750956,-1.3136969767237021,0.8534158761277573,10.25068808533008,0.530777870758757,1.312215208282197,0.0,False,RUNWAY_EXCURSION,187,18.699999999998937,3,578647.2545622344,1330.1718817815806,4189.792302961065,144.3235913938673,wet,0.6887877029550769,22.91576154848031,-11.549804047141862,0.403891893303689,1.3771108846926163,-6.642556047290631,1023.401741704247,0.9952475535533181,,,,,116.46270224520839,1.312215208282197,11.377888831897103,112.28703171843429,121.26999425590904,1061554431,0.11609222453208774,0.7161793276253814,0.9865839225575584,clean,6.678819667187005,1.6741162713918836,1.467185161902318,5.79209423490231,0.05238721827508272,0.0,0.05248860833128788,0.0,0.0,-1.8700000000000014,-1.8583936519215971,0.0,-0.795181798582874,0.0,-11.775536250278098,-7.055765148979836,0.0,1.3902559424311662,-13.480927075098736,-12.120691597353117,-0.6231628327641591,0.0,0.0,-60.0,5300062
best_model,-38.91519245171621,12.923055819666208,16.86737028005396,0.4112123446449888,-3.38811694778529,-3.3939348500139648,3.1869328978205993,0.5987049534423212,0.39012239251405845,0.0,False,TIMEOUT,1801,180.09999999999306,3,857301.7402259104,1314.027167945376,4497.367789586384,4243.448015778004,dry,0.9700737281549761,21.648913068279597,-4.006993739260015,2.5778808157037023,0.349910398500608,4.172990953955008,1013.0844795260025,0.8829189634305221,,,,,68.45516359643501,0.33719186509824794,0.1575524177752996,139.98332197450702,151.1819877324676,1430262184,0.22485584005718934,0.12646473023331614,0.2612427947968885,clean,73.64344453898087,0.5389262611338113,44.03258580242486,8.010113225981556,0.0,0.0,0.013487674603929897,0.0,0.0,-18.010000000000016,-33.41963049605491,0.0,-0.00015996376449701452,0.0,-13.389665490940224,-75.3430642652714,0.0,0.011435994382887034,-8.399998179629222,-6.531659955889462,-0.0710075976745598,0.0,0.0,-10.0,5300063
best_model,-203.28471010328565,11.305211282369164,19.434246067046892,0.5412233762125361,-3.4627820416895356,-2.016650912522921,8.84102669567117,0.6145067735665293,0.10826791767840405,0.0,False,TIMEOUT,1801,180.09999999999306,3,916520.3029830909,1325.8205753260836,3487.502850641777,3884.048321560803,wet,0.652914672300879,21.442933055132197,-13.087458936451831,2.4153630730048743,1.8957069856987212,1.7591115378502948,1026.8242688611451,0.8915477399871131,,,,,48.20069429621091,0.021146424167000077,0.35853694296297256,143.17088264502974,154.6245532566321,526969938,0.2587540380608212,0.20960766501033246,0.9168332264720379,clean,46.30844363447834,4.11404236367596,27.909627799827977,7.687625781503755,0.0,0.0,0.0008458569666799943,0.0,0.0,-18.010000000000016,-25.57576129470578,0.0,-1.272549662744875,0.0,-67.86037423369172,-77.57586183787527,0.0,2.108345850064036,-63.4664534253994,-23.42687254978682,-4.225768385599315,0.0,0.0,-10.0,5300064
best_model,-37.09071937081511,0.3400979681077294,0.4810309820613397,0.3110087302067909,-3.3240211585744075,-90.0,2.5795184180581323,0.3343253958792913,0.0,0.0,False,FAILED_TO_ACCELERATE,301,30.099999999998296,3,919839.4718692111,1332.8620569222273,3277.6531770387005,4980.595187282431,wet,0.8426242064858289,-1.8928234762373455,16.020194631340367,2.159657999913709,1.8173155580636458,5.49951276924881,1001.8604223908774,0.8643673274453286,,,,,15.820050277628043,-0.22126106243558752,0.45860249846204404,146.13957506583878,157.8307410711059,1625807044,0.9950563079527845,0.060446629971705836,0.12468466843763445,clean,0.3150632893829806,0.32038389739926976,0.20506217049505424,1.5888886540619387,0.0,0.0,0.0,0.0,0.0,-3.00999999999998,-0.003868406111245873,0.0,0.0,0.0,0.0,-7.049846094346849,0.0,0.7887104906255457,-0.04010554622668407,-0.20485396166700648,-0.0001538644281170982,0.0,0.0,-30.0,5300065
best_model,-86.42625888442176,19.190605866931023,46.04032542044644,15.044797359788491,15.840953319838073,5.108409495798183,8.360746131660092,0.46720020088074193,1302.5232749381357,0.009389671361502348,False,LOSS_OF_CONTROL,1422,142.20000000002753,3,689920.570746176,1310.0263420123163,4056.439450413602,2660.240628750287,wet,0.6632627872591217,14.16157079511936,-0.6172849257729673,0.10887029213834776,1.3421660854803106,15.449383185234268,1011.0083037582689,0.9016851108509535,37.29999999999789,1334.7460609514796,78.40000000001464,,146.11924749205957,1008.9161976444188,-5658.761516013777,128.10716352004394,138.35573660164746,1228647739,0.002614935172629712,0.6840471991351244,1.0992361062996794,clean,202.50358241948288,10.319980822206876,29.916063840121982,11.460162192246534,42.95404558487494,58.79858903262709,39.99999999999993,0.6,0.0,-14.219999999999741,-58.188137859302294,-9.536413517430018,-1.1231430765422366,0.0,-5.930127529226005,-42.42195097727644,0.0,9.486188029481431,-165.32373381625024,-104.76357649654963,-6.820996235534674,-4.13679129734752,0.0,-80.0,5300066
best_model,23.74034478143799,17.355935279343203,49.57781737229137,9.035755690987328,14.33903882643513,4.708727775050873,9.47928391509465,0.38389680274389326,1008.3147159409759,0.0,False,TIMEOUT,1801,180.09999999999306,3,712835.4871295176,1306.0392582876393,4446.263431469771,3945.1110380868304,wet,0.8657726383768194,-3.079024367833406,4.285667229876786,1.434259173730985,0.00788238904152494,-14.059313998857093,1003.8513042997474,0.8805619640319471,40.299999999997716,1537.872919406364,70.3000000000082,,166.8586852809614,116.57122336126895,-1618.6295582353018,124.16748606597181,134.10088495124958,782917818,0.004123459753087917,0.6811896730330781,1.085289357950103,clean,299.69111154896666,16.840516808687134,37.827099912445945,12.39291316793859,45.97894897200203,40.41508468323702,4.662848934450757,0.0,0.0,-18.010000000000016,-60.279167716307825,-3.113384874066214,-2.220282693048699,0.0,-10.147547663142785,-39.48320185848813,0.0,18.86056394579926,-180.36262200183592,-117.42791255262064,-8.029356209632834,-3.8552676229416725,0.0,-10.0,5300067
best_model,-129.0150062861064,11.42696924995746,29.555672250366182,15.849069508696003,4.9803226524125055,1.2177085238572616,12.15041397814706,0.5487587452100667,1012.257692084163,0.0,False,CRASH,1198,119.80000000004759,3,642917.059339937,1312.1287747621084,3942.914674147587,4761.747623468889,wet,0.7480882132365362,21.27768322547886,-16.736775772763753,3.295628968994267,0.5408715275885694,-8.484489471285329,1032.60551766922,0.862964488660779,40.09999999999773,901.6718395161755,90.10000000002395,,159.33583884190531,30.70914399382309,-2913.991839541406,117.44390868501807,126.83942137981953,414971742,0.03529472677096315,0.9157873677824158,1.178495535749616,clean,149.24991967418936,11.74802155390199,19.74089016795985,9.158551884475752,22.376875994894032,34.26846474372913,1.2283657597529498,0.0,0.0,-11.979999999999789,-17.38106669276546,-8.818131232027135,-1.8577146273533465,0.0,-22.658116145712945,-43.62444773558483,0.0,16.515709432748988,-109.294713054787,-66.64668414835624,-6.70152863927591,-4.339403221893352,0.0,-100.0,5300068
best_model,-317.2760010436353,10.215696515025783,26.083474371004304,1.0964124277779064,-3.304202740859622,-0.02222466613690629,7.433506150415012,0.5789359705121642,0.4075789605290083,0.0,False,INSUFFICIENT_RUNWAY,1587,158.70000000001252,3,915994.9988233276,1329.181109114294,4273.700213901309,2525.9579162374553,wet,0.8596778325224752,4.857813894186247,13.750809164856898,1.6686093908212625,1.2833254233780627,-1.568049035332706,1022.9580354957434,0.9274652138039465,,,,,56.609168314895115,0.14794038355876182,0.19564321880821467,142.57482487834162,153.98081086860896,297182865,0.20625391828330303,0.30817974427943434,0.7520608047628051,clean,84.83261927170781,19.479136977983725,41.05897900017104,8.82501124600951,0.0,0.0,0.0059176153423504815,0.0,0.0,-15.869999999999706,-18.402226948960358,0.0,-0.2052439399283234,0.0,-251.600566586397,-60.910837678374975,0.0,19.88916788486643,-63.34166970874968,-27.66317761656036,-3.373110560738984,0.0,0.0,-50.0,5300069
best_model,-86.20702170278821,4.2823925100112925,8.126737864033089,3.1564190863567774,-0.5782313335144891,0.06863979665301671,4.116337461209123,0.6545451397545724,2.7189467845901163,0.0,False,INSUFFICIENT_RUNWAY,1017,101.70000000003319,3,705701.2339663162,1321.005791236873,4206.979955322098,4192.35945194458,wet,0.8235163896317663,22.78629371351944,8.759380307903275,2.8341434935594445,1.1943594603257093,-7.395298855677286,1027.2099476445708,0.8796849689430054,,,,,87.98889899420035,0.9610332574011409,-2.7782138644586496,123.60758912331312,133.49619625317817,1064405427,0.6051281898943232,0.5259962523249125,1.0708153983385504,clean,83.21239588521802,19.933880648893382,24.47396108319847,12.961125291002478,1.8238428664954787,0.0,0.0384413302960456,0.0,0.0,-10.169999999999828,-2.0722940739074915,-0.0001141632445704243,-0.020631828431675787,0.0,-18.45795474172875,-46.02202379543002,0.0,18.152782706630337,-55.711609768714546,-59.99551442492294,-4.33962421472583,-0.01368450341576932,0.0,-50.0,5300070
best_model,-41.50048438037327,0.23072630052303053,0.24123910301966284,0.046549864821445616,-2.9581889401413273,-90.0,0.13742177930876695,0.4650305858086114,0.0,0.0,False,FAILED_TO_ACCELERATE,301,30.099999999998296,3,698743.931723775,1313.2636363349068,4066.0808261731213,2164.201850149038,wet,0.6163534671150266,3.5241325574278513,-6.906729265884646,1.704541672727653,1.765605350721418,20.397736344728735,1015.145349545372,0.9418658264691557,,,,,7.650843446218405,-0.19288743143852116,-0.0990925658891851,129.70504819229566,140.08145204767933,653657881,0.9995603319955494,0.0,0.013141308874730952,clean,0.024819992030522535,0.024976158800543203,0.01876818033039416,0.12771171489708769,0.0,0.0,0.0,0.0,0.0,-3.00999999999998,-0.0017804024835184646,0.0,0.0,0.0,0.0,-8.746723310826741,0.0,0.06174328687844238,0.0,0.0,0.0,0.0,0.0,-30.0,5300071
best_model,-111.14386898570172,13.80786389819738,31.388271670203665,6.459390063685719,20.20732310273488,11.415161163401416,7.231337615313393,0.4312890706657879,203.06633180805756,0.0,False,CRASH,411,41.09999999999767,3,589332.2663465431,1343.1548190620592,4453.997051920616,310.73214889062893,wet,0.6249606462765792,7.3291426213066515,15.406683780583627,0.36811179693941076,0.2827964377494516,-11.923427842800361,1009.0046453581303,0.9899527583101309,26.099999999998523,698.8665648616868,,,105.39519508159135,5.966390428101533,-2385.834111264403,113.04908229919494,122.09300888313054,1911952839,0.07397402296610703,0.28466019155342015,1.1420745317562568,clean,28.406148697810508,6.080058604282548,8.137328798740706,7.986054219852092,4.113350553766605,6.735097853536185,0.23865561712405983,0.0,0.0,-4.109999999999957,-8.70667448135551,-0.38587286585409936,-0.22988034537186328,-0.31852827986566473,-17.801938580518563,-11.077617506116985,0.0,10.47479622516779,-27.77642746242175,-10.60693274876893,-2.024927899081096,-0.2765593866277537,0.0,-100.0,5300072
best_model,41.14462831154246,8.961158387755418,20.40277006045588,4.0748620932046045,15.143669127950776,4.910170547479689,9.103631198126598,0.39293759019069746,1328.8945024874656,1.0,False,UNCLEAN_TAKEOFF,672,67.20000000000573,3,652136.8214323883,1324.0138622931372,3707.9683727304373,996.4814411486623,dry,0.9182528375347478,-3.352286482606306,-14.173998477842453,1.939968921500928,1.528765311204917,-4.248801466127956,1018.2199194496109,0.9323719183185117,35.99999999999796,995.5759337422331,62.30000000000183,,164.045595127077,1328.8945024874656,3774.454901529647,120.01429185430328,129.61543520264755,549055874,0.2905404930764975,0.4175167167773053,0.850819001140722,clean,73.72362906372246,6.332129962651162,12.577397239770406,9.581610188616933,9.95071798910841,25.374700925518507,39.99999999999999,4.999999999999998,0.0,-6.719999999999901,-5.995909520566132,-0.010529136369223127,-0.5909900920660018,0.0,-12.341259649389293,-16.566253753404837,0.0,4.8469968655167515,-45.36403983020973,-25.980464785990293,-1.7922909888169543,-0.8808161665494362,0.0,-30.0,5300073
best_model,-38.58699341742218,3.8278942664724322,5.842511778759058,0.2829539349908107,-3.0663672046522503,-90.0,4.273092177822269,0.63545172706923,0.0,0.0,False,FAILED_TO_ACCELERATE,301,30.099999999998296,3,895578.7474047455,1341.818523878304,4375.226177002221,4162.384655511531,wet,0.7708129632668436,13.345448975683667,12.841881627895148,1.4012556980587418,1.959801314578158,-6.217109182191862,1001.7336047735587,0.8810367127824001,,,,,25.504829957738227,-0.1345429814327872,0.0464875182559199,141.30236388366194,152.6065529943549,933840002,0.8584668729514795,0.11280042192586064,0.11387704747450589,clean,2.2716618058642024,1.7414015349270762,1.1471236043063087,1.4568497269938212,0.0,0.0,0.0,0.0,0.0,-3.00999999999998,-0.4900539032336714,0.0,-0.07011248278155374,0.0,0.0,-12.933766340957575,0.0,2.572406724573502,-1.0722248859535721,-0.20027920116068326,0.0,0.0,0.0,-30.0,5300074
best_model,-190.28025763749753,18.230314698942205,40.84390402460887,10.897656105179509,19.024534778971734,5.678412303832501,11.53423183061082,0.49574402022192304,1001.8671378335994,0.0,False,CRASH,1359,135.90000000003326,3,703987.0621452279,1309.4126205735026,3403.240122252604,1467.9763342370677,wet,0.8572335450657049,8.448775980845637,14.229649086612833,3.275420563769801,1.2168779579689806,16.358467726904394,1016.4132823549331,0.9589432784561628,44.39999999999748,1761.6177584357308,78.80000000001496,,158.55550935495592,26.213545794094898,-5365.2392199111655,129.25508785272362,139.59549488094152,571391640,0.007159485190817173,0.6934624104644841,1.2018138356943668,clean,172.17430259588883,7.6870311209158775,19.119681109981187,13.61291396086095,45.50290414381377,44.300415602304625,1.0485418317637247,0.0,0.0,-13.589999999999755,-50.18400047739262,-4.742318925119388,-6.155925145786348,0.0,-41.85690604789788,-41.978596115924354,0.0,7.970728703811986,-148.12717733166158,-84.56876294329884,-7.875180552203859,-2.6179091675508506,0.0,-100.0,5300075
best_model,-307.9474163360766,8.045132282399866,14.757389549608705,1.796024004365511,-1.8302913631456383,-0.5387870548147841,7.22634850871188,0.5558875808050383,0.7993505245576671,0.0,False,INSUFFICIENT_RUNWAY,1131,113.10000000004226,3,738653.6456800231,1350.9309597932622,3310.3438203690316,2458.475809444961,wet,0.8020468454104479,7.689800906795789,16.953609751147702,1.8597249723698903,1.443759613382155,15.263886770831583,1022.3494756288898,0.9331148956172959,,,,,66.34154358733011,0.4523800002148164,-0.7051574822910034,131.7768881519976,142.31903920415743,1398521671,0.22393472254182384,0.8926840195024415,1.6318465043458603,clean,65.75702711001296,16.28705565339547,20.695215411998465,11.395358858299542,0.0,0.0,0.018095200008592698,0.0,0.0,-11.309999999999803,-8.133668615791608,0.0,-0.9484575106354524,0.0,-125.73862997850608,-41.81971222922468,0.0,18.775370629611153,-104.71845827201736,-83.93496329278098,-14.271649300444802,0.0,0.0,-50.0,5300076
best_model,58.994536782529906,5.2448748426990095,12.123522303069416,7.844664607966136,10.401131186829273,2.710914676192688,5.950989398185501,0.57339886341009,1289.3597044141795,1.0,False,UNCLEAN_TAKEOFF,740,74.00000000001114,3,589615.6546720305,1305.1297719376082,4454.344687419696,327.23478240138047,wet,0.7800793265068612,1.5966670825492493,0.8074268448911637,3.9997048724097337,1.8344678740533424,21.19340586812821,987.8180710174726,0.9563343039087999,43.59999999999753,1052.6719326521916,69.10000000000724,,173.28202287620044,1289.3597044141795,4105.281081975267,120.93924082791304,130.6143800941461,424079761,0.48667737272572237,0.46039476890709385,0.8736234182061906,clean,72.49196284380419,10.720371572188792,14.444760518908028,9.895582435390894,15.45436308039411,29.069131287674487,39.99999999999999,4.999999999999998,0.0,-7.399999999999887,-2.261827440614106,-0.7463738652054843,-0.13179469377238853,0.0,-1.9068278666710707,-29.005519231097804,0.0,10.475021215815376,-42.55308302623405,-32.07880200707737,-1.9965934991574463,-0.47583454181569346,0.0,-30.0,5300077
best_model,-73.9391752822118,11.800014407136201,24.760015612054627,0.11902604835387601,-2.4027697315406966,-90.0,19.459520889983672,0.416312640258508,0.0,0.0,False,FAILED_TO_ACCELERATE,301,30.099999999998296,3,574286.6489126557,1322.4879250332112,3223.8532519731793,4316.8799547295985,wet,0.7024585730131663,-4.715390668462804,-10.676801175202908,0.8967824939800373,1.6539840346136918,6.624016875525662,1027.656742219678,0.8818977428665821,,,,,12.750607613151853,-0.12999071589001687,0.0002686770847670772,114.23145510805733,123.36997151670192,1699468616,0.19138934492745088,0.07271366385504595,0.6751737266257952,clean,2.1327054768080402,0.2946818703720537,0.31348649600726186,1.22891623644298,0.0,0.0,0.0,0.0,0.0,-3.00999999999998,-4.656815815843909,0.0,-9.815281224506835,0.0,0.0,-8.285355228681247,0.0,0.010675616407744537,-21.815914040147984,-0.21513963674449504,-0.12113503232542397,0.0,0.0,-30.0,5300078
best_model,-268.09520790375666,6.372338573907553,11.292114676585845,1.5957169146299668,-1.947540626207397,-0.7142344805147341,7.8926494138374235,0.5914686671602047,0.9516417615864157,0.0,False,INSUFFICIENT_RUNWAY,1230,123.000000000045,3,804752.5224663146,1341.158946771613,3767.1147101716238,3036.4839162768008,dry,0.9138327423800876,12.074006610966734,16.022754342422502,2.9682492437561243,1.108839427711267,8.42589593639562,1028.6654950755974,0.9161531958493918,,,,,76.62522402102647,0.5832904461226462,-0.4989802993416603,135.569751458496,146.41533157517568,1193922510,0.37677606919474227,0.7389639135493065,1.4435716333714088,clean,74.45782523237222,14.17011901033108,26.054297828193587,10.635824093270692,0.0,0.0,0.023331617844905866,0.0,0.0,-12.299999999999782,-5.549582183069705,0.0,-0.4273735430110177,0.0,-129.9724890189493,-48.88241436143948,0.0,7.360347607366179,-69.45560549285346,-72.03592692022329,-12.173561773588007,0.0,0.0,-50.0,5300079
best_model,-37.3681446026732,6.942425274761701,7.205808727801147,0.12012300609164825,-2.799192642392738,-90.0,3.5856724566880778,0.2762127742088778,0.0,0.0,False,FAILED_TO_ACCELERATE,301,30.099999999998296,3,624541.9800646028,1306.0784874173523,4063.397644614538,3965.89586500277,wet,0.625869635887365,9.415694804578086,-12.138719648291708,0.39285466114012557,1.625745009932404,2.8543180374950303,1006.9989664886841,0.8897209115717521,,,,,15.348588216346357,-0.16166742818722923,0.006688489296973188,119.56850779700602,129.1339884207665,1303798356,0.6753664521914309,0.008218118958638262,0.11408722485893294,clean,0.4337484321588878,0.0597302398212558,0.27498901548302374,0.5728784126786903,0.0,0.0,0.0,0.0,0.0,-3.00999999999998,-1.6119308752656307,0.0,-0.01371665608335596,0.0,0.0,-4.070755754828904,0.0,4.8175339271966836e-06,0.0,-0.0030922341710929073,0.0,0.0,0.0,-30.0,5300080
best_model,-100.49225973447327,6.80143986246169,17.88576593766344,1.1607525245104684,-1.2745651271306098,-0.25715760269266097,4.857625718114365,0.6714047433413347,1.6075123026107576,0.0,False,INSUFFICIENT_RUNWAY,880,88.00000000002228,3,716940.671901264,1337.9115707501726,3802.421583632918,2399.0283506498104,wet,0.6788253090897618,9.563670683379408,-3.6859085465814467,2.3721830390033602,1.3221974003829857,13.493191789902433,1007.5822228326118,0.9342901374125652,,,,,96.44319993205781,0.8952200532589814,0.8311913981880004,130.39138909330433,140.8227002207687,1831979348,0.36525326987891277,0.5719297688625058,1.174193410612997,clean,75.08642623553472,13.190059632719654,19.889120739159765,11.959848831177847,0.0,0.0,0.03580880213035919,0.0,0.0,-8.799999999999857,-4.52315934426233,0.0,-0.11822253458304448,0.0,-2.659713182367806,-41.43817447345351,0.0,9.8173069627505,-60.812506301219855,-57.53888261361983,-4.580172488438903,0.0,0.0,-50.0,5300081
best_model,-173.4846115207312,6.839929171794095,15.931868269996865,1.5791656474731104,-1.1062807287297822,0.7316567964799976,9.231980983149581,0.6644453502825052,1.6184461384871156,0.0,False,INSUFFICIENT_RUNWAY,976,97.60000000002992,3,690639.3820594912,1336.5530886426648,3775.3908694727047,1981.9385615079566,wet,0.7662554917560895,11.332961790121661,14.271942411982154,3.9271751420397853,1.0783235230896506,12.05920542857271,1017.9363785330006,0.9451504263441151,,,,,88.99979754389568,0.8477472783411031,2.02566189068623,127.02176461259296,137.18350578160042,1188744658,0.252459817097737,0.8736980947621602,1.5321752143845724,clean,74.81411838121208,16.07537658712335,19.115404353638873,14.627363275509516,0.0,0.0,0.03390989113364405,0.0,0.0,-9.759999999999836,-5.073533325483996,0.0,-0.992231852802365,0.0,-48.55685937400578,-45.280260288774834,0.0,21.492493656426998,-76.37495729485258,-73.24344898225633,-10.361986547598251,0.0,0.0,-50.0,5300082
best_model,-40.129703744747204,3.8190860895480485,4.263792517606238,0.1015503398715068,-2.520293848880116,-90.0,4.299439237436404,0.3967831989261399,0.0,0.0,False,FAILED_TO_ACCELERATE,301,30.099999999998296,3,758905.5318775388,1350.8535001938249,3541.022651173386,1270.6062842700705,wet,0.7323817524271568,1.2025521468818559,-8.277311568537389,3.0387773529908264,0.10475450766858674,7.101602667214607,1018.5191255817105,0.9638844521130295,,,,,9.28778805506874,-0.1400052600267827,-0.15151458252402494,132.00980333404274,142.57058760076617,995268014,0.8855792497875653,0.0,0.12819172989564123,clean,0.35256168140617766,0.18630835696179798,0.1890570081058298,0.46788330470914946,0.0,0.0,0.0,0.0,0.0,-3.00999999999998,-0.48780122070813337,0.0,-0.14082163909068124,0.0,0.0,-7.70391960446828,0.0,0.017028368336939596,0.0,0.0,0.0,0.0,0.0,-30.0,5300083
best_model,-324.97355167115114,7.192741639251296,22.4961555135189,1.979428816447542,-2.854510040531547,-2.478483544641805,9.833052466921565,0.594534304451309,0.8162638482676812,0.0,False,INSUFFICIENT_RUNWAY,1417,141.70000000002798,3,922761.336700537,1325.4206460449514,4150.373102593204,2264.4528043161376,dry,0.9657154009265522,13.616657916361504,16.231160295155973,3.9458816631761353,0.3165702912495598,3.455362368694921,1030.6249255012867,0.9358457435315121,,,,,68.24164354236132,0.27749038060392195,1.4723694015171596,143.81126754430468,155.31616894784906,263108381,0.28907109444081297,0.5565114119371207,1.2915016845264062,clean,82.4546301201573,26.242805187809694,33.28334182015653,11.26451408999183,0.0,0.0,0.011099615224156896,0.0,0.0,-14.169999999999742,-8.145472139282283,0.0,-0.8542166725766076,0.0,-200.89967771851425,-57.897047897673126,0.0,30.195660229190803,-90.62399520433534,-75.68325772036142,-10.151935380934312,0.0,0.0,-50.0,5300084
best_model,-114.69986719399728,11.202483826228523,22.757720251937865,2.3719756451052136,-1.3617821091567472,-1.366104837874243,7.311089287492408,0.5025933214357491,2.319690908213488,0.0,False,INSUFFICIENT_RUNWAY,713,71.30000000000899,3,696972.4614740429,1315.0065613088136,3439.6355295617836,4615.939412223036,dry,0.956077586512063,-1.6256522975060452,14.947915285644566,3.8982884670782716,0.21584165815763745,9.945697560134583,997.6619397815463,0.8754592806025142,,,,,137.8654230763883,2.319690908213488,9.454693074990264,128.43835904012033,138.71342776332997,991511341,0.1281312953561937,0.7705042410258177,1.2567125463343112,clean,67.8065563708753,6.688776792213163,14.542436209643927,16.34694040141556,0.7441429166211985,0.0,0.09278763632853955,0.0,0.0,-7.129999999999892,-9.942043787137552,0.0,-0.42154140664234024,0.0,-29.3015192920777,-22.380196437770223,0.0,4.8159035152784595,-60.34979107315918,-41.193370134614554,-5.018948904971317,0.0,0.0,-50.0,5300085
best_model,5.891165340340507,16.33832428715459,28.490734881033234,9.759144991508563,17.572321105850982,7.051094325620969,9.782803571117718,0.47905238197709454,1274.602812986831,1.0,False,UNCLEAN_TAKEOFF,563,56.299999999997056,3,600992.9959684385,1318.3638234510383,3577.86597823836,1029.9231061689002,dry,0.9082337048052374,7.4697881477539205,14.357059621105194,1.8708693827856444,1.4408514598790394,16.096306433137933,997.5253357279648,0.937328890728015,31.59999999999821,1036.15795613965,51.399999999997085,,152.16050925602838,1274.602812986831,2846.2664937181394,120.49976012130404,130.13974093100836,880451492,0.041820175090728474,0.42497644570492443,1.5722159324111256,clean,55.979579021675455,4.773440173155212,9.289609070823978,10.24534810170115,17.05752129693681,24.36714291185806,40.00000000000002,4.999999999999998,0.0,-5.629999999999924,-16.69863257870922,-0.8829331336382252,-1.0038243303558463,0.0,-19.922139946766954,-17.503778224004748,0.0,5.980997664009303,-43.085265940268485,-24.312591833923474,-6.097220313989037,-1.6660865981632615,0.0,-30.0,5300086
best_model,-97.00895031634224,4.108833846580006,8.744129747714725,1.395943358780936,-2.8519592653824652,-2.629412898654315,4.31781430377014,0.5739318509571452,1.0429443155690024,0.0,False,INSUFFICIENT_RUNWAY,1161,116.10000000004464,3,895961.8491967688,1308.144878694034,3739.753443037803,2052.110023004261,wet,0.7679458476938655,19.887799091981382,14.331295658639522,3.0590575568075113,0.25539201553439916,-3.068664022460643,1029.4759652239322,0.9403797740343492,,,,,84.24602531695902,0.6198224950048825,0.8257354214653212,140.19154846670304,151.4068723440393,1834187088,0.7230697886748034,0.3423198210008891,0.8571749552834722,clean,74.024677373994,27.767149040169965,29.366019138040578,9.786683137470314,0.0,0.0,0.02479289980019523,0.0,0.0,-11.609999999999797,-2.1778445096653862,0.0,-0.009145301106421163,0.0,-97.78088094609012,-44.62867365976479,0.0,38.167588726552076,-36.3532040800218,-30.75065276997429,-2.835459365746561,0.0,0.0,-50.0,5300087
best_model,-118.21856474257739,5.043114871649139,11.671510616001738,0.8856902068417376,-2.7932026531343888,-2.672951289635104,8.50260886378004,0.6167543655573829,0.5404021537628978,0.0,False,INSUFFICIENT_RUNWAY,1091,109.10000000003907,3,804142.5169057641,1326.3631200684915,3339.4579210402426,1465.5681977890222,wet,0.6800896746975342,3.4088260771795778,11.29593714308471,2.831042917808349,0.39738833006330454,-14.275674271557438,1020.353369545465,0.9552952382771763,,,,,70.61938463484059,0.47082576250159036,-1.2601500579114777,130.75781621299532,141.21844151003495,1642466525,0.6107597297839942,0.4038715563137713,0.911312936795382,clean,65.8060033441661,21.47142214678686,27.474428092183476,7.835765067938051,0.0,0.0,0.018833030500063682,0.0,0.0,-10.909999999999812,-3.08304570011508,0.0,-0.42853059287540624,0.0,-85.92992887060029,-46.10495645187675,0.0,19.545927989357956,-35.719385487656936,-24.588683995225995,-3.6064133151593896,0.0,0.0,-50.0,5300088
best_model,-34.92437530117976,4.573043069291717,4.578701360522277,0.13310285016614895,-2.885610214686249,-90.0,1.321714954371159,0.1043037163920841,0.0,0.0,False,FAILED_TO_ACCELERATE,301,30.099999999998296,3,883277.4947809374,1349.047313551246,3981.2457590661797,2089.6284869924366,wet,0.8891914055864247,5.148136430570929,-12.793307939411289,0.05990729828365504,1.8250880918080155,-6.719192648820256,1008.6965781845364,0.9385647631916246,,,,,13.173211256562292,-0.16169467026384154,-0.09665150194572279,139.71882164290457,150.89632737433695,1095592446,0.8448759821367813,0.0,0.0005862860694694988,clean,0.0006931599714648936,0.000330138749185636,0.0005334724064449583,0.0007962433158672682,0.0,0.0,0.0,0.0,0.0,-3.00999999999998,-0.6994143996658554,0.0,0.0,0.0,0.0,-1.217324101875053,0.0,1.0185918188273833e-05,0.0,0.0,0.0,0.0,0.0,-30.0,5300089
best_model,-144.2310380317464,9.955581191638474,30.05538175226477,0.5959968600635747,-2.9024696988447833,-2.0834069233486097,4.942748357048533,0.6643393107574482,0.11813909562624758,0.0,False,RUNWAY_EXCURSION,1108,110.80000000004043,3,871948.596252962,1346.751422342745,3650.8033258074506,2253.51051223978,wet,0.7886695014508709,-2.9978156364620845,10.265199960649085,2.4720741417904457,1.3450561466339548,6.635352428897011,1003.8547573757685,0.936810489387669,,,,,48.41446679958374,0.031182851580524584,0.24896056388381993,142.41762462156336,153.81103459128843,1916798165,0.17049130623952347,0.2760408499796758,0.785954222302298,clean,51.70949075618098,17.807265228194016,25.490575419377755,7.990675706124603,0.0,0.0,0.0012473140632209838,0.0,0.0,-11.079999999999808,-12.201985036060302,0.0,-0.09795060443377701,0.0,-44.282070768561205,-51.63305614477826,0.0,17.959681682732846,-60.69842224610127,-23.108910479029465,-2.0875788594550686,0.0,0.0,-60.0,5300090
best_model,-3.327635922375592,5.316308174355516,8.743153965539577,0.9677643587144223,-2.0186592225402107,-2.0268461868452614,3.926557222042674,0.754649967653257,1.6588852764941748,0.0,False,INSUFFICIENT_RUNWAY,925,92.50000000002586,3,867233.0405134754,1331.7897033947615,4238.284696842781,1473.9404730441609,wet,0.7257216172369683,-2.4325189619774976,-1.6458377211728537,2.2525165638421596,0.9132882230383095,-13.754150236744707,991.3846597736117,0.955107253440827,,,,,127.45082997120663,1.5941201595908296,0.8672153998161747,137.89114152832988,148.9224328505963,1103763638,0.720483362856293,0.21043621812748134,0.40398031544912805,clean,83.8128314529941,12.223201154124059,23.79524569801489,16.963202184238014,0.0,0.0,0.0637648063836332,0.0,0.0,-9.249999999999847,-2.904821962151703,0.0,-0.029478355132199312,0.0,-0.5377235536696914,-50.52578013909295,0.0,1.7568231260596465,-15.900415781722977,-12.60152564477476,-0.19295890764553605,0.0,0.0,-50.0,5300091
best_model,18.201563359159124,3.769289144271489,7.162114131958996,1.5185517215700264,-1.9991902480559407,-0.6932009155206421,3.821260343685865,0.6599118630039542,2.1600404456525553,0.0,False,INSUFFICIENT_RUNWAY,767,76.70000000001329,3,852646.0379825216,1311.1988941219875,3698.4348335752943,386.5406333038973,wet,0.6809734868346662,0.20145497684609825,-2.060156174136114,2.2632018506076292,1.7573039754828312,20.50762793818935,1010.4944577062284,0.9891254202668622,,,,,139.32389048098472,1.9522565121161506,0.781524833461944,143.63382155554817,155.12452727999204,1623665203,0.8185403701162206,0.19699915049799124,0.4636857087206431,clean,73.49472315288543,16.80308017711728,18.10831417063422,15.80838766504657,0.0,0.0,0.07809026048464607,0.0,0.0,-7.669999999999881,-1.2107981867716933,0.0,-0.004341682318257172,0.0,-0.15514355787431186,-35.50929652815349,0.0,13.809565493109785,-16.362234871585166,-8.844933816593684,-0.14384891682223466,0.0,0.0,-50.0,5300092
best_model,-236.11138081840033,7.335899922180475,18.414607609455814,1.2559747425590289,-2.4204273801915592,-2.249144214091614,3.863994740224873,0.5496678648875004,0.7693517348886871,0.0,False,INSUFFICIENT_RUNWAY,1519,151.9000000000187,3,800506.932137352,1328.807039481933,3964.7483768475104,1020.4888201289918,wet,0.659620870119875,21.044016909533873,13.74764763709188,0.5989087932090347,0.446462238802918,-11.971477436785838,996.6541443202941,0.968856524562254,,,,,59.03526238235072,0.25543889710888834,-0.5378936332770579,132.5580321452391,143.16267471685825,854197723,0.4305182640369729,0.2972007704752989,0.9009238460203604,clean,78.33443099802179,17.32291630780144,39.8714254731996,8.062941987770476,0.0,0.0,0.010217555884355557,0.0,0.0,-15.18999999999972,-9.082848292007553,0.0,-0.004915360379946857,0.0,-187.0170236595251,-55.500112300050816,0.0,9.740301752563886,-37.039873997936546,-30.462679510826916,-5.156161772912642,0.0,0.0,-50.0,5300093
best_model,-72.35871350959157,14.678444955897936,18.842172191047496,0.3577354322898634,-3.052985177964343,-0.9426059911544,4.101311000611244,0.6743319053385577,0.235914913093211,0.0,False,TIMEOUT,1801,180.09999999999306,3,804560.2778841935,1328.6631671342914,4136.228139082066,1862.8065713668707,wet,0.6051905751683714,21.325175419162182,-1.642439404875462,1.562722160542609,1.6597022114647684,-0.4446213319301293,1007.1116626471188,0.9462042163914723,,,,,35.23519655499597,-0.02137219812220792,-0.6698106661823555,134.93209353323712,145.7266610158961,1477676089,0.15003663539390918,0.07650810077466334,0.27516351249249404,clean,48.5201654136545,1.6279485984383941,35.50987322968109,6.2129267805288935,0.0,0.0,-1.6703489719854803e-18,0.0,0.0,-18.010000000000016,-43.115288903145434,0.0,-0.04442876680475092,0.0,-0.471908294212147,-86.42267085771128,0.0,0.588315727559139,-4.976308114137937,-1.674728110245248,-0.10261021319658901,0.0,0.0,-10.0,5300094
best_model,-129.13910697372165,3.0999480122293717,9.494070953565034,1.0516909317118404,-1.7813455264971807,-0.28231768825542997,5.731092012921746,0.5981748267362071,0.9773143077950408,0.0,False,INSUFFICIENT_RUNWAY,1007,100.70000000003239,3,737761.8232085488,1338.2535232816133,3564.065883653791,3405.8129277333705,wet,0.6097612211448202,10.771033257061527,16.535643785236903,0.1737511097256519,1.778479044440381,10.778116876506445,1030.077090547271,0.9070805711167559,,,,,87.32073489016665,0.7770970802930606,0.39676236331230186,130.22890689337848,140.64721944484876,88636045,0.6077126703692933,0.5730632032864397,1.175162976884455,clean,70.33523451590487,27.350849632084714,23.08726360209276,10.653111680316757,0.0,0.0,0.031083883211722407,0.0,0.0,-10.06999999999983,-1.0752161580305009,0.0,-0.1824583799788815,0.0,-100.49456658235961,-41.12634274724255,0.0,40.26678407542557,-49.404563936086504,-42.42164613893317,-6.088640420126299,0.0,0.0,-50.0,5300095
best_model,-64.39768941674949,11.67575154008172,24.179521686845057,9.75736754053344,32.548740115987286,16.000027619571053,5.183861526629128,0.40759004723165426,159.09629766792023,0.0,False,UNSTABLE_AFTER_LIFTOFF,485,48.49999999999725,3,665799.5100097521,1349.8402190511626,4420.839190615207,4637.161165866901,wet,0.8882458128596094,-4.436110062939291,7.422838487514891,0.019715899040169127,0.7339545025739989,-3.767924420452209,1006.3969922237568,0.8650151612116416,43.89999999999751,1524.8181377183448,,,129.5418467489739,159.09629766792023,3944.864944868705,122.07843904216065,131.8447141655335,1411712280,0.1300049950788627,0.4537266190919005,1.104347459932681,clean,36.308521006054136,7.328010698088527,9.940749839735684,14.670089733257221,2.422189406099173,3.8902344337972,6.363851906716808,0.0,0.0,-4.849999999999941,-7.346304378052722,-0.778067477577909,-0.031088060122955893,-3.9998360780700235,-7.242704593572063,-12.561815651264135,0.0,10.743570526775628,-28.22675606369054,-17.10487998844885,-2.597097350682462,-1.3263573257923669,0.0,-70.0,5300096
best_model,-31.13971398893127,6.084001561269538,12.989754006270491,0.567589617942641,-3.1205854150195798,-1.039836864673865,5.191371236125432,0.6770824596258969,0.6488979976049905,0.0,False,INSUFFICIENT_RUNWAY,925,92.50000000002586,3,895739.8136496312,1316.3031411996735,3432.561158179982,1752.7854026895122,wet,0.6003992121750849,-1.347875815059898,2.6233908274488305,2.938086476628295,1.0092968972348386,15.98438886769058,1015.0834936629428,0.9519972603199972,,,,,84.34448747057559,0.6274168192321667,-0.26270559405983107,145.80539975601658,157.46983173649792,1309365013,0.5763798817328587,0.32504137100235064,0.6758063443322634,clean,68.25294790183231,12.88129025110246,23.042871080207114,12.441447190548136,0.0,0.0,0.025096672769286635,0.0,0.0,-9.249999999999847,-3.804327152523938,0.0,-0.034627432881316464,0.0,-4.4357785732773225,-44.00798198224985,0.0,10.071593631677345,-26.079883756577804,-18.9149016312088,-1.3274601883490136,0.0,0.0,-50.0,5300097
best_model,-260.98109005553647,19.73374695401648,35.015014258052446,16.95913067097109,20.98948622761375,8.951290710092804,19.71495465201981,0.4438198489180605,1273.4270859398343,0.021454112038140644,False,CRASH,1452,145.2000000000248,3,715697.0301428117,1320.1549344003959,3779.683761662025,195.78857939584472,wet,0.6024557535204369,7.314420563328895,17.61769645428986,0.19552249121552157,1.0866885146749796,-1.066347726215504,996.9358448844047,0.9937006790341352,38.59999999999781,1283.6469078049508,61.400000000001114,,156.14057219718083,6.689322728229996,-2375.1320047538597,127.77209637704571,137.99386408720937,1279918307,0.006041983713841802,0.568684953866325,1.3515482696566354,clean,170.55033556088824,9.817047101218213,20.203340556352195,11.851499004238635,48.15945641951087,44.99300861694527,0.2675729091292256,1.8000000000000005,0.0,-14.519999999999735,-62.82655070701837,-15.360761536641856,-20.640623649562126,0.0,-58.66454444001099,-40.04405257699878,0.0,13.746213595142097,-158.10428394125216,-94.96654708778794,-11.85467732704191,-5.387522552643983,0.0,-100.0,5300098
best_model,330.4888046404304,4.498616965896955,10.666751504554151,7.50310402774823,8.64243341724308,1.666520829989242,2.766562241045155,0.44532976373288113,1522.795357147746,0.8857142857142857,True,SUCCESS,569,56.89999999999753,3,579401.1898260965,1314.792085190441,4182.866893624856,803.5226858111172,wet,0.7277596513846023,14.294326581817483,-1.7962210485304686,0.0016450523684938823,1.056365745578149,10.942759513216576,986.5479900926929,0.9356897306770171,26.899999999998478,823.3274363874604,46.499999999997364,51.89999999999753,169.0517889038324,1522.795357147746,3422.9817047400497,117.95987952706113,127.39666988922603,1807890166,0.5656687457838431,0.4025479649183274,0.6255629850826357,clean,61.62179647955591,11.928531941844492,13.30351209777494,7.934163044943997,15.929060614783353,29.055752336246087,40.00000000000001,9.299999999999983,134.19444444444514,-5.689999999999923,-1.2794631745257796,-0.4266795572813441,0.0,0.0,-0.003772896685277131,-16.10215040134563,0.0,11.90433224755565,-44.8058179452487,-20.148727439281487,-0.5514353813726738,-0.5250536385543124,84.85031186757647,0.0,5300099
best_model,-77.07955478640764,12.958160596985458,20.961694166389726,0.9793338734437875,-2.46050192885153,-2.4677809906859176,5.798260458989139,0.6525307335884739,1.3773666336578572,0.0,False,INSUFFICIENT_RUNWAY,1020,102.00000000003342,3,905878.5066580902,1314.9803837990012,3654.8026325547767,1739.3209659688387,dry,0.9062367693329498,5.321955088524813,-8.839648216040523,1.0118541015778915,0.36033891806027607,6.367007366467455,1033.411043942016,0.950827190832416,,,,,93.95454666070026,0.739266928844927,-0.6875715499961288,143.00604804601284,154.4465318896939,1363829547,0.184434904634308,0.1837879357284035,0.37877901877405423,clean,72.26659613409544,1.532479998568564,21.937999907116804,13.437532192869265,0.0,0.0,0.029570677153797117,0.0,0.0,-10.199999999999827,-19.03024495315687,0.0,-0.4524377212946728,0.0,-17.224473675845616,-45.6745446227659,0.0,0.013095499189162307,-33.636997093102444,-9.879001582493284,-0.19912954674195388,0.0,0.0,-50.0,5300100
best_model,-149.3581810676844,4.203934693100132,12.46590740710755,1.3051426638462562,-2.6832711483438585,-2.6352687030782387,7.801355372294676,0.5844851096993997,0.6724499919992013,0.0,False,INSUFFICIENT_RUNWAY,1140,114.00000000004297,3,841272.4931080528,1326.5014441527842,3889.93044298247,2737.486596297812,dry,0.925202863558415,-0.8906783273537098,12.251645733357686,2.590581066556343,0.905230892317392,4.736222194575433,1034.9192900354246,0.9232088155004946,,,,,81.44610848776223,0.5930889675137223,0.6517197153203824,137.32998162611798,148.31638015620743,1552555591,0.44929672212293364,0.7074024651155129,1.2729246069485254,clean,77.16289936932147,27.377787837126153,26.376381761520523,11.646137871977198,0.0,0.0,0.023723558700548885,0.0,0.0,-11.399999999999801,-2.2385884744877846,0.0,-0.597427207095954,0.0,-100.52011310873243,-44.677718787188546,0.0,38.3849648615364,-64.13138066309432,-48.307109451305934,-8.457738635961315,0.0,0.0,-50.0,5300101
best_model,-70.28422200448907,7.3804189073723,19.48100092404594,1.3672384014861456,-2.1113433569907647,-2.0870022719765386,7.987076421390623,0.5732449135677611,1.8497009124534998,0.0,False,INSUFFICIENT_RUNWAY,882,88.20000000002244,3,837257.9446610294,1302.680075618872,4374.108796825484,2390.5460537220556,wet,0.783186357130486,2.1924401396226223,4.946043598727298,3.4242845328253337,0.08519467384639667,2.7574974741169243,1020.7960366946983,0.932172055835003,,,,,124.26042328193306,1.5750590573038608,6.638984041785818,137.47964289016684,148.47801432138021,1193660152,0.21290421891388986,0.861565140744916,1.3059620900046196,clean,86.7716444202146,15.894552453799637,19.036087203920296,15.769533879270076,0.0,0.0,0.06300236229215435,0.0,0.0,-8.819999999999856,-5.338117158333254,0.0,-0.5073649984089142,0.0,-5.033390542676017,-33.7047170826125,0.0,20.637590531526968,-63.12058348778706,-55.47566095539782,-6.456798630296262,0.0,0.0,-50.0,5300102
best_model,-34.32943098759884,4.755747286655131,4.7717484656986615,0.16872205415419936,-2.707224661162133,-90.0,1.4440492140802015,0.057026816166912644,0.0,0.0,False,FAILED_TO_ACCELERATE,301,30.099999999998296,3,780844.6408253806,1343.700123892704,4139.00180903624,4117.406710877146,wet,0.7871361469488113,4.617570261047879,-15.291717533848123,1.7314345442944128,0.07974289872787832,-11.643629861496535,1015.4618628641057,0.8800305516471892,,,,,13.910832076539913,-0.1445504473076653,-0.10960431277047632,129.77883340644843,140.1611400789643,1583837466,0.8332395331108355,0.0,0.0053348671784234645,clean,0.014563549736441668,0.005919116914850321,0.01016150630688791,0.03598653849041429,0.0,0.0,0.0,0.0,0.0,-3.00999999999998,-0.7564174231792014,0.0,0.0,0.0,0.0,-0.6297723147744332,0.0,0.00012803890619311653,0.0,0.0,0.0,0.0,0.0,-30.0,5300103
best_model,-40.763827282769796,0.5363752663649602,0.5790178554459341,0.37497078530584377,-3.0825384867609986,-90.0,2.9708533089686053,0.4094068574350934,0.0,0.0,False,FAILED_TO_ACCELERATE,301,30.099999999998296,3,808950.9698635022,1327.5663100433003,4125.608123118386,588.1257791974165,wet,0.8840363929497301,2.3902819230997876,-16.258622920124697,3.973281201652435,0.09360505837915789,-14.619769311626198,988.4737324887648,0.9816461974225603,,,,,17.38002040103839,-0.17781792402320207,0.25219132653047055,133.16251428279284,143.81551542541627,1989705383,0.9972817746453684,0.0,0.01333468081014187,clean,0.028210818277820914,0.028410222299387885,0.015596646335155126,0.15874326237729958,0.0,0.0,0.0,0.0,0.0,-3.00999999999998,-0.00962191403742141,0.0,0.0,0.0,0.0,-8.04197629749134,0.0,0.06680997946931573,0.0,0.0,0.0,0.0,0.0,-30.0,5300104
best_model,-57.40834061873463,8.056063937372592,11.015362959307964,0.4682197103654957,-2.7955569171261407,-4.759646016046492,6.391939239439502,0.6205852237923486,0.07651310339861084,0.0,False,FAILED_TO_ACCELERATE,778,77.80000000001417,3,822640.9176079404,1345.2088951797855,4255.102674574338,2477.099928806395,wet,0.709240759047761,19.407517368731057,7.519122338772051,3.941070853764263,1.163668818561958,23.417041905014713,1034.1330459386922,0.9343685804922357,,,,,33.107061179597665,0.007489752621495427,-1.4380578286557455,140.1178575407529,151.32728614401316,1783473117,0.5483595118847786,0.1214917497575881,0.5160410281014507,clean,15.276115710661704,4.350538064622555,10.23541842335406,3.3128393080166205,0.0,0.0,0.00029959010485981573,0.0,0.0,-7.779999999999879,-5.61025880831571,0.0,-0.1779116811701748,0.0,-3.634477273662731,-33.58889371318317,0.0,5.017338229523727,-11.68816872872058,-2.7269345280227695,-0.3942452119430073,0.0,0.0,-30.0,5300105
best_model,-77.84744061920821,14.471750339691411,18.824389029148506,0.5565775244979978,-1.794558511455324,-1.8113803714582186,5.155050337688808,0.4634192869998512,1.6449421448769783,0.0,False,INSUFFICIENT_RUNWAY,832,83.20000000001846,3,789330.3940957902,1305.7820720798295,3200.3175904738023,169.58053190939904,wet,0.8355704492389764,15.278396423710888,-12.22282820809128,0.9660545791624449,0.06791943280103019,1.9013889913585338,1015.4066825605186,0.9947159423108544,,,,,86.96763605981127,0.7865770862215982,-2.760745252577852,133.6434463126021,144.33492201761027,187569999,0.14840275785276535,0.24276409944179372,0.562602624232028,clean,63.581649497124396,2.0256898757380317,20.393254603640553,10.153444207739437,0.0,0.0,0.031463083448863956,0.0,0.0,-8.319999999999867,-19.360784018678448,0.0,-0.11651252800404248,0.0,-31.425981876057243,-24.40570109818283,0.0,3.541988107965984,-27.551627060504696,-15.788092809905235,-0.6062306035329603,0.0,0.0,-50.0,5300106
best_model,-179.2754429002988,33.010196793286084,128.34831231479853,12.35975214574686,22.330772779865764,9.284802825869473,10.68520078920752,0.4295411389101729,1396.7025780117806,0.0,False,LOSS_OF_CONTROL,1302,130.20000000003844,3,603742.6704077871,1328.390557493672,4247.9668447578315,3584.9284331035,wet,0.6084311792029582,-4.607528073519825,10.976690291386301,1.7747559634105987,1.6793564824706673,1.0445323898194658,988.5987230314257,0.8687305447419325,32.79999999999814,1134.766821986519,60.900000000000716,,110.33168026617203,1150.4653877250662,-6053.277106598683,118.28011529366705,127.74252451716042,1134363177,2.462528778478037e-12,0.690720385703361,1.1482495761430804,clean,182.75164075189568,4.6429104818656555,19.3156411521918,10.616053090113995,34.1881242408546,55.8337538863058,39.999999999999986,0.0,0.0,-13.019999999999767,-93.16341859040759,-6.877530523067056,-4.670101645973502,0.0,-37.875382574218605,-35.047068894711046,0.0,3.200101708287895,-151.9154528455566,-95.33650918111226,-6.786717023976573,-5.131486932788046,0.0,-80.0,5300107
best_model,-230.85660185394408,22.492012243185275,114.312969828066,17.46685239793359,6.089400235693269,1.8061998417309886,19.330455054865546,0.564970234280978,811.2864731611943,0.0,False,CRASH,1300,130.00000000003863,3,744878.4470221548,1312.793640416723,3789.0790072092573,906.3448430768789,wet,0.8990669485148358,6.0079330408329294,-17.629839955509922,2.028973465333151,0.6303982701787767,-13.816756227966529,1000.3386577084221,0.9712158890244439,50.79999999999712,1302.857531154296,,,187.0567043962868,28.255717626857745,-3769.202572977296,127.20646515657442,137.38298236910038,1424658131,4.603548836233089e-09,0.6333934170101114,1.510968709829718,clean,161.94131193752597,4.235325517673234,15.37865451390625,10.805246992710849,31.075519918645313,27.134968267070516,1.1302287050742836,0.0,0.0,-12.999999999999767,-52.03153593461131,-5.180503811469876,-14.13519349374179,0.0,-37.23261069990092,-50.175568435261425,0.0,2.2405857540391225,-118.71540808692914,-78.43428003245668,-13.386115010073762,-2.5072279561417568,0.0,-100.0,5300108
best_model,-36.88574866388751,7.211321075604685,7.219652091787391,0.22197045671767593,-2.866968507874342,-90.0,3.7391451589342255,0.14471353625142291,0.0,0.0,False,FAILED_TO_ACCELERATE,301,30.099999999998296,3,714352.6156485829,1322.333609158544,4239.759639165358,776.2171529800227,wet,0.7559537958222564,7.58700737674139,-16.072065918763357,1.417304023631591,1.4099921113255836,15.391954632948163,993.6149583813875,0.9782742840480287,,,,,18.424357074343042,-0.13498301556785464,-0.07522324991690221,131.4793079704366,141.99765260807152,1633435129,0.6575917128709606,0.0,0.002314880919585616,clean,0.00465673648507689,0.0006094092244525658,0.0021040974451838053,0.02153230084226975,0.0,0.0,0.0,0.0,0.0,-3.00999999999998,-1.7392165164770608,0.0,-0.07801966656657125,0.0,0.0,-2.087415052279083,0.0,2.7438213665229136e-08,0.0,0.0,0.0,0.0,0.0,-30.0,5300109
best_model,-183.51304083563258,12.692304647439702,35.04893458070781,9.216020631782198,14.41506065438024,6.878478993967013,11.081698403797695,0.5882405488967063,623.7326458247626,0.0,False,CRASH,1526,152.60000000001807,3,712419.8576359828,1321.4983298568413,4306.993148847373,3975.002018223431,wet,0.779904335814089,18.843088648997217,-6.824099160988563,3.0719531843649404,1.4046185422367146,21.614745169536867,1029.5960135462062,0.8957389300353344,49.49999999999719,1879.070337127179,,,148.72065102496583,6.593432656163259,-2390.854903386025,130.30208450333348,140.72625126360018,1783082095,0.04215798549358483,0.6858289086041548,1.4249461954635148,clean,195.0562224757954,14.822138088592807,25.857528541348113,13.604648052549296,46.00964621015044,29.14201387350828,0.2637373062465179,0.0,0.0,-15.25999999999972,-27.31448393599753,-4.2107394673524885,-4.5543816912268795,0.0,-19.572086100447162,-60.853118067637396,0.0,17.73519540478564,-164.72073652138613,-112.1685560702249,-13.082096152703459,-4.267972781629405,0.0,-100.0,5300110
best_model,-144.75445082984163,15.036056877614396,27.401723405352907,2.2052583625043987,-2.5040925425693,-2.216356654596491,12.267537854487472,0.5165450852183464,1.3850893196604375,0.0,False,INSUFFICIENT_RUNWAY,824,82.40000000001783,3,868210.0375541174,1304.282287896922,3573.5518748488716,4847.818261984457,wet,0.7169506627669231,-2.5452679604355244,11.482460128848611,1.1271497606053318,1.4100280646561947,20.83659566536776,1025.4885147340674,0.8739733154752437,,,,,113.40317912531006,1.3477681592949011,-0.6819169822013293,143.95196840182132,155.46812587396704,1026363971,0.026213741327812852,1.1068017081447636,1.7676044153178405,clean,70.31104422373748,5.037330498558184,16.244337438942562,16.39074555356267,0.0,0.0,0.05391072637179605,0.0,0.0,-8.239999999999869,-20.69915525508096,0.0,-1.8389545273808559,0.0,-30.625111046247465,-27.556401081592973,0.0,6.127050783959284,-67.32508117638118,-41.14282970115388,-11.491308495330937,-2.877180454972567e-05,0.0,-50.0,5300111
best_model,-132.94566350287218,17.943652341268212,43.56335888019398,19.90718898585515,22.2402339171249,11.30251900681176,8.850280141484403,0.4266711082315748,853.2227542163605,0.0,False,CRASH,991,99.10000000003112,3,762643.2943304838,1332.6627654487597,4436.012078198399,3220.529087870957,wet,0.7740910288674341,1.139325174361617,15.061136983891878,2.131296862866731,1.590324910205727,22.155719943325842,992.3041234147656,0.91494595459136,53.99999999999694,2255.7082863829028,,,149.8468836713829,5.400353328542224,-1705.106699301308,137.44660206434196,148.44233022948933,1684190192,0.0022044320872332476,0.8842966924606699,1.1421815149225498,clean,110.72589038373616,10.18766549878186,18.747025228896717,17.715875732490936,1.3125293864618477,23.72036198894839,0.21601413314171955,0.0,0.0,-9.909999999999833,-35.45298749002237,-6.805519039939725,-1.805924749135833,-0.19153167281706265,-37.04110558453882,-26.179778410674082,0.0,16.09937945032801,-64.38926542142809,-39.263715442265685,-5.508473788248823,-5.122103706586502,0.0,-100.0,5300112
best_model,-42.03421495824759,2.015199247554523,2.0257570869514083,0.10821394743100533,-2.5915760043018063,-90.0,0.7767437218227365,0.45643981086587343,0.0,0.0,False,FAILED_TO_ACCELERATE,301,30.099999999998296,3,790840.2955264989,1351.5426245604742,3767.5286664385258,1173.8172576525246,wet,0.6800986392012495,5.274200003797215,-10.86958351016885,3.2496859793831203,0.1137827426953184,15.029873402007627,992.1591226463872,0.9674445544851203,,,,,10.246594494458957,-0.14824497691211036,-0.21891627152807847,138.35813544900316,149.42678628492342,517651772,0.9677412641271298,0.0,0.030130164929152162,clean,0.07080584111946932,0.06069919745837166,0.05292688605535127,0.26404689935086284,0.0,0.0,0.0,0.0,0.0,-3.00999999999998,-0.13581882557895986,0.0,0.0,0.0,0.0,-9.401580909568388,0.0,0.06470595291571608,0.0,0.0,0.0,0.0,0.0,-30.0,5300113
best_model,-189.30375494518717,4.54601147690133,9.150048199297665,0.8898162217041479,-2.4017290800796234,-2.3191546884063707,5.492501177763141,0.6803955444137031,0.37260589413926937,0.0,False,TIMEOUT,1801,180.09999999999306,3,726799.5684468434,1344.988715576127,4135.6781352185635,3310.9657873254228,wet,0.642378848915248,16.436356872995066,11.863311044250171,2.481034282946871,0.20840394966824105,0.031335863831770894,1010.2705690352636,0.9063181790082065,,,,,60.90722924011874,0.26874569442088614,1.171299189553876,128.1510568058099,138.4031413502747,1327458620,0.7200622463321226,0.2998279274178758,0.893497454985895,clean,65.69072393050594,31.997374950541406,39.8857603427906,10.626784362122162,0.0,0.0,0.010749827776835436,0.0,0.0,-18.010000000000016,-4.135540316329069,0.0,-0.07693576562586055,0.0,-144.48445684038106,-86.47937135023321,0.0,27.11047180548628,-49.45830717428237,-47.074353719864334,-4.906654997694616,0.0,0.0,-10.0,5300114
best_model,-74.44378659845813,10.956048683926333,15.429346851341604,0.5043088414491453,-2.8159443466800123,-2.772076825861267,3.862501376592692,0.7520506274042668,0.32985734848534776,0.0,False,TIMEOUT,1801,180.09999999999306,3,748928.9467158507,1328.3607127604769,3729.4269685182103,3632.429638156213,wet,0.7616023584690191,12.54401409731203,1.6950919431424127,3.5499612444638053,0.32055495784751864,0.5705570551230501,1033.8345615597561,0.8978331452298419,,,,,55.15058846194095,0.14845142896228936,1.348173518446929,128.71656033532588,139.01388516215195,1997738510,0.3203832418220454,0.1987681060076457,0.5432293730160225,clean,73.0141256651337,2.639629475963157,46.649451124870026,9.030714464712483,0.0,0.0,0.005938057158491596,0.0,0.0,-18.010000000000016,-24.020337775442176,0.0,-0.023721226649450915,0.0,-10.176331888315463,-97.84106490079286,0.0,0.0023603237065952095,-24.90015892472254,-20.0774059477004,-0.7369850463796829,0.0,0.0,-10.0,5300115
best_model,-200.67034542878807,7.898886080886345,14.44489119814021,0.9053813700528117,-2.992503937267989,-0.5197348207834364,4.716570586062553,0.6457839541284763,0.246549404361474,0.0,False,TIMEOUT,1801,180.09999999999306,3,924016.0680306652,1349.4515636869992,3263.9863381247796,453.8079513457716,wet,0.7706922410100653,19.426392328810234,11.517120499509776,3.0680196932100863,1.2547902240665931,-1.9362208868083375,990.3803122324086,0.9863648243353824,,,,,44.10523184987296,0.024396141288434592,-1.1918180044135873,145.4403190886482,157.07554461574009,2026648791,0.4964073472984185,0.1821807175455619,0.6621823778294559,clean,51.53032477991821,17.351755224009292,33.89669888769852,7.991958441675447,0.0,0.0,0.0009758456515373742,0.0,0.0,-18.010000000000016,-12.48541275279942,0.0,-0.05296884153054406,0.0,-146.15654404026924,-80.86680558221862,0.0,21.135714009148927,-45.286709041206954,-17.750777009936403,-1.9685553489291965,0.0,0.0,-10.0,5300116
best_model,-16.456745434102373,7.892083276806594,13.2449370907563,0.6561615226468002,-3.029292545836576,-3.0323643652273726,1.7621431260089384,0.6887502677613238,0.6339110960561811,0.0,False,INSUFFICIENT_RUNWAY,990,99.00000000003104,3,870561.8918843858,1318.0265698362439,3417.055788108598,4177.345984946394,dry,0.9238665371920793,1.3973591869440032,0.9093135458843715,3.284777581562797,0.36777104034107233,9.637892402381368,1024.542940583674,0.8866767813913272,,,,,82.19122483280357,0.6149246339791716,0.05938990465004679,141.57580795506254,152.90187259146757,1505489748,0.5150464480548803,0.1869942544476069,0.36328452491677005,clean,67.85640395258325,10.193136816112325,25.15535740609174,12.312707113094095,0.0,0.0,0.02459698535916692,0.0,0.0,-9.899999999999833,-6.851347629285529,0.0,0.0,0.0,-0.5569462796235511,-47.82865003987964,0.0,12.433111649988232,-19.094347687025483,-10.12446968840356,-0.0762980331135149,0.0,0.0,-50.0,5300117
best_model,-182.08124568760078,17.19274656034389,30.187764095469817,1.1314469329678882,-1.626393129082459,-1.76377643309892,9.349887564651649,0.6675907027393521,1.4326608481501353,0.0,False,RUNWAY_EXCURSION,509,50.899999999997114,3,786831.7105345061,1330.2030547753923,4162.5347983324355,2852.778553945195,dry,0.9499852203151161,21.517673395323335,-14.662667311377165,2.0788894545849335,0.8336717211881239,20.58193107834795,1026.684144622931,0.9240452608338328,,,,,108.81483369069939,1.2393914146250609,-0.9614979168446425,136.90334562345433,147.85561327333068,1807553118,0.019024294068639987,0.9452879076379531,1.9190525037906934,clean,28.15772268137198,0.3259803698480178,8.162512632347818,11.059894668702578,0.0,0.0,0.049575656585002424,0.0,0.0,-5.089999999999936,-16.717286883633584,0.0,-0.6960352931601961,0.0,-46.40779463882615,-24.26177811476071,0.0,0.001808515850889158,-41.87734049649715,-28.123141192967935,-6.665363592461135,0.0,0.0,-60.0,5300118
best_model,347.2560502055113,3.9003283540386375,9.121403945696626,4.96111338414288,8.364517952996344,1.6950858979650143,6.996877586267588,0.55454640951475,1330.0112007122777,1.0,True,SUCCESS,619,61.90000000000151,3,580219.2985428474,1302.5573190046125,4424.3002792555635,53.45039430414311,wet,0.6421146330843296,-0.699552109318704,-2.1744878959785807,3.978490898202765,1.4741637095510476,-1.8920215817691712,1005.4568104998261,0.9595023025226543,33.299999999998114,1068.6566885921127,56.99999999999761,56.90000000000151,191.33379834913413,1330.0112007122777,4288.135194743853,114.39155453259163,123.54287889519897,939148082,0.6582444268832076,0.39819604480623394,0.951871895367998,clean,71.74077392009954,13.464479233998285,12.297140675839193,8.581637315856579,12.299040191784366,26.88700696791822,39.99999999999999,4.999999999999998,132.80555555555515,-6.1899999999999125,-1.0462861584119645,-0.14681505521269098,-0.35596359939506644,0.0,-1.966963445755772,-23.438755122700726,0.0,17.000029453204505,-31.283103709446518,-24.829623031043106,-1.8973564509242016,-0.4014105683354141,98.73666403248114,0.0,5300119
best_model,-210.45492258658754,8.201718153948779,15.281817437046113,1.344772943345484,-1.7208253409384684,-0.4459634494965132,5.86479891711155,0.6216823047527036,0.8296139573394612,0.0,False,INSUFFICIENT_RUNWAY,1449,144.90000000002507,3,674776.8888616331,1340.1768409598697,3457.9453804766513,3923.6464612301093,wet,0.7762557808361039,20.147336149385435,5.186587614880434,1.1057085138572034,1.228705774547158,8.900533444184859,1002.3770955572548,0.8929489553367609,,,,,54.48921581840709,0.19917559378245642,0.16691521011952482,125.8579020351345,135.92653419794527,1774101998,0.3305839570574827,0.6129855480013925,1.3315150427246767,clean,68.2006843742359,6.37360495898858,29.530415096090998,9.878097980653596,0.0,0.0,0.007967023751298251,0.0,0.0,-14.489999999999736,-10.830177088966867,0.0,-0.35025020510649146,0.0,-12.187947418878451,-61.577445606473795,0.0,1.9815248688011373,-86.25682553380769,-79.80706091192697,-10.927510123947572,0.0,0.0,-50.0,5300120
best_model,-240.40350596501224,19.51271214520706,50.212987670562434,28.91120395702608,17.639270089390735,5.568694349015319,12.438521701041953,0.5147017901678446,1122.7112850964927,0.0,False,LOSS_OF_CONTROL,1390,139.00000000003044,3,615437.7352880805,1308.4586880639415,3509.7486058048653,2359.9039790437887,wet,0.8198993072129063,21.97195437526952,2.3901653592410677,3.0402186101381496,0.5407152402297022,9.019450888459446,994.8461679933386,0.9315137221107418,30.499999999998273,943.6854383697695,70.00000000000796,,159.80431384651246,106.74343703871182,-9145.10506387414,120.67490428143114,130.32889662394564,815623546,7.5766690436198e-05,1.3973707607137413,1.503762651105584,clean,177.9077735215656,8.431413428596224,25.35447483008142,9.14257462943075,39.27779211259722,46.01866446155901,4.269737481548497,0.0,0.0,-13.899999999999748,-58.804094445975316,-24.16659960686792,-2.743977278281206,0.0,-18.607050247911072,-46.24968014045283,0.0,6.840943144619029,-160.26261869391024,-122.73711075237834,-14.242772619405697,-15.93297578982347,0.0,-80.0,5300121
best_model,-95.04637432967795,6.976666980454675,10.80133884380141,0.7641745977896384,-3.4554331031946157,-3.383570445223686,4.964421326447041,0.6795818353778171,0.35057349241833435,0.0,False,TIMEOUT,1801,180.09999999999306,3,886583.4652576476,1320.910043263706,4442.182408725813,3181.605088057332,wet,0.839866913642959,22.32257158866828,8.715781894812949,1.5465062560937457,0.7546482435623243,-10.521868038560505,1026.1898616463845,0.9065795964658696,,,,,57.77288153718147,0.1838571572170622,-0.08682774752495348,137.84101948927702,148.8683010484192,843781884,0.6159318829710431,0.12455436300607249,0.35568684212240415,clean,72.24283407215904,18.145086957751197,47.64993745252704,7.204796541124015,0.0,0.0,0.007354286288682502,0.0,0.0,-18.010000000000016,-9.740184640361766,0.0,-0.049810159332888605,0.0,-103.28953183496988,-86.05942070929957,0.0,12.063749326112339,-17.866714867622875,-7.002513850436729,-0.34195690361728726,0.0,0.0,-10.0,5300122
best_model,-207.91711296994794,23.13282706781503,61.21408400936528,12.28344226039223,31.585222620887574,12.929187989658177,6.7575028486340045,0.4227597281906778,828.9058807888805,0.0,False,CRASH,732,73.2000000000105,3,607270.0285787679,1345.8591782858618,3226.105836675113,4602.892324584024,wet,0.6233639269181538,0.4986403570130795,16.87091248819517,1.6486505171013834,1.0390872077490858,6.129014522449975,1019.2818606915256,0.873817505895086,36.39999999999794,1199.6960368168784,,,136.35952207399757,18.42696555157181,-1983.8297155368582,117.8485408411076,127.27642410839623,2106029765,0.00013657838157156123,0.8010769957086716,1.321357454088968,clean,68.69719227108263,4.486224294744564,11.839524166827049,12.025503407033117,6.389743721232762,17.328574191085824,0.7370786220629002,0.0,0.0,-7.319999999999888,-43.500047434789444,-3.4065074092185306,-0.6219098725887214,-2.7404086423764347,-35.11757200836781,-18.62379321514683,0.0,5.452640143931575,-64.8899979721526,-50.90163178951552,-5.062711933490268,-2.689013510301477,0.0,-100.0,5300123
best_model,-34.74929395627479,5.805405618781211,6.518879644224361,0.22376482524510014,-2.9853570201115622,-90.0,5.967324257841858,0.028889514877154545,0.0,0.0,False,FAILED_TO_ACCELERATE,301,30.099999999998296,3,859333.059792146,1340.7921582824417,3579.4049223349007,749.6102940808503,wet,0.8929716701433862,2.5781855385873884,-17.734525849994604,0.16558112241795042,0.17125290808904814,-14.466124085594751,1024.438549755872,0.9767610478697529,,,,,18.68967353247724,-0.1524970109564947,-0.0003217751344092301,134.85380246657726,145.64210666390346,1681418136,0.7547343168608098,0.0,0.06782046822586173,clean,0.20981626268146775,0.05169885228242573,0.05771334551444846,0.16179769247323975,0.0,0.0,0.0,0.0,0.0,-3.00999999999998,-1.127169228219055,0.0,-0.5283507723934859,0.0,0.0,-0.5649091085235782,0.0,0.00010899990974894502,0.0,0.0,0.0,0.0,0.0,-30.0,5300124
best_model,-127.02305578255793,4.159591794933516,11.87418668789206,1.0367457248994796,-3.021152071401663,-0.8805987452212829,7.21185157964085,0.6462118326081442,0.6291174798216161,0.0,False,INSUFFICIENT_RUNWAY,1164,116.40000000004488,3,873761.9752044,1321.0648854629833,3621.8714766770386,2027.9111561836062,dry,0.9275587061404004,6.7140029742802,9.47814536928899,3.614580070538282,1.3418674335501026,-10.686703373598894,1024.9243351535815,0.939479181780282,,,,,77.64863765729068,0.4610605543036854,0.9154901804162563,136.88448495367072,147.83524374996438,301807366,0.5264460634283114,0.6017495593503029,1.2366635442185951,clean,71.8199518757394,26.392254088122,28.206280936734103,10.1832224781934,0.0,0.0,0.018442422172147435,0.0,0.0,-11.639999999999796,-2.237751704461852,0.0,-0.4458386096937649,0.0,-74.09937662102675,-51.89779698099261,0.0,34.40144769802182,-47.55065328252206,-52.53733472675315,-7.6359033560900835,0.0,0.0,-50.0,5300125
best_model,4.845654835181207,18.529061528741128,77.455719043248,16.63571336519332,25.493889322285067,2.357071223288035,8.255901561465375,0.39115660087170845,2126.9051341685836,0.06437768240343347,False,LOSS_OF_CONTROL,1562,156.2000000000148,3,717031.4632047317,1302.9119712433815,3861.9006257080628,1748.657680163906,wet,0.7077616886492486,-1.138517093565139,3.8936049010998874,1.4952590108929797,1.456599133706391,-3.8273178767831872,1015.9875662449567,0.8975884767486504,39.19999999999778,1498.4052740806123,63.10000000000247,,144.2851548129393,1837.0188032929834,-5547.234082813036,126.07571818228138,136.1617756368639,1817813231,3.341451538076793e-05,0.751303176265581,0.8476929793879071,clean,237.8397528050742,17.53032230168981,31.72145388583045,11.775559318520463,37.269623361683536,66.84805630594137,40.00000000000003,5.999999999999995,0.0,-15.619999999999711,-56.671546731017926,-12.829276875624199,-1.3173488900609038,0.0,-5.547431504883326,-36.5837170643187,0.0,24.98558651813131,-150.37048155890392,-100.67322765852339,-3.3955749290944177,-6.1160944492597125,0.0,-80.0,5300126
best_model,-89.31362373011038,19.379982618438426,44.44782432011075,20.19497957376188,18.90395198312544,6.391013559904584,16.632336581878544,0.4974323671924162,1335.5972470485137,1.0,False,UNCLEAN_TAKEOFF,632,63.20000000000255,3,593053.4751795285,1316.9450204968343,3637.5743467568564,761.7220462350189,wet,0.7317331972814297,0.8649503206163569,19.037515145655927,0.08275065385113622,1.1997412144042097,-11.609875710402001,989.9441598239181,0.937224230729022,26.69999999999849,840.1715712623113,58.29999999999865,,179.67506837268584,1335.5972470485137,4508.334818865108,114.55695009291516,123.72150610034838,466925971,0.0007277896610300473,1.1842989275089382,1.939399369397674,clean,73.3831408249845,4.014170297199449,7.486184072706806,8.16459501958795,14.748224295689033,30.801823091085417,39.99999999999999,4.999999999999998,0.0,-6.31999999999991,-26.37432389065516,-15.267122336129205,-5.347023249102983,0.0,-25.44831840652733,-20.30531981434998,0.0,4.370452982422636,-75.45761871850321,-54.54832802962043,-11.274003948499985,-6.940155920396403,0.0,-30.0,5300127
best_model,21.998902605048713,3.1853029209109764,10.087957488548108,1.4890992888981418,-1.767275408189518,-1.0606704054034202,3.609680048901396,0.6748383472795066,2.159411622087646,0.0,False,INSUFFICIENT_RUNWAY,805,80.50000000001631,3,828127.176641193,1306.339675746275,4158.410475879162,2776.359631908528,dry,0.90472968973442,4.831320482961539,1.938246240052539,2.074493651174825,1.5254793269202183,-6.493088583318549,1014.4173339750164,0.919122564551246,,,,,131.47003073189748,1.8084940426251706,-3.3911138314729072,134.958791671884,145.75549500563474,1541125389,0.7413100368518292,0.33205281270818277,0.5898658007445479,clean,82.49670029186113,21.98581011728823,20.083210573371648,14.943899485739092,0.06249465803410099,0.0,0.07233976170500686,0.0,0.0,-8.049999999999873,-0.9075171702067794,0.0,-0.0017779596853099273,0.0,-0.015222404481639638,-37.98826562436196,0.0,35.53782640169102,-33.466163701058484,-22.111249555519212,-0.6431822693279154,0.0,0.0,-50.0,5300128
best_model,-200.23723958286,20.52653961200028,60.987029366450855,18.76170083218165,21.24550942689723,6.835555030246439,19.83980045817952,0.4780137120924276,1669.3153553201328,0.007658643326039387,False,LOSS_OF_CONTROL,1662,166.2000000000057,3,681167.8304088388,1308.202973882544,4418.557124406406,436.1453307063928,dry,0.9108163373618762,18.73476812251873,3.364203949431712,3.007957872192913,0.7899639169600121,13.04665890139502,1022.9106795433868,0.9785080213412608,38.59999999999781,1227.4636203117582,74.90000000001186,,170.2768080095547,325.6171338235677,-9727.092941904331,126.04745183929263,136.13124798643605,1283920234,0.0002211669284458795,0.6913311707086713,1.3727362235149478,clean,220.38144975893977,10.837374156007044,26.369716702689182,11.791600180163838,33.66681718262559,62.52764497540254,13.024685352942676,0.7,0.0,-16.6199999999998,-77.79396834681668,-11.61628348031625,-8.871200677425685,0.0,-21.006003594585557,-51.73849958290405,0.0,11.504846742249837,-193.8719658962606,-109.02126121375815,-13.701118087093928,-6.801073754715028,0.0,-80.0,5300129
best_model,-97.29214798457178,13.416670405196633,30.08168368174266,0.454434629347144,-2.277040195047315,-90.0,13.950141072929682,0.4638793748668116,0.0,0.0,False,RUNWAY_EXCURSION,234,23.39999999999867,3,594872.22593947,1336.825403085317,3730.345159576677,1119.445590486517,wet,0.7803635285636887,-1.2939095183182578,-14.248063515761478,3.9450751582010373,1.1986383482843463,3.3219676525247657,1012.6665314930049,0.9676339534511126,,,,,40.25204293431369,-0.032498944326562196,2.711503373744142,116.46027236502685,125.777094154229,1343910279,0.10098864394826369,0.19164814952460824,0.8310637268720086,clean,2.6938255148260137,0.18968998329573922,0.1113827259316849,3.6989799855113947,0.0,0.0,0.0,0.0,0.0,-2.339999999999994,-4.680183163803656,0.0,-5.467803270132562,0.0,0.0,-7.405577765731465,0.0,0.0038809326074913503,-22.071006663471504,-1.5899751442228856,-0.4353611193820363,0.0,0.0,-60.0,5300130
best_model,-46.36716132660239,8.576245029641916,9.151462091280738,0.04954486995376483,-2.9485050108791646,-90.0,4.606906246367138,0.5701458014853109,0.0,0.0,False,FAILED_TO_ACCELERATE,301,30.099999999998296,3,791977.9517232117,1332.0248414463247,3860.799832967575,1200.8696014324898,wet,0.7530188412495696,17.582988840011403,-4.090065243897582,0.3618877968141536,1.6551408946588402,-14.92536457189615,1014.6186765147698,0.9631121778453111,,,,,19.919718488294812,-0.13929916578354096,-0.005019225590728308,129.9767981130727,140.37494196211853,166038265,0.5467090611721555,0.0,0.05780460611518832,clean,0.4385140764573478,0.02634351928474242,0.16269391942797926,0.461642414280184,0.0,0.0,0.0,0.0,0.0,-3.00999999999998,-2.4599050690384185,0.0,-0.17927062178204156,0.0,0.0,-11.807179642492988,0.0,7.726081406333216e-08,0.0,0.0,0.0,0.0,0.0,-30.0,5300131
best_model,-90.10008225541351,7.377143986604864,30.189110806332828,0.9127519511743495,-1.80413151293817,-1.8010147130404206,9.710457420555848,0.6146860816345507,0.944912744348585,0.0,False,RUNWAY_EXCURSION,346,34.59999999999804,3,689135.5073979116,1341.0266131823716,3542.471825398004,1793.9446199688225,dry,0.9396880255286337,7.663115156194161,-9.295414712821925,3.597739238588755,0.34297169236502456,8.977235560586028,1031.0769001422793,0.9497051358626301,,,,,97.83747374603247,0.944912744348585,2.705057070089083,125.42346754910868,135.4573449530374,1905727959,0.19421891624304585,0.4960918187755584,0.7665792552252064,clean,10.394328638152356,2.802959674277008,3.3275132772528693,8.190418789971925,0.0,0.0,0.037796509773943374,0.0,0.0,-3.45999999999997,-2.0922332973431894,0.0,-0.690224748788486,0.0,-9.62378064712802,-15.066212834305157,0.0,1.5619398556785538,-12.343878417107597,-12.442538794601019,-0.6961702612467401,0.0,0.0,-60.0,5300132
best_model,-142.21266228953053,19.56296454086961,40.21195940603853,10.981390029460986,29.662744732788855,16.016985418881518,11.551351910388581,0.47957672025688775,1965.8435792571133,0.0,False,UNSTABLE_AFTER_LIFTOFF,1535,153.50000000001725,3,653231.0779067292,1344.6453911616288,3908.58158255552,22.02295843762192,wet,0.7809962595092594,1.8044193247672595,0.7721879085916683,2.981837472749448,0.014914545904843424,14.323109558796453,987.0104959683973,0.9762934716975241,40.39999999999771,1228.0296557758447,62.00000000000159,,91.69194840183657,822.9527906441339,2227.313492636037,125.92637638597888,136.0004864968572,412655801,0.005343851946638763,0.6898965645564578,1.088539993367013,clean,190.97727541198515,11.753316588729442,26.85145967583671,13.10139722050336,37.10321059366878,54.05331719888464,32.91811162576538,0.0,0.0,-15.349999999999717,-65.27324531088212,-6.440719015981743,-4.62098022799646,-6.51653920942422,-22.370303582465034,-46.68423525838511,0.0,9.33293016605134,-152.99987684295584,-118.29995134222389,-6.1944579765511305,-3.553372004085824,0.0,-70.0,5300133
best_model,-95.75993694487269,4.009236179566133,10.20679345115034,0.7138295163054288,-2.481811903157988,-0.9143981396119073,7.81800257980032,0.6497843834354075,0.21490276303029532,0.0,False,INSUFFICIENT_RUNWAY,1496,149.6000000000208,3,690744.4622596463,1342.0109865451684,3724.988170253456,3006.3319515982453,wet,0.660833732879362,1.9027165431293405,8.054673087174084,1.8969750211942968,1.3005576003697943,16.851622282161706,989.7706987001826,0.9191688833730405,,,,,51.29269945406027,0.1920382596217678,-0.8415204891390893,129.850393902303,140.23842541448727,2021338720,0.7291039558225607,0.29544240442922487,0.7831294941382614,clean,73.56619453284854,34.354870547223605,37.688217462297196,8.556888415413551,0.0,0.0,0.007681530384870706,0.0,0.0,-14.959999999999726,-2.671851801815441,0.0,-0.41593093888340554,0.0,-61.895722087938125,-66.4910545238712,0.0,31.378549952763926,-53.31906919714061,-28.592625282548447,-2.9660855536067654,0.0,0.0,-50.0,5300134
best_model,-100.31875127178299,17.82234424295961,72.3898428851173,38.84023954985526,15.037283181904577,5.9257731780107665,13.33206847144097,0.442401501285948,799.4781396147209,0.0,False,CRASH,1321,132.10000000003672,3,637740.9714877544,1311.3819836111236,3786.304459372199,4944.2250024695095,dry,0.9456819430832623,-3.967368105368767,2.5875273252278164,2.652393006471284,1.934256648537834,4.183628665365298,990.2513314783615,0.8637232309010836,41.59999999999764,1530.600639266637,,,160.32864983073705,36.76509615830764,-2727.5501608615045,122.12079359847013,131.89045708634774,90719614,3.482214746310027e-06,0.876403195312398,1.4870490693593077,clean,195.64354642764133,11.36916877690298,25.2968965246146,13.401189283994096,33.313874943402254,32.99052510511294,1.4706038463323445,0.0,0.0,-13.209999999999763,-45.710453521268754,-6.872313648272626,-2.0072214145835043,0.0,-8.866260002589964,-35.36961727033024,0.0,10.688264191668537,-126.00402210698606,-75.69985766422369,-6.803616384486877,-3.9494583587078953,0.0,-100.0,5300135
best_model,-93.37617672111092,12.052303346569442,30.087733481422077,0.9721161167761575,-1.7340375983262217,-1.7242397538152188,4.417030449528165,0.48871622280395505,1.9170085321156876,0.0,False,RUNWAY_EXCURSION,412,41.199999999997665,3,714584.0765110955,1305.7744402181886,4447.054465255596,2731.190312573501,wet,0.7375142278425051,10.313621153097676,14.765646331156976,3.630829719855327,0.7810237623716298,17.314307046653646,1002.5493052406324,0.9263867062574778,,,,,131.4247281188742,1.9170085321156876,6.614448292681594,131.3272407723528,141.83342003414106,288977823,0.12509554949334906,0.24843759836076743,0.6157548202070886,clean,26.137408680511456,1.7025360101191482,8.794144198374466,14.444803213916279,0.0,0.0,0.0766803412846275,0.0,0.0,-4.119999999999957,-6.649589174953811,0.0,-0.06744036512973019,0.0,-24.648658280987277,-12.292003865449017,0.0,0.11908727525368781,-29.144909896810052,-7.385611010218217,-0.34262384702256865,0.0,0.0,-60.0,5300136
best_model,-37.73302679870668,0.31322386484561104,0.3137179967255277,0.015082448178125254,-2.8264550965720123,-90.0,4.918951241029863,0.253877967398032,0.0,0.0,False,FAILED_TO_ACCELERATE,301,30.099999999998296,3,757991.5422383852,1333.1002873199861,3560.2688525208696,1928.2843014042085,wet,0.8431352253263997,2.8445969092147614,-4.597713488945003,0.5296432099244526,0.3671134067385753,-10.8889590086809,1030.1713329860982,0.9423107596382774,,,,,5.842338396241023,-0.1758222167823078,0.007859885838163052,127.12256921309043,137.29237475013767,203296340,0.9992090760049085,0.0,0.00010133683751637742,clean,0.0007142106215086132,0.0007176031591773981,0.0002052872801361962,0.00020600140304511482,0.0,0.0,0.0,0.0,0.0,-3.00999999999998,-0.0032812073380172587,0.0,-0.5540948176305058,0.0,0.0,-4.169251515408691,0.0,0.0017576392066686408,0.0,0.0,0.0,0.0,0.0,-30.0,5300137
best_model,-64.80019951904424,12.860139654034102,15.974995231638633,0.19078587072422745,-3.024030293157762,-3.3311066772258635,5.382586547782575,0.6747657991319461,0.07126729439545443,0.0,False,FAILED_TO_ACCELERATE,575,57.49999999999801,3,845011.26730502,1336.6823950585185,3348.9543681091,61.50230008658608,wet,0.7293905897089326,22.961727358085113,-3.3937734117170826,2.4430982119825617,0.8242878566775542,-9.92004454887434,998.7619299462488,0.9977793743527488,,,,,43.41730453544917,0.01750469110233155,0.206799772128341,136.5535485044006,147.47783238475265,1656051737,0.23590286545104644,0.11042499068199771,0.5655535907715116,clean,8.521701105988532,0.0907438650464503,5.46379391940855,3.061580977025167,0.0,0.0,0.00070018764409326,0.0,0.0,-5.749999999999922,-10.566148372747163,0.0,-0.09997177461121064,0.0,-5.027406100044824e-05,-27.57915920129104,0.0,6.704188252179284e-07,-6.099282746805593,-1.5150468524234675,-0.32906102263626513,0.0,0.0,-30.0,5300138
best_model,-112.51268131416455,24.674193069583954,47.852063666981415,19.873009183661264,20.49680336695526,7.050566963613021,11.257394432362403,0.5536614091085242,1673.1276319580852,0.5050505050505051,False,UNCLEAN_TAKEOFF,654,65.4000000000043,3,588374.8593695686,1327.5276353024092,3896.3082317379994,1817.0774602622364,dry,0.9674321179045903,24.504991682619718,16.647693101418547,3.6059427831577087,0.9560246213415102,-11.750929378043269,1012.1119188392627,0.897419220410636,25.499999999998558,630.416129750102,55.59999999999685,,171.85936781630733,1673.1276319580852,5135.161669861789,112.81889988657781,121.84441187750404,397331372,4.306684600911465e-05,1.5143592339318939,1.58144603503183,clean,68.61079034532412,4.584250813782972,11.604779602664095,7.298073518835938,9.666147735942934,33.34423628007722,40.000000000000036,4.999999999999998,0.0,-6.539999999999905,-44.24061506415098,-14.633256307689301,-1.7953783559492005,0.0,-23.389414326328986,-24.39324895618269,0.0,3.938549856817895,-70.55812988751754,-67.06273986508025,-7.047082641091342,-6.899644063617809,0.0,-30.0,5300139
best_model,-107.17191946670263,8.232125432871161,29.583706232047717,23.84255602656236,25.018844640648915,16.248571691980953,13.521349480628059,0.6009022192757205,495.91058649766205,0.0,False,UNSTABLE_AFTER_LIFTOFF,912,91.20000000002483,3,818811.9042215459,1346.633194593244,3575.571529550846,802.0250919685973,wet,0.8825674285171923,-0.696793545167095,-5.8082184276598365,2.6986501201529087,1.1660259141875664,6.46811812058489,1011.1381242428536,0.9631787452201102,72.10000000000963,2328.1375517100937,,,120.03468908578293,491.5507100479397,-201.53810655063012,137.47297906691753,148.47081739227093,471188987,0.031274663217648546,0.775066653192944,1.1906194638786165,clean,74.42657453955707,15.011030625592019,15.722287297043488,16.371814592224506,5.046139726431762,11.849885644402098,19.662028401917595,0.0,0.0,-9.11999999999985,-6.867146099775784,-23.924045059984085,-3.511322454315691,-6.218652046836206,-15.887200095324442,-38.267979351733125,0.0,17.612001487651806,-57.58821791263546,-38.11389398407201,-5.645154284490673,-7.7300704923548835,0.0,-70.0,5300140
best_model,-194.49258040687073,8.838963389117502,19.418187317035382,1.3979154120300887,-1.7288863613706749,-1.5825313323718484,9.082828883478303,0.5373355440103288,1.535087163920707,0.0,False,INSUFFICIENT_RUNWAY,915,91.50000000002507,3,862481.5139693569,1328.6558400260512,3750.341930614645,3859.29160399688,wet,0.6584862470685818,-0.0936658932587413,17.97234622528758,0.8949018724822291,0.9041102688460683,-12.052439573115649,1018.9738273048897,0.8870153979567809,,,,,104.73758080382683,1.2028846529237853,0.3675312645860096,136.05842990158337,146.94310429371004,1267991603,0.16307784910098727,0.920396348527034,1.6544773188897293,clean,74.00062382559011,9.767589930172868,16.43793910929621,14.492728000081526,0.0,0.0,0.04811538611695146,0.0,0.0,-9.14999999999985,-7.94293950240623,0.0,-1.2477584561281383,0.0,-69.16415106953235,-32.45881155633473,0.0,7.285840593549814,-76.59611854018692,-57.77594525137335,-12.189692875715018,0.0,0.0,-50.0,5300141
best_model,-248.78742662920126,23.78542135694027,58.11419168689836,13.943316064247075,26.147178169259007,16.265553827215506,15.666199759132502,0.5200397212436233,1154.9373438578184,0.0,False,UNSTABLE_AFTER_LIFTOFF,1311,131.10000000003762,3,591275.0273260816,1350.496396131652,3597.222412070791,998.5388999369737,dry,0.9571710186144327,1.786675307942705,8.72322235565823,0.7410884311450521,0.708529818153576,-4.569488425261735,1023.7610916407523,0.9552383866587335,35.79999999999797,980.4991705970477,69.20000000000732,,95.0512564719122,519.8881396836542,1182.0228609097312,113.90280949918865,123.01503425912375,1230985427,0.00019562870637400512,0.6098754395205357,1.3705408485898318,clean,143.64229277172572,8.5283170656397,17.541094726844694,9.880004815627343,46.6052857763787,45.40175096618749,20.79552558734619,0.0,0.0,-13.109999999999765,-82.41037320286081,-12.415975379911192,-12.84685151712967,-3.37374134152209,-34.577687559047895,-44.88609104105244,0.0,7.038209135574883,-163.9365748169286,-95.3039734626023,-10.340224001306014,-5.018415152161416,0.0,-70.0,5300142
best_model,-307.45888286135875,22.565867243651947,40.37803523628657,12.39018643562588,7.261761398432079,3.6198925877243506,10.44920601688554,0.560850228892497,537.5060484447673,0.0,False,CRASH,823,82.30000000001775,3,689122.2456650382,1302.0725920412153,3311.593400993758,590.5534861802508,wet,0.6933579625276309,16.416958192059397,-18.463655213444895,2.0803043916574193,1.4099867982368017,5.662526208557299,997.7366792283041,0.982269887330922,37.39999999999788,1326.9254510307608,,,157.55188848656647,18.727910427925963,-2474.5644682389357,126.78740309263466,136.93039534004544,246111121,0.0006289659870069549,1.280571449041569,1.781043056443813,clean,86.52078610279611,3.103906890976264,11.626857287928198,10.23104417137417,22.464548069496423,19.41217240423505,0.749116417117031,0.0,0.0,-8.229999999999869,-46.5651904387818,-9.812989070321555,-3.4091662564710616,0.0,-52.535124744440445,-31.070596482041342,0.0,3.3557587972550573,-106.77455337925294,-87.77350647324155,-11.586722608115908,-7.165223549867935,0.0,-100.0,5300143
best_model,-134.4697517706143,14.725866052498628,22.792697803247222,2.2600415776699814,-1.8172754096148502,-1.746592146654715,9.977626192142974,0.55894139568678,1.821992546236288,0.0,False,INSUFFICIENT_RUNWAY,834,83.40000000001862,3,836542.0070887366,1305.659869964217,3707.2802374119037,4418.667655155497,dry,0.93840007002522,-0.7719530566411557,12.296771889677949,1.3131487806669675,0.41461568776442315,-14.716543813105263,1028.0001510949292,0.870333622455427,,,,,124.50053160618549,1.7236462542314257,-1.8211565281750808,132.76203506258958,143.38299786759674,340903682,0.04220514249360865,1.0340710915110551,1.5604497776758601,clean,73.73557567996737,4.864106604574524,16.963667814718395,16.57949320225706,0.0,0.0,0.06894585016925713,0.0,0.0,-8.339999999999867,-20.09487147230817,0.0,-1.1770209901454756,0.0,-32.49305942969786,-31.003848323939298,0.0,4.795083027744317,-57.89457147149504,-40.841356741135364,-9.631895521323274,0.0,0.0,-50.0,5300144
best_model,-52.78495474253056,10.312875594805439,13.638606431792319,0.2303450547002972,-2.9806908115764634,-0.8644426360755151,2.997801086999619,0.6631990249093243,0.14964098602024478,0.0,False,FAILED_TO_ACCELERATE,1472,147.20000000002298,3,847333.3613042939,1339.2598843102867,3374.8266213276,926.2220309073177,wet,0.6362251926371095,6.69318085578883,1.3275792858814817,0.5944454952206017,1.244834613919984,-8.919190344730685,990.2403870525674,0.9719966337513819,,,,,22.69989263362072,-0.1228860953867752,-3.329186983425103e-05,137.5749267863766,148.58092092928675,1400363559,0.38535418832240703,0.09055950395999626,0.286241330481594,clean,41.68845072837222,4.602433934212702,29.464250413253897,5.918790177164574,0.0,0.0,-1.2197274440461925e-19,0.0,0.0,-14.71999999999973,-17.395017029550004,0.0,0.0,0.0,-0.005915800823995405,-66.77719657203339,0.0,4.412850494794025,-7.8375152708064455,-2.0764091359489143,-0.05967668116521295,0.0,0.0,-30.0,5300145
best_model,-73.75914078129229,18.99948170252215,90.37673515691755,47.34254191934815,10.949010473241362,3.48792996157749,17.459436181379544,0.48185870281683524,1501.5650935731487,0.03571428571428571,False,CRASH,1527,152.70000000001798,3,719430.6753198262,1316.5645123844306,3591.326484459429,770.9798906636106,dry,0.9290481826604692,11.65495117846929,-4.588935772207996,0.7658841242105274,0.5857316670512986,3.5034616486476935,1001.1477302813402,0.9764551405085984,36.59999999999793,1314.2673534327282,60.40000000000032,,167.08277715569176,38.489750939124974,-4110.162206630755,128.84861275922853,139.15650177996682,1572151902,3.755609283613083e-09,1.4880901226364223,1.7382116033721138,clean,220.83568849319047,20.293513799017752,33.74498075441702,11.113109226638295,41.99464407098246,53.1052478932796,1.5395900375649902,3.3000000000000016,0.0,-15.269999999999719,-56.663492137283804,-15.015545232828197,-4.327605390420799,0.0,-9.653981834273253,-47.348282950647494,0.0,23.639054645108587,-148.66269850599545,-74.88393315523423,-6.02339301312961,-5.476037481675306,0.0,-100.0,5300146
best_model,-126.09850798485203,17.79618211271013,58.9785707181272,18.646606637593564,20.241948590996476,8.7702909904192,16.10219089385235,0.46259356824762143,967.7277607540268,0.0,False,CRASH,1433,143.30000000002653,3,636128.8847745915,1323.2738588185373,3848.5401528756342,3902.9443187738093,dry,0.9960883447753699,4.973842366823668,4.600068243095996,2.2982251111753764,1.6461781631253924,24.293689587819173,1001.2105987549976,0.8975861272931112,37.499999999997875,1288.2118810352606,,,156.5669588906088,37.77932429192151,-3578.0684097582393,125.39970212774726,135.43167829796704,489353740,0.0006486795251698051,0.6379884245690769,1.6213259189298765,clean,201.10046433460928,5.134481766675231,28.145871611511424,12.913561805931478,42.26086377040678,40.22531005700187,1.5111729716768432,0.0,0.0,-14.329999999999739,-50.42633023680774,-9.253270045874766,-3.9308008745797585,0.0,-15.03483862701527,-41.3458829651152,0.0,1.7033660279332827,-126.8770819864072,-74.55328752639645,-15.729901985484334,-7.61220608291445,0.0,-100.0,5300147
best_model,-301.2956443688628,20.132000834639893,45.07118575420005,13.17139482238875,17.617191411498585,8.459718036605125,17.86389805592466,0.460775292913681,1147.7873117819508,0.0,False,CRASH,1767,176.69999999999615,3,670754.6927355052,1336.7335458351552,4172.223446552767,2634.296414452653,dry,0.9375076087945395,15.485404301945103,-16.123851495259917,0.4722449737624026,1.8714620587348272,4.061888328181972,1034.3024765613663,0.9253908896538916,43.89999999999751,906.8984597955971,92.40000000002578,,139.48431939320085,16.16528904172128,-2408.7965005751003,122.52023049768357,132.32184893749826,754102273,0.0022467282036269347,0.7699845876043501,1.5321948194164892,clean,216.80205060566232,10.270004420161351,19.64838873843262,9.29012397658126,49.636421531619476,43.25392548920426,0.6466115616689039,0.0,0.0,-17.669999999999963,-79.57340084329977,-9.68216444343537,-20.617643808451184,0.0,-50.67096804274745,-50.90957081838011,0.0,10.100337326576474,-174.94828880553735,-127.60885931185126,-18.82004416590525,-10.442567779157697,0.0,-100.0,5300148
best_model,-39.17715224242252,6.332092385712324,9.142140485401201,0.7733275435491712,-3.401815596013084,-2.4457064383654363,3.41842621594712,0.6813661141967589,0.5388012755602176,0.0,False,INSUFFICIENT_RUNWAY,1356,135.60000000003353,3,856395.6040587899,1303.3872291655719,3506.870123210111,4816.219429056971,dry,0.9003636708146555,22.716488411095025,2.5939592103560094,1.4469470251738312,1.6852728501263705,24.470856027931504,1008.8473546217583,0.876151504937357,,,,,76.54013204483924,0.4965316331736176,-0.5467107139786087,144.98873010821143,156.58782851686834,1534264879,0.6667303118963398,0.18046900457008078,0.3471649718472655,clean,69.68128787971315,12.507508504155265,35.48404723805755,9.200666081755383,0.0,0.0,0.01986126532694473,0.0,0.0,-13.559999999999755,-6.0410393598335395,0.0,-0.00571606243952891,0.0,-1.365284701128772,-65.86169171802621,0.0,1.4776635971145575,-18.108635474765588,-12.470322653221274,-0.13549683913055682,0.0,0.0,-50.0,5300149
best_model,-217.61400904300874,20.118475178906795,88.74280245524491,47.514201736933465,9.051942752429222,2.6556934793082667,21.718326477564784,0.47911601009522403,1504.1908320583575,0.013205282112845138,False,CRASH,1511,151.10000000001943,3,639782.2565880561,1302.471818727732,3475.4968999887387,2463.5503842449093,dry,0.9084718738027158,20.63369825029407,-5.76484691609023,0.41534755580301086,1.8031505222359183,-13.073057788611596,1002.9538895008225,0.9251348953839748,40.99999999999768,974.0002200671416,67.90000000000629,,157.20486794727913,39.73709141489326,-3647.1553095035397,117.89720068105873,127.32897673554343,318724732,4.031377485298791e-09,1.4574147033375195,2.014595371686383,clean,191.34590093467557,11.411438283700848,27.975048788559757,8.761104782333234,39.14862518896089,52.361193553288885,1.5894836565957298,1.0999999999999999,0.0,-15.109999999999722,-63.90681566256687,-23.867551484241673,-6.519814400550624,0.0,-10.330796328071845,-46.26057607716887,0.0,12.97630224860335,-168.83767210935392,-109.89413938108228,-11.055544927432294,-8.500196109254485,0.0,-100.0,5300150
best_model,-282.90614567595185,17.658084692405318,48.181451859095965,15.054843864290548,14.903513343561997,6.3973870784933915,17.3327253656799,0.5413230921878333,1106.2930104948205,0.0,False,CRASH,1632,163.20000000000843,3,783024.4115386184,1313.1713810981325,4405.128885511671,846.0324271989833,wet,0.604607284399288,22.360566097751704,-11.544474480607539,2.3745524299396377,0.6267593649179266,-11.675967846875848,1003.7720801481022,0.9737064435659142,40.5999999999977,1407.4327181212707,92.20000000002563,,188.12545982654905,13.174410519885441,-2406.6848905569277,130.70676184365735,141.16330279114993,2042133348,0.002108311019906163,0.9222379509501728,1.6255447181112357,clean,220.84464716172994,10.377206612653097,30.673784554359738,11.252631609671178,50.02760824645828,47.336240995193755,0.5269764207953811,0.0,0.0,-16.31999999999975,-56.54117584075425,-12.924641172307972,-6.443019804179645,0.0,-29.24913775203772,-58.81353448466085,0.0,8.220634959122659,-198.73397477014024,-154.02377467198957,-18.765906493507124,-10.350711246353407,0.0,-100.0,5300151
best_model,-41.17114851306958,4.1537766730806895,4.7804243469809204,0.23173844816903885,-3.0295683660357753,-90.0,3.9197824006064224,0.6143642407847131,0.0,0.0,False,FAILED_TO_ACCELERATE,301,30.099999999998296,3,834923.8612707469,1334.7769805967498,3583.929728797149,2944.512874840825,wet,0.7563759094056235,21.65017938971786,7.883308416282942,2.229158129030081,1.6237017545844206,-11.450426559632433,987.6856118557033,0.9129787048113227,,,,,39.44878095029158,-0.008996831027616281,0.40385847846216016,136.11911126016093,147.0086401609738,168393459,0.8602803378616806,0.07178172657393983,0.24242712165131566,clean,1.4030758011937798,0.6038205338262599,0.9625028264272258,2.2792468782323163,0.0,0.0,0.0,0.0,0.0,-3.00999999999998,-0.5770457839554018,0.0,-0.07848336861662222,0.0,0.0,-12.581605574611242,0.0,0.020113730828641502,-0.00920138814719032,-0.1825013758740519,-0.001070792373282352,0.0,0.0,-30.0,5300152
best_model,-13.090174605867936,8.585719537504772,20.362856469330488,1.0676787502177107,-2.494139617463956,-1.6885714804987746,5.0287233725111005,0.5851380874608251,1.301376051141233,0.0,False,INSUFFICIENT_RUNWAY,946,94.60000000002753,3,848970.8950571729,1304.6395619885857,4220.629944479023,4197.844075160271,dry,0.9315522552365504,-0.7905422612930959,4.648679979985896,2.7791352688545654,1.833535261655846,0.9975708636998615,996.1609128420021,0.8828798848169975,,,,,110.66621475748423,1.301376051141233,1.6753687254126248,139.71473573953594,150.89191459869883,1646765615,0.35341305398518386,0.25425073933204656,0.4592099369995229,clean,83.66330125789561,12.191674196724223,23.87830454108989,16.394953185967232,0.0,0.0,0.05205504204564926,0.0,0.0,-9.459999999999843,-7.748221406438884,0.0,-0.1849088488133911,0.0,-0.8589921896439244,-36.371195318199796,0.0,9.730556169442135,-36.52167082934446,-17.560426224621946,-0.29560418197005844,0.0,0.0,-50.0,5300153
best_model,-187.64409239137987,13.705395137979126,24.39840195811204,1.9511041154570299,-1.1464728310915702,-0.7537312952593913,11.115211482900428,0.471310970938064,2.1679582956153354,0.0,False,INSUFFICIENT_RUNWAY,811,81.10000000001679,3,839123.0307511344,1317.7877723202773,3810.751330654849,3803.941865024755,wet,0.8946318309102603,9.7178909269745,19.746793818384706,1.79713814914343,0.8185244566079128,15.703472691370205,1025.702684947159,0.8983042021478087,,,,,122.41256071087409,1.7312203222927565,2.121090145780986,140.3249717985534,151.55096954243768,1902831893,0.04445671825496234,1.0667090273737747,1.6284217868081707,clean,75.51419020167495,4.026806915871918,15.026316581803549,16.366612069759498,0.0,0.0,0.06924881289171018,0.0,0.0,-8.109999999999872,-16.92627790280924,0.0,-1.7280318637386523,0.0,-60.04220510286996,-23.80919924417825,0.0,4.101786353197139,-77.68635291089254,-54.45583601531238,-9.991150286776486,0.0,0.0,-50.0,5300154
best_model,-117.58310505909321,16.449187344926724,19.802427350667696,0.6009480285090804,-2.255984179163067,-2.2559236296320835,4.819241089916196,0.745032303798404,0.5544120199600684,0.0,False,INSUFFICIENT_RUNWAY,1689,168.90000000000325,3,734328.8783247304,1342.992202302369,3494.275246014278,589.6820734363079,wet,0.6424928294933355,20.618541900021754,0.860092745329637,2.084640121670032,0.22144768825916383,-5.180594286260787,986.9402194686274,0.9821681906727251,,,,,56.115112157458164,0.22726215575016795,-0.19460091245893096,129.1428625373926,139.47429154038403,1384110978,0.09606893114147937,0.1645639477247803,0.43834031071179363,clean,69.32283822127755,1.661802530569445,42.761414259131584,7.634016379623808,0.0,0.0,0.009090486230006703,0.0,0.0,-16.88999999999984,-50.77805176856143,0.0,-0.2044985407434214,0.0,-0.7803125548270203,-90.34815743729845,0.0,1.9918292431389517,-19.388501800017636,-11.879656285109375,-0.6949177925073612,0.0,0.0,-50.0,5300155
best_model,399.6793599746213,2.7556010371599355,4.474949045096535,4.420700517425432,8.728755806460004,1.8283349432626068,4.527329744336226,0.37411405742168413,1373.654864006141,1.0,True,SUCCESS,520,51.99999999999705,3,572147.9337049804,1334.6339691140572,3814.8249230265947,696.7876404595863,wet,0.8936783220537978,3.8559638235287625,2.6545837055888755,0.2827765567158611,0.7718773745100507,-2.783552933571233,1006.105774343405,0.9398605661687445,26.199999999998518,729.5652763754532,47.09999999999733,46.99999999999705,162.2524685900427,1373.654864006141,4762.839237002342,113.37951304419147,122.4498740877268,57912651,0.8207922144989546,0.2713800140152889,0.5336482659729217,clean,53.87724567187213,13.501587083303757,11.912912306143605,7.972434197211563,17.66341191556701,24.560873406082525,39.99999999999999,4.999999999999998,135.55555555555637,-5.199999999999934,-0.43872614216870964,-0.025867854179699678,-0.03084943285266442,0.0,-0.6673265206485174,-12.244030801449902,0.0,14.726919739328183,-17.86379214023418,-11.449619190863478,-0.22684875320928602,-0.0633512396805697,123.11883217484319,0.0,5300156
best_model,-131.96011527803253,13.104845893416112,43.2010139022365,9.437628985499574,25.20724800161838,11.201126937090885,9.271333381347272,0.5136521109862802,698.4932630219528,0.0,False,CRASH,1022,102.20000000003358,3,716573.4594314925,1333.1703416445416,3656.708704114383,4830.807669036307,wet,0.791777504148532,11.62743652051143,15.443045762338896,2.569590138535899,1.5494104094312071,17.93449680710691,1025.8677719390162,0.8730951479384949,72.40000000000987,2922.1687859524623,,,142.55477027058572,6.202315766191532,-2375.6472949994363,130.13859683922857,140.54968458636685,851093834,0.024500022774613245,0.4691415952122874,1.144706900833739,clean,95.79312252307191,14.078939677915933,20.58374755398641,17.81754762161626,4.676831735516383,14.513632356685147,0.24809263064765025,0.0,0.0,-10.219999999999827,-19.501688842196582,-2.226126389962969,-0.8737894729398883,-0.1698420971895306,-45.91363154081558,-33.48418264544304,0.0,13.970766509218555,-58.98580365209475,-34.456405227658834,-5.790555950704168,-2.02077006768505,0.0,-100.0,5300157
best_model,-286.2586244163138,25.068234993676114,69.88166837254114,20.371233656644254,17.83272591567025,8.866243838480997,21.980904982296114,0.4168143954383819,1013.6289695413416,0.0,False,TIMEOUT,1801,180.09999999999306,3,671451.9100989639,1325.8140979994444,3772.0024232270007,2554.4511575011015,wet,0.6015673487196523,10.57523431901233,15.85966873719936,1.9622631996593185,0.6489804489283606,20.547173545509885,1015.488773052939,0.9297097268581028,37.19999999999789,1278.5361530467246,64.60000000000366,,137.43709666746963,78.29935463578795,168.90859314597108,127.15604382918502,137.32852733551982,7919771,1.4600815813214607e-05,0.5539941998997637,1.0973092115487728,clean,224.38597948941901,11.650490842728379,20.234994547219333,12.8094146284275,51.28595937642168,38.54243246714214,3.1319741854315026,0.0,0.0,-18.010000000000016,-124.51384895976602,-29.592967703157267,-31.751967101101236,0.0,-71.59022497035681,-44.02094859370643,0.0,15.416381596216873,-207.05303744471962,-114.13836163354281,-8.171541398268776,-4.87335374469731,0.0,-10.0,5300158
best_model,-51.028971860815346,8.880988179866668,15.21871640094134,0.20660606211107557,-2.332652158445163,-90.0,13.140085451972496,0.3956817708340201,0.0,0.0,False,FAILED_TO_ACCELERATE,301,30.099999999998296,3,594847.2219290576,1332.6573269214314,4216.587535102718,801.3616649663952,wet,0.8449775852911056,-4.44388046112877,-11.996455667002532,3.458467718839134,0.5219406140545024,19.567439126591466,1030.0804339167978,0.977873560701121,,,,,13.366842642093737,-0.12437223771178196,0.07544385509439033,118.64351143430707,128.13499234905166,1662420079,0.4369953191038486,0.1505340464717753,0.3818745955912928,clean,1.0404648397017706,0.05140977387868404,0.08706267528470193,1.0742611441177086,0.0,0.0,0.0,0.0,0.0,-3.00999999999998,-2.637828585147819,0.0,-3.368113142736495,0.0,0.0,-8.142014055848128,0.0,5.178943043544612e-06,-5.824000097641937,-0.29090110648095946,-0.009318484885927349,0.0,0.0,-30.0,5300159
best_model,-277.2259486650425,17.020619646865356,29.272453394131254,1.539040803318598,-2.193319879340439,-0.889207000418883,10.624906230249346,0.7120234434497834,1.6114250481454064,0.0,False,INSUFFICIENT_RUNWAY,878,87.80000000002212,3,813372.8083675364,1316.2749398946492,3374.1129664965315,940.4967373164213,dry,0.9194010353462115,14.475716988540462,-17.646263091882478,3.9515031827734974,1.7279908426683797,5.287400418851615,1002.5979954486947,0.9728899732031508,,,,,117.03565736316698,1.3657442704846972,-3.0903419705819246,137.32193968977936,148.30769486496172,902672996,0.021618676743329276,0.9297177538556515,1.6900938457040353,clean,66.87455558776095,2.2033439931934193,15.483004051242363,14.655324766853662,0.0,0.0,0.05462977081938776,0.0,0.0,-8.779999999999857,-28.261990110815727,0.0,-1.2521991401019357,0.0,-74.83890519248293,-44.9417007339836,0.0,1.9900563334328496,-81.58649798925899,-79.30901318193544,-9.516505924981685,-5.089478313214369e-05,0.0,-50.0,5300160
best_model,-101.88964798948426,15.514341977357756,18.432212399398935,0.6261414826195387,-2.211652668564397,0.5174445733446777,2.048309352920103,0.7504565402772826,0.5854952776722939,0.0,False,INSUFFICIENT_RUNWAY,1663,166.3000000000056,3,680306.9931903194,1333.6342789638065,3693.302937291805,484.56020528523715,dry,0.9248527932728451,17.231873936573038,-0.5033589138664274,2.4913868644050523,1.824686036125107,-0.33420543753458176,1010.4995132660758,0.9854962796863237,,,,,78.20848047084942,0.5461070021584646,1.7154518627870718,123.89178554517046,133.8031283887841,1922939009,0.12512795781694308,0.16867274438451557,0.4848705199586309,clean,73.03658989765609,0.2907333755003875,44.46557802736025,9.980478029453595,0.0,0.0,0.021844280086338586,0.0,0.0,-16.6299999999998,-44.47505155833823,0.0,0.0,0.0,-3.973196771761801,-90.19639767509396,0.0,4.228643142977794e-06,-10.561803604600314,-13.260626711477755,-0.5877995069120039,0.0,0.0,-50.0,5300161
best_model,-42.01161564975925,16.247715104059782,39.0698704887806,13.670121361765597,20.25496319849251,5.919494508469094,10.473528119579687,0.6001316532170103,1385.4227170136799,1.0,False,UNCLEAN_TAKEOFF,770,77.00000000001353,3,627283.5421149025,1316.788940135647,3397.482768817671,176.04862310151404,wet,0.7680589338332622,17.410609191283417,4.761920413305849,1.8702404772490882,0.6303825559885399,22.48026966976505,1017.5704552391038,0.9579581064692739,37.0999999999979,1156.279376104388,72.10000000000963,,177.66659591498376,1385.4227170136799,4204.773139553605,123.16076454049463,133.0136257037342,1105403569,0.005550589636397955,1.094238545855825,1.438361094160294,clean,85.12876209061085,4.503803318191388,16.589980201111292,11.650437925152188,14.925718041943085,30.719481195155925,40.000000000000014,4.999999999999998,0.0,-7.69999999999988,-22.585661055452576,-4.671997159081376,-1.0822041932802198,0.0,-7.463487943037275,-31.978890591851908,0.0,2.8305586586523575,-71.99543456538343,-62.52643299216788,-7.431360606938839,-5.924887973381359,0.0,-30.0,5300162
best_model,24.069876471508703,4.163767340038813,7.746925942464873,8.808804748398693,21.678259541526476,10.10723047710245,8.720601283312313,0.47207166888484653,1285.9025572606276,0.7083333333333334,False,UNCLEAN_TAKEOFF,579,57.89999999999833,3,637525.3181793485,1344.2097498937255,4481.366655070726,585.2802668064039,dry,0.9310838552901125,8.430947221764727,-10.01995824237027,1.1832041359250516,1.014678763483968,-13.86841280428901,995.2547688131215,0.9433516514803484,26.4999999999985,767.4326159274744,50.79999999999712,,170.81902817194748,1285.9025572606276,3708.7719925294728,117.9724772073339,127.41027538392062,1198377036,0.4370885146645216,0.6682463816251983,1.4451355217011412,clean,60.675188619685386,10.885451975404647,11.338693774326925,7.901376789825396,10.749469819690146,30.00135754343035,40.000000000000036,5.099999999999998,0.0,-5.789999999999921,-1.115344327720321,-1.344740853466109,-0.47305476165140053,-0.00018217072445679327,-5.71931162756177,-17.700231046832176,0.0,10.142682315480801,-51.99629967205081,-42.01769147053027,-5.286805591889445,-1.2806828439075169,0.0,-30.0,5300163
best_model,-217.76601868395463,19.149024861237823,58.75337972441209,9.653957523659482,-1.7769025780564944,-1.0616826071860364,14.870806189476989,0.5115955007300689,51.057902495362214,0.0,False,CRASH,602,60.20000000000016,3,742887.5553653325,1302.6835127177285,3302.402889684263,3060.4208401223764,wet,0.8141298654360659,21.62980161277796,-18.186737700071497,1.8143984976952963,1.387990439920908,7.368314824409779,1028.467607234959,0.9145732487261828,51.69999999999707,2180.24697907386,,,182.46657310954657,25.146033579394043,-1398.8948744576192,130.0346882376425,140.43746329665393,1522596273,0.0009250605785874621,0.6088667498458143,1.4911523558323039,clean,56.87032930387644,2.6779666756293086,8.844693535254414,12.7129380173048,4.140747058288943,1.7658642503883868,1.0058413431757618,0.0,0.0,-6.019999999999916,-24.52716246533946,-1.5081254938585007,-2.868343985939525,0.0,-29.25345892299885,-20.665511175495574,0.0,2.860623332029958,-66.50234759206593,-48.57135749039022,-5.987056881754818,-2.741658192059032,0.0,-100.0,5300164
best_model,-164.76601586275598,4.696582755574539,12.222811426432596,2.067916001288131,-1.4175237034581427,-1.2426603171548667,8.37986989165505,0.5593225410708828,1.450548112507704,0.0,False,INSUFFICIENT_RUNWAY,1240,124.0000000000441,3,788028.2225096618,1332.7311868576317,4192.145766088674,1079.2135966662597,wet,0.8070140431105691,23.48827421206321,18.957186896727315,0.6813941820248646,0.33950937297589157,8.201601690096105,995.4084803403144,0.9693048962293696,,,,,87.27492465997697,0.8323515116765066,-1.1532510382409278,136.3247293767397,147.23070772687888,1596732491,0.4974979171470882,0.606874476096261,1.2695988768377546,clean,82.98587789824523,24.99679422257098,29.19917967029902,12.848512193964204,0.0,0.0,0.03329406046706026,0.0,0.0,-12.39999999999978,-3.0390870087945063,0.0,-0.667377224080589,0.0,-145.15571674293065,-46.33804545283887,0.0,24.271702110300247,-34.27701869835779,-37.143884626455076,-10.080246265144378,0.0,0.0,-50.0,5300165
best_model,-51.186027224467175,11.94409615588077,24.819637633886664,7.205302108083739,19.952343814817237,8.731056372790446,12.866029421292213,0.2729624310950794,751.8349014066871,0.0,False,UNSTABLE_AFTER_LIFTOFF,1670,167.00000000000497,3,729877.1824357666,1324.237901633126,4491.16842780767,4951.24462745571,wet,0.634807217057112,-0.754974069641511,12.280561179962547,0.679772374054743,1.8968655953001103,21.729481547844237,1003.9755672104054,0.8717098245099061,52.799999999997006,2229.8699081535337,,,134.38970901931765,3.1498771974083866,-697.9166744433658,133.58586870437276,144.27273820072259,1689390090,0.1410289312407577,0.39221731678787786,0.922464295928037,clean,219.52896889138648,16.650686988830685,29.43819829381476,18.007298614390145,12.053162885798741,30.527318532047406,0.12599508789634933,0.0,0.0,-16.69999999999981,-26.47162145312739,-0.5149040928039351,-4.607573518556682,0.0,-29.177117287536813,-22.65732470719069,0.0,17.49469456059112,-141.55387837602225,-77.46145858376086,-4.902538575146673,-0.9659344850758624,0.0,-70.0,5300166
best_model,-7.716463286136829,5.499822831568685,12.369913180361504,3.5250309401215505,-1.2163959950359415,-0.6913202043064038,3.128781047251234,0.7109269812696664,2.676337042764999,0.0,False,INSUFFICIENT_RUNWAY,767,76.70000000001329,3,770302.6611990791,1315.6785067442695,3717.751758338518,519.7503687645161,wet,0.8595483678654411,13.324782599801043,-2.7467608755663653,0.692757306016968,1.1030408112326322,-8.875702159578953,1017.8136944286051,0.9839873610562704,,,,,136.52186939912525,1.9535904321622866,-1.2356946457919449,129.3936088302336,139.7450975366523,1277276927,0.6310250934679758,0.22197463696997036,0.5074252483186265,clean,73.49973492303624,14.003537680804163,18.91788349082681,12.533397318483365,6.104367048418125,0.0,0.07814361728649136,0.0,0.0,-7.669999999999881,-2.5778061393355722,-0.0024643260812795423,-6.245688028919932e-05,0.0,-0.818752981355015,-39.0498908728224,0.0,15.869604854178098,-36.73120129760436,-11.551396817274668,-0.297454836676306,-0.024102491140133693,0.0,-50.0,5300167
best_model,-39.346687553231234,2.6948103537313814,3.025820456519491,0.33360086109016546,-2.5115561867966587,-90.0,5.349479361327168,0.3579413885227997,0.001503726141891093,0.0,False,FAILED_TO_ACCELERATE,301,30.099999999998296,3,619651.1269134242,1325.342249307058,4321.465421675474,768.9005450884212,wet,0.6039687609236869,23.18006638341212,12.900008011777995,1.018422924088867,1.1721487305586122,-1.210929350479141,1005.6418531536044,0.9772240647000975,,,,,27.952571828908855,-0.07191790254375974,0.1066156466571555,118.34436479859662,127.81191398248436,1764446831,0.9409345680659026,0.0,0.020832844266672004,clean,0.24737476775315675,0.1980457626360318,0.06444201380880443,0.326283574495682,0.0,0.0,-6.776263578034403e-21,0.0,0.0,-3.00999999999998,-0.24287365062399274,0.0,-0.6403433434275491,0.0,0.0,-6.446641842629332,0.0,0.15702516475598244,0.0,0.0,0.0,0.0,0.0,-30.0,5300168
best_model,-109.11375547414163,10.080575299664545,14.756593543393773,0.5210984583033603,-2.785629686505954,-3.0669797047359433,8.145568747604068,0.6632921351462887,0.1586920533381999,0.0,False,TIMEOUT,1801,180.09999999999306,3,830897.4406234395,1347.0923192038972,3933.408706864473,1177.8792275355659,wet,0.6584421112430102,15.143640379273386,7.828017125061311,3.6049348984869893,0.3159988500381681,-7.915891182899633,994.5281434900486,0.9646947355736745,,,,,41.48072884988394,0.04117457560391813,-0.8472824952107771,136.18411608733743,147.07884537432443,1346474928,0.37467686730717253,0.18270092304710187,0.6231545804318223,clean,47.46149582048649,9.829771755964805,32.07871775971951,8.878339390017647,0.0,0.0,0.0016469830241567175,0.0,0.0,-18.010000000000016,-20.33489056314939,0.0,-0.5690590624661628,0.0,-33.84721539486773,-83.25301152233291,0.0,5.643823007114956,-28.108838289409682,-17.258080386220346,-1.6264549720230712,0.0,0.0,-10.0,5300169
best_model,-93.88789721654548,18.909565896350603,56.44116659107387,16.328320260332337,20.4709740909557,9.494451228668787,10.315170718343571,0.466793674547799,909.3392966149486,0.0,False,CRASH,1428,142.80000000002698,3,674052.2837411956,1328.2105870700477,4250.183336525553,4915.8796221562425,dry,0.9169124352484117,7.070326928443894,4.897412399661658,1.358096313769488,0.2934605033956861,22.88904988390609,1026.8410769729269,0.8721889625689024,49.19999999999721,1666.039533203041,,,164.1710110316495,36.71470003599825,-6529.590635350139,127.1754903961264,137.34952962781654,1184177058,0.0007676578092388925,0.6949340014448356,1.0811159806136743,clean,181.38557625961323,11.77592713930373,28.451842312812058,16.378830590512784,32.811177463447855,44.82359531299133,1.468588001439985,0.0,0.0,-14.27999999999974,-56.73470693896354,-6.609625265451398,-2.234590989461242,0.0,-10.324074020949288,-42.26537632509694,0.0,14.376468766748806,-119.90745206586253,-62.86148709581011,-7.187216731894104,-2.955373629924217,0.0,-100.0,5300170
best_model,-313.96876317311734,22.110842256921906,45.83615367993126,27.861501042230465,19.566782605773522,6.594584602989538,15.752737364296836,0.5274570622602435,745.6018357933635,0.0,False,CRASH,1416,141.60000000002807,3,575939.8079798293,1320.675573278535,3893.2315185306807,4794.969078618793,wet,0.8769805873336717,24.744013006868975,14.630321734680713,2.297869350482492,0.7219210255715727,21.486150320211756,1032.0206409466753,0.8750247752202411,43.19999999999755,1030.738591554358,,,153.63279634873655,19.383587277545303,-603.1021788483692,116.99598919701613,126.35566833277743,1555699509,0.00011628573369541753,1.178704785204726,1.6443708360251097,clean,148.152804446695,8.833537045759343,20.6411995608911,10.564828310963371,41.641235772418256,30.82052757241482,0.7753434911019005,0.0,0.0,-14.159999999999743,-76.91859032884952,-26.542281341795967,-10.166461187043037,0.0,-42.253774346002594,-47.54209096293134,0.0,13.947742549093494,-144.3199653588607,-98.14565067235043,-17.736441782840767,-11.560725941777545,0.0,-100.0,5300171
best_model,-44.78066275631559,8.375830478329144,12.88278352506087,0.5725553010453036,-3.6809389259474234,-1.9026440797908613,3.4337060404813498,0.6580781300884694,0.2459002435371076,0.0,False,TIMEOUT,1801,180.09999999999306,3,922681.4028597602,1316.4299401229541,3818.7480850508355,2422.7296577788356,wet,0.7733127941854508,24.60628258172515,5.169910651149965,2.051815400452521,1.1892395616117115,11.189257377193602,1007.8898911939348,0.9332327548822719,,,,,47.859519101238135,0.017100952098189737,-0.0036158194180391234,147.33365560086463,159.1203480489338,172847549,0.5046121001177876,0.10749253432850732,0.3024895224815793,clean,60.397567805545215,6.656153611565255,43.832443162483685,5.893536735227001,0.0,0.0,0.000684038083927598,0.0,0.0,-18.010000000000016,-14.038702188808328,0.0,-0.007179843660217439,0.0,-28.73840827964004,-82.5574292613592,0.0,1.4085457359964715,-5.706573093421075,-3.80452749161842,-0.10677368671012628,0.0,0.0,-10.0,5300172
best_model,-42.44688020353381,7.294332021213615,7.295121198667921,0.05472084747753217,-3.3672922864047816,-90.0,1.960042076735048,0.38532552664330133,0.0,0.0,False,FAILED_TO_ACCELERATE,301,30.099999999998296,3,935426.1565709041,1332.9575993723122,4401.995653986053,4599.503440903359,wet,0.6634921549949546,21.50736833331696,-7.477538596589466,0.08372150081773233,1.7804111855368052,23.329066262462383,1018.3452886237868,0.8810536660977807,,,,,19.95959353223622,-0.17695079840632388,-0.056991062917631126,150.5471175825566,162.59088698916113,1492010125,0.6513979872961894,0.0,0.00038435001698290027,clean,0.000727952301550659,8.877135003635535e-05,0.00047954008677820016,0.000525607409338854,0.0,0.0,0.0,0.0,0.0,-3.00999999999998,-1.7794879078162662,0.0,0.0,0.0,0.0,-7.659214169989589,0.0,3.1243462838124538e-09,0.0,0.0,0.0,0.0,0.0,-30.0,5300173
best_model,-325.03375724602114,7.405464507649333,14.52596155687993,1.7995369242809698,-1.187824265636528,-1.0094440362812875,8.34224171978667,0.534594004213625,1.373284532418893,0.0,False,INSUFFICIENT_RUNWAY,1177,117.70000000004592,3,724458.3994707569,1348.366838004568,3447.5866131363196,901.7664120210977,wet,0.7956625684894056,10.687344318204046,17.649532359613755,1.8476021438039112,0.4177799560596167,-3.1108928726519203,1024.4188057375377,0.9732070722998659,,,,,85.03031777630729,0.7956598894465969,-1.0543014097678682,126.36330216043864,136.47236633327373,1843400393,0.1609352870166621,1.0969818101430635,1.915557418709177,clean,67.96868095574236,12.832763412438313,15.607234608550907,11.935876425587502,0.0,0.0,0.03182639557786399,0.0,0.0,-11.769999999999794,-7.171971631517941,0.0,-2.299812567447102,0.0,-98.92729653730132,-42.21489997885854,0.0,11.729295031517493,-111.1419062279631,-99.6682282691554,-21.945318863190074,0.0,0.0,-50.0,5300174
best_model,-52.9739615496891,10.652897484424102,15.333006224381958,0.5841986296786821,-3.221134389666688,-2.5674963286647334,7.621283059710964,0.6690836872955739,0.6330402425101056,0.0,False,INSUFFICIENT_RUNWAY,1038,103.80000000003486,3,878180.2892856388,1313.6498723680927,3483.306450320941,4161.233858169638,dry,0.9976138679438603,6.127232473640754,-3.134678210873767,2.4668316224699587,1.0738950299931158,10.953865835133847,1028.4046263525552,0.8875666800390782,,,,,79.24618133233903,0.504060498711624,-0.03264685828890279,142.23996345223074,153.6191605284092,1660272320,0.3382482925676115,0.18388453731478158,0.38262664801219615,clean,69.03843675841344,2.271791029872151,26.143845844082986,10.39988907013105,0.0,0.0,0.02016241994846496,0.0,0.0,-10.379999999999823,-13.088513928507574,0.0,-0.6698937530328752,0.0,-6.813553006565088,-48.66326574437951,0.0,1.418491489095772,-23.43771782916196,-8.94553337878057,-0.26810052080538105,0.0,0.0,-50.0,5300175
best_model,-34.356782015074906,3.9626473934073876,4.139882742982312,0.2926129236447051,-2.878224154137582,-90.0,1.5917109903927147,0.10716171561021481,0.0,0.0,False,FAILED_TO_ACCELERATE,301,30.099999999998296,3,881693.7455627881,1349.2679497373929,4398.622679914948,2615.82793820637,wet,0.7361247145659788,4.418424275049771,-17.45257669164609,1.5006588226193864,1.743694849391381,3.5731329915699277,1027.921503650627,0.926249840546234,,,,,20.07022078437647,-0.15380966991642708,0.14029612787344423,140.78783355767678,152.05086024229092,2129589909,0.8795871473208505,0.0,0.06017022444635946,clean,0.18248499398572074,0.09673973267532714,0.13253017882983845,0.1544687620181535,0.0,0.0,0.0,0.0,0.0,-3.00999999999998,-0.5251638759675541,0.0,0.0,0.0,0.0,-1.3964535811435848,0.0,0.008611774527190842,0.0,0.0,0.0,0.0,0.0,-30.0,5300176
best_model,-420.06551924069174,10.413886228635526,17.06623244317472,1.4266628065645102,-2.6257602439048022,-2.357419987661828,4.467604550543704,0.560675996692009,0.5813640052988376,0.0,False,TIMEOUT,1801,180.09999999999306,3,908478.934412976,1346.3843054837182,4121.677719824667,1557.9570894056355,wet,0.7135747493160438,20.078688930655357,17.423067809298747,2.439143540867771,0.9181402757511468,-4.862119111591877,998.10612436134,0.954113165487583,,,,,55.192560321324336,0.1885518589735966,-0.3044073688674853,142.91698825316826,154.35034731342174,1071978570,0.28894587206885364,0.39961374704628855,1.2040197218970898,clean,79.62689217104136,13.397866673866954,42.42738343747179,9.903094637424765,0.0,0.0,0.007542074358943915,0.0,0.0,-18.010000000000016,-21.70185516841328,0.0,-0.10209000361454115,0.0,-292.58409657938944,-67.89271865640761,0.0,12.209378082919216,-73.07584374979024,-84.75785327002708,-9.513218890126947,0.0,0.0,-10.0,5300177
best_model,-132.81354131793506,8.126803861882008,21.50507500950331,1.546724708315669,-2.6508774891943987,-2.608929899645306,11.030939783029865,0.45726687174756997,1.0276468974152522,0.0,False,INSUFFICIENT_RUNWAY,849,84.90000000001982,3,919177.2612912281,1320.6895822599815,3405.565273558079,4680.739170165582,wet,0.6052289081237315,-1.167471622636783,13.929282379832362,1.2241800293988394,0.7880476984751177,10.227995685460783,1030.5682533814231,0.8739904690473188,,,,,95.31012972605546,0.920504243211326,-0.22901843428485336,145.19291999551515,156.80835359515638,1429352310,0.16702874402012813,0.9006161402645873,1.557067029934891,clean,67.70914946728377,7.863351308352054,18.06368181031485,12.960457537445002,0.0,0.0,0.03682016972845297,0.0,0.0,-8.489999999999863,-6.230239435229536,0.0,-1.313634128320952,0.0,-53.209600837001275,-23.922740273347323,0.0,8.609761563129057,-49.3403182748205,-45.974848213158445,-9.575382012309783,0.0,0.0,-50.0,5300178
best_model,-183.21546984149455,21.07205420751787,58.48443806442776,13.257512174532208,17.633468225242723,8.468890307923504,15.026328051067358,0.46015705254672057,1206.5903173892593,0.0,False,CRASH,1569,156.90000000001416,3,674346.5266017945,1348.1380476822212,3547.126972247639,3978.940623103417,dry,0.9035830227415036,2.8480271306086813,-6.2580051752077175,2.060747468717271,0.8121174020170054,-14.880621779370786,1030.5157766192856,0.8822796677420838,54.09999999999693,1076.4552276899558,83.80000000001894,,163.12322034673903,8.82811282331295,-3352.8574156119194,119.01741448109067,128.53880763957793,456117674,0.00034658492237547427,0.802464658590045,1.4455090399911963,clean,189.45858713496594,17.813862688664265,24.783871328234394,10.505557389387818,33.7862246006366,47.51439694832258,0.3531245129325263,0.0,0.0,-15.68999999999971,-77.40948601278365,-9.035418429454799,-6.016425207822395,0.0,-24.018619951260472,-45.811530353924155,0.0,22.13967015382895,-132.7733610345115,-98.74621274722381,-14.208625094592081,-5.861085766891632,0.0,-100.0,5300179
best_model,-45.220929947495,3.493697692650075,8.185882054951508,0.1050544094969313,-3.2886495094538786,-90.0,13.350015078018158,0.36247120112807785,0.0,0.0,False,FAILED_TO_ACCELERATE,301,30.099999999998296,3,750559.5647514976,1304.6010612369341,3701.8581590224953,1289.224495460582,dry,0.9979040721028662,-3.7873570375583885,-9.678389560631132,0.9241552793484771,1.3152810847290834,24.056476828499214,1030.6833759075987,0.9653309487817908,,,,,7.465295286492096,-0.22450544631283265,-0.09010768629796218,134.19974408124233,144.93572360774172,383712409,0.8517357132010486,0.03512797495200531,0.5282386292539948,clean,1.7722536751148854,1.2727650561540944,0.5090209535966311,1.1230008530269058,0.0,0.0,0.0,0.0,0.0,-3.00999999999998,-0.4082203326506851,0.0,-3.6302444100258406,0.0,0.0,-6.836584939526371,0.0,1.4924435938427898,-7.473021894546306,-0.009379572091170104,-0.02296293038992539,0.0,0.0,-30.0,5300180
best_model,-170.41562320593812,17.118577319168296,24.541002468247406,0.8819073165582204,-2.4957137236761437,-1.4484015641401857,5.974328395711891,0.7334175082097739,0.8313847407248431,0.0,False,INSUFFICIENT_RUNWAY,1034,103.40000000003454,3,846743.5058915317,1338.5824655937934,3516.4095522412417,2131.357581887341,wet,0.6078726161293495,13.374575946454264,-8.103486642145125,2.8790069929416107,1.578173065269169,3.8106458947255284,1005.6691761524819,0.9395589128394117,,,,,78.11832553736882,0.4972111143015354,-0.48019554757642524,139.54404657619963,150.7075703022956,1610677013,0.05678233312733366,0.40294845556410575,0.8536013410094918,clean,69.38983990783818,1.2515041915881744,24.51685884178943,9.436554587685018,0.0,0.0,0.01988844457206145,0.0,0.0,-10.339999999999824,-33.66769365256031,0.0,-0.33295794583659444,0.0,-46.3980477388845,-54.90605009688662,0.0,1.5714860149872534,-46.6670324520505,-31.55979185432089,-2.7301814538586875,0.0,0.0,-50.0,5300181
best_model,-242.19264552812058,20.161873023787944,88.55580664400509,28.949144585266435,8.124183222843516,3.3177192078279316,23.92448019957013,0.4931913268862633,861.2444372738828,0.0,False,CRASH,1501,150.10000000002034,3,617419.6137664368,1314.6452542973736,3395.3444912541163,4113.308972069499,dry,0.9700701357656604,22.158491139056142,-14.747937389703793,1.300644577177196,1.235255558392988,18.94681682652181,998.2263085033904,0.8906152595022996,54.6999999999969,1159.1059297285815,,,167.84569370961512,36.5768390177127,-3338.3909880374695,122.66316029806146,132.47621312190637,202894024,6.11775650794916e-07,0.8218056562610164,1.6868719606169134,clean,180.91726341757098,10.283095243869278,23.73107147816405,11.143217383774601,29.433526872803576,43.17419206359287,1.4630735607084842,0.0,0.0,-15.009999999999724,-57.806574712008334,-15.40843242549002,-11.753019576779291,0.0,-39.74756912681478,-47.174625316149616,0.0,10.02208343879052,-144.431128918261,-96.72331927111547,-15.25343692597969,-9.052062714793477,0.0,-100.0,5300182
best_model,-57.62755788190989,14.60244970620167,33.74116475777041,10.865567461951894,23.516336977612273,9.498461767593474,9.960369927741695,0.5435232740959456,767.8554531875338,0.0,False,TIMEOUT,1801,180.09999999999306,3,671520.4895942191,1333.1142699198551,4204.407412384445,3185.5070223332195,wet,0.7632178642820983,4.977169781396855,6.3432893207066225,3.7633601758851563,0.9330176792951899,12.365008314935597,1024.1337894766043,0.9123932331541611,39.099999999997785,1270.0871867945536,,,130.68786870596503,34.979891453069285,305.3428372858236,124.9352980112797,134.93012185218208,396336862,0.03436037177477369,0.5744240265362142,1.2363775869389104,clean,218.32694735950273,23.00555913063624,30.76650695535738,12.930251324901262,28.821788352181954,26.69411688603766,1.3991956581227905,0.0,0.0,-18.010000000000016,-42.669999877476904,-6.895920779548098,-3.44324377503188,0.0,-18.86680711324091,-62.68500513070276,0.0,29.852347465568197,-162.39412405422576,-86.08861337011712,-11.226153213435671,-7.144403700436169,0.0,-10.0,5300183
best_model,-45.15720212263039,8.68591873047,11.726952375183995,0.1076460334918826,-3.3451795261250403,-90.0,7.679940806354321,0.49877310653989654,0.0,0.0,False,FAILED_TO_ACCELERATE,301,30.099999999998296,3,903522.463725722,1329.31482797899,3464.2110578153465,4196.789462576046,dry,0.9503251187638267,0.18509939247611484,-9.682380473347617,3.1003879995442056,0.2595048280008878,5.103508721133746,987.144622869184,0.884522923094792,,,,,6.759061740789634,-0.2273855710236603,0.10838652257076475,145.8147578432538,157.4799384707141,422358691,0.48306370951436506,0.22550233252897467,0.28734409264687294,clean,0.9991767355701014,0.061621092422677395,0.3402445517886824,1.1167671218581237,0.0,0.0,0.0,0.0,0.0,-3.00999999999998,-2.52322227132125,0.0,-0.9293159526194604,0.0,0.0,-10.353547803020458,0.0,1.8322785573204138e-06,-0.3687749752456194,-0.4901524403491879,-1.3992536495003094e-08,0.0,0.0,-30.0,5300184
best_model,-169.49939633259055,16.41077885230589,46.40736165872389,15.88528382000743,25.99875409129518,10.539703084996933,9.579380328882692,0.5639724005219952,444.76404586443937,0.0,False,CRASH,873,87.30000000002173,3,642862.8959591945,1332.3763819498342,4030.1624840412455,1501.629879876989,wet,0.8427338396888574,20.497309694711774,9.533832842351542,0.385207811198061,1.5750770903105684,22.963359896056453,1030.4685173108182,0.9592647573405193,64.60000000000366,2004.587369290405,,,132.13587003145875,12.721055392292328,-2289.9703760094785,123.99436076504114,133.91390962624445,1295459631,0.004432655186948496,0.7243826543543571,1.454856501164184,clean,63.90319496647378,9.284161260347272,17.597352630260158,14.76250278647245,1.134128471127768,9.341759796495833,0.5088422156916766,0.0,0.0,-8.729999999999858,-26.123425266311138,-7.999848127612649,-0.954260190804001,-0.024649680306646427,-20.761813201271593,-32.708703122809915,0.0,8.286554191956121,-43.410220841947776,-39.20134997187415,-9.053894535125663,-5.349727713351807,0.0,-100.0,5300185
best_model,-40.76548397267836,1.8241058648126864,3.7147599227318775,0.48629680752755006,-2.6072207070490827,-90.0,5.2252479572497,0.5538214714424158,0.008408777490330976,0.0,False,FAILED_TO_ACCELERATE,301,30.099999999998296,3,690841.6614487136,1333.8935270505956,4275.782801941362,855.3397525024848,wet,0.6580395771140725,24.69859888343634,19.102375244027733,0.15718869363903876,0.4164154635515156,8.398955032138204,1014.7690438032474,0.9755555338105472,,,,,34.28829430838953,-0.03884141451715095,0.03799324003408211,126.46042616596608,136.5772602592434,2055203042,0.9477237978585237,0.12108495225335328,0.07120199113754046,clean,1.1292639249147585,0.9767954238286365,0.3725236093444439,0.6918810343958695,0.0,0.0,-9.147955830346444e-20,0.0,0.0,-3.00999999999998,-0.11128178044658393,0.0,-0.4580081487531736,0.0,0.0,-11.400937315340837,0.0,1.5103450252926505,-0.3060657372961571,-0.16000000861794383,0.0,0.0,0.0,-30.0,5300186
best_model,-29.628517052944993,7.277745041063837,10.705508707355413,0.4207008831536248,-2.9044445111133057,-3.056890943721092,3.2203165170162427,0.7322183212107809,0.22045070409421896,0.0,False,TIMEOUT,1801,180.09999999999306,3,778583.349236037,1332.4386046150616,3677.760535988618,2343.883515599531,wet,0.6461340815800202,7.605223975228881,3.4889922111931138,2.803586715976746,0.17174763360387835,6.215304872665065,1011.9221632936498,0.9342358550696511,,,,,49.878525502426214,0.08093836275929789,1.0736550532099631,133.94394919047093,144.6594651257086,980985423,0.5909518694620215,0.17441222136040435,0.6021532199208739,clean,71.54884677232053,14.323324400682257,47.40001374934001,7.88683188043638,0.0,0.0,0.0032375345103719203,0.0,0.0,-18.010000000000016,-10.598999640199498,0.0,-0.0010452264239758941,0.0,-12.186084230851145,-94.35071704574602,0.0,3.9889012047227097,-12.550871699439718,-15.610249394949866,-1.4717053573468961,0.0,0.0,-10.0,5300187
best_model,-226.92267550690332,15.421516490869088,26.27310678099039,2.264598566293805,-1.2686396739225019,-0.1868955312912912,10.266421881667613,0.6324010276970484,2.2457854559161206,0.0,False,INSUFFICIENT_RUNWAY,790,79.00000000001512,3,754036.51704221,1317.7320959891483,3526.9976157666906,910.732068709677,wet,0.6741000167926027,17.533249197477588,-15.214928176068073,0.7640347776986043,1.7297921046284546,-3.5314773767757313,1018.20797280246,0.9729087773409277,,,,,118.71757276005944,1.5736023637833796,-2.9965499435326493,129.21421987474932,139.55135746472928,1449248037,0.0331196057809698,0.9880716315366195,1.9405517125945078,clean,69.5171573079081,2.4690915228981685,12.490721347065737,13.805825779552158,0.8694944549935606,0.0,0.06294409455133518,0.0,0.0,-7.899999999999876,-20.875589443748506,0.0,-2.1764310508457947,0.0,-37.853844942840695,-34.679761605844504,0.0,3.822868401553391,-86.5130125671422,-76.76832681643577,-13.165878077400695,-0.027933911165256325,0.0,-50.0,5300188
best_model,-184.82241655270215,7.0237701267651635,11.385290636674034,0.7148630066468838,-3.376091666607594,-3.2955540798373693,3.9151079726896256,0.6334994156261767,0.25881503501705083,0.0,False,TIMEOUT,1801,180.09999999999306,3,919666.3158547096,1330.4915116534705,3277.104442614227,1402.226729449857,wet,0.6068924420126713,21.598486863492646,12.443561971011533,1.9968839503392815,0.860620891528318,12.883743652198426,1028.0121281925344,0.9610091403815986,,,,,57.233450069764814,0.20358674453518688,-0.8056612900393123,146.0576799486992,157.74229434459514,1429737716,0.6069521982812084,0.10680533568894512,0.41513519230554513,clean,57.84454037001776,17.25398865605896,40.70804746939009,8.844741015405816,0.0,0.0,0.008143469781407484,0.0,0.0,-18.010000000000016,-9.872150841704801,0.0,-0.009754885744183563,0.0,-190.215261337797,-77.91803129458697,0.0,17.79248586770407,-16.21190727479334,-4.569728332687359,-0.46752943374611555,0.0,0.0,-10.0,5300189
best_model,-235.0397212042085,51.85852299839309,264.9640616127254,60.6796299172938,6.236806417389348,1.515417976768469,30.5562607154814,0.48920168388284185,1842.8786742660536,0.0,False,LOSS_OF_CONTROL,1048,104.80000000003565,3,581070.8414837343,1310.344793294601,4085.533962127624,3840.5419208916614,wet,0.856345773768223,24.69330903652419,-19.561588589868993,1.6755527203567508,0.8320828832234601,10.303806065585768,1003.3910785518648,0.880176884515458,27.699999999998433,777.6270811649333,70.50000000000836,,196.74123552524614,597.6236111273379,-7596.107903609429,117.00886638230371,126.36957569288802,1038738700,2.9067351818112936e-48,1.8893532725171607,1.9113772351080254,clean,144.52202203421422,7.305798183698076,13.529311823898828,8.197487428265433,18.209230654017105,44.240738894111836,23.90494444509352,0.0,0.0,-10.479999999999821,-73.7905986809291,-42.91345556332339,-13.655661205550249,0.0,-31.89070006022985,-34.40761125633613,0.0,8.582340223669783,-112.33841598463454,-79.8907543889703,-13.125356757297205,-11.039040993903743,0.0,-80.0,5300190
best_model,-100.11624547680815,10.810970273318466,22.28379509148761,1.2988616158897897,-1.195833753467897,-1.1888379112352503,4.971086893677639,0.4399055701461253,2.1221345158564873,0.0,False,INSUFFICIENT_RUNWAY,844,84.40000000001942,3,753027.4582968114,1307.0483581486828,3819.2284868999486,2223.2532830456157,dry,0.9347456900541262,14.740650612793644,14.927795525143148,0.863542845054813,0.5715491607588392,13.075149182119333,1002.6699983914156,0.938875030056385,,,,,115.27600185715917,1.605865854673084,-0.11623903616570175,133.866773924925,144.57611583891904,410131460,0.19528043479306637,0.5154735230141437,0.891034887655437,clean,75.22477905537191,9.83803200794049,19.146658471006617,14.773901273587425,0.0,0.0,0.0642346341869233,0.0,0.0,-8.439999999999864,-10.960472671498408,0.0,-0.1935003442255002,0.0,-41.102485658341784,-23.410401717519953,0.0,8.726002390543046,-57.62588731520254,-33.77376698502974,-2.3833386176262286,0.0,0.0,-50.0,5300191
best_model,-92.59985130132159,9.871227599413432,30.339972921076477,0.5545294612562576,-1.5161306851737726,-1.4009816063309266,9.761130191247,0.5305314592205653,0.8831521982187951,0.0,False,RUNWAY_EXCURSION,202,20.19999999999885,3,596714.0144610974,1339.1934542298895,4045.721069479976,2172.5470020798543,wet,0.8128410121873535,23.106565740206186,-14.487527679296665,1.5821894354214656,1.5844406175165344,22.173617547351668,1028.7646880621892,0.94192954120408,,,,,96.44711903722741,0.8831521982187951,4.21675044477527,119.40796482821106,128.96060201446795,811129841,0.12448072692479693,0.6191670148623177,0.9934951391377048,clean,6.696463961388194,0.9115572036200127,2.123830268639507,6.252565819562722,0.0,0.0,0.035326087928751804,0.0,0.0,-2.020000000000001,-2.1870121258359037,0.0,-0.5380733308146506,0.0,-13.715080229159573,-7.401860342992029,0.0,0.010478432913012887,-10.291326752587514,-11.843919894298306,-0.6328003996858237,0.0,0.0,-60.0,5300192
best_model,3.9051442009710513,14.062164540472118,54.86899536032371,16.554987036488477,19.49693018860757,6.577047853250698,8.760105671118918,0.47202742213898435,1227.8388756139466,0.0,False,LOSS_OF_CONTROL,1410,141.00000000002862,3,689398.6071806555,1319.0497624513102,3660.891235930116,2915.504501421977,wet,0.7536491959039905,7.150270251964022,2.5052402677648034,2.056266610778214,0.05518473676783553,-11.297007361983633,1002.7211444021289,0.8895691555948827,36.299999999997944,1215.4553677228848,61.90000000000151,,139.64191066055253,862.7009313039002,-7170.426903052945,122.79212429661139,132.6154942403403,1598564806,0.003386808062576882,0.5332488979270834,1.0725527769081193,clean,191.7293702437782,15.540768237357142,29.03348829992335,11.385732949551619,38.46179599464884,50.356027177987286,34.508037252155994,0.0,0.0,-14.099999999999744,-30.97996721158546,-7.640042794554762,-1.105933939843401,0.0,-5.833621118267195,-41.78350180781148,0.0,17.571251894205922,-127.74788850799752,-64.5015162303051,-6.7880882469909745,-4.200767991278654,0.0,-80.0,5300193
best_model,-44.77888761079673,11.704482585996283,16.281695874602086,0.7134867967567128,-1.933699771399037,-1.923784781547577,3.2515237629802023,0.6249481176635547,1.1156999286222344,0.0,False,INSUFFICIENT_RUNWAY,864,86.40000000002101,3,749564.6243603085,1327.249798038015,3266.669117735703,4923.82044394935,wet,0.700679727152676,9.770410194550799,-7.033786860636802,1.9171821023719287,0.34038258761572604,18.20893801899122,1026.894864743663,0.8710548896180754,,,,,75.79944931710195,0.5036483575559032,-0.497875756927062,133.09373560933963,143.7412344580868,144421976,0.2778743425949524,0.18278836659799774,0.38241631334141285,clean,64.38279315847393,1.092766432082112,22.05989647063338,11.346165459714795,0.0,0.0,0.02014593430223611,0.0,0.0,-8.63999999999986,-13.151511610165475,0.0,-0.0007888503686099609,0.0,-6.648018003718498,-36.73056835723461,0.0,0.31667272109640515,-20.32963689209951,-8.343036059419775,-0.15376801409291554,0.0,0.0,-50.0,5300194
best_model,-138.74915198893495,14.765279336566007,35.84076106613121,14.523210469575515,0.9763975548881307,-1.2199221154294349,7.598499515701145,0.5252246156681416,24.94208663771542,0.0,False,UNSTABLE_AFTER_LIFTOFF,344,34.39999999999805,3,605360.2900044881,1316.9883597242886,3600.3452462867176,1836.6448335563796,dry,0.9511233925089775,23.362380371541352,-12.87296324603723,0.44548498760872546,0.6447622854131076,11.88925488216265,1024.4098708886197,0.9486976993034351,29.799999999998313,906.0241718149845,,,160.56323654567439,12.74879668552353,-542.0667714704167,118.51134132984797,127.99224863623581,1215171029,0.012940832213111325,0.9374364274820808,1.579445635970634,clean,23.749854695196635,0.499865925354583,4.916564094795251,8.234593027026172,3.262174478678123,0.7462711642842422,0.5099518674209412,0.0,0.0,-3.4399999999999706,-8.332959446340796,-3.7231145681300806,-0.5818420127655567,0.0,-15.73128102331192,-12.273156441738452,0.0,0.3788451152461851,-32.886966746160674,-28.681784586848256,-4.096553619657454,-1.2996139119839258,0.0,-70.0,5300195
best_model,-38.61695025231092,6.9070765659711215,6.954418862266464,0.29726901812358697,-3.0747132209683334,-90.0,2.5138237985567478,0.30035349604563316,0.0,0.0,False,FAILED_TO_ACCELERATE,301,30.099999999998296,3,891443.7271298049,1340.8266613690516,4179.258402585576,4194.468217554609,dry,0.94094665436582,6.008227340191798,-17.237957935871783,1.7264758495687729,1.682175147673107,-7.240350399680255,1011.9754165311502,0.8797515536190764,,,,,17.673436172067085,-0.16547606429048756,-0.18280690132276844,140.0058238866657,151.20628979759897,20997751,0.6797212836645469,0.02846555716012921,0.15544318679553087,clean,0.2991699815940928,0.047203523802545715,0.20689810976153725,0.5359170043807113,0.0,0.0,0.0,0.0,0.0,-3.00999999999998,-1.595557745904935,0.0,0.0,0.0,0.0,-5.021173632250848,0.0,7.083239246277912e-06,0.0,-0.07941457693326612,0.0,0.0,0.0,-30.0,5300196
best_model,-163.35458504751355,19.059515709045467,22.602985159630535,0.8787447112414466,-2.313312380388417,-2.3350871287181647,5.1975202151834266,0.7791601495771051,0.9421247730321056,0.0,False,INSUFFICIENT_RUNWAY,1463,146.3000000000238,3,803627.5949389874,1343.679406375751,4347.222830709603,760.7985947465451,wet,0.7439054328132985,19.179129316498397,-6.339892206542752,2.8129989832926796,0.8881962831051036,-8.70533056114592,1025.8007044948733,0.9768704592219458,,,,,78.00722445336102,0.5350390372892662,-0.8778040239372054,131.68752217156734,142.22252394529272,1597285069,0.04252862385249933,0.2555617879898451,0.6617832831657314,clean,85.9618321148421,0.24800502545465836,38.64704037091673,11.04207445768998,0.0,0.0,0.021401561491570673,0.0,0.0,-14.629999999999733,-59.050766494409125,0.0,-0.07745792583494397,0.0,-32.720665391165966,-83.78917338946391,0.0,3.869330739870094e-05,-32.983173046641916,-24.316222973816433,-1.707518049883381,0.0,0.0,-50.0,5300197
best_model,-187.52812642808615,10.591147907981066,25.468418241888024,3.313049123931566,-1.2412039004016548,-1.2518901644973326,10.092070982253679,0.6170443472031748,2.8609128595867332,0.0,False,INSUFFICIENT_RUNWAY,822,82.20000000001767,3,750503.842111699,1325.993837376083,4034.106458477346,2400.6971011362875,wet,0.8186998485748547,12.744654620275867,-18.08381723750417,3.086284757957805,1.021624271173123,19.293513937674277,990.3392750482587,0.9354545863245561,,,,,111.5969844372309,1.3667995165023967,-2.191736985132966,135.852587140861,146.72079411212988,103800527,0.08200385411321863,0.9868443254354073,1.766115533432774,clean,79.86008382118185,11.019678415252546,13.836658181835645,14.717197734395368,0.3940274930793274,0.0,0.054671980660095855,0.0,0.0,-8.21999999999987,-10.245080479464148,-0.00032136988335945194,-1.6232292220127984,0.0,-34.61278513613655,-35.554518729402254,0.0,14.175206734800648,-94.02770325050058,-76.1896677362597,-10.889953400723357,-0.22239146490699868,0.0,-50.0,5300198
best_model,-104.06607187609949,14.231829681584726,21.538591899134516,1.2195463551235988,-2.127216101252338,-2.0729273015499743,3.3859441534642167,0.6294487171955866,1.3628491964910836,0.0,False,INSUFFICIENT_RUNWAY,864,86.40000000002101,3,894225.3339610179,1330.4195782422514,3343.0812593786286,791.3251297578738,wet,0.7978521159725892,2.1968128843664356,-13.458102001250005,3.914546613307408,0.4647545655038696,23.039828205015162,1006.6468141309924,0.9784114217550571,,,,,89.96934248086647,0.7229527081128708,-1.4468032345964232,147.9784270685238,159.81670123400573,487232960,0.1363747159537885,0.25809252090286267,0.5043624453475408,clean,66.16317805780469,2.820353481352607,20.12460814238986,12.78580026406115,0.0,0.0,0.028918108324514823,0.0,0.0,-8.63999999999986,-19.44431770422104,0.0,-0.0009629220001716723,0.0,-42.41024731297401,-37.82204856286504,0.0,2.6215360024888796,-32.26007264949198,-17.693561917094666,-0.3392548638742212,0.0,0.0,-50.0,5300199
best_model,-39.01831781067732,7.826966361142179,17.291016553741482,7.2300840282880365,13.79770356822973,4.810240984364222,8.96191833777832,0.6021217740395521,500.1779403486571,0.0,False,UNSTABLE_AFTER_LIFTOFF,1358,135.80000000003335,4,736290.6708284093,1330.958403286074,3071.5933137961033,5170.01429660498,wet,0.893647669277829,-0.2365664825866709,-1.681245636691735,5.7210330627061,1.6392874907740125,-17.180858824558086,1033.7732829628355,0.8483312155361996,52.999999999996994,2121.7222720375125,,,141.2069437784306,3.8785039651102124,-1150.9503368390535,123.64390179770726,133.53541394152384,119204005,0.2921572401552035,0.584937829286432,1.3366895955492484,clean,175.43168449471196,19.751215764852194,28.680891677734234,14.966780296038209,32.108503850272136,18.619325530363234,0.15514015860440056,0.0,0.0,-13.579999999999755,-9.243664942695192,-1.2867853568528675,-1.2874501739609412,0.0,-10.961887279849687,-54.895697406856485,0.0,16.732834566479948,-93.47288610553387,-77.92839166220998,-10.154175463411706,-2.6537557583613762,0.0,-70.0,5400000
best_model,-186.83797216617685,13.383922886012344,25.955382795336792,1.2180581868484464,-2.002564383851808,-0.3865225975515074,10.174552915682163,0.56557591846285,1.6725043781254954,0.0,False,INSUFFICIENT_RUNWAY,860,86.00000000002069,4,779045.0094920978,1298.7545835945018,2983.014028061944,1370.3689085908702,wet,0.7538255596182508,26.229833299764856,-8.264721847873753,5.05959594901765,2.2148269370791187,-2.0825813947054037,1012.0674632583855,0.9598710226509133,,,,,83.75544935984074,0.7128592011767978,-1.2166447846247053,132.07223556067467,142.63801440552865,1930465796,0.07017031457551584,0.8127922320018375,1.446363915043323,clean,58.98839869925493,2.9946211352502154,17.31308676078034,10.57178791880658,0.0,0.0,0.028514368047071872,0.0,0.0,-8.599999999999861,-17.116808551567043,0.0,-1.3206319482248647,0.0,-29.318754271960415,-33.10873868001486,0.0,2.0385588943643773,-71.84867466461837,-60.16522071651468,-7.294111109779064,0.0,0.0,-50.0,5400001
best_model,-299.2002786367599,15.030839522041472,26.942950683937152,2.9383894224217477,-1.6406787768831874,-0.6673663479394274,12.858910049886038,0.5544658473496785,1.525072941014514,0.0,False,INSUFFICIENT_RUNWAY,901,90.10000000002395,4,873226.9740627627,1340.661239349645,3634.453214777101,5548.385983907187,dry,0.936915397114627,-2.05752607217327,26.643182067423094,4.707072411259427,1.416329184196826,-7.655129693189206,1030.6150555184006,0.8432490404498811,,,,,99.95719404950573,1.0568766556843912,1.1370784300262216,137.20772987647192,148.18434826658967,1312716161,0.022011347699502387,1.1912596948951546,1.8685195400508654,clean,71.70875861158906,6.407178654567975,15.280195930096655,15.266839167204317,0.0,0.0,0.04227506622737566,0.0,0.0,-9.009999999999852,-22.617716577818317,0.0,-2.7162269254807243,0.0,-104.4485760216916,-33.613814993500824,0.0,7.0657343209514805,-101.99059205579161,-75.4471296263204,-15.127191805595412,-1.2381196482244902e-05,0.0,-50.0,5400002
best_model,-86.18735896086413,2.931884610196855,4.128360932764372,0.7508127083297575,-2.1375053431326405,-1.767368704422574,4.5399147456804485,0.5895890303946267,0.11935927202830499,0.0,False,LOSS_OF_CONTROL,153,15.299999999999132,4,545407.723007849,1336.210536395108,4719.489081725419,4272.057099226349,wet,0.5574958789655351,22.84239829402521,28.44345491848023,4.177689171746941,0.97302961890302,12.089987911632313,1009.5887504683335,0.8850862331624391,,,,,50.026002806181495,0.11935927202830499,1.4942713039397093,113.35050111098715,122.41854119986613,754093819,0.8876297364149774,0.1978892040770527,0.16892190019706832,clean,1.5160628083521968,1.3116321507414754,0.6150197868854368,2.6927337983527146,0.0,0.0,0.004774370881132194,0.0,0.0,-1.5300000000000011,-0.14613110524765568,0.0,-0.115720282320742,0.0,-0.2,-6.331494126205559,0.0,1.946086241003609,-5.507128461949217,-0.4431941413575112,0.0,0.0,0.0,-80.0,5400003
best_model,-63.04998394908865,7.573908456191633,10.832959657509946,0.5032006533257494,-2.2784164330559107,-2.264343166181649,3.890507120525422,0.761899540714586,0.5175789957966117,0.0,False,INSUFFICIENT_RUNWAY,1391,139.10000000003035,4,643191.3282112383,1331.6630284247428,3925.4912854990775,7477.510012314817,wet,0.7490500100663062,11.002595010421462,-1.5507843068577154,3.2423474912636063,0.03381187316502343,20.209628154433858,991.5341402660986,0.8107105439497738,,,,,55.18819603780166,0.2464177860865675,-0.31118848374489083,125.8768301463279,135.94697655803415,228202157,0.5565415140841662,0.23796326434613416,0.5454776741000673,clean,77.58952477587107,7.389068749637875,36.914344224700265,11.188449213461425,0.0,0.0,0.009856711443462717,0.0,0.0,-13.909999999999748,-8.865938691128312,0.0,-0.0357937714727739,0.0,-2.0766942185288153,-77.24464848461999,0.0,0.09757438396737536,-20.296557625798215,-22.94498135162098,-0.8641878650012846,0.0,0.0,-50.0,5400004
best_model,-100.56697892553726,12.289872810872527,30.083986943505668,0.6160541890231777,-1.5847050519932286,-1.3547107788177721,5.5395636577724865,0.3643326317557157,1.9096578787525686,0.0,False,RUNWAY_EXCURSION,416,41.59999999999764,4,704515.7263728159,1295.1602081154238,4614.431403073464,2560.693206180891,contaminated,0.45886471029247033,4.4385228261301855,17.316397013667498,2.848332615607175,1.5588518964404536,-5.638494514800616,1019.0573889174244,0.9253944421849893,,,,,133.70176155538078,1.9096578787525686,8.136448365606839,124.38410391545257,134.33483222868878,62080255,0.1160725394523936,0.313190865810337,0.9503451979653044,clean,24.996841196930873,3.583731206382264,7.972852805226951,13.858510839052734,0.18162995253650438,0.0,0.07638631515010277,0.0,0.0,-4.159999999999956,-6.981449451365368,0.0,-0.2596361816372364,0.0,-25.174363573531238,-8.62220017497728,0.0,3.282532647580173,-35.348848690608115,-12.84988262845915,-1.1230831878184493,0.0,0.0,-60.0,5400005
best_model,-160.08311674218075,9.706284957585689,17.32766469369848,0.4302027946903072,-3.9651976893072103,-3.4370623581755404,8.043006330208787,0.4646987456317042,0.14933609234140022,0.0,False,FAILED_TO_ACCELERATE,816,81.60000000001719,4,947684.6113904747,1307.0770802687116,2978.9556833874294,5050.584897368284,wet,0.6345598275285538,28.881280255336634,-16.710378092818925,0.5748611605865752,1.49790323975906,22.565913097903362,1034.352413969016,0.8697267515597713,,,,,42.785341676278414,-0.07861248328117654,-0.39039687381793975,150.16896352848366,162.18248061076235,1812592310,0.3623843722061173,0.16348858842653094,0.5553955607529,clean,21.028312058624447,2.990769765463823,13.362378196524768,5.055413445110416,0.0,0.0,-3.7269449679189215e-19,0.0,0.0,-8.15999999999987,-8.541885069458784,0.0,-0.436123718671539,0.0,-106.53020820306548,-24.20685665553061,0.0,3.4203210869180967,-20.911804176838466,-6.515240932732335,-0.6381925385258395,0.0,0.0,-30.0,5400006
best_model,-46.082234968213704,3.7308677568634105,3.7975008782559034,0.19108158601569203,-2.3374482072560903,-90.0,0.4354314865815322,0.7436282047269613,0.004697012719589111,0.0,False,FAILED_TO_ACCELERATE,301,30.099999999998296,4,635619.0000313772,1341.0207151787506,3716.5556678776456,2758.3727620459995,wet,0.7304086212495229,28.939019926798665,6.029957084081417,0.18711609090939296,0.018480741374018006,20.185460616145775,975.6647690786039,0.9263787134445113,,,,,27.033027852794866,-0.059226177179425576,0.043400583232548945,126.1422717742256,136.23365351616366,797985037,0.89218446612402,0.03613057026534875,0.0672269857542306,clean,1.0299179608825768,0.5977085628126979,0.770784911398442,1.114376483291248,0.0,0.0,-4.1928130889087867e-20,0.0,0.0,-3.00999999999998,-0.46552573777556744,0.0,0.0,0.0,0.0,-16.173460338762844,0.0,0.08589591888547009,0.0,-0.0319327289457538,0.0,0.0,0.0,-30.0,5400007
best_model,-335.9639018209205,27.88737251792709,104.17869677872271,35.16147646789827,6.896468681291185,1.9774756140260297,29.998862609465466,0.4921139097977603,1535.8847775201948,0.0,False,CRASH,1467,146.70000000002344,4,652757.3788444803,1301.543025189681,3383.1105729612455,2610.5087162208456,contaminated,0.4926198913506373,21.61339491685159,-7.005722645648365,2.569424082539327,1.1621375102204938,-23.939299583771973,986.2123220791567,0.9181586597873844,30.89999999999825,935.0323925007242,61.100000000000875,,167.17685729451966,25.939860221570598,-4239.982029947595,117.69734631982087,127.11313402540654,116947581,7.86371827692805e-11,1.6478798102875751,2.6623771898546043,clean,202.97755707619544,10.734009537114668,27.972344773642313,8.170829522201169,36.61911405500016,55.97932789718492,1.0375944088628164,0.0,0.0,-14.669999999999732,-91.66179516177885,-34.90789587536481,-12.328286780162816,0.0,-30.471654993155056,-45.87614441937914,0.0,11.833433523306105,-187.01864647064608,-140.9592171535776,-20.103317757954507,-13.291154002403823,0.0,-100.0,5400008
best_model,-81.47440602685502,6.987321722926098,10.043076462366747,0.5964135230959619,-3.287440563547844,-1.6106811671547168,4.311280577642733,0.735658318072343,0.275968692605602,0.0,False,FAILED_TO_ACCELERATE,1112,111.20000000004075,4,837698.9129767896,1321.7097526872217,3503.9806728151816,4232.406529232469,dry,0.9871654675566073,25.74465323380703,3.7081740141038977,3.073404279274833,1.9814233442637588,-0.2946220508929649,990.9933102550314,0.8814939706996583,,,,,37.53880957821955,-0.03191845103629021,-0.922570253654662,138.83423628762324,149.9409751906331,1702128379,0.6224065954546997,0.14884799394705459,0.39332689103714813,clean,32.80885933296784,6.636402847616668,22.162915166002364,6.4224754518990395,0.0,0.0,-3.9979955110402976e-18,0.0,0.0,-11.119999999999807,-6.032311480439828,0.0,-0.033169533545273536,0.0,-16.942177457502186,-58.578939241328456,0.0,2.5063370146783006,-22.587263786796516,-6.535583600948547,-0.18195073945861814,0.0,0.0,-30.0,5400009
best_model,-66.88499220233041,8.38468394919165,12.784413778166304,0.2548690810847176,-2.7406739861597247,-90.0,4.80342236322217,0.6570800612807528,0.09521933791529591,0.0,False,FAILED_TO_ACCELERATE,636,63.600000000002865,4,808322.7261507928,1346.0063918335384,3503.9718401007694,3916.262814322776,wet,0.7775186691326463,28.82077816915902,4.1361889959311355,1.5965964105127999,0.4428682589016618,31.158363310959473,1005.564032664767,0.9003295066872158,,,,,40.35030272428985,0.030525791706168093,-0.3403988840081862,142.59144272655067,153.99875814467472,1274844377,0.5077798252143391,0.08791368082944935,0.2919258838915478,clean,10.077023397337479,2.5059227009688505,5.49123455827374,3.577879743015338,0.0,0.0,0.001221031668246723,0.0,0.0,-6.359999999999909,-4.968073361566799,0.0,-0.1325021776975868,0.0,0.0,-29.583789426349018,0.0,2.182592425228502,-18.942139221850127,-0.7252854806432878,-0.009076390715663516,0.0,0.0,-30.0,5400010
best_model,-156.6160310175694,6.515520534120608,9.848438155750923,1.0693455258075917,-3.4141305709784633,-2.30442880049875,4.727513884704641,0.6703396162103334,0.2645441989261599,0.0,False,TIMEOUT,1801,180.09999999999306,4,885595.4513165298,1322.9525796008897,3637.1222733117124,4421.33557433439,wet,0.820772576776124,26.02495048709325,8.719247007367942,5.916514616063552,1.6294320551070292,-3.416081729788637,995.2921240481148,0.875205868717823,,,,,44.4019746328226,-0.014795331748246099,-0.2791046807953812,141.66507450750808,152.99828046810873,491957651,0.6460039573909767,0.17752942349047904,0.5659033993271856,clean,52.414015613968594,19.04242739103352,36.521355750146334,9.035277419840204,0.0,0.0,-1.115034171765561e-17,0.0,0.0,-18.010000000000016,-8.495118455868397,0.0,-0.03198839922329085,0.0,-125.67008597025534,-85.4193273651657,0.0,16.5462559871057,-25.50131105239522,-16.093751760263352,-0.9537801764928834,0.0,0.0,-10.0,5400011
best_model,-223.99727095404535,13.715488310232418,22.435437753111124,0.8233316989714583,-1.8384014621094877,-1.849806683577799,7.08742245090762,0.7840965127363615,1.1475452441072775,0.0,False,INSUFFICIENT_RUNWAY,1121,112.10000000004146,4,718700.2909744882,1324.863293738744,3618.7569854729154,5385.635326796676,wet,0.8942870872391854,16.19507928562101,-10.382366056464502,5.930561964423733,0.05324221947915053,-18.90453105812422,1005.539434899245,0.8415867865000511,,,,,78.15494812595297,0.5513299616932272,-1.4857858752270836,123.46655929322266,133.3438840366805,466745276,0.12023736651384132,0.500963775113202,1.0983358882931054,clean,71.25900983160666,1.9960060519250926,26.022709590773033,11.737013798054695,0.0,0.0,0.022053198467729032,0.0,0.0,-11.209999999999805,-23.430720950920495,0.0,-0.36470325138560583,0.0,-59.155194486337756,-64.95884067687525,0.0,1.5383515182058878,-63.838853518718935,-58.94165841479263,-4.672443644047169,0.0,0.0,-50.0,5400012
best_model,-45.167223307593346,8.22135131448979,8.370932135390314,0.2260471053256648,-2.231392883998434,-90.0,1.38397084211965,0.6710645460079147,0.05648483628328904,0.0,False,FAILED_TO_ACCELERATE,301,30.099999999998296,4,653087.2509177702,1351.5540814930193,3453.133636632995,3996.474902572944,wet,0.5551549416916989,26.471220942815684,12.290008284855503,4.646893558527928,1.1198756514341346,-12.709446146120357,999.9528703829992,0.8829168638791353,,,,,42.196633137428506,0.05643611433197293,0.07862346802837594,119.37422523241187,128.92416325100484,1747495410,0.577016601405095,0.05018835806537548,0.17359892964032833,clean,1.8965057721316418,0.12097471264198069,1.4130638545723668,1.634523834347595,0.0,0.0,0.0022574445732789178,0.0,0.0,-3.00999999999998,-2.2605306498127953,0.0,0.0,0.0,0.0,-14.897590929478087,0.0,1.7215736070175492e-07,0.0,-0.06642751872667932,0.0,0.0,0.0,-30.0,5400013
best_model,-81.71394374265844,5.569472893553981,5.658206692274798,0.7689688867809105,-3.396848142280984,-6.566007255597698,3.3404088586362626,0.31642745015941126,0.003161779990477953,0.0,False,LOSS_OF_CONTROL,77,7.699999999999562,4,724953.980577338,1292.1954546946574,4107.7221822977135,2225.7151592649034,wet,0.875671225940037,24.658904361094407,29.578129424298975,3.9953853150139107,2.207791311068964,4.644357690383391,970.1459204130296,0.9371284851756285,,,,,50.44433553515252,-0.025490568496479682,1.4321463178799076,131.64938281004237,142.18133343484575,366564368,0.774630036586168,0.0539349162420696,0.18295720455194067,clean,0.10517481786223812,0.031075738768758566,0.058002839982394264,0.950261589005822,0.0,0.0,-6.776263578034403e-21,0.0,0.0,-0.7700000000000005,-0.26538502000294517,0.0,-0.0029135002547823427,0.0,-0.2,-1.5420982111270405,0.0,0.00010558055816409151,0.0,-0.07816632173309493,-1.2557179456526773e-06,0.0,0.0,-80.0,5400014
best_model,-242.5277287112809,27.034647738320714,146.86741078287187,62.358604681587,12.421963862905665,5.25064836430635,17.35332499205236,0.3613620056881786,811.8382723758023,0.0,False,CRASH,1641,164.1000000000076,4,582257.3897482255,1308.8137340501369,3965.3629218385836,4494.470143304448,contaminated,0.40156535960487055,-4.434729629277334,13.040156126355287,2.392790076106854,0.43358002356806824,34.692143915005154,1017.05837188654,0.886650571276321,39.89999999999774,1476.8159593538865,,,149.76028276291973,34.97231941480004,-3075.4092806913486,120.99863292693358,130.67852356108827,445745824,2.965102049603253e-18,1.2632984545644534,1.7887245180844937,clean,253.12069953368717,10.747670165048872,23.143473409186907,13.37356391067634,43.95339950090151,48.06984723364434,1.3988927765919548,0.0,0.0,-16.409999999999766,-101.03248207485895,-16.852548798444026,-9.68248264399594,0.0,-31.84471329751493,-32.97649505786001,0.0,9.088887523422295,-193.77824346710685,-119.64361326650787,-12.515171982985235,-10.688412175162286,0.0,-100.0,5400015
best_model,-13.995698787300135,5.24944350086049,10.276866725459525,1.0678728625431877,-2.8991352041171656,-0.361711813526445,2.9744708059512424,0.6356783987161201,0.7281637449050322,0.0,False,INSUFFICIENT_RUNWAY,1226,122.60000000004537,4,797264.9773885738,1313.8394118452093,3337.1536671365593,5195.53575946212,dry,0.9378425948757796,20.240178457791288,4.762396756301735,0.6669158830978708,2.2903017187666888,-10.835583576372155,1008.6340936205365,0.8510155983994566,,,,,59.72129956782015,0.26629841106478125,-0.12941498703899157,131.77151289212418,142.31323392349412,1275383443,0.7155034132827601,0.15232687504080086,0.3450101255863516,clean,65.58725078644324,23.325343132742184,32.271235641807294,9.051382141635491,0.0,0.0,0.010651936442591175,0.0,0.0,-12.259999999999783,-3.753829062917629,0.0,0.0,0.0,-10.568509828635795,-53.613361548695416,0.0,11.662895338020654,-17.747013335418394,-7.76254177530944,-0.19920221341501407,0.0,0.0,-50.0,5400016
best_model,-128.23649805631004,9.67343472859406,28.05091827614247,1.4458298819740898,-2.0353126066844784,-1.933321776724977,11.040618874923648,0.5899700828282661,2.0194075502095075,0.0,False,INSUFFICIENT_RUNWAY,862,86.20000000002085,4,852670.7362072137,1298.0127993559954,4254.690125014807,1903.6549967765736,contaminated,0.5338691174918917,-1.8961878068108575,6.359032393906869,5.56148145617718,0.3050274897974161,18.353246351165325,970.9838010168038,0.9483414158886911,,,,,125.97914790658595,1.654405865443323,1.719415179324244,146.01686281631802,157.69821184162348,770681518,0.08945964592331637,0.940548027737116,1.7809688657172522,clean,84.13902400756871,9.6966113826208,16.053122327382916,18.440224327496402,0.0,0.0,0.06617623461773295,0.0,0.0,-8.61999999999986,-8.962438067166065,0.0,-2.145626818723406,0.0,-14.241591372474948,-34.413993469739374,0.0,7.737209519473431,-73.13933416451538,-61.21526576960688,-11.630616193242615,0.0,0.0,-50.0,5400017
best_model,-103.40680304428354,12.949367191902917,21.31702497549484,0.2795833917796552,-3.602490082568297,-90.0,9.179172088468347,0.7008523223751677,0.0,0.0,False,FAILED_TO_ACCELERATE,694,69.40000000000748,4,979073.2767613064,1328.4722015569678,3336.30336649083,6261.123245038168,contaminated,0.5070795295629491,23.30321940865182,-5.454129737652966,3.695109188084753,0.4187434380425934,-10.727289868679692,1003.2635644869358,0.8228705790747332,,,,,37.12814686347654,-0.07522662624705845,-0.6387412210526655,146.44409703069007,158.1596247931453,1028092274,0.18477641904396636,0.13791396867876135,0.5386403409135958,clean,10.840165251731653,1.2871946632923734,4.6716591953571935,3.3119948921477085,0.0,0.0,0.0,0.0,0.0,-6.9399999999998965,-12.930462311720866,0.0,-2.821187845937724,0.0,0.0,-34.671290531343985,0.0,1.4301772971626923,-35.41930889047486,-1.8905059433268208,-0.27523882117086773,0.0,0.0,-30.0,5400018
best_model,-189.0433597907851,12.731783031944834,18.067750022150204,0.710309147230644,-3.093049799893864,0.13409117942967777,9.505129626239253,0.5318657360752218,1.1521599942482226,0.0,False,INSUFFICIENT_RUNWAY,965,96.50000000002905,4,921763.9771190195,1297.4706788810665,2900.2632965005837,1437.0137442491437,wet,0.6123131108384139,21.39619572088469,-18.66609654581989,2.33052019203338,2.877169760039677,8.074268452834382,1019.6417310869949,0.9594291700693289,,,,,81.69535670345618,0.5936713088694887,-1.724914258782384,145.64553328873887,157.297175951838,497722204,0.2169794593074286,0.19568726498821068,0.6329562677817591,clean,57.60122160443142,1.3736322453587595,22.067526363446664,10.562384466309409,0.0,0.0,0.023746852354779566,0.0,0.0,-9.649999999999839,-17.380539855720045,0.0,-0.9287871423808516,0.0,-131.43442592134838,-35.04661722236143,0.0,1.1889339119500217,-25.1453328638822,-11.242225825850364,-1.0328764030932376,0.0,0.0,-50.0,5400019
best_model,-181.17047500988815,16.39755522005593,44.34938629127765,15.31044675381374,21.93216361834984,9.849709837220248,11.194158321632163,0.5009892130485525,690.5510485245932,0.0,False,UNSTABLE_AFTER_LIFTOFF,1664,166.40000000000552,4,657162.9944797757,1331.0230818700566,3286.00630927878,5181.563041435726,wet,0.8806270601811477,1.056434376454213,12.40073342097365,5.838253102563777,2.4505065212175063,-0.8697149349775337,1035.1850063119086,0.8561354803044297,40.299999999997716,1446.3683059521752,,,144.44350730214555,3.5203072533695376,-59.40337003663025,120.19357756646816,129.80906377178562,1048676094,0.006270568826370638,0.6582050165710386,1.3365089685642804,clean,214.59288959881414,11.719488123131315,28.656874410455416,12.527897539320742,54.70202989331626,32.8700588811661,0.14081229013479102,0.0,0.0,-16.6399999999998,-49.712890645791106,-10.942527836135456,-4.955342713037117,0.0,-40.485637707508126,-51.76387835498925,0.0,11.621684396777907,-181.22742060040946,-103.07044170207267,-12.800526012247163,-6.403544570810833,0.0,-70.0,5400020
best_model,-210.20811367960135,17.7412287270575,25.01500317157014,0.7202911056556389,-2.4475273561061623,0.03547325853946289,5.761141097851476,0.7523803375184897,1.2019513809325417,0.0,False,INSUFFICIENT_RUNWAY,1277,127.70000000004073,4,794316.9858804591,1326.7931756551309,3981.199088878662,1630.7227139097904,wet,0.7995553259638861,23.031312574105044,-6.736264745792523,3.1468777886273966,1.6285252221247006,-13.901265098177134,972.8171872841515,0.9504322742335956,,,,,107.49734528709281,1.0723791542700383,0.216676525281585,133.18472276695547,143.83950058831192,128515053,0.046723362923629067,0.4256330705775372,1.0520964505044221,clean,78.52157565601395,0.24284873474028348,30.201895283522095,14.34801153779949,0.0,0.0,0.042895166170801545,0.0,0.0,-12.769999999999772,-44.65969758270548,0.0,-0.1188688406567234,0.0,-30.01575839719909,-70.50173650125944,0.0,8.976912819918882e-06,-62.89598263865973,-57.33996392410834,-5.26334115017122,0.0,0.0,-50.0,5400021
best_model,-246.86757886495096,22.574025784192404,162.57152784789747,59.97978060199467,11.697212807672546,9.398438329274285,24.44061572532801,0.5676241397910858,740.5128762016652,0.0,False,CRASH,1494,149.40000000002098,4,638343.7994180382,1321.1284507803498,4083.4821455730585,3910.1696867912565,dry,0.906730099521001,26.96735903256851,-5.294081208075347,2.8881030518867563,0.3646995567866571,6.757035901252632,1033.4017854515705,0.8916631332084517,31.899999999998194,913.3649737239055,,,166.73244761612725,34.31014782649163,-5241.055241502358,120.1257390396061,129.73579816277459,2138194522,1.7374709745365076e-19,1.1392286409057946,2.3565201998296708,clean,178.22785618101025,21.04063456861087,24.06514536756889,9.631423710196625,37.62013793035727,38.77244078606596,1.3724059130596846,0.0,0.0,-14.939999999999726,-46.229424853227485,-27.292937513924166,-11.542728529560849,0.0,-36.42249481829211,-57.8524487297241,0.0,29.64705091713196,-162.13913699995976,-104.32096640508314,-17.182934324702817,-9.321602064474463,0.0,-100.0,5400022
best_model,-157.8695308428766,15.821544751291327,30.679827770254384,3.637934678250695,-2.6230073880081957,-2.20300935477146,16.831891534983843,0.4721760665450024,1.6641963946108262,0.0,False,RUNWAY_EXCURSION,544,54.399999999996915,4,890164.410384277,1296.4141357611088,4065.150327492942,227.33917229540518,dry,0.927986162747093,-0.1314579066352195,21.09706857591704,1.1601069286353496,0.2056738619477554,22.87811212281286,993.675073380412,0.993507487203653,,,,,126.71801233117198,1.6641963946108262,2.4680770927681905,148.56397979686832,160.4490981806178,802417684,0.02309970802529865,0.9750237432418871,1.7394841964644634,clean,39.57051552751023,0.3313337230611612,10.436205008509734,15.65205800921934,0.0,0.0,0.06656785578443308,0.0,0.0,-5.4399999999999284,-15.130530600501114,-0.007225953034049563,-3.194037872020219,0.0,-52.240023359876986,-15.950483126002899,0.0,0.27346203750928444,-41.278762143417985,-24.042298099124658,-6.916311850492638,0.0,0.0,-60.0,5400023
best_model,-78.90429362175593,6.80832889941067,15.953824391880971,0.982729301416392,-2.7092657160710414,-2.69523383180863,4.223218459405469,0.6863494809136421,1.3398813328258257,0.0,False,INSUFFICIENT_RUNWAY,969,96.90000000002937,4,836282.3286877254,1293.1576571332168,3982.5300665381765,6965.971220494794,wet,0.7757786634039743,10.630400807574976,-3.2523863837081537,4.053244527804017,0.4486878925412646,-23.024989758055785,998.9683997422809,0.796243234920435,,,,,99.50962363197623,1.091288435264687,-1.2993643516995945,132.59486975960442,143.2024593403728,1663993805,0.4644420749016411,0.3997509414991094,0.6430826398581608,clean,78.99069212298205,14.333870417671463,23.516894367729282,14.763683499223635,0.0,0.0,0.043651537410587436,0.0,0.0,-9.689999999999838,-4.990709865341274,0.0,-0.03739366214657775,0.0,-9.566067633141472,-46.45502538587624,0.0,11.178508111825682,-57.81173059353572,-42.27988356607578,-0.9007829724815614,0.0,0.0,-50.0,5400024
best_model,-102.7886667477764,26.49373567593274,90.85989543450863,60.40762622824379,11.391682707159378,3.0479471752562692,14.764955166386798,0.5283800195348431,705.092031376168,0.0,False,LOSS_OF_CONTROL,1098,109.80000000003963,4,649345.2699912678,1303.1508508900927,3186.5479150846486,6253.016892222411,wet,0.8416002224973289,14.461461414207257,-5.666538737580076,1.288231594637816,1.4279534509900274,-11.4738885247917,970.7167366234103,0.8042394713114204,40.79999999999769,1427.936435421002,,,162.28957221667835,705.092031376168,563.2163419573249,121.08161381165004,130.76814291658206,1402638076,1.480824893119803e-11,1.3288724674241548,1.6908539955639672,clean,152.55319070260057,17.19216552309666,21.20455986011045,11.80911357158805,25.543705945912585,32.96853424444203,28.203681255046707,0.0,0.0,-10.97999999999981,-57.397791757792206,-15.102390709276458,-5.112765202363641,0.0,-22.62499603536783,-37.933672952199274,0.0,18.8220950848693,-95.39355763150694,-64.86862927832385,-14.638788440429236,-7.033120928181677,0.0,-80.0,5400025
best_model,-80.17087641879615,8.21436569298385,20.695761059123107,0.2696570751791676,-3.012095756355917,-90.0,23.791117159835505,0.3943686770112282,0.0,0.0,False,FAILED_TO_ACCELERATE,301,30.099999999998296,4,635630.1418672892,1294.1074912911854,3514.132561092254,4047.4617881691343,wet,0.5680514431210788,-9.56094244120906,-14.022851775133919,3.7374381637191227,0.7294346276006771,7.283518155833001,981.1625208529479,0.8891794284745453,,,,,13.304004216996846,-0.18428108918124053,-0.305844988169528,123.12959100263367,132.97995828284436,2125626527,0.3788721058053463,0.16089684930642847,0.7029280848405909,clean,2.09913679072692,0.7750459887164252,0.06305325951156246,1.7208900393307554,0.0,0.0,0.0,0.0,0.0,-3.00999999999998,-2.256690769462121,0.0,-16.810920867432003,0.0,0.0,-7.646567322798361,0.0,0.7532458996133542,-24.86494341588522,-0.8153016120634909,-0.17782440905396069,0.0,0.0,-30.0,5400026
best_model,-82.7452438301207,9.63220556785284,10.366004813227585,1.0634605457174324,-2.7747952297150142,-1.9865693958270392,7.597567992547718,0.19825484258843093,0.07150767726216145,0.0,False,LOSS_OF_CONTROL,103,10.299999999999416,4,616379.0217449889,1305.6855762691525,3695.588300614318,5996.147011913984,wet,0.8534133774402106,23.257044116324572,-26.73567030566565,2.930941378933235,1.5754325402063336,27.717170334734668,1044.3519090007537,0.8491918827266642,,,,,50.460475947968284,0.07150767726216145,2.788521374408499,121.52161267042601,131.2433416840601,121699609,0.43654008941150774,0.24970586781306778,0.6393996642329876,clean,0.684139369753577,0.04010823588945288,0.21569964393539212,2.4141832997389594,0.0,0.0,0.0028603070904864585,0.0,0.0,-1.0300000000000007,-1.061808506937962,0.0,-0.701919667929047,0.0,-0.2,-1.027672330575986,0.0,2.996958908453705e-07,-1.7110321385900382,-0.291249487599885,-0.07855285459153567,0.0,0.0,-80.0,5400027
best_model,-77.31537983974059,5.978567496289352,11.773165691644298,0.3858058261096383,-2.572516277086289,-1.344219183090491,3.8617945964058418,0.7498567662036986,0.16412858989315282,0.0,False,INSUFFICIENT_RUNWAY,1518,151.8000000000188,4,738477.9622982098,1344.759458536772,2949.040109800971,6837.077213572241,contaminated,0.4317267916766544,3.3264884062511335,4.6789712779814,4.48314362548702,2.9283316989774373,8.098975769989323,985.4936867763553,0.8191404132350101,,,,,38.964008181835815,0.05626322835996689,-0.8404903321023482,132.6084083840079,143.21708105472854,1726379136,0.6411457640010518,0.2046971608584896,0.6390812702992683,clean,58.13166474318518,22.269458270273812,34.75991163499789,8.205623088506728,0.0,0.0,0.0022505291343986817,0.0,0.0,-15.17999999999972,-6.028698089896624,0.0,-0.0076511414012523345,0.0,-3.67806094027793,-82.27230572564025,0.0,23.838452266758654,-46.59299373531945,-19.41755280425247,-1.3454779358090656,0.0,0.0,-50.0,5400028
best_model,-80.28361575249355,15.495574782994154,21.427839909299923,0.27104452794990364,-2.7120342591020674,-5.081128713026376,3.776659507655421,0.7705230189825792,0.09986470762260069,0.0,False,FAILED_TO_ACCELERATE,554,55.39999999999686,4,832467.8530269533,1351.0817438213267,4705.046161398055,2942.5535552225215,contaminated,0.4038924105798114,22.469412449214225,-1.807030947574061,2.101640132297123,2.8029125084737023,12.84018584779544,974.9588474944209,0.919828791249795,,,,,38.20829295259637,-0.04496940917306347,0.4068275005925237,142.6814611606298,154.0959780534802,2021240957,0.11192946371998436,0.10992370354186008,0.5068856909208151,clean,12.359506099142736,0.9966261685003297,7.44559386618673,4.471318062533029,0.0,0.0,-1.883801274693564e-18,0.0,0.0,-5.539999999999926,-14.780279130207967,0.0,-0.017938096713337303,0.0,-0.030639211217250457,-31.345745680455188,0.0,0.14775194711078835,-22.378601982213038,-1.4506056963428329,-0.16060209881743506,0.0,0.0,-30.0,5400029
best_model,-165.4123136391795,3.019889283306953,12.495289331684983,1.2291323625587256,-3.4588492922014438,-0.19322844061276595,9.743166841700061,0.5015232717509437,0.2694574313377416,0.0,False,INSUFFICIENT_RUNWAY,1106,110.60000000004027,4,931351.3702966952,1328.3866264254073,3180.3857836481093,988.3346484083505,wet,0.5909146712796803,-3.7954090263567597,13.572735294002689,0.7973516732221939,2.342360286885328,9.043108889621898,1030.4868703583659,0.9719461235337736,,,,,67.1875238791098,0.2280682982717508,1.3482571056019665,145.8665470000652,157.53587076007042,641075001,0.6363336950380862,0.45982986905720125,1.0121110545428178,clean,63.25096067472692,31.17087734114867,26.699756438025677,10.337382474093035,0.0,0.0,0.009122731930870034,0.0,0.0,-11.059999999999809,-1.1207136443862191,0.0,-0.759346849369575,0.0,-161.88684614113617,-36.04391568003303,0.0,39.75655882488158,-36.453795335244806,-34.300144355110504,-5.012210118705924,0.0,0.0,-50.0,5400030
best_model,-165.4911234443926,11.922596098891262,24.29915676139796,1.8006191823960687,-2.2524266278972953,-2.021031423457408,8.66176409485704,0.5604336232091887,1.4948331771538506,0.0,False,INSUFFICIENT_RUNWAY,891,89.10000000002316,4,763797.5120424626,1292.5494112673741,3824.229555024755,6325.491956380845,dry,0.9028345441937281,-3.8002107284275377,12.888846143912895,4.570558586711608,1.8580205069278404,-7.361410067413164,1000.342549788882,0.8230983244600639,,,,,117.31547343796503,1.470162149733369,2.4555059647708433,130.31825735112594,140.74371793921603,1709594929,0.05701106373280824,1.1014576403078318,1.5024754024697289,clean,75.56736102764992,6.632743047855859,16.70687600676362,18.84130857440839,0.0,0.0,0.05880648598933476,0.0,0.0,-8.909999999999854,-14.07268147599243,0.0,-0.8963407612715414,0.0,-33.73127849299775,-32.40568321347218,0.0,6.490643261904553,-85.05629444105816,-55.02841913787458,-9.688164326296278,0.0,0.0,-50.0,5400031
best_model,-37.96126739148396,9.321506102825593,9.33830202773556,0.29091796346477455,-2.4698141638839903,-90.0,1.504290387701117,0.1820112057236474,0.0,0.0,False,FAILED_TO_ACCELERATE,301,30.099999999998296,4,584069.625436873,1319.8213008035762,3704.224087421938,1513.7763280846057,wet,0.6106347048804956,13.369453783452123,-20.65138192721917,1.4223321261383102,0.19656711883629419,10.828400939624828,974.4552863705499,0.9576360346582903,,,,,23.35116253999001,-0.0879468039670428,-0.08135072353163782,119.1439645443718,128.67548170792156,1670380064,0.4963316770793529,0.0,0.0015886575837915679,clean,0.0006668314476370079,3.8391926616056236e-05,0.0008519090715454055,0.009116258051090618,0.0,0.0,0.0,0.0,0.0,-3.00999999999998,-2.906003698169941,0.0,0.0,0.0,0.0,-2.055937083812041,0.0,1.13183598569087e-12,0.0,0.0,0.0,0.0,0.0,-30.0,5400032
best_model,-183.1168309445448,19.433042175924697,25.648020769449673,1.4782417289504022,-2.3660232272822297,-0.7664345807763023,4.970547435863744,0.6681852352758533,1.3265018592746856,0.0,False,INSUFFICIENT_RUNWAY,1112,111.20000000004075,4,861765.5149550642,1337.9337691686733,3615.1320003645915,5095.8883645827045,contaminated,0.3568452171560657,18.378481023361715,-19.11938873166929,2.942277360475093,2.320632425270219,4.043320303002918,1039.757738207935,0.8607183726539852,,,,,89.98175410445019,0.6910589365888882,-0.8271600178113836,138.50466585298392,149.58503912122265,226928287,0.03348636477080172,0.19421646776326232,0.81545962853511,clean,71.2736610567008,0.016775095913183557,21.748526783455727,13.589453231013998,0.0,0.0,0.027642357463555513,0.0,0.0,-11.119999999999807,-46.65990650788105,0.0,-0.3364805056092893,0.0,-93.59100804521033,-51.95431251975768,0.0,7.270994117722595e-10,-21.07969063381019,-12.328934308204158,-2.7025569493465325,0.0,0.0,-50.0,5400033
best_model,-44.940446494139415,2.916281103639933,3.3294655480504307,0.4406614462483007,-3.0126727868342194,-90.0,4.444551930519855,0.60207379247131,0.0,0.0,False,FAILED_TO_ACCELERATE,301,30.099999999998296,4,866386.1867954619,1340.3981828599842,4766.645751611735,935.8277461434142,contaminated,0.4296467333366975,10.636261855865826,-17.863613924106783,4.873912020048663,2.7202314659399827,15.85999083830955,1036.5894643231468,0.9739897300611553,,,,,25.849995666391766,-0.14810330163356866,0.49444803644585505,141.87212699383218,153.22189715333877,526571269,0.9306584925393595,0.0,0.07938934565199048,clean,0.2649188861836406,0.18423772590427825,0.12296073068150248,0.28356879880690766,0.0,0.0,0.0,0.0,0.0,-3.00999999999998,-0.28443481534551673,0.0,-0.15353782968002075,0.0,0.0,-12.417797182154402,0.0,0.06963719146420468,0.0,0.0,0.0,0.0,0.0,-30.0,5400034
best_model,-206.6433928024945,14.627830465589405,20.668943815880425,1.1114536912055668,-2.265548245619806,0.6982003901353981,7.647771321548122,0.7075367606604261,0.7695302302568052,0.0,False,INSUFFICIENT_RUNWAY,1411,141.10000000002853,4,742944.9091733748,1327.636970044792,2835.550063798681,2964.8446544703543,contaminated,0.46299727662620077,26.83639201037259,0.9457691250656919,0.8004926079876296,2.793698671508004,-11.115618524439517,1003.7623771799958,0.9124883028401272,,,,,42.85234556668847,0.07508798741309874,-1.5164861005743857,127.4472507299669,137.64303078836426,1097755058,0.11159656891940042,0.47872498059676233,1.1294813788946014,clean,56.19194826579501,2.0967069855982094,28.88425010239402,7.704424889233852,0.0,0.0,0.003003519496523978,0.0,0.0,-14.109999999999744,-33.546277938607346,0.0,-1.1503411050154755,0.0,-2.907030488538978,-72.17474944656746,0.0,1.9968530660174937,-67.9373138721257,-53.60727670232317,-8.087590077850155,0.0,0.0,-50.0,5400035
best_model,-332.9265581106303,27.57665098807806,60.13544850726864,20.642435576555645,17.12939120526913,4.386953586294833,13.770108984554165,0.5191582296573254,798.2990185529916,0.0,False,CRASH,1109,110.9000000000405,4,592490.6910027082,1303.249692402369,3438.8312722832475,4131.109891845215,contaminated,0.5183237500588685,27.38712974050315,14.814610532738556,1.0533795361889415,2.194786234032893,-21.169592604098835,997.8715678929301,0.8748876794692615,39.19999999999778,1200.0731694279268,,,155.82740152844804,22.7835386181805,-2271.249400578659,112.05827280968967,121.02293463446485,391823691,1.0052086065326547e-05,1.0692621254197023,1.7601319386808147,clean,120.38109639751627,5.351349042946779,17.312081074414067,9.512969621127482,22.70582716216322,21.423620217745313,0.911341544727257,0.0,0.0,-11.089999999999808,-93.70004061571129,-16.150802630599642,-7.118745268818404,0.0,-43.109860354032975,-36.13090283437481,0.0,6.808054325985649,-115.69308823159491,-89.56438931108029,-15.335371864180647,-9.439696386860396,0.0,-100.0,5400036
best_model,-209.93588628480904,13.02089572228345,24.475850884134935,12.615809124119414,21.25728597626313,16.216544627514445,13.736723305373863,0.6284409650859148,816.100903218392,0.0,False,UNSTABLE_AFTER_LIFTOFF,1389,138.90000000003053,4,577805.2844021122,1352.3392070237458,4125.976269576278,3074.6074992986637,dry,0.9460566720823229,20.028142501319238,-6.047922384798355,0.005894014155162219,2.510852303632919,32.511185555606815,978.7727279033944,0.9013108193951259,76.90000000001345,2451.241868840306,,,102.52093566896147,816.100903218392,861.8963004037544,122.45423483899434,132.2505736261139,1073372598,0.05277788175395606,0.8371076354491996,1.4620083517832774,clean,123.98234727994323,7.4192476617282885,26.322828056583006,13.054108669246318,23.410823564898813,35.20249679937226,32.64403612873568,0.0,0.0,-13.889999999999748,-26.166248288366067,-6.2365450222326135,-2.2771625695730626,-2.607442493492271,-7.99737014792536,-61.507106107519206,0.0,5.22509904765279,-156.28932928981644,-114.34893464304598,-13.062844891155038,-2.8138900398397033,0.0,-70.0,5400037
best_model,-37.90536683684512,4.594246398815489,5.598235523332861,0.18078960105591074,-2.180682868044272,-90.0,6.521767795863013,0.2624416381021669,0.0,0.0,False,FAILED_TO_ACCELERATE,301,30.099999999998296,4,643719.0071173231,1353.3309362677421,3806.8457257204373,3766.787565250696,wet,0.7056611841104912,-5.323560096756013,13.818578717321255,0.38717041328843194,1.044899701320979,13.4812780360255,1009.0876627241778,0.8985498086823297,,,,,13.28363834936879,-0.16199553542173817,-0.04776776508490288,123.45898224590361,133.3357008255759,946487247,0.81398638451461,0.15598190421475525,0.1060662595586443,clean,0.5995885804422122,0.30674254385122,0.15097487525161424,1.101867018141325,0.0,0.0,0.0,0.0,0.0,-3.00999999999998,-0.7059152324313068,0.0,-1.124476595770068,0.0,0.0,-4.771010818227991,0.0,0.045603085678593135,-0.018631473788372665,-0.48010881999234,0.0,0.0,0.0,-30.0,5400038
best_model,-101.68601842247114,3.6929620110446435,7.228334487871,0.6320297783237068,-3.857205493544898,-3.729927138585294,9.340160263036148,0.4207222047271418,0.12030428594061959,0.0,False,LOSS_OF_CONTROL,163,16.299999999999073,4,903939.572928614,1304.5921988860823,4669.290088964075,4612.371854423456,contaminated,0.415147748504866,21.505460792641852,-27.094424083794525,4.4329470530211665,0.050407237796249116,7.149994196338518,981.6970903511952,0.8745187396682585,,,,,59.30343891256276,0.12030428594061959,1.8162078162382045,146.76194349048802,158.50289896972708,1312733710,0.7796292532585329,0.30850571580358993,0.8627345222059823,clean,2.105905748927886,1.4501509046970054,0.654979208211738,4.1638710298171775,0.0,0.0,0.004812171437624784,0.0,0.0,-1.6300000000000012,-0.24699876129423118,0.0,-0.3897471682448164,0.0,-10.799999999999994,-4.531349442136998,0.0,1.5094776360575086,-8.148056169256652,-5.510523343817604,-0.31854023686978633,0.0,0.0,-80.0,5400039
best_model,-70.02503435163297,15.905211153782494,37.53863483016719,13.490115074431648,15.155478508678803,5.785788423996288,13.861431605905398,0.5522446608501478,858.85005115326,0.0,False,TIMEOUT,1801,180.09999999999306,4,703653.7732410089,1322.2952014214204,4128.9428078611945,1583.8080289640095,dry,0.9291130655020302,5.675867231064014,-5.953452886415434,5.244667115976357,0.8920526020886143,30.410624249544078,972.088257936042,0.9498714515112716,54.49999999999691,1781.2382557501019,,,143.29334032358088,335.2188702393821,631.3243711686372,135.15231712196285,145.96450249171988,95350066,0.01286312700571161,0.7589039515522321,1.0241274293024558,clean,252.69478416944474,10.902839963993747,36.49558957683735,16.938333445299275,49.563064097928226,37.8399373891871,13.40875480957533,0.0,0.0,-18.010000000000016,-50.62325678504217,-7.716943749415946,-3.327448340738176,0.0,-19.012485011215286,-65.62319357323041,0.0,11.2760234034736,-184.7885848680966,-127.59331230568263,-6.749937237909166,-5.699199336037404,0.0,-10.0,5400040
best_model,-321.47664282507594,14.397809556676025,34.321828757089165,15.10306375358525,27.828138837461204,16.132606056404025,13.363781842187773,0.5678018183867134,766.3761437440971,0.0,False,UNSTABLE_AFTER_LIFTOFF,1250,125.00000000004319,4,579093.1387680129,1345.1518386919927,3636.012942308571,3210.337848823038,wet,0.5620714295848154,23.052047692182207,-3.654670833254956,3.2984874402993682,1.4630426705850421,33.070800934825584,990.3942914801326,0.9113801720149031,44.0999999999975,987.9319657567651,,,97.35070041846883,273.7491000553355,659.3202905437022,121.97554378973982,131.733587292919,1606893857,0.01988438340330514,0.7740328484595285,1.8990390269256059,clean,105.25579946810899,6.453685640477281,14.190222185664746,11.081137210400477,4.408850067339436,31.285800608394105,10.949964002213447,0.0,0.0,-12.499999999999778,-28.7912388930988,-13.766399242689285,-10.868899602860687,-12.122703313651678,-54.701634890101204,-48.3193702645354,0.0,6.113248492358578,-133.99345679763974,-96.04907649576384,-22.001851882788163,-8.100719116901097,0.0,-70.0,5400041
best_model,-38.54105450213093,1.5785919618442006,2.847532001156736,0.8017182197304825,-3.3722223454821365,-90.0,5.79149810565672,0.6034023936668765,0.0,0.0,False,FAILED_TO_ACCELERATE,301,30.099999999998296,4,953354.8366473124,1335.5304558195155,2872.497973784809,281.1895485607513,dry,0.9445608049552549,6.820025572271593,-21.049809544063073,5.210108765882445,1.8320741900182342,-11.890232031814008,1026.8016842135169,0.991111439654533,,,,,31.998825909271176,-0.12764152869192458,0.37412371992612936,142.54224990687666,153.94562989942682,1248552409,0.9608096487871252,0.10980657167772737,0.3815405272261521,clean,1.8185081492359183,1.4985143499444047,1.064646804510732,2.0526794428780093,0.0,0.0,0.0,0.0,0.0,-3.00999999999998,-0.08334196968685949,0.0,-0.4287571855229651,0.0,0.0,-12.39426480595722,0.0,1.6721699001346308,-0.3758486174391567,-0.32601222974121785,-0.029348340487212823,0.0,0.0,-30.0,5400042
best_model,-123.96512510772884,10.421296512983046,15.638518798565268,0.36725075194089574,-2.9367297725475585,-2.6278890742648464,7.388147489995567,0.8042965349049214,0.08278206604109073,0.0,False,TIMEOUT,1801,180.09999999999306,4,833629.1243253442,1339.5113976700927,3925.2188480008663,2902.5461908251264,wet,0.7917105750821791,3.6082201237367517,-0.6400316263759109,5.481538336473876,2.816845173575797,21.365403244558614,1038.243122442236,0.9229994227166881,,,,,41.75907795065556,-0.030535190019691072,-0.1072650432980371,140.30683520817095,151.53138202482464,892278883,0.3373914830014476,0.24545219257134093,0.823107739309407,clean,61.68450218873889,2.876499764502423,41.60753192015892,7.822416575507093,0.0,0.0,-4.607859233063394e-19,0.0,0.0,-18.010000000000016,-21.732751249081545,0.0,-1.084085470115976,0.0,-1.1525441229555027,-107.49616853039701,0.0,0.0063156464590373145,-42.64058654814953,-32.38429824263811,-3.4619570397570856,0.0,0.0,-10.0,5400043
best_model,-50.988863300510474,11.11550694484514,12.930245105615706,0.520291872154936,-2.861594355635605,-90.0,6.916973237673582,0.6535297205809869,0.0,0.0,False,FAILED_TO_ACCELERATE,301,30.099999999998296,4,679001.0374105949,1315.1532323474519,4118.563582754275,1888.2813286018554,dry,0.9145126903743563,24.432616889193028,-12.817173779479734,3.363744078186924,1.8072866901289422,-2.2960905446461304,981.117605646198,0.9451184109775749,,,,,29.68375960878838,-0.07730701264517847,0.06169155971577758,125.18362968191667,135.19832005647,1628756030,0.3287030748488512,0.26103317420730276,0.1358834061122295,clean,0.777135938676178,0.008689123995694317,0.1477061845795768,0.9353138569345177,0.0,0.0,0.0,0.0,0.0,-3.00999999999998,-4.132211431879009,0.0,-1.3707132475723025,0.0,0.0,-13.441673612564752,0.0,1.7115732619839976e-10,-0.2569237060480122,-0.6461864068034963,0.0,0.0,0.0,-30.0,5400044
best_model,-87.45402559085267,10.130290424870788,20.048501554835877,1.0206372078330184,-2.8285720899069284,-2.828672591637499,8.161494483257759,0.5613388431701689,1.2520773398637175,0.0,False,INSUFFICIENT_RUNWAY,1029,102.90000000003414,4,901954.7991046141,1298.738234804333,4286.0858047264255,6138.6865818143415,wet,0.6167148731747417,6.750522495843583,5.588799987593427,2.93058894883034,0.0887218824213668,31.691012890943647,1042.2059157094277,0.8476664506985133,,,,,111.64945342886463,1.2520773398637175,2.468342206509817,148.07559388182545,159.9216413923715,1885089752,0.21626770122699215,0.607760746194539,1.0669097713772895,clean,85.0376952516977,4.974536001338316,23.945849518909373,17.17161250243829,0.0,0.0,0.050083093594548656,0.0,0.0,-10.289999999999825,-11.733204981211502,0.0,-0.4318923133326592,0.0,-4.806864618512223,-37.93174651152648,0.0,1.571726141345285,-51.11507204254574,-49.28214653053759,-4.614601102509206,0.0,0.0,-50.0,5400045
best_model,-232.88450640092748,12.362249054853102,27.292004984807853,18.048287239028443,19.9596253435401,10.578925608830609,15.826340523007984,0.5891761337759114,869.3820695171239,0.0,False,UNSTABLE_AFTER_LIFTOFF,1428,142.80000000002698,4,708670.6139505025,1336.3751411176615,4198.666282724316,2626.3776500287454,dry,0.9602832335889818,20.09390045143883,-15.680901129197713,0.5735077070790131,1.160351299412497,-10.516169657299992,1027.9904539308686,0.9221431790682518,39.19999999999778,1152.6807870294604,,,160.35964151815676,5.271804151732795,-1064.0182827311546,123.13021873398604,132.98063623270494,234908210,0.03345365480577454,0.8332715001641937,1.7318208087354552,clean,163.16913648250744,7.569944517125791,23.311049877380665,10.485870555970246,44.75363068117361,35.8477464317896,0.2108721660693349,0.0,0.0,-14.27999999999974,-24.24826533548237,-13.531937310232932,-8.75835531981286,-0.02270132961781862,-50.60038219608774,-57.38317328889385,0.0,6.84791634454625,-150.1285629837436,-108.0524546475858,-19.803790878301918,-8.271050167728115,0.0,-70.0,5400046
best_model,-263.99110594422734,12.214207572316987,30.04948806945558,1.5875334351158268,-2.954479148451533,-1.9787100571955616,4.743307372344618,0.5197160511966233,1.051290023447109,0.0,False,RUNWAY_EXCURSION,1187,118.70000000004671,4,895242.4669692894,1307.1378151001716,3223.5833349281866,4167.7600483109445,wet,0.5576777963291363,28.111371664860435,19.258685355584888,3.922197286276735,1.7759773192444912,14.365135955144353,979.9469267816692,0.8886242732506675,,,,,77.35182079471959,0.30334755891362875,2.164053662769163,147.95968623615644,159.79646113504896,1395226180,0.11789736388132167,0.30383933535300983,1.0495309871341927,clean,63.38017654753921,5.577250295170538,26.540162325781033,12.453404978870871,0.0,0.0,0.012133902356545125,0.0,0.0,-11.869999999999791,-19.676090075279944,0.0,-0.0878200029999878,0.0,-153.46765216896273,-38.47284813857563,0.0,4.8288436846765315,-57.9023728858109,-30.502990589168874,-4.803303817822822,0.0,0.0,-60.0,5400047
best_model,-66.95874380399975,7.716570951979503,15.206754981304542,1.0515868149527574,-2.2023608374922503,-0.7908150095779976,5.029535897648824,0.694259772333397,1.8936235382705036,0.0,False,INSUFFICIENT_RUNWAY,681,68.10000000000645,4,845355.2469012628,1292.5867238864273,2896.5597050224173,889.2165221782914,wet,0.8026364126857063,-2.7293970682622293,-1.521946105768458,5.868684279763027,1.8091453671979139,-6.991318172801385,991.4892261254237,0.9732354846458121,,,,,108.76544853245075,1.4458019998668306,-4.525107812876641,137.80093459209945,148.82500935946743,2140679366,0.42699362621868264,0.4216302720717233,0.888878328323992,clean,57.537122634017194,9.856607938038522,15.290373283673839,14.573460545326402,0.0,0.0,0.05783207999467317,0.0,0.0,-6.809999999999899,-4.505607022441328,0.0,-0.15912211389755973,0.0,-2.1148535063046197,-33.280645185651416,0.0,13.064946066856882,-46.86459482059747,-31.957731997644657,-1.6465317053699793,0.0,0.0,-50.0,5400048
best_model,-109.5897543471637,8.541207659336903,14.020026845952462,0.6630536506934045,-3.2357810837375003,-3.0158757165857093,5.815267638368043,0.5286581642480365,0.037135308889446605,0.0,False,LOSS_OF_CONTROL,329,32.89999999999814,4,949651.2966413085,1341.0822186162277,4288.923284077813,5226.264191442685,wet,0.8310665323044761,9.4313713945512,26.45739244337313,4.110348510911884,2.1519865258131015,24.63295842282796,998.3762772023113,0.8662888383612368,,,,,50.6743692016857,0.037135308889446605,0.8855142616987877,153.5172863519218,165.79866926007554,1699661984,0.47853548055388734,0.10445977075798162,0.3514086050428489,clean,6.582680168702955,1.882384266619866,2.672727916400343,5.87067628527567,0.0,0.0,0.0014854123555778644,0.0,0.0,-3.289999999999974,-2.6668092337880176,0.0,-0.2810210028046994,0.0,-0.2,-11.526331738682346,0.0,1.7198364448821541,-29.565318380079006,-0.7757193400184541,-0.014345146027775835,0.0,0.0,-80.0,5400049
best_model,-256.8297974041769,13.531061688119198,30.076031705171076,1.761861421901637,-2.502705874817735,-1.671645218637741,8.517806253244318,0.5415634197308452,0.5540652655299709,0.0,False,RUNWAY_EXCURSION,752,75.2000000000121,4,874289.9901919357,1355.0605395040625,4399.389065595858,6436.938057897298,wet,0.6405366268872266,-9.159170327847432,20.886997591588422,3.227228009662066,2.218611487661068,32.76920620159528,1043.9545315895546,0.8412625217459808,,,,,75.04026460359991,0.4406340723771791,1.1133682915431464,145.91018329015807,157.58299795337072,343300710,0.03463973420254444,1.0384904954214806,1.7752474187416085,clean,46.0186756435797,3.7013993086632566,11.863563393174092,13.413980441374235,0.0,0.0,0.01762536289508713,0.0,0.0,-7.519999999999884,-15.298155785175627,0.0,-1.2696463659884405,0.0,-79.4361145722898,-27.55215244879024,0.0,4.300472392361179,-77.6540201331507,-55.83769604385622,-11.577728596972571,0.0,0.0,-60.0,5400050
best_model,-38.79687176284089,6.9865925254365475,6.990057328386204,0.22658221269480047,-3.1118523270489247,-90.0,2.1324012905348892,0.28272645787675227,0.0,0.0,False,FAILED_TO_ACCELERATE,301,30.099999999998296,4,925244.6236482958,1343.7161151462096,2897.877796845628,1077.3896842844222,contaminated,0.46126933514099716,9.851520992960726,-15.921859769657743,2.043638909215253,2.6812171075795104,27.199602978100593,1005.8058039647075,0.9712205184903513,,,,,18.809468612472998,-0.1650502809209229,-0.004672885177318363,151.58916051602995,163.71629335731237,2007647043,0.6747629999865288,0.0,0.0027747265985393287,clean,0.0054455636193600325,0.0008091245861405052,0.0035807275435183945,0.03058850267269229,0.0,0.0,0.0,0.0,0.0,-3.00999999999998,-1.6325061122291367,0.0,0.0,0.0,0.0,-4.194789640584662,0.0,7.155120112454197e-08,0.0,0.0,0.0,0.0,0.0,-30.0,5400051
best_model,-41.836269497068514,8.490931757770992,8.801197868311393,0.3156808984794741,-2.6329973455524742,-90.0,5.846693745302605,0.3700519779723878,0.0,0.0,False,FAILED_TO_ACCELERATE,301,30.099999999998296,4,715536.8236091252,1337.0219957871616,3320.5953041444973,745.0656519751392,dry,0.9306714383843468,9.720400917498715,-18.22441741282625,3.350711936479014,1.3278154182068813,4.895762508520484,984.4610522036842,0.9783809865866258,,,,,15.01283105395641,-0.13188558262550032,-0.1762077562753446,129.89284674538627,140.28427448501716,496545058,0.5560021416265217,0.0,0.10925895409819791,clean,0.23203140451634238,0.014600890379098721,0.0682826153104978,0.4255633397138447,0.0,0.0,0.0,0.0,0.0,-3.00999999999998,-2.4112080618502563,0.0,-0.7985133861061772,0.0,0.0,-6.357026324032064,0.0,2.500021331903269e-08,0.0,0.0,0.0,0.0,0.0,-30.0,5400052
best_model,-66.8912206089787,6.767005768422173,10.299757805573456,0.3372985235081438,-3.353645061446369,-90.0,19.084416955009115,0.4572590317572997,0.0,0.0,False,FAILED_TO_ACCELERATE,301,30.099999999998296,4,750844.1865180782,1300.8151404270716,4211.36446946316,7429.06018329622,wet,0.5949575843277964,-4.027374070854832,-22.228708923631448,2.360241127863608,2.8665043952567237,-9.324227069169941,981.3206191276447,0.7936592908245145,,,,,22.855913144590414,-0.17112779125454836,-0.1985536313186076,129.9980068765816,140.39784742670813,1936759476,0.637127969199195,0.1209361025967359,0.6391400456258759,clean,1.8049464459872389,0.792261644695495,0.15865162710133307,1.3504704656568323,0.0,0.0,0.0,0.0,0.0,-3.00999999999998,-1.531500276447504,0.0,-8.329962666289354,0.0,0.0,-9.054501310350881,0.0,0.7508401796124219,-19.405916365473523,-0.2748188961199039,-0.14169145735087033,0.0,0.0,-30.0,5400053
best_model,-163.1491593960402,10.580852555448331,23.722838571647255,1.3756176130291682,-1.8846618813882463,-1.8639313581093873,9.296722982383926,0.5728420953442569,1.8417158163072145,0.0,False,INSUFFICIENT_RUNWAY,694,69.40000000000748,4,757458.7746062564,1295.320640481301,2856.940763097177,1193.090294652104,wet,0.6125293539141001,9.487417518159326,15.600796110057662,5.382913153218631,0.7219634893225404,8.052145358843553,1011.9367278598367,0.9661112828880989,,,,,112.26059495563608,1.391559077356078,1.2060189450947334,132.52496803960034,143.12696548276838,1513530937,0.10023918657799269,0.9448282744431956,1.5663868121567968,clean,56.48581747744518,6.105710774339889,12.59639212599825,13.300074970518597,0.0,0.0,0.05566236309424305,0.0,0.0,-6.9399999999998965,-8.632931323921706,0.0,-1.123327160848252,0.0,-38.3356826155289,-26.118955581360723,0.0,6.530338341176409,-72.71006566519264,-46.18150425568264,-8.180688846076917,0.0,0.0,-50.0,5400054
best_model,-314.2640841206702,31.07724174113694,133.85562235928353,60.852445005173685,6.466830548806998,1.80859457552221,17.66791263846766,0.5600988446415958,927.7287600790946,0.0,False,LOSS_OF_CONTROL,1176,117.60000000004584,4,622807.8235058725,1299.5695833912987,3992.784098053986,2755.950370240566,wet,0.8058002756211732,22.512515216184987,-17.038825684391554,1.0184698251578328,2.6239023013424125,-15.442338938140868,998.5932407838109,0.8949465727263377,35.399999999997995,1267.4524505972247,,,161.91591308523792,775.1652217340347,-724.5560517887786,116.07325814030962,125.3591187915344,1069033433,1.0469093043742309e-17,1.7959685119044688,2.1153146605654176,clean,155.20614475845898,8.70409554194938,15.996202069592531,7.684245226183426,24.505340399045746,37.93429917613102,31.006608869361425,0.0,0.0,-11.759999999999794,-63.78618986406893,-45.258122143790914,-9.42838131081992,0.0,-52.78072970013062,-44.94500993234476,0.0,9.152768613339163,-142.0068558243039,-113.30429756141814,-23.83903821467772,-17.34516422317311,0.0,-80.0,5400055
best_model,-48.877887364360205,25.240928803899585,127.99049321851804,18.796417823005648,22.645381253098385,9.809609400002376,9.495864432600323,0.47419309590905745,2048.090682046273,0.11594202898550725,False,LOSS_OF_CONTROL,1499,149.90000000002053,4,695805.2583518588,1328.8444370543791,2966.0756153871775,3838.2413197615815,wet,0.5949970879283337,-0.36979686854619587,3.8418659291850963,2.373665860255088,2.4639323296450804,18.886956377560587,1036.8270555216961,0.8541598798183859,46.89999999999734,1641.1212637124463,129.30000000003926,,119.23791530213768,1786.0541421125877,-6455.176863356829,127.7576179908175,137.9782274300829,1834233121,4.7394138432050943e-11,0.5130128078767047,1.109544670278859,clean,205.559689365027,9.5285424669195,27.5117458692182,15.178131482158957,30.66233564871505,53.95382874594939,39.999999999999986,2.400000000000001,0.0,-14.989999999999725,-57.9545865514915,-11.409036376570034,-3.255225717904233,0.0,-25.55151876941419,-44.78516714661068,0.0,6.934941945441891,-125.94332901663012,-65.05779836799658,-7.417024880674969,-4.243416060495951,0.0,-80.0,5400056
best_model,-101.09118625990817,18.85482927968735,72.69262558942737,17.36505162710407,34.428537420158634,9.07322093072907,9.853105295024726,0.48380593158814467,1830.082633217821,0.0,False,LOSS_OF_CONTROL,1510,151.00000000001953,4,648879.9002868643,1316.363138645068,3716.397803515524,635.539958474465,dry,0.9474046479730841,5.553664092228882,3.02288602041909,2.9817656378367836,0.9582883558300438,7.939636059421787,978.8703172358761,0.9398384619709735,32.399999999998165,1072.5948167492993,76.10000000001281,,118.4895270077818,1514.4992106076772,-6628.367679339041,124.69009947709661,134.66530743526434,1984505825,5.508847100784306e-05,0.8441401382966552,1.146468943440609,clean,223.14384166515583,12.883682807920776,28.88956902024646,10.195815601756344,34.64937035263433,64.22578726986293,39.99999999999999,0.0,0.0,-15.099999999999723,-57.91950939369835,-12.130909082910899,-2.4803754466069226,0.0,-15.8337131888409,-46.99452217351805,0.0,13.566423260214336,-154.37859653463107,-129.115985105904,-7.628059889688447,-7.064005421896096,0.0,-80.0,5400057
best_model,-165.14775371345885,5.503637630907496,10.89158570737499,1.7471837519704274,-1.5327121707534128,-0.6806899807117831,7.631636528096897,0.6377726648293018,1.4622567816454648,0.0,False,INSUFFICIENT_RUNWAY,903,90.30000000002411,4,682441.5064177066,1314.5766459116126,3105.6527052080273,4016.329456439447,dry,0.9959436035708766,27.94029765413476,12.616780448080231,4.279246817546305,1.0751133137922815,6.123299911509189,970.4402676024821,0.8895403940593142,,,,,96.73808112530365,0.9250909150864572,3.4085446929669416,128.03376860280872,138.27647009103342,207725307,0.3599229148842558,0.8198042329070738,1.51653433163451,clean,61.456745681877294,16.94820489729466,18.542562728057337,11.999812370992482,0.0,0.0,0.03700363660345829,0.0,0.0,-9.029999999999852,-3.0390993929582275,0.0,-1.1535042415408991,0.0,-38.5199251221312,-39.161417499535816,0.0,17.25682614173077,-70.9675936728233,-70.39843912362305,-9.118930117400982,0.0,0.0,-50.0,5400058
best_model,-83.83209793105995,7.733183783660837,7.937524222664737,0.6579771102426942,-3.6215427651907754,-3.7228587080964655,4.257872976070373,0.3369776964866877,0.0,0.0,False,LOSS_OF_CONTROL,117,11.699999999999337,4,864921.9335855299,1309.0304259921986,3638.9548325129517,1565.464258534571,dry,0.9494351133572094,27.0281868847333,-23.092897714706375,4.570556226749139,0.8379749752753881,30.30287956874428,1038.9397243504748,0.9589256065395959,,,,,51.268305170439355,-0.04693828552581181,2.7614990285835184,144.91610629167212,156.5093947950059,1773514397,0.5953734065946173,0.17940684086409872,0.7333064583692988,clean,0.7161686153732416,0.08952942299019873,0.4505207828514466,2.4665118008231444,0.0,0.0,0.0,0.0,0.0,-1.1700000000000008,-0.7774277086143737,0.0,-0.002551854548066471,0.0,-0.2,-2.6439240974728966,0.0,1.4874026700884024e-05,-1.361799280557723,-1.2283624467529581,-0.1707780391786575,0.0,0.0,-80.0,5400059
best_model,-125.97421565675182,9.325612831912833,22.27933575165922,13.414634093391712,20.423748949061846,12.805622685198466,7.248405631576418,0.5883696509276026,487.8658697845692,0.0,False,UNSTABLE_AFTER_LIFTOFF,1089,108.90000000003892,4,858345.041087067,1336.1102642076908,4180.8285507541805,1413.4732627215337,wet,0.5764994050946032,5.834911528205451,-11.287075956277027,3.1467911764482697,2.156380608448572,-8.987990759632108,978.4756626753663,0.957503247638392,47.29999999999732,1877.88874440901,,,129.65898052481532,5.695959593422913,-345.0998068670616,139.27875695830855,150.42105751497326,953902557,0.13603271394140523,0.6241154448056048,1.2161416172323483,clean,125.35711749434165,10.457396094154932,21.301506325102707,14.763936238077601,16.311098584527613,13.546164025605373,0.22783838373688994,0.0,0.0,-10.889999999999812,-10.523013617579226,-5.046692221700065,-0.8604863567802558,-2.1530843725443454,-35.105297705738636,-43.9090416788648,-0.17608221093274654,11.044068280771322,-91.74079453862488,-56.85568790284297,-6.553431311142119,-5.16972916631847,0.0,-70.0,5400060
best_model,-105.3165192044629,8.798950149755374,30.04163025940857,9.775007249862625,-2.052049899837016,-0.997513517344509,9.053401009772454,0.5248334245882027,9.504215886665406,0.0,False,RUNWAY_EXCURSION,627,62.70000000000215,4,728365.828907592,1294.0072912976575,3641.987896174317,5407.639756804016,contaminated,0.49155700919390877,10.844836452280337,-19.424723429934488,4.152149205152304,2.392045793004001,-21.56695512919051,1012.3986087154686,0.8392533690479138,,,,,171.20394120507936,9.504215886665406,61.35224719637975,123.2582679968009,133.118929436545,2002277491,0.14276275947453645,0.4089833585515072,0.7437428920173142,clean,43.66920702208289,4.1406998479730355,6.518311932748785,12.027163965760094,2.1768865827966395,0.0,0.3801686354666163,0.0,0.0,-6.269999999999911,-5.393699487072312,-0.683880933888273,-1.5483501237293984,0.0,-18.974804776227643,-21.49021650842249,0.0,3.866579288697539,-41.38369054576977,-20.609149671508494,-0.8448614579371307,-0.8968829754329031,0.0,-60.0,5400061
best_model,-45.402801542285026,5.851852199482873,10.724991411514617,0.2707293400757502,-3.329078401846755,-90.0,11.642935752401396,0.4415592537369838,0.0,0.0,False,FAILED_TO_ACCELERATE,301,30.099999999998296,4,718791.7802160459,1294.8477523150202,3695.3792265283164,836.933436776822,contaminated,0.37930738848464013,-0.43868113193457603,-17.373973719156837,0.5294172529677741,1.9374505440264473,-11.425843725129493,978.6783115037963,0.9743837787422343,,,,,19.253656539478808,-0.19232850975640758,-0.19493009103988101,126.88371687842847,137.03441422870276,214939470,0.6857188348683414,0.10719865065285153,0.37547204029390446,clean,1.1508113271969083,0.3324316963984137,0.23915735585956943,0.984731441241795,0.0,0.0,0.0,0.0,0.0,-3.00999999999998,-1.1452773803935952,0.0,-2.2922092119084727,0.0,0.0,-8.687650352695588,0.0,0.02735570131356649,-2.8008109401878394,-0.19787826685239635,-0.0034629122573725294,0.0,0.0,-30.0,5400062
best_model,-81.45632979029932,1.4478530418950462,1.78450863546753,0.8005680213600641,-3.375063792705023,-2.4786941205056743,6.024054953107287,0.4980831498368867,0.0,0.0,False,LOSS_OF_CONTROL,112,11.199999999999365,4,735331.9407190589,1295.879765956481,4360.521407916436,4892.021894180917,contaminated,0.36759728333632335,13.08787194241338,-27.509081224567677,5.432091356884027,1.1549389095098015,-16.455533371076193,1022.9827147130784,0.8564705571256023,,,,,50.30341828745369,-0.018706200882661506,2.5325655259917035,124.37948426088332,134.329843001754,1046202584,0.9521953398580464,0.17113448842346918,0.3400270305524853,clean,0.6568401684087597,0.6518259804157147,0.14260559128893488,2.419151081179348,0.0,0.0,0.0,0.0,0.0,-1.1200000000000008,-0.02608702047373008,0.0,-0.46297152820155757,0.0,-0.2,-3.530615767132573,0.0,1.4277783189900786,-1.1129730223892655,-0.2763949230204747,-0.02548866936454397,0.0,0.0,-80.0,5400063
best_model,-42.20049544742022,2.89781802949255,3.2580874291556725,0.3422573230311945,-2.8642882049376213,-90.0,3.830595745497695,0.5385499347748021,0.0,0.0,False,FAILED_TO_ACCELERATE,301,30.099999999998296,4,758763.5031154989,1331.0195733393,3995.216650396887,6862.180266397099,contaminated,0.4708572836095878,5.603836527807996,-11.7906934092703,5.984494926919654,2.376297186785825,-21.284745036048353,1031.4974446234535,0.8002251467029369,,,,,7.392246538493568,-0.17310502335931233,-0.0023383790560282947,124.69985322236715,134.67584148015652,2020338087,0.9311180364657451,0.03109430876624495,0.1661437091529322,clean,0.6612928694862148,0.4533285444894317,0.43696841965252264,1.0037325485614321,0.0,0.0,0.0,0.0,0.0,-3.00999999999998,-0.28084468321640865,0.0,-0.036502607593261634,0.0,0.0,-11.532241152107572,0.0,0.15533392398655552,0.0,-0.051563310679129636,0.0,0.0,0.0,-30.0,5400064
best_model,-125.1040689227246,16.094270162776148,30.077661955743412,0.7866014769231907,-1.3737022166440995,-1.4168445473900062,6.084730683188977,0.32189607707019957,1.5655371340590136,0.0,False,RUNWAY_EXCURSION,435,43.499999999997534,4,627575.886734366,1316.5327905800712,4393.234038468709,7275.509404783358,contaminated,0.3514216726615387,6.854183817315047,19.792735312143982,1.3553437151441006,1.143719385397665,-7.008820025368731,985.8375142619643,0.7990122735655327,,,,,122.07239916614952,1.5655371340590136,5.579432488768603,119.0675651841336,128.59297039886428,161793091,0.05450076594803911,0.3225230010278365,0.7600402187091964,clean,28.525311453361056,0.08796024731844268,7.872720168131058,14.238196338741092,0.0,0.0,0.06262148536236051,0.0,0.0,-4.349999999999952,-12.51956738350062,0.0,-0.4624091021217254,0.0,-29.90592258538807,-7.192055454193027,0.0,3.961598990716933e-07,-47.75574832647752,-12.965202521134678,-0.7399736389825635,0.0,0.0,-60.0,5400065
best_model,-67.42233630769978,7.25344756437201,30.166487456252028,12.675593935232563,-1.563761412922961,-0.8964039234018406,3.977855387941413,0.5471609406399003,8.639820085680185,0.0,False,RUNWAY_EXCURSION,319,31.899999999998194,4,550767.0206337123,1293.412769103743,3947.5140687003427,5042.788071535314,contaminated,0.43957849567996726,24.280428178189048,9.636222327969117,4.299770034067344,1.1749880428325823,-23.962663486785402,975.1507067499601,0.8480951415413706,,,,,147.82905219630868,8.639820085680185,34.05612229493762,108.71885731247971,117.4163658974781,503800972,0.12321134503181112,0.5618566418215827,1.0026756211607388,clean,18.939011815269264,6.514456169636353,5.963300724562655,7.670397672735737,0.7263592099940457,0.0,0.34559280342720733,0.0,0.0,-3.189999999999976,-1.8648208889490065,-0.582926369238127,-0.0099551880919189,0.0,-6.40842804369131,-11.335104665473812,0.0,11.243677774086176,-18.542081018497754,-15.082315473574758,-1.1521981996445556,-0.6573026302499847,0.0,-60.0,5400066
best_model,-75.08240438416881,5.159075286210788,8.719181757705472,9.175031127252161,-2.183811240280735,-1.927443008500223,4.892861286729896,0.6004863952093078,6.015798846126927,0.0,False,FAILED_ROTATION,690,69.00000000000716,4,716698.288476621,1298.848197779867,3079.5314736926443,5831.34226253939,wet,0.7253598137222982,-8.110257394019897,-16.3724881812463,5.990243986127649,1.1277939365926533,4.987118481332466,1020.8969215746198,0.8422949937184527,,,,,169.4930853471131,6.015798846126927,30.740619479716003,127.67722383438254,137.89140174113317,974940698,0.4049184012409628,0.651392147025446,1.2185898126341306,clean,60.90355238656649,13.441923988737289,12.722838040857706,18.545488866667675,0.9456594940752816,0.0,0.24063195384507716,0.0,0.0,-6.899999999999897,-2.0405644320073066,-0.40009260131126956,-0.10276334788133155,0.0,-18.003524469419695,-28.39557122227774,0.0,14.026921319772667,-48.277682514575034,-36.51603409584867,-4.348672677141895,-0.9245150742278281,0.0,-50.0,5400067
best_model,-100.4503605773026,7.510841671252654,16.654720588102506,0.7781491188130439,-4.126804280082963,-1.0963608354197765,7.046313326268317,0.4517753584637062,0.0,0.0,False,LOSS_OF_CONTROL,249,24.89999999999859,4,915936.0643364408,1293.6350729147302,4171.605615500699,5669.986686415059,wet,0.763954062623954,9.55711636106767,29.45692981558777,4.327525477959012,2.663531101848771,2.8761476953242777,995.8013092150302,0.8455195668023208,,,,,51.58989009725285,-0.043319998520019,2.831585044861491,145.61731727503303,157.2667026570357,786644679,0.48528483785009185,0.14680133593595407,0.64698699211635,clean,4.787654817278332,1.5286659187878657,1.3605191460034767,5.269914828466497,0.0,0.0,0.0,0.0,0.0,-2.489999999999991,-1.5607525455606344,0.0,-0.5868491485832062,0.0,-0.2,-7.407146381674301,0.0,1.3952953387514204,-20.91356216526269,-1.421948406675826,-0.21215197883353387,0.0,0.0,-80.0,5400068
best_model,-429.73647726915357,26.72768649882346,62.86243066641427,19.347950828965654,19.765975641022827,8.72645269886171,17.367159093595887,0.5379109921729998,969.4504915291877,0.0,False,CRASH,1502,150.20000000002025,4,588028.9440559547,1332.229613953663,4173.484495610426,862.4456415763593,dry,0.9453950569661826,14.540986247003648,13.542863709758915,3.514789812936072,0.5395987622932298,25.368315009798494,1007.9163433566177,0.975648087163645,31.899999999998194,874.4381135062706,,,140.74306160287682,38.33417665830416,-6563.63859016284,120.3703029234331,129.99992715730775,1587066116,1.6417948295128107e-05,0.8541771999021175,1.474287865628344,clean,162.09457701801702,10.49659873023749,18.24431438163305,10.568746479475784,37.47503072914109,38.11643905319701,1.5333670663321546,0.0,0.0,-15.019999999999724,-118.22108225373803,-27.95024616629914,-20.98482600573022,0.0,-52.999808053492366,-52.72530600022711,0.0,13.601561822376624,-184.7395627528823,-122.91170365247869,-15.045838134294518,-11.268739530417054,0.0,-100.0,5400069
best_model,-36.1559956582091,2.37368748103393,2.382544387715519,0.34676210332010005,-2.4867616562367787,-90.0,6.6303724047170745,0.09769673888073413,0.0,0.0,False,FAILED_TO_ACCELERATE,301,30.099999999998296,4,712630.2837777846,1345.4980166444611,3850.717049472595,3205.628916878181,wet,0.7889129332645355,17.676736627084587,-17.7363105883555,0.6769314518803935,1.3974068545961882,-9.467919036986512,1003.744113595285,0.906203948933588,,,,,22.100402250476783,-0.09790100388227074,-0.12581672530010912,125.19181649318142,135.20716181263595,560318951,0.9552945317344571,0.0,0.0025541817610263942,clean,0.0026073483565046724,0.002429534269288977,0.0003974494942414814,0.01970924492481208,0.0,0.0,0.0,0.0,0.0,-3.00999999999998,-0.18843911883808662,0.0,-1.9617189031249107,0.0,0.0,-1.0228428665816298,0.0,0.0018616532906752473,0.0,0.0,0.0,0.0,0.0,-30.0,5400070
best_model,-141.07645011245324,17.922254641920844,23.768532670397175,0.644705523049744,-1.9028930986843782,-1.9006670164946502,10.255685901820412,0.7562020149471359,1.238043137977229,0.0,False,INSUFFICIENT_RUNWAY,1081,108.10000000003828,4,711034.9089508072,1349.8473729166735,3033.3482290103398,2000.3368011182708,contaminated,0.5327484738620042,25.67358923723817,-7.536093005942281,0.45358170638892203,0.3453413220323801,33.074416659014744,1024.6685132530336,0.948201785109945,,,,,101.35953122656863,1.0393701383222833,-0.9329035452388723,132.87975780867578,143.51013843336986,1450086651,0.05419638497707092,0.23618153317069962,0.679579547756531,clean,60.04024064924344,1.028269909912466,23.48292692446286,12.38221914976833,0.0,0.0,0.041574805532891286,0.0,0.0,-10.809999999999814,-38.58055506414349,0.0,-2.516644499389835,0.0,-12.26398094518442,-59.53854315256703,0.0,0.9778188403547112,-47.24197636027022,-16.56607884177303,-1.5117215283997634,0.0,0.0,-50.0,5400071
best_model,-98.28948134775828,7.854390006102871,15.636210079600914,0.696554456709336,-3.714905965553145,-1.4380315134571116,5.927653472633931,0.6838553305157644,0.0,0.0,False,LOSS_OF_CONTROL,167,16.69999999999905,4,898406.8708133567,1310.405990497359,4672.9671886305505,1858.274783070306,wet,0.8077294585821622,0.9376685493326811,29.37028154864467,5.984913653447152,2.934299116350183,23.861653682376918,983.8811635729139,0.9504596116406904,,,,,50.51269193393465,-0.044958093763625584,2.7444894170846634,150.22817940745418,162.24643376005054,918989555,0.47561773791061573,0.20459304701532,0.21513562338777875,clean,2.133238440162144,0.181008324383018,0.49143512835183584,3.34117210749987,0.0,0.0,0.0,0.0,0.0,-1.6700000000000013,-1.144718986161196,0.0,-0.4090063976860424,0.0,-0.2,-8.330295985558664,0.0,0.0013172351863315732,-11.477650361646868,-1.2040182688692271,-0.0019625834194875874,0.0,0.0,-80.0,5400072
best_model,-39.5933160888044,3.8384302732404265,3.9249568611870504,0.08186155539288731,-2.9866820739967017,-90.0,1.300752137934847,0.3505035488312427,0.0,0.0,False,FAILED_TO_ACCELERATE,301,30.099999999998296,4,701377.2793767698,1312.0194643478756,4469.838800377639,1787.6446086528304,contaminated,0.46475789764142494,1.095192904796578,-8.044197770500556,1.5574825422582521,0.33948236937286,-9.163239829515632,1033.7447151780038,0.9467355977612871,,,,,7.804471379937132,-0.20079439002188337,-0.024592240870033588,122.45084300686636,132.24691044741567,886727537,0.8874083447530021,0.0,0.09576714489820289,clean,0.22404316156502369,0.12415603036158718,0.1655094302835225,0.46563569797354243,0.0,0.0,0.0,0.0,0.0,-3.00999999999998,-0.49275529285789976,0.0,0.0,0.0,0.0,-7.083766166213845,0.0,0.013861050083661668,0.0,0.0,0.0,0.0,0.0,-30.0,5400073
best_model,-246.63171694560947,14.839746715618677,30.01196697875095,1.1955249726712687,-2.6724554483330882,-1.0470863520559555,7.34346547622047,0.5458708916579615,0.7445114311799443,0.0,False,RUNWAY_EXCURSION,1057,105.70000000003637,4,824495.5800191422,1322.8850276907935,3696.263830175335,1810.4101291225913,wet,0.7875047464716878,-0.6661439985451345,18.956337092403146,3.157955250160534,1.3333657844042903,12.381234308466695,998.5375837419394,0.9498694424505802,,,,,63.399244594480656,0.31239616624316113,-2.68631605782387,140.20307946217906,151.41932581915339,1776005320,0.06915536924507881,0.37112825245001396,0.8624918940265675,clean,70.19483750772439,12.819416619920155,23.468676065403,11.098785210325145,0.0,0.0,0.012495846649726448,0.0,0.0,-10.569999999999819,-25.863390365665207,0.0,-1.8663738436148039,0.0,-129.96107732249646,-36.87479409003027,0.0,12.417682404221486,-75.42623080767365,-33.28359789227538,-2.7981462780979225,0.0,0.0,-60.0,5400074
best_model,-96.57016913436382,12.43764600282518,30.306491645970205,0.6125678585328833,-3.1009176088696733,-90.0,20.82098969948852,0.30390915148694736,0.0,0.0,False,RUNWAY_EXCURSION,284,28.399999999998393,4,714317.3946321488,1307.891504986019,3052.0450617603847,6971.836239560221,wet,0.766126161585595,-5.378173420847214,-24.78637652947927,3.0453262982399654,2.143738563131114,-21.029163862092858,970.569517478163,0.797487829532587,,,,,30.090698920788096,-0.13104020797709381,0.2825346636667092,124.79206153347258,134.7754264561504,624329812,0.11851178388935836,0.19234483083591974,1.0948404531093923,clean,3.2138146727477133,0.4027680425866992,0.7242278556002534,2.1849153739687606,0.0,0.0,0.0,0.0,0.0,-2.8399999999999834,-4.881487868668052,0.0,-7.781091132208879,0.0,0.0,-5.031932364511382,0.0,0.00195871409103801,-19.63265616432766,-1.9630642540020156,-0.9676220096403072,0.0,0.0,-60.0,5400075
best_model,-208.71309728921352,18.764433297059583,24.828737529676882,1.7786640496045074,-0.7041803165042865,0.34636736417413805,7.258360954174887,0.5615154528572958,2.4152796184725958,0.0,False,INSUFFICIENT_RUNWAY,885,88.50000000002268,4,923529.1176366985,1344.1565913093557,3656.4373799897257,3806.0973409134417,contaminated,0.5298892769035163,18.692862715324303,-21.104390447886136,0.6609080396780065,2.3048416325499614,13.39169737226569,1005.937361345422,0.8975315429384569,,,,,103.24483415526826,0.9593999698527114,-3.051282703807008,148.08610211024472,159.9329902790643,1524853121,0.03613488381772812,0.42715177001356874,1.0550807071372812,clean,72.13847581190444,1.5551753126483534,16.5201855122597,16.255554979124824,0.0,0.0,0.03837599879410842,0.0,0.0,-8.849999999999856,-34.62355576771354,0.0,-0.9849046953356557,0.0,-68.3146543527027,-33.98180788685328,0.0,1.540218231461646,-75.76700621836153,-40.71885383490398,-3.5203003795353904,0.0,0.0,-50.0,5400076
best_model,-104.36331425685357,8.683369043634448,22.64563281842094,0.6991341231242018,-3.9999917209558387,-4.188465384165809,7.6611386938777,0.533320331777739,0.009355310651244508,0.0,False,LOSS_OF_CONTROL,214,21.399999999998784,4,967043.337550107,1308.7076248730439,4619.631094745905,2092.492620949643,dry,0.940095643682475,6.769236249827621,-17.549738380605863,4.673102694892963,1.672268665758144,33.94948189283364,1029.4187508537789,0.9460975539121462,,,,,57.086796220074504,0.009355310651244508,1.9766024379837077,154.81845587683424,167.203932346981,53806198,0.31526787252361094,0.24431145699122764,0.5944642554479259,clean,4.334503494193075,1.3185173209727659,0.7993121329276732,5.509703043817707,0.0,0.0,0.0003742124260497803,0.0,0.0,-2.1399999999999983,-1.7928657956512324,0.0,-0.6932109479088946,0.0,-4.200000000000001,-7.8774504556062945,0.0,1.8634079436617763,-17.510738550386233,-3.854663969309871,-0.12020268599010493,0.0,0.0,-80.0,5400077
best_model,-46.81494364323382,3.986392846801443,11.425056887143327,0.6519272899271961,-2.946878246593319,-90.0,14.728384363844384,0.2733810226188545,0.0,0.0,False,FAILED_TO_ACCELERATE,301,30.099999999998296,4,793978.1045196337,1332.422495243914,4296.497165234286,6305.831492399998,dry,0.9891405696374536,-1.2034411834996703,-28.464071264637326,0.6255191793318124,2.1972085346899157,-21.93566665808128,979.8043211344781,0.8147421402773318,,,,,30.113834719334783,-0.10885073225472297,0.0026482522232207373,130.72272498954388,141.1805429887074,2042935007,0.7710358943757404,0.05971525667045798,0.6539537383470392,clean,1.9389866220040566,1.2868896996553068,0.5731720293234317,1.278650520470519,0.0,0.0,0.0,0.0,0.0,-3.00999999999998,-0.5314766340708827,0.0,-3.3332488393161763,0.0,0.0,-5.221760429065074,0.0,2.314171563535457,-11.868313425922468,-0.12356420496182638,-0.11845054488615768,0.0,0.0,-30.0,5400078
best_model,-237.09169383050897,22.49630914294963,79.66299796103011,30.578441499223437,26.15689864927615,11.999945950404115,12.803044243220674,0.5772702631726526,651.1647776153968,0.0,False,CRASH,1097,109.70000000003955,4,566910.4180653713,1349.5413124683027,3265.08661248586,3401.587187883121,contaminated,0.4557335963911946,-8.640588467705852,-4.257821761469779,1.4993433109849685,1.799710605773705,25.676266577214328,989.9595622318484,0.9105817176016783,35.59999999999798,1112.3865286988841,,,135.87880466377362,33.784053046882946,-3913.9566277412523,119.31469183581251,128.85986718267753,265013236,1.4542928056198585e-06,0.7332056872729568,1.472500186580835,clean,135.97005293125775,11.172511823136611,18.330847832952635,11.468887376973285,15.698562800389503,18.21499355009512,1.3513621218753622,0.0,0.0,-10.96999999999981,-55.02240400154264,-13.856640021447355,-3.8025392965453992,-0.5966028249675162,-27.485518115129533,-42.74735933045627,0.0,11.303423795444601,-118.98144569565187,-69.3928952037169,-10.875254802954446,-6.871676770219706,0.0,-100.0,5400079
best_model,-366.7164012160988,27.750224281401405,60.03158402646661,20.890311436731338,15.681468393758294,6.400630422060104,16.03199143384494,0.39525305094716756,926.0900931197339,0.0,False,CRASH,1468,146.80000000002335,4,624020.8673238647,1321.1534638004537,3850.383972568632,3319.610830439072,contaminated,0.4194234834821914,-2.851751244858516,25.798444680245318,1.0320099293315979,0.4438018456049966,19.88139851200261,1034.6977325384937,0.9111496698403098,36.39999999999794,1280.5485404332674,,,137.94346305115525,30.166455521714852,-2710.4349859188765,121.30845979874363,131.0131365826431,1019613998,1.3055529668251643e-05,0.8962873427135263,1.4880926231315643,clean,199.10274052503155,5.836390904165957,10.201332588132074,11.305380640881145,52.75157112144813,42.50587254150862,1.206658220868548,0.0,0.0,-14.679999999999731,-125.6067969472944,-18.951523896481156,-21.764820850507608,0.0,-46.13575403055526,-34.020930341731116,0.0,5.008780277750191,-184.83973289715397,-124.96413798230367,-14.116933752906021,-9.5544973369476,0.0,-100.0,5400080
best_model,-309.9268624336338,6.8610452070486785,15.532427768986793,1.5723110599909293,-1.4585250085853998,-1.422123410632095,8.572837197267642,0.6900212566728051,1.1854404321171614,0.0,False,INSUFFICIENT_RUNWAY,1334,133.40000000003553,4,702497.1598185285,1341.466984908835,4494.893225950636,526.6782931062733,wet,0.870903014471427,7.622371328017955,8.208608708566448,5.342753818661446,0.4524105070043287,0.7534258129446734,1023.4591669633965,0.984330738095588,,,,,84.57305004609223,0.7042947195666329,1.2392513025800422,125.33263179788396,135.3592423417147,747586295,0.30283896824671985,0.7703302718987401,1.5741771576018686,clean,89.23848701486341,15.24835033213549,28.89664473408224,12.182212076999845,0.0,0.0,0.02817178878266527,0.0,0.0,-13.33999999999976,-6.97740419316031,0.0,-0.8146322257165066,0.0,-79.2397051752307,-65.80308329049706,0.0,9.013400040178851,-121.14951626601666,-112.49271643083117,-14.717070839221387,0.0,0.0,-50.0,5400081
best_model,-115.70345348103837,10.10074319025354,30.34590575307701,34.22549854973164,3.840900032193378,3.9339733142537523,10.320517830530513,0.5938702000818354,538.5483190920067,0.0,False,CRASH,1362,136.200000000033,4,710551.4795187832,1297.039106596758,4624.806744339738,6136.6196835473265,contaminated,0.393209383582026,-1.7816943839121677,-5.952259725105373,5.539020128075969,2.8740018054702876,19.049875326368017,1004.7898651886381,0.8415377846121711,86.90000000002141,4341.226277741325,,,171.84427760031195,12.934664428059477,-2706.3919244085055,131.18115664762084,141.6756491794305,724516627,0.0036611514754197744,0.9745846957973769,0.9957543499096816,clean,184.4163076079577,14.032822458508374,28.25597474069673,18.29764293740166,22.57123475098441,23.828647497848706,0.5173865771223927,0.0,0.0,-13.619999999999754,-15.439785299978597,-16.230965901378376,-1.0580526763693252,0.0,-8.597440519279617,-54.25176527776153,0.0,13.358677722726814,-117.29544484071099,-80.45689399148374,-4.5314853291625,-9.500313938158675,0.0,-100.0,5400082
best_model,-290.7600943985771,17.31783475788936,27.37662184862064,0.9758016705434656,-3.1629695964436717,-1.022894666969142,9.903462405059205,0.629282057559353,1.8008025596184325,0.0,False,INSUFFICIENT_RUNWAY,1015,101.50000000003303,4,931992.5910146723,1308.1803402865166,3193.0648838263883,1435.2384713988556,wet,0.8709619002387716,22.72837275023374,-22.159454631529517,0.887362783833517,1.2544107170453003,-1.7980509328218695,1020.7366540394294,0.9580652666666184,,,,,140.4484171537195,1.8008025596184325,3.6229026680076615,143.91306865686042,155.42611414940927,401490681,0.048027984159237154,0.343723383488067,0.9372472789802369,clean,63.33570924016005,1.1119375763244033,22.06873355245025,15.506770171958838,0.0,0.0,0.07203210238473726,0.0,0.0,-10.149999999999828,-33.82289019023159,0.0,-1.5837808988805797,0.0,-156.4049919948245,-44.59305949271085,0.0,1.1075621455895637,-58.58959093442878,-36.09733345730368,-2.721192219064444,0.0,0.0,-50.0,5400083
best_model,-92.58326183862808,13.201006973215181,16.77227348618675,0.8724542181076379,-3.169776809681119,-2.828677625834367,1.4554902019055955,0.7200291696935891,0.03798270979996232,0.0,False,LOSS_OF_CONTROL,256,25.599999999998552,4,949685.8047682558,1344.2141274148867,3175.2324488452055,3867.8460457239294,wet,0.7452834557606142,16.8586984830323,29.720975880518417,3.1324017343615935,0.8150750515557144,13.925731772271767,1024.429366121065,0.8961476543713082,,,,,50.53301864142269,0.03798270979996232,1.0689782297032302,148.93873774437802,160.85383676392826,1786493805,0.2168360995197181,0.0629302938082041,0.09059292762104787,clean,3.437876549947329,0.0033866618700021914,2.4397864522181125,3.8909463148155967,0.0,0.0,0.001519308391998493,0.0,0.0,-2.5599999999999894,-4.956916198595578,0.0,0.0,0.0,-0.2,-13.245903094599843,0.0,1.2022982068040894e-15,-1.2535104298841737,-0.1404474027915081,0.0,0.0,0.0,-80.0,5400084
best_model,-92.10069335768334,8.543558741823533,9.6999335020391,0.7664802765091728,-3.028309513803391,-2.792745178793681,7.254632380516577,0.6285081069684973,0.04061918741979298,0.0,False,LOSS_OF_CONTROL,118,11.799999999999331,4,692166.7042221815,1307.4298160965966,3854.3039140555534,589.6081437267927,contaminated,0.4827502372171784,21.917977046730638,27.571480588784844,1.008523942462281,0.15765900967720126,-20.050925643514876,1001.5095599884958,0.9811991737637714,,,,,50.44261329566839,0.04061918741979298,1.265014677497951,121.15078903922313,130.842852162361,1316672453,0.4983971979572853,0.28888501830487096,0.22099696677486452,clean,0.8139381491814173,0.17351007357469225,0.09687794254339832,2.457593709325995,0.0,0.0,0.0016247674967917196,0.0,0.0,-1.1800000000000008,-0.9570114138943047,0.0,-0.7173606141091252,0.0,-0.2,-5.269859322402299,0.0,0.00482090190525494,-6.446478510011725,-0.8775716402853417,-0.000777401008095953,0.0,0.0,-80.0,5400085
best_model,-164.17226779131187,16.138730559980612,31.130008904158952,3.6115205907193504,-0.5420979100208764,-0.3509925290256041,28.04123416553106,0.4986664907385904,2.8899942218986325,0.0,False,RUNWAY_EXCURSION,624,62.40000000000191,4,750081.4218917853,1327.8432607849643,4539.33328543657,5486.805700928828,wet,0.5801515092704161,4.113361937566333,24.0592263789222,5.9194119600498505,0.11679077082966816,-21.497754627386506,1036.559799625108,0.8373253460988436,,,,,116.33912918203798,1.4469776929709042,-1.1213331052739406,123.63186859126577,133.52241807856703,422700902,0.0343582707893807,0.6729127988266591,1.5308082535674996,clean,55.68942974493446,0.5515379845888894,9.076389666134084,13.429255269396581,2.023258300107538,0.0,0.05787910771883622,0.0,0.0,-6.239999999999911,-18.058464603410542,-0.0030779016029481563,-9.333452767469971,0.0,-31.185041480162198,-19.98012218430972,0.0,0.4194112383960497,-50.48547973996486,-45.47383615749698,-4.6423723074106835,-0.017581960759801923,0.0,-60.0,5400086
best_model,-245.40653124763628,17.054977034597087,41.55307856685238,21.35078011774594,17.529964393263825,6.1270309531082505,11.639899158372002,0.6037269345256547,796.020926487925,0.0,False,CRASH,1403,140.30000000002926,4,684723.5202369726,1310.2277778705422,4433.235566322359,4256.694830358591,wet,0.750429445818966,22.62254521492021,2.9950093377871303,5.50721421312635,1.441491096534782,-17.662300615145206,996.5474344272444,0.8727303073803349,48.19999999999727,1550.2470247168085,,,163.69641564904163,29.576420103838245,-4198.531654630239,121.33418646615522,131.04092138344765,293889899,0.0015231020333365773,1.1869756930157735,1.6023548028805756,clean,165.03763700597207,8.57670730055829,25.00850734021912,11.367902650433399,38.46180292632273,34.38106120471181,1.1830568041535179,0.0,0.0,-14.029999999999745,-45.343750559537696,-16.12882420015749,-2.1149729940786544,0.0,-18.91255792368844,-57.287704480365356,0.0,5.355341510936643,-139.58270328615353,-112.25142764594713,-16.29025696540109,-12.836349935610963,0.0,-100.0,5400087
best_model,-364.3147941576459,44.97831013350681,122.02766975375269,35.53597589766717,24.837882512982652,9.47924509526306,41.3234635217886,0.47765380264747676,1063.365173727434,0.0,False,CRASH,840,84.0000000000191,4,625376.8618278252,1337.1856435798559,3889.7599715844717,6204.6247332500525,contaminated,0.4409966565328538,15.798576287241538,26.85830142572736,3.2465037653200755,0.740293849655964,-0.134629355256898,1032.955923052182,0.829681781606402,47.29999999999732,1265.744158563198,69.70000000000772,,150.7782982876169,23.61826508224931,-6866.8935466627145,117.5272648777259,126.92944606794399,2081303304,7.419299427658188e-17,1.8408206541736944,1.8764189621828726,clean,67.20064471565317,2.22695951705158,8.94454460933092,12.140065507764913,16.069789326711813,24.487463865598052,0.9447306032899507,0.0,0.0,-8.399999999999865,-82.62881478948573,-44.54654158045676,-18.437813648856153,0.0,-49.43041620170749,-25.755892245195046,0.0,1.9514958093071482,-81.68199642272653,-66.35137418985414,-13.520159511701054,-7.527479522368884,0.0,-100.0,5400088
best_model,-146.4200903250509,10.7591154244698,15.6612811789632,0.9439724466304551,-2.885530557234406,-2.917521018086366,7.143410954358801,0.6280996636512021,1.0987181265589356,0.0,False,INSUFFICIENT_RUNWAY,951,95.10000000002793,4,879188.2611419383,1302.9350375609636,3378.8718551439897,196.63748948392373,contaminated,0.4689631542537271,13.652784851213443,-6.972524094228757,5.348525243552566,0.19592402883276228,2.688602968431706,1001.4433548199476,0.9939814332845467,,,,,82.418708065575,0.6349006031397835,-0.6670398447477943,142.21799707662805,153.59543684275832,1152297559,0.2779197148903085,0.4492079517456505,0.8853937837777806,clean,66.5072828916095,2.8136460689972562,22.114776918704905,10.375705678463715,0.0,0.0,0.025396024125591322,0.0,0.0,-9.509999999999842,-12.231821671769735,0.0,-0.30482923107442694,0.0,-22.189122394371086,-42.08933516015971,0.0,1.4062435503150772,-65.03635419816142,-46.00267775985427,-2.299001041875723,0.0,0.0,-50.0,5400089
best_model,-116.86216258902891,10.106888021701373,30.061594708439564,3.2984289357630665,-1.204152447541594,-1.2122085918356038,6.590505387753873,0.5743669013485325,3.332430884916903,0.0,False,RUNWAY_EXCURSION,459,45.8999999999974,4,708541.612120569,1310.483246287756,3064.6303691564767,2788.0260784551406,contaminated,0.5086506073747588,10.283322300206482,13.852649597705437,4.8591334589706445,0.6478428089038517,-1.6826054738478504,1043.519316298344,0.9200652739882565,,,,,146.32112745836466,3.1453017686890234,-11.634333513657289,124.12830370518317,134.05856800159782,621082579,0.1395862712634458,0.4779053047219941,1.0405794819604335,clean,31.19739803845769,2.5288917231072774,8.03029317428851,12.658370518841771,1.374984024013405,0.0,0.1258120707475609,0.0,0.0,-4.589999999999947,-5.209608459643744,-0.0006386400935191488,-0.7542696461877276,0.0,-19.205534870378496,-17.185913905581632,0.0,0.18318464369750453,-39.15653056858667,-25.07729454596907,-1.6833960552098255,-0.09791009053185194,0.0,-60.0,5400090
best_model,-197.18094508589695,20.917230655419992,40.758482850779366,12.334029714434305,19.887384118308077,8.186076968981817,15.956720426088816,0.5698800851117766,537.8102105473145,0.0,False,UNSTABLE_AFTER_LIFTOFF,786,78.6000000000148,4,594521.7804486521,1331.4410056326074,3889.011363595432,5142.155700690292,wet,0.6006680760548038,19.77544080964391,18.6945839004669,3.7185396448971018,1.082921440660685,28.80279804409117,1036.0823858424603,0.8698344329585849,37.79999999999786,1130.8004488656186,,,124.97542951626501,2.9240153072014436,-873.0232157252198,120.0286224693634,129.63091226691247,1506277967,0.0032716504419413412,0.6766799590827611,1.532183829774212,clean,72.47514123148564,4.410113963673829,10.853288299769225,11.990402880518884,9.257810114171258,13.434106979561202,0.11696061228804144,0.0,0.0,-7.859999999999877,-38.21100034417164,-5.194407041710397,-7.01976658606362,0.0,-37.33641992321557,-30.04532584011992,0.0,4.563038349271205,-71.42977922221911,-44.29097466370877,-8.51057929148324,-4.383554603943015,0.0,-70.0,5400091
best_model,-139.87307884237242,14.496364163713935,30.024841461136976,1.528775714963439,-3.4365213158060213,-3.0519925107412247,10.265679498796503,0.5482581912322378,0.4394436314248651,0.0,False,RUNWAY_EXCURSION,294,29.399999999998336,4,959234.6374314812,1333.284097162083,2952.1387645119466,456.9382332542424,contaminated,0.4156054729365091,27.205554495234907,-22.553768170929335,5.414870515188671,0.6938654354367566,11.855192411656418,970.596965564792,0.9869028669502206,,,,,87.83780523314628,0.4394436314248651,4.1469877746262895,153.2526999709779,165.51291596865613,1804387930,0.06842869395265429,0.4638168278884641,1.4163976160340843,clean,8.453182518942837,1.156054309700077,2.7510130155928247,6.796228991379112,0.0,0.0,0.0175777452569946,0.0,0.0,-2.9399999999999813,-6.86472274958898,0.0,-1.7059474543419673,0.0,-35.9138699909037,-11.065966780142626,0.0,1.0148566010787403,-23.327287086031884,-15.715925035549228,-2.528272927764597,0.0,0.0,-60.0,5400092
best_model,43.21339685558147,10.381748980883375,17.794376565474593,5.997867812503746,18.399916053103418,4.544138319925504,5.890591814646703,0.529279066352667,1227.3194816726805,1.0,False,UNCLEAN_TAKEOFF,573,57.29999999999785,4,652331.3083255221,1307.9879781872312,2949.338156230844,1252.1234387493707,wet,0.8290089460625142,6.059923097936725,7.480693458644689,2.5814429946504034,2.652050312527085,-20.751056066292957,1001.2890866626365,0.9237527416582184,32.399999999998165,1076.8025171902666,52.39999999999703,,173.4922394510197,1227.3194816726805,2487.1954551756344,117.47217264709401,126.86994645886155,419153004,0.264174329218728,0.3753808766861071,0.9533596421722504,clean,57.86874153304078,4.389540165798974,12.120030830474212,9.386814410455585,15.089285052183554,24.26018148163457,39.99999999999999,4.999999999999998,0.0,-5.729999999999922,-6.862038657765314,-0.23367196550636427,-0.10409829517596644,0.0,-4.924575828655378,-20.05448368923403,0.0,3.0230138977134935,-37.17213255650685,-19.69253956745946,-2.0403835513001045,-1.1102864041161056,0.0,-30.0,5400093
best_model,-43.129041654913124,2.207959756801198,2.2179711221595295,0.12907935359824582,-2.575632158033442,-90.0,6.560991301668766,0.4339241642888601,0.0,0.0,False,FAILED_TO_ACCELERATE,301,30.099999999998296,4,764995.0901646491,1348.6844382965014,3568.335437216435,3799.449984396936,dry,0.9890381971766048,-4.839859677681155,10.70769687796544,0.8973879174528929,1.4443555993602026,-6.122333779241195,1008.8771673854544,0.890933184646445,,,,,11.442555897008416,-0.18746055639530823,0.018498192772918073,130.15379066838648,140.5660939218574,1314349993,0.9614022193886382,0.0,0.000576822001572175,clean,0.0007351778643602094,0.0007766165486862713,0.00012682762606021724,0.0035827938523881196,0.0,0.0,0.0,0.0,0.0,-3.00999999999998,-0.16304455250930389,0.0,-1.903142916030407,0.0,0.0,-8.058771445873465,0.0,0.0006958436085522974,0.0,0.0,0.0,0.0,0.0,-30.0,5400094
best_model,-47.40513181580908,10.155141918244052,11.949602552084325,0.06303074873520527,-3.5086845479926434,-90.0,3.202686965636517,0.668475207432296,0.0,0.0,False,FAILED_TO_ACCELERATE,301,30.099999999998296,4,925094.5179575926,1324.8350066328821,3303.4745508277133,3623.484726592598,contaminated,0.4571076363392596,17.69881309889701,-1.1980753738475314,2.200949366142291,2.1971800031681443,17.6217185307555,1041.942846963767,0.9035724744267691,,,,,33.133907082601084,-0.15304822816324304,0.31140082070352015,146.6461106727956,158.37779952661927,1646284373,0.4156120568583355,0.05634809727835401,0.2071509194857743,clean,1.164782900560946,0.012615852362380884,0.6973145570846929,1.9821623096980834,0.0,0.0,0.0,0.0,0.0,-3.00999999999998,-3.449022124586992,0.0,-0.0001419695789664573,0.0,0.0,-14.342828809745978,0.0,2.6473240850581875e-11,-0.24492519896457476,-0.2145051032290027,-0.0005842294361131824,0.0,0.0,-30.0,5400095
best_model,-94.95888197190331,5.704900912865538,12.765302723626988,0.7986692996168945,-2.581354599446408,-1.4247000658355915,5.716311597857915,0.41865335830620337,0.09926747467898167,0.0,False,LOSS_OF_CONTROL,238,23.799999999998647,4,756819.1900853438,1347.0884832855434,2930.3244865220586,3633.107268696082,dry,0.9040559303853472,8.512062921232896,27.143429959357825,0.8925726135368404,2.40498602310868,14.69835188219485,1032.958897166291,0.9023881006338892,,,,,50.11864936219382,0.09926747467898167,0.853902642199591,132.57692505741667,143.18307906201002,1620110987,0.654130883278185,0.12562302929884275,0.5476373903895465,clean,4.433578362157454,1.8901875812868423,1.8577356290436438,4.759799473918367,0.0,0.0,0.003970698987159266,0.0,0.0,-2.3799999999999932,-0.8606580970329046,0.0,-0.19224433599387722,0.0,-0.2,-5.945526789911149,0.0,1.8356020862335232,-19.177421727403658,-0.9059510870039325,-0.0779537661847933,0.0,0.0,-80.0,5400096
best_model,-67.08568981048602,5.993309246298758,11.631294771449294,8.216527767200532,26.027063847346067,16.034850607314226,7.865673530773468,0.5552884747158445,67.14985341714237,0.0,False,UNSTABLE_AFTER_LIFTOFF,606,60.60000000000048,4,864961.740705227,1352.4098975344782,3389.52441639294,2262.6348604966465,wet,0.6354113964000021,-4.992084428823822,-11.29114312232947,5.977655658064838,1.161696317835986,9.556314273589393,981.840808677393,0.9353627400468301,56.89999999999753,2287.43341893867,,,158.95466609680153,67.14985341714237,2821.442065911214,144.13608437265722,155.66697112246982,1879749950,0.4759919470426268,0.4169104993578034,0.6750471282695413,clean,51.27316631198223,7.824135567287969,12.633759515355385,19.296445125536412,1.808303482846151,2.027751446416512,2.6859941366856948,0.0,0.0,-6.059999999999915,-2.418596885265861,-0.3593328837945635,-1.2125065906321695,-3.3446126234303653,-6.246549916414726,-23.19124995503578,0.0,7.021145610410755,-39.86371297364334,-17.93532157721961,-0.6617974291458191,-0.3627101724249196,0.0,-70.0,5400097
best_model,-89.74036105384596,3.822242324653985,8.17862211310991,0.9124777957978598,-3.676763278785919,-4.153246393312906,6.574756482046827,0.428294725378845,0.0,0.0,False,LOSS_OF_CONTROL,162,16.19999999999908,4,874074.060157497,1308.0435718052804,4020.853866879156,1653.1120659889848,contaminated,0.45204415938812154,10.073835008225327,-28.730509942565355,3.0386154445921996,1.8709973432824072,13.094908692221061,1007.3860526338757,0.9542477859451709,,,,,51.418817837110836,-0.0401084508725944,2.2426528552514924,143.8920480754317,155.40341192146624,594215045,0.7832326504707182,0.2578115215815656,0.31432220070590133,clean,2.155718080475728,1.3795126521678973,0.43144435099470896,4.2446145271241615,0.0,0.0,0.0,0.0,0.0,-1.6200000000000012,-0.2629716549907733,0.0,-0.5720049124569663,0.0,-0.2,-4.46150469418161,0.0,1.595551076086364,-10.354744495417004,-2.066308931852831,-0.009667051795621025,0.0,0.0,-80.0,5400098
best_model,-95.49303738490795,9.429908219893994,13.648118466297104,0.8463175591721684,-2.917502730779746,-2.9388157122974228,7.552653222221789,0.46708474525192833,0.036124704670328356,0.0,False,LOSS_OF_CONTROL,253,25.29999999999857,4,750605.1186538038,1326.4179006844886,4147.178687428222,5023.534826386419,wet,0.5727511747116262,20.37682683912943,-28.470547320804048,5.896408415499294,0.7278725039415104,-8.286338294580972,970.2748399665709,0.8568800503944733,,,,,50.383602983252686,-0.007462021198080038,3.592010356796864,130.9581161723038,141.4347654660881,1067098529,0.4267029040596256,0.15933207928576726,0.1460653750363333,clean,0.8590258027337887,0.010532080298089533,0.09002476089533128,2.6028187218376324,0.0,0.0,-5.421010862427522e-20,0.0,0.0,-2.52999999999999,-2.4997290851125515,0.0,-2.0803480715655693,0.0,-0.2,-7.33417251862413,0.0,6.817014742396671e-10,-3.9485995070069118,-0.46249677600571665,-9.279303959876764e-05,0.0,0.0,-80.0,5400099
best_model,-34.90172344752611,9.571700325564844,17.445300605902087,9.093639994252323,5.421985325540839,0.8207173480139343,10.78189982965674,0.5768393561843149,1325.6035054045046,1.0,False,UNCLEAN_TAKEOFF,771,77.10000000001361,4,678652.6382318741,1297.787183784146,4584.151017821072,2097.995425543063,wet,0.553300663323321,20.766077980265187,-16.61052634697579,0.18828765507743772,0.4035832093051447,33.04905853040083,1040.1356599769085,0.9128786222524458,44.39999999999748,1802.091052389819,72.20000000000971,,173.52578715534332,1325.6035054045046,3629.846832687223,128.84474101780154,139.15232029922566,740355828,0.17914893210568988,0.733768287682458,1.268589044715366,clean,92.40370407151653,6.016451127794669,12.009240344009234,10.570522614604485,14.723766563767123,28.37299357047858,40.0,4.999999999999998,0.0,-7.70999999999988,-7.848561303487164,-1.2163182339888134,-2.413639866600678,0.0,-23.695690062983353,-30.836868694130175,0.0,6.89957856403079,-78.81227665493215,-60.71669596118472,-5.183452653969175,-2.464476872449703,0.0,-30.0,5400100
best_model,-107.65320329174864,14.20258622828132,21.842954486892637,0.6722964849869298,-3.3370332123879196,-6.630449570058051,6.531770832362434,0.5853426273934236,0.0,0.0,False,LOSS_OF_CONTROL,338,33.799999999998086,4,859787.1168640611,1322.769025617702,4075.8398337996287,1499.9949012961763,dry,0.994446281644173,18.39007496099351,25.922712871273703,1.8508518077721656,1.6588952796470111,21.230061359137892,983.7253596358378,0.9594603119530666,,,,,50.04951382508012,-0.05076355919050002,0.9029679645660149,146.35429797095637,158.0626418086329,1263831251,0.14113813574823875,0.1611550151410258,0.2699827731161715,clean,4.411744573299969,0.09162667726063731,1.7695531546553929,3.7191083071043134,0.0,0.0,0.0,0.0,0.0,-3.379999999999972,-7.575460887028546,0.0,-0.8585312202855622,0.0,-0.2,-13.183973116042518,0.0,7.678551408311317e-05,-11.771108652309659,-0.669564305598026,-0.0066746083187060965,0.0,0.0,-80.0,5400101
best_model,-81.49451137130721,11.721030315416916,30.163468466415704,0.7121453876293671,-2.9194118303899446,-1.7374012175589186,8.413998071860096,0.32521716957894425,0.08300790432440408,0.0,False,RUNWAY_EXCURSION,214,21.399999999998784,4,607827.5957590207,1292.9733600916165,3311.992091574038,7357.0059692352115,wet,0.839370880432327,-3.7750978924517753,20.836880698605164,4.118196533403708,2.0520340659662484,1.3672510754841554,1028.3007358192351,0.8023833536579205,,,,,50.69890927674322,0.08300790432440408,1.247188360260445,116.43087034293765,125.74533997037267,658682852,0.12286620808286412,0.3611347265905545,1.0036496245797413,clean,5.318754495907787,0.5953432540773992,1.3742667668357031,6.4160058575927215,0.0,0.0,0.0033203161729761636,0.0,0.0,-2.1399999999999983,-3.2666517837948215,0.0,-0.5639474240068256,0.0,-1.2,-4.130528176401645,0.0,0.01255300219249022,-14.82498931135994,-8.462957866194676,-0.6256805023283981,0.0,0.0,-60.0,5400102
best_model,-252.4731656166939,27.597547851939467,180.765023636523,40.50046286895245,29.574008449752043,13.555236027637022,21.483160519206965,0.5174176320881254,862.4745955641438,0.0,False,CRASH,1387,138.7000000000307,4,667465.1593601985,1350.2247364685682,4442.374147547565,3727.679149470167,contaminated,0.43597739248066053,6.798558115053787,-9.164853821704035,0.054720798955992134,1.7837199029023856,6.37791967595324,1005.8937148764686,0.8963050868653524,46.39999999999737,1175.2217445954998,,,139.25182977809237,34.8765562716394,-4238.409389731338,124.42346036475806,134.3773371939387,734666285,6.822668394445738e-21,0.8588351235257853,1.9225004432766564,clean,146.26080897098245,15.611237507315824,20.71892165111289,12.482880520802885,27.49704933130399,24.730148501018917,1.3950622508655526,0.0,0.0,-13.869999999999749,-48.098741891092565,-39.83015180001881,-6.3650705763682724,-2.2341547703867497,-45.29668398249967,-45.97482409320036,0.0,16.33566146940526,-117.61312413473676,-74.7726048066817,-16.701092944956805,-6.748486819558095,0.0,-100.0,5400103
best_model,-49.87322561097322,9.912623415689342,11.945634502002344,0.4757451923628558,-2.6210021586670913,-90.0,6.638808151515176,0.6005198581604204,0.0,0.0,False,FAILED_TO_ACCELERATE,301,30.099999999998296,4,731113.6373423254,1340.5113359532181,3673.211372065264,1558.3213810729774,dry,0.9083455305830086,20.20889653028857,14.159915001199522,4.965249001424839,1.7997716967271251,-8.870842755506551,978.7817579203477,0.9534253009400894,,,,,41.51751158529522,-0.0020443520231765433,2.189730509656078,128.54925348752994,138.83319376653233,2020743763,0.4202302248837435,0.15959751259812938,0.13812236738383646,clean,1.4749271089286375,0.22113343562729687,0.28318700848375494,1.933778913939727,0.0,0.0,0.0,0.0,0.0,-3.00999999999998,-3.286254555262566,0.0,-1.338487234504854,0.0,0.0,-12.748007964234661,0.0,0.003915579216309618,-3.0652957478505387,-0.3421221553163191,0.0,0.0,0.0,-30.0,5400104
best_model,376.3016245287895,4.863215450956443,11.601521111166814,3.507926487339537,11.552315228840753,1.3123177297891249,5.47696865359583,0.4389035509085308,1348.591037157512,1.0,True,SUCCESS,611,61.100000000000875,4,571849.7393887036,1308.2539790342687,3169.3516869795676,1944.295854417911,wet,0.6304144053661624,-7.319126815900141,2.1660912160974433,1.9160174406142896,1.411827424497651,-11.046784112802285,982.013813776858,0.9032166946328101,32.19999999999818,1015.6603044584571,56.199999999996976,56.100000000000875,171.9121068032238,1348.591037157512,4183.883656401707,113.05863440279325,122.10332515501672,982054605,0.6607345194249713,0.2642855362617949,0.672689909301279,clean,71.16533996859353,11.478715933706257,13.929047793622617,9.21490474893591,12.603027776965792,27.63398131664035,40.00000000000001,4.999999999999998,133.02777777777754,-6.109999999999914,-1.605630913688837,-0.007559996870295091,-0.07417353286824602,0.0,-0.7712444639150251,-17.041786758162214,0.0,14.556635750154065,-22.593793873598383,-12.46174152965789,-0.7129279321231203,-0.0391254504681235,99.1101779137457,0.0,5400105
best_model,-182.51767218432994,14.480588969791322,30.12158086587732,1.1740170876715055,-2.5295950161899414,-1.7770968630280002,8.548840511173376,0.6348711610289386,1.2110869165171607,0.0,False,RUNWAY_EXCURSION,708,70.8000000000086,4,848695.1226468366,1322.040376778024,4522.219843224932,4917.479342130123,contaminated,0.5499236497309676,12.35704894292413,-18.069912002913167,3.006862524723841,2.484625548912203,10.13731688348934,971.4296312607512,0.8679227645532384,,,,,106.49134379928402,1.1265856843601796,-0.6920871741820633,143.67736710670886,155.17155647524558,1665664886,0.06200644401210597,0.5592731557400535,1.4297597417154315,clean,32.02653871298306,0.3017994974819377,9.991961931157745,13.927411485316659,0.0,0.0,0.04506342737440721,0.0,0.0,-7.0799999999998935,-16.49541327708064,0.0,-1.2394517912712044,0.0,-51.36688232453719,-31.220088196211584,0.0,6.132544418174598e-05,-41.390143399487165,-25.492909337595233,-4.525620237904648,0.0,0.0,-60.0,5400106
best_model,-62.387402367982936,10.02977364434973,13.395642046868996,0.15257908891825941,-3.0494055216224263,-90.0,4.396363302370934,0.7768645169479507,0.0,0.0,False,FAILED_TO_ACCELERATE,672,67.20000000000573,4,902165.1729645671,1343.590606849344,4321.494895181789,5959.437507406129,wet,0.7940276559847309,11.989216221165812,-0.09180815677820475,2.9172315373368805,0.22543444516749112,9.940893082402006,992.7652046984531,0.841746219707575,,,,,26.359644762855133,-0.13338548655065097,0.23731714810233395,146.48558726447865,158.20443424563695,1704222557,0.4015855593247652,0.11962139123655935,0.3574944559270706,clean,12.28035644843754,0.3378823805101833,8.558779476017143,3.8295827341377717,0.0,0.0,0.0,0.0,0.0,-6.719999999999901,-7.511194831981305,0.0,-0.06815060038455144,0.0,0.0,-38.236291939561404,0.0,9.845495638187765e-05,-3.1257025364795816,-1.6616339751247253,-0.0711279785102133,0.0,0.0,-30.0,5400107
best_model,-71.87340671002664,14.51445990301286,18.209100636639846,0.3042622568267411,-2.591550595070184,-2.578618035098763,2.6765172450983576,0.7978142977047692,0.3920194255661045,0.0,False,TIMEOUT,1801,180.09999999999306,4,760420.4240222507,1335.8180281884934,3468.2069695846844,7071.579578622499,contaminated,0.3755497314330724,26.498848793723255,-3.002471225778287,1.2170190066360496,1.468810287477615,15.54582463462932,975.7033453079108,0.8176657494957145,,,,,53.68881883248903,0.18204648356004327,-0.3064332473550646,136.92671438973707,147.88085154091604,1087982986,0.15910912103903965,0.080857965577161,0.29869343994729264,clean,61.96902067343857,0.4190664824287473,42.41293570269705,9.120123317320786,0.0,0.0,0.007281859342401736,0.0,0.0,-18.010000000000016,-42.15731698259774,0.0,0.0,0.0,-2.5139365246498704,-106.49102357662645,0.0,6.318708399693313e-06,-4.522434542309423,-2.0360395047078974,-0.07108993307078008,0.0,0.0,-10.0,5400108
best_model,-57.06917217926513,11.734246878467529,13.564735889992885,0.3168649576905391,-3.4588344875737222,-3.870086252800796,6.519154228022581,0.6313583010060781,0.024804716667404136,0.0,False,FAILED_TO_ACCELERATE,552,55.19999999999687,4,936133.8674948094,1328.8037285266794,3933.8296512194306,3550.6288874859724,wet,0.5806219479145506,24.45237958631155,-8.502581879539788,4.492688484255855,0.21686662371894583,29.01915694670319,1014.2821769930405,0.9087093288833755,,,,,37.91932938153034,-0.06756909184787219,-0.30568609918028233,152.2775366610437,164.45973959392722,1818426268,0.304895638940462,0.1639808654267981,0.7218768817508564,clean,9.238234512061837,0.07071677942199449,6.321076729535566,3.796960403038512,0.0,0.0,-1.4568966692773966e-19,0.0,0.0,-5.519999999999927,-8.445143054695926,0.0,-0.8607319277587566,0.0,-0.2777049038368549,-25.38388184567179,0.0,1.3199682145951914e-09,-2.32837609170832,-3.0691495349213507,-0.6111732460499099,0.0,0.0,-30.0,5400109
best_model,-79.97607646687254,2.5769071674994826,3.382855429466532,0.47404836826763624,-2.399062394420022,-3.4597444485537876,7.921574783150072,0.3889664748022633,0.05722103925745614,0.0,False,LOSS_OF_CONTROL,124,12.399999999999297,4,635811.1736026458,1336.899273004246,3984.3755516674205,4501.8221899098535,dry,0.9362033528109168,6.927807311371325,22.668566317513758,4.144059883312307,2.160676672977933,-19.247528420218764,1042.2134545906265,0.8659206634927764,,,,,50.18634821708856,0.05722103925745614,2.919082138665594,113.9945069198827,123.11406747347331,64334248,0.8829325549171332,0.25517677047283716,0.8858606261803333,clean,1.1083231698642577,1.021611970565182,0.46428647746843965,3.199345495988247,0.0,0.0,0.002288841570298246,0.0,0.0,-1.2400000000000009,-0.09149065202098504,0.0,-0.8856810841522945,0.0,-0.2,-3.015702146226878,0.0,1.8013780464006657,-1.0445034060219083,-0.814224356314038,-0.2817088239935323,0.0,0.0,-80.0,5400110
best_model,-56.8957297613281,11.884754509073295,20.337656752462244,0.6556649585051213,-2.073955169342371,-90.0,12.333230440542797,0.4056445905074461,0.03961528755780819,0.0,False,FAILED_TO_ACCELERATE,301,30.099999999998296,4,613554.6077042498,1355.378806049804,3992.5410153251705,812.8179412151784,contaminated,0.4858177592325059,6.899256956348019,-24.457984036909878,4.777460555365574,2.8916156342314823,24.562656641240544,994.0238027626357,0.977910326238817,,,,,30.88682408933554,-0.004035167148231267,-0.4716996902241344,123.65216811627589,133.54434156557798,1627798103,0.23126269243035982,0.15054412733480158,0.743195712385253,clean,2.5631242590284495,0.04453707654813214,0.693849405474883,1.8311630070944376,0.0,0.0,2.574980159653073e-19,0.0,0.0,-3.00999999999998,-4.723940479113593,0.0,-3.3032451625447723,0.0,0.0,-7.732157148921872,0.0,4.303196571952799e-09,-12.600257787801434,-0.40756632026799994,-0.25123661512752155,0.0,0.0,-30.0,5400111
best_model,-325.98114141510365,23.96293350150834,44.056612784392506,19.776183943641893,18.209422720418267,5.498665407519088,17.16676934906422,0.5404943874769507,1031.027079685497,0.0,False,CRASH,1392,139.20000000003026,4,633340.5996900024,1313.7091541714242,2961.3042070329443,3012.857198842901,wet,0.8827299307226538,23.39086182893905,16.801435287849348,3.4723002593404204,2.8854359319902123,-6.580281828151108,1017.418587321619,0.9118505878364632,36.59999999999793,1159.3520747773491,68.800000000007,,154.93728763131747,22.73433378490381,-4228.432959971032,117.83182142166449,127.25836713539765,358105883,0.00035318143348473025,0.9091099177927491,1.2608151753326846,clean,154.1566241686381,4.621706114369962,19.434617630123704,10.49803571103278,40.677744438065794,39.26784823995585,0.9093733513961445,0.0,0.0,-13.919999999999748,-88.81303081564587,-23.07674111365754,-10.808299009743882,0.0,-52.262780783563755,-47.487620897429494,0.0,0.865986165861547,-144.96630213195544,-94.69344810201777,-9.26422598948641,-11.120628391044383,0.0,-100.0,5400112
best_model,-52.58024991483485,5.034864221478671,12.849699541160033,0.5383914557133469,-2.89857299054965,-90.0,15.591331002498789,0.43198350576863326,0.0,0.0,False,FAILED_TO_ACCELERATE,301,30.099999999998296,4,648090.6577513588,1305.214159642234,2875.1376573867183,4851.404554298576,wet,0.8705571182132638,-0.18847883944485666,-23.633850679529704,3.8016434188137973,2.8616216767165685,34.15899552608474,1004.0677321980443,0.8788297125976419,,,,,24.73080001971359,-0.10508596305407991,-0.5749607668176471,128.37290700846918,138.64273956914673,1785834242,0.694150656105147,0.06957047838899838,0.5406211414756663,clean,1.6083083647453098,0.8314619551684531,0.30457277219431733,1.221641276790794,0.0,0.0,0.0,0.0,0.0,-3.00999999999998,-0.8478119084829484,0.0,-4.593034447638819,0.0,0.0,-8.419181677408003,0.0,1.1153234675177304,-10.534645509853151,-0.2152186105814112,-0.04166559728713101,0.0,0.0,-30.0,5400113
best_model,-49.420419576156206,11.509806918071511,11.511703468019618,0.03290955958941564,-2.4555814805155056,-90.0,0.9691960187686742,0.5818303508946003,0.006887314654932197,0.0,False,FAILED_TO_ACCELERATE,301,30.099999999998296,4,700607.6345595722,1345.3538705829044,2917.5878516050852,1603.048264650861,contaminated,0.39237906542504003,26.39120211916339,5.873446872038725,1.3559043361578353,1.4098944138094915,-14.094122925759148,989.2839035205408,0.9512258449748422,,,,,26.377408165602233,-0.06126823092245104,-0.1734324589011063,123.99304015683208,133.91248336937866,56550163,0.3439647075266115,0.0,0.000591540059214791,clean,0.0005836355231691929,4.326786094826059e-06,0.0006255311464453302,0.005015160218128098,0.0,0.0,0.0,0.0,0.0,-3.00999999999998,-4.430574693630815,0.0,0.0,0.0,0.0,-11.98607353619922,0.0,8.961154110121196e-18,0.0,0.0,0.0,0.0,0.0,-30.0,5400114
best_model,-288.18791189665694,21.573982008461954,50.6106807513526,34.01747781593581,14.204235841572633,2.1632702079801773,18.255355077649845,0.5029410692778506,1772.8540090515548,0.0,False,CRASH,1584,158.4000000000128,4,578694.0170095081,1298.2449630947542,4643.139955163395,3110.9117664901996,wet,0.6390846797871281,23.565309179066396,4.723030341742511,5.658931045979535,0.6183477042232528,-7.714449902454049,998.1384059688727,0.9081257645551584,35.199999999998006,850.0705203881663,68.10000000000645,,146.57764976382146,45.59715938065165,-5837.858330143801,113.48708309360259,122.56604974109081,1284322338,4.909481356426794e-05,0.974956563428281,1.4406383816833819,clean,201.93816455251863,8.960419212661904,27.750552640979645,8.41329162969181,37.20842833371021,54.45474054060406,1.8238863752261025,0.0,0.0,-15.839999999999707,-81.91685914745354,-17.630392528214376,-5.73317256323909,0.0,-31.907386435553796,-50.41262667772797,0.0,8.631936490902113,-186.3953717836492,-121.39859215590084,-13.920525308787123,-12.214405072420748,0.0,-100.0,5400115
best_model,-128.14940813722322,15.804044805722667,30.373350762153997,2.383187413227067,-2.8444377553123283,-2.61892391833813,13.748751284769444,0.47338486640613997,1.3160918956100431,0.0,False,RUNWAY_EXCURSION,915,91.50000000002507,4,964239.8993160714,1312.5552160109116,4693.792265413267,6341.6016231090425,wet,0.6797847776158132,-7.435337409776359,10.524379203864402,1.72783845893523,0.2589105951561276,-8.168023814833859,1011.9677050533655,0.8222456299607808,,,,,110.64829543944816,1.2982043010852067,-0.5051583090519784,145.37008589370214,156.99969276519832,1831172469,0.040981373700982635,0.6487641293453914,1.3606585175269872,clean,70.78362626975067,2.170711045437114,20.324017380770233,18.23563196743232,0.0,0.0,0.05192817204340825,0.0,0.0,-9.14999999999985,-25.393062942497753,0.0,-2.0284715100639534,0.0,-27.893192762264654,-26.919513410099594,0.0,0.5968265988581472,-47.257050707258415,-35.17516479037653,-6.4956934489538645,0.0,0.0,-60.0,5400116
best_model,-34.88770590547861,3.8000483800740357,4.401758134824433,0.6046126449210237,-2.582011802959605,-90.0,4.463768073838399,0.1538582286763429,0.0034086895279870078,0.0,False,FAILED_TO_ACCELERATE,301,30.099999999998296,4,807011.9009880419,1354.4446929826515,3375.0877229857474,3963.436654501421,wet,0.7613295948606059,15.687278737676973,-27.10320065366731,4.193272703929604,0.14318637975642656,4.9322061184556105,993.7537644749682,0.8905555018253335,,,,,23.776937064630413,-0.08586018824189523,-0.059252363567670885,137.3080784249527,148.29272469894892,317222484,0.8845090554443664,0.0,0.08862405299845848,clean,0.2615918156380182,0.14310934890757113,0.1274779935684546,0.2614847782561845,0.0,0.0,-4.404571325722362e-20,0.0,0.0,-3.00999999999998,-0.48295007499576603,0.0,-0.04316836331761789,0.0,0.0,-2.161393258352327,0.0,0.01614185481686707,0.0,0.0,0.0,0.0,0.0,-30.0,5400117
best_model,-104.26570546040611,12.34367631409685,21.778154001023957,0.9570996645378228,-3.0705033271298414,-2.0535964034086116,8.509311183179877,0.6239937667559521,0.9178056950531754,0.0,False,INSUFFICIENT_RUNWAY,869,86.90000000002141,4,914771.3969147314,1306.7292468028031,2887.5841050088334,4816.091019266213,wet,0.5655772737671331,1.6491186645033515,6.29079704218401,0.20473590260163843,1.1252239368908072,-4.592960823364322,1026.7069776760243,0.8641515799900517,,,,,97.86060861091029,0.9178056950531754,1.3321145895018205,141.46663887173895,152.78396998147807,523012610,0.1495547242406505,0.5592106312955105,0.9265082398278401,clean,56.67693841076513,5.3216665064345126,16.86038091894305,13.929288300954921,0.0,0.0,0.03671222780212705,0.0,0.0,-8.68999999999986,-14.711817084345894,0.0,-1.054069301295164,0.0,-7.119810793172045,-36.899185433863224,0.0,5.72697064766237,-54.66948260628352,-26.652226071606233,-3.021071182401678,0.0,0.0,-50.0,5400118
best_model,8.450378281815897,10.756593508498039,22.53470564079407,10.982966550306374,18.541089269855043,5.309056946932197,10.581363738815956,0.5855318781035479,1311.2533372171629,0.8620689655172413,False,UNCLEAN_TAKEOFF,713,71.30000000000899,4,574545.8827060163,1330.4961256206077,4437.102058201477,981.6283386680356,contaminated,0.4353263714989498,13.87737499974412,5.357147796629648,2.973201323821171,0.33484457567808246,-6.093064707659135,1003.6691956576481,0.9328527426429032,47.5999999999973,965.9769842176346,65.60000000000446,,151.24569652320616,1311.2533372171629,2844.885182539798,113.09313403498452,122.14058475778329,240907414,0.15856626147939687,0.4150663839628319,1.3578444687463749,clean,50.19023178021041,3.937282654807999,12.487305314757812,9.59262863446552,9.814591080538152,22.928295140736406,40.000000000000014,4.999999999999998,0.0,-7.129999999999892,-9.166352076192814,-1.2880602690875673,-1.2677071914947948,0.0,-3.605129903622532,-28.93645391126911,0.0,2.122751520400324,-34.75403069932642,-23.10862298794039,-5.800888992987553,-2.5654618121794295,0.0,-30.0,5400119
best_model,-49.91074234152422,11.201023812005491,11.205309001595024,0.09973182202894229,-2.9852500375508306,-90.0,5.189883694308602,0.5718580166234786,0.0,0.0,False,FAILED_TO_ACCELERATE,301,30.099999999998296,4,915603.5651738989,1348.3363546966846,3874.7176719711397,6576.242212982171,dry,0.980605445937001,10.281889790447394,-9.044579445836472,5.145908791983043,2.9132584240265498,2.189205921744705,1000.9513025884928,0.8222853312157258,,,,,17.455097813509205,-0.1603137146039444,-0.027781023352385317,145.04437551669332,156.6479255580288,1951355225,0.363925832719318,0.0,0.0012827568156019498,clean,0.0007112086836758631,7.143688247036482e-06,0.0002764295237017171,0.005171270634647359,0.0,0.0,0.0,0.0,0.0,-3.00999999999998,-4.196038140619036,0.0,-0.7194455342820406,0.0,0.0,-11.991424719153411,0.0,6.409977527626488e-17,0.0,0.0,0.0,0.0,0.0,-30.0,5400120
best_model,-118.24581078127346,11.536960994159251,30.036553143227415,11.051945210116854,-1.4500549708157178,-0.9988072858883568,6.506665146508227,0.5113638882254459,6.616892676382577,0.0,False,RUNWAY_EXCURSION,376,37.59999999999787,4,627555.9819293991,1297.698176243333,2897.848858316134,2249.726392407723,wet,0.6490419834597275,29.5977524285434,-14.873945526965768,1.5777440981644795,2.09915593511493,17.620936035231104,1023.1792133443035,0.9389134504599916,,,,,156.59292031108453,6.616892676382577,166.53738009937072,121.88472200481493,131.63549976520014,1813149908,0.07616614576881879,0.585423219837466,1.0189055713447654,clean,25.62646701054023,2.2781557431473347,5.363644629168482,9.593387459035187,1.4074945069984948,0.011604680055621324,0.2646757070553031,0.0,0.0,-3.759999999999964,-5.560683592973631,-2.6210795758502896,-0.2993829044884182,0.0,-14.78548207678641,-13.21072015262774,0.0,2.1789312784778785,-35.595541161643375,-27.253690783297653,-1.3160205118482837,-0.5675710362361224,0.0,-60.0,5400121
best_model,-205.68141301902347,12.576653439879047,25.66314446169307,8.701818990617166,-0.15696414395508698,-0.8181985230732148,11.985926253915935,0.5625406297608969,191.42398043984394,0.0,False,CRASH,1197,119.70000000004751,4,700396.1550320585,1301.4588594267195,3650.74325171284,7202.011150885006,wet,0.6665972890337248,-1.682808371273845,-15.925355105962883,3.5319884693502956,2.7815752397684665,-8.573715165206472,1031.8853081188172,0.7993125504098554,66.30000000000501,2256.775433714029,,,153.62334559072963,23.16990380506195,-3364.1578913317862,122.60469859502439,132.41307448262634,597161348,0.08037122014232392,0.7082389621612594,1.4805361954358816,clean,144.3948779837884,7.961600209282748,14.650370212266314,16.319127957082422,14.737572855470102,9.394033162218701,0.9267961522024731,0.0,0.0,-11.96999999999979,-21.03690416232728,-0.5143920130318922,-4.864736132270345,0.0,-38.636040421815956,-44.13539798440179,0.0,7.527284776110543,-115.27085348300898,-71.9891896727008,-11.918791799107895,-1.2567706587783978,0.0,-100.0,5400122
best_model,-107.6740309438047,10.82954738383058,30.29705512887208,0.8468189866719118,-2.7363443640135348,-90.0,28.522878021275126,0.2741247407568737,0.0,0.0,False,RUNWAY_EXCURSION,299,29.899999999998307,4,831522.2820343103,1349.787987630046,3119.8371359789307,6025.352000239486,wet,0.6350082817294751,-6.12137797405893,-29.175256053982768,4.319378230045708,0.3861129821651583,-10.396867693000274,1012.0155596122318,0.8292121243081925,,,,,38.952819951158055,-0.05250084805811639,1.5431724315437467,134.45396707524196,145.21028444126134,1923142501,0.15168296242527954,0.22322648110061,1.3424951950145543,clean,3.8997510194038387,0.877519744452326,0.8590721525242802,2.2478904904246475,0.0,0.0,0.0,0.0,0.0,-2.9899999999999802,-3.8962722072278755,0.0,-15.097978543710951,0.0,0.0,-4.715419535965695,0.0,0.7494521539564756,-23.723558778333903,-3.886972387122161,-1.9975150522056675,0.0,0.0,-60.0,5400123
best_model,-57.2175836689738,9.999813530448167,10.132649380516996,0.0304777781548537,-3.469174507159393,-90.0,7.6343803447289735,0.7910540868607595,0.0,0.0,False,FAILED_TO_ACCELERATE,301,30.099999999998296,4,810976.3579168532,1306.8214564030036,3210.91782864116,1268.469647380932,contaminated,0.46439231018067245,3.0157308391132,-5.421985915162283,4.02116814631833,0.27252480189856454,4.046488984221341,988.3064487350609,0.9635943956478301,,,,,7.341307027310913,-0.23905612774319707,0.0981510148960182,137.81502429293772,148.84022623637276,769210816,0.44552616837855963,0.0,0.011418071495501432,clean,0.025880839978527664,0.0004653907619733539,0.0020109090151954685,0.10710983705122767,0.0,0.0,0.0,0.0,0.0,-3.00999999999998,-3.3443197181960014,0.0,-3.181109448575301,0.0,0.0,-17.817621479010167,0.0,7.629167219523951e-13,0.0,0.0,0.0,0.0,0.0,-30.0,5400124
best_model,-221.9234427892676,17.599109476737286,33.64607231020247,12.157221823439318,12.346146705363884,3.8580101026390388,12.63805730400251,0.41380536185190675,406.9592557351907,0.0,False,CRASH,1178,117.800000000046,4,569813.9236599854,1312.1546182510401,3536.4893189678714,5693.383399641709,wet,0.6458112964516175,3.665888292478666,18.374407171272612,1.8541254983423299,0.539164984940484,23.90990925967622,992.8946875119426,0.854546799151173,63.800000000003024,2977.8995906239643,,,139.2771387630243,5.97045446879747,-2018.7112458589068,119.10629385816621,128.63479736681953,571154586,0.012821193126788796,0.7605424383661916,1.4065330205494888,clean,138.92941765143246,5.0115531509187194,17.19736399243876,15.510096902787026,29.13478841740542,18.189989662786132,0.2388181787519019,0.0,0.0,-11.779999999999793,-40.540039428087624,-7.398719527185215,-5.893129960538898,0.0,-32.71482075180195,-28.803793815740995,0.0,4.127857896952048,-138.70917684283512,-71.11455605781194,-9.871717426472092,-3.4373748322634743,0.0,-100.0,5400125
best_model,-34.40410411745077,0.8343227299266807,1.3280554579387793,0.4076669456556124,-3.0885264013406477,-3.429847271891887,5.84664039518686,0.6375298823167053,0.030956758505453763,0.0,False,FAILED_TO_ACCELERATE,301,30.099999999998296,4,978230.2875801777,1351.532679248608,4415.210983284225,6062.059702753629,contaminated,0.48185290250947244,26.48874922970532,6.929235010591207,5.085509839077231,0.8837155393178191,-20.631113511703578,1013.7942289381414,0.8221770537930158,,,,,43.88779554075425,0.025371766174430377,-0.8568529559538929,142.99592337381668,154.43559724372201,2060174398,0.9744592445556786,0.1366140970402673,0.38563810691624606,clean,2.3784007034311134,2.357620151046465,1.469319442379344,2.1834180280875306,0.0,0.0,0.001014870646977215,0.0,0.0,-3.00999999999998,-0.023280491079929487,0.0,-0.4318721195379781,0.0,-0.8,-13.521872746559454,0.0,5.514464134834751,-0.28864492638112266,-0.21552200565520274,-0.017149158663270894,0.0,0.0,-30.0,5400126
best_model,-192.28555819704513,15.455724699495462,20.66028546771647,1.1271980728362199,-2.2906381945202723,-2.157316541869605,6.804285983219735,0.4648333058686423,1.015919094610581,0.0,False,INSUFFICIENT_RUNWAY,816,81.60000000001719,4,705057.3685374284,1304.3238053646978,2827.785727280739,4153.822465091464,wet,0.6747678719629789,7.897547737243691,23.1272248142207,3.6499660216293512,0.08516091826062988,-8.039269808510468,977.2890269412012,0.8804865455115078,,,,,83.77704827247571,0.6757325853905058,0.4313202978096342,126.52209561857849,136.6438632680648,1376903405,0.1068605800481621,0.3160602140773334,0.7427766592538737,clean,55.8260508019045,1.3344807116647068,18.47066089381307,10.74305974376155,0.0,0.0,0.02702930341562026,0.0,0.0,-8.15999999999987,-21.658401289451223,0.0,-0.6561215174079313,0.0,-124.6395325277074,-22.69868876386114,0.0,1.5246427099388395,-29.812896566137127,-20.971815863437904,-1.6140258335417401,0.0,0.0,-50.0,5400127
best_model,-271.0484050230678,19.27863933353661,27.67255438776803,1.7408508427571996,-2.910822925450109,-2.6970815904171523,12.316670349396308,0.664265862189534,1.3013083364030535,0.0,False,INSUFFICIENT_RUNWAY,1099,109.90000000003971,4,841791.0712091629,1319.4993108755295,4298.585412717067,6578.1470145726535,wet,0.7700021212312901,18.951814841042108,-25.300060201897324,2.8323899852545416,0.005306030941348072,19.496782174389374,1012.3142844392049,0.8315021935626131,,,,,114.64662530351131,1.187079657839604,2.1471791724787437,142.3545820478283,153.74294861165458,32194062,0.025555828633208655,0.4769110732378459,1.1174943309479914,clean,84.88468916164504,0.5364347249684752,21.341862974880627,14.053879016310221,0.0,0.0,0.047483186313584176,0.0,0.0,-10.98999999999981,-45.38454023036565,0.0,-4.045645767584112,0.0,-136.94375332410243,-51.69171114193558,0.0,0.5244681315004331,-49.22657022874805,-38.320714492175306,-5.83428703377546,0.0,0.0,-50.0,5400128
best_model,-99.82429932159285,17.83214817848718,43.59983993119096,17.9905689208936,17.044145058335246,4.363819905285961,26.66538354448807,0.46903368000146406,1645.1177731311698,0.0,False,LOSS_OF_CONTROL,1476,147.60000000002262,4,634010.8887959761,1307.9994052746224,3391.9290262002946,1655.7910841234384,wet,0.6272815082116083,14.970162822109337,-0.17616546032310665,3.3086963024547793,2.921384008082414,30.706340115246775,1008.145004040105,0.9319011032665913,36.19999999999795,1258.585417128329,67.20000000000573,,146.99340281633258,976.6097141968314,-8942.51946478976,126.03326084636477,136.11592171407395,1067594642,0.0034214404622762936,0.7403696614509544,1.330527486012831,clean,203.65683381223866,13.540916876427096,30.528408658064407,11.685445921588965,35.21636231531464,65.53735280250666,39.06438856787325,0.0,0.0,-14.75999999999973,-52.149623420161916,-12.774785088418476,-5.416616956509056,0.0,-12.127474789764744,-43.40917346818405,0.0,14.435760326605571,-172.06570921924066,-102.49687735255235,-10.899691740840254,-7.3898165665362745,0.0,-80.0,5400129
best_model,-81.45034597434933,6.018385353167558,6.874700752403095,0.5584843287597236,-3.2096031085095946,-0.8897683597058542,3.7165294818473558,0.40145433512493156,0.040148244551801326,0.0,False,LOSS_OF_CONTROL,134,13.39999999999924,4,816155.9640379602,1322.0089826130616,3855.545411853149,3104.0496039826944,wet,0.8258303336995367,10.592637804515949,26.944451690180966,5.701853820803872,2.0552911563745244,22.6770906450405,983.2065702500322,0.9181754176413583,,,,,50.3339243964803,0.040148244551801326,2.814653167827288,142.9632498986693,154.40030989056285,366957455,0.7208415996930152,0.150029496294112,0.6311079399308184,clean,1.2303075100166945,0.29731180030123266,0.8248055404874609,3.203634145238455,0.0,0.0,0.0016059297820720532,0.0,0.0,-1.340000000000001,-0.5392898825261917,0.0,-0.01470269829350091,0.0,-0.2,-3.3245622467069267,0.0,0.000537641696920784,-0.6895577980694975,-0.8091682203400026,-0.09126769593604794,0.0,0.0,-80.0,5400130
best_model,-75.4146367738285,5.104075969789052,10.608462140796396,1.1235054705795267,-3.232909423604575,-0.3673134081447986,3.936814266956124,0.6213270539370653,0.8214702732989281,0.0,False,INSUFFICIENT_RUNWAY,1368,136.80000000003244,4,879347.0235478469,1303.498490621852,3249.4710179378053,3012.9616305605373,contaminated,0.39136530251270796,29.623125504157997,5.623316762912723,2.7826147364293448,2.2037363234109852,-17.722741125642745,1035.7283951261086,0.9090605002680311,,,,,72.9971707506517,0.41363044029867524,-0.6090941644099956,134.8600224831753,145.64882428182932,214683416,0.7017949521598557,0.21213359675617358,0.5493326490224724,clean,64.2379822940812,21.379462975193313,33.79267431127114,9.313278059935458,0.0,0.0,0.01654521761194703,0.0,0.0,-13.679999999999753,-3.9598419088174714,0.0,-0.005378516703521901,0.0,-28.193457651646575,-58.94799566729211,0.0,10.514148042278665,-40.008208861283414,-19.152774054762766,-0.721071013694636,0.0,0.0,-50.0,5400131
best_model,-70.42214448502095,7.8639808068701536,20.557998902678307,0.9153520020845988,-3.21031874311805,-90.0,21.893478167170944,0.45465679805012105,0.0,0.0,False,FAILED_TO_ACCELERATE,301,30.099999999998296,4,952039.0764009085,1342.6480689848142,3804.6662089886063,4482.873959334472,wet,0.6624783030189774,-8.824605931573913,-28.546697970614108,4.84815055760691,2.0337421779389997,27.9125782908161,970.1758180166323,0.8855260673680707,,,,,35.76965125139392,-0.13382288433967915,0.17283236005105174,156.74348224277875,169.28296082220106,1873368569,0.40083613028379045,0.11427107621108633,0.9098537435052227,clean,3.0770388444966903,1.1959342625017677,0.6067896631132663,1.9868262663685905,0.0,0.0,0.0,0.0,0.0,-3.00999999999998,-2.068277825930828,0.0,-9.53681723649384,0.0,0.0,-9.180727976433646,0.0,1.0992088859478912,-23.24133847170857,-0.7641249130609006,-0.5866559838213705,0.0,0.0,-30.0,5400132
best_model,378.25334891752567,3.771731376554618,7.509612734021202,4.988304420891799,7.305807142879825,0.7373225843123111,10.116534948955552,0.47380569018172186,1296.055886048142,1.0,True,SUCCESS,741,74.10000000001122,4,627996.5113825755,1299.1314072847085,4435.472703060526,2101.4903556715367,contaminated,0.36249055925844337,4.590736015559806,-6.936926226951918,3.855247510317574,1.8930216694659343,17.88573666423337,1011.3214608756449,0.9093778507645816,39.69999999999775,1297.1238483045477,69.20000000000732,69.10000000001122,179.87108514218593,1296.055886048142,3867.811772941048,122.69330429019158,132.5087686334069,579470714,0.6936703039845052,0.37696002202338186,1.0075490929506408,clean,87.00760836400289,15.707663258617178,15.316246025832674,10.825918302034458,15.581143914134909,32.79501799866147,39.99999999999999,4.999999999999998,129.41666666666356,-7.4099999999998865,-1.171270507163661,-0.06860411350014334,-0.8269200804877578,0.0,-2.7146951664355794,-22.76449313162247,0.0,19.694915657176335,-32.54901496635478,-26.297389258811336,-3.0938658085273896,-0.2461238343703449,104.0505455976758,0.0,5400133
best_model,-115.14465112049994,8.142529624816428,11.46093833912437,0.9910968699448203,-3.16197085989059,-2.9537361259533834,7.078439305125677,0.7493875745161419,0.41231038102205275,0.0,False,FAILED_TO_ACCELERATE,1098,109.80000000003963,4,851402.5281448072,1327.8126378724453,3926.033227320385,888.1645616551423,wet,0.5555011602475936,17.81759399581241,8.865593189079492,5.124220045554537,0.8550292165667593,11.146425109474734,1006.0233072392829,0.9748997801384857,,,,,34.116676470373,-0.11817852690398922,0.7194899473671645,141.6494845346896,152.98144329746478,1890280110,0.526995852617673,0.17814846818816396,0.47796469413829773,clean,33.85345252155616,7.62166068293959,20.679120136060835,7.0441256547245885,0.0,0.0,2.859583229930518e-18,0.0,0.0,-10.97999999999981,-8.088696220303602,0.0,-0.9325422527381843,0.0,-52.4062836708924,-59.714009628034795,0.0,6.310372492970041,-18.76146125059337,-9.239873268090431,-0.5305163180984184,0.0,0.0,-30.0,5400134
best_model,-181.25047395789537,17.582363359349166,30.320911424383834,1.6871343385325985,-2.97890508004482,-1.603491746233447,14.537080973397225,0.5979904589425953,0.9425646982817852,0.0,False,RUNWAY_EXCURSION,875,87.50000000002188,4,898014.1362940819,1312.7077411714083,3346.1808315128033,6210.5922577596775,contaminated,0.5001084226461455,2.224981497600073,15.625975119362565,4.556618473568809,2.722613546653057,7.75140527049097,1018.1591765594261,0.8343813673995872,,,,,94.81573359851294,0.8858778714184155,-1.4767707111137796,143.78316782404428,155.28582124996782,1459160499,0.03203982361148982,0.51512036672973,1.0866288729680174,clean,64.17228874801152,0.6715564170484344,18.114510170621966,14.754109223367388,0.0,0.0,0.03543511485673657,0.0,0.0,-8.749999999999858,-30.05522929307344,0.0,-4.278405866555166,0.0,-52.681834481482525,-34.44231270195023,0.0,0.4095057230480021,-51.55290545138955,-33.7621406242746,-3.885050936123666,0.0,0.0,-60.0,5400135
best_model,-271.1114441674422,33.76664038264075,99.83416175104443,36.083708660247126,20.661760994817236,6.122026615774651,14.912793150795608,0.5316019936865581,485.759684450868,0.0,False,CRASH,721,72.10000000000963,4,561601.9329491917,1317.7847837468285,3256.6664489676805,6997.645443120754,wet,0.6090584571193005,12.419639643748429,7.765420387244143,5.086511117627901,0.6747829375432565,7.314207877318552,1013.6845956773248,0.8140911629863266,42.3999999999976,1390.9319855116203,,,144.87112772734443,27.302836640264104,-1095.7269548172517,113.87177753053167,122.98151973297422,1248587491,1.601569927151739e-11,1.6155864310702217,1.5561995172173857,clean,67.26665073283338,3.7973422174744216,10.883337786789006,13.423005866394364,10.742438967995533,10.782696491107748,1.0921134656105684,0.0,0.0,-7.209999999999891,-54.77919672283105,-44.178482517749224,-7.643183696204985,0.0,-27.65491976330232,-24.896851942611,0.0,3.192371975358323,-62.88501063688827,-43.9653727016219,-8.509169062327523,-10.569214627468291,0.0,-100.0,5400136
best_model,77.1804025910726,7.721956632932865,17.547597505426033,7.013489773950518,17.10041742462884,5.425110918809221,6.540184285338542,0.5171173408201761,1199.5722455711114,1.0,False,UNCLEAN_TAKEOFF,700,70.00000000000796,4,730194.0035014832,1313.9027071212322,3883.9905612910375,1480.3202754590739,dry,0.9545408090720869,0.6291326180810586,5.079881896261331,0.20433231999691626,2.774770504150266,-9.471757426407752,1014.7478650400312,0.9210553082890797,40.89999999999768,1352.5995383978832,65.10000000000406,,165.84531332416674,1199.5722455711114,2141.1424265631777,126.03535142315872,136.11817953701143,497119321,0.36778858264242265,0.3479303156516323,0.9477256089056031,clean,72.14068195770221,10.53550129838806,14.451985395260524,11.792463531589602,17.51409662690351,27.94653316753966,40.00000000000003,4.999999999999998,0.0,-6.999999999999895,-4.637781107625233,-0.4361480803200849,-0.1574026374618436,0.0,-3.3112349006580657,-24.243634976658477,0.0,13.94854645966286,-37.84839763906937,-25.327679206370302,-2.5980493427463656,-0.5890779550638856,0.0,-30.0,5400137
best_model,-45.93901482541214,3.544113483624798,3.545740330696535,0.03918581401940434,-3.0550685726231013,-90.0,0.4654011950947198,0.6120770472954802,0.0,0.0,False,FAILED_TO_ACCELERATE,301,30.099999999998296,4,950515.0193431114,1349.656283980999,2952.941393023934,3215.0601613230447,wet,0.8073600206755354,12.280274985790406,1.7945090167844646,1.0711768140885305,1.7148319507195278,8.967948321451829,989.1435400998989,0.9116151350953567,,,,,12.66830638531283,-0.18004085270604264,0.1130209369409523,150.38865084590384,162.41974291357616,1977483668,0.9037519060332565,0.0,0.0005006571041360272,clean,0.0009702346098808337,0.0006365766912460216,0.0007824497104395261,0.0065316924270581765,0.0,0.0,0.0,0.0,0.0,-3.00999999999998,-0.42008698398090494,0.0,0.0,0.0,0.0,-12.517962503697367,0.0,0.0001137088275165961,0.0,0.0,0.0,0.0,0.0,-30.0,5400138
best_model,-211.50646706824307,24.938472184533634,59.92220788597355,11.368504191539996,16.211426514636052,5.979722614767945,11.65453777561537,0.37542737741797727,1143.3149138425856,0.0,False,CRASH,1403,140.30000000002926,4,683407.8025757403,1310.0329015763386,4090.8330105336654,2685.1324513019376,dry,0.9007596325827235,-4.234349268827855,17.515140442930416,0.20532848937251247,1.3371413935457088,-14.889093478450201,975.6097907644858,0.9180757621772695,38.7999999999978,1475.8990012380575,66.80000000000541,,168.2231939720846,45.294679966611056,-8386.065817971414,123.13781158127959,132.98883650778197,364238973,0.0001098306500700773,0.6963397302515566,1.3355256587679907,clean,199.11126392735616,5.279497449609767,16.245972631647096,11.848228414885282,48.6336584977721,51.25923084664201,1.8117871986644447,0.0,0.0,-14.029999999999745,-96.95157056032859,-5.986620232079349,-9.149486606661155,0.0,-30.132771730246798,-30.612242184165282,0.0,4.453628776827157,-163.66447392028732,-83.90768590503278,-10.070736656621268,-5.644147016220862,0.0,-100.0,5400139
best_model,35.5060051985683,2.990207139056373,6.884820444051092,1.2840020622657324,-2.63396430577051,-2.5417950382794254,2.3037705413742025,0.6265911299406799,1.1162944064785734,0.0,False,INSUFFICIENT_RUNWAY,911,91.10000000002475,4,838227.7694537167,1304.9135217280748,2959.0455713277256,2168.946394529839,wet,0.747578097277755,25.059743622225263,11.569977374119405,1.0609939195175255,0.0333017424692702,3.851313126391375,1007.2053164955886,0.938522331609698,,,,,87.19603036991815,0.7418424071233858,-0.24329310014955752,138.74431812066192,149.84386357031488,1076300963,0.8679336530448417,0.1508582700997591,0.36297312570207435,clean,58.76015916061319,28.74383467703216,23.54895477637634,9.415719585823398,0.0,0.0,0.02967369628493542,0.0,0.0,-9.10999999999985,-0.9050621763440467,0.0,0.0,0.0,-34.81128925704472,-39.526764896847766,0.0,59.09041757539597,-3.790302010732671,-5.7848372316551036,-0.15449870033311555,0.0,0.0,-50.0,5400140
best_model,111.64244192176213,18.442171391995736,53.972842162917416,9.480713440434902,9.293288337756003,3.6980988010733107,12.67997901351908,0.4533784353642603,634.3773578533587,0.0,False,TIMEOUT,1801,180.09999999999306,4,829856.291875571,1312.4141259226462,3891.4052116512025,3883.6641984436346,dry,0.9093736551953877,-7.625657801212111,-0.4530495734610762,3.035571504958287,2.145974102344199,-7.193706598140814,1040.5254609805406,0.8859391576495572,56.499999999997215,2477.9685673039016,,,160.74312333325452,83.90085293261063,1012.5584843942813,133.22792359604026,143.88615748372348,109865535,0.0025647132147928664,0.3775663140531569,0.8316561172533828,clean,271.94254285615807,25.72559441040243,42.601914984702226,15.972425035474853,46.62154352975452,24.23528024806836,3.356034117304451,0.0,0.0,-18.010000000000016,-68.06052753986596,-2.5766866123928507,-1.9667255775035732,0.0,-12.296524307121595,-48.55162442773067,0.0,36.755992883571686,-117.24510707413963,-70.70288319479094,-4.143695439632652,-2.0151119704949774,0.0,-10.0,5400141
best_model,-73.12528338670384,6.360186339601308,8.842801958888636,1.3676944932884074,-2.2262972214891326,-2.130506962492944,3.6414939346025355,0.5898143655877262,1.4831425653101178,0.0,False,INSUFFICIENT_RUNWAY,821,82.10000000001759,4,801666.785013923,1298.9251579832614,3011.958242637166,2230.931355781299,dry,0.9186000028455761,21.36800612288304,10.540937695441986,2.9304130311713816,0.4941542389269916,11.809392138182936,1042.606389333561,0.9384451706413058,,,,,97.66216022266754,1.031916736736548,-0.45207607391573035,135.1664082849254,145.97972094771944,942358128,0.6072334886966938,0.3554792186034027,0.7301762340244494,clean,59.73988083905903,9.18344012285076,20.311265645900658,11.08696397311844,0.0,0.0,0.041276669469461916,0.0,0.0,-8.20999999999987,-3.6901186217026964,0.0,-0.001624579142737175,0.0,-23.890131672668165,-32.26578671643707,0.0,3.0901593244623946,-28.06350551078466,-29.337591498806486,-1.119511362022657,0.0,0.0,-50.0,5400142
best_model,-37.908411318098985,7.754608020306289,7.770351897318407,0.5043844260295292,-2.7879000166776065,-90.0,0.4126828406161692,0.20901134511165048,0.0014080090941206436,0.0,False,FAILED_TO_ACCELERATE,301,30.099999999998296,4,605852.7896698384,1301.9910029005016,3965.8804387357313,1835.1512139276479,contaminated,0.43945257075875155,19.07422892457702,-21.97697450346587,1.4238134832259535,2.6075032601626607,-9.296268084008496,1012.8386622444892,0.9453010681252736,,,,,26.727162877943925,-0.05973543585469088,-0.1738961734784582,114.94826968500973,124.14413125981052,483654140,0.6155002486102231,0.0,0.022499888704897848,clean,0.04485766552601797,0.004085151065628197,0.03400144310253614,0.08694487478712351,0.0,0.0,3.3881317890172014e-21,0.0,0.0,-3.00999999999998,-2.0111464011253535,0.0,0.0,0.0,0.0,-3.0571540843187894,0.0,3.2863854862497064e-08,0.0,0.0,0.0,0.0,0.0,-30.0,5400143
best_model,-283.73620494976865,11.726195987394668,21.26621520051451,0.7029454962591698,-3.7345759590645384,-0.8390685072333293,9.633595622673605,0.5825333568616804,0.7713330868232333,0.0,False,INSUFFICIENT_RUNWAY,1103,110.30000000004003,4,959131.3117471719,1297.1645659974263,3478.3957409692594,2346.2235958842753,contaminated,0.3928043545716497,13.472162202022076,-15.708468070895085,5.120848410854088,1.5475513597787287,19.905157034458924,1029.2874173066252,0.9370660806506472,,,,,84.6572172432198,0.36267502673081253,2.6216282515454914,150.79457989951817,162.85814629147964,628459733,0.19149399722930316,0.440766096121661,1.009853767237191,clean,68.65241002982272,4.27487525133607,23.38337244205354,11.19603743258749,0.0,0.0,0.01450700106923251,0.0,0.0,-11.02999999999981,-16.851838953919355,0.0,-1.405721413458794,0.0,-111.58824360248761,-44.976251344612294,0.0,2.0127905991388184,-95.91444976015049,-57.55241151318394,-3.9512811179634157,0.0,0.0,-50.0,5400144
best_model,-50.54294490054228,10.950390321417045,17.662298317730333,0.4106215664420033,-3.521734409255756,-90.0,12.341282680021013,0.3837058115771181,0.0,0.0,False,FAILED_TO_ACCELERATE,301,30.099999999998296,4,801142.2716259293,1302.166309642249,4774.741653071158,2355.6930633919746,wet,0.8831080970666159,-5.717117654352526,-19.1990738034125,3.637685290852549,0.08054162407798715,16.846565126455886,1025.9691444828966,0.9361796428906847,,,,,24.44871541175809,-0.2129091297283594,0.27383863971747413,137.3522997017126,148.34048367784962,956347948,0.30290464182601606,0.12075368448864157,0.6874849324983097,clean,2.2026774941133556,0.058314724742732575,0.7650804429128484,1.435023819110541,0.0,0.0,0.0,0.0,0.0,-3.00999999999998,-4.010358389511849,0.0,-2.284002850010547,0.0,0.0,-7.43351825044885,0.0,2.07663817768056e-08,-7.887498536407837,-0.2275391619291411,-0.15112421387991445,0.0,0.0,-30.0,5400145
best_model,-47.10646715700915,8.685593610333077,10.940976527531307,0.6372306795495796,-3.3791744782404907,-90.0,14.504570641436832,0.22376671750284113,0.0,0.0,False,FAILED_TO_ACCELERATE,301,30.099999999998296,4,880613.9825126117,1324.2011147408687,4569.9284602794005,4972.884809988718,wet,0.704431112117883,6.340585785872296,-25.422179203118322,3.408586042191867,2.927356802757828,9.555087681219106,1040.6863857573126,0.8662962080269987,,,,,34.30086567730291,-0.08570244305610686,0.33076376908869776,141.2624608032835,152.56345766754617,243529543,0.4978566268389877,0.19883861665734132,0.3261273717842549,clean,0.9441990736317621,0.22522811431712225,0.03648340538613426,0.7369242341890395,0.0,0.0,0.0,0.0,0.0,-3.00999999999998,-2.523033382835724,0.0,-6.23274110801542,0.0,0.0,-3.443499796651286,0.0,0.06008214787772849,-3.739887218347062,-0.1602100474860756,-1.2579075376093365e-05,0.0,0.0,-30.0,5400146
best_model,-42.083848560560966,6.838786013045855,7.3100533055371955,0.388501822646209,-2.865409257537224,-90.0,6.305741023974557,0.3900922854015333,0.0,0.0,False,FAILED_TO_ACCELERATE,301,30.099999999998296,4,874660.8086940354,1348.8737894528465,3036.325695270296,3111.770239108736,contaminated,0.42275923345938954,12.885766871828011,-17.072927803989383,4.625028533316117,0.2773501925482531,17.59372668246356,982.3915388345235,0.9166796687312592,,,,,15.756246532775734,-0.14400370471003043,-0.33962744348600027,146.84429942316106,158.59184337701396,1810578532,0.6807662166265174,0.0,0.06403554826930555,clean,0.20047262176381098,0.02995583664313726,0.047187589140264885,0.2788257798399026,0.0,0.0,0.0,0.0,0.0,-3.00999999999998,-1.5641630259779682,0.0,-1.053341622685707,0.0,0.0,-7.012790097392229,0.0,4.358107828294193e-06,0.0,0.0,0.0,0.0,0.0,-30.0,5400147
best_model,-49.02226184912702,7.2172832053415625,11.962033734113582,0.46325286587757664,-4.076330908727185,-90.0,13.15509302891751,0.43598356846295055,0.0,0.0,False,FAILED_TO_ACCELERATE,301,30.099999999998296,4,982648.4785746248,1307.7172041360334,3210.6178710878517,4314.707153585225,wet,0.6890591827024759,4.826555411619257,-28.17734786417349,3.6546988219846646,0.34311686982665546,-5.241439366024068,980.7989750275841,0.877339213744857,,,,,30.306452982875754,-0.2370003972773702,0.7065448834778798,149.84177988634568,161.82912227725333,401292141,0.5488151411851095,0.28060210715546463,0.2834569644265871,clean,0.9629106722755391,0.21350468752755275,0.043949391398263024,0.8245678978654593,0.0,0.0,0.0,0.0,0.0,-3.00999999999998,-1.742093581855303,0.0,-6.300333224690674,0.0,0.0,-7.6587159225072865,0.0,0.013515568122621176,-2.0477951282942035,-0.3217722089689725,0.0,0.0,0.0,-30.0,5400148
best_model,-315.89517069268317,19.12228182701294,26.695557715847485,1.7426816073121891,-3.5629932209776376,-1.8634934357763344,7.860335236239843,0.45512536724856323,0.49052637058048276,0.0,False,LOSS_OF_CONTROL,976,97.60000000002992,4,936105.4667643824,1315.943490543663,3068.0285936725536,5620.562832676886,wet,0.8973115318032008,3.439746867983814,28.87656182236712,2.5425926396845733,1.722979378870468,16.778135834286005,1003.3270664550769,0.8533333206632393,,,,,58.747333257755365,0.17084427356712695,-0.14627083919554806,150.1207284695736,162.1303867471395,1811655024,0.030131494568640414,0.4042751904281969,1.0155318599043408,clean,55.700635825864694,1.3329795474319683,21.323538568790774,9.967280183010345,0.0,0.0,0.006833770942685095,0.0,0.0,-9.759999999999836,-39.653975819687545,0.0,-0.9117783544266826,0.0,-143.4000000000004,-27.281270525257796,0.0,1.285738450922828,-62.44116788947012,-38.56506249613932,-3.4989219546643415,0.0,0.0,-80.0,5400149
best_model,-36.9126033096407,8.730581051614903,8.74756088968538,0.5425085797316237,-2.8144708164283925,-90.0,5.351302006745886,0.043067042712753356,0.0024828172834077122,0.0,False,FAILED_TO_ACCELERATE,301,30.099999999998296,4,860029.3597452146,1349.5428313348727,2978.8568334170345,1360.2447224670045,wet,0.7254946529752182,11.024029770850113,-28.21487994328243,1.217677592795839,0.3910816621945068,14.753675540550361,1020.9059498203823,0.9623729139791029,,,,,29.419040100167674,-0.09028449351990275,0.23906124126135267,142.17290261793957,153.54673482737473,2009206373,0.5405952035366749,0.0,0.006996538843265315,clean,0.014074549593852764,0.0006987684001148581,0.0036171152469358678,0.027502305627201473,0.0,0.0,-1.6940658945086007e-20,0.0,0.0,-3.00999999999998,-2.549237410571553,0.0,-0.7592023922704187,0.0,0.0,-0.640056245869569,0.0,2.0273272177075826e-10,0.0,0.0,0.0,0.0,0.0,-30.0,5400150
best_model,-159.13619154385665,13.616897345698273,18.75300500168696,0.4143545522033144,-3.2581311625474463,-3.260446456544614,7.081600662619927,0.7142417473987961,0.28902596673560765,0.0,False,FAILED_TO_ACCELERATE,1378,137.80000000003153,4,884541.7209908231,1330.875644534976,3389.7550558631183,3650.1319003545377,wet,0.578459620478318,6.901225712770277,-6.617500428683043,3.106483305399507,0.14638363378498398,-6.954688331217973,1033.8816095624356,0.8947586871880053,,,,,21.24222553418394,-0.17104550822841702,-0.0729674823546489,138.047511030062,149.09131191246698,1733794370,0.17574085199143624,0.2448003475308331,0.8070624681932168,clean,55.51829029322551,1.2713859726578185,29.668194373424008,8.103226255107408,0.0,0.0,-9.949248998449012e-18,0.0,0.0,-13.77999999999975,-28.38984588883186,0.0,-1.299497605313925,0.0,-38.05984484286478,-69.84260122505465,0.0,1.5295079798464564,-47.230597738917865,-24.103179540825742,-2.521229576308938,0.0,0.0,-30.0,5400151
best_model,-195.84176546184625,14.13218190676342,21.993194372829056,2.266495867229481,-1.933288493960177,-1.342152295321534,12.289129600016134,0.5161540155640689,1.5974841949118854,0.0,False,INSUFFICIENT_RUNWAY,795,79.50000000001552,4,834609.3142929536,1310.474741211646,3611.7549051945475,4089.724752640784,wet,0.8641615462868878,-8.071495571420426,19.082990839965905,2.567355991502092,1.6016714257508742,23.231346599018053,1016.9193668434872,0.8935506426143976,,,,,121.73501816733356,1.5974841949118854,2.9301924667874246,142.2805180521636,153.6629594963367,893787172,0.03651141218767574,1.1717116982616118,1.713229617038213,clean,71.37907256325933,2.567774201153561,15.806988293308772,17.035525977683683,0.0,0.0,0.06389936779647541,0.0,0.0,-7.949999999999875,-17.641806614383555,0.0,-1.3291334042792189,0.0,-66.76398491338435,-25.872910950934664,0.0,2.3716116763495694,-69.32961600759012,-55.270621161964876,-10.908564488859747,0.0,0.0,-50.0,5400152
best_model,-47.13358182057466,12.510864141918846,16.146410507388595,0.3211372749319986,-3.2270168855933616,-90.0,9.594916537999387,0.45223324151002164,0.0,0.0,False,FAILED_TO_ACCELERATE,301,30.099999999998296,4,965303.443078295,1343.6597077858694,3287.7413659611425,1828.746161955597,contaminated,0.45041488338596963,-2.7686782910309704,-18.991516238281502,2.4137600885331967,2.058356345510954,2.8775083344171613,1015.0304044652562,0.947785325992094,,,,,14.9466614808414,-0.1807051407340623,-0.3335220000294814,148.06765884648306,159.9130715542017,1530928693,0.24290886609472884,0.1953989527167532,0.4039988502338922,clean,1.2665877161085837,0.0051359251874460695,0.5049223715079391,0.9171799403299443,0.0,0.0,0.0,0.0,0.0,-3.00999999999998,-5.234782021649197,0.0,-1.296541276745772,0.0,0.0,-9.296245241516466,0.0,1.3345491601370833e-13,-0.7821590306925932,-0.204999542392725,-0.002680660711945603,0.0,0.0,-30.0,5400153
best_model,-53.45698483052107,19.25163987767264,64.25651827959584,18.48675467137007,11.454282952371228,6.407409270547516,13.784088968217805,0.5039655941736906,1365.429751179089,0.0528169014084507,False,TIMEOUT,1801,180.09999999999306,4,661922.579185636,1321.8739031851856,4670.543527559145,242.8348560412144,contaminated,0.402713317495149,1.0387613078528624,-7.039809465636271,1.2453332458534976,1.0579337592378966,33.87634476171,1017.9774089945962,0.9914218407677201,56.099999999996896,1251.9271653363348,95.00000000002785,,136.15541362653423,72.74540918784993,1279.174062227375,128.78966579577576,139.09283905943784,1197930996,0.00021139778222884842,0.6677669902958444,1.0734076440606084,clean,242.84356522155528,17.071137682226368,30.509212790316365,12.159054955556421,53.36387895394257,44.80632691527263,2.90981636751396,4.5,0.0,-18.010000000000016,-73.81375721801565,-16.59981433402028,-9.680899359348713,0.0,-34.950094194462594,-58.14121617803789,0.0,23.519639990078403,-160.1414646693616,-90.08478891733864,-8.700362964105988,-5.017219872288399,0.0,-10.0,5400154
best_model,-50.195238506139276,7.605467250459654,9.328961152326272,0.3956107179407247,-2.6769175245727705,-90.0,10.555836048224617,0.5622545514391902,0.0,0.0,False,FAILED_TO_ACCELERATE,301,30.099999999998296,4,808998.1522927037,1349.4887236319657,3884.494123485846,290.13758435884466,contaminated,0.5498507680238023,5.531679139912358,-12.969139217592275,4.778264446973976,2.8060910350909283,23.86282071004733,1004.4096006587517,0.9918731121383229,,,,,17.664581004396766,-0.13421198110745536,0.13008172147183528,141.09295987044445,152.38039666008,1961928117,0.6016777733252645,0.09619816974839307,0.4620011888512094,clean,1.7100814511216225,0.5584949037293289,0.4818428294530327,1.6082088327709416,0.0,0.0,0.0,0.0,0.0,-3.00999999999998,-1.934531417938013,0.0,-1.5985338841828955,0.0,0.0,-11.770414717934166,0.0,0.4869867527334098,-6.138936038530293,-0.5286734729221362,-0.059763744440084025,0.0,0.0,-30.0,5400155
best_model,-95.01869040996655,5.554261316967868,30.294542224351858,40.00337070624066,-1.4387240446636789,-1.3912343198794535,6.976261230947477,0.5759141583998042,6.817606358468765,0.0,False,RUNWAY_EXCURSION,498,49.799999999997176,4,631068.2383929262,1293.0563168139165,4742.59015906628,5930.055116781459,wet,0.7483372955966054,16.570453736613636,5.035649736349194,5.238165418477086,0.5016466194722989,33.57348099802777,1005.0920516606421,0.8531542647168899,,,,,155.2250576831912,6.817606358468765,7.986872184542335,126.49617946074615,136.61587381760586,794418829,0.003101836765217998,0.7356080973604107,1.4994607482405558,clean,38.34778444726542,10.642784801148732,8.574777733521815,15.06193024945598,0.3713666432228113,0.0,0.2727042543387507,0.0,0.0,-4.979999999999938,-1.7070233056698316,-9.447528188530029,-0.875613959073578,0.0,-4.6323926599244905,-19.203012343755145,0.0,13.727724401041629,-37.68768100451254,-35.83892646745994,-4.774839471325202,-2.8707455397108017,0.0,-60.0,5400156
best_model,-38.0940136590868,5.800278594887471,7.02493660198413,0.8519029056601138,-2.2614219702894838,-90.0,7.985417033280288,0.20199347024212122,0.031221933451888617,0.0,False,FAILED_TO_ACCELERATE,301,30.099999999998296,4,563382.8654477615,1330.7361375478672,3910.4153248238104,6933.112243503172,wet,0.8538276102835669,20.543345326143758,-28.564582646820543,5.040381011988173,1.7893994789728715,9.656818005885839,1021.287520274151,0.8176630794498757,,,,,35.5735705304628,-0.024807931444229325,1.4788393399596438,114.0764269640689,123.20254112119441,1644441877,0.7480533810705131,0.0,0.157920286974808,clean,0.42921286466865444,0.09818247446722787,0.08646891688913787,0.43740361083772555,0.0,0.0,1.0570971181733668e-18,0.0,0.0,-3.00999999999998,-1.1251791961412494,0.0,-2.237866661746014,0.0,0.0,-2.772533151252878,0.0,0.00029748319059833174,0.0,0.0,0.0,0.0,0.0,-30.0,5400157
best_model,-108.27503797365478,23.852661938581342,98.88273271466103,12.284346725440022,20.28676278661868,7.952970498238583,10.384466018107398,0.4371764385270871,1333.619027296615,0.0,False,LOSS_OF_CONTROL,1379,137.90000000003144,4,576255.251251154,1324.5545009963585,4562.005484826856,4485.588236675814,wet,0.7358007364288082,5.469278447597619,6.935964277486359,0.5278906907710568,0.6357457683855847,25.425114892596454,1012.311291636335,0.8576057091494913,36.39999999999794,1147.9306387332572,124.60000000004355,,111.6185515215225,1113.5050067703678,-5878.646378759855,118.91098857682341,128.4238676629693,850434012,1.480720798455864e-07,0.7301021684794347,1.3848419866548078,clean,180.01668873719137,12.107468155797058,25.984736819741606,11.920841132038658,47.694934769725705,50.09209990600616,39.99999999999995,0.0,0.0,-13.78999999999975,-67.16606344442005,-8.281237179752061,-3.5702152822253064,0.0,-20.916134601211212,-37.85961639920687,0.0,12.673222404260825,-152.7293352098068,-86.95228645054812,-11.523568282726945,-5.976573048515432,0.0,-80.0,5400158
best_model,-50.040582227227546,7.617010816597982,11.424262131464937,0.8312865510010587,-3.47852614118792,-90.0,8.243473469689038,0.5259624914671495,0.003823502777777321,0.0,False,FAILED_TO_ACCELERATE,301,30.099999999998296,4,847801.9272783678,1313.473122832834,3508.1498265329324,3958.467206196749,wet,0.8374842582570076,29.820351490464773,22.30934323717032,3.4426771358865436,1.2846615150335352,14.59091644913449,994.8601438470143,0.8940354573473269,,,,,38.08827064222809,-0.08332663426062936,-0.6385048910126212,142.95604723987557,154.39253101906564,1179372242,0.5544415268719326,0.20035552123554906,0.20733128345498253,clean,1.8391816561367706,0.8632653239321398,0.16355344310113656,1.6147557370632106,0.0,0.0,0.0,0.0,0.0,-3.00999999999998,-1.9404083319812646,0.0,-2.8827325921541407,0.0,0.0,-10.14296781763162,0.0,1.11588697170214,-7.18130750670131,-0.4787057032802098,-0.0011034074144078664,0.0,0.0,-30.0,5400159
best_model,-199.77153601260653,14.930965296903247,22.40662726487912,1.4056623760440545,-1.6945573362820332,-1.6354379709038755,9.089182010739554,0.5900675121556039,1.854283238102198,0.0,False,INSUFFICIENT_RUNWAY,698,69.8000000000078,4,741353.9099003067,1302.7126970316208,2842.190810110195,801.8155242235036,wet,0.7445976673571354,14.370488288875414,-23.107789598338183,2.171676326016506,0.45898117463797483,21.603832216369327,1035.5215591230956,0.9779791303536476,,,,,136.00790582474835,1.854283238102198,2.228023874440339,132.53859115162777,143.141678443758,1425569483,0.0827655142571773,0.6170998020214281,1.304916624197185,clean,56.16495389995733,0.9670592569650807,12.35485522872651,13.944593648894303,0.0,0.0,0.07417132952408784,0.0,0.0,-6.979999999999896,-17.28974887097063,0.0,-1.1960030537577977,0.0,-75.2080786616267,-28.222573177531096,0.0,0.8250126111225953,-53.311608671300654,-46.68284071128548,-5.211328841323711,0.0,0.0,-50.0,5400160
best_model,-43.452950577636656,6.187678426621769,8.598653887525407,0.3656605881479951,-2.212587302790943,-90.0,9.32981584992216,0.44452652820321037,0.0,0.0,False,FAILED_TO_ACCELERATE,301,30.099999999998296,4,559869.5788787471,1333.6820050566148,3010.7681416845344,6776.877591285575,contaminated,0.45336468165334154,9.035621993779948,-18.44369070464746,4.673292600225745,2.597037923331043,-1.0266805289252403,997.5907144694751,0.8153268477059133,,,,,29.368714481092546,-0.04412865462290938,0.7223247822243234,112.98017846802944,122.01859274547179,94006633,0.7058371049566071,0.0,0.19891271904276422,clean,0.5870432298723904,0.12127483927433037,0.08508726078380577,0.5251725555084157,0.0,0.0,0.0,0.0,0.0,-3.00999999999998,-1.2804996286328236,0.0,-1.8867321292826318,0.0,0.0,-8.594935255312324,0.0,0.0006385501521883434,0.0,0.0,0.0,0.0,0.0,-30.0,5400161
best_model,-44.35434245541243,7.7474256782037845,7.765771772020611,0.18299571578475038,-3.341394840785881,-90.0,0.9943242508066729,0.47399522791537224,0.0,0.0,False,FAILED_TO_ACCELERATE,301,30.099999999998296,4,971291.2689472691,1339.2705065900486,3664.853689477589,243.41176624068513,contaminated,0.46478962724479445,27.468850489534418,-11.64066298475842,1.7774287003431035,1.1082537570078501,16.04680181687425,998.2608503661222,0.992970061328079,,,,,28.198967002890267,-0.13493977935041812,-0.23941222505141865,153.11961618535844,165.36918548018713,313020227,0.6163653600124275,0.0,0.012645459985322823,clean,0.020193091145763585,0.0018780031096384043,0.01503032132784085,0.12126191378985894,0.0,0.0,0.0,0.0,0.0,-3.00999999999998,-2.0074226662696337,0.0,0.0,0.0,0.0,-9.495283134188865,0.0,1.5672987759518866e-08,0.0,0.0,0.0,0.0,0.0,-30.0,5400162
best_model,-144.01381435770153,8.747337852428391,20.816507642646293,11.034622967563605,-0.8966879097457516,-0.4919828425661796,11.725215031382934,0.6149220015475717,4.2719456400632225,0.0,False,INSUFFICIENT_RUNWAY,920,92.00000000002547,4,748390.743427709,1307.1623405874802,4544.288898555498,2640.9772517561787,dry,0.9773205124086792,8.174843128495645,9.23937708505148,2.0416537756267825,1.7201704203316428,-17.399675676695573,1027.1262851450867,0.919912260163687,,,,,128.5303201192276,1.8482896834061648,3.685195608072007,125.00792945616935,135.0085638126629,1634716472,0.08245545943899903,1.0854744451144167,1.9201312608895225,clean,90.52959074976854,11.493718784755504,16.291872447136083,14.805885702661941,5.062474696236947,0.0,0.07393158733624643,0.0,0.0,-9.199999999999848,-7.82162732712937,-1.2662743970184702,-3.5273442860032915,0.0,-19.43852722106169,-38.78475427705892,0.0,13.202527945394744,-79.99594171458438,-68.42722531950517,-15.714173540337876,-1.2979481882906894,0.0,-50.0,5400163
best_model,-81.00821966836482,8.23128392629129,9.645507660729416,0.5891757014999742,-2.634704199814173,-5.19435058428156,1.6065974803054157,0.3739831527445547,0.06365333937833384,0.0,False,LOSS_OF_CONTROL,107,10.699999999999394,4,633765.5551950068,1316.4832894238475,4509.282950841468,1168.6387973520195,contaminated,0.39420494777741355,8.805550315678694,29.524273842749775,0.982284621562812,1.5335756112838264,-3.249417976850534,999.0067636398693,0.965493825556251,,,,,50.99054875396227,0.06365333937833384,2.7118949995413733,119.65409244073223,129.2264198359908,1157740221,0.5516852648526445,0.14150082703157268,0.36357357889126174,clean,1.2398953212386912,0.06815850325283947,0.9166064278869588,2.9402134371800286,0.0,0.0,0.002546133575133354,0.0,0.0,-1.0700000000000007,-0.8055201947831871,0.0,0.0,0.0,-0.2,-2.511850675344272,0.0,1.084203479250569e-07,-0.977006323639382,-0.6095279613069664,-0.0017344448450126054,0.0,0.0,-80.0,5400164
best_model,-82.93530847678426,11.5372217080423,11.623564310762568,0.8989292821097783,-3.5611306856037417,-3.121250381300263,1.120557295972109,0.3827408542928769,0.007018004821134127,0.0,False,LOSS_OF_CONTROL,86,8.599999999999513,4,863016.2535570116,1311.9045403378861,4271.994048469206,939.9081887908045,wet,0.6122454825036687,26.326755482393615,26.22245864251705,4.235727495093356,1.837480734773107,19.41772460645909,975.6891168119213,0.974182864550733,,,,,50.55563389486358,0.007018004821134127,1.4088515294014092,146.79961757763917,158.5435869838503,1368899092,0.3383083592243174,0.08544362347123349,0.2336924354313331,clean,0.19023317074688606,0.0010769404711240078,0.14460273501707926,1.3257543528138074,0.0,0.0,0.0002807201928453651,0.0,0.0,-0.8600000000000005,-1.271915965298325,0.0,0.0,0.0,-0.2,-2.0731518948532166,0.0,4.2261990859545825e-15,-0.013699202094576918,-0.17842280524079362,-6.652853908538423e-05,0.0,0.0,-80.0,5400165
best_model,-91.52073738138051,6.514156397868827,7.196911636480313,0.8048839785914946,-3.161825828104543,-2.3801700255822404,4.214702179838596,0.5031829266069091,0.08628449084517342,0.0,False,LOSS_OF_CONTROL,214,21.399999999998784,4,932996.9317266188,1342.457519520561,4685.043495097089,4637.025193341071,wet,0.8303890328427821,27.78683305939893,24.786731194410308,1.8993912295481605,1.219287298882758,11.54860018201444,979.6316725096019,0.8756378645972531,,,,,50.249377071719444,0.08579652696062112,-0.24896808933466907,150.3667604523026,162.39610128848682,1577317688,0.6920081765892341,0.11960408694756178,0.570264270222989,clean,1.895669859315221,0.5434115885783688,1.0583649388620031,3.1568479517034183,0.0,0.0,0.0034318610784248443,0.0,0.0,-2.1399999999999983,-1.0089917761379565,0.0,-0.06573355476616524,0.0,-4.000000000000001,-6.8921194330076165,0.0,0.0408651478774537,-3.3322430244121746,-0.7058494036179619,-0.07439153685352222,0.0,0.0,-80.0,5400166
best_model,-396.64546761465976,8.282408266738566,13.323193646181615,1.1631662025796605,-2.9888847230451487,0.8734117067661715,9.253049982585175,0.5918463967581771,0.45053655546371374,0.0,False,INSUFFICIENT_RUNWAY,1752,175.19999999999752,4,876756.8876896471,1333.5785246269313,3841.134487766637,517.4072500753657,contaminated,0.37511532655599433,13.682299911465275,14.212939725049797,1.352998904515617,1.3823288407932386,-22.36132617932151,971.8716867128097,0.9833252536869269,,,,,51.684491020842415,0.14247193085986964,-1.4605698922654309,137.8174310817924,148.8428255683358,2098759340,0.4533237574811613,0.3378739248579644,1.0956204405938514,clean,75.92501778692069,13.900953490831526,39.174858129055934,8.459315220526074,0.0,0.0,0.00569887723439476,0.0,0.0,-17.51999999999994,-13.353799810337502,0.0,-1.1415419265517288,0.0,-262.9483644709712,-70.0379662151386,0.0,10.654583527515102,-70.24014778690912,-51.30836877122458,-8.215705665606642,0.0,0.0,-50.0,5400167
best_model,-294.0021461010692,15.309402195218075,22.218901791211547,0.9503347013397361,-2.966364148557741,-1.744338356425094,5.984237998389519,0.684313842892215,0.8608971256794575,0.0,False,INSUFFICIENT_RUNWAY,1749,174.8999999999978,4,885544.9867568373,1314.3879526463895,4789.873899830316,3671.58665829217,dry,0.900931674127729,5.786393701140362,-15.469301658979271,3.5318011895265577,1.601320601289678,34.86286455309427,998.167743576152,0.9073669078267532,,,,,45.79174037955812,-0.0931727386619059,1.5248354922992036,150.66564861422086,162.71890050335853,756405332,0.09980181290592752,0.3551825229441495,1.0087374243936091,clean,94.63830006627396,0.40938348301858385,40.08113481468475,13.136988499813702,0.0,0.0,-3.224146210428769e-17,0.0,0.0,-17.489999999999934,-45.54741827339826,0.0,-0.21487129063442348,0.0,-140.38840497853178,-84.55357194063329,0.0,0.0104272328766348,-47.14490304613185,-50.06946999251053,-6.869740675896695,0.0,0.0,-50.0,5400168
best_model,-46.21865429643857,10.408270276629436,11.18484885744358,0.15534965573932188,-2.841622394788505,-90.0,4.346943907939976,0.6603632751163324,0.0,0.0,False,FAILED_TO_ACCELERATE,301,30.099999999998296,4,830644.6138662545,1343.9821290713771,3225.4123842448857,139.8675087483947,wet,0.8151524835389876,22.094932161949636,6.213103397171686,3.801516142942627,0.6598196581080726,26.765046207760165,993.1102429755839,0.9959436963341021,,,,,35.90215181709934,-0.07279539163431537,0.6739229739511465,144.44628900912826,156.00199212985854,232884877,0.406731983333594,0.09073794648430446,0.3456100333235168,clean,2.4016363899963507,0.041191445851364056,1.5070138500494654,1.8116763833540392,0.0,0.0,0.0,0.0,0.0,-3.00999999999998,-3.6231065706179657,0.0,-0.06444300822527019,0.0,0.0,-14.457115259497328,0.0,1.3542095426649655e-08,-0.5677113110348616,-0.2540832710289225,-0.0037129588275494566,0.0,0.0,-30.0,5400169
best_model,-90.60645732211657,11.200972308908968,12.213525070713077,1.071365266087573,-2.487036273353589,3.862753156458521,4.370750671816451,0.5258341938394558,0.13791640602312327,0.0,False,LOSS_OF_CONTROL,217,21.699999999998766,4,667202.6592147297,1337.2247963280656,4283.336779231615,1512.9455222022445,wet,0.6651282175130322,28.987897851232127,-29.160070325509583,2.249049067932195,2.386412810962239,-15.37396780504308,978.3182841106559,0.953666752301237,,,,,50.70908166704043,0.13791640602312327,2.1211013296627534,121.39273332186379,131.1041519876129,681779739,0.35072791507019696,0.088701418077293,0.24014046908638984,clean,0.6620930545884942,0.003741133278544729,0.31605840471005076,1.596718464250177,0.0,0.0,0.00551665624092493,0.0,0.0,-2.1699999999999977,-3.0250229338103543,0.0,-0.03962585950719528,0.0,-0.2,-7.585903113993528,0.0,7.70373796431812e-14,-0.008336250388637239,-0.16005973504433343,-0.0016371424407898565,0.0,0.0,-80.0,5400170
best_model,-105.96065214435889,9.773800743583944,30.543902987141692,0.7209093440208438,-2.0088922115379435,1.6162118440071274,13.615585881437388,0.6043378295042576,0.5288336940576315,0.0,False,RUNWAY_EXCURSION,195,19.49999999999889,4,650896.9021112358,1347.6837436196583,4087.3574922861862,48.12731050689467,wet,0.5909128913277186,17.37302921842144,-11.335598318214027,5.441595000691346,1.9923203048320561,-12.77127809550769,1020.9925505676576,0.9981117122648562,,,,,74.88550499745389,0.4947502609214851,1.9707703953211198,117.92633264557838,127.36043925722467,793003212,0.1270656053939135,0.6014818130441872,0.8799528423404891,clean,5.001564466203038,1.703047489220029,0.8451537209503998,5.302073609130022,0.0,0.0,0.019790010436859403,0.0,0.0,-1.9500000000000015,-2.0697555877977782,0.0,-1.8488270869543963,0.0,-17.031599789166734,-8.55232181345089,0.0,1.7286894371231587,-16.148950106716175,-12.527729056135609,-0.43178743720079094,0.0,0.0,-60.0,5400171
best_model,-223.858415427107,14.505485141363934,30.041595777650258,1.4352527657076737,-2.6764093543912635,-2.2940172943184765,6.233174561957144,0.6279709658626854,0.8994348374562833,0.0,False,RUNWAY_EXCURSION,773,77.30000000001377,4,829472.013393275,1329.499685862616,3215.1431351124843,7239.678036990328,contaminated,0.4921487469711179,16.551084844299197,26.115250669203725,5.6117998676669965,0.6465630113473786,5.58826829131209,1034.318857367888,0.8078654913938345,,,,,88.21761586783042,0.6839104876362398,0.3139798324039056,136.60125823565193,147.5293588945041,60085958,0.07523979474677249,0.34347613028704427,0.7936444879291236,clean,39.94302557056602,1.2530918732474317,15.617429375163196,11.70370265247506,0.0,0.0,0.02735641950544957,0.0,0.0,-7.72999999999988,-18.07180374122589,0.0,-0.6054933830653964,0.0,-103.57459723517005,-32.48095398823123,0.0,1.1007776416069803,-43.58916707786729,-26.108416555996634,-1.34336697811533,0.0,0.0,-60.0,5400172
best_model,-106.65466242708675,14.01110712179672,46.69639103041746,15.838595426030256,20.745877399710576,7.699148724337859,17.02597850061532,0.4823195235405273,1114.9126191294263,0.0,False,LOSS_OF_CONTROL,1418,141.8000000000279,4,667970.7583109544,1328.1745519514407,3812.1893634466805,3857.7627025684487,dry,0.9103473878862887,13.636176207750886,-11.22035427623105,1.3857667511293206,2.8185717552662606,-5.408409322486925,991.6578885317145,0.871536707743773,34.29999999999806,1174.1300130179054,129.00000000003953,,134.07582008195104,667.1758999494759,-7874.220160604931,122.82688152261822,132.65303204442768,1434241474,0.00800577882168496,0.6436851730372563,1.1086496494626286,clean,186.65761367436195,15.009824471798899,27.37387518053206,10.244239801545476,30.018995575284983,52.99280923055911,26.687035997979088,0.0,0.0,-14.179999999999742,-30.929908011095588,-8.580391379687136,-2.2329022149475137,0.0,-18.45334635630131,-43.73711259200021,0.0,13.662386304344372,-164.13892762242392,-96.64767373861582,-6.680251124622972,-3.720929623794289,0.0,-80.0,5400173
best_model,-242.84862917689026,6.248328856181158,16.00830001038586,1.5800456739941062,-0.9854791422997158,-0.36436803597037054,6.962561643878409,0.621538191488778,1.3859673528750136,0.0,False,INSUFFICIENT_RUNWAY,1039,103.90000000003494,4,690223.3218595238,1348.6164069987856,3125.2260117038445,4707.692099187342,wet,0.7493916005399165,29.182263650121868,14.26205114002421,0.7327946663151541,1.4821807413467916,26.333047017432413,996.2242823456814,0.8794373039732324,,,,,89.25011622492981,0.8848752707899621,-0.6279149500440528,131.37588653893732,141.88595746205232,1893369743,0.33097977177930116,0.7372887552954529,1.5064441478074582,clean,61.701807456339104,19.894843391978817,20.67134890096844,12.38378365266355,0.0,0.0,0.03539501083159841,0.0,0.0,-10.389999999999823,-4.5071373801434005,0.0,-1.0652823021921891,0.0,-78.18138435541292,-44.231350714012834,0.0,20.613348366252442,-98.10821063240138,-81.42809961275768,-10.237690959001341,0.0,0.0,-50.0,5400174
best_model,-143.20322153280006,8.901086292811721,31.08233837738417,15.841961828845639,-1.4433060976546226,-1.4920199340462577,10.255203205249654,0.6376432713774057,5.726166729024044,0.0,False,RUNWAY_EXCURSION,485,48.49999999999725,4,638411.8661016688,1313.3161639603875,3975.15632794885,7359.36721754808,dry,0.9369382614926297,22.832918775412864,-11.35874618757955,3.7165041161592693,1.195608963674342,-20.41343994234849,1026.8893341714681,0.7875517399305519,,,,,151.15122735811076,4.849816138147617,-9.956251106654612,114.82680489232112,124.01294928370682,1257553434,0.03104577258044065,1.1050846129033967,1.3679982119147265,clean,31.751645599732825,5.393175262863092,5.57497291649521,10.740548624911042,1.8958731431624194,0.0,0.19399264552590473,0.0,0.0,-4.849999999999941,-4.269580948684352,-5.629881246610469,-1.964463985822677,0.0,-14.753087240844799,-21.352060138237544,0.0,6.934561943747378,-46.21637181365144,-41.65320822812343,-4.224084720455817,-0.7752533468070293,0.0,-60.0,5400175
best_model,-160.24496712894017,18.56357763234195,27.26251259986579,2.4328280464832606,-0.907692752615222,1.04365767967261,6.0226052073756025,0.3309181488844514,3.100443900787468,0.0,False,INSUFFICIENT_RUNWAY,953,95.30000000002809,4,907776.2237710997,1304.9143506256432,3985.359566009154,2916.0330155439856,dry,0.9655451838448649,28.815121800160448,23.140997704579306,1.4510904888910983,2.2356693162133783,1.7868892893030193,1012.3154475335596,0.9175856632749079,,,,,109.23091028886894,1.3654571168572147,-3.994772037837979,143.5106047413899,154.9914531207011,1909658415,0.03564646819454451,0.3168298415981229,0.9387966831008486,clean,78.8986817551566,2.362811381671613,20.895503114721937,16.752865089502176,1.5356865953153802,0.0,0.05461828467428859,0.0,0.0,-9.529999999999841,-36.48999033665814,0.0,-0.1682344037999491,0.0,-97.40287178165543,-16.346262179298026,0.0,2.2799863621828087,-46.84401876262406,-23.15180961529639,-3.0781074890847617,-0.013825143748228581,0.0,-50.0,5400176
best_model,-31.198936606959798,0.9961375859630258,2.347995267610955,0.6379154791627131,-3.5101610413340483,-90.0,6.758085381268328,0.04193576437690331,0.0,0.0,False,FAILED_TO_ACCELERATE,301,30.099999999998296,4,940050.1415995222,1327.2393640964685,3100.2640634751015,1099.9355039339343,contaminated,0.5355458161400464,1.5793332575853913,-29.506933709128635,1.2096035790145854,0.23988502148133883,-13.691440075059774,1034.5717129283623,0.9663144792080115,,,,,29.496760520094423,-0.14725684087648006,0.15560228555387967,140.5511446980598,151.7952362739046,537072951,0.9860641257674974,0.0,0.1972567850779915,clean,0.5775179254529674,0.550848387206068,0.2311595252098931,0.3746691144265781,0.0,0.0,0.0,0.0,0.0,-3.00999999999998,-0.033186590793404636,0.0,-0.35056295699539186,0.0,0.0,-0.6360109540851119,0.0,1.0966289426186007,0.0,0.0,0.0,0.0,0.0,-30.0,5400177
best_model,-34.02300906298133,2.5878714087243635,2.588120000806031,0.033701873898802436,-2.01512164138425,-90.0,0.18752921607178502,0.055970200470515694,0.0,0.0,False,FAILED_TO_ACCELERATE,301,30.099999999998296,4,591070.7896521003,1355.5403017752494,3162.1989948958003,5642.894256494193,wet,0.8654919548894224,-7.484571345988713,-6.012162973455638,0.24148348223239902,0.48685161764416895,1.0519732957647001,990.5545011468619,0.8452243580465681,,,,,8.507821765057422,-0.1300369546379443,0.008878452819684853,116.91816051157191,126.27161335249767,1725260934,0.9474766780189736,0.0,0.00013475941471422452,clean,0.0006219892639813194,0.00048238236612452924,0.00047222130110345564,0.00026389981871244555,0.0,0.0,0.0,0.0,0.0,-3.00999999999998,-0.22398006742844445,0.0,0.0,0.0,0.0,-0.7911651305003308,0.0,0.0002956421975243257,0.0,0.0,0.0,0.0,0.0,-30.0,5400178
best_model,-47.34115085305564,7.014839259038482,9.251656359512314,0.42585144653873125,-2.055767537332304,-90.0,14.578574566227019,0.2742042553385231,0.00804901016272197,0.0,False,FAILED_TO_ACCELERATE,301,30.099999999998296,4,556777.6883671191,1345.370019197029,3293.252812690569,6656.0275939362455,wet,0.6303095865360302,6.491369892317465,-28.548532808865456,0.6476879639091613,2.4925049506173877,12.144235977006353,987.9795952757655,0.8257528657698743,,,,,26.99206185366332,-0.04507635881600436,0.4957776527486579,115.78204325080206,125.04460671086623,1445850093,0.6295864831943663,0.1594150863595907,0.3784365660052575,clean,1.0686197688424872,0.41407954638995653,0.08216928371961371,0.7541910808969474,0.0,0.0,7.538593230563273e-20,0.0,0.0,-3.00999999999998,-1.6457332132082685,0.0,-5.419474499486356,0.0,0.0,-5.603219583635235,0.0,0.37042721611799617,-4.191959064375179,-0.16,-0.0002513883175913377,0.0,0.0,-30.0,5400179
best_model,-285.54074548420147,16.271409810135637,23.76645796032257,1.123418605460841,-1.4051821811142848,-1.47763592936877,10.937911825960628,0.7202138002230029,1.443621600811639,0.0,False,INSUFFICIENT_RUNWAY,1315,131.50000000003726,4,735998.7653047104,1331.2076943939096,4045.669605757745,4406.730477359297,wet,0.5746292590709965,25.520772345511567,-6.984470951366998,4.0154939000269945,0.6593218993370384,-9.127259930476226,1035.9119000302483,0.8731179224345644,,,,,91.39935710054567,0.7942235213322419,1.9370530602273384,125.31345923315264,135.33853597180487,1441914740,0.05503363956162211,0.6560852328496958,1.5538488852036578,clean,80.25678278697988,1.1943503855260034,27.798824960899033,11.512712915266986,0.0,0.0,0.03176894085328972,0.0,0.0,-13.149999999999764,-38.68419911448132,0.0,-1.7812637264982523,0.0,-42.088311543428645,-68.83216719347075,0.0,1.0328285338410224,-93.59354305785077,-85.34560865165987,-13.892920720176543,0.0,0.0,-50.0,5400180
best_model,-222.0221957110226,11.853965411927309,30.073603343568085,1.1794020781026098,-2.6556324980180808,-2.3603320718863063,7.378385629643316,0.5489427921985904,0.3998926987515006,0.0,False,RUNWAY_EXCURSION,888,88.80000000002292,4,853922.6444630432,1349.69935919696,4408.404562759104,4649.7331961348,contaminated,0.5036726305428447,-6.671626991706474,14.805737508782267,3.3644002810568203,0.6656838017898811,31.748832792081906,997.8151425438323,0.8828034021383183,,,,,58.98841968612493,0.2884893782029394,-1.1688594528167329,147.26221718804103,159.04319456308434,516146268,0.105690269398735,0.5128772435818811,1.2088148611265932,clean,46.67936231387416,5.32251879835496,17.689076720342754,12.030899462922859,0.0,0.0,0.01153957512811756,0.0,0.0,-8.879999999999855,-13.864294270734005,0.0,-0.3215563769174734,0.0,-65.55285778685554,-33.12688032031374,0.0,5.591644146015469,-81.85499995308952,-40.6633458084155,-5.083302211334275,0.0,0.0,-60.0,5400181
best_model,-86.21022125316611,11.046379110698286,11.149160871163318,0.734429762499046,-2.4592494206355893,-2.930068404080134,1.710745176002624,0.3298852815184482,0.05986836842112098,0.0,False,LOSS_OF_CONTROL,215,21.499999999998778,4,731109.33732438,1350.2261256615182,3516.1281468822067,1832.9642973068994,wet,0.6962757724752087,21.427456946111473,-26.808398430785864,2.956481765751592,1.3291364650509432,-7.508345076690631,1000.5795860601474,0.9457140708639553,,,,,50.20804146354906,0.05986836842112098,2.128606439652887,127.45069255941627,137.64674796416958,1957053662,0.3719930640162014,0.04514276539023779,0.23189903417334481,clean,0.6990117287417484,0.005378358857254338,0.5224115349419421,2.0443703609248747,0.0,0.0,0.0023947347368448394,0.0,0.0,-2.149999999999998,-2.9149817403681535,0.0,0.0,0.0,-0.2,-4.1190067250232785,0.0,1.0143579153180137e-13,-0.005475591329504035,-0.09018118434060353,-0.004142730307343795,0.0,0.0,-80.0,5400182
best_model,-83.86089054266198,6.107594396028837,8.684057468495027,0.6825686627061825,-2.900291080197948,-2.74862766242782,5.6548152167604355,0.39363154609084583,0.07104911810256453,0.0,False,LOSS_OF_CONTROL,174,17.39999999999901,4,770231.8402447898,1330.979388911039,3323.719135892201,6491.429008740025,dry,0.9542529950711276,7.168814289619849,26.300637505386014,4.265803393964935,1.9060306865740473,-6.449486816124509,1001.4630569410874,0.8193883060435637,,,,,50.631545286154164,0.07104911810256453,1.5096081327204214,131.00500062873712,141.4854006790361,836488306,0.6832311007965917,0.19214242846845284,0.6991453098854249,clean,2.4969308394210654,0.6203253786382037,1.4788566045870621,4.636153610022836,0.0,0.0,0.0028419647241025824,0.0,0.0,-1.7400000000000013,-0.7211857132571213,0.0,-0.26314729506034806,0.0,-0.2,-4.346572515204928,0.0,0.004052955532106546,-4.2794078570164045,-1.3876889154018575,-0.16204959964669752,0.0,0.0,-80.0,5400183
best_model,-93.90227378073843,14.79930968695434,30.222965487542464,0.3321628097515519,-2.3329323378378084,-90.0,17.516381987064836,0.3882224519426624,0.0,0.0,False,RUNWAY_EXCURSION,224,22.399999999998727,4,562742.6622915436,1324.9517486215225,4549.264821042593,3742.798335842238,wet,0.79432641461834,-6.8928673278343355,-17.457671136226224,0.3875002435140995,2.212441765899783,-23.232083680312787,1032.2060736187648,0.8858125954590531,,,,,24.30871799712538,-0.07049150966759044,0.16584763272037506,106.96166822853498,115.51860168681777,2001220513,0.07721614093495127,0.15805731267135625,0.9582504365609714,clean,2.5479186923261348,0.04781519046724617,0.46438183249799625,2.123305230715909,0.0,0.0,0.0,0.0,0.0,-2.239999999999996,-5.451153672791691,0.0,-5.448997757884699,0.0,0.0,-5.6217316710989405,0.0,1.1382237620249716e-07,-18.41538786339383,-1.3926598852878,-0.5157639901111546,0.0,0.0,-60.0,5400184
best_model,-90.56780711067925,5.92307151361608,16.852534009876273,0.7560198918594278,-3.7585177723054217,-3.805870230213258,6.719066157269382,0.40384863630930573,0.0,0.0,False,LOSS_OF_CONTROL,250,24.999999999998586,4,876979.1987478565,1304.4179095573138,4719.087431205218,7466.600552599968,contaminated,0.4043406586582238,1.33592511002076,25.211311508119625,5.028323569731139,1.9506731557242203,17.29010781658735,975.8736761363032,0.8093522054155513,,,,,50.2627257806303,-0.06604528701882373,2.4609724268053412,147.45573354139023,159.25219222470145,197218966,0.5444483572125115,0.21762018334039818,0.8100718681962701,clean,5.100662891781489,2.4383927589072285,1.9950499071206633,5.869063630373253,0.0,0.0,0.0,0.0,0.0,-2.4999999999999907,-0.9745215598725079,0.0,-0.7421025149395827,0.0,-0.2,-6.701494282136938,0.0,4.498711375294766,-16.115504553413277,-2.8033267064554788,-0.43273805733887,0.0,0.0,-80.0,5400185
best_model,-3.2561338815847236,6.573271412455229,10.991016000021428,4.444214570723279,-0.8529831450768066,-0.27727440812777987,6.566748624127639,0.6506898987930986,3.3260439552359458,0.0,False,FAILED_ROTATION,810,81.00000000001671,4,754650.1364374375,1317.924761966729,3341.119540756293,6336.64831465666,wet,0.8132794124084625,0.5267060421052463,-3.833954015247282,2.962973413558172,2.1791491331270203,-23.576480462109874,978.9690462276383,0.8127470099354084,,,,,149.7631443144562,3.2471141450432697,1.2835548573137068,127.10490836694217,137.27330103629754,1217055471,0.59968238799585,0.16642639046526056,0.4040158383564401,clean,66.44994678760568,11.89824372513925,17.851707288192475,17.938688569356955,3.087120430829083,0.0,0.1298845658017308,0.0,0.0,-8.099999999999872,-3.8887107355621002,-0.07513556680607679,-0.7281119975747856,0.0,-0.5834501575416235,-37.18631581524475,0.0,15.182456660511066,-30.406783019152098,-4.673243002016542,-0.15243161512308176,0.0,0.0,-50.0,5400186
best_model,-99.18680026221205,15.197344482058327,30.141961948495073,0.61428969248165,-3.8470224507998347,-90.0,19.647594017907135,0.2644208033548461,0.0,0.0,False,RUNWAY_EXCURSION,300,29.999999999998302,4,941491.5101923081,1311.531206850754,3913.8957503135025,5450.049455841352,wet,0.7536062369730144,-5.831807992174518,-26.78326584905489,1.654865196820745,1.6984604892344695,30.634383004522206,1040.094495011598,0.8633790209463568,,,,,30.322643322549613,-0.1835398229814018,0.40877436349462837,151.18931910262262,163.28446463083245,1398698126,0.07275889646904984,0.07931145060342745,0.8012866160615173,clean,2.4418295298939934,0.022759524316515747,0.4977983437897797,1.6722134534121338,0.0,0.0,0.0,0.0,0.0,-2.99999999999998,-7.698642643544954,0.0,-7.801850098723595,0.0,0.0,-4.325296921817863,0.0,1.1794598712051852e-09,-20.449599871968104,-0.2189156799123832,-0.32709589883703444,0.0,0.0,-60.0,5400187
best_model,-47.35221096163417,10.798437963947089,10.910029616114592,0.08433122221756177,-2.116697490791637,-90.0,1.2416148460348677,0.539142815608651,0.0,0.0,False,FAILED_TO_ACCELERATE,301,30.099999999998296,4,621243.2434402731,1353.8122635486202,4092.8438336804875,1627.15349466607,wet,0.8617586889329627,2.7328835049487488,-7.545020202320758,2.9470404424376206,2.782239431485489,-16.14863590977251,994.300915026253,0.9501249835188184,,,,,8.867519714055218,-0.11736099459926663,-0.20324687109555456,116.0267821667087,125.3089247400454,507478813,0.38983268162241724,0.0,0.06713355665677581,clean,0.1464785943938055,0.0013576731417693601,0.10812491129683377,0.5653744085044579,0.0,0.0,0.0,0.0,0.0,-3.00999999999998,-3.899831666758371,0.0,0.0,0.0,0.0,-11.263714882212733,0.0,7.159573957441742e-14,0.0,0.0,0.0,0.0,0.0,-30.0,5400188
best_model,-68.09981665394814,7.5405236189699805,12.297212714848328,0.24920236981372626,-3.0365876941234164,-90.0,7.874132086238472,0.7704836128708079,0.016919235441946512,0.0,False,TIMEOUT,1801,180.09999999999306,4,894291.4756214661,1343.2547448933192,3721.592232400673,2300.9129232570317,contaminated,0.3710966876032527,-1.7055682871716016,2.5164673956643178,3.9401187783545844,0.6984784749860201,-11.133245732445754,975.1253947462482,0.9315051925590458,,,,,26.2324147304243,-0.10569127765529629,-0.3775040607435898,141.86103288339433,153.2099155140659,1371227755,0.5529778572873013,0.17146611244938556,0.717058226303597,clean,55.63994781885958,11.516096325568764,36.80486277295966,8.4284238449586,0.0,0.0,0.0,0.0,0.0,-18.010000000000016,-11.37821701147643,0.0,-1.1821095713863339,0.0,0.0,-101.12325169851268,0.0,9.720888108030472,-33.62289532486253,-12.920378318657631,-1.9731835994292746,0.0,0.0,-10.0,5400189
best_model,-38.162946737982836,7.774792440926068,7.7817825208151,0.48835603847496634,-2.125378539079993,-90.0,3.572453819203497,0.17696769900232198,0.024224165329542302,0.0,False,FAILED_TO_ACCELERATE,301,30.099999999998296,4,612265.0211202909,1351.3538387764302,3459.54779353194,3036.1043589552055,dry,0.9936699834664418,18.137314802869227,-28.1259060807575,3.10982379186066,2.4787436699106613,25.618513061088102,984.7273231439217,0.9205991284513084,,,,,30.639527862883856,-0.024665761032792943,0.25258647574195897,124.31318603689789,134.25824091984973,714131205,0.6140650438050809,0.0,0.0027902106055657377,clean,0.0022642525318871515,0.0002807144399474058,0.001425149000502809,0.03006930775415639,0.0,0.0,-2.744386749103933e-19,0.0,0.0,-3.00999999999998,-2.0216296274826493,0.0,-0.04596098204550257,0.0,0.0,-3.1193955543259984,0.0,2.144813864854196e-09,0.0,0.0,0.0,0.0,0.0,-30.0,5400190
best_model,-55.67381321684975,10.34425470959015,12.876575025537736,0.4617157854241493,-3.2343983878477824,-90.0,17.01956388919112,0.22473389161121543,0.0,0.0,False,FAILED_TO_ACCELERATE,301,30.099999999998296,4,845813.9692640902,1325.881207902166,3766.4096330344614,2647.282626846559,contaminated,0.3567582403505263,-4.928482742648521,-23.6830671309251,0.3680198998244517,0.6955086978617425,26.472817614848196,991.8409970444052,0.9306687163325855,,,,,25.320116776022495,-0.14891984944051728,0.0035658042254116395,145.78481639872112,157.4476017106188,2109162426,0.3853447834778156,0.16054333618124067,0.8842720406858249,clean,2.595233565681803,0.4302119440607277,0.745727641409749,1.4171355820294895,0.0,0.0,0.0,0.0,0.0,-3.00999999999998,-3.578676139395581,0.0,-4.405692708602218,0.0,0.0,-4.525959862445009,0.0,0.48704223059114127,-14.787895842181253,-0.5614321545521527,-0.47950747344645267,0.0,0.0,-30.0,5400191
best_model,-42.50026403867941,2.8644996276997787,3.834030514975181,0.8242902153654988,-2.1766736629333643,-90.0,7.142794692742537,0.46579725319232895,0.0,0.0,False,FAILED_TO_ACCELERATE,301,30.099999999998296,4,654623.6883732041,1355.579163145788,3545.1392676950177,7145.204645895331,wet,0.6417799717000017,-7.986818558674944,23.248608159973443,4.565100307247496,2.855734963243476,2.6802582311432914,1016.2739382647457,0.8084098847754543,,,,,26.733687903000668,-0.16750445568504801,0.3464637665114216,121.81788240657917,131.5633129991055,1487954984,0.8986500413538138,0.17846065753822796,0.08580608271824068,clean,0.43916884832087477,0.33366016399518644,0.07413984850017084,0.5926930396703358,0.0,0.0,0.0,0.0,0.0,-3.00999999999998,-0.2744236436938602,0.0,-1.5365646954282484,0.0,0.0,-9.029359559272306,0.0,0.26029113251549074,-0.029397321563846335,-0.3204718517232084,0.0,0.0,0.0,-30.0,5400192
best_model,-52.75746548236955,3.1619968917244017,6.239758385837106,1.449014721926219,-3.030914768123532,-2.7493489379922584,3.9961097664235177,0.6165355218770671,1.1655207061085093,0.0,False,INSUFFICIENT_RUNWAY,1237,123.70000000004437,4,903929.2947432768,1298.848703764305,4216.087017582931,6220.841143875619,wet,0.6100629071252406,21.83624707807679,8.640313918218265,3.2193422605127058,1.1968836140554961,1.706186175353718,1034.1954269867806,0.8309221271979285,,,,,82.86976507704243,0.6251059608775904,-0.9846298939729792,141.6635100042823,152.9965908046249,990564792,0.7628044255593747,0.39091141094292725,0.756067496181993,clean,83.82413862309863,29.339204233864834,29.409813013216976,12.495774651439115,0.0,0.0,0.025004238435103646,0.0,0.0,-12.36999999999978,-1.3742003902923214,0.0,-0.0457824588100378,0.0,-19.9526749241829,-52.60539961554292,0.0,35.235848318729886,-56.96956622749732,-47.91547124824781,-1.8541536965809244,0.0,0.0,-50.0,5400193
best_model,-479.0782192813783,41.48776041079631,79.30113041897735,20.009071402910482,25.421925211803014,11.031113569332183,16.146060607807975,0.4226350601596966,588.3776724500121,0.0,False,CRASH,1200,120.00000000004773,4,693953.4351986597,1331.2162366446191,3851.408784880454,2752.0884326431533,wet,0.7683378757846466,-2.9422409651223846,24.773120799760513,1.9301946118587914,1.3598189767791804,-18.37090719351857,1012.5640816610943,0.9155871919306731,43.499999999997534,1606.0887384216448,,,140.24715957366485,28.03632049423595,-4228.335039191354,121.02047083945764,130.70210850661425,142665351,8.238570303295284e-10,0.9877705821240279,1.9542674272508753,clean,135.53515031573733,3.3827623719365514,11.374580086006194,12.852586160633564,30.497619200768437,23.561048336774082,1.1214528197694378,0.0,0.0,-11.999999999999789,-183.41750415297355,-20.726754341734324,-16.049789731722033,-0.11194704820259767,-59.69353437804828,-30.454221886848252,0.0,2.6217191265919033,-149.26476089118339,-95.08592746383681,-21.918868142083532,-11.301829662959802,0.0,-100.0,5400194
best_model,-45.42071728769311,2.1489438440393633,4.056653518075267,0.6961737475746882,-3.312553137338187,-90.0,12.12985417662342,0.4399640868734545,0.0,0.0,False,FAILED_TO_ACCELERATE,301,30.099999999998296,4,808794.763828742,1315.1076623480194,4060.1627390738236,2918.18695496336,dry,0.9269396606464725,-7.084487206803884,-18.86044367692354,5.452866276044447,0.7108592975973503,8.290952090276996,970.4037617215354,0.9192963634596997,,,,,24.11071145188873,-0.3417129367385314,-0.8213013357341881,139.898422274396,151.0902960563477,627788560,0.8847616454470044,0.2662165615805085,0.2834786566786473,clean,0.6883551641720794,0.6144374819886457,0.03416886684996481,1.110301438058561,0.0,0.0,0.0,0.0,0.0,-3.00999999999998,-0.1544450947883596,0.0,-4.887492747494018,0.0,0.0,-8.97641843718049,0.0,1.0058837744503286,-1.438035822999162,-0.406798320264063,-0.0006735904865940592,0.0,0.0,-30.0,5400195
best_model,-309.8922224977962,6.920387286266686,16.023263984979334,2.034132467591457,-1.2048897031776924,-0.3463790442155629,8.365378176260062,0.5570577204533664,1.4486692656046216,0.0,False,INSUFFICIENT_RUNWAY,1103,110.30000000004003,4,822002.1425108451,1349.5691323227634,3904.045910052384,6187.458566792576,wet,0.8534054194651645,18.245582488442604,23.8264427651163,3.2241019571949034,2.743893364126977,-10.755093161458671,995.3313846260875,0.8247232718130424,,,,,87.41235094831181,0.8052851324137009,-1.7716267821092124,134.71087410996245,145.48774403875944,1611658037,0.15652614981583804,1.1073996914140019,1.901495690402845,clean,77.04353794354759,14.829986006805468,19.001715045851547,13.852314530661362,0.0,0.0,0.03221140529654798,0.0,0.0,-11.02999999999981,-5.86940127685439,0.0,-1.5775765714766206,0.0,-119.84297417746274,-40.598996787379185,0.0,14.253765375049705,-102.4392356614162,-97.65936941787874,-19.88819891253873,0.0,0.0,-50.0,5400196
best_model,-51.13629060925774,11.113599657244094,11.13634720056603,0.25497615811551566,-2.648086065232223,-90.0,5.697814128559759,0.6314266315132278,0.0,0.0,False,FAILED_TO_ACCELERATE,301,30.099999999998296,4,595393.605629462,1309.4589525935844,3481.837556946111,2955.1008604789463,contaminated,0.5469235025442007,-6.051247042590613,10.523804544817368,3.6243284852286624,2.887494133113527,-2.75179596911444,1025.004035738579,0.9152178892089783,,,,,16.182510026393267,-0.22882555946398497,0.2323608108328485,114.59500832893286,123.7626089952475,1852198083,0.36947083876802905,0.0,0.003936139094522906,clean,0.011946834517179076,9.384263935500809e-05,0.0026806637162705162,0.11180686955403667,0.0,0.0,0.0,0.0,0.0,-3.00999999999998,-4.130793477754478,0.0,-1.0864767891652638,0.0,0.0,-13.035548552764824,0.0,1.3396431791970617e-15,0.0,0.0,0.0,0.0,0.0,-30.0,5400197
best_model,-78.18551024625384,12.79873732983947,31.658627836455576,10.048271500176247,7.028493226503913,2.723758922088918,12.769181688187519,0.549521629360498,682.2345213216147,0.0,False,CRASH,1348,134.80000000003426,4,804855.354420182,1312.104762763361,2929.5674341500003,1435.947912406564,wet,0.8646465101061171,-5.7986519027104855,-7.034905590366201,1.8357696209541727,0.46292668242874013,-14.843626834232232,972.7295226041632,0.9557243194680651,59.79999999999984,2207.6608161973923,,,155.60640540556122,12.348420901207191,-1511.4364254972768,133.840804050937,144.54806837501198,764707788,0.0651849411849444,0.4763634940161779,0.8796454323634502,clean,174.71671006161873,15.90012964698237,25.410231390115516,16.703066748984195,26.904274087415068,23.971922600059603,0.4939368360483136,0.0,0.0,-13.479999999999757,-24.534749879681016,-2.2194798095157062,-4.676710382008229,0.0,-17.15293509289689,-48.49505553635124,0.0,16.90120220380108,-104.95519439928978,-58.97450971800988,-3.1214791299096216,-1.5768698736153386,0.0,-100.0,5400198
best_model,-140.70362416683935,7.020905972243286,30.919431877701612,17.081044110052808,-1.755215956762575,-1.8154630245616077,17.988542243903442,0.5421589518744478,5.38128055499601,0.0,False,RUNWAY_EXCURSION,504,50.39999999999714,4,615265.977263664,1301.0935660643665,3055.0269137200476,6470.855149295187,wet,0.8614801821364253,15.657137108508948,-18.589799594602827,2.8488990937968515,0.5400277681530155,-19.276165067537622,986.6683989169977,0.8118267870862103,,,,,146.5208281601764,5.306649790388292,-11.126880631798777,115.2446832834771,124.46425794615527,380163613,0.030539463961858304,1.1639511509544245,1.2898001738313059,clean,28.855942946742154,5.826425773384525,6.102325306677319,11.291744347739153,1.6321412269159583,0.0,0.21226599161553164,0.0,0.0,-5.039999999999937,-2.760414757580561,-6.450233634846648,-4.463822187563198,0.0,-26.038280879550374,-18.170921604997837,0.0,6.499389900893898,-39.56676814452276,-34.005618463771405,-3.369470175061299,-1.2583298129137308,0.0,-60.0,5400199
