policy,total_reward,centerline_rms_m,centerline_max_m,max_roll_deg,max_pitch_deg,max_alpha_deg,max_heading_error_deg,control_roughness,max_agl_ft,stabilization_fraction_after_100ft,success,reason,transitions,duration_s,level,mass_lbs,cg_x_in,runway_length_m,runway_elevation_ft,runway_surface,static_friction_factor,headwind_kt,crosswind_kt,gust_sigma_kt,turbulence_severity,delta_isa_c,qnh_hpa,density_ratio,liftoff_time_s,runway_distance_used_m,time_to_100ft_s,takeoff_time_s,final_airspeed_kt,final_agl_ft,final_vs_fpm,vs_est_kt,vr_est_kt,seed,rc_progress,rc_centerline,rc_heading,rc_acceleration,rc_rotation,rc_climb,rc_altitude_progress,rc_stability,rc_success_bonus,rc_time_penalty,rc_lateral_penalty,rc_roll_penalty,rc_heading_penalty,rc_aoa_penalty,rc_sideslip_penalty,rc_control_oscillation_penalty,rc_premature_rotation_penalty,rc_failure_penalty,eval_seed
teacher,220.30135850218437,11.814122809083516,40.6083868444995,1.8091028699920806,10.786341990717878,176.6561475558228,5.494022886933489,0.028978619500533053,378.30712503443465,1.0,True,SUCCESS,451,45.09999999999744,3,679556.5467478408,1350.656656550808,3281.64948028812,4658.304860961965,wet,0.7156698144763276,-4.733644417268134,-18.83935789668895,3.660000044397594,0.31379558673294583,-12.548429410341,1008.9428763512848,0.8544317676205674,35.99999999999796,1376.306046961721,40.19999999999772,40.09999999999744,158.80087857723186,378.30712503443465,4045.6561959077053,121.2609991897648,130.961879124946,1452895417,42.48394225458386,8.313323866485108,8.470347460338408,11.190360358743472,8.477156535174178,8.221396819984482,29.999999999999993,4.999999999999998,131.2083333333344,-4.509999999999948,-6.994183053821829,0.0,-0.12733541421483024,0.0,-20.788204722629786,-0.6437789357931482,0.0,0.0,5300000
teacher,226.73822886510067,5.532617325131852,12.74995289694292,0.6952156709535594,6.059656252330165,0.35041509880218424,2.457575571288055,0.029566267810689276,313.09327579093156,1.0,True,SUCCESS,416,41.59999999999764,3,669604.9840134024,1314.3081539529776,3931.420409359408,1546.0089064646354,dry,0.9044180616838989,19.190398119111123,-7.695088837635828,3.6653006572514597,1.4633004057440404,18.954774212160515,1015.1230215384455,0.9496191057429865,31.999999999998188,1081.8247976085113,36.69999999999792,36.59999999999764,165.31796759488935,313.09327579093156,3072.7981788499537,126.67592126390188,136.80999496501406,88560343,35.01526755813513,7.3923801656237496,9.210640541670957,9.69283614781574,3.7193509168841206,8.452856246256115,30.000000000000004,4.999999999999998,132.66666666666765,-4.159999999999956,-1.414855495333472,0.0,0.0,0.0,-8.213217761364191,-0.6236961212551754,0.0,0.0,5300001
teacher,240.66524334746936,6.5165532768217975,22.720233431618173,0.8430356012666371,8.946962211437265,2.7386592305492865,4.583262971201041,0.021398155372424895,303.4562555424759,1.0,True,SUCCESS,527,52.69999999999701,3,780866.8868545825,1351.5949499529836,4469.455097555871,3901.4884325362023,wet,0.8687582389037359,21.2733688338509,12.571294455853078,0.5379143551646188,0.5317823833405431,24.913540179755145,1013.6994288900846,0.8912718904097121,42.2999999999976,1546.2065793423408,47.79999999999729,47.69999999999701,156.1253217911953,303.4562555424759,2830.0218391089184,138.2136498404801,149.2707418277185,1959748690,45.82605010496655,11.472569127603574,11.669601509445437,14.292611932468192,8.0157796434418,8.665267795860618,30.0,4.999999999999998,128.0416666666679,-5.269999999999932,-2.4865889892543542,0.0,-0.03915302360611495,0.0,-13.897375433034656,-0.6251859870897062,0.0,0.0,5300002
teacher,229.66845995137078,9.55346599897352,32.94170502953139,0.9864411431665732,7.716331651050546,2.2287651566466113,5.541203141296101,0.02146529457778482,297.4567763851858,1.0,True,SUCCESS,536,53.59999999999696,3,824378.5291069795,1341.1778578401138,3582.406903908639,1814.819327221852,wet,0.6639244752313208,8.397972336962642,-17.184319086519867,0.37830355630034296,0.6841218132541773,8.427191776607224,996.980029790742,0.9409918541984053,43.39999999999754,1736.7157866027599,48.69999999999724,48.59999999999696,165.6242747705658,297.4567763851858,2816.1595433025595,139.37656854067242,150.52669402392624,1510155209,50.67669375348311,12.125071747971543,10.954532856477288,14.115340578146487,6.201558981082741,8.592193848330915,30.000000000000004,4.999999999999998,127.66666666666794,-5.35999999999993,-5.435558883348791,0.0,-0.1522419322311256,0.0,-24.10102986976085,-0.6147677954486762,0.0,0.0,5300003
teacher,232.50575451734954,9.446103965677315,32.587799181578106,1.0194251917973614,8.035132538481562,179.94183340099727,5.784056872968756,0.0207448375737724,299.0657045604207,1.0,True,SUCCESS,551,55.099999999996875,3,728381.4606789942,1342.2552791222013,4112.437515040787,3861.054588407466,wet,0.7066634493366846,-4.57548749477287,18.7853504207269,0.8356540927082099,1.0255210415231064,20.170301901709664,998.5233431806207,0.8907916423498149,44.699999999997466,1874.4119212786004,50.199999999997154,50.099999999996875,155.83637240676993,299.0657045604207,2863.7367516609684,133.47569136252724,144.15374667152943,1846787938,55.09377870822725,10.491733234809148,11.526291345027381,14.969512788182724,6.548331013727488,8.679284665770483,30.0,4.999999999999998,127.04166666666796,-5.509999999999927,-5.462790327982441,0.0,-0.13404848052642473,0.0,-25.130507717737704,-0.6074973788164432,0.0,0.0,5300004
teacher,223.26387532485313,10.377085081756691,35.43090588650006,1.199962015686374,7.16294588482067,1.6905950135930814,5.560759637938899,0.020473974294945105,304.6762284251072,1.0,True,SUCCESS,523,52.299999999997034,3,755142.8521035721,1333.8538114496816,4345.481456204058,4694.05420527852,dry,0.9719112413434866,5.043534200979469,-18.23268071041193,0.10425644887509744,0.7657142818421885,-8.473469032725166,994.1997429236606,0.8574601883639031,42.099999999997614,1640.0815543536378,47.39999999999731,47.299999999997034,162.60568972757517,304.6762284251072,2901.462359415438,129.71987871379085,140.09746901089412,961020691,49.577777107892125,11.091237849708952,10.717935526034006,12.871603252066981,5.445957324504506,8.657982912664897,29.999999999999996,4.999999999999998,128.20833333333456,-5.229999999999933,-6.25763077525234,0.0,-0.1267795076079919,0.0,-26.115710567826095,-0.5768311306665685,0.0,0.0,5300005
teacher,228.30486669356605,9.388267872078213,26.711815853804577,1.3731834209882487,6.191827551034908,1.326620622463194,5.00254646564632,0.023879415727869568,304.53622252504374,1.0,True,SUCCESS,550,54.99999999999688,3,768448.0749754786,1326.481674442832,4343.21288155358,4181.504164777503,wet,0.7118979886371062,18.08763121305074,14.756529610947496,3.534681717381319,0.5651744839197486,20.324195398808115,1005.6415577847022,0.8827302038804378,44.29999999999749,1680.9923103070735,50.09999999999716,49.99999999999688,163.07643783787054,304.53622252504374,2886.8282035263665,136.6456669419699,147.5773202973275,1829997400,50.485242511592624,12.015796278529677,10.799216880036145,14.086598620295199,4.252706755697923,8.680148800683725,30.000000000000004,4.999999999999998,127.08333333333464,-5.499999999999927,-5.386307277871421,0.0,-0.14334477309590188,0.0,-22.376988174186877,-0.6915362614498471,0.0,0.0,5300006
teacher,230.84955765632594,8.324389780997292,26.75927816832766,0.9118678684008156,10.282379353932237,2.9654492828317136,5.186026794349785,0.02206018416561835,344.10835670762935,1.0,True,SUCCESS,457,45.69999999999741,3,695628.0370562931,1351.6210238435888,3719.469416463149,4815.1719817838775,wet,0.6009324542518778,5.163265354777863,-13.474409836174981,0.4791249285953416,0.9214385233177331,-9.128796191957429,1003.6844275743849,0.8528202298606012,36.099999999997955,1302.2932455878338,40.79999999999769,40.69999999999741,152.46815859474373,344.10835670762935,3415.607058669857,123.76827473040196,133.6697367088341,248452933,40.206196221701695,9.03124842525994,9.38940199105035,11.057758559745288,9.09122477441037,8.434249464631078,30.000000000000004,4.999999999999998,130.9583333333344,-4.569999999999947,-3.518669734252143,0.0,-0.044485696417712696,0.0,-13.628168811347491,-0.5575308717899344,0.0,0.0,5300007
teacher,225.98642088018755,5.429640799711456,12.512495668403986,0.6194506221371044,8.319883619795522,0.3333521097766268,2.27522701525261,0.029215427927808943,351.61531802594436,1.0,True,SUCCESS,365,36.49999999999793,3,608411.3724572955,1314.9059571970504,4177.521411044176,2925.96182503747,wet,0.8885475013160631,21.21504070916037,-6.747094624421834,0.5157566312407718,0.3865589686937174,-12.304394422812726,996.5791911098415,0.9032329481938703,26.599999999998495,773.0837778865824,31.59999999999821,31.499999999997932,162.27568633048534,351.61531802594436,3855.967972294994,115.49856179127049,124.73844673457214,742904315,28.46707375449606,6.692149983383388,7.924165481783659,7.226159640678916,4.221543753836582,8.521815604060663,29.999999999999993,4.999999999999998,134.79166666666754,-3.649999999999966,-1.1956183014522572,0.0,0.0,0.0,-1.395217737311491,-0.6173179659555597,0.0,0.0,5300008
teacher,264.1877218455811,2.6351316700066234,5.569897430863788,0.5645778001432604,5.362459643041365,174.534352887295,4.657943069713126,0.026592347878535594,291.71149211292106,1.0,True,SUCCESS,526,52.59999999999702,3,787170.1605733496,1308.561997898814,3330.744928526501,722.3543191327092,wet,0.73100846040029,-3.7671846253638397,-0.30500375242866307,3.05433484678855,1.6261218449563495,5.473379245432554,1028.4492701770412,0.9708780300589788,41.79999999999763,1785.7151085054504,47.699999999997296,47.59999999999702,181.30798424132732,291.71149211292106,2853.4043985840835,133.42554263465334,144.0995860454256,809622719,54.8784180620315,14.52758315214642,12.748187880671523,13.003853414033145,3.961518357371007,8.71638408473275,29.999999999999996,4.999999999999998,128.08333333333456,-5.259999999999932,-0.40583348344566816,0.0,-0.09510283839693279,0.0,-0.23879141200787476,-0.7318287048894183,0.0,0.0,5300009
teacher,242.46396114442095,3.311987843592783,6.656960173788793,0.26102941939777347,6.315825723817619,0.7279592133644686,4.043837363566442,0.02914811361765343,316.0482311685587,1.0,True,SUCCESS,424,42.3999999999976,3,742553.6158713436,1317.729949033235,3204.4411089182836,424.89807982943273,wet,0.7296386966115712,18.20468128557696,0.8099010420848818,2.9189119437371125,1.3102472108690812,-4.363479445331201,1013.210246440809,0.977810222627388,31.7999999999982,1064.3343681174488,37.499999999997875,37.3999999999976,173.9843452510369,316.0482311685587,3181.199779684718,128.35440885945698,138.62276156821355,1006272240,36.32901502344814,12.233979000010617,9.729574027090246,9.275777715131781,4.348884480093939,8.69603635887323,30.000000000000004,4.999999999999998,132.33333333333434,-4.239999999999954,-0.5167741904299002,0.0,-0.03848474246326426,0.0,-0.048589184291423206,-0.6387906763768191,0.0,0.0,5300010
teacher,229.00198860656207,6.257761767334302,19.777229039605203,1.1138723713143062,11.337497152302511,2.608254257359628,3.817862332987471,0.03766739057441976,375.55928415259166,1.0,True,SUCCESS,363,36.299999999997944,3,637824.4030250194,1347.9295608938146,3631.405595043662,327.3981613762739,dry,0.9492734431424603,13.386502846531425,9.730193700067955,3.4609746770374286,0.019259928074616406,7.449007661261078,1015.9833962468583,0.9797216032332198,27.19999999999846,816.4686018602607,31.399999999998222,31.299999999997944,154.6694657090908,375.55928415259166,4056.6680515426247,121.24379831272208,130.94330217773987,338516569,28.81883041628953,7.605647596273568,7.608818612671916,8.172943195857618,8.571023494357366,8.189798680249012,29.999999999999996,4.999999999999998,134.87500000000085,-3.6299999999999666,-1.5794364875806737,0.0,-0.019169432531188694,0.0,-3.8983848636325256,-0.7130826053934197,0.0,0.0,5300011
teacher,241.5452122397959,2.463919077157916,4.679721162394996,0.32671168136842466,9.570344281407202,1.9845164030056834,2.0346459396466345,0.02951364570783497,365.7601995313204,1.0,True,SUCCESS,397,39.69999999999775,3,675437.3360591731,1339.7912012719914,4222.062542091106,395.4095931087037,wet,0.8365482544176731,15.299495842792147,-2.666217127280497,3.529714891949488,0.26308819452513554,14.89086780279542,1034.90928092842,0.9786342871070519,29.69999999999832,936.617669068322,34.79999999999803,34.69999999999775,156.82609035145765,365.7601995313204,3959.2670040526195,125.16784599807396,135.18127367791988,1081791834,32.85331551413892,11.641737476623625,9.206035342579083,8.68219943136512,7.300343493543638,8.451862151363407,30.0,4.999999999999998,133.45833333333428,-3.9699999999999593,-0.2677940217618593,0.0,0.0,0.0,-0.14600064230487525,-0.6648198390854283,0.0,0.0,5300012
teacher,235.16516734379132,8.31184901689337,25.204580759804703,0.9153575246701938,5.802438632739295,1.66852269520602,5.092572791168607,0.020971225953366632,267.04672111908394,1.0,True,SUCCESS,576,57.59999999999809,3,933940.7159111347,1330.5883507368956,4433.836967280616,2090.559535391705,dry,0.9881171538280901,21.38437286646483,-12.743799396916778,2.29172433522579,0.09877677704271037,-4.898110036294749,1028.5655681190335,0.9313745479469814,46.499999999997364,1766.7812785143078,52.69999999999701,52.59999999999809,177.64392138072967,267.04672111908394,2355.00698872903,142.73512476876732,154.15393475026872,1762086675,52.75807483663695,10.837170701492399,12.658928870465187,13.948206766895618,5.037776933525503,8.839548100542787,30.000000000000007,4.999999999999998,126.0000000000008,-5.759999999999922,-4.421557381096401,0.0,-0.05026776602916119,0.0,-19.045378874467588,-0.6373348441749053,0.0,0.0,5300013
teacher,248.2437497995557,5.8816804611468045,15.967420843798816,1.0061486235006907,7.815881735565796,1.2834298657684016,4.889929561115798,0.025573927439519317,342.52341446614196,1.0,True,SUCCESS,474,47.39999999999731,3,742734.2134190007,1331.1807587126443,3708.575217323235,1051.6893584300208,wet,0.728797717536878,11.6184893367994,-4.350325821668044,3.0126367459816974,1.3655076468609604,11.032603152619636,1011.4487800077031,0.9609563462606391,37.39999999999788,1393.6793357821612,42.49999999999759,42.39999999999731,168.7271340394478,342.52341446614196,3487.2451668986323,131.92093566746578,142.47461052086305,766775831,43.73227772568414,10.864514505548787,10.533057746011231,11.727849761705496,5.167161525108307,8.58037984896713,30.000000000000007,4.999999999999998,130.2500000000011,-4.739999999999943,-1.8219593591439,0.0,-0.14159482132337045,0.0,-0.29927069847382665,-0.6086664345295348,0.0,0.0,5300014
teacher,235.66438253761814,3.553271637070772,7.118107203253436,0.2953078197915785,9.341422646630514,1.920199697551885,1.8949068329759167,0.0246493993432168,358.45391099297126,1.0,True,SUCCESS,384,38.399999999997824,3,676104.8009185202,1340.0992484682622,3385.32691297776,1506.9538140277255,dry,0.9444082969505347,21.23541051334833,-5.743305669263208,2.1948594790379192,0.9852923289573499,4.456754608367799,1032.238366058977,0.9469903510557388,28.899999999998364,871.6327333182854,33.4999999999981,33.399999999997824,162.20961610403532,358.45391099297126,3804.1572835494158,123.21397607021643,133.07109415583375,1157884337,30.00382591044305,9.406751308007564,8.721268996783216,8.44935210046897,7.346010460831804,8.406623269354244,30.000000000000004,4.999999999999998,134.0000000000009,-3.839999999999962,-0.5386982112772953,0.0,0.0,0.0,-0.7311674260155547,-0.5595838709787411,0.0,0.0,5300015
teacher,282.8449166721758,3.8685964432622204,13.21521501252771,0.9019408355290195,3.186241273993132,24.773994901536255,2.3490855034161866,0.016757618404423028,247.03246022995154,1.0,True,SUCCESS,663,66.30000000000501,3,925740.2904219821,1305.1656252680734,3514.2660955934675,1978.626338646635,wet,0.6041901980784906,1.0410248884116156,5.91365512502676,1.65258091544644,1.6000178070485827,6.03456117228497,1025.438607537594,0.937454042935018,53.699999999996955,2449.5655160560127,61.400000000001114,61.300000000005014,182.71130158674822,247.03246022995154,2036.3417868719202,145.0442365268922,156.6477754490436,1943944966,72.02971863784188,18.16427259786266,16.271916760009653,16.404762441947167,4.014108864853484,8.807124889952814,29.999999999999993,4.999999999999998,122.37499999999791,-6.629999999999903,-1.1024981651404882,0.0,0.0,0.0,-1.89462084835318,-0.5948685067962648,0.0,0.0,5300016
teacher,267.1866554996233,4.689041153850203,15.507604590387675,0.7474397265489331,5.561159434088307,1.155279806842166,4.236669926972459,0.020287831608147695,276.8919687986354,1.0,True,SUCCESS,697,69.70000000000772,3,934808.6264492131,1329.4504722326242,3246.539972610943,4757.002364394694,wet,0.7581643245624338,13.147674596885622,-9.810311441350741,3.684827804052523,0.284454327033441,2.7865936730987997,1030.6915562421018,0.8617863396922724,58.799999999999045,2686.180213891812,64.80000000000382,64.70000000000772,177.3623297438771,276.8919687986354,2459.7228221318246,144.57625093478816,156.14235100957123,2082248312,72.2670530108077,17.62569010594292,16.229196538839854,17.04135726416632,5.1994095730073875,8.80476555971662,29.999999999999993,4.999999999999998,120.95833333333012,-6.969999999999896,-1.7027792821025645,0.0,-0.06088995870050161,0.0,-16.457913707815305,-0.7475669375693889,0.0,0.0,5300017
teacher,210.18406872743537,8.640376631720704,30.255720066215495,1.4883318239366439,9.81436862104394,1.9436669427254076,5.444663306780334,0.033137575042141744,365.46474284033275,1.0,True,SUCCESS,359,35.899999999997966,3,572344.1097804559,1339.9168756617214,3578.0309357886217,3911.075792349446,wet,0.7585443565824354,18.297626851925905,18.24062690320837,1.9009119146189044,0.10037023004664958,14.911262099950168,1018.1056441055383,0.8859997110247895,26.69999999999849,769.5360776933212,30.999999999998245,30.899999999997966,150.15467863082165,365.46474284033275,3875.3841356115863,116.17112290905328,125.46481274177755,453073961,27.74036488486356,7.807916538831944,6.760061089779173,7.995585454062317,7.2830272309475665,8.240104707905806,29.999999999999996,4.999999999999998,135.0416666666675,-3.5899999999999674,-2.977949210370743,0.0,-0.056100424417458446,0.0,-18.456416588872496,-0.6041916219618001,0.0,0.0,5300018
teacher,215.521041444321,8.301983394465408,30.15494937997974,1.1400768154579575,8.04323390195273,1.6829788703370945,5.25406033348742,0.036889630808972104,374.5199366775287,1.0,True,SUCCESS,389,38.899999999997796,3,618981.3020910168,1310.3427914541548,3498.8955757095596,1041.3685432263014,wet,0.6070143371118873,14.18290182672278,-16.928205040835277,2.124736113011651,1.0128241125316229,16.650668848192737,1007.1515121483656,0.961068771054024,29.29999999999834,946.1468735473327,33.999999999998074,33.899999999997796,167.14660106747206,374.5199366775287,4201.065858924131,121.81481376860242,131.55999887009062,610371783,33.05245745253419,8.33207908290754,7.613857065851038,8.777505125626167,3.7500727915732877,8.476489352005656,30.0,4.999999999999998,133.7916666666676,-3.889999999999961,-2.9790021224099967,0.0,-0.0558160393028741,0.0,-15.593140459912588,-0.7551274712190342,0.0,0.0,5300019
teacher,213.79980245863916,6.958824288846411,19.555349590491247,1.2604373297188622,8.565514966374343,-0.23665393475126387,4.978723074715132,0.039557409965452685,401.72164025830676,1.0,True,SUCCESS,348,34.79999999999803,3,617656.0756933545,1305.2403770999792,3880.833877938161,326.6689116848587,wet,0.8164825496847655,18.070972196597175,11.981484487292605,3.4801448858517086,0.8913794133337936,-1.5172151697163905,1015.7991946778909,0.9783640888397398,24.999999999998586,742.6410038545814,29.899999999998307,29.79999999999803,165.42586352177685,401.72164025830676,4390.9557319564665,117.49872271564551,126.89862053289717,8007040,27.663999491066416,4.962012645049211,6.856956924076489,7.104867849518059,4.2221593102139545,8.407934943371945,30.0,4.999999999999998,135.50000000000082,-3.47999999999997,-1.8724424386774978,0.0,-0.11650872823313423,0.0,-9.74322826018713,-0.7059492775600231,0.0,0.0,5300020
teacher,222.2560694437505,6.189428771105934,20.714033586744875,0.6061401929382008,7.168641160954029,1.264413598719185,3.678403969203961,0.02628273029102805,323.9479729969262,1.0,True,SUCCESS,382,38.199999999997836,3,602313.8506216108,1320.3202468973464,3887.8040007659247,3347.3912098387586,wet,0.6034366609431198,22.23190096512958,10.431818402568375,2.421806334734186,1.5816298980934382,20.264970762374006,1028.536143740458,0.9030960892302373,27.999999999998415,829.4354007922395,33.299999999998114,33.199999999997836,152.88163119819623,323.9479729969262,3234.997878568224,119.6107349339332,129.17959372864786,133717992,30.270968733974705,8.214106122232954,7.945899123259819,8.421410275139703,4.302881171007352,8.563588503110509,30.0,4.999999999999998,134.08333333333422,-3.8199999999999625,-1.6260054324234305,0.0,-0.0030349437388256253,0.0,-8.534634202157989,-0.5624432399884984,0.0,0.0,5300021
teacher,223.65104870389155,7.768520999298017,25.326943792911607,1.2075219161147988,12.290282519451285,3.1410117807349,4.7967066032900645,0.03407045399122002,381.20366002458536,1.0,True,SUCCESS,355,35.49999999999799,3,577102.3741961636,1349.7274715100923,3502.7313081451625,1862.6570294213095,dry,0.9953149956915899,4.036177306170137,-11.649865894719467,2.275309150828599,1.189767083847649,10.331533854027327,999.3928596982009,0.9377725692363431,26.4999999999985,814.5915507779749,30.599999999998268,30.49999999999799,144.7795511593242,381.20366002458536,4019.1780249041685,116.84707101516958,126.19483669638315,1651234242,29.276817253013053,5.663711247422834,7.224679986185171,8.241870716451626,8.216313163229954,8.193683076146769,30.0,4.999999999999998,135.20833333333417,-3.5499999999999683,-2.380469008152185,0.0,-0.0195050796267382,0.0,-6.7992869319957325,-0.625099052117416,0.0,0.0,5300022
teacher,245.17600624692903,5.7383291465262625,18.53484000543007,0.6092110107902399,5.461129684933398,176.07174317636174,3.6029125060855027,0.021712473272614052,298.63656554065165,1.0,True,SUCCESS,482,48.19999999999727,3,666673.7474367609,1312.720161150411,3282.4182601271605,3788.6094663595104,wet,0.7747760769625445,-2.0962260451018135,9.834728202743042,0.13998146973230252,1.4478771557793646,3.2944966457440614,987.0659963280192,0.8866640465904667,37.59999999999787,1479.6225514577757,43.299999999997546,43.19999999999727,162.36556062253652,298.63656554065165,2869.215845859004,124.87120364819025,134.86089994004547,298295784,47.540822622235275,10.78232364407428,10.928035364340268,11.427658674657248,3.784039791998532,8.753132648173876,30.000000000000004,4.999999999999998,129.9166666666678,-4.819999999999942,-1.7634999013163,0.0,-0.0013719901171996328,0.0,-5.76947631920758,-0.6023249545772587,0.0,0.0,5300023
teacher,216.29392261903877,10.409166789999281,35.59242443161795,1.4971103706288589,7.774181498651785,179.68369910029682,5.621594413116954,0.028820732814573292,319.84273235185447,1.0,True,SUCCESS,444,44.39999999999748,3,714464.7866988142,1332.4514335662257,4246.936306265985,2144.2442128745092,dry,0.9340790337759199,-1.3090086834113168,18.59887921958103,1.973300282210034,1.6913266213310052,-11.941758172619718,990.2814607213405,0.9265638963019021,34.59999999999804,1303.5113985300247,39.49999999999776,39.39999999999748,160.3673030284482,319.84273235185447,3058.6358772007416,125.64065564412623,135.69190809565634,590684629,41.37559359221813,9.797836669998762,8.583190414176435,10.187522313718436,5.571514292905587,8.502295743576063,30.000000000000004,4.999999999999998,131.50000000000105,-4.43999999999995,-5.34530382759318,0.0,-0.17973554392324906,0.0,-23.60554182337801,-0.6534492126612228,0.0,0.0,5300024
teacher,208.74255943187535,9.211734396257295,33.148832544529775,1.412726732622842,9.802229044925786,9.543987580170022,5.609978780209321,0.026497863589423108,360.4966637899199,1.0,True,SUCCESS,438,43.79999999999752,3,725888.9482371546,1349.9315177792207,4216.094830426299,1578.4527081991646,dry,0.9582919533102382,12.53400739522165,18.860509169081723,3.992501219180264,1.8841669924357742,9.231094585836214,1003.0589331449465,0.9458231652268816,34.699999999998035,1194.526986999194,38.899999999997796,38.79999999999752,159.0766351748542,360.4966637899199,3773.8822054971315,130.56576934500066,141.01103089260073,1575260549,36.657926914796185,8.58634194088186,9.01029955672535,10.84117539706452,7.856221303825136,8.315268649351387,30.000000000000007,4.999999999999998,131.75000000000102,-4.379999999999951,-4.129661128576568,0.0,-0.09366479364975445,0.0,-30.102377419140385,-0.5689709894034333,0.0,0.0,5300025
teacher,278.09536584522385,2.9959680478125534,6.7956445434287485,0.38651357957872556,6.104818150054926,1.6808326483457354,1.8212541440966945,0.017958964046057485,281.99859624313535,1.0,True,SUCCESS,659,65.9000000000047,3,905611.9516354084,1333.5260180636965,4404.479192507758,1778.976639522986,dry,0.9937345990345106,19.03205247697739,-6.395547826404653,2.1533811018651994,0.5261536907405235,22.843795925355785,994.2027264103324,0.9450246160275076,54.899999999996886,2337.9593600260573,61.000000000000796,60.900000000004695,175.46296630116566,281.99859624313535,2579.2979446486042,149.79945994442582,161.78341673997988,1740064862,64.94633992501062,17.663243144058566,16.369554289520888,18.268825197877227,4.4822179662458606,8.828402177919736,30.0,4.999999999999998,122.54166666666471,-6.589999999999904,-0.6572298193528417,0.0,0.0,0.0,-2.0888368297083444,-0.6688168730129594,0.0,0.0,5300026
teacher,252.84154576779602,4.260798386771307,7.535145033396567,0.36353599208180554,4.155706771986915,-0.05163219444183703,1.5179466479344346,0.02047794668870335,285.5081113541205,1.0,True,SUCCESS,516,51.599999999997074,3,795507.2832807514,1306.9338568583955,4470.609325607829,2963.4326210510685,wet,0.6773922918940275,24.856006152281594,-1.822884209161899,2.2511707749908596,0.5505279522724296,1.235573081699549,994.9343993271501,0.9084088147919307,40.299999999997716,1446.388935852872,46.69999999999735,46.599999999997074,175.77142513651611,285.5081113541205,2568.768302135094,135.38298394892567,146.21362266483973,1887920576,46.17351430918797,13.489373760570869,12.397719637150486,11.79743494445894,3.6525910806837536,8.75133822965612,30.0,4.999999999999998,128.50000000000122,-5.159999999999934,-1.0408524325155457,0.0,0.0,0.0,-0.11004542549503024,-0.6095283359029235,0.0,0.0,5300027
teacher,264.90899323264864,3.6892226151049363,6.673212687262948,0.12548428758533,4.587751801591147,0.691775429361018,2.137174237514959,0.017759825978442428,265.20137812831626,1.0,True,SUCCESS,580,57.99999999999841,3,915538.5093364334,1318.8175601806936,3329.970336219077,1452.4920554273747,wet,0.897435179802464,21.898413367358614,-1.765457238152317,0.8224785994621144,0.9210669266984897,-3.1087308959867386,989.6204818011817,0.9498662266309197,46.39999999999737,1799.841566131221,53.09999999999699,52.99999999999841,179.96062292666053,265.20137812831626,2322.7897284506375,144.53020852215963,156.0926252039324,51100662,54.552100226689326,15.336148382176463,14.245239675635887,14.173381420239838,4.235452030076369,8.83814739934545,29.999999999999996,4.999999999999998,125.833333333334,-5.799999999999921,-0.877112314689445,0.0,0.0,0.0,0.0,-0.6276969201595388,0.0,0.0,5300028
teacher,210.7019581706069,7.815657742919534,23.097632076132438,0.8338783026018087,8.211036125673155,1.3731590612985005,4.367039851813819,0.03880877438706178,365.2350619188571,1.0,True,SUCCESS,355,35.49999999999799,3,600273.918697104,1323.6794584509985,3873.4995983456047,1605.088135159205,dry,0.9855077903688791,23.43979355118818,12.69109151927158,3.692419102702671,1.2392939057684327,19.50797094783284,1028.2806804605016,0.946754010936708,26.099999999998523,744.2036071227974,30.599999999998268,30.49999999999799,156.64307837456417,365.2350619188571,3770.92295877488,119.27619376494751,128.81828926614332,444624741,27.432785008603066,5.311746023376228,7.293160449239706,7.988104566320847,4.736593442874122,8.257263070016714,29.999999999999996,4.999999999999998,135.20833333333417,-3.5499999999999683,-2.4094444015369554,0.0,-0.010912564829644969,0.0,-13.747328841199572,-0.8083419155918137,0.0,0.0,5300029
teacher,240.73653615597476,10.053936692604466,33.42449935294907,0.9623510621524406,3.142547580064037,152.4229741195005,5.3561840243119025,0.017721813437211548,247.69964018418978,1.0,True,SUCCESS,634,63.400000000002706,3,859421.2471060471,1306.2647224295777,4230.509661127617,2551.0385012565116,dry,0.9282308613310686,-0.5643753951954276,-17.59900893369478,1.705210265425301,1.746458098642601,15.312078071849232,1011.8347931985995,0.9242310582701874,51.69999999999707,2377.5392667548495,58.499999999998806,58.400000000002706,175.93185518832016,247.69964018418978,1991.7339546258795,142.88980369150073,154.3209879868208,1793576650,68.70908492296427,15.046515763295519,13.651226025786835,16.956586376849536,3.538530839544127,8.83061416128662,30.000000000000007,4.999999999999998,123.5833333333322,-6.339999999999909,-7.120640185997955,0.0,-0.12874136442809953,0.0,-30.3795690229318,-0.6104046937266079,0.0,0.0,5300030
teacher,223.02794644959027,10.356754188594413,35.73957788603746,1.3613970659386538,7.559819030746329,171.51595810481334,5.789491652306162,0.023087535904887484,299.61983877222247,1.0,True,SUCCESS,532,53.19999999999698,3,755737.8070645621,1338.5029925067608,3293.621198630217,4971.163869413128,wet,0.8549334716675299,-0.4118199852208262,19.774099653767987,2.1156774308594324,0.5530981589335848,8.190698723896709,1033.63086798438,0.8581295385669583,43.09999999999756,1741.7910039640296,48.29999999999726,48.19999999999698,161.9570400034842,299.61983877222247,2877.5107680286524,131.00844045911276,141.4891156958418,392505277,51.93376630788661,9.762015092693426,11.09196634596768,13.477480488631786,6.04492389612975,8.599147435008565,29.999999999999996,4.999999999999998,127.8333333333346,-5.319999999999931,-6.340397121757661,0.0,-0.14933274939949148,0.0,-28.272471097514064,-0.6324854813909837,0.0,0.0,5300031
teacher,211.91253753615564,11.085038701489907,35.625752853212475,1.184189830986349,7.253699122460972,1.4238041009208964,5.636915534581952,0.02342670862269081,315.41275616319217,1.0,True,SUCCESS,446,44.59999999999747,3,738685.6702464083,1329.999538653658,4146.336253294931,2937.7996541852576,wet,0.6958825740884309,17.558945057884866,-18.834200308334516,1.0376312943017472,0.6563814426563546,0.506635684983042,1032.02196990928,0.9080400378139705,34.499999999998046,1170.4159698812596,39.69999999999775,39.59999999999747,164.65190553874393,315.41275616319217,3065.916180554502,127.93133318259048,138.16583983719772,1289813336,38.06416002089648,8.363995972724796,8.423561862223547,10.157245908983718,5.243663715833505,8.638201049466382,29.999999999999996,4.999999999999998,131.4166666666677,-4.459999999999949,-6.089291669337106,0.0,-0.13344269656492186,0.0,-22.148656815676805,-0.5635664790617269,0.0,0.0,5300032
teacher,230.12313403609716,5.611453375889457,16.997441949745678,0.7160719963358682,10.08570100951696,1.9040938640745375,3.1800516057499504,0.029561076741924926,368.7189157199894,1.0,True,SUCCESS,407,40.699999999997694,3,709856.7050517346,1344.4558940064537,3795.455906869355,385.7441851681498,wet,0.7432378672355725,6.163106766384663,-11.653058018412779,3.02375714619424,0.844120618312421,-3.434290137459639,1017.8294288339148,0.9774877678699636,31.499999999998217,1082.7036090300328,35.79999999999797,35.699999999997694,160.17780638971593,368.7189157199894,3674.4782579691973,125.41640429668969,135.44971664042487,919423311,34.67523850659498,7.924026024294135,8.849587728291604,9.333643073155818,7.6404919224913534,8.259967853974594,30.0,4.999999999999998,133.04166666666762,-4.069999999999958,-1.4239758287601045,0.0,-0.0007930386697828563,0.0,-8.448826764195296,-0.6578921077478207,0.0,0.0,5300033
teacher,238.53810252141102,6.197857562751159,19.66181481068677,0.5728052045805799,5.9271579036257345,176.7922424030838,3.9971535211891958,0.024528552966609274,315.3528641943228,1.0,True,SUCCESS,446,44.59999999999747,3,648182.4877681694,1312.3216996329752,4053.0728469763103,2025.949070566168,wet,0.6960323255552943,-4.14997676465429,-11.553184533706666,1.7494248208262193,0.29714023597287365,10.170918429352547,986.9019317487302,0.9351399122030531,34.09999999999807,1259.8336543285188,39.69999999999775,39.59999999999747,159.77794051365728,315.3528641943228,3088.30693237285,124.58171010243427,134.54824691062902,859420668,42.955287705385174,10.088977155281668,9.837494319429261,10.705277416200822,3.6520144860895445,8.713064056212078,30.000000000000004,4.999999999999998,131.4166666666677,-4.459999999999949,-1.9035992791328518,0.0,-0.004805687427214029,0.0,-6.826745390436092,-0.6355289268592199,0.0,0.0,5300034
teacher,258.7420282522719,2.912089679423267,5.616215580573905,0.5170890086801528,4.8509067063245865,0.13881387534841094,1.0404139277262914,0.02899027433933142,292.1666170108981,1.0,True,SUCCESS,526,52.59999999999702,3,889133.963033585,1303.777613373915,3602.482331241171,464.82893286530657,wet,0.7303665186916672,20.406016282428727,1.7037670030439278,3.4795023483788645,1.3726970953336173,-6.04570543774936,1027.5697558396218,0.9772499172531954,41.59999999999764,1576.8238720996437,47.699999999997296,47.59999999999702,187.63064421733105,292.1666170108981,2792.9380886782283,139.05402976907203,150.17835215059782,190501302,48.964245783196525,15.402990247973303,12.833998129067782,12.85284716926139,3.7815141282658242,8.754396124179301,29.999999999999996,4.999999999999998,128.08333333333456,-5.259999999999932,-0.495624452703096,0.0,0.0,0.0,-0.3746931360037486,-0.8009790743001328,0.0,0.0,5300035
teacher,274.66443411268455,1.2546733320737977,2.520961390013682,0.3269338402761908,8.632649799188693,176.91126633612643,2.313301898399992,0.017708998680257337,312.6789526456055,1.0,True,SUCCESS,562,56.199999999996976,3,816421.4258072509,1347.736064409637,3839.984521235496,2216.1701900552716,wet,0.8632737318775308,-3.4378594878118207,0.031166374529694174,1.8307260701020822,0.3305279841069042,7.973706716548882,1002.1521922261014,0.9296467253677633,46.19999999999738,1966.5554770279616,51.29999999999709,51.199999999996976,165.06625723012715,312.6789526456055,3019.862667269983,138.23809237230194,149.2971397620861,1499254184,56.00562989052324,18.08920757113165,13.830354765642683,15.45802456803673,7.4451727587512195,8.546584549981443,29.999999999999993,4.999999999999998,126.5833333333346,-5.619999999999925,-0.09830036729578301,0.0,0.0,0.0,0.0,-0.5755729574211715,0.0,0.0,5300036
teacher,236.77837935934105,4.949293368244556,11.01152906777966,0.5285530133806919,9.62087494765309,143.62579470514876,2.649892724656376,0.02902976759636511,367.24059784393194,1.0,True,SUCCESS,396,39.599999999997756,3,608984.5466449491,1337.1521059382915,4134.302696839151,4138.524115957835,dry,0.9808557260478373,2.0105853459885603,4.4330669024086,1.7775949542112364,1.1364160535496324,-1.041148246481436,1033.1641786479097,0.8738859524338507,30.39999999999828,1015.888275249104,34.699999999998035,34.599999999997756,152.82724799283665,367.24059784393194,3783.7303796935425,115.78239914837688,125.04499108024704,504919002,34.634433057272126,7.5175668138305145,8.920238839886304,9.066947289444585,6.673846097318398,8.264667417298021,29.999999999999993,4.999999999999998,133.50000000000094,-3.9599999999999596,-1.077802213177779,0.0,0.0,0.0,-1.1363916414094561,-0.6251263011226553,0.0,0.0,5300037
teacher,247.61313384415863,8.059116559503469,21.670614306984014,1.3949422334043744,4.696771761409869,6.869017204469496,3.9978134861617614,0.027674529631522816,306.18148076689886,1.0,True,SUCCESS,547,54.6999999999969,3,863667.8619210772,1309.9214377319472,3533.187843963251,1293.165576657868,wet,0.6546529511095543,7.387495264086276,-10.842387919429823,3.9208844976305257,1.219573807943073,-3.7448924837695063,1025.1904781162482,0.9531194582726962,43.79999999999752,1787.534896795811,49.799999999997176,49.6999999999969,179.04070421917893,306.18148076689886,2774.975271224303,137.76553422506115,148.78677696306605,1553638007,54.49772218495316,10.227424031925151,12.102615030896638,13.309199066636536,4.335610017914522,8.687358909168761,30.0,4.999999999999998,127.20833333333462,-5.469999999999928,-3.9474777518506308,0.0,-0.012778934644674268,0.0,-7.5577963304781965,-0.7670757136973637,0.0,0.0,5300038
teacher,209.02586620732097,11.310689034560928,36.91738766408119,1.2828490161871775,8.811175900060775,2.13033316483188,5.730140206093118,0.025773829440304395,336.09564319544825,1.0,True,SUCCESS,435,43.499999999997534,3,673242.9545245267,1341.1791661935808,4161.2015658798155,4667.200705465074,wet,0.6157160371833471,16.640290971975578,19.36734876796945,0.10608556990473872,1.4259511912627738,-0.8566391055999567,1005.1449043602232,0.8608838370665929,33.89999999999808,1124.326770948275,38.59999999999781,38.499999999997534,154.6859963041374,336.09564319544825,3370.8394903769536,123.46252454430518,133.3395265078496,1825858036,35.8439448074146,8.484378718481448,7.6796485951891595,10.124682142161669,7.3123367196060824,8.48844123868932,30.000000000000004,4.999999999999998,131.87500000000102,-4.349999999999952,-6.183364844432609,0.0,-0.22090553404396168,0.0,-24.416060163418166,-0.6122354723276815,0.0,0.0,5300039
teacher,223.04733238145894,9.811955710737555,35.19321448695559,1.1716571048922264,9.494935852266767,2.5388274742647696,5.7162541493244445,0.02477469756567929,341.50015705995884,1.0,True,SUCCESS,489,48.89999999999723,3,745090.8024007301,1349.4708187367962,4286.365198280351,2581.152903842151,wet,0.7371630393255135,8.004708231330865,-18.874429554623063,1.693591833964117,0.9158845046311215,11.251616831552052,1003.8636941211571,0.9199239305341279,39.39999999999777,1497.2671046927153,43.999999999997506,43.89999999999723,161.50011357615628,341.50015705995884,3505.620934918269,132.67682958022112,143.2909759466388,1748161445,44.32999234788011,10.968907376411979,9.700887064536246,13.007910864614715,8.103513063928807,8.449513366300668,30.000000000000007,4.999999999999998,129.62500000000117,-4.88999999999994,-5.230913134574824,0.0,-0.21243154566567837,0.0,-25.185368119294544,-0.6196789026797614,0.0,0.0,5300040
teacher,239.10716786442566,8.800221656723888,31.152662277897985,1.0163040510030832,5.498062631436811,1.7105040610061737,5.47276253807611,0.01980978273274682,275.45597637775063,1.0,True,SUCCESS,614,61.400000000001114,3,868351.8797845654,1327.8211733908254,3812.869882668432,3507.723116116854,wet,0.7630047339345654,7.776042830837488,-16.747847509066546,2.13878707042245,1.937612664333615,0.05725784877133577,987.8424005077245,0.893622062245971,49.89999999999717,2117.01462305272,56.499999999997215,56.400000000001114,173.0371751849474,275.45597637775063,2562.0489129423363,141.6632779311663,152.99634016565963,1673395827,62.022834419412675,15.146918410351779,13.365866118536813,15.998377762298496,4.333607062194599,8.791888184648005,30.000000000000007,4.999999999999998,124.4166666666662,-6.1399999999999135,-5.283395037931988,0.0,-0.10072370564160295,0.0,-27.834311130237175,-0.610560885872236,0.0,0.0,5300041
teacher,237.4350353776283,3.261293027969025,7.338980573256171,0.3689170442283622,9.939517753957078,2.209252534274794,1.2989355574061088,0.028178728678373385,356.84010895407937,1.0,True,SUCCESS,381,38.09999999999784,3,586238.0153818278,1342.942499771305,4155.734927421039,4380.1772162868065,dry,0.9799880082335911,11.613581821972495,-4.772238559494442,2.3606135837690543,0.04970743275624434,12.005209278694654,1027.330320678639,0.8732372576512066,28.59999999999838,887.1827780036166,33.19999999999812,33.09999999999784,150.768330448953,356.84010895407937,3765.73532184773,116.48115420474812,125.79964654112798,868574098,30.97723372341211,9.066538720030902,8.712982920526997,8.396170123941452,7.938790468668601,8.330004412949616,29.999999999999996,4.999999999999998,134.1250000000009,-3.8099999999999627,-0.45025869707116045,0.0,0.0,0.0,-0.2229896213503941,-0.6284366734807058,0.0,0.0,5300042
teacher,237.7644043586182,6.963965077261621,23.581174626195228,0.874957689680193,5.801401029674254,176.39968749400484,4.616610516587826,0.022509991377437248,310.37833723046265,1.0,True,SUCCESS,470,46.999999999997335,3,662517.9316854455,1314.018055178139,3512.041165160743,1876.1959872269379,wet,0.7526001406829399,-3.1873145500029976,-12.596011686449922,0.5049223109635621,0.13311157415013786,19.51820248870824,995.9020807942996,0.9411070944972697,36.49999999999793,1403.9248219510214,42.099999999997614,41.999999999997335,163.05788394004733,310.37833723046265,3066.7262745886524,127.33054358101322,137.51698706749428,717511878,45.976572853486175,10.456291369007676,10.30704348805914,11.518592459105763,3.651758226577975,8.719599573415206,30.0,4.999999999999998,130.41666666666777,-4.699999999999944,-2.5326111678600167,0.0,-0.01888817514035422,0.0,-10.421002959819244,-0.6096179748818369,0.0,0.0,5300043
teacher,262.2948674915774,3.3247420372947847,10.963122834333397,0.4273884723430519,8.684730590437663,2.5029703189850454,2.212038011716255,0.018475229689704577,314.6831445564121,1.0,True,SUCCESS,524,52.39999999999703,3,844256.4517137478,1347.0295168847297,4089.717396390124,2167.216613547717,wet,0.7301367736937667,0.6228722849807937,-4.6012401786033985,1.1918634976500417,0.9230401973191986,-12.024804712065489,1011.2573891917839,0.9260583155154759,42.2999999999976,1699.2527755259177,47.49999999999731,47.39999999999703,165.01370211670226,314.6831445564121,2958.1521244976207,135.132603877404,145.94321218759632,1110740677,50.03114681981563,13.808984302256238,12.585966349086403,13.158138756887189,7.6364062197337095,8.561857792948485,30.0,4.999999999999998,128.1666666666679,-5.239999999999933,-0.6435831820029845,0.0,0.0,0.0,-0.20933523138518786,-0.5613810024301167,0.0,0.0,5300044
teacher,215.56136654122292,10.038034176184729,35.59475262253234,1.3390616350028144,9.100185102515644,2.563190749047551,5.681196052699602,0.023983121079892648,329.43942783850343,1.0,True,SUCCESS,467,46.69999999999735,3,731383.5201680291,1346.6374195453473,3437.7077652688668,4872.8722468423275,dry,0.9452883670658097,15.426161274266654,18.937052908920105,0.06971503763002929,1.998170534671164,-6.727749490168961,1015.9701274241413,0.8528698762092336,36.999999999997904,1277.227663241625,41.79999999999763,41.69999999999735,157.4639851420648,329.43942783850343,3259.6649236248627,126.68118552179561,136.81568036353926,480862304,39.49610492850485,10.407644676443404,9.254620906388947,11.087511700238334,8.045895536212932,8.456689032383007,30.000000000000004,4.999999999999998,130.54166666666777,-4.669999999999945,-5.228434974121332,0.0,-0.12307459801189014,0.0,-26.124664494419953,-0.5825928390632623,0.0,0.0,5300045
teacher,206.56383433296136,12.118508453421901,37.88098441301598,1.5048386078833,6.471527171821945,0.33780682263440814,5.795851697780876,0.02713644977179129,322.9434138881734,1.0,True,SUCCESS,414,41.399999999997654,3,652777.0087668614,1314.3974911598696,3640.9700031515204,2946.275342978949,wet,0.647628283058941,10.336748957196658,-19.297672453606804,1.1531025140864481,1.9397984471563623,-1.9253617131790755,1018.1058976988202,0.9068473009175878,31.399999999998222,1046.045590324868,36.49999999999793,36.399999999997654,162.12810458120745,322.9434138881734,3213.0715640431667,120.5702726832117,130.21589449786865,1178943828,36.24309946272602,7.010155458388571,7.59272488273498,8.817197631169961,4.002869164319056,8.552364425890193,30.000000000000004,4.999999999999998,132.75000000000097,-4.139999999999956,-6.755479368240272,0.0,-0.1390387188833469,0.0,-21.76098001556473,-0.609078589580087,0.0,0.0,5300046
teacher,262.5334383141827,5.845490732097193,19.69495300338386,0.6358839142828048,7.784411081490564,2.54391894416896,4.106407040832943,0.01638624561323244,285.4538366409424,1.0,True,SUCCESS,626,62.60000000000207,3,881207.4728602509,1346.690337143336,3714.1007361465918,3686.2412886483444,wet,0.6358636022834617,8.581152086944655,11.037613207507992,0.5040559656769674,1.1430752780969773,8.036504914851289,994.4783844292515,0.8914494845789611,51.69999999999707,2179.0389694461023,57.69999999999817,57.60000000000207,164.9396434846562,285.4538366409424,2536.0751262550116,144.18657721908917,155.72150339661633,721800016,61.92395764167472,15.633273350186185,14.509290950724441,17.096885239515984,6.213622988626755,8.668138571056767,29.999999999999996,4.999999999999998,123.9166666666658,-6.259999999999911,-2.3766967720883763,0.0,-0.009270256382349216,0.0,-11.206305479828876,-0.576124585968352,0.0,0.0,5300047
teacher,261.7789348563337,8.392145500499403,23.40903963370966,0.8264776381581167,3.0970369282541634,0.4684241108343704,5.455641558263967,0.019409084711524794,218.72442742815474,1.0,True,SUCCESS,735,73.50000000001074,3,927432.2969029311,1314.2922572090583,4323.818808467838,4175.9684767589,dry,0.9213868377628656,23.520294021406794,-13.164050137807674,1.9861715009590508,0.34073453809373166,21.667066169833276,1008.9287192081778,0.8855050434199294,59.19999999999936,2475.8312121830945,68.60000000000684,68.50000000001074,175.7064524254891,218.72442742815474,1636.6061763318546,150.1980593492752,162.21390409721724,539257952,73.51675019672508,16.38066234091349,16.296031500032733,18.554327768986866,3.9605203175026937,8.537323722978211,30.0,4.999999999999998,119.37499999999552,-7.349999999999888,-5.75162866496011,0.0,-0.10612489614858747,0.0,-15.811857913313858,-0.8220695163783639,0.0,0.0,5300048
teacher,229.36653273438802,9.543341881956385,30.324597036527834,0.8145295707987925,5.375307328959269,1.2783937869758069,5.913619022738649,0.018784310752154525,272.451948168914,1.0,True,SUCCESS,606,60.60000000000048,3,847789.6027369989,1325.1013085938034,3290.5786499649653,2163.594466397109,wet,0.641938930331754,12.787275503500087,18.30197824107418,1.5320620411545964,1.4369580590121582,24.806052191827412,1011.9270375548207,0.9357093777071185,49.69999999999718,2082.800978796862,55.69999999999684,55.60000000000048,171.89760125302723,272.451948168914,2421.0562826167347,144.11590311512617,155.64517536433627,825945740,59.5522467591495,12.928210273411468,12.394251247670672,16.086389410397253,4.312379096612581,8.771179108630257,30.0,4.999999999999998,124.7499999999998,-6.059999999999915,-6.132408534577456,0.0,-0.15112287366382607,0.0,-31.46849420366332,-0.6160975495789802,0.0,0.0,5300049
teacher,241.88953141989913,6.158573930229644,13.020793508675577,1.032195580567347,7.061643421572522,2.028076827502451,4.611657209964145,0.028803542214144592,299.050804580521,1.0,True,SUCCESS,467,46.69999999999735,3,789964.4247806345,1333.1558181260193,4225.6046960636995,747.0606565955923,wet,0.7748121994412122,15.809881108269632,7.388770437171052,2.7735916813464785,1.2418738721133111,0.581210877491948,994.0120055894679,0.9694706224451641,36.49999999999793,1271.4746479098553,41.79999999999763,41.69999999999735,164.1957017270912,299.050804580521,2719.9469696585825,134.8203981200868,145.60602996969374,303620765,40.77394202402314,8.273826029607251,10.565573618155504,11.336041270560528,5.340433498816859,8.634362271916187,30.0,4.999999999999998,130.54166666666777,-4.669999999999945,-1.9680434825407418,0.0,-0.08308756995140221,0.0,-1.184017020872428,-0.6711658864835918,0.0,0.0,5300050
teacher,244.2791048224681,6.4525338945673,17.545916584348465,0.798950798773306,6.737128354592035,1.0439812174182688,3.2291474371136943,0.023279731952960264,317.4784251860506,1.0,True,SUCCESS,486,48.599999999997245,3,769515.6686237341,1326.6551935351642,3446.5628385916907,1556.201961479564,wet,0.6045232981182799,12.29930272565386,-4.696959281748752,3.862408241251878,0.35641808618783277,16.405318289233158,1021.9533279838727,0.9488343036463087,38.7999999999978,1425.1149588050187,43.69999999999752,43.599999999997245,164.05265248809135,317.4784251860506,2881.2607942909135,134.78050632809465,145.56294683434223,1676074001,43.04849750597092,10.111028317435904,10.602703093327273,12.18103468499125,4.337703163737877,8.365870958502056,29.99999999999999,4.999999999999998,129.75000000000114,-4.859999999999941,-2.2483004576691528,0.0,-0.0011777845225149888,0.0,-1.379704571496672,-0.6285500878100815,0.0,0.0,5300051
teacher,230.81213713297524,5.279642135246109,7.793739232803702,0.33135459388882593,8.43782159327451,1.3959142168772027,1.4866157750427895,0.02531371783766048,344.82981789131964,1.0,True,SUCCESS,376,37.59999999999787,3,660136.0065546441,1331.3474985163014,3412.122407474808,2240.9030984668325,wet,0.649771034058168,19.49519385007008,3.116851784768384,1.0871453682488412,0.07825560898317718,-1.565119126027735,1029.2056352227007,0.9257521716554395,28.09999999999841,830.5880058572612,32.69999999999815,32.59999999999787,159.2276096394583,344.82981789131964,3528.379689953541,120.66826204858,130.3217230124664,644233809,29.488442547592125,6.920794778781375,8.407337331065179,8.039230401450215,5.9379477916183605,8.386607633014476,30.000000000000004,4.999999999999998,134.33333333333422,-3.759999999999964,-1.1645397249640057,0.0,0.0,0.0,-0.2045834807679147,-0.5724334781488245,0.0,0.0,5300052
teacher,243.96975818148317,5.535642839679414,11.095186939870143,1.2415123935739238,5.845656808993907,60.55185222099416,2.392065182040957,0.03220352317241723,311.0047725569271,1.0,True,SUCCESS,479,47.899999999997284,3,720089.4423134555,1317.1750825819138,3942.8285726193053,109.85030235494742,wet,0.8378534928015662,3.1901936724229696,4.9753462801035475,2.383055813548859,1.4577548824913367,22.207807855971303,998.3746694553772,0.9882812670965172,36.89999999999791,1406.0831514373856,42.99999999999756,42.899999999997284,163.09969597782887,311.0047725569271,2989.695703736357,133.1614666774089,143.81438401160162,53060438,45.78833193935756,9.65530448602857,11.157065515268286,11.890322084527035,3.7006556826698724,8.6891969300911,29.999999999999993,4.999999999999998,130.0416666666678,-4.789999999999942,-1.630906738847624,0.0,0.0,0.0,-4.832900173584391,-0.6989782106951727,0.0,0.0,5300053
teacher,244.4648992378954,6.254512842997528,21.528369241199222,0.7738695124489006,4.496980996834044,0.1178727479919106,4.500843342912266,0.022330798193229546,268.0016187751212,1.0,True,SUCCESS,510,50.99999999999711,3,731667.4808710213,1309.6952572818425,3871.725170731889,3649.862203910084,wet,0.8119075659620156,0.12114097939728552,10.741420943375495,3.9437127295032064,0.8005807925810915,5.84007256281998,1007.2273977524012,0.8920723887467704,38.899999999997796,1511.3312154534663,46.09999999999739,45.99999999999711,164.88557211632326,268.0016187751212,2350.764700667565,130.06493588545794,140.4701307562946,1700266582,50.21914475575864,12.460045383181019,11.506857711741903,12.140080183689824,3.5779767693341706,8.831724684874569,30.00000000000001,4.999999999999998,128.7500000000012,-5.099999999999936,-2.2167394178491895,0.0,-0.020144748974924877,0.0,-10.054784336734294,-0.6292617471275713,0.0,0.0,5300054
teacher,227.66068036468886,6.970190568003631,22.02224071939161,0.779366094643502,7.695705419587754,0.7884279939535784,4.152379778100021,0.02733305135695275,346.07687711768995,1.0,True,SUCCESS,419,41.899999999997625,3,659446.0296991774,1326.7911931413917,4292.147542657627,4293.024718205371,wet,0.8110069218649523,24.31571843492301,10.966078953693621,2.4999465630630806,0.8389827869091049,-2.115441733566925,1010.9236756840636,0.8699073574858976,32.29999999999817,1011.1683425196713,36.999999999997904,36.899999999997625,160.2320659169477,346.07687711768995,3476.3563930525393,121.57393835863209,131.29985342732266,1042121131,33.745743080577725,9.161234528326672,8.610218797811639,9.09203660011309,5.170316614865342,8.479189053171071,29.999999999999996,4.999999999999998,132.54166666666765,-4.189999999999955,-2.2618344662495726,0.0,-0.016925733941181284,0.0,-7.028542171294123,-0.6424226053595574,0.0,0.0,5300055
teacher,224.16376229301568,9.039635280941264,30.155609413219377,0.9525991561798028,7.099603090143504,2.0268821569751436,5.34441446418119,0.0204041550307097,290.63591510989454,1.0,True,SUCCESS,533,53.29999999999698,3,867984.4648833503,1338.223111153937,4037.558999394296,2996.987775046488,wet,0.7763888078673429,23.320254509779556,-15.703235858815539,0.9457029090813962,0.5752794876185181,-13.546199336385861,988.8072002613474,0.9025737424118042,42.89999999999757,1547.3125559075843,48.399999999997256,48.29999999999698,169.1626856801254,290.63591510989454,2668.845452171237,138.18287527895345,149.23750530126972,542386807,46.47591094754513,10.673119490533406,11.264013149855804,13.084808805235918,5.844129388866196,8.669965124857937,29.999999999999996,4.999999999999998,127.79166666666792,-5.329999999999931,-4.839344244958833,0.0,-0.08401122541534353,0.0,-23.768840215218678,-0.6176555949539447,0.0,0.0,5300056
teacher,236.70066763448818,10.37803180932731,32.93301463873709,0.9170133110101361,3.4213741203425565,-0.32835114472412696,5.803562850069072,0.02378763598816655,256.5694044811253,1.0,True,SUCCESS,612,61.200000000000955,3,894321.2487879567,1307.2973675153528,4286.084042600749,1446.0703427834349,wet,0.7684668115830418,16.749986603458776,-12.194540002584962,3.3714869988530616,0.8553887677898468,17.142517056690785,1024.478635940377,0.9535241491008989,49.89999999999717,2041.3444499546729,56.299999999997056,56.200000000000955,180.73687192979696,256.5694044811253,2139.533873105536,145.29617741885872,156.91987161236742,900722214,59.57116290077716,11.610678481108529,12.52499735709332,15.61132821698124,3.8579186773525906,8.800875928435794,29.999999999999996,4.999999999999998,124.4999999999996,-6.119999999999914,-7.323841008007845,0.0,-0.16883851157153795,0.0,-20.332970991922988,-0.8306434157578286,0.0,0.0,5300057
teacher,265.47814837302656,3.456110370835938,6.801911686224743,0.4482677485746169,4.5841770763268235,0.5546931020440179,2.492803016050211,0.01735139413004715,264.3359210122717,1.0,True,SUCCESS,576,57.59999999999809,3,834761.4090501055,1317.798594264965,4266.869790093502,4113.674859788099,dry,0.9460028132175585,13.268331941670201,3.5283919341436265,1.916804567223663,0.7984377023515501,-6.133960852541968,993.6541902756954,0.8752236752933292,45.799999999997404,1813.5075619700503,52.69999999999701,52.59999999999809,173.43923261311414,264.3359210122717,2332.2406399290085,136.99390302977346,147.95341527215535,1498946874,55.53158851626636,15.545367216324841,13.926789364753608,14.0739019355881,4.018723637858791,8.899569839576326,30.0,4.999999999999998,126.0000000000008,-5.759999999999922,-0.7644607293055822,0.0,0.0,0.0,-0.4104310007169576,-0.5829004073198868,0.0,0.0,5300058
teacher,246.00447452462748,6.74738112537845,23.651185682998527,1.2738319062009813,7.022895145153877,1.5762755290490795,4.709578627361253,0.026988204588836856,298.45651681323534,1.0,True,SUCCESS,514,51.399999999997085,3,801285.4217386864,1333.533167829373,3971.6217418884416,3616.688076295712,wet,0.8571637659889488,9.189165632584118,11.839533586913202,3.8808531660850067,0.7847626560036634,-9.023618502231585,1015.9631182060796,0.8866583753915984,41.49999999999765,1568.3271667089537,46.499999999997364,46.399999999997085,166.40957516812406,298.45651681323534,2740.5594169149144,132.05531318146464,142.61973823598183,198620539,47.220189260078854,12.986162957736797,11.329209433137512,12.987938688667652,5.413456326728448,8.536547874496277,30.000000000000007,4.999999999999998,128.58333333333454,-5.139999999999935,-2.6001062393635843,0.0,-0.01951865724684935,0.0,-7.540514432456066,-0.7522240204862712,0.0,0.0,5300059
teacher,239.88088177015828,6.494817681665358,21.5034680932345,1.001996224436797,9.651827931295562,177.09087098763308,4.640781715934794,0.026314076328360386,328.05160360359105,1.0,True,SUCCESS,448,44.79999999999746,3,693434.4879757701,1348.8414058032433,4361.660232154995,2980.7907359086175,wet,0.8157080669770385,0.5591131221803707,12.246987852593342,3.4040002327768635,0.8169900301681032,13.622651180855087,1016.9875849551538,0.9104427500391784,35.399999999997995,1271.4946001851506,39.89999999999774,39.79999999999746,153.4548508531975,328.05160360359105,3266.6136746655425,127.66904786231726,137.88257169130264,2115756077,40.07787627299786,9.864328628407979,9.663619313601034,11.238776329797576,8.292338197053859,8.354834465649214,30.0,4.999999999999998,131.3333333333344,-4.479999999999949,-2.0997589121885216,0.0,-0.011208370549382894,0.0,-6.6654803741945585,-0.6877771137512312,0.0,0.0,5300060
teacher,278.91238949101853,3.51247469355462,11.420151687711199,0.38843454248874826,5.868099216582854,178.0847851627423,4.085737793403628,0.017006373456303056,259.348428719617,1.0,True,SUCCESS,655,65.50000000000438,3,857699.8611226513,1332.4220764533275,3258.0623523623226,4238.597914706096,wet,0.6294047597983972,0.05773095897895786,7.888211825461973,0.7196820689209815,1.3545390994946314,16.702081827014727,1010.107393823376,0.8811144553412782,54.399999999996915,2477.3512992342476,60.60000000000048,60.50000000000438,167.46942029919492,259.348428719617,2252.083190586226,143.1954651726962,154.65110238651192,482892855,69.3246194177693,17.29178542707135,15.8157612082581,18.117811503702555,4.62743764256352,8.812173881793855,30.0,4.999999999999998,122.70833333333151,-6.549999999999905,-0.8978942666360407,0.0,-0.04225369633093354,0.0,-4.6733528108850075,-0.622032149619941,0.0,0.0,5300061
teacher,211.23548429291762,8.704483008737808,23.103331526672314,1.379176346579108,10.831283646063572,1.4773719780274475,4.0909167615663975,0.04993837432823954,387.7875723162972,1.0,True,SUCCESS,308,30.799999999998256,3,578527.9430654156,1330.1725359279665,4189.792302961065,144.3235913938673,wet,0.6887877029550769,22.91576154848031,-11.549804047141862,0.403891893303689,1.3771108846926163,-6.642556047290631,1023.401741704247,0.9837652074598524,21.29999999999879,533.0078548514296,25.899999999998535,25.799999999998256,158.51020593208804,387.7875723162972,4273.277027080577,112.27545486882232,121.25749125832812,1061554431,21.94199260397668,4.276172654347194,5.844196114898118,5.553602978686622,6.881842594767602,8.339090281655166,30.000000000000004,4.999999999999998,137.1666666666674,-3.0799999999999783,-2.592950170046311,0.0,-0.0053546407137136705,0.0,-7.292022940484633,-0.7977518508365257,0.0,0.0,5300062
teacher,265.28848135336216,3.5421010182241095,8.555559201738248,0.31598628905505977,4.083914031115314,0.11462546230869636,2.8933721843319455,0.019447733457646017,261.9594071950851,1.0,True,SUCCESS,594,59.39999999999952,3,858190.0153238913,1314.0405955586773,4497.367789586384,4243.448015778004,dry,0.9700737281549761,21.648913068279597,-4.006993739260015,2.5778808157037023,0.349910398500608,4.172990953955008,1013.0844795260025,0.876081612754552,48.19999999999727,1899.1457023260948,54.49999999999691,54.39999999999952,174.35050588832266,261.9594071950851,2248.669034222443,140.0558235809197,151.2602894673933,1430262184,55.731702206813296,14.514524840947312,14.363657423748265,15.549991837558654,3.8352650006353217,8.844105347188655,29.999999999999996,4.999999999999998,125.2500000000002,-5.939999999999918,-0.8280676551380826,0.0,0.0,0.0,-0.3613056403337739,-0.6713920080578738,0.0,0.0,5300063
teacher,253.799284765283,6.059663694548886,18.02774197995096,0.6243668501938893,5.362541854652296,1.4127239571415213,4.134212258142378,0.019383439929416428,274.86971713762205,1.0,True,SUCCESS,631,63.10000000000247,3,917064.6554042433,1325.8212754105027,3487.502850641777,3884.048321560803,wet,0.652914672300879,21.442933055132197,-13.087458936451831,2.4153630730048743,1.8957069856987212,1.7591115378502948,1026.8242688611451,0.8842518142555501,51.599999999997074,2063.2753381860607,58.19999999999857,58.10000000000247,174.48062847970476,274.86971713762205,2324.3228050976913,143.21339334973953,154.6704648177187,526969938,59.3276293643705,14.460713324737888,14.3185087016975,15.991623088513027,4.561472647424318,8.809194192680852,29.999999999999993,4.999999999999998,123.7083333333323,-6.30999999999991,-2.5744466334935976,0.0,-0.01635078622467381,0.0,-12.797231012464131,-0.680161455291029,0.0,0.0,5300064
teacher,268.50074842538754,8.34636905344466,29.16706875730531,1.0733730620589323,5.82663918515333,179.2944771305766,5.169882251918073,0.015442520065506836,271.216796891953,1.0,True,SUCCESS,748,74.80000000001178,3,919219.3655065445,1332.8660114720683,3277.6531770387005,4980.595187282431,wet,0.8426242064858289,-1.8928234762373455,16.020194631340367,2.159657999913709,1.8173155580636458,5.49951276924881,1001.8604223908774,0.8574205664684843,63.600000000002865,3193.3077344381422,69.90000000000788,69.80000000001178,171.8182861342573,271.216796891953,2324.0432894861797,146.09030703517004,157.77753159798365,1625807044,84.8043771204483,19.127929219729452,16.91962291115238,19.675131901846598,5.235585703038068,8.765698856696742,30.0,4.999999999999998,118.83333333332843,-7.479999999999885,-5.789675947719049,0.0,-0.11882540664843078,0.0,-25.877461919580487,-0.5949673469048026,0.0,0.0,5300065
teacher,246.83121132369877,4.972041861429361,8.603189261203648,0.2281172966832835,5.0169098032527275,-0.14464878493584554,2.6956418288185313,0.023654979142595716,298.83572765707504,1.0,True,SUCCESS,465,46.499999999997364,3,691835.8119017663,1310.0733309767204,4056.439450413602,2660.240628750287,wet,0.6632627872591217,14.16157079511936,-0.6172849257729673,0.10887029213834776,1.3421660854803106,15.449383185234268,1011.0083037582689,0.9200403479951502,35.899999999997966,1283.403420227616,41.59999999999764,41.499999999997364,166.82984636263237,298.83572765707504,2966.6633695677447,128.28485503930713,138.54764344245172,1228647739,42.44987994328775,11.073273943181402,10.992351693082071,10.940452169168356,3.630221761172366,8.688951730711233,30.000000000000004,4.999999999999998,130.6250000000011,-4.649999999999945,-1.2772620140433073,0.0,0.0,0.0,0.0,-0.6416579028623258,0.0,0.0,5300066
teacher,253.2209815550919,3.3347786086465994,6.525005182688654,0.36527771054250474,4.788548674190829,176.34253056445854,2.1381213046367025,0.0212715457342507,295.5034084892909,1.0,True,SUCCESS,483,48.29999999999726,3,715520.7300072592,1306.1179208337192,4446.263431469771,3945.1110380868304,wet,0.8657726383768194,-3.079024367833406,4.285667229876786,1.434259173730985,0.00788238904152494,-14.059313998857093,1003.8513042997474,0.8755806942961732,37.499999999997875,1490.6119970211205,43.39999999999754,43.29999999999726,169.23861664261898,295.5034084892909,2817.3027104921803,124.40113496285952,134.3532257598883,782917818,47.93376741266048,11.90176534911521,11.598049698144628,10.873046904657466,3.7465622134446446,8.744382711644386,30.00000000000001,4.999999999999998,129.87500000000114,-4.8299999999999415,-0.5968134957862002,0.0,0.0,0.0,-0.4102968908752602,-0.6144823479146747,0.0,0.0,5300067
teacher,210.72438723545707,9.677187788976195,30.278314165122442,1.3223997282717155,6.6358827672529275,0.16329353736446267,4.879080711415406,0.03582023591150166,317.78165860361514,1.0,True,SUCCESS,403,40.299999999997716,3,644306.1954230426,1312.16083739898,3942.914674147587,4761.747623468889,wet,0.7480882132365362,21.27768322547886,-16.736775772763753,3.295628968994267,0.5408715275885694,-8.484489471285329,1032.60551766922,0.8552623248009295,29.999999999998302,913.643449876511,35.399999999997995,35.299999999997716,164.30205613410084,317.78165860361514,3332.282894554113,117.57071939705679,126.97637694882134,414971742,32.418651550903654,7.182952587577239,7.654201934148226,7.700901535780559,4.1707969355388785,8.623545338571843,30.0,4.999999999999998,133.20833333333428,-4.0299999999999585,-4.193347699083705,0.0,-0.042440867466293414,0.0,-16.17476926650033,-0.7944381473473323,0.0,0.0,5300068
teacher,247.87141078645675,8.023734408391883,26.031726935674204,1.1497365023422916,5.180799989381212,1.4013913277136325,4.7129990453018245,0.019587836905343062,259.10743948950085,1.0,True,SUCCESS,613,61.300000000001035,3,916598.4313580912,1329.1796732050057,4273.700213901309,2525.9579162374553,wet,0.8596778325224752,4.857813894186247,13.750809164856898,1.6686093908212625,1.2833254233780627,-1.568049035332706,1022.9580354957434,0.9202957436565045,49.799999999997176,2116.244254497505,56.399999999997135,56.300000000001035,177.36455077664124,259.10743948950085,2322.02686572946,142.62177935051923,154.0315216985608,297182865,62.12672411279548,13.39920552299387,13.646356517193357,15.583968706653994,4.855301971203184,8.872012412822995,30.000000000000004,4.999999999999998,124.4583333333329,-6.129999999999914,-4.38501471044227,0.0,-0.04854660757423739,0.0,-18.857228111207753,-0.6497023613149664,0.0,0.0,5300069
teacher,226.5704633139518,5.05557823792993,14.645132384211138,0.5670846855169556,6.4324805849213975,0.6707139612714168,3.397392110462303,0.02704821823518344,310.44250437772826,1.0,True,SUCCESS,425,42.49999999999759,3,706360.9440604685,1321.011389564556,4206.979955322098,4192.35945194458,wet,0.8235163896317663,22.78629371351944,8.759380307903275,2.8341434935594445,1.1943594603257093,-7.395298855677286,1027.2099476445708,0.8712929720910615,32.49999999999816,1036.4008562319732,37.59999999999787,37.49999999999759,163.08900897181277,310.44250437772826,3085.2583958426694,123.66535161651521,133.55857974583643,1064405427,34.39055489700325,8.689235267950004,9.36983297869649,9.058414126657985,4.245867219959552,8.671275733264183,30.0,4.999999999999998,132.29166666666768,-4.249999999999954,-1.2069467012142274,0.0,-0.004502494765320827,0.0,-9.021361742389269,-0.6635726378785397,0.0,0.0,5300070
teacher,253.9214057029178,3.0015795323467573,10.03987854033775,0.4408140296152905,5.6461987409453975,54.04237217466499,1.9399294707198849,0.02324378126921938,305.38020866562465,1.0,True,SUCCESS,486,48.599999999997245,3,698384.7741660742,1313.2565721505086,4066.0808261731213,2164.201850149038,wet,0.6163534671150266,3.5241325574278513,-6.906729265884646,1.704541672727653,1.765605350721418,20.397736344728735,1015.145349545372,0.9339168470706203,38.29999999999783,1499.458735526424,43.69999999999752,43.599999999997245,167.30956994198854,305.38020866562465,3144.3337299354534,129.671709415441,140.04544616867628,653657881,46.70677872794962,13.03768421685607,11.561677526702688,12.093566604983478,3.6924672818331787,8.729920923365379,30.000000000000004,4.999999999999998,129.75000000000114,-4.859999999999941,-0.4865119032061609,0.0,0.0,0.0,-0.635255073616613,-0.6689226019510207,0.0,0.0,5300071
teacher,210.5677328239151,9.902426960811974,29.305171021964895,1.0203102309186012,11.888417493378483,1.935726778372094,5.4142488228893635,0.036206822984445906,400.1343191596813,1.0,True,SUCCESS,325,32.49999999999816,3,589501.2819218945,1343.1501873231266,4453.997051920616,310.73214889062893,wet,0.6249606462765792,7.3291426213066515,15.406683780583627,0.36811179693941076,0.2827964377494516,-11.923427842800361,1009.0046453581303,0.9780689244813304,23.699999999998653,695.869402801347,27.59999999999844,27.49999999999816,156.22391007573913,400.1343191596813,4448.147802233106,113.06529190372463,122.11051525602261,1911952839,25.619082261332878,4.04474594562677,6.115312318750583,6.650403968920852,8.153435020510281,8.118544453467306,30.0,4.999999999999998,136.4583333333341,-3.2499999999999747,-3.540985489680019,0.0,-0.06264499233726328,0.0,-12.107844838910706,-0.6306491570996565,0.0,0.0,5300072
teacher,223.8299465805269,7.000653713659061,23.156567593119263,0.923655935748862,9.283606382965559,178.0421165492622,4.359456735314239,0.029474717276846484,372.47133186096085,1.0,True,SUCCESS,394,39.39999999999777,3,652994.5438537144,1324.0177846494394,3707.9683727304373,996.4814411486623,dry,0.9182528375347478,-3.352286482606306,-14.173998477842453,1.939968921500928,1.528765311204917,-4.248801466127956,1018.2199194496109,0.95958990427273,30.19999999999829,1061.960971188399,34.499999999998046,34.39999999999777,166.67708057471268,372.47133186096085,4171.500865638004,120.09319026968916,129.7006454912643,549055874,35.91578474228019,8.415358509928286,8.295196489883214,8.963767949976052,5.049268672450655,8.360876691436477,30.000000000000004,4.999999999999998,133.58333333333428,-3.93999999999996,-2.1455117836573288,0.0,-0.01219325713362909,0.0,-13.041688965650838,-0.6142458023205383,0.0,0.0,5300073
teacher,248.57961014838764,7.261216696483368,24.424313364348137,0.983120970635727,7.200858120376471,2.182333457261504,4.877210290471879,0.020119156988892616,277.74181956161465,1.0,True,SUCCESS,617,61.70000000000135,3,895149.5052059824,1341.8256296586621,4375.226177002221,4162.384655511531,wet,0.7708129632668436,13.345448975683667,12.841881627895148,1.4012556980587418,1.959801314578158,-6.217109182191862,1001.7336047735587,0.8735214416265684,50.39999999999714,2042.0778830214308,56.79999999999745,56.70000000000135,170.3330502623291,277.74181956161465,2497.826704154414,141.26849739962978,152.56997719160017,933840002,59.1275360591902,14.77543817209313,13.62418494376205,15.941468444388546,6.195182224905325,8.782723192937922,30.0,4.999999999999998,124.2916666666661,-6.169999999999913,-3.614610033611023,0.0,-0.061797153305723274,0.0,-18.615241634557552,-0.6969407340814607,0.0,0.0,5300074
teacher,222.20554604803993,9.305752294601058,35.699263819323654,1.2917653894986987,6.210420969992089,0.907073409471888,5.295664876617287,0.03504259989002296,318.8480300008446,1.0,True,SUCCESS,458,45.799999999997404,3,705587.1512287873,1309.452504199189,3403.240122252604,1467.9763342370677,wet,0.8572335450657049,8.448775980845637,14.229649086612833,3.275420563769801,1.2168779579689806,16.358467726904394,1016.4132823549331,0.9511217704536076,35.49999999999799,1331.1600410865792,40.89999999999768,40.799999999997404,172.02567840106695,318.8480300008446,3292.32696016824,129.40189613918096,139.75404783031544,571391640,42.969456273582175,10.53194494227522,9.507024746142525,10.7330243976569,3.637986859338163,8.708536861949092,29.999999999999996,4.999999999999998,130.91666666666774,-4.579999999999947,-4.406826422440065,0.0,-0.09104267774927818,0.0,-19.86410445958249,-0.8571211398001082,0.0,0.0,5300075
teacher,221.78674304629067,11.033637580377336,33.13258752788578,1.272800336198829,9.759463743914656,3.266359152249265,5.751353461045603,0.028395875682238673,326.21646559267674,1.0,True,SUCCESS,471,47.09999999999733,3,739072.1044043968,1350.9174102101454,3310.3438203690316,2458.475809444961,wet,0.8020468454104479,7.689800906795789,16.953609751147702,1.8597249723698903,1.443759613382155,15.263886770831583,1022.3494756288898,0.9245612618318768,37.29999999999789,1315.372425150746,42.19999999999761,42.09999999999733,151.51348477121886,326.21646559267674,3005.420091211623,131.81420969043748,142.35934646567247,1398521671,41.135397527549415,6.846999059650919,9.091285506436906,12.086064794467813,8.31069272251859,8.428361302866358,30.000000000000004,4.999999999999998,130.3750000000011,-4.709999999999944,-6.371120615351019,0.0,-0.15308141587455854,0.0,-17.589412670924677,-0.6634431650502585,0.0,0.0,5300076
teacher,231.9228988784787,4.204078790971904,6.362505402138476,1.2739117821704447,7.842630944329667,173.75575525055967,4.203273325608277,0.043388161896536416,369.12752147123877,1.0,True,SUCCESS,399,39.89999999999774,3,590852.8299328365,1305.1755655832276,4454.344687419696,327.23478240138047,wet,0.7800793265068612,1.5966670825492493,0.8074268448911637,3.9997048724097337,1.8344678740533424,21.19340586812821,987.8180710174726,0.9808082532276172,29.999999999998302,1037.6107965959097,34.99999999999802,34.89999999999774,166.26731618129264,369.12752147123877,4129.36889369796,121.06605617815718,130.75134067240975,424079761,36.55400565605682,6.782994880322267,8.814461578391738,9.056087065208796,3.560092729713627,8.52153339878349,30.000000000000004,4.999999999999998,133.37500000000094,-3.989999999999959,-0.783559679311024,0.0,-0.04449695111348488,0.0,-4.0045790893092414,-0.9186407102652422,0.0,0.0,5300077
teacher,233.7280946523797,6.020330223096661,18.45817567379643,0.59230486142754,7.997054869798238,179.34346164926694,3.740976397423094,0.026247717010614322,357.5223616652447,1.0,True,SUCCESS,398,39.799999999997745,3,574033.3670907853,1322.48593416189,3223.8532519731793,4316.8799547295985,wet,0.7024585730131663,-4.715390668462804,-10.676801175202908,0.8967824939800373,1.6539840346136918,6.624016875525662,1027.656742219678,0.8726465245029446,30.099999999998296,1057.2210750792797,34.89999999999802,34.799999999997745,154.992614832572,357.5223616652447,3782.1841880986212,114.20626216483934,123.3427631380265,1699468616,36.42224289524196,7.614168770566482,8.64614893251941,8.882032003750222,4.84500622787861,8.476262506757548,29.999999999999996,4.999999999999998,133.4166666666676,-3.979999999999959,-1.6028068495624634,0.0,-0.0019868352165912278,0.0,-3.398685476365741,-0.5909541898573019,0.0,0.0,5300078
teacher,225.39713899937036,9.813849736019648,35.13142352662131,1.6914593596081704,7.951128057021005,2.6939694566812245,5.473861612256155,0.023450596953227203,307.35747206278074,1.0,True,SUCCESS,516,51.599999999997074,3,805372.9223395751,1341.1480397637677,3767.1147101716238,3036.4839162768008,dry,0.9138327423800876,12.074006610966734,16.022754342422502,2.9682492437561243,1.108839427711267,8.42589593639562,1028.6654950755974,0.9080268219684621,41.49999999999765,1545.957501870116,46.69999999999735,46.599999999997074,163.4847017540935,307.35747206278074,2844.7036691865464,135.62199811227396,146.4717579612559,1193922510,46.19965998314725,11.091578857397698,10.65558266361263,13.400227705890835,6.311209923961558,8.564794437880593,30.0,4.999999999999998,128.50000000000122,-5.159999999999934,-5.521867740760578,0.0,-0.09697965363856269,0.0,-22.935143893742968,-0.6119232843794553,0.0,0.0,5300079
teacher,226.96280048801393,9.27154180308167,25.917066782227643,1.0264938979596105,6.4426887272625875,-0.5319873241215799,4.9508725397407,0.030690566893248162,322.95627766053803,1.0,True,SUCCESS,424,42.3999999999976,3,624261.2210197336,1306.0690780488185,4063.397644614538,3965.89586500277,wet,0.625869635887365,9.415694804578086,-12.138719648291708,0.39285466114012557,1.625745009932404,2.8543180374950303,1006.9989664886841,0.8811940311994076,31.999999999998188,1084.0496488590516,37.499999999997875,37.3999999999976,163.78541154527534,322.95627766053803,3427.6973477930574,119.54162912851294,129.10495945879399,1303798356,38.1153342550348,6.165337422496805,8.529845662164657,9.288889340262651,3.612113666113059,8.649749729410635,30.0,4.999999999999998,132.33333333333434,-4.239999999999954,-4.04974118447415,0.0,-0.04240496793072102,0.0,-5.682925898180416,-0.7167308702178347,0.0,0.0,5300080
teacher,249.80272623116355,3.1708854044104156,6.724909379225426,0.8425037672366835,8.353106604782955,1.8278016848924454,4.019567094089303,0.026695419609367256,348.59881834882344,1.0,True,SUCCESS,472,47.199999999997324,3,717330.7470220715,1337.9056371800636,3802.421583632918,2399.0283506498104,wet,0.6788253090897618,9.563670683379408,-3.6859085465814467,2.3721830390033602,1.3221974003829857,13.493191789902433,1007.5822228326118,0.9251003238686482,37.79999999999786,1425.9914248978569,42.2999999999976,42.199999999997324,162.23433460358424,348.59881834882344,3549.6006812048154,130.42685612871085,140.86100461900773,1831979348,42.70820582033547,11.30038564131988,11.146333137011718,11.711045289233692,5.939761121148191,8.351282713642215,30.0,4.999999999999998,130.33333333333445,-4.719999999999944,-0.5273034138900241,0.0,-0.03369341292068134,0.0,-0.7344833386408695,-0.6721406594105694,0.0,0.0,5300081
teacher,228.0993264823405,8.325577409631098,22.722801933062275,1.2757041838182348,8.162621728591626,2.603962097205802,4.993337390281141,0.03039640209284085,338.8775214439795,1.0,True,SUCCESS,429,42.89999999999757,3,691199.4307186808,1336.545348192879,3775.3908694727047,1981.9385615079566,wet,0.7662554917560895,11.332961790121661,14.271942411982154,3.9271751420397853,1.0783235230896506,12.05920542857271,1017.9363785330006,0.9360926478430323,32.69999999999815,1099.449180783577,37.99999999999785,37.89999999999757,159.19886328105093,338.8775214439795,3545.356269430625,127.0732559949908,137.23911647459008,1188744658,37.144826725801046,8.57231228716752,8.30346437777024,10.00701826783232,5.03918259996209,8.405006045193266,30.0,4.999999999999998,132.12500000000102,-4.289999999999953,-3.304026402045878,0.0,-0.18155630948661142,0.0,-8.016295628577096,-0.7056054812775386,0.0,0.0,5300082
teacher,242.49013906611947,6.131516716794381,21.3008560954351,0.7260932655882455,10.082721789500658,176.14983851817215,4.29943976672948,0.02882546441524388,353.27548029276136,1.0,True,SUCCESS,468,46.79999999999735,3,758574.2059546629,1350.8639187961228,3541.022651173386,1270.6062842700705,wet,0.7323817524271568,1.2025521468818559,-8.277311568537389,3.0387773529908264,0.10475450766858674,7.101602667214607,1018.5191255817105,0.9541111465072823,37.59999999999787,1420.6899675787618,41.899999999997625,41.79999999999735,160.59770842959685,353.27548029276136,3527.867366231518,131.9809835119574,142.539462192914,995268014,42.99969369298825,9.184832885425754,10.325236549223112,11.85286543686969,8.032037509006052,8.237506451202384,30.0,4.999999999999998,130.5000000000011,-4.679999999999945,-1.9549658569131059,0.0,-0.05987391858233984,0.0,-6.225272431154728,-0.7219212519467955,0.0,0.0,5300083
teacher,241.51579392539105,11.089593211410971,37.68494383864682,1.8259842922760303,4.629089585485242,1.1411304469236165,5.193653208249438,0.023857979981855612,231.06939139146698,1.0,True,SUCCESS,592,59.19999999999936,3,923364.2767756917,1325.421677334353,4150.373102593204,2264.4528043161376,dry,0.9657154009265522,13.616657916361504,16.231160295155973,3.9458816631761353,0.3165702912495598,3.455362368694921,1030.6249255012867,0.9295202917620818,47.99999999999728,1868.036680642865,54.29999999999692,54.19999999999936,172.58526062608288,231.06939139146698,1725.7734594129977,143.8582436222166,155.36690311199393,263108381,55.34721068667011,13.281967420378086,12.393545176259693,15.20929728713586,4.264852866887749,8.794768351113786,30.000000000000007,4.999999999999998,125.3333333333336,-5.919999999999918,-8.089290437331867,0.0,-0.1252059689262869,0.0,-13.214061076058952,-0.7606237140709654,0.0,0.0,5300084
teacher,241.32101051549895,7.285960480055861,25.049798615989044,1.4446654198051223,5.061099200894362,171.85372142858745,5.06924795662135,0.020812014402047503,284.203861773206,1.0,True,SUCCESS,521,52.099999999997046,3,697542.0814659543,1315.0163552734098,3439.6355295617836,4615.939412223036,dry,0.956077586512063,-1.6256522975060452,14.947915285644566,3.8982884670782716,0.21584165815763745,9.945697560134583,997.6619397815463,0.8682833143247566,40.79999999999769,1647.034166340695,47.199999999997324,47.099999999997046,165.23405554364828,284.203861773206,2732.1887007434993,128.49083321877336,138.77009987627522,991511341,51.950603192596056,12.999767986090227,11.556996395006957,12.846471053292921,3.7862617020067226,8.887158918066627,29.999999999999996,4.999999999999998,128.2916666666679,-5.209999999999933,-3.0730444089915085,0.0,-0.03445655912633127,0.0,-15.10742736187017,-0.5729870682405201,0.0,0.0,5300085
teacher,216.11935054427818,10.62225056382092,33.597779282419026,1.4172674793840896,8.363056157870252,12.622579454149975,5.472058533296795,0.03099589998014413,371.2960179245515,1.0,True,SUCCESS,387,38.69999999999781,3,602033.887978133,1318.3787550476534,3577.86597823836,1029.9231061689002,dry,0.9082337048052374,7.4697881477539205,14.357059621105194,1.8708693827856444,1.4408514598790394,16.096306433137933,997.5253357279648,0.9613819587905963,28.899999999998364,954.5197414181509,33.799999999998086,33.69999999999781,156.69013577760413,371.2960179245515,3903.286337922291,120.60406497740072,130.25239017559278,880451492,34.18517567196964,6.879141106175904,7.703184021103919,9.007530833797349,4.164434901260916,8.379811697118935,30.0,4.999999999999998,133.8750000000009,-3.8699999999999615,-4.851784902745536,0.0,-0.07461148316656709,0.0,-13.64412191844108,-0.6344093827962222,0.0,0.0,5300086
teacher,229.55332229453845,8.563828004472853,27.215627437020075,0.7668930516360318,3.9938244690307068,-0.2793960083696515,5.509815958927842,0.024499860637447374,274.72767832036425,1.0,True,SUCCESS,553,55.299999999996864,3,896602.315256666,1308.1583473914109,3739.753443037803,2052.110023004261,wet,0.7679458476938655,19.887799091981382,14.331295658639522,3.0590575568075113,0.25539201553439916,-3.068664022460643,1029.4759652239322,0.9326708723306134,43.999999999997506,1691.3825556115933,50.39999999999714,50.299999999996864,179.85701733540597,274.72767832036425,2416.60628084003,140.24164651974655,151.46097824132627,1834187088,51.52056916125509,9.89338596113916,12.009655936799813,12.906415848845196,3.8541111292304406,8.752083020667605,29.999999999999993,4.999999999999998,126.95833333333464,-5.5299999999999265,-4.506283333319666,0.0,-0.08769061924218369,0.0,-20.460009523525898,-0.7572486206458143,0.0,0.0,5300087
teacher,236.9961137630579,6.6033660416162565,18.335894248470204,0.4978968658083763,6.933173490695203,172.0738217899165,4.002526193185995,0.0245922190532404,326.68415324090324,1.0,True,SUCCESS,483,48.29999999999726,3,804573.0159563042,1326.3634608408022,3339.4579210402426,1465.5681977890222,wet,0.6800896746975342,3.4088260771795778,11.29593714308471,2.831042917808349,0.39738833006330454,-14.275674271557438,1020.353369545465,0.9456364678532914,38.399999999997824,1503.0972572627181,43.39999999999754,43.29999999999726,173.80168557650606,326.68415324090324,3203.0014499862527,130.79281223837464,141.2562372174446,1642466525,45.74665334345889,10.052748456654209,10.393441650587883,11.427051320469978,4.9932489987103645,8.570649879498452,30.000000000000004,4.999999999999998,129.87500000000114,-4.8299999999999415,-2.3401051119369636,0.0,-0.04233610759007549,0.0,-11.14043035503518,-0.7098083117608743,0.0,0.0,5300088
teacher,243.14369995116937,7.161784680813968,23.53066812109906,0.7695136444064502,8.457867175729383,6.4204657524766615,4.890323082919128,0.020828828834805718,286.0671804829308,1.0,True,SUCCESS,556,55.59999999999685,3,882826.830301934,1349.0585682398598,3981.2457590661797,2089.6284869924366,wet,0.8891914055864247,5.148136430570929,-12.793307939411289,0.05990729828365504,1.8250880918080155,-6.719192648820256,1008.6965781845364,0.9304241269942529,45.19999999999744,1838.902031252568,50.699999999997125,50.59999999999685,167.51026009642126,286.0671804829308,2640.4686118873124,139.68317353456504,150.85782741733027,1095592446,53.229400732813396,11.994423146032444,12.583922870570438,14.403747308495912,7.917985650679862,8.718896424901407,30.000000000000007,4.999999999999998,126.83333333333465,-5.559999999999926,-3.1686538729748834,0.0,-0.030486893158557443,0.0,-18.137581231115586,-0.6412875184098679,0.0,0.0,5300089
teacher,270.85113668166167,5.497694002257375,20.34271673217629,0.9087823801737643,8.12709639041916,179.66585534729722,4.098262962937761,0.017633414985068725,308.2254632463255,1.0,True,SUCCESS,614,61.400000000001114,3,872116.7138152664,1346.7476148695891,3650.8033258074506,2253.51051223978,wet,0.7886695014508709,-2.9978156364620845,10.265199960649085,2.4720741417904457,1.3450561466339548,6.635352428897011,1003.8547573757685,0.9284551273589644,51.599999999997074,2364.61374022415,56.499999999997215,56.400000000001114,168.44870587900616,308.2254632463255,2966.0552985775025,142.4313534984756,153.82586177835367,1916798165,64.30881565636821,16.154062672004986,14.311541847612531,17.471430011805495,6.860883395844021,8.50848139192819,30.000000000000004,4.999999999999998,124.4166666666662,-6.1399999999999135,-2.0619920618076026,0.0,-0.009909817393225549,0.0,-7.3893966855407704,-0.579446395826582,0.0,0.0,5300090
teacher,267.80087731535417,2.564575247450535,5.3065513710333505,0.2762046922917595,6.623067775368637,176.37763857132154,3.9265108284674244,0.021446761722421295,294.00382521997494,1.0,True,SUCCESS,554,55.39999999999686,3,868048.5278983361,1331.7852037123475,4238.284696842781,1473.9404730441609,wet,0.7257216172369683,-2.4325189619774976,-1.6458377211728537,2.2525165638421596,0.9132882230383095,-13.754150236744707,991.3846597736117,0.946463582479185,45.399999999997426,1942.4804668401155,50.49999999999714,50.39999999999686,172.6987154653905,294.00382521997494,2752.876244935935,137.95595805331757,148.99243469758298,1103763638,55.77230597380146,15.649128518499136,13.496622150860162,14.120912989761424,5.229165973971122,8.621928698021128,30.0,4.999999999999998,126.91666666666798,-5.539999999999926,-0.40485373274545794,0.0,-0.028177335076191086,0.0,-0.39421937354212655,-0.6386032148646449,0.0,0.0,5300091
teacher,275.9326744836801,2.815107297364732,5.336989807587013,0.7895616821500758,3.888690748760437,1.5780388019880223,1.0137310001526239,0.022540729694963933,257.2298507021517,1.0,True,SUCCESS,593,59.29999999999944,3,853441.8103507169,1311.2136275030944,3698.4348335752943,386.5406333038973,wet,0.6809734868346662,0.20145497684609825,-2.060156174136114,2.2632018506076292,1.7573039754828312,20.50762793818935,1010.4944577062284,0.9822287268541494,48.19999999999727,2129.949704493784,54.399999999996915,54.29999999999944,181.06992218750665,257.2298507021517,2442.100103144855,143.70083246320831,155.196899060265,1623665203,62.741589250116625,17.616071901001344,14.83704508380448,15.766748528315711,3.619821525875386,8.811568145051833,29.999999999999996,4.999999999999998,125.2916666666669,-5.929999999999918,-0.5221581837484406,0.0,0.0,0.0,-0.6463701312443972,-0.6533083021595377,0.0,0.0,5300092
teacher,223.0033360098008,8.058373057347609,24.689421424888636,0.8940892652625445,6.86782243985845,1.202576689420876,4.981285260647309,0.021671142307166644,307.8834487174579,1.0,True,SUCCESS,456,45.599999999997415,3,801307.5535249253,1328.8052339898331,3964.7483768475104,1020.4888201289918,wet,0.659620870119875,21.044016909533873,13.74764763709188,0.5989087932090347,0.446462238802918,-11.971477436785838,996.6541443202941,0.9597232967863168,35.49999999999799,1208.5932982320603,40.699999999997694,40.599999999997415,171.51117155306252,307.8834487174579,2991.7956917079537,132.62430407158953,143.23424839731672,854197723,38.3744552676985,8.92663112278863,9.619401138529108,10.351836856549035,4.970369509157009,8.610169498481474,30.0,4.999999999999998,131.00000000000108,-4.559999999999947,-3.290160400790218,0.0,-0.031743004809385814,0.0,-15.402440594014251,-0.5651833837902852,0.0,0.0,5300093
teacher,252.159081802879,1.3270020683160735,2.8380510528917595,0.19284884056748972,6.73750615665014,1.4628467454411438,4.101302553162739,0.022205746284061908,295.7361535382456,1.0,True,SUCCESS,485,48.49999999999725,3,805346.0793619624,1328.6615443298529,4136.228139082066,1862.8065713668707,wet,0.6051905751683714,21.325175419162182,-1.642439404875462,1.562722160542609,1.6597022114647684,-0.4446213319301293,1007.1116626471188,0.9379249058660368,38.09999999999784,1329.361636602834,43.59999999999753,43.49999999999725,170.10411903734683,295.7361535382456,2765.6226442235948,134.997970487782,145.79780812680457,1477676089,41.25934203500534,15.270851221233347,11.43260710944414,11.496463703477678,4.895393244297106,8.629624533218433,30.000000000000004,4.999999999999998,129.79166666666782,-4.849999999999941,-0.09489480303531572,0.0,-0.04397262081203229,0.0,-0.008661423095056001,-0.6193378635225093,0.0,0.0,5300094
teacher,223.99886270860998,8.92035353850086,30.152953144253836,0.8891137364808929,7.963179372359074,1.6898805378896122,5.482936234925867,0.02226192262706383,314.9520951006407,1.0,True,SUCCESS,482,48.19999999999727,3,738373.4108007266,1338.244202096551,3564.065883653791,3405.8129277333705,wet,0.6097612211448202,10.771033257061527,16.535643785236903,0.1737511097256519,1.778479044440381,10.778116876506445,1030.077090547271,0.8988870744006295,38.399999999997824,1414.433782884506,43.299999999997546,43.19999999999727,160.13024178872146,314.9520951006407,3062.0306649241916,130.2828740963949,140.7055040241065,88636045,42.957437009638596,10.446285714030447,9.725941151197501,11.861744828217882,6.3345313585927085,8.522896607222098,30.0,4.999999999999998,129.9166666666678,-4.819999999999942,-4.261560543932133,0.0,-0.08520415169472914,0.0,-21.002188441111294,-0.5976874902189278,0.0,0.0,5300095
teacher,249.41932166573423,4.405102293087706,13.407796768533139,0.5629851224945276,10.318851527655733,177.4149574654852,2.6110641875177936,0.02142021755795352,351.82056137898417,1.0,True,SUCCESS,455,45.49999999999742,3,666268.3211150744,1349.824147825802,4420.839190615207,4637.161165866901,wet,0.8882458128596094,-4.436110062939291,7.422838487514891,0.019715899040169127,0.7339545025739989,-3.767924420452209,1006.3969922237568,0.859914918825501,35.899999999997966,1361.8552277596048,40.5999999999977,40.49999999999742,151.73440061098165,351.82056137898417,3553.3036650581125,122.12141118013002,131.89112407454044,1411712280,42.23725544032482,10.641682705446485,10.562074044318669,11.123491915486747,8.88242510228434,8.419254672102566,29.999999999999996,4.999999999999998,131.04166666666774,-4.549999999999947,-0.981026825190866,0.0,0.0,0.0,-2.3940718211569036,-0.5634302345495085,0.0,0.0,5300096
teacher,287.45492874966067,2.7743874598831697,10.028170973618298,0.6916629294735791,3.945557825880096,178.87230326498374,3.1854225084516337,0.01820951077314754,243.34504562622215,1.0,True,SUCCESS,670,67.00000000000557,3,896249.3444818082,1316.3092225200112,3432.561158179982,1752.7854026895122,wet,0.6003992121750849,-1.347875815059898,2.6233908274488305,2.938086476628295,1.0092968972348386,15.98438886769058,1015.0834936629428,0.9455347135063773,54.99999999999688,2509.7751188947036,62.10000000000167,62.00000000000557,177.91010369569474,243.34504562622215,2078.131496614499,145.8468636853118,157.51461278013676,1309365013,72.36122548844101,18.963003553547296,16.709517708028326,17.31956043449565,4.183763505283849,8.808544707068393,30.0,4.999999999999998,122.08333333333101,-6.699999999999902,-0.573015696773686,0.0,-0.000965457895713799,0.0,-0.07051942619021419,-0.6295193996754985,0.0,0.0,5300097
teacher,215.10187920722922,11.078223127359841,35.27322312410385,1.358720474896645,7.268440257013735,5.366518351447005,5.386925534667983,0.028938846161187293,329.2739196520889,1.0,True,SUCCESS,425,42.49999999999759,3,717593.4154571353,1320.1730238666576,3779.683761662025,195.78857939584472,wet,0.6024557535204369,7.314420563328895,17.61769645428986,0.19552249121552157,1.0866885146749796,-1.066347726215504,996.9358448844047,0.9843063651612027,32.49999999999816,1150.9766941631224,37.59999999999787,37.49999999999759,166.33809698237235,329.2739196520889,3208.0421696700746,127.94126351064563,138.17656459149728,1279918307,37.92422808996591,7.328344084649212,8.202372303622647,9.714755342534788,4.26998562974771,8.503221642698922,29.999999999999996,4.999999999999998,132.29166666666768,-4.249999999999954,-5.795442972813049,0.0,-0.11876935171334982,0.0,-17.347588568419233,-0.6208936597120247,0.0,0.0,5300098
teacher,230.12119285443737,3.7355110155954434,5.682551467245931,0.3528160577999187,8.91783853313415,1.018419089223755,2.361583015658182,0.03296281070915562,364.46613839857457,1.0,True,SUCCESS,357,35.69999999999798,3,580152.2930390162,1314.807890357716,4182.866893624856,803.5226858111172,wet,0.7277596513846023,14.294326581817483,-1.7962210485304686,0.0016450523684938823,1.056365745578149,10.942759513216576,986.5479900926929,0.9671162199788866,26.299999999998512,799.6270501675451,30.799999999998256,30.699999999997978,159.76844012340413,364.46613839857457,4033.4080267773747,118.03631305069538,127.47921809475102,1807890166,29.12330860618657,7.758995541623762,8.127997589301287,7.7352293934988925,3.7435047199640357,8.280527786590271,30.000000000000004,4.999999999999998,135.12500000000085,-3.569999999999968,-0.5535103543895167,0.0,0.0,0.0,0.0,-0.6498604283388099,0.0,0.0,5300099
teacher,251.33053678419367,4.317810694267796,7.444575842698799,0.6393213206041491,6.701564077126095,179.8336364323024,4.207721271262449,0.02907918811163858,276.59743185326533,1.0,True,SUCCESS,496,49.59999999999719,4,737715.7681355814,1330.9507565607262,3071.5933137961033,5170.01429660498,wet,0.893647669277829,-0.2365664825866709,-1.681245636691735,5.7210330627061,1.6392874907740125,-17.180858824558086,1033.7732829628355,0.8408773612898007,39.099999999997785,1503.7036685261658,44.699999999997466,44.59999999999719,158.57118156105432,276.59743185326533,2418.7441481722867,123.76350090407381,133.66458097639972,119204005,46.99837314899005,10.842229279972043,11.671476231446947,12.017340813967584,5.631044629144957,8.89103957704627,29.999999999999993,4.999999999999998,129.3333333333345,-4.959999999999939,-1.0274634043333932,0.0,-0.04983294400260555,0.0,-2.276613756867748,-0.7403901245050114,0.0,0.0,5400000
teacher,230.27107904994887,7.111232420279551,17.669770865956767,0.8773155578266508,3.9075298046918445,8.504446428319955,6.60298735872222,0.039999892501715116,281.15705517713786,1.0,True,SUCCESS,483,48.29999999999726,4,779458.129492912,1298.7695539258218,2983.014028061944,1370.3689085908702,wet,0.7538255596182508,26.229833299764856,-8.264721847873753,5.05959594901765,2.2148269370791187,-2.0825813947054037,1012.0674632583855,0.9518866269007099,37.39999999999788,1269.4888580622494,43.39999999999754,43.29999999999726,176.96741440386026,281.15705517713786,2693.7530734619654,132.10724923121515,142.67582916971236,1930465796,41.62185142994426,6.711650739870167,10.06974753134526,10.612216748952898,3.558904113170417,8.852624005809952,29.99999999999999,4.999999999999998,129.87500000000114,-4.8299999999999415,-2.713903290724276,0.0,-0.5217406072185344,0.0,-6.961575153193348,-1.003696468009183,0.0,0.0,5400001
teacher,207.62640930687024,15.852216402256571,53.93971543832659,2.0631978340224704,7.292066499393236,179.6581198992026,6.865461140184674,0.030659222807987493,301.7302437543449,1.0,True,SUCCESS,626,62.60000000000207,4,873641.0723754955,1340.6547640403408,3634.453214777101,5548.385983907187,dry,0.936915397114627,-2.05752607217327,26.643182067423094,4.707072411259427,1.416329184196826,-7.655129693189206,1030.6150555184006,0.8353487067701552,51.399999999997085,2313.5158504079186,57.69999999999817,57.60000000000207,173.30476375540354,301.7302437543449,2892.119589726674,137.24025907951847,148.21947980587996,1312716161,65.93528170933799,10.109854525489933,12.140932553818716,16.51446276047373,5.69824759745423,8.621855663852505,29.999999999999996,4.999999999999998,123.9166666666658,-6.259999999999911,-17.478807867205184,0.0,-0.8565980794948005,0.0,-44.79975767788871,-0.9157285456340873,0.0,0.0,5400002
teacher,196.20067770587445,14.36589117467911,48.35317564390631,2.0565395133950877,9.607073892826403,1.5978510895731612,6.844277861734522,0.04010791838927397,362.18182326939586,1.0,True,SUCCESS,344,34.39999999999805,4,545173.8573520293,1336.214487479896,4719.489081725419,4272.057099226349,wet,0.5574958789655351,22.84239829402521,28.44345491848023,4.177689171746941,0.97302961890302,12.089987911632313,1009.5887504683335,0.875865722017572,25.199999999998575,711.5788868976392,29.49999999999833,29.39999999999805,144.5964237528426,362.18182326939586,3692.3636409494356,113.32619669573033,122.39229243138877,754093819,25.654070864287004,6.611228346138097,4.76614928547143,7.382824970061801,7.090890110504426,8.383109282720335,30.0,4.999999999999998,135.66666666666748,-3.4399999999999706,-7.888257473277419,0.0,-0.3336220379018064,0.0,-22.02827430945884,-0.664107999338082,0.0,0.0,5400003
teacher,256.73376540944514,4.129540777180877,7.430376039216022,0.468852065683144,6.839928902338645,1.6724399304489026,3.834772180338524,0.022347754900027363,299.63191685664424,1.0,True,SUCCESS,532,53.19999999999698,4,643789.2977145979,1331.6586972735397,3925.4912854990775,7477.510012314817,wet,0.7490500100663062,11.002595010421462,-1.5507843068577154,3.2423474912636063,0.03381187316502343,20.209628154433858,991.5341402660986,0.8037662466475457,42.89999999999757,1616.0959367379064,48.29999999999726,48.19999999999698,152.2843659647773,299.63191685664424,2972.177034789057,125.93532986161233,136.0101562505413,228202157,48.44645822020511,12.614902600600157,12.57539881048588,13.922641617817401,4.860786812150695,8.66105763403524,30.0,4.999999999999998,127.8333333333346,-5.319999999999931,-1.008028104463623,0.0,-0.0241694410284085,0.0,-0.1864065938798541,-0.6422094798122919,0.0,0.0,5400004
teacher,214.79009576251116,12.78493485480065,35.22842601202771,1.0344449551447759,5.43889159514878,1.6337279047169175,5.75646898396057,0.030515987460545346,312.69163553904764,1.0,True,SUCCESS,460,45.99999999999739,4,704874.6766353769,1295.1764222057232,4614.431403073464,2560.693206180891,contaminated,0.45886471029247033,4.4385228261301855,17.316397013667498,2.848332615607175,1.5588518964404536,-5.638494514800616,1019.0573889174244,0.9166868608116139,34.59999999999804,1301.9925299472147,41.09999999999767,40.99999999999739,177.65662742957727,312.69163553904764,3382.7590364764883,124.4157866867111,134.369049621648,62080255,44.45453002841096,5.117952283342735,8.516369917652044,9.944685268537095,3.3822161372242463,8.806771475149313,30.000000000000004,4.999999999999998,130.83333333333442,-4.599999999999946,-8.354344139009818,0.0,-0.4019185606303019,0.0,-17.152734647014668,-0.7567653344848613,0.0,0.0,5400005
teacher,247.849349872269,9.791684421160763,27.83128453464593,0.7962829146579096,2.4133920378896048,-0.031968730716208406,5.574861639367869,0.013641867671228707,218.39461274615223,1.0,True,SUCCESS,797,79.70000000001568,4,947492.4422462736,1307.0730395288977,2978.9556833874294,5050.584897368284,wet,0.6345598275285538,28.881280255336634,-16.710378092818925,0.5748611605865752,1.49790323975906,22.565913097903362,1034.352413969016,0.864413631769453,66.20000000000493,2821.710493732939,74.80000000001178,74.70000000001568,180.49146612959893,218.39461274615223,1621.0155141596983,150.15373731084821,162.16603629571608,1812592310,79.21237960686608,17.643514159053698,16.910716018469422,19.277711228358125,4.293590434390783,8.545579544870465,29.999999999999996,4.999999999999998,116.79166666666013,-7.9699999999998745,-8.490448421274564,0.0,-0.220905734917281,0.0,-32.51032562125836,-0.634128008949651,0.0,0.0,5400006
teacher,235.52241498972498,4.051946305153484,11.011652170103464,0.41805510268707524,9.122706314865942,2.22508466324285,2.172000649750032,0.022842462663745438,344.43997478977144,1.0,True,SUCCESS,413,41.29999999999766,4,635361.3264727936,1341.026401340976,3716.5556678776456,2758.3727620459995,wet,0.7304086212495229,28.939019926798665,6.029957084081417,0.18711609090939296,0.018480741374018006,20.185460616145775,975.6647690786039,0.9175283163967809,31.699999999998205,919.675363044286,36.39999999999794,36.29999999999766,150.94569148709982,344.43997478977144,3464.848749488474,126.11670077739173,136.20603683958308,797985037,30.784066098332225,8.934041424487924,9.291729727366354,9.958143428107666,7.1479373331828135,8.464087690927268,29.999999999999996,4.999999999999998,132.79166666666765,-4.129999999999956,-0.7534161154574223,0.0,0.0,0.0,-1.3973439816234177,-0.5684972822660845,0.0,0.0,5400007
teacher,233.58379786817042,2.9419754430037446,9.691075211405591,0.5110419859060157,6.957590366212957,-0.36957024519071596,3.707477986810749,0.03160550298192834,347.97620608241914,1.0,True,SUCCESS,395,39.49999999999776,4,654519.1872243397,1301.611549248902,3383.1105729612455,2610.5087162208456,contaminated,0.4926198913506373,21.61339491685159,-7.005722645648365,2.569424082539327,1.1621375102204938,-23.939299583771973,986.2123220791567,0.9085724211761268,28.99999999999836,866.049739506071,34.59999999999804,34.49999999999776,168.76225324331557,347.97620608241914,3746.7471702459984,117.85607332060926,127.28455918625801,116947581,31.92896138632276,9.642697083281801,8.674439997347699,7.650967645928371,4.015128547597462,8.704974693067284,30.000000000000004,4.999999999999998,133.5416666666676,-3.9499999999999598,-0.3798679672620717,0.0,-0.01615759940848827,0.0,-0.538288419926208,-0.690724165445806,0.0,0.0,5400008
teacher,258.81636216293145,4.5357159244921865,10.051244866783632,0.6712981746100356,4.625214549060736,1.0530741234595042,2.282566013975845,0.021569508260745437,241.1278992036996,1.0,True,SUCCESS,591,59.099999999999284,4,838041.6264469842,1321.7119161108005,3503.9806728151816,4232.406529232469,dry,0.9871654675566073,25.74465323380703,3.7081740141038977,3.073404279274833,1.9814233442637588,-0.2946220508929649,990.9933102550314,0.8751002588880229,46.69999999999735,1646.1072356888744,54.199999999996926,54.099999999999284,172.38755335576965,241.1278992036996,2093.8034095585635,138.86263282528287,149.9716434513055,1702128379,51.36317653114614,13.173453110555318,14.023851263406812,14.968031223174359,4.208918417078064,8.823106374320886,30.000000000000007,4.999999999999998,125.3750000000003,-5.909999999999918,-1.3509418775651096,0.0,0.0,0.0,-0.15743235997402208,-0.7008005192113915,0.0,0.0,5400009
teacher,259.3054772790199,4.732360107931857,8.329264561201722,0.21925376292336404,8.093559296905102,2.2680224821409265,3.3073912412624886,0.01971450262597337,306.99396063131326,1.0,True,SUCCESS,577,57.69999999999817,4,808231.9482335132,1346.00852656809,3503.9718401007694,3916.262814322776,wet,0.7775186691326463,28.82077816915902,4.1361889959311355,1.5965964105127999,0.4428682589016618,31.158363310959473,1005.564032664767,0.8928759456821426,47.39999999999731,1719.0701543096905,52.799999999997006,52.69999999999817,160.27178130825956,306.99396063131326,2802.3523493422654,142.58343570335654,153.99011055962507,1274844377,49.35160687024619,13.246969718712373,13.66679078720274,16.253974405964215,6.177121087706882,8.592258405860191,30.000000000000004,4.999999999999998,125.9583333333341,-5.769999999999921,-1.4357832193656173,0.0,-0.002790445878699494,0.0,-1.0919016203487606,-0.6411020444137719,0.0,0.0,5400010
teacher,249.24507503295612,5.850299545827965,10.118483332563901,0.9155075948240525,4.438242111740668,0.8346046310907338,2.5555433597239947,0.03535809087118391,238.76694679998218,1.0,True,SUCCESS,648,64.80000000000382,4,886365.0348902737,1322.9560937605556,3637.1222733117124,4421.33557433439,wet,0.820772576776124,26.02495048709325,8.719247007367942,5.916514616063552,1.6294320551070292,-3.416081729788637,995.2921240481148,0.8688409219796259,49.999999999997165,1779.8664393393349,59.89999999999992,59.80000000000382,177.93008205508326,238.76694679998218,2177.531923443373,141.72661470576205,153.064743882223,491957651,58.435750784173614,13.000003580136447,15.16845207856937,15.401440735240813,5.067000207105437,8.653969925838297,29.999999999999996,4.999999999999998,122.99999999999841,-6.479999999999906,-2.4642723438658685,0.0,0.0,0.0,-14.224668039592201,-1.3126018946482454,0.0,0.0,5400011
teacher,228.63905568768251,4.323056287412587,7.457503330456426,0.8091154796674019,8.131485606404848,0.6413086068900128,3.62886062411083,0.03531897902036552,355.19263142173895,1.0,True,SUCCESS,477,47.699999999997296,4,719173.982361926,1324.8647011024393,3618.7569854729154,5385.635326796676,wet,0.8942870872391854,16.19507928562101,-10.382366056464502,5.930561964423733,0.05324221947915053,-18.90453105812422,1005.539434899245,0.831901599982947,37.99999999999785,1375.0645424753852,42.799999999997574,42.699999999997296,169.38633762702986,355.19263142173895,3942.21005563397,123.50724065434774,133.38781990669557,466745276,41.768640268127086,10.14938476493999,11.084000426073128,10.95377498733652,4.592002338254173,8.551076550310116,29.999999999999993,4.999999999999998,130.12500000000114,-4.769999999999943,-0.9905072301992883,0.0,-0.012636577070408954,0.0,-16.90937351090334,-0.9023063291866976,0.0,0.0,5400012
teacher,220.7429590893335,6.791664118374945,18.094326045132668,1.4640772526218246,11.254118391838276,2.472078000017136,3.317959050914414,0.033725246123789424,360.11070279850355,1.0,True,SUCCESS,370,36.999999999997904,4,652930.6666381325,1351.5599699944473,3453.133636632995,3996.474902572944,wet,0.5551549416916989,26.471220942815684,12.290008284855503,4.646893558527928,1.1198756514341346,-12.709446146120357,999.9528703829992,0.8729437867224706,27.999999999998415,733.9617536508824,32.09999999999818,31.999999999997904,150.4870192366611,360.11070279850355,3781.250209111804,119.35991378506694,128.9087068878723,1747495410,25.576340634000342,5.653432791464678,7.547563705264274,8.134824200833508,8.308996232273648,8.207976081979497,30.0,4.999999999999998,134.58333333333422,-3.699999999999965,-1.8963199504248929,0.0,-6.832537026920433e-05,0.0,-6.051101197112766,-0.6220184169087697,0.0,0.0,5400013
teacher,-80.57040575159516,5.573443721431343,5.718710193166564,0.7606034686484446,-3.3969590286323568,-3.181006167356656,3.344542464502904,0.08361523163242353,0.0029016962071182206,0.0,False,LOSS_OF_CONTROL,75,7.499999999999574,4,724956.2629301709,1292.1955642685127,4107.7221822977135,2225.7151592649034,wet,0.875671225940037,24.658904361094407,29.578129424298975,3.9953853150139107,2.207791311068964,4.644357690383391,970.1459204130296,0.937129086493941,,,,,50.454563857584226,-0.047439510294680076,0.858878712074036,131.64959004395882,142.18155724747555,366564368,0.0988381887731869,0.029070794831568433,0.05207400009458399,0.9341808778691824,0.0,0.0,-1.5670109524204556e-19,0.0,0.0,-0.7500000000000004,-0.25886062429968704,0.0,-0.003298891701981453,0.0,-0.2,-0.47241009716200427,0.0,-80.0,5400014
teacher,236.54630534488592,8.571940011705491,26.965886488604717,1.0434207936610849,5.628867221688472,176.9857993256949,4.8768024482195695,0.024982523633823524,319.29290968283476,1.0,True,SUCCESS,459,45.8999999999974,4,584315.79302513,1308.8777998684373,3965.3629218385836,4494.470143304448,contaminated,0.40156535960487055,-4.434729629277334,13.040156126355287,2.392790076106854,0.43358002356806824,34.692143915005154,1017.05837188654,0.8799005512640046,35.59999999999798,1354.239122523065,40.99999999999768,40.8999999999974,156.9129116443542,319.29290968283476,3206.090978510094,121.21232214036557,130.90930791159482,445745824,44.915408405572215,9.94908743025694,9.366717957174595,11.17402145468728,3.4034343758994337,8.607226626052864,29.999999999999993,4.999999999999998,130.87500000000108,-4.589999999999947,-3.7473859337781534,0.0,-0.05158443747289175,0.0,-7.725545281015091,-0.6300752524924386,0.0,0.0,5400015
teacher,253.9020687430262,6.110631647371835,10.276987363604164,0.3569995782783136,4.702278342664982,0.9865725142385627,2.070513060483022,0.01935744822309754,285.2526199876693,1.0,True,SUCCESS,570,56.99999999999761,4,797879.8105780252,1313.8495531801361,3337.1536671365593,5195.53575946212,dry,0.9378425948757796,20.240178457791288,4.762396756301735,0.6669158830978708,2.2903017187666888,-10.835583576372155,1008.6340936205365,0.843386805867108,45.69999999999741,1719.9185826483715,52.099999999997046,51.99999999999761,171.27286028525884,285.2526199876693,2560.1798107700993,131.82231274420582,142.3680977637423,1275383443,51.70405913092026,11.73958320426342,13.198316209751793,12.94354345927714,4.167620439097334,8.797232047373075,29.999999999999996,4.999999999999998,126.250000000001,-5.699999999999923,-2.3648552115579395,0.0,0.0,0.0,-1.2396742312894955,-0.5937563048105124,0.0,0.0,5400016
teacher,288.02380712152274,5.0163587215483165,14.410191787214258,1.0500804973643012,2.549510186141662,175.72458320646862,3.8198143826671327,0.029659004873500004,252.8623628613625,1.0,True,SUCCESS,704,70.40000000000828,4,853370.5627193428,1298.036570988636,4254.690125014807,1903.6549967765736,contaminated,0.5338691174918917,-1.8961878068108575,6.359032393906869,5.56148145617718,0.3050274897974161,18.353246351165325,970.9838010168038,0.9417245882911408,58.799999999999045,2817.2635987143144,65.50000000000438,65.40000000000828,175.6508357807139,252.8623628613625,1978.003523226318,146.07677193995832,157.762913695155,770681518,77.97117300716127,19.137060706553044,16.90352334726656,18.82046144553673,3.351061401945655,8.755658122213108,30.000000000000007,4.999999999999998,120.66666666666322,-7.039999999999894,-1.9683726439523008,0.0,-0.030114703493092913,0.0,-2.333244172539205,-1.2100660558324552,0.0,0.0,5400017
teacher,287.3729875797755,3.726363341128522,10.501129662947548,0.8999045341594544,4.8191038830717305,1.0700824262129631,5.696446517322125,0.023268702508056596,246.9991113769629,1.0,True,SUCCESS,762,76.20000000001289,4,978783.024804209,1328.4726381290907,3336.30336649083,6261.123245038168,contaminated,0.5070795295629491,23.30321940865182,-5.454129737652966,3.695109188084753,0.4187434380425934,-10.727289868679692,1003.2635644869358,0.8164250062508824,64.30000000000342,2793.1774209468554,71.30000000000899,71.20000000001289,173.64790201059208,246.9991113769629,1941.973561731494,146.4223883202652,158.13617938588644,1028092274,75.79578136634497,21.196773673695457,18.4724130093178,19.260167279068693,4.505636286437394,8.795791469838017,29.999999999999996,4.999999999999998,118.24999999999463,-7.619999999999882,-1.175663024175686,0.0,-0.33457001299306355,0.0,-3.7783795903420136,-0.9949628774108449,0.0,0.0,5400018
teacher,220.87654278565205,14.690137240260746,48.82034944431783,1.2234510080181185,2.484105766072814,3.686519035733469,6.073813786079451,0.020927804917516,249.07765739462343,1.0,True,SUCCESS,626,62.60000000000207,4,922119.4825452913,1297.482063342723,2900.2632965005837,1437.0137442491437,wet,0.6123131108384139,21.39619572088469,-18.66609654581989,2.33052019203338,2.877169760039677,8.074268452834382,1019.6417310869949,0.9525965580292799,50.79999999999712,2092.3080763129187,57.69999999999817,57.60000000000207,183.59145574521077,249.07765739462343,2000.3712258942248,145.67361682597715,157.32750617205534,497722204,61.65642685885772,11.540214310185991,12.154261718704308,14.980898970665312,3.774574140644439,8.88298853471965,30.0,4.999999999999998,123.9166666666658,-6.259999999999911,-15.010098079799718,0.0,-0.30971032685866956,0.0,-28.830447232361863,-0.6192327757709917,0.0,0.0,5400019
teacher,230.10176548063777,3.8452626645894465,8.968539237525587,0.9179910961464534,8.155517733468713,179.8010301668931,2.357725738251974,0.0283856620188322,366.1001948197718,1.0,True,SUCCESS,451,45.09999999999744,4,659103.8256916532,1331.0112352951212,3286.00630927878,5181.563041435726,wet,0.8806270601811477,1.056434376454213,12.40073342097365,5.838253102563777,2.4505065212175063,-0.8697149349775337,1035.1850063119086,0.8467305539829812,35.79999999999797,1308.1637449803318,40.19999999999772,40.09999999999744,156.13958036982913,366.1001948197718,3626.140639163446,120.37093346350065,130.0006081405807,1048676094,40.72920897392671,10.119332372252053,10.260200291714838,10.79321720415192,4.936198181050773,8.238198084549207,29.999999999999993,4.999999999999998,131.2083333333344,-4.509999999999948,-0.7409451418686868,0.0,0.0,0.0,-15.323211504725869,-0.6087663137476493,0.0,0.0,5400020
teacher,244.3872873724158,6.281297258540216,14.846723974724153,1.0467124514912833,6.489518472398673,1.0733163855975691,3.7504060745218193,0.025313321131362827,306.7928873344365,1.0,True,SUCCESS,497,49.69999999999718,4,795092.6724512855,1326.7933774314424,3981.199088878662,1630.7227139097904,wet,0.7995553259638861,23.031312574105044,-6.736264745792523,3.1468777886273966,1.6285252221247006,-13.901265098177134,972.8171872841515,0.9414257854754949,39.599999999997756,1406.106472976334,44.79999999999746,44.69999999999718,169.29963460999792,306.7928873344365,3043.127343027151,133.24973736025078,143.90971634907083,128515053,42.63031429751404,10.65317273699639,10.940782956447627,11.48264050007729,4.977444752774723,8.624600952095507,30.0,4.999999999999998,129.29166666666782,-4.9699999999999385,-2.1787759488135547,0.0,-0.022317672824319908,0.0,-1.3855761259636292,-0.6566657425562226,0.0,0.0,5400021
teacher,232.3519589169203,3.739680178615761,10.721864684748923,0.5661236444430952,7.518033956285982,0.5515732182189388,3.870429790524225,0.0300402105020998,339.4478093066632,1.0,True,SUCCESS,390,38.99999999999779,4,640047.3703301457,1321.1440786868507,4083.4821455730585,3910.1696867912565,dry,0.906730099521001,26.96735903256851,-5.294081208075347,2.8881030518867563,0.3646995567866571,6.757035901252632,1033.4017854515705,0.8837020048008158,29.199999999998347,872.104637540824,34.09999999999807,33.99999999999779,165.73384790434918,339.4478093066632,3641.5734194501483,120.28592416442574,129.9087980975798,2138194522,30.160635011400455,9.269903853656192,8.595428254606944,7.93164578631311,4.7143706127044025,8.508788952739462,30.000000000000004,4.999999999999998,133.7500000000009,-3.899999999999961,-0.6060256729943697,0.0,-0.025258277889880727,0.0,-0.4127719725201872,-0.6347576310966645,0.0,0.0,5400022
teacher,228.99810833583666,13.407059837618633,42.41737055401588,1.1947524422486728,2.4653446214118118,165.711755618969,5.815014349223758,0.017152331140944208,252.80978512019183,1.0,True,SUCCESS,692,69.20000000000732,4,890503.5596874548,1296.4257844226229,4065.150327492942,227.33917229540518,dry,0.927986162747093,-0.1314579066352195,21.09706857591704,1.1601069286353496,0.2056738619477554,22.87811212281286,993.675073380412,0.9867507776958601,56.399999999997135,2665.2445518719196,64.30000000000342,64.20000000000732,184.9113925037798,252.80978512019183,2138.49817606828,148.5922782613949,160.47966052230652,802417684,77.82297045648752,13.128586214718439,13.91348091618474,18.46782581661239,3.475409131545617,8.849331161239968,29.999999999999996,4.999999999999998,121.16666666666362,-6.919999999999897,-13.820720379413846,0.0,-0.2876826071486269,0.0,-41.16708132882119,-0.6306777122320832,0.0,0.0,5400023
teacher,278.93844610887663,4.377547232035357,12.67197386918329,0.8265405894009683,2.7557249762655114,-1.274655716488328,3.586652416083699,0.030261360539427153,267.0146927870428,1.0,True,SUCCESS,677,67.70000000000613,4,836861.8583464496,1293.1810930697654,3982.5300665381765,6965.971220494794,wet,0.7757786634039743,10.630400807574976,-3.2523863837081537,4.053244527804017,0.4486878925412646,-23.024989758055785,998.9683997422809,0.7891679035294835,55.39999999999686,2449.095338450266,62.80000000000223,62.70000000000613,180.94264440244623,267.0146927870428,2404.2967496795145,132.64080481582064,143.2520692010863,1663993805,71.16124994154109,17.188923358340354,16.0213200540476,15.244193900376171,4.3700734266209835,8.840585479234827,30.0,4.999999999999998,121.79166666666411,-6.7699999999999,-1.4414774092677973,0.0,-0.012318091465915256,0.0,-1.2488139051843354,-1.206957312030724,0.0,0.0,5400024
teacher,243.8302994681395,5.072117099213556,12.138611762990038,0.5177182925943471,5.647032397215041,-0.09625519775205477,2.23861239953555,0.023189055375644113,302.0358380352636,1.0,True,SUCCESS,490,48.99999999999722,4,650818.7604216823,1303.2048467106256,3186.5479150846486,6253.016892222411,wet,0.8416002224973289,14.461461414207257,-5.666538737580076,1.288231594637816,1.4279534509900274,-11.4738885247917,970.7167366234103,0.8146817762828689,37.699999999997864,1304.98150166545,44.0999999999975,43.99999999999722,165.1645306610346,302.0358380352636,3130.9933442391407,121.21891480463633,130.91642798900725,1402638076,44.01810493704853,10.028808184586198,11.343260485285025,10.850080023728596,3.5650963003598988,8.787563719802774,29.999999999999993,4.999999999999998,129.5833333333345,-4.89999999999994,-1.4006580239317703,0.0,0.0,0.0,-2.36941621285709,-0.6758732792173056,0.0,0.0,5400025
teacher,233.7990799023833,10.82373503032803,32.32228896774913,0.9517572656589502,4.634695319945007,176.6999794050927,5.91897632437664,0.030285099834909214,278.1288068288618,1.0,True,SUCCESS,497,49.69999999999718,4,635296.1617415299,1294.0901994439232,3514.132561092254,4047.4617881691343,wet,0.5680514431210788,-9.56094244120906,-14.022851775133919,3.7374381637191227,0.7294346276006771,7.283518155833001,981.1625208529479,0.881944408188126,38.199999999997836,1553.3323327014211,44.79999999999746,44.69999999999718,166.11838921261244,278.1288068288618,2856.999970983945,123.09723866689062,132.94501776024188,2125626527,52.083664884160385,9.578181849659527,9.477099666997141,11.711887356279615,3.2000702887034023,8.90715937108264,29.999999999999993,4.999999999999998,129.29166666666782,-4.9699999999999385,-6.4694622537060935,0.0,-0.3495670789088215,0.0,-12.761815136691002,-0.8998057118612854,0.0,0.0,5400026
teacher,-80.38189917985763,9.617432886550791,10.365990080492024,0.8333471279108791,-2.7748875996761524,-2.12552435312497,7.597559509678929,0.06864293244109637,0.05569469635065616,0.0,False,LOSS_OF_CONTROL,99,9.899999999999439,4,616387.4671923701,1305.6858683092305,3695.588300614318,5996.147011913984,wet,0.8534133774402106,23.257044116324572,-26.73567030566565,2.930941378933235,1.5754325402063336,27.717170334734668,1044.3519090007537,0.8491922550018052,,,,,50.04418116440183,0.05569469635065616,2.8904294004073794,121.52244519459845,131.24424081016633,121699609,0.6467797921700672,0.04582463550153286,0.12975975955807784,2.2549034047119165,0.0,0.0,0.016708408905196846,0.0,0.0,-0.9900000000000007,-1.0174451686003956,0.0,-0.786328911242227,0.0,-0.2,-0.48210110086179603,0.0,-80.0,5400027
teacher,266.2126847942408,3.838287785173416,7.175886324498869,0.6193274622288762,8.60562009421461,174.83239770285167,3.265891382274798,0.026356326593852647,323.35955535023913,1.0,True,SUCCESS,577,57.69999999999817,4,738878.355492956,1344.7498348060353,2949.040109800971,6837.077213572241,contaminated,0.4317267916766544,3.3264884062511335,4.6789712779814,4.48314362548702,2.9283316989774373,8.098975769989323,985.4936867763553,0.8112754243777265,46.999999999997335,1925.5511815293096,52.799999999997006,52.69999999999817,150.18168233923427,323.35955535023913,3007.350863637925,132.64435279401062,143.25590101753147,1726379136,56.10847356882562,14.69488270541357,13.87153784271798,15.475783045752754,5.9316351703627435,8.520646361719962,30.0,4.999999999999998,125.9583333333341,-5.769999999999921,-0.9445139390316883,0.0,-0.001885780197389984,0.0,-1.8320417899471293,-0.8001657247100153,0.0,0.0,5400028
teacher,269.8005091435826,1.7359430295311613,3.862764305629657,0.4204928735373518,8.607148826321888,2.5480489665822468,2.3054762446523203,0.020058333086651843,302.86440444230175,1.0,True,SUCCESS,585,58.499999999998806,4,832265.0993321354,1351.0876105368013,4705.046161398055,2942.5535552225215,contaminated,0.4038924105798114,22.469412449214225,-1.807030947574061,2.101640132297123,2.8029125084737023,12.84018584779544,974.9588474944209,0.9118973894888205,48.29999999999726,1788.614407928476,53.59999999999696,53.499999999998806,160.29081464117698,302.86440444230175,2825.638411495286,142.66408454060695,154.0772113038555,2021240957,50.401761006848034,18.0712260604395,14.103529871085538,16.290270536146387,8.61567506084532,8.597229774268506,30.0,4.999999999999998,125.6250000000005,-5.84999999999992,-0.19587738311555866,0.0,0.0,0.0,-0.23907694502942356,-0.6192288379064533,0.0,0.0,5400029
teacher,255.93564939799097,7.790841708877092,26.031047791872385,1.2143609263078672,5.790663496378199,179.801635088351,5.47007040670927,0.017512497355962317,265.04470644704156,1.0,True,SUCCESS,657,65.70000000000454,4,931802.8601397729,1328.385954558241,3180.3857836481093,988.3346484083505,wet,0.5909146712796803,-3.7954090263567597,13.572735294002689,0.7973516732221939,2.342360286885328,9.043108889621898,1030.4868703583659,0.9646166911081467,54.79999999999689,2440.9802322342694,60.80000000000064,60.700000000004536,176.71280090909215,265.04470644704156,2231.2974147806153,145.90189847270324,157.5740503505195,641075001,68.74918381670237,16.162011600754877,14.520328351822252,17.67907623487327,4.415193770851659,8.762294745800888,30.000000000000004,4.999999999999998,122.62499999999811,-6.569999999999904,-4.430896660892861,0.0,-0.0882268781700848,0.0,-20.311552954117477,-0.5767626296321651,0.0,0.0,5400030
teacher,265.27454400301485,5.276971950448873,10.328181070041303,1.0475839135315772,2.388673638456006,176.1851283517529,2.5045694761364374,0.02605796606278096,253.96305368349385,1.0,True,SUCCESS,621,62.10000000000167,4,764380.6262310202,1292.5756921886912,3824.229555024755,6325.491956380845,dry,0.9028345441937281,-3.8002107284275377,12.888846143912895,4.570558586711608,1.8580205069278404,-7.361410067413164,1000.342549788882,0.8165892075136671,50.199999999997154,2235.0492118890675,57.19999999999777,57.10000000000167,170.54058081646852,253.96305368349385,2031.3394632883746,130.36799299812498,140.79743243797498,1709594929,66.3810224852109,14.344232023367955,14.915588326200508,15.406423539307351,3.522779683289914,8.818749571292416,29.99999999999999,4.999999999999998,124.1249999999993,-6.209999999999912,-1.921403874641866,0.0,0.0,0.0,-8.296003975903924,-0.81184377510788,0.0,0.0,5400031
teacher,197.91874934556998,14.649423206255195,41.208642439075646,1.4366644387721792,8.145165568336582,0.8568048918485157,5.767446401753292,0.0347746363976243,345.12804754407625,1.0,True,SUCCESS,373,37.29999999999789,4,583830.2672877929,1319.818357687659,3704.224087421938,1513.7763280846057,wet,0.6106347048804956,13.369453783452123,-20.65138192721917,1.4223321261383102,0.19656711883629419,10.828400939624828,974.4552863705499,0.9482542427526756,27.299999999998455,822.1991928050167,32.399999999998165,32.29999999999789,157.7428263238969,345.12804754407625,3708.9303526807475,119.11954878986272,128.64911269305173,1670380064,30.249862904925536,3.51175787759374,6.487574568181453,8.13639947896134,4.500631778555457,8.568534712414696,29.999999999999993,4.999999999999998,134.45833333333422,-3.7299999999999645,-8.894209878104014,0.0,-0.18205993904427129,0.0,-19.483547495179494,-0.7045279960687043,0.0,0.0,5400032
teacher,206.8697079505837,14.245389166880372,44.10617736694242,0.8418998361264548,6.647914039229282,4.996078543975906,6.1506888503424095,0.026101431960812757,275.35226760024125,1.0,True,SUCCESS,600,60.0,4,862418.7614212439,1337.9254872917115,3615.1320003645915,5095.8883645827045,contaminated,0.3568452171560657,18.378481023361715,-19.11938873166929,2.942277360475093,2.320632425270219,4.043320303002918,1039.757738207935,0.8536773873080092,49.69999999999718,1942.4788100592973,55.099999999996875,55.0,165.2675229160067,275.35226760024125,2498.221169916672,138.5571514434272,149.64172355890136,226928287,54.55232951355387,7.362623898925667,9.830776666999565,15.184240992136836,5.660958609902327,8.710957878635899,29.999999999999996,4.999999999999998,125.0,-5.9999999999999165,-13.528740834391508,0.0,-0.5273604955584936,0.0,-33.57755086725461,-0.7985274123660523,0.0,0.0,5400033
teacher,231.404005695514,7.638146434196713,23.176310174215605,1.1643358242619,7.350755813078822,10.01796865926499,4.444545934081009,0.03082860763952533,287.35390501148333,1.0,True,SUCCESS,555,55.49999999999685,4,865962.7833330657,1340.4047337616187,4766.645751611735,935.8277461434142,contaminated,0.4296467333366975,10.636261855865826,-17.863613924106783,4.873912020048663,2.7202314659399827,15.85999083830955,1036.5894643231468,0.9661996846165813,44.59999999999747,1789.1772898055308,50.59999999999713,50.49999999999685,166.38922808360658,287.35390501148333,2630.125899227123,141.83745625954893,153.18445276031287,526571269,53.11157140937928,10.019126187750253,11.289742666273142,14.451185838523601,5.0761102194602925,8.808353236132822,29.999999999999993,4.999999999999998,126.87500000000131,-5.549999999999926,-3.5977123252643057,0.0,-0.10082345995230287,0.0,-23.16574662302782,-0.8128014537624221,0.0,0.0,5400034
teacher,240.6286172486011,3.002782690441104,6.043761637830104,0.6013761519480998,6.906579694878193,2.1661943741879925,5.194435621442053,0.025989405375663632,310.3802431779077,1.0,True,SUCCESS,438,43.79999999999752,4,743568.6769795141,1327.6364357008642,2835.550063798681,2964.8446544703543,contaminated,0.46299727662620077,26.83639201037259,0.9457691250656919,0.8004926079876296,2.793698671508004,-11.115618524439517,1003.7623771799958,0.9037179663456385,33.4999999999981,1007.818087810731,38.899999999997796,38.79999999999752,167.4610796824946,310.3802431779077,3078.7867951231733,127.50074111109495,137.70080039998257,1097755058,34.41859440912666,12.65592806290428,9.778278108001762,9.418197761486455,4.597205659007717,8.659558635088631,30.0,4.999999999999998,131.75000000000102,-4.379999999999951,-0.4388129224526184,0.0,-0.2019477097597239,0.0,-0.003254782095092296,-0.6251299727080343,0.0,0.0,5400035
teacher,212.27597580348936,7.461958114470755,21.568411825030203,1.524784551373241,7.369314407382932,0.4420907413900792,7.767404969569693,0.03976664359831526,353.4435447522601,1.0,True,SUCCESS,353,35.299999999998,4,593482.931226726,1303.2894003860215,3438.8312722832475,4131.109891845215,contaminated,0.5183237500588685,27.38712974050315,14.814610532738556,1.0533795361889415,2.194786234032893,-21.169592604098835,997.8715678929301,0.8655024394740343,25.09999999999858,673.2517316755757,30.39999999999828,30.299999999998,162.7849555255678,353.4435447522601,3905.8789243158976,112.15206518025991,121.12423039468071,391823691,26.85279919110023,6.841365028578349,6.182483373635844,6.71135043270683,3.5437931992677494,8.566175965349121,30.000000000000007,4.999999999999998,135.29166666666748,-3.5299999999999687,-2.1839254524941034,0.0,-0.8951984926815975,0.0,-9.368311423743094,-0.7362226848974686,0.0,0.0,5400036
teacher,236.96661289647543,3.29264500822477,8.172442780671538,0.6477845756483291,11.523225165908023,3.018383921723915,1.5339306663909358,0.02742278569474566,349.44529096399447,1.0,True,SUCCESS,382,38.199999999997836,4,578732.3952784648,1352.2986144206334,4125.976269576278,3074.6074992986637,dry,0.9460566720823229,20.028142501319238,-6.047922384798355,0.005894014155162219,2.510852303632919,32.511185555606815,978.7727279033944,0.9126945382119153,28.399999999998393,812.2717138007014,33.299999999998114,33.199999999997836,143.17121301463376,349.44529096399447,3802.068152887713,122.55243673525673,132.35663167407728,1073372598,29.145105406572704,8.950110534429145,8.578399954153367,9.289021505036775,8.48464468152901,8.330858362932661,30.0,4.999999999999998,134.08333333333422,-3.8199999999999625,-0.4601619177079585,0.0,0.0,0.0,-0.0364831069742866,-0.5782158568302322,0.0,0.0,5400037
teacher,231.38927974498642,7.824049752656652,27.386137104903394,0.9147253024952583,11.25824681434971,177.83539126631763,6.521768901608777,0.027650756579568937,368.5159275762476,1.0,True,SUCCESS,448,44.79999999999746,4,643444.0995770041,1353.342185998571,3806.8457257204373,3766.787565250696,wet,0.7056611841104912,-5.323560096756013,13.818578717321255,0.38717041328843194,1.044899701320979,13.4812780360255,1009.0876627241778,0.8890954894094288,35.59999999999798,1339.3339868567282,39.89999999999774,39.79999999999746,149.95445864080696,368.5159275762476,3857.631620697113,123.43261714783024,133.30722651965667,946487247,41.09869402047414,10.008902686541164,8.969953881900347,11.454154998073003,8.412504863016224,8.32348195608473,30.000000000000004,4.999999999999998,131.3333333333344,-4.479999999999949,-3.04718422559521,0.0,-0.5505657678416416,0.0,-14.492529873784822,-0.6414661272160689,0.0,0.0,5400038
teacher,186.06541222776679,19.942607361817206,72.37662967421618,1.4838949488251028,2.629980684501706,-0.42477110071080887,6.6953347473274665,0.027104948600457812,239.88403784568345,1.0,True,SUCCESS,724,72.40000000000987,4,903330.0469113467,1304.577079121368,4669.290088964075,4612.371854423456,contaminated,0.415147748504866,21.505460792641852,-27.094424083794525,4.4329470530211665,0.050407237796249116,7.149994196338518,981.6970903511952,0.8683595675271927,58.499999999998806,2532.7224627040505,67.50000000000597,67.40000000000987,186.96554116231195,239.88403784568345,2043.1899775749073,146.71245439267034,158.44945074408398,1312733710,73.99608735435972,10.727760259130566,10.905783179801059,18.17172611237088,3.8756645073500304,8.750084317151838,30.0,4.999999999999998,119.83333333332922,-7.23999999999989,-29.708840443541433,0.0,-0.9965758408899043,0.0,-56.125480718415474,-1.124129832879781,0.0,0.0,5400039
teacher,241.22042600242622,8.921594420559323,20.895351072892915,0.6551744821223479,6.07952928528745,176.65021708943522,6.086203133240638,0.029381341918268578,302.548488535497,1.0,True,SUCCESS,523,52.299999999997034,4,706180.7669575714,1322.3120370490699,4128.9428078611945,1583.8080289640095,dry,0.9291130655020302,5.675867231064014,-5.953452886415434,5.244667115976357,0.8920526020886143,30.410624249544078,972.088257936042,0.9507029515325286,41.899999999997625,1750.7872438997827,47.39999999999731,47.299999999997034,161.49167365926158,302.548488535497,2870.8611025051428,135.39478223035485,146.22636480878325,95350066,52.541760815269015,8.358974057331876,11.077286173558301,14.067640675665807,3.677510678244885,8.768858123751071,29.99999999999999,4.999999999999998,128.20833333333456,-5.229999999999933,-4.625344998176846,0.0,-0.33271735088857174,0.0,-9.508203526668515,-0.7836719789955655,0.0,0.0,5400040
teacher,239.62061189807136,6.586640969635611,10.525619908832407,0.6697746017396142,10.081590637276625,2.2313211035295417,5.653820253028285,0.028232304937396088,476.20257214206276,0.96,True,SUCCESS,403,40.299999999997716,4,580113.1951115932,1345.1199209587614,3636.012942308571,3210.337848823038,wet,0.5620714295848154,23.052047692182207,-3.654670833254956,3.2984874402993682,1.4630426705850421,33.070800934825584,990.3942914801326,0.9064420691310148,28.199999999998404,811.6117436895474,32.89999999999814,35.299999999997716,148.82042774740094,476.20257214206276,3787.6979789723086,122.08292477532511,131.84955875735113,1606893857,32.19342156282922,7.434854253558276,8.508748006937477,8.991206827782547,7.974189096661298,11.026225401640984,30.000000000000004,7.19999999999999,133.20833333333428,-4.0299999999999585,-1.9426319136601777,0.0,-0.2940595961319252,0.0,-0.045283444993430504,-0.6043916298872509,0.0,0.0,5400041
teacher,-79.23544571982477,0.46274100620198594,1.4245923055386305,0.840833033677689,-3.372276872376558,8.01862464570371,5.791491426339629,0.0779377488614517,0.0,0.0,False,LOSS_OF_CONTROL,90,8.99999999999949,4,953490.8812882069,1335.5292386890512,2872.497973784809,281.1895485607513,dry,0.9445608049552549,6.820025572271593,-21.049809544063073,5.210108765882445,1.8320741900182342,-11.890232031814008,1026.8016842135169,0.9911096614472449,,,,,50.15434344484389,-0.06897943817506302,3.520641492599812,142.55242000130883,153.95661360141355,1248552409,0.37007479267729004,0.36993482993208116,0.1181834939540272,1.763845911308285,0.0,0.0,0.0,0.0,0.0,-0.9000000000000006,-0.002141292388208265,0.0,-0.2657558040557223,0.0,-0.2,-0.48958765125251624,0.0,-80.0,5400042
teacher,265.74632079396395,3.806816032711346,8.129163134781539,0.6491154333328738,7.342373055972058,1.9535915917122484,7.38814710679842,0.03401856208963898,286.4588369687258,1.0,True,SUCCESS,574,57.39999999999793,4,834240.3952120871,1339.5022302248428,3925.2188480008663,2902.5461908251264,wet,0.7917105750821791,3.6082201237367517,-0.6400316263759109,5.481538336473876,2.816845173575797,21.365403244558614,1038.243122442236,0.915683357625178,47.199999999997324,1997.6727432538412,52.49999999999702,52.39999999999793,166.1668386818213,286.4588369687258,2667.8137237893443,140.35826681284433,151.58692815787188,892278883,57.09339354080774,13.90170151767886,13.560085581070515,15.509557956159265,5.708125376788367,8.671648018432576,30.0,4.999999999999998,126.0833333333342,-5.739999999999922,-0.9242578809072536,0.0,-0.775635062592965,0.0,-1.275367599178927,-1.0662639876286066,0.0,0.0,5400043
teacher,205.19585960516008,11.481891831974885,29.386623319086276,1.465891812977844,5.92195886520955,0.9533918873962964,6.916979947308839,0.03546452264736231,296.6547057653338,1.0,True,SUCCESS,416,41.59999999999764,4,678758.2162751391,1315.1489942468972,4118.563582754275,1888.2813286018554,dry,0.9145126903743563,24.432616889193028,-12.817173779479734,3.363744078186924,1.8072866901289422,-2.2960905446461304,981.117605646198,0.9367656639517478,30.999999999998245,935.643571775386,36.69999999999792,36.59999999999764,161.1202601117593,296.6547057653338,2777.615014499722,125.16124389195511,135.17414340331152,1628756030,32.90513848304323,4.728272562374927,7.305575755309052,9.312855052236344,3.929526525634429,8.70319035677206,30.0,4.999999999999998,132.66666666666765,-4.159999999999956,-6.093653050791929,0.0,-0.6164458779730884,0.0,-17.770036228261077,-0.7152306398515393,0.0,0.0,5400044
teacher,316.41169325613794,2.0435984703624754,5.367593390494267,0.4139385930134804,1.550952360669664,-0.6436831244062483,3.122683983554025,0.014625802579434027,210.42194184483378,1.0,True,SUCCESS,850,85.0000000000199,4,902655.5868372784,1298.7601761722713,4286.0858047264255,6138.6865818143415,wet,0.6167148731747417,6.750522495843583,5.588799987593427,2.93058894883034,0.0887218824213668,31.691012890943647,1042.2059157094277,0.8428206664551728,69.70000000000772,3357.0707826700145,80.100000000016,80.0000000000199,179.17488354654066,210.42194184483378,1494.6313207034393,148.1331075240212,159.9837561259429,1885089752,96.4590115503297,25.089827169622758,21.49626721380021,21.778424090825695,3.9165808673967577,8.315699646806367,29.999999999999996,4.999999999999998,114.58333333332504,-8.499999999999863,-0.39442783353974187,0.0,-0.00044777034236356735,0.0,-0.673378641535784,-0.6591963705510275,0.0,0.0,5400045
teacher,211.0106456131543,9.320599308964354,29.781254383089312,1.080644560608958,8.735322076026197,1.7891872405056028,7.861092643012956,0.033517861485621345,341.13470033533986,1.0,True,SUCCESS,410,40.99999999999768,4,710261.6949888235,1336.3541395496916,4198.666282724316,2626.3776500287454,dry,0.9602832335889818,20.09390045143883,-15.680901129197713,0.5735077070790131,1.160351299412497,-10.516169657299992,1027.9904539308686,0.9125968399741728,31.09999999999824,972.9300637850145,36.099999999997955,35.99999999999768,160.96246725217594,341.13470033533986,3400.150342449087,123.2683649426253,133.12983413803533,234908210,32.88486595330486,5.981107604190485,7.5506966477249335,8.575410251026927,6.5443095747705735,8.507495753158466,30.0,4.999999999999998,132.91666666666765,-4.099999999999957,-3.957573811787709,0.0,-0.9618459686445565,0.0,-17.232633288468097,-0.6978537687892467,0.0,0.0,5400046
teacher,222.6049059460441,13.428824351377049,41.8800962854003,0.9666055581524193,2.6397323671771096,-0.16982347944421303,6.436238197056829,0.024516488360000203,230.67780688243602,1.0,True,SUCCESS,725,72.50000000000995,4,895837.6569027879,1307.151011433702,3223.5833349281866,4167.7600483109445,wet,0.5576777963291363,28.111371664860435,19.258685355584888,3.922197286276735,1.7759773192444912,14.365135955144353,979.9469267816692,0.8827750071114833,58.599999999998886,2380.0655957631484,67.60000000000605,67.50000000000995,181.34218318562387,230.67780688243602,1925.505452867334,148.00886256930772,159.84957157485235,1395226180,70.01745256159707,12.562600107752653,13.56071326735269,18.134467965397675,3.6217653100556673,8.670263900462867,29.999999999999996,4.999999999999998,119.79166666666252,-7.24999999999989,-14.526851056511058,0.0,-0.48337668814411583,0.0,-35.51953140357765,-0.9742646850044256,0.0,0.0,5400047
teacher,263.2215803746187,4.491865003634721,8.140347510129988,1.592609057965339,4.5866953792625536,174.4013093855748,5.028796414061875,0.03389477938592021,313.5398982133868,1.0,True,SUCCESS,577,57.69999999999817,4,845896.5487474836,1292.608745456231,2896.5597050224173,889.2165221782914,wet,0.8026364126857063,-2.7293970682622293,-1.521946105768458,5.868684279763027,1.8091453671979139,-6.991318172801385,991.4892261254237,0.9641020720254317,44.79999999999746,1928.2749135594802,52.799999999997006,52.69999999999817,186.11946401062968,313.5398982133868,3081.7546372766815,137.84504620295266,148.87264989918887,2140679366,62.550870974950634,12.89846642873075,13.925387608315372,13.872495332249375,3.9036358758400778,8.778520157606428,29.999999999999996,4.999999999999998,125.9583333333341,-5.769999999999921,-1.2935603498529793,0.0,-0.1426535237989047,0.0,-5.550545569488552,-0.9093698932677126,0.0,0.0,5400048
teacher,-76.11582391406398,10.240999959852337,10.77787588508975,0.580108004049755,-3.235845385098363,0.1716188202439093,1.5199616310178052,0.036999804758574964,0.029595185734251572,0.0,False,LOSS_OF_CONTROL,165,16.499999999999062,4,949884.9492047874,1341.0787546741135,4288.923284077813,5226.264191442685,wet,0.8310665323044761,9.4313713945512,26.45739244337313,4.110348510911884,2.1519865258131015,24.63295842282796,998.3762772023113,0.8662890203974273,,,,,50.107766700263056,0.029595185734251572,1.426965111216294,153.53617091594214,165.81906458921753,1699661984,2.135875403504304,0.07308800561375152,1.5154415215064094,4.3617625622442455,0.0,0.0,0.008878555720275471,0.0,0.0,-1.6500000000000012,-1.9227648032577522,0.0,0.0,0.0,-0.2,-0.4381051593952163,0.0,-80.0,5400049
teacher,76.19334009649715,50.329294530470776,92.10217757345843,1.386820682000412,8.421711236029218,176.19901500378282,6.5808176874897155,0.020788289456322644,1513.0604707228003,0.23541666666666666,False,TIMEOUT,1200,120.00000000004773,4,873818.1814147495,1355.0756904921195,4399.389065595858,6436.938057897298,wet,0.6405366268872266,-9.159170327847432,20.886997591588422,3.227228009662066,2.218611487661068,32.76920620159528,1043.9545315895546,0.807013302871084,64.20000000000334,3170.9685005813417,72.10000000000963,,165.13419139385405,1513.0604707228003,1686.9790808685577,145.87080791356266,157.5404725466477,343300710,170.75015808329863,17.658296365241796,19.454002261245208,21.7697530349587,5.493161336039066,50.9238157511648,30.0,11.299999999999976,0.0,-11.999999999999789,-179.61849729241925,0.0,-2.168804080252485,0.0,-46.25266523184335,-1.1158801309371815,0.0,-10.0,5400050
teacher,254.10797568693366,14.782439310745573,35.45642706739625,1.0182260187954961,6.942898055590143,6.356807453155116,5.953020222757113,0.02895039060231916,647.2854318278266,0.3898305084745763,True,SUCCESS,736,73.60000000001082,4,924606.3173322276,1343.727655194853,2897.877796845628,1077.3896842844222,contaminated,0.46126933514099716,9.851520992960726,-15.921859769657743,2.043638909215253,2.6812171075795104,27.199602978100593,1005.8058039647075,0.9544062189132324,50.09999999999716,2051.7960917980467,55.999999999996824,68.60000000001082,168.62229140339014,647.2854318278266,2497.4366824024432,151.53686244798143,163.65981144381996,2007647043,80.66188580823537,11.019681396541403,14.190850212218173,17.25497322029397,5.537980210762615,21.522219771647933,30.0,6.8999999999999915,119.33333333332882,-7.3599999999998875,-17.870121868249427,0.0,-0.48125651925471663,0.0,-25.490568105900188,-1.1110017726903947,0.0,0.0,5400051
teacher,221.42177841935248,10.390214500595958,32.51417079546736,1.3428733188160018,8.463617032277453,11.318088714669534,5.8466955278285475,0.03043552160762397,334.5218128519316,1.0,True,SUCCESS,454,45.399999999997426,4,715241.2288505158,1337.0261376756687,3320.5953041444973,745.0656519751392,dry,0.9306714383843468,9.720400917498715,-18.22441741282625,3.350711936479014,1.3278154182068813,4.895762508520484,984.4610522036842,0.9689474697156211,36.19999999999795,1293.4474458222803,40.499999999997705,40.399999999997426,168.52935914707962,334.5218128519316,3600.8903808229256,129.86601401670728,140.25529513804386,496545058,39.79120922049487,9.088571930430291,8.727228493589546,11.386896150910857,6.114973255623681,8.398385316173819,30.0,4.999999999999998,131.0833333333344,-4.539999999999948,-5.445808560583455,0.0,-0.4326605716271353,0.0,-17.08453912762792,-0.6658110213665492,0.0,0.0,5400052
teacher,218.9401235955617,16.72370357778617,51.46688862614142,1.0930200593677422,2.9223702591000915,179.5647729213441,6.132328368188866,0.017820587124776473,252.91129854916835,1.0,True,SUCCESS,629,62.90000000000231,4,750332.9981293995,1300.7973011527677,4211.36446946316,7429.06018329622,wet,0.5949575843277964,-4.027374070854832,-22.228708923631448,2.360241127863608,2.8665043952567237,-9.324227069169941,981.3206191276447,0.7872706143639289,49.3999999999972,2204.061937245499,57.99999999999841,57.90000000000231,168.8896267723705,252.91129854916835,2136.0215989758453,129.95374683741818,140.35004658441164,1936759476,69.03866783761114,11.45286522261819,11.160916632944437,15.033546950057369,3.8206963873832605,8.883544373487542,30.000000000000007,4.999999999999998,123.7916666666657,-6.28999999999991,-19.546682488218547,0.0,-0.39531769541220263,0.0,-32.43423643781514,-0.5755438537602398,0.0,0.0,5400053
teacher,227.540553217743,11.11721635963425,33.85338903769352,1.068568715201987,3.828392330092132,-1.1123225506632404,5.798412425932785,0.02864825154715488,257.9699117109294,1.0,True,SUCCESS,511,51.0999999999971,4,757928.0672867881,1295.340255656128,2856.940763097177,1193.090294652104,wet,0.6125293539141001,9.487417518159326,15.600796110057662,5.382913153218631,0.7219634893225404,8.052145358843553,1011.9367278598367,0.9590184469066335,40.299999999997716,1550.4833326976045,46.19999999999738,46.0999999999971,180.20051601322385,257.9699117109294,2534.7435752123342,132.56601540049425,143.1712966325338,1513530937,48.971002849568826,9.435065273121507,10.162162557204933,11.428870959626465,3.543710252383175,8.818765606332551,30.000000000000007,4.999999999999998,128.70833333333454,-5.1099999999999355,-7.0173074765462005,0.0,-0.13100294210064956,0.0,-15.506097515309923,-0.7629496798722835,0.0,0.0,5400054
teacher,205.90376241091735,9.47471394801721,32.225971184522436,1.7805708363861648,6.922263554592627,-0.05970655544306677,7.1665814115006015,0.03821678748403668,327.6653238499971,1.0,True,SUCCESS,366,36.59999999999793,4,623964.7690210897,1299.62044443194,3992.784098053986,2755.950370240566,wet,0.8058002756211732,22.512515216184987,-17.038825684391554,1.0184698251578328,2.6239023013424125,-15.442338938140868,998.5932407838109,0.9077215517351255,26.199999999998518,743.7465246191025,31.699999999998205,31.599999999997927,165.1877346733521,327.6653238499971,3432.692349087447,116.18101861055608,125.47550009940058,1069033433,28.450098599765166,7.541563293197641,6.157341662626043,7.035137705368846,3.5489136316953167,8.73767131693387,30.0,4.999999999999998,134.75000000000085,-3.659999999999966,-3.650654978801242,0.0,-0.7596830236124112,0.0,-16.55320726544791,-0.6934185308087594,0.0,0.0,5400055
teacher,244.5328572417293,7.510396201161438,13.536570938791044,0.493717973416954,6.650640592110389,175.33446364325405,7.532381494812647,0.028279245815815944,295.77100210280014,1.0,True,SUCCESS,482,48.19999999999727,4,698220.1818952266,1328.8380577279397,2966.0756153871775,3838.2413197615815,wet,0.5949970879283337,-0.36979686854619587,3.8418659291850963,2.373665860255088,2.4639323296450804,18.886956377560587,1036.8270555216961,0.8910125473922891,37.59999999999787,1454.9123725495033,43.299999999997546,43.19999999999727,161.4625305200048,295.77100210280014,2955.595838531582,127.97912942732249,138.2174597815083,1834233121,46.1477084038445,8.065682908270842,10.62084209411557,11.912287330559122,4.896669625547888,8.739556571547759,29.999999999999996,4.999999999999998,129.9166666666678,-4.819999999999942,-3.020857403270943,0.0,-0.7819853761798008,0.0,-1.4405056538654524,-0.7032079255080634,0.0,0.0,5400056
teacher,241.22887455080294,3.090740824390311,5.443112326770137,0.4055686459123259,6.95331738569528,176.0776089199372,4.563344094395975,0.032604595764753004,339.1290755225133,1.0,True,SUCCESS,416,41.59999999999764,4,650996.2519546181,1316.397718474369,3716.397803515524,635.539958474465,dry,0.9474046479730841,5.553664092228882,3.02288602041909,2.9817656378367836,0.9582883558300438,7.939636059421787,978.8703172358761,0.9721703193578728,31.299999999998228,1058.5538720858779,36.69999999999792,36.59999999999764,161.58209359232998,339.1290755225133,3464.074787182602,124.89327519516749,134.8847372107809,1984505825,37.235755278413755,11.173681678633551,9.456525989593972,9.6359133171446,3.9453014140220932,8.573425497562004,30.0,4.999999999999998,132.66666666666765,-4.159999999999956,-0.44154604432422245,0.0,-0.08868397233850871,0.0,-0.9808359177529158,-0.7873293568191858,0.0,0.0,5400057
teacher,222.7797414465304,8.812711109982102,26.166815912552185,0.8226620945518452,6.0037868098862655,0.19543239461818604,7.628978335164983,0.03818467570530739,312.1986718959497,1.0,True,SUCCESS,466,46.59999999999736,4,682881.3378166605,1314.5846475671065,3105.6527052080273,4016.329456439447,dry,0.9959436035708766,27.94029765413476,12.616780448080231,4.279246817546305,1.0751133137922815,6.123299911509189,970.4402676024821,0.8814172110530988,36.19999999999795,1192.215370500928,41.69999999999764,41.59999999999736,161.43836375624306,312.1986718959497,2865.8875289223893,128.0750206372466,138.32102228822635,207725307,38.64469867400505,6.524882262353206,9.418815970683294,10.776169389301415,3.684976717139345,8.720478874235482,30.000000000000004,4.999999999999998,130.58333333333442,-4.659999999999945,-4.021262970258772,0.0,-0.9172669712779743,0.0,-9.952026930699734,-1.0230569022853766,0.0,0.0,5400058
teacher,-79.38323243566406,7.936563925112178,7.991457487431915,0.536168076188358,-3.6216385110156035,-3.445244765831253,1.1201770174982355,0.053369618576102666,0.0,0.0,False,LOSS_OF_CONTROL,115,11.499999999999348,4,864924.2740597368,1309.0304746176398,3638.9548325129517,1565.464258534571,dry,0.9494351133572094,27.0281868847333,-23.092897714706375,4.570556226749139,0.8379749752753881,30.30287956874428,1038.9397243504748,0.9589256348122206,,,,,50.29437672646354,-0.0480410813868275,2.2681959451640576,144.91630236265053,156.50960655166259,1773514397,0.6703777048936348,0.05411445640013739,0.505844744839041,2.386448830330007,0.0,0.0,0.0,0.0,0.0,-1.1500000000000008,-0.8048600442000093,0.0,0.0,0.0,-0.6000000000000001,-0.44515812792686604,0.0,-80.0,5400059
teacher,240.35530962547938,7.670042805154918,23.012772693805903,1.256060645481446,6.811699001872626,1.9575158692486345,4.499115062072124,0.024599801675994137,290.9245744855266,1.0,True,SUCCESS,557,55.69999999999684,4,859602.266561865,1336.0969398404927,4180.8285507541805,1413.4732627215337,wet,0.5764994050946032,5.834911528205451,-11.287075956277027,3.1467911764482697,2.156380608448572,-8.987990759632108,978.4756626753663,0.9491986474979857,44.899999999997455,1793.1326848252718,50.79999999999712,50.69999999999684,172.30123168097526,290.9245744855266,2844.258187499864,139.38072104064128,150.5311787238926,953902557,53.46233442708606,12.974210621043397,12.13654065688214,14.389027861802223,5.713553809831628,8.804100976166369,30.00000000000001,4.999999999999998,126.79166666666798,-5.569999999999926,-3.640895893836684,0.0,-0.03641810310819468,0.0,-18.97363364657316,-0.6951777504825316,0.0,0.0,5400060
teacher,221.23059419785307,12.425218706308913,38.8288680872276,1.3827385721591834,4.0599031242374926,2.9956161426192307,6.089027813293147,0.03161761706047318,304.0765828128551,1.0,True,SUCCESS,496,49.59999999999719,4,728926.3914189105,1294.0326635106314,3641.987896174317,5407.639756804016,contaminated,0.49155700919390877,10.844836452280337,-19.424723429934488,4.152149205152304,2.392045793004001,-21.56695512919051,1012.3986087154686,0.8311397911946115,37.99999999999785,1345.9752414620527,44.699999999997466,44.59999999999719,170.40343721077315,304.0765828128551,2846.9385976143653,123.3056896856372,133.1701448604882,2002277491,45.73329073002456,9.405014634683319,9.582467948234903,10.891897893360094,3.8104419182192606,8.718116010662914,30.0,4.999999999999998,129.3333333333345,-4.959999999999939,-8.508387301134004,0.0,-0.17880288598058428,0.0,-16.781562763576172,-0.815215319975805,0.0,0.0,5400061
teacher,219.31363094608054,10.884470849464991,33.84395835154209,0.8911866174892882,5.382784728429149,177.92917830879313,5.630078919806525,0.02788643160581568,314.4590277939668,1.0,True,SUCCESS,473,47.29999999999732,4,718511.7954238115,1294.8352234457031,3695.3792265283164,836.933436776822,contaminated,0.37930738848464013,-0.43868113193457603,-17.373973719156837,0.5294172529677741,1.9374505440264473,-11.425843725129493,978.6783115037963,0.9650202875047904,36.49999999999793,1394.9700270209846,42.3999999999976,42.29999999999732,173.56798615962254,314.4590277939668,3216.2000848907646,126.85900250894986,137.00772270966584,214939470,45.63808910826252,8.27721604412658,8.889610276534349,10.571680041126394,3.5078987447436436,8.802383016782962,30.000000000000004,4.999999999999998,130.2916666666678,-4.729999999999944,-6.226346309251063,0.0,-0.15959241016865,0.0,-19.82378098206256,-0.7251932506814824,0.0,0.0,5400062
teacher,-78.62966643148685,1.5137889015932133,1.7873392147553946,0.6782677630663293,-3.3750194206662063,-1.3468556807396574,5.937444029806919,0.06465087781428593,0.0,0.0,False,LOSS_OF_CONTROL,102,10.199999999999422,4,735349.5901072413,1295.8805128843344,4360.521407916436,4892.021894180917,contaminated,0.36759728333632335,13.08787194241338,-27.509081224567677,5.432091356884027,1.1549389095098015,-16.455533371076193,1022.9827147130784,0.856470543891083,,,,,50.192318781303975,-0.018225942393655714,3.115648236748889,124.3809769259682,134.33145508004566,1046202584,0.5911710764908381,0.5843921779201495,0.15876501670070434,2.1288083481092857,0.0,0.0,0.0,0.0,0.0,-1.0200000000000007,-0.025970977503983594,0.0,-0.363069263605732,0.0,-0.2,-0.48376280959810747,0.0,-80.0,5400063
teacher,244.69766795130042,7.690470852130428,25.753012774961313,0.9762211857795406,6.609209464695206,176.67342098119065,5.5627438186906435,0.03050909563726614,288.28446099683333,1.0,True,SUCCESS,512,51.1999999999971,4,758377.5582912923,1331.0216189345433,3995.216650396887,6862.180266397099,contaminated,0.4708572836095878,5.603836527807996,-11.7906934092703,5.984494926919654,2.376297186785825,-21.284745036048353,1031.4974446234535,0.7925730779895596,40.699999999997694,1545.622427634564,46.299999999997375,46.1999999999971,167.01010574656928,288.28446099683333,2853.2968575048617,124.66813491734244,134.64158571072986,2020338087,48.079608399018994,10.410288378526069,10.94629445438505,11.952987693391826,5.2835097497198245,8.769945457793508,30.000000000000007,4.999999999999998,128.66666666666788,-5.119999999999935,-3.364599007429274,0.0,-0.06645901420026432,0.0,-5.079165716031515,-0.7814091105417785,0.0,0.0,5400064
teacher,205.0343182962281,15.095613934934564,43.513301940066484,0.8769820918201285,5.952982563910222,0.587596039725293,5.778586570327731,0.02930665389947306,312.19946179948784,1.0,True,SUCCESS,473,47.29999999999732,4,627818.1015142261,1316.536828872085,4393.234038468709,7275.509404783358,contaminated,0.3514216726615387,6.854183817315047,19.792735312143982,1.3553437151441006,1.143719385397665,-7.008820025368731,985.8375142619643,0.7912003905145206,36.69999999999792,1368.1770419311533,42.3999999999976,42.29999999999732,156.99234129453694,312.19946179948784,3097.612596312217,119.09054020796924,128.61778342460678,161793091,44.222057487618855,4.582756207771309,7.603722728407405,10.954326786725554,3.9944799075436275,8.701628097738377,30.000000000000004,4.999999999999998,130.2916666666678,-4.729999999999944,-11.976231768259485,0.0,-0.4329074287455836,0.0,-22.45256811606627,-0.7246122731735526,0.0,0.0,5400065
teacher,220.12887938979463,7.545286533457121,20.046920342140737,0.9975038057683935,6.8336517766584794,-0.5799436697739824,3.9016946236780643,0.03625430712769323,361.7307170201484,1.0,True,SUCCESS,355,35.49999999999799,4,550927.3263881251,1293.4225421284773,3947.5140687003427,5042.788071535314,contaminated,0.43957849567996726,24.280428178189048,9.636222327969117,4.299770034067344,1.1749880428325823,-23.962663486785402,975.1507067499601,0.8382098310990418,25.899999999998535,701.5802336908678,30.599999999998268,30.49999999999799,161.38374581801273,361.7307170201484,4013.321629790841,108.73467796786457,117.43345220529375,503800972,26.750486115556715,6.480868899320599,6.973990043806293,6.863105378484975,3.4492870366873265,8.46764715857387,29.99999999999999,4.999999999999998,135.20833333333417,-3.5499999999999683,-2.2456254277276813,0.0,-0.004833726423079119,0.0,-2.564555337482103,-0.6998240843364816,0.0,0.0,5400066
teacher,253.35477944850953,12.315148034971278,36.249327398133126,1.4639623973491234,3.671710343793925,177.99430484311208,5.090158195756019,0.030670290426334446,279.81686738798635,1.0,True,SUCCESS,585,58.499999999998806,4,717341.5642331592,1298.8734428970802,3079.5314736926443,5831.34226253939,wet,0.7253598137222982,-8.110257394019897,-16.3724881812463,5.990243986127649,1.1277939365926533,4.987118481332466,1020.8969215746198,0.8354139736691145,46.69999999999735,2071.666474009542,53.59999999999696,53.499999999998806,158.4570751762935,279.81686738798635,2206.9494052630203,127.73450961483626,137.95327038402317,974940698,63.545727176970004,10.431912924328694,11.799989362275033,13.855706304571807,3.5238071599386354,8.767831786946903,30.0,4.999999999999998,125.6250000000005,-5.84999999999992,-9.858086623011708,0.0,-0.1292336373789788,0.0,-2.4340458053421234,-0.9238292007892734,0.0,0.0,5400067
teacher,-75.7577511876205,6.957635055953301,7.28536808639609,0.5874055736440614,-4.126877324410238,15.957707571701066,2.4974770231243073,0.045270836356228875,0.0,0.0,False,LOSS_OF_CONTROL,148,14.79999999999916,4,916098.1599473435,1293.640976548724,4171.605615500699,5669.986686415059,wet,0.763954062623954,9.55711636106767,29.45692981558777,4.327525477959012,2.663531101848771,2.8761476953242777,995.8013092150302,0.8455197579437527,,,,,50.15043389966134,-0.05082503101766633,1.7877822031111457,145.63020184454658,157.2806179921103,786644679,1.7890860325835327,0.23607548963053065,1.3013004454651127,3.8558209234411738,0.0,0.0,0.0,0.0,0.0,-1.480000000000001,-0.7960539405145427,0.0,0.0,0.0,-0.2,-0.4639801382262972,0.0,-80.0,5400068
teacher,218.91985739767551,8.069691709149634,22.18134971341354,1.2254943782088314,9.38117654876417,0.8763831641323506,7.388737280511556,0.03937919445002489,364.6022267643473,1.0,True,SUCCESS,371,37.0999999999979,4,589654.579694979,1332.215196280818,4173.484495610426,862.4456415763593,dry,0.9453950569661826,14.540986247003648,13.542863709758915,3.514789812936072,0.5395987622932298,25.368315009798494,1007.9163433566177,0.9670672213661723,27.999999999998415,850.489991223298,32.19999999999818,32.0999999999979,157.47214418991695,364.6022267643473,4047.8111424790172,120.53657297043378,130.1794988080685,1587066116,29.238743629336863,7.3606951230496485,7.049352490423483,8.604206480258231,5.960171213606232,8.260859713373604,29.999999999999996,4.999999999999998,134.54166666666754,-3.709999999999965,-2.6843879897940512,0.0,-0.8117552533230903,0.0,-9.095029680263675,-0.7946649956592593,0.0,0.0,5400069
teacher,213.49232703205504,9.958353932195237,33.85780750999622,1.3823947884037242,9.561433276795222,2.1576978285388853,6.630377619699869,0.031143082875613307,343.51172640845743,1.0,True,SUCCESS,430,42.99999999999756,4,712324.7395458994,1345.505951174842,3850.717049472595,3205.628916878181,wet,0.7889129332645355,17.676736627084587,-17.7363105883555,0.6769314518803935,1.3974068545961882,-9.467919036986512,1003.744113595285,0.8966045075242632,33.4999999999981,1110.9594767803878,38.09999999999784,37.99999999999756,157.28730883920542,343.51172640845743,3413.375128151747,125.16497526898017,135.1781732904986,560318951,35.25420644634885,6.932064501884955,7.987837320818194,10.001764066457637,8.021665825625625,8.371158393415936,30.0,4.999999999999998,132.08333333333434,-4.299999999999953,-4.738065511857043,0.0,-0.5815498702038447,0.0,-19.862897162153214,-0.6771903116164536,0.0,0.0,5400070
teacher,236.47323721463476,6.730246936126166,14.076514199024384,0.5370606798631434,9.526550389112458,2.7623728753748824,6.342267844977626,0.024826979010619886,330.5027056613583,1.0,True,SUCCESS,440,43.999999999997506,4,711651.6956997486,1349.8275711555755,3033.3482290103398,2000.3368011182708,contaminated,0.5327484738620042,25.67358923723817,-7.536093005942281,0.45358170638892203,0.3453413220323801,33.074416659014744,1024.6685132530336,0.9399280208377865,34.19999999999806,1093.9943768137766,39.099999999997785,38.999999999997506,154.1080878938214,330.5027056613583,3257.713739645584,132.93737854345724,143.57236882693383,1450086651,35.21184873994797,9.078318690659664,9.353546768309673,11.296830087850479,8.143579126525363,8.470145679279169,30.000000000000004,4.999999999999998,131.6666666666677,-4.399999999999951,-2.214482053482631,0.0,-0.47219283519987804,0.0,-4.045201708891986,-0.6158219470308651,0.0,0.0,5400071
teacher,-76.24733016824462,5.342468851172324,6.909263212610373,0.77744881613179,-3.7149660400790556,179.98269814635674,4.9402149102101,0.054340547715582936,0.0,0.0,False,LOSS_OF_CONTROL,145,14.499999999999178,4,898445.2231327189,1310.4066988530114,4672.9671886305505,1858.274783070306,wet,0.8077294585821622,0.9376685493326811,29.37028154864467,5.984913653447152,2.934299116350183,23.861653682376918,983.8811635729139,0.9504602266006525,,,,,50.29316546828691,-0.06862030301840605,2.997884036372369,150.2313859377094,162.24989681272618,918989555,1.565004428173645,0.34923596105394744,1.004846759865066,3.5821512827225273,0.0,0.0,0.0,0.0,0.0,-1.450000000000001,-0.45984290519258314,0.0,-0.13896383591681175,0.0,-0.2,-0.4997618589504123,0.0,-80.0,5400072
teacher,237.23704400687336,5.046416974796917,14.534142086713736,0.6144898843844705,6.560694009175617,175.96398805141826,2.678620571921567,0.02610216953342782,323.68042285038723,1.0,True,SUCCESS,434,43.39999999999754,4,701085.0741644935,1312.013220611186,4469.838800377639,1787.6446086528304,contaminated,0.46475789764142494,1.095192904796578,-8.044197770500556,1.5574825422582521,0.33948236937286,-9.163239829515632,1033.7447151780038,0.9373856506787932,33.299999999998114,1189.7096300659948,38.49999999999782,38.39999999999754,171.36901673943507,323.68042285038723,3287.152186390902,122.42533284057177,132.21935946781753,886727537,40.104974545236956,9.782916847165444,9.814663921502483,9.620953457128037,3.9782692370384938,8.609574130519563,30.0,4.999999999999998,131.91666666666768,-4.339999999999952,-1.2280427487830017,0.0,0.0,0.0,-5.3438551505941385,-0.6790768990082,0.0,0.0,5400073
teacher,241.17572118510083,7.288548426972572,25.20684885332948,0.929985844935628,5.511443053204023,179.0704461312901,6.8892648612768745,0.022040261250339976,284.5403351057805,1.0,True,SUCCESS,592,59.19999999999936,4,824895.0389688809,1322.8870203837294,3696.263830175335,1810.4101291225913,wet,0.7875047464716878,-0.6661439985451345,18.956337092403146,3.157955250160534,1.3333657844042903,12.381234308466695,998.5375837419394,0.9422277710724151,48.399999999997256,2105.009770836761,54.29999999999692,54.19999999999936,174.11866923249534,284.5403351057805,2668.45113574804,140.23703876673838,151.45600186807746,1776005320,60.519359975095185,14.492531669650052,12.728820541711816,15.891061974357472,3.935360195497721,8.765639341864535,29.999999999999993,4.999999999999998,125.3333333333336,-5.919999999999918,-3.49430882200178,0.0,-0.6937337760606366,0.0,-24.72670909006769,-0.6556341582795514,0.0,0.0,5400074
teacher,213.42101658261137,13.70588276286862,51.19803977704589,1.4543529327813902,4.493758947492206,179.0821030667736,6.3037269898137716,0.025317070688381495,303.69135842378455,1.0,True,SUCCESS,586,58.599999999998886,4,713908.251619445,1307.88055384881,3052.0450617603847,6971.836239560221,wet,0.766126161585595,-5.378173420847214,-24.78637652947927,3.0453262982399654,2.143738563131114,-21.029163862092858,970.569517478163,0.789458616735536,47.899999999997284,2091.3290908820563,53.699999999996955,53.599999999998886,169.5149968993598,303.69135842378455,2945.558554000126,124.75631753952037,134.736822942682,624329812,61.66569104604899,12.832945090595183,10.71426573674861,14.030878461846287,3.824024569285681,8.630741390402491,29.999999999999996,4.999999999999998,125.5833333333338,-5.8599999999999195,-12.231201808151832,0.0,-0.681660363252552,0.0,-39.32841574499841,-0.7595851292469966,0.0,0.0,5400075
teacher,217.494343407188,12.549808456328766,42.46008024763009,0.9456618290142244,6.753889189156429,5.41015667874292,6.000927456049466,0.020182579183918338,250.19449476800037,1.0,True,SUCCESS,646,64.60000000000366,4,924033.0392583093,1344.147234958504,3656.4373799897257,3806.0973409134417,contaminated,0.5298892769035163,18.692862715324303,-21.104390447886136,0.6609080396780065,2.3048416325499614,13.39169737226569,1005.937361345422,0.8911354680660293,53.699999999996955,2167.3256085756348,59.69999999999976,59.60000000000366,165.58321301354096,250.19449476800037,2058.5358219614604,148.12649802764918,159.97661786986112,1524853121,60.26909049015844,12.265078926081578,12.565411881727742,17.934375520580545,6.007987759647045,8.871832562108972,30.000000000000004,4.999999999999998,123.08333333333181,-6.459999999999907,-11.304834357743289,0.0,-0.5926856764445506,0.0,-39.502790100986275,-0.6424569312741323,0.0,0.0,5400076
teacher,272.74431991417237,8.066219647061494,31.624307043512278,1.09838402534897,3.148912340109929,0.5331807664756254,5.634744220911391,0.021417514836330868,253.36971635343707,1.0,True,SUCCESS,799,79.90000000001584,4,966483.753971102,1308.6970337868515,4619.631094745905,2092.492620949643,dry,0.940095643682475,6.769236249827621,-17.549738380605863,4.673102694892963,1.672268665758144,33.94948189283364,1029.4187508537789,0.9397581055267445,66.50000000000517,3277.4358096810006,75.00000000001194,74.90000000001584,184.46344676102245,253.36971635343707,2118.1646930886227,154.77365622894948,167.15554872726545,53806198,90.66770003465547,21.954132351775378,18.71535945720886,21.670593866610282,3.4689796176815126,8.86409074852969,30.000000000000004,4.999999999999998,116.70833333332673,-7.989999999999874,-5.776228401813115,0.0,-0.13756093511187886,0.0,-29.56797420012774,-0.8331059585630388,0.0,0.0,5400077
teacher,-72.15991613325157,0.9945904662670061,1.9150543024300788,0.7349602066842325,-2.9468409760264467,177.49965126568557,2.689868976427766,0.04190814506377543,0.05920291931943211,0.0,False,LOSS_OF_CONTROL,154,15.399999999999126,4,793982.3506418973,1332.4224662450608,4296.497165234286,6305.831492399998,dry,0.9891405696374536,-1.2034411834996703,-28.464071264637326,0.6255191793318124,2.1972085346899157,-21.93566665808128,979.8043211344781,0.8147375924793762,,,,,50.164070196919525,0.05920291931943211,2.5559865451685226,130.7230745356634,141.18092049851646,2042935007,2.2913732172429686,2.0525333841115936,1.6106071646770908,4.0671220776721855,0.0,0.0,0.01776087579582963,0.0,0.0,-1.5400000000000011,-0.016926485568971108,0.0,0.0,0.0,-0.2,-0.4423863671822695,0.0,-80.0,5400078
teacher,241.19864146421014,6.905582121605857,10.53749508439973,0.332796787763429,11.267183837677427,178.82629499587304,2.994497114374566,0.029351035739635725,367.7576292376425,1.0,True,SUCCESS,418,41.79999999999763,4,567906.4114517492,1349.5017795493463,3265.08661248586,3401.587187883121,contaminated,0.4557335963911946,-8.640588467705852,-4.257821761469779,1.4993433109849685,1.799710605773705,25.676266577214328,989.9595622318484,0.9022612449416697,32.29999999999817,1171.8789045640506,36.89999999999791,36.79999999999763,143.33715495365854,367.7576292376425,3958.858552738636,119.41945661924242,128.97301314878183,265013236,38.549814635723834,6.262327280476653,9.28435416676338,10.694490917679323,8.43190375977231,8.306508518841634,30.000000000000004,4.999999999999998,132.5833333333343,-4.179999999999955,-2.2147992150205944,0.0,0.0,0.0,-0.8715882480148945,-0.6477036853458691,0.0,0.0,5400079
teacher,199.8242409642286,16.36042899777985,54.65120694617578,1.7336866591623379,6.834705365829199,176.35544903179422,6.070671270284362,0.02680420396178879,317.90421437195664,1.0,True,SUCCESS,435,43.499999999997534,4,625536.7224129401,1321.167631636384,3850.383972568632,3319.610830439072,contaminated,0.4194234834821914,-2.851751244858516,25.798444680245318,1.0320099293315979,0.4438018456049966,19.88139851200261,1034.6977325384937,0.9038395383818114,33.4999999999981,1214.618713726529,38.59999999999781,38.499999999997534,158.51033163933468,317.90421437195664,3264.434844275288,121.45571008987984,131.17216689707024,1019613998,40.421081940573075,7.4539779287905015,6.788499457779621,10.090839253376627,4.303265642229225,8.619410613317834,30.000000000000004,4.999999999999998,131.87500000000102,-4.349999999999952,-12.937075787917466,0.0,-0.3089390680911223,0.0,-26.540876068702776,-0.5909429471279865,0.0,0.0,5400080
teacher,228.3897893819862,7.303400049221913,21.148194571999,1.2254079213312281,9.620907571570717,2.520891286355117,4.627561961578945,0.04238062764736332,346.5308570748289,1.0,True,SUCCESS,414,41.399999999997654,4,703179.2880766029,1341.4529510210582,4494.893225950636,526.6782931062733,wet,0.870903014471427,7.622371328017955,8.208608708566448,5.342753818661446,0.4524105070043287,0.7534258129446734,1023.4591669633965,0.9743980422073422,30.999999999998245,1001.2067705100674,36.49999999999793,36.399999999997654,162.25848393135914,346.5308570748289,3715.285722244849,125.39346634017902,135.42494364739335,747586295,35.23812408642266,8.96781087519752,8.789049810245723,8.89206328183913,7.3368782770963765,8.677102956819667,30.000000000000007,4.999999999999998,132.75000000000097,-4.139999999999956,-2.4536240048328333,0.0,-0.021540280411047257,0.0,-9.685160211948464,-0.9609154084435229,0.0,0.0,5400081
teacher,266.3307592073247,5.948111133416414,15.803399132786385,1.9687207241844022,2.3452747419242517,179.58379329271847,4.8085352152082015,0.027117970908308184,230.10534032844043,1.0,True,SUCCESS,607,60.70000000000056,4,712108.4841633404,1297.1046152253189,4624.806744339738,6136.6196835473265,contaminated,0.393209383582026,-1.7816943839121677,-5.952259725105373,5.539020128075969,2.8740018054702876,19.049875326368017,1004.7898651886381,0.8363295698967409,48.89999999999723,2061.6835443215487,55.799999999996835,55.70000000000056,164.14080313217818,230.10534032844043,1944.814013900329,131.3248041575747,141.83078849018068,724516627,62.92127148741756,13.879487617023663,13.712785444024375,15.367175349183794,3.0097454269050266,8.727335840238746,29.999999999999996,4.999999999999998,124.7083333333331,-6.069999999999915,-2.386186201741298,0.0,-0.1366024008416127,0.0,-1.559039071771062,-0.8435476164476904,0.0,0.0,5400082
teacher,207.49458629121818,14.02175379752161,44.894879451198804,1.1214041946038782,3.485015654591255,0.19011872958258252,5.927140628434911,0.02353226620235621,255.7169814377737,1.0,True,SUCCESS,585,58.499999999998806,4,932565.1429616094,1308.191894688792,3193.0648838263883,1435.2384713988556,wet,0.8709619002387716,22.72837275023374,-22.159454631529517,0.887362783833517,1.2544107170453003,-1.7980509328218695,1020.7366540394294,0.9508515627617169,45.799999999997404,1769.7003748609789,53.59999999999696,53.499999999998806,186.1203430961908,255.7169814377737,2190.733022346664,143.95726699999233,155.47384835999173,401490681,55.6958245423592,12.524278568079822,11.067366904759027,13.197235323329219,4.250034974559859,8.81364477217833,30.0,4.999999999999998,125.6250000000005,-5.84999999999992,-12.779622671290257,0.0,-0.5149332941241361,0.0,-38.82015357045495,-0.7140892581785386,0.0,0.0,5400083
teacher,-79.91849691635667,11.530076213893691,11.569685745485181,0.6838992050190114,-3.169869475405214,-1.8122254215888827,1.540657380954126,0.05347669394985897,0.0010821548753483512,0.0,False,LOSS_OF_CONTROL,118,11.799999999999331,4,949876.694286948,1344.2106680221923,3175.2324488452055,3867.8460457239294,wet,0.7452834557606142,16.8586984830323,29.720975880518417,3.1324017343615935,0.8150750515557144,13.925731772271767,1024.429366121065,0.8961490789256724,,,,,50.65732610290184,-0.017539413769554812,2.9001911872169117,148.95370554493562,160.87000198853048,1786493805,0.6794999793969564,0.003618352200265609,0.5020654864948191,2.466967210870407,0.0,0.0,2.710505431213761e-20,0.0,0.0,-1.1800000000000008,-1.7430259538652504,0.0,0.0,0.0,-0.2,-0.4476219914538749,0.0,-80.0,5400084
teacher,-80.46983967467197,9.3288863137391,9.69990818302189,0.766491664794875,-3.0282698987227614,-2.26782916364956,6.154452549340871,0.07094589223795696,0.023481183237663572,0.0,False,LOSS_OF_CONTROL,89,8.899999999999496,4,692210.2062801421,1307.4310459878445,3854.3039140555534,589.6081437267927,contaminated,0.4827502372171784,21.917977046730638,27.571480588784844,1.008523942462281,0.15765900967720126,-20.050925643514876,1001.5095599884958,0.9811997049546572,,,,,50.86093308940964,0.023481183237663572,2.7464882397338997,121.15459608874507,130.84696377584467,1316672453,0.4024622465073416,0.023557913960128612,0.11004132017683818,1.758667553961766,0.0,0.0,0.007044354971299071,0.0,0.0,-0.8900000000000006,-0.8606114074517232,0.0,-0.3604214557411074,0.0,-0.2,-0.46058020105651937,0.0,-80.0,5400085
teacher,211.31740516355705,13.115447832525295,41.57368231632444,0.9765305686647157,7.4477850185926915,174.71169045771114,6.873490056422545,0.044455673989582625,346.49277529974916,1.0,True,SUCCESS,506,50.59999999999713,4,750513.48142316,1327.8427753321796,4539.33328543657,5486.805700928828,wet,0.5801515092704161,4.113361937566333,24.0592263789222,5.9194119600498505,0.11679077082966816,-21.497754627386506,1036.559799625108,0.8278468497660333,40.699999999997694,1599.9051298642112,45.69999999999741,45.59999999999713,167.24753096338492,346.49277529974916,3342.450651919351,123.66747048439785,133.5608681231497,422700902,47.9162925632883,7.764949736485002,8.475505913830228,11.303975062616402,5.297728402209934,8.529885062874936,30.0,4.999999999999998,128.91666666666785,-5.0599999999999365,-9.671063972770265,0.0,-0.815124284704152,0.0,-24.98434880343159,-1.3570611835096296,0.0,0.0,5400086
teacher,239.16994147099084,3.3034538467147243,5.737688408842136,0.4376764090100967,6.688804153174527,-0.3424764231160228,1.51396955654547,0.028929001873016474,361.08398524727727,1.0,True,SUCCESS,424,42.3999999999976,4,686135.6731950744,1310.2622971996186,4433.235566322359,4256.694830358591,wet,0.750429445818966,22.62254521492021,2.9950093377871303,5.50721421312635,1.441491096534782,-17.662300615145206,996.5474344272444,0.8634602819977396,32.399999999998165,1068.1541180555084,37.499999999997875,37.3999999999976,166.14957340858305,361.08398524727727,3513.080449527296,121.45923999024357,131.17597918946308,293889899,35.174639005296164,11.058946043166001,9.840471552669076,8.58828112667978,4.842069306704046,8.38329966129492,30.000000000000004,4.999999999999998,132.33333333333434,-4.239999999999954,-0.5141144780629674,0.0,0.0,0.0,-0.6335418079340599,-0.6634422721564671,0.0,0.0,5400087
teacher,189.60594716271598,16.605200610260823,51.99985728895053,1.431062463421682,8.849978237267582,1.8395567594577995,6.753820535525491,0.03245379913639549,348.61972380338375,1.0,True,SUCCESS,410,40.99999999999768,4,626174.5160715724,1337.172668567909,3889.7599715844717,6204.6247332500525,contaminated,0.4409966565328538,15.798576287241538,26.85830142572736,3.2465037653200755,0.740293849655964,-0.134629355256898,1032.955923052182,0.8214699774248764,31.499999999998217,1015.7765332147146,36.099999999997955,35.99999999999768,152.55204149406342,348.61972380338375,3596.220733352212,117.60219269612041,127.01036811181005,2081303304,33.500069586166966,3.2113190858238636,6.381871452906889,8.898261205591774,6.499680501387149,8.359078183463737,30.000000000000004,4.999999999999998,132.91666666666765,-4.099999999999957,-12.56115575509696,0.0,-0.756573265384951,0.0,-27.060038615752685,-0.6832318830574645,0.0,0.0,5400088
teacher,249.79903677500062,8.259134038970045,15.061744591464382,1.2550554781932388,4.119180918218727,-0.4784939992980038,4.209460095549913,0.032500881090289716,270.4421112319475,1.0,True,SUCCESS,574,57.39999999999793,4,879558.9618190549,1302.9451800281067,3378.8718551439897,196.63748948392373,contaminated,0.4689631542537271,13.652784851213443,-6.972524094228757,5.348525243552566,0.19592402883276228,2.688602968431706,1001.4433548199476,0.9862189316310817,44.59999999999747,1762.4218041875308,52.49999999999702,52.39999999999793,182.29346169278128,270.4421112319475,2563.1557739558284,142.2479762938628,153.62781439737182,1152297559,56.139526050418304,9.713440789279879,13.086273942601126,13.80720167486071,3.547965176876025,8.899368958398998,30.000000000000007,4.999999999999998,126.0833333333342,-5.739999999999922,-4.350492374698734,0.0,-0.048733045957108,0.0,-5.400155076648755,-0.9386926534640667,0.0,0.0,5400089
teacher,221.5341733154128,8.123878502305226,24.727218904134496,0.9915129889889687,6.975391143186561,0.21746010623689124,6.561685481617574,0.043707041008620634,355.9152520085395,1.0,True,SUCCESS,460,45.99999999999739,4,708989.3420496511,1310.4936766913315,3064.6303691564767,2788.0260784551406,contaminated,0.5086506073747588,10.283322300206482,13.852649597705437,4.8591334589706445,0.6478428089038517,-1.6826054738478504,1043.519316298344,0.9103651967260651,36.099999999997955,1316.496029149693,41.09999999999767,40.99999999999739,166.2063953455901,355.9152520085395,3512.3748081722233,124.16751606672753,134.10091735206575,621082579,41.6388313426758,7.2450494445640645,9.120448004359448,9.967329884630724,4.259140807138993,8.44136368922439,30.000000000000004,4.999999999999998,130.83333333333442,-4.599999999999946,-3.373200542588868,0.0,-0.5010345624496829,0.0,-15.417623507085187,-1.0794645783914663,0.0,0.0,5400090
teacher,207.20394039112756,12.422260830932046,40.609381573090204,1.1990869901765633,7.866241261157974,1.9064146246376565,5.573603395166701,0.02816368028558559,322.4857432900144,1.0,True,SUCCESS,405,40.499999999997705,4,595286.1670507471,1331.4353030892037,3889.011363595432,5142.155700690292,wet,0.6006680760548038,19.77544080964391,18.6945839004669,3.7185396448971018,1.082921440660685,28.80279804409117,1036.0823858424603,0.8622229615309805,30.599999999998268,918.7980364128955,35.59999999999798,35.499999999997705,148.94419085446407,322.4857432900144,3365.513010171491,120.10575908762615,129.71421981463627,1506277967,31.95030625907619,7.57687682019446,7.005939371767588,9.33589758296096,5.538829844580182,8.518846184902431,29.999999999999993,4.999999999999998,133.12500000000097,-4.049999999999958,-6.944065386826889,0.0,-0.20297001054268254,0.0,-19.042760240453397,-0.6079600345322786,0.0,0.0,5400091
teacher,203.39218341560561,10.842107925594593,25.591418167644544,1.2520229974374975,5.917142336996265,1.6250055208167593,6.75053829837771,0.03535784073132843,266.83123385889775,1.0,True,SUCCESS,660,66.00000000000477,4,958829.0454454317,1333.2867553830256,2952.1387645119466,456.9382332542424,contaminated,0.4156054729365091,27.205554495234907,-22.553768170929335,5.414870515188671,0.6938654354367566,11.855192411656418,970.596965564792,0.9795125915052357,52.39999999999703,1925.0037137675477,61.100000000000875,61.000000000004775,172.69737170299018,266.83123385889775,2350.0641649274075,153.2202967213105,165.47792045901534,1804387930,59.01181605520509,8.601668565260832,11.86072071744567,17.185926757898248,4.500280847037628,8.78009416491136,30.000000000000018,4.999999999999998,122.49999999999801,-6.599999999999904,-8.620428979817678,0.0,-0.8718411620060285,0.0,-46.749759211832846,-1.2062943384947429,0.0,0.0,5400092
teacher,228.42582058357996,7.304202847189438,12.300450839981705,0.49071895247839725,7.534566443470706,11.379826858538205,2.356338923880607,0.03471216198465274,359.71343723878294,1.0,True,SUCCESS,385,38.49999999999782,4,653380.9295823553,1308.0185199758364,2949.338156230844,1252.1234387493707,wet,0.8290089460625142,6.059923097936725,7.480693458644689,2.5814429946504034,2.652050312527085,-20.751056066292957,1001.2890866626365,0.9497708250251791,28.399999999998393,944.7016377920479,33.5999999999981,33.49999999999782,172.28613012858833,359.71343723878294,4153.344225088564,117.56664284106552,126.97197426835076,419153004,33.82376598298794,6.365312232819192,8.410225094163945,7.711669223694666,3.9265645359058645,8.502080624398209,30.0,4.999999999999998,133.95833333333425,-3.849999999999962,-2.282253444962529,0.0,0.0,0.0,-2.385472615054797,-0.75440438370677,0.0,0.0,5400093
teacher,250.03913146404787,5.138495930001993,18.560302672429152,0.7852869859782377,9.429501048521278,178.99927336349995,6.560992163083886,0.023190660972412243,327.75355321260076,1.0,True,SUCCESS,539,53.89999999999694,4,764570.9841776562,1348.696466610806,3568.335437216435,3799.449984396936,dry,0.9890381971766048,-4.839859677681155,10.70769687796544,0.8973879174528929,1.4443555993602026,-6.122333779241195,1008.8771673854544,0.8819956692466802,43.89999999999751,1755.1733404224615,48.99999999999722,48.89999999999694,159.648665002934,327.75355321260076,3157.0190995060098,130.11770765613346,140.52712426862414,1314349993,51.983773630443196,12.960356892688305,11.96115906251931,13.752699918264362,8.143830074394463,8.512204916916854,29.999999999999996,4.999999999999998,127.54166666666794,-5.3899999999999295,-1.5813146319785287,0.0,-0.5506002388096722,0.0,-11.634498487568134,-0.6601463394903873,0.0,0.0,5400094
teacher,281.93571648698344,5.228488589124211,10.252340731405134,0.9902085440452438,5.538044823029534,4.270371417420649,2.689705732263063,0.02347061646016988,274.1421849902981,1.0,True,SUCCESS,689,68.90000000000708,4,924577.0876243371,1324.8337950159664,3303.4745508277133,3623.484726592598,contaminated,0.4571076363392596,17.69881309889701,-1.1980753738475314,2.200949366142291,2.1971800031681443,17.6217185307555,1041.942846963767,0.8965964299729599,58.499999999998806,2567.1968779851777,64.00000000000318,63.90000000000708,176.0198690469181,274.1421849902981,2307.2240567834306,146.60509337254962,158.3335008423536,1646284373,69.11540023291928,18.32449136928308,16.971958516297214,18.08478229902597,4.5221950300480405,8.7879207562173,29.999999999999996,4.999999999999998,121.29166666666372,-6.8899999999998975,-2.092806336269872,0.0,0.0,0.0,-0.33056396421161394,-0.8493280829898603,0.0,0.0,5400095
teacher,-76.12482576751637,4.303153409619043,4.439257706745909,0.541322123200433,-2.581417496192008,2.092999315650993,1.2325629392007273,0.04461860539581131,0.062021489779908734,0.0,False,LOSS_OF_CONTROL,131,13.099999999999257,4,756990.6583545384,1347.0839329817559,2930.3244865220586,3633.107268696082,dry,0.9040559303853472,8.512062921232896,27.143429959357825,0.8925726135368404,2.40498602310868,14.69835188219485,1032.958897166291,0.9023890589185255,,,,,50.65757002340729,0.062021489779908734,2.7628113638489094,132.591942811136,143.1992982360269,1620110987,1.3820242219861978,0.6497194331627048,1.0355961511836445,3.202902534983717,0.0,0.0,0.018606446933972617,0.0,0.0,-1.310000000000001,-0.2695271037710884,0.0,0.0,0.0,-0.4,-0.43414745199550653,0.0,-80.0,5400096
teacher,270.95911555507575,3.532325080857152,12.312339917078194,0.49532933160127374,8.946829541572322,179.45192227697294,7.865674502121254,0.028253876527050394,309.8992489613065,1.0,True,SUCCESS,624,62.40000000000191,4,865725.3187781709,1352.3874857600133,3389.52441639294,2262.6348604966465,wet,0.6354113964000021,-4.992084428823822,-11.29114312232947,5.977655658064838,1.161696317835986,9.556314273589393,981.840808677393,0.9288490378536159,52.299999999997034,2283.576182944792,57.49999999999801,57.40000000000191,163.15013693363005,309.8992489613065,3004.969279093072,144.1996911597276,155.7356664525058,1879749950,63.21622238865761,16.71257959029526,14.405841559999402,17.90628110654962,7.1080897299444095,8.58579045820355,30.0,4.999999999999998,123.9999999999992,-6.239999999999911,-0.8650942197284391,0.0,-1.0730059160276644,0.0,-6.931410062936436,-0.8661790798808537,0.0,0.0,5400097
teacher,-74.53451018221254,3.236178774146116,4.120252169859518,0.6768965196006895,-3.676844759903197,0.10648727213776824,5.6489130924701305,0.04821270613790153,0.0,0.0,False,LOSS_OF_CONTROL,147,14.699999999999166,4,874132.5005736926,1308.0448391435305,4020.853866879156,1653.1120659889848,contaminated,0.45204415938812154,10.073835008225327,-28.730509942565355,3.0386154445921996,1.8709973432824072,13.094908692221061,1007.3860526338757,0.9542481875957247,,,,,50.06314400738809,-0.05498428897044505,1.9524622841847439,143.89685829175485,155.40860695509525,594215045,1.7501562938706765,1.5733375449957665,0.9881520187217675,3.7469541038444176,0.0,0.0,0.0,0.0,0.0,-1.470000000000001,-0.17105659995115305,0.0,-0.2794307167407315,0.0,-0.2,-0.4726228269532887,0.0,-80.0,5400098
teacher,-79.66385448582139,9.336233590878038,11.39492747217956,0.7767595027837264,-2.9174433890719387,-2.241990714472285,6.980779251847642,0.06462283157881418,0.04285202162191126,0.0,False,LOSS_OF_CONTROL,121,12.099999999999314,4,750700.5525640573,1326.4179746847192,4147.178687428222,5023.534826386419,wet,0.5727511747116262,20.37682683912943,-28.470547320804048,5.896408415499294,0.7278725039415104,-8.286338294580972,970.2748399665709,0.8568787041069709,,,,,50.340463481247006,0.04285202162191126,2.466412159421054,130.96644108747435,141.44375637447231,1067098529,0.9668627303762712,0.01707992475407711,0.3684416771458997,2.7361726204280026,0.0,0.0,0.012855606486573383,0.0,0.0,-1.2100000000000009,-1.1718884641417964,0.0,-0.6492105281980077,0.0,-0.2,-0.5341680526724016,0.0,-80.0,5400099
