total_reward,centerline_rms_m,centerline_max_m,max_roll_deg,max_pitch_deg,max_alpha_deg,max_heading_error_deg,control_roughness,max_agl_ft,stabilization_fraction_after_100ft,success,reason,transitions,duration_s,level,mass_lbs,cg_x_in,runway_length_m,runway_elevation_ft,runway_surface,static_friction_factor,headwind_kt,crosswind_kt,gust_sigma_kt,turbulence_severity,delta_isa_c,qnh_hpa,density_ratio,liftoff_time_s,runway_distance_used_m,time_to_100ft_s,takeoff_time_s,final_airspeed_kt,final_agl_ft,final_vs_fpm,vs_est_kt,vr_est_kt,seed,rc_progress,rc_centerline,rc_heading,rc_acceleration,rc_rotation,rc_climb,rc_altitude_progress,rc_stability,rc_success_bonus,rc_time_penalty,rc_lateral_penalty,rc_roll_penalty,rc_heading_penalty,rc_aoa_penalty,rc_sideslip_penalty,rc_control_oscillation_penalty,rc_premature_rotation_penalty,rc_failure_penalty,num_timesteps
-66.23464738513397,8.42824942342762,30.023472669632323,0.2342396316718261,-2.9152862876176338,-3.1045088125569467,8.898413728786513,0.9345907432411368,0.1975145860077987,0.0,False,RUNWAY_EXCURSION,505,50.49999999999714,1,759911.6917305741,1328.3224665802557,4313.600056892956,417.5299871186762,dry,0.9841131810373112,6.188102081851107,0.8844957350476021,0.0,0.0,-2.157429553522923,1013.2230511009454,0.9873858253978948,,,,,59.667142004189046,0.1975145860077987,0.6467507875769307,130.34884737133234,140.77675516103895,1826701614,16.890050039011797,6.012169897615841,8.842477343240372,8.204921131175842,0.0,0.0,0.0592543758023396,0.0,0.0,-5.049999999999937,-3.985874568163506,0.0,-0.319950232502537,0.0,0.0,-36.88769537131386,0.0,-60.0,505
-70.23768666201988,8.828168184487668,30.226773275073604,0.3365904683554647,-2.8165934873884715,-3.02546023385552,8.120268176258142,0.9407923784163298,0.1477953741924693,0.0,False,RUNWAY_EXCURSION,463,46.299999999997375,1,743787.0314516763,1331.0275539481063,4365.446669042305,284.4084112121386,dry,0.9913557921128476,0.4852314147639323,-0.6093074927547653,0.0,0.0,0.1260356763949559,1015.2763086725002,0.9913539766304668,,,,,55.69597853433834,0.1477953741924693,1.2149629555868025,129.34130324363167,139.68860750312223,1367864806,12.841800229172703,6.674506569243302,5.970961683660292,7.619377141468151,0.0,0.0,0.0443386122577407,0.0,0.0,-4.629999999999946,-4.009402696392992,0.0,-0.6836524966942963,0.0,0.0,-34.06561570473457,0.0,-60.0,968
-61.88739457709553,11.47960294113078,30.123886605050497,0.3737841808243732,-2.5758592823970434,-2.582562804421588,4.471610381921013,0.94015353840059,0.6271531298183675,0.0,False,RUNWAY_EXCURSION,764,76.40000000001305,1,703522.9651277519,1328.839897702939,4621.681278470207,186.9228643489808,dry,0.9721077133735512,7.103612316576638,-1.5129571478837165,0.0,0.0,4.966094785372673,1015.1583092741196,0.9942591837481244,,,,,84.96488009537894,0.6271531298183675,0.9784684895229744,126.85070130576788,136.9987574102293,1097657231,37.39364874174414,8.008837280926196,15.861476372233687,11.72641577056224,0.0,0.0,0.1881459389455101,0.0,0.0,-7.6399999999998816,-11.18676674845756,0.0,-0.0211005511738355,0.0,0.0,-56.21805138187539,0.0,-60.0,1732
-66.41926686198923,11.918321267424671,30.084186004645407,0.3081883159527617,-2.3654649528197664,-2.3797684086680437,7.083148942948153,0.9396820718698832,0.6613830483014453,0.0,False,RUNWAY_EXCURSION,591,59.09999999999928,1,670948.6036908766,1328.6705973395487,4388.940570888011,226.99940019748263,dry,0.9954663135591284,5.87308582896346,-1.8607016470028528,0.0,0.0,2.746680228790951,1010.9487119658162,0.9930426526332432,,,,,84.90274472756927,0.6613830483014453,0.9546295188849284,123.6659775332785,133.55925573594078,579362555,26.92991018280356,4.216889524815424,9.561471157341252,11.649370210749543,0.0,0.0,0.1984149144904337,0.0,0.0,-5.909999999999918,-9.327712407069606,0.0,-0.2825568457607604,0.0,0.0,-43.45505359935873,0.0,-60.0,2323
-70.59111008467109,9.280824422702146,30.123792572768547,0.2729154671162618,-2.757885567237014,-2.882417669953128,6.598877900835916,0.9339812667319852,0.2416409612484926,0.0,False,RUNWAY_EXCURSION,461,46.09999999999739,1,684565.9588685728,1323.004416621504,4755.921979330844,369.0564294142079,dry,0.9773200145236705,4.630224015696835,3.5150501456898344,0.0,0.0,-2.9901034950373706,1015.6584716145808,0.9887625552822586,,,,,62.73910671756887,0.2416409612484926,1.2981761885450638,123.38967303767664,133.26084688069076,661058651,12.91490221731091,4.3540530873867525,6.317505673775504,8.555681908882908,0.0,0.0,0.0724922883745477,0.0,0.0,-4.609999999999946,-4.411959622875147,0.0,-0.1751428037185276,0.0,0.0,-33.608642833807814,0.0,-60.0,2784
-68.57653197668773,8.413665533308553,30.47741527980367,0.735450991353675,-3.0099447582467245,-3.222181305802945,10.88266072161307,0.9362425492030692,0.2034294151941935,0.0,False,RUNWAY_EXCURSION,529,52.899999999997,1,761573.0655605195,1323.108145316753,4573.664623625282,347.6486742192898,dry,0.9999175688165788,5.3716775715851774,2.015624526338634,0.0,0.0,4.725386798159645,1015.2257917427892,0.9896800620999467,,,,,59.9533814415498,0.2034294151941935,0.2888233291750453,131.92183741837215,142.47558441184194,87989972,16.197720366812433,7.464821810095017,7.969164078469391,8.316279457192337,0.0,0.0,0.061028824558258,0.0,0.0,-5.289999999999932,-4.160865235186369,0.0,-0.356559467837977,0.0,0.0,-38.77812181079055,0.0,-60.0,3313
-71.0473438028855,9.353695800003372,30.28595446966931,0.2029834202618693,-2.7290971813084828,-2.9324360103929346,6.341890296553601,0.9345642573721592,0.1458110868350104,0.0,False,RUNWAY_EXCURSION,412,41.19999999999767,1,699804.844560591,1328.0909317518938,4794.184935934899,490.7135842971677,dry,0.9864724952134308,0.2653099015148603,-2.0147861263708178,0.0,0.0,2.0802914517333946,1014.1641144101658,0.985447954692683,,,,,54.25485757527839,0.1458110868350104,0.8014748372124814,125.95241785686652,136.02861128541585,161576974,10.635072577738436,4.67767345205948,4.607385101911381,7.519380981503181,0.0,0.0,0.0437433260505031,0.0,0.0,-4.119999999999957,-4.005172172114256,0.0,-0.3341205383543924,0.0,0.0,-30.07130653167967,0.0,-60.0,3725
-69.95028526661552,14.102179689955346,30.066190844487465,0.7994254537759651,-2.3917858498365296,-2.403211957884835,9.367169256785164,0.9310016790543169,0.9447974344066664,0.0,False,RUNWAY_EXCURSION,988,98.80000000003088,1,739257.8467474552,1329.3934491611617,4220.295845909432,335.57892701143663,dry,0.9579766622081982,6.207168065088866,1.1302897008663475,0.0,0.0,1.1479598416228356,1013.6322782444208,0.9898744526350792,,,,,98.52330089538776,0.9447974344066664,0.4940504561266756,129.27996571507757,139.62236297228378,35492826,54.371761120270655,9.192485120059056,17.34228560357459,13.626025285901513,0.0,0.0,0.2834392303219998,0.0,0.0,-9.879999999999834,-21.831668260410623,0.0,-1.1938537718690925,0.0,0.0,-71.86075959446289,0.0,-60.0,4713
-70.09456580624651,7.528231041636118,30.21297756024148,0.2486558421097099,-3.0515351750883406,-3.2042220779590034,7.829930980451016,0.9383327566100622,0.2309155219640501,0.0,False,RUNWAY_EXCURSION,557,55.69999999999684,1,768448.6937801141,1322.0432517784009,4259.527435190283,357.2906489556261,dry,0.9750934290351396,0.440881488735461,-1.7230270469204,0.0,0.0,-2.6777387899176466,1014.925143108718,0.9891314514576556,,,,,62.97277218544469,0.2309155219640501,0.9871206594603344,130.84983438659307,141.31782113752053,376383645,17.065613173813787,6.878095903513154,7.694961398307244,8.636817845927627,0.0,0.0,0.069274656589215,0.0,0.0,-5.569999999999926,-3.50750714191703,0.0,-0.5138601950383966,0.0,0.0,-40.84796144744176,0.0,-60.0,5270
-64.02275296254075,10.350342183960118,30.37068751279299,0.4541027446877717,-2.626383062774951,-2.634164560135416,6.315538474752165,0.9400430146267428,0.6356871392535197,0.0,False,RUNWAY_EXCURSION,692,69.20000000000732,1,702934.7786767635,1323.6498196044397,4497.810049457688,121.39934126762336,dry,0.9667019761825604,4.221811826761234,-0.1222688344076168,0.0,0.0,4.782439415194861,1011.7511972377667,0.9961299646295018,,,,,85.10492812548395,0.6356871392535197,1.0027651768422707,126.97118517643952,137.1288799905547,1746484539,29.361089884959107,7.749695168469566,13.044447750313058,11.781179758978542,0.0,0.0,0.1907061417760558,0.0,0.0,-6.919999999999897,-8.237074628993835,0.0,-0.0915238202431124,0.0,0.0,-50.901273217799705,0.0,-60.0,5962
-62.533358122609016,7.457874695625458,30.346370293625043,0.3525204095698402,-2.654582189483738,-2.7016710430509328,8.097419062693621,0.9361313358151172,0.3261458871083391,0.0,False,RUNWAY_EXCURSION,492,49.19999999999721,1,673024.4466813009,1327.44975192401,4491.545391547238,276.4370063025522,dry,0.9703925162288536,6.937386367788818,-0.691911244003002,0.0,0.0,4.9917038467710615,1014.083245620708,0.9916870890899844,,,,,67.05132572212256,0.3261458871083391,0.9953925882843252,124.14184831070664,134.07319617556317,1394609702,17.519250290609655,7.217449554969816,7.867695584869664,9.12052769959004,0.0,0.0,0.0978437661325017,0.0,0.0,-4.91999999999994,-3.0405542586688945,0.0,-0.4255920220324493,0.0,0.0,-35.96997873807908,0.0,-60.0,6454
-81.23221799606071,14.297093508195395,30.09281486174331,0.3180960969908598,-2.9931739543499947,-3.237834010891144,6.435082672135578,0.9378784855871852,0.1544773798802055,0.0,False,RUNWAY_EXCURSION,478,47.79999999999729,1,756959.376405084,1323.3080751860134,4533.375060200454,94.30498428577413,dry,0.9788045142127508,2.848833647565089,-0.0357933303371202,0.0,0.0,-2.6828430515164445,1014.5000851433924,0.9968474362508812,,,,,58.13442585777297,0.1544773798802055,1.0515068565552177,129.89400413544266,140.28552446627808,1960127675,13.319671201552724,1.6548446405142858,6.610092135472273,7.855827365849346,0.0,0.0,0.0463432139640616,0.0,0.0,-4.779999999999943,-10.856276663315075,0.0,-0.1004069107194594,0.0,0.0,-34.98231297937859,0.0,-60.0,6932
-80.1349540939078,13.744825257859604,30.012750032645897,0.1447058886047379,-2.9155994522202127,-90.0,5.751719433311189,0.9439193621994708,0.0187422973216939,0.0,False,RUNWAY_EXCURSION,388,38.7999999999978,1,734442.3753293878,1323.4671037000192,4757.897506631876,123.62871137763489,dry,0.9814623535790652,4.5620128286259005,3.095022653825138,0.0,0.0,-2.8964157730563374,1013.760583709408,0.9959829272423528,,,,,45.288885429677386,0.0187422973216939,0.5311459042109945,127.9462332797606,138.18193194214146,1081530686,9.06875205086682,1.5493002528760091,4.009043457299794,6.176966483637156,0.0,0.0,0.0056226891965081,0.0,0.0,-3.879999999999961,-8.144560654578774,0.0,-0.2045060335008673,0.0,0.0,-28.71557233970425,0.0,-60.0,7320
-74.43293486311734,13.083822372345123,30.12071417632284,0.1544489099847394,-2.7502244170030656,-2.829182355058648,3.939936841805841,0.9379082607437478,0.2634704134515004,0.0,False,RUNWAY_EXCURSION,516,51.599999999997074,1,681076.4770568088,1322.7970347632322,4682.365833362354,285.8699246488959,dry,0.9923732271962304,2.3258534508772755,-1.4657809653679088,0.0,0.0,2.215358868878149,1015.7100911319236,0.9913547720726218,,,,,62.72175922022492,0.2634704134515004,0.8388642562038306,124.18989089465732,134.1250821662299,1302740407,17.53473990895562,3.156060723538701,8.981102262138776,8.605638540150435,0.0,0.0,0.0790411240354501,0.0,0.0,-5.159999999999934,-9.814687384608517,0.0,-0.0062104093023518,0.0,0.0,-37.808619628025184,0.0,-60.0,7836
-80.55467032987573,14.64413485341155,30.29651804972058,0.5956777779289645,-2.900277903071293,-2.90694661264147,7.271307507941587,0.9398405116319845,0.6248054978266566,0.0,False,RUNWAY_EXCURSION,842,84.20000000001926,1,760151.322693728,1322.6381027854777,4770.490200709999,159.43929321847185,dry,0.98082925817076,4.403782973384194,-0.753976962816199,0.0,0.0,1.8922543933966445,1014.017294343075,0.9949993954128512,,,,,86.3856971600609,0.6248054978266566,1.024196422636443,131.23774816585762,141.73676801912623,2084654369,38.645473607908194,5.431753934375228,14.281938192567663,11.91296984772608,0.0,0.0,0.1874416493479969,0.0,0.0,-8.419999999999865,-20.063053031036468,0.0,-0.5507369588739662,0.0,0.0,-61.98045757188985,0.0,-60.0,8678
-73.67185066159182,8.79448159199174,30.14386244983211,0.2169815614458197,-3.025726650647428,-3.2890164124286025,7.160684259605341,0.930916980893971,0.0923034460924441,0.0,False,RUNWAY_EXCURSION,474,47.39999999999731,1,767601.8544086335,1323.417159931189,4570.808043416895,130.02386087424478,dry,0.9797820637692376,4.599437067989412,-0.4643654975346951,0.0,0.0,-2.0416265050078533,1010.0017948576112,0.99581127299492,,,,,53.196916944590825,0.0923034460924441,1.0050391043070483,131.242050245375,141.741414265005,1566581934,11.579961111988144,5.47793800381113,5.521650607256152,7.29708858184868,0.0,0.0,0.0276910338277332,0.0,0.0,-4.739999999999943,-4.073393074185763,0.0,-0.3655870304752347,0.0,0.0,-34.397199895662446,0.0,-60.0,9152
-71.37625075633157,10.857365573653594,30.122806631226343,0.254498460322966,-2.823293944804133,-3.0058212962095348,5.230777772219923,0.9311700373795172,0.2084816574059687,0.0,False,RUNWAY_EXCURSION,535,53.499999999996966,1,710752.0623633713,1324.2684765188517,4435.089599606195,401.8804722261964,dry,0.9518995325303484,3.678615560354306,-0.1290906498177699,0.0,0.0,4.620856328020833,1013.2663891758108,0.9881223141870774,,,,,59.267510289016975,0.2084816574059687,0.393456670560024,127.54456427066202,137.748129412315,1357791198,16.987072484416103,6.015123487656031,8.636324814661831,8.241346951321592,0.0,0.0,0.0625444972217905,0.0,0.0,-5.34999999999993,-7.007453016886405,0.0,-0.0505129972862641,0.0,0.0,-38.91069697743594,0.0,-60.0,9687
-63.14915418473349,13.32409498469065,30.096548173224782,0.4869226681164457,-2.3525680627985737,-2.36534156480107,4.050910904685485,0.9395869994010688,1.0260496887979684,0.0,False,RUNWAY_EXCURSION,650,65.00000000000398,1,721203.5047475111,1325.7419606619158,4387.939285762524,351.89355427415114,dry,0.9615518057470402,0.6674242605060448,-3.1516899872563884,0.0,0.0,1.211671494258006,1012.3524144946028,0.9893914500036995,,,,,103.7032859785614,1.0260496887979684,1.8952508536541932,127.7863137385512,138.00921883763533,1167425778,33.691614843366025,3.794355696814328,12.967493013635234,13.227229267327804,0.0,0.0,0.3078149066393904,0.0,0.0,-6.499999999999906,-12.821719961632017,0.0,-0.0093148667277545,0.0,0.0,-47.80662708415609,0.0,-60.0,10337
-75.40972562609471,13.172645025357657,30.09965192872932,0.5908889266481003,-2.69266321074698,-2.716064566528944,7.264133715287779,0.9407522171773824,0.4296834662348772,0.0,False,RUNWAY_EXCURSION,522,52.19999999999704,1,719546.0694690896,1331.9131577047754,4704.316026963573,87.54614444638925,dry,0.992750272613571,1.225527997128783,0.7754970390139695,0.0,0.0,-1.993154844938679,1012.9944579257966,0.99704655552397,,,,,76.23380065889042,0.4296834662348772,1.759882767019203,126.89035858486028,137.0415872716491,1202413557,17.69311776149241,2.511407565792751,7.7855107040439,10.348166471194393,0.0,0.0,0.128905039870463,0.0,0.0,-5.219999999999933,-10.064077463916636,0.0,-0.0969723859967022,0.0,0.0,-38.49578331857501,0.0,-60.0,10859
-69.4552948725478,10.87229245314778,30.09316122053911,0.8392892760890113,-2.3725393786119016,-2.383020680673569,10.351073525076766,0.9453750577237868,0.8393108354442802,0.0,False,RUNWAY_EXCURSION,690,69.00000000000716,1,722143.3347829866,1325.723704759314,4498.631871966969,310.0348630988831,dry,0.9742452189118692,1.5999557527915351,-2.7009422249176693,0.0,0.0,-2.687934946577312,1010.1587279614864,0.990490678072236,,,,,94.5154789613826,0.8393108354442802,1.7296767027646531,127.14283239058354,137.31425898183022,2008052738,30.209665458439236,7.356647592567287,9.083346442601773,12.640398834853608,0.0,0.0,0.2517932506332839,0.0,0.0,-6.899999999999897,-9.062516977652704,0.0,-1.8514096654362144,0.0,0.0,-51.18321980855355,0.0,-60.0,11549
-53.33743861001237,5.93780888280233,30.642748069142822,0.9062106903467512,-2.420848735131269,-2.432429473048319,9.010150786868548,0.9374930930311446,0.7766944877063224,0.0,False,RUNWAY_EXCURSION,823,82.30000000001775,1,738534.2571426306,1331.6298522168406,4583.491589513754,167.4835806856108,dry,0.9781193883353532,0.2280746468745427,-2.292725853153516,0.0,0.0,0.3032898788804159,1010.1647033389816,0.9947317768916444,,,,,93.19022414290184,0.7766944877063224,2.017525123447257,129.24917010018413,139.58910370819888,595598245,37.85528862356342,12.383343553946233,15.873986062514462,12.842440439692371,0.0,0.0,0.2330083463118965,0.0,0.0,-8.229999999999869,-3.2241092969454197,0.0,-0.6503578227403198,0.0,0.0,-60.42103851635436,0.0,-60.0,12372
-57.218415600329685,7.72796140958573,30.623071286592204,1.1368971291895638,-2.6344631328888277,-2.671681229411865,17.441740501216227,0.930295371963072,1.122787490981949,0.0,False,RUNWAY_EXCURSION,817,81.70000000001727,1,767205.679246257,1324.0786697831952,4498.59106283004,118.6798009460598,dry,0.99216705760015,3.1866174658540025,-1.113115266796615,0.0,0.0,-0.1299988535543397,1011.3492801587008,0.9961415026960904,,,,,113.16549131895869,1.122787490981949,4.223095353773552,131.55805096102137,142.08269503790308,1752032165,40.25348054697565,8.30974486236665,13.180884645156846,15.064204295779795,0.0,0.0,0.3368362472945846,0.0,0.0,-8.16999999999987,-5.421374847417086,0.0,-1.4015284024887196,0.0,-0.0939915516686693,-59.27667139632823,0.0,-60.0,13189
-67.060026957347,12.987535536974196,30.08754140834364,0.5815500640338606,-2.592453460244137,-2.621048496764462,6.04536151488736,0.9396352778731368,0.5574943063087403,0.0,False,RUNWAY_EXCURSION,396,39.59999999999776,1,686475.4369675125,1324.2763920839366,4639.705729515698,38.29309616680299,dry,0.9682452912953204,4.67459573071808,-3.027626001777179,0.0,0.0,-0.7585583756859178,1015.0099827449088,0.9984915530827876,,,,,86.31302743972871,0.5574943063087403,4.437899735123949,124.0837891149559,134.01049224415237,1440696407,13.424158892807217,4.093490561605995,5.429847371592549,10.594698367887418,0.0,0.0,0.167248291892622,0.0,0.0,-3.95999999999996,-7.421747490263377,0.0,-0.2327730177671113,0.0,0.0,-29.154949935102163,0.0,-60.0,13585
-68.32148115581073,12.298723259678903,30.235398348199848,0.6342009864047599,-2.706345184056409,-2.7259009591573147,11.98836797914541,0.9354474830937076,0.6204945623272238,0.0,False,RUNWAY_EXCURSION,462,46.19999999999738,1,696100.7926143042,1324.583393817394,4683.898002295315,470.07400282919696,dry,0.9722499195097608,5.184052386194956,1.1115847679303783,0.0,0.0,-1.6753293058025465,1010.1772945532564,0.9858446935275256,,,,,87.29193418632283,0.6204945623272238,2.116979745640944,125.0492710313953,135.05321271390693,5880883,19.165569058480976,3.520653394074124,5.23620993463513,11.37135890036718,0.0,0.0,0.1861483686981672,0.0,0.0,-4.619999999999946,-7.764607815999239,0.0,-1.6204770954151684,0.0,0.0,-33.79633590065166,0.0,-60.0,14047
-82.18853668563781,12.668324802597386,30.29772006807356,1.2427743035592698,-2.853832175138584,-2.89235926973872,24.250544821918616,0.9227978306880816,0.3211793570166037,0.0,False,RUNWAY_EXCURSION,761,76.10000000001281,1,755306.4866943074,1330.2480914071946,4238.613358861366,28.89049528577864,dry,0.9996308089930156,0.7692790390897226,-1.977135765068496,0.0,0.0,2.322431486244408,1013.3794468018236,0.9987933000586984,,,,,63.97851674727376,0.311639696881592,-0.1196600293433469,130.9570274576336,141.4335896542443,846428919,29.06618540281184,5.818322073332984,13.300386198377502,9.083432096662955,0.0,0.0,0.0934919090644775,0.0,0.0,-7.609999999999882,-13.570021218269256,0.0,-3.587460739008584,0.0,0.0,-54.78287240860932,0.0,-60.0,14808
-80.74411374414723,11.54190735390964,30.03619295089076,0.2065608214907791,-2.9799831666898675,-90.0,5.175324194401042,0.9270773937625272,0.0,0.0,False,RUNWAY_EXCURSION,465,46.49999999999736,1,761029.0990476526,1324.6807317568694,4285.871731830213,479.1185413089182,dry,0.9527826714149932,3.547831390006624,0.3294425140192771,0.0,0.0,1.3169131041908413,1014.896070206141,0.98577439470963,,,,,42.181987383443776,-0.0063024756476011,0.1529612821729919,131.12638794503113,141.61649898063362,1841261662,11.080643290573663,1.9784456667097277,5.621943079875742,5.847518134053162,0.0,0.0,0.0,0.0,0.0,-4.649999999999945,-6.882807310588735,0.0,-0.1481525526492295,0.0,0.0,-33.59170405212138,0.0,-60.0,15273
-61.51168907010958,6.509716209835961,30.73389950891938,1.235977157153449,-2.7226563796451653,-2.743053198105818,14.596217947495012,0.9316177325753066,0.6211077734521382,0.0,False,RUNWAY_EXCURSION,520,51.99999999999705,1,740127.9155662829,1328.3704048220318,4556.14053128589,417.0450857757989,dry,0.9620367172400924,4.429938250822287,-3.473032462536204,0.0,0.0,4.833513805208295,1013.024681156064,0.9876833021895762,,,,,84.09513399291225,0.6207504801969321,-0.1749843277766949,130.21642202335997,140.63373578522877,1190382222,18.807188543623884,6.751091261566624,7.817072596681121,11.019809024452153,0.0,0.0,0.1862251440590797,0.0,0.0,-5.199999999999934,-2.4484145187725064,0.0,-0.6335134117358754,0.0,-0.0091197600766403,-37.802027949907135,0.0,-60.0,15793
-73.9122504971406,8.985874785463352,30.35145734047852,0.3874810079550397,-2.729100139900514,-90.0,15.728038928294009,0.9137123654462416,0.0,0.0,False,RUNWAY_EXCURSION,338,33.799999999998086,1,688788.7181248025,1325.7938292445765,4600.265691283965,22.1282770125627,dry,0.9628615283742756,1.057561451905042,-1.0292606853933397,0.0,0.0,3.873734829234947,1014.4828769336326,0.9989926909984774,,,,,36.2277052429319,-0.0247657079395793,-0.1399092221665743,125.322922707079,135.3487565236453,72124473,7.29693754535861,2.802152136850242,3.196465111145391,5.039958701422208,0.0,0.0,0.0,0.0,0.0,-3.379999999999972,-3.032458848120979,0.0,-1.8112395365560352,0.0,0.0,-24.02406560723995,0.0,-60.0,16131
-48.52609743519231,6.814034493428874,30.098520731508504,0.8572805937419947,-2.378573716270828,-2.411866806285328,5.767476446278173,0.9228696305363484,1.2191638933781237,0.0,False,RUNWAY_EXCURSION,571,57.09999999999769,1,713880.30248509,1326.9513876267029,4419.707878477195,212.4673881888076,dry,0.967285228528704,3.912202201479463,0.5700709378477908,0.0,0.0,0.3527418733877816,1010.4825816874234,0.9934151629605652,,,,,118.71386324585418,1.2191638933781237,6.553243536416744,127.06444483971052,137.22960042688737,1642588603,25.533180605554826,10.149568858569586,10.270043365753978,14.936635661216936,0.0,0.0,0.365749168013437,0.0,0.0,-5.709999999999923,-2.9457931922590666,0.0,-0.0725540803396113,0.0,0.0,-41.05292782170218,0.0,-60.0,16702
-64.67528845953153,9.891397092221975,30.10018624979053,0.1769331137628062,-2.558916550831844,-2.596101659029746,5.620218048744981,0.9353209449293832,0.4162213063513036,0.0,False,RUNWAY_EXCURSION,305,30.499999999998277,1,676679.5757799848,1330.2571406019058,4729.927606968136,412.6828991788644,dry,0.9775982219286952,4.73665063368669,2.2130893301492915,0.0,0.0,0.4072358309928416,1011.8822069527226,0.9876055786334512,,,,,79.92059436738815,0.4162213063513036,5.317605376834536,123.63553893263416,133.5263820472449,1566923138,9.11599770993092,3.00672038814738,3.3247899659862847,8.618742515264133,0.0,0.0,0.124866391905391,0.0,0.0,-3.049999999999979,-3.3156799569983666,0.0,-0.1941001564621811,0.0,0.0,-22.306625317305,0.0,-60.0,17007
-69.6056342746722,7.836627327032059,30.979310111907655,0.9837127855304072,-2.876497529965624,-2.934267911172183,21.592784216147265,0.8795214269472202,0.1093808631577335,0.0,False,RUNWAY_EXCURSION,230,22.999999999998693,1,762260.9933092977,1330.8521886159383,4655.886811090433,0.708732065139106,dry,0.9647105258509762,1.430248372805381,1.146111555187347,0.0,0.0,-1.4689389706067797,1010.689908051479,0.999624123618924,,,,,58.44049398459776,0.1093808631577335,3.9489291012987415,130.87092511328044,141.3405991223429,1818006482,4.123584138948568,1.6393669243702755,1.2161349014604097,5.788255764167278,0.0,0.0,0.03281425894732,0.0,0.0,-2.299999999999995,-1.569436378715633,0.0,-2.976737087236524,0.0,0.0,-15.559616796613907,0.0,-60.0,17237
-69.02172148840665,10.357502515727958,30.081127183295123,0.5158828268751352,-2.172361847390952,-2.204255296156701,6.025111153124739,0.8902028881878443,1.04904629493916,0.0,False,RUNWAY_EXCURSION,445,44.49999999999748,1,671085.196730889,1329.7908501488291,4740.589579179819,480.780396191989,dry,0.9663902081627006,3.243066627853362,3.916386786253815,0.0,0.0,-2.8466691846965557,1012.8984939943886,0.9854526564216278,,,,,109.67662920400622,1.04904629493916,6.532773303151274,122.36580593319827,132.15507040785417,377217572,14.086227759186812,2.434259152816124,4.955450701063338,9.549733084597294,0.0,0.0,0.3147138884817479,0.0,0.0,-4.4499999999999496,-5.304294107963708,0.0,-0.1486767108241287,0.0,0.0,-30.45913525576399,0.0,-60.0,17682
-61.9120963087833,14.550395269447574,30.076099478513704,0.4676544558072597,-2.600556369559825,-2.616361504320308,4.670608514404011,0.9147806446560306,0.690633666592646,0.0,False,RUNWAY_EXCURSION,297,29.69999999999832,1,672974.7326709746,1325.5929125383757,4744.603930405256,274.2726678486122,dry,0.952900301435602,4.767841096916156,1.9447555338100857,0.0,0.0,-2.104852915752536,1014.0010972789704,0.9915494316545606,,,,,89.06052925772617,0.690633666592646,1.0410857669871376,122.63042858243898,132.4408628690341,191741830,13.838484960835835,1.720285956008786,4.651919930009201,8.671828512845643,0.0,0.0,0.2071900999777938,0.0,0.0,-2.9699999999999807,-6.986562082406362,0.0,-0.0370785050557006,0.0,0.0,-21.00816518099844,0.0,-60.0,17979
-66.02407165606563,14.460401642422338,30.299852210843103,0.6232115533180675,-2.256818291809823,-2.28883169981783,7.148776333666096,0.9267397537081802,1.0322463798485888,0.0,False,RUNWAY_EXCURSION,393,39.29999999999777,1,689881.5091591291,1331.801642581887,4410.996361321517,1.00277645928748,dry,0.9746506828778814,1.0896927343332583,2.94814432102814,0.0,0.0,1.3346481301528454,1010.2332549296242,0.9995790992638572,,,,,105.10905305462418,1.0322463798485888,2.29890418176085,125.1382213754138,135.1492790854469,1853662620,16.72681728033142,2.1132937824712825,5.256371403900061,11.244101653516935,0.0,0.0,0.3096739139545766,0.0,0.0,-3.92999999999996,-9.130840417160789,0.0,-0.2672606633032134,0.0,-0.0103027566717787,-28.335925853104012,0.0,-60.0,18372
-65.97067710284125,10.908238236100711,30.3027642937618,0.1192331861796933,-2.625836207701142,-2.716119924079986,10.47003819772868,0.8714174373665045,0.1896947990603621,0.0,False,RUNWAY_EXCURSION,199,19.89999999999887,1,678641.0472281056,1330.4257687359773,4617.092627708466,367.7329824647084,dry,0.9729818271014644,5.826614456972229,3.79788614626921,0.0,0.0,-0.1887695269590175,1011.5534333565574,0.988889222640399,,,,,59.65968097814728,0.1896947990603621,2.673195369520247,123.70676367805474,133.60330477229914,47463574,4.943491932131596,1.2315364226976977,0.7209821231271669,5.969776323355046,0.0,0.0,0.0569084397181086,0.0,0.0,-1.990000000000001,-2.6309936246322665,0.0,-1.0706860119509218,0.0,0.0,-13.20169270728768,0.0,-60.0,18571
-69.81960605310279,11.34628011790997,30.092726079558087,0.2373136784864244,-2.974092323892453,-90.0,12.700684803618213,0.8765037756484332,0.0,0.0,False,RUNWAY_EXCURSION,227,22.69999999999871,1,749230.6264963447,1322.76947159977,4238.476197841844,427.484850889213,dry,0.991750307013047,1.0952011015768512,2.354566130272594,0.0,0.0,3.2353718831096456,1015.99122056661,0.9873414584837154,,,,,40.74588185356127,-0.0011989405767849,-0.1134135967114602,130.46602881397857,140.90331111909686,1162779115,5.250453534352899,1.2569845903575585,1.012985126887106,4.634337755120146,0.0,0.0,0.0,0.0,0.0,-2.269999999999996,-3.2470602734106637,0.0,-1.1754959289318971,0.0,0.0,-15.281810857477932,0.0,-60.0,18798
-65.46341195723136,9.157975856173945,30.072718779315856,0.6286934113626578,-2.8615101630542483,-2.9634915928548304,19.02289814934729,0.8184244061111347,0.1472133351361435,0.0,False,RUNWAY_EXCURSION,187,18.699999999998937,1,710852.0662885238,1322.0458881507052,4593.205031747665,474.3322798712563,dry,0.9888597216318432,5.148721419060636,1.111758653917387,0.0,0.0,-2.453993924403446,1015.8394738432077,0.9856973945534546,,,,,59.47849853330145,0.1472133351361435,2.937956899999694,125.84325541863632,135.91071585212725,172656923,4.0963320590514165,0.9237492240530508,0.9196004306671102,5.545598838016431,0.0,0.0,0.044164000540843,0.0,0.0,-1.8700000000000012,-1.742601508142614,0.0,-1.918716329615088,0.0,0.0,-11.461538671802517,0.0,-60.0,18985
-66.06430935636274,8.936944994424628,30.427583126213417,0.5045656743029979,-2.742941972895454,-2.9042671577550307,18.95029006340221,0.8598315579735716,0.1516680276914712,0.0,False,RUNWAY_EXCURSION,184,18.399999999998958,1,719710.5945503095,1331.0111227229509,4227.762213500966,258.37149400993667,dry,0.9915746706684424,1.0004942440025315,-1.471070153441679,0.0,0.0,0.1650953549282885,1015.2673334187368,0.9920974577204428,,,,,55.85194880881707,0.1516680276914712,1.620910374063822,127.23987077885782,137.4190604411665,643626383,4.097928308067826,1.3703119200795175,0.836817233189211,5.369856454085046,0.0,0.0,0.0455004083074413,0.0,0.0,-1.8400000000000012,-1.6328770437044828,0.0,-2.234148216300979,0.0,0.0,-12.077698420086325,0.0,-60.0,19169
-63.7021399311335,9.72104729523509,30.20684569206363,0.3221911387731426,-2.8354439344447684,-2.8798476883108743,14.109998838559887,0.8554238648168627,0.3200841879483675,0.0,False,RUNWAY_EXCURSION,210,20.999999999998806,1,717418.4434264062,1323.6624822209508,4775.4222891276295,225.30850547736136,dry,0.9760078343408451,1.251230119531166,0.7516418716235451,0.0,0.0,-1.9430162508261333,1014.5836236739324,0.9930143961688956,,,,,74.19388761158369,0.3200841879483675,4.571662700848194,126.6144419548451,136.74359731123272,1033071480,5.689398318608619,1.243317353177314,1.394183921039294,6.618232517301877,0.0,0.0,0.0960252563845102,0.0,0.0,-2.099999999999999,-2.204971078711274,0.0,-0.7858670671319824,0.0,0.0,-13.652459151801857,0.0,-60.0,19379
-67.14084428783028,8.514859171039385,30.265824525453223,0.335949302240341,-2.4997873132130946,-2.536700209443981,6.248135319122402,0.8818596112464673,0.621071462516511,0.0,False,RUNWAY_EXCURSION,362,36.19999999999795,1,707356.9482369975,1328.9337833698387,4658.034176315992,344.55558267050986,dry,0.989116857548196,4.061894852390694,-0.8091942160441401,0.0,0.0,3.6286860823376257,1011.8300140924772,0.9896957517805468,,,,,91.66254119614014,0.621071462516511,6.010597435039831,127.11391720598137,137.28303058245987,907713895,9.607312063917965,2.513099852694218,3.3356527021940265,8.396394163932976,0.0,0.0,0.1863214387549533,0.0,0.0,-3.619999999999967,-2.916224807372592,0.0,-0.1428728812136265,0.0,0.0,-24.50052682073809,0.0,-60.0,19741
-68.9418886473565,8.84806405072334,30.018663465907192,0.1333540591304309,-2.790405129871336,-2.825625564222923,7.937120894691,0.8735773832925829,0.3128411476164388,0.0,False,RUNWAY_EXCURSION,286,28.59999999999838,1,729273.2137756365,1329.0587818312308,4309.044668952612,452.820351621253,dry,0.9813967549353532,5.491315850121544,2.9061424914652,0.0,0.0,-2.3553424516616106,1015.3517638493717,0.9863349485153572,,,,,73.91308692594139,0.3128411476164388,4.598481787851707,127.51600778381672,137.71728840652207,865948037,6.079748807486044,1.7600680511249294,1.3767897896225096,6.872031497870496,0.0,0.0,0.0938523442849316,0.0,0.0,-2.859999999999983,-2.487826212163442,0.0,-0.5949367615946727,0.0,0.0,-19.18161616398726,0.0,-60.0,20027
-71.49898595101624,9.37071138767022,30.07219064323105,0.454054827617919,-2.854633706940451,-2.8930492024211434,7.023596543456535,0.8292743076088487,0.3517791837419395,0.0,False,RUNWAY_EXCURSION,326,32.599999999998154,1,747403.6608399407,1327.8113718696184,4441.715525986697,433.59086457259934,dry,0.9644931913467202,3.008705477278075,0.1839950514455433,0.0,0.0,0.122873430735134,1015.0280603989194,0.9870102332135706,,,,,76.8443427066495,0.3517791837419395,4.80016181802112,129.6705228115865,140.0441646365134,60816030,6.356335889077408,1.5051228547641873,1.252076190216849,6.864463090900258,0.0,0.0,0.1055337551225818,0.0,0.0,-3.2599999999999745,-3.18068173366556,0.0,-0.5319709496855062,0.0,0.0,-20.60986504774641,0.0,-60.0,20353
-63.99427881068223,9.881134304097063,30.07666519388723,0.1699302346307133,-2.751007319121152,-2.78651201510472,8.659308858530466,0.8524858043564209,0.2976363662823758,0.0,False,RUNWAY_EXCURSION,221,22.099999999998744,1,713272.8547850678,1328.897799343565,4405.601623930362,188.2230719038195,dry,0.9626201005523156,0.3700185429240825,3.663864729250249,0.0,0.0,1.9027012188305368,1013.5808323842148,0.9941666581336196,,,,,72.4131321874815,0.2976363662823758,4.647855459807992,127.15630458178188,137.32880894832442,11494707,5.7444888095460245,1.662552669167388,1.2370965039912416,6.897889600555534,0.0,0.0,0.0892909098847127,0.0,0.0,-2.209999999999997,-2.397526238329825,0.0,-0.7101149209055777,0.0,0.0,-14.307956144591731,0.0,-60.0,20574
-61.4310359778375,11.2416761220159,30.21402927511998,0.5529534144227769,-2.4411004109330543,-2.487915893648153,5.94519563291091,0.8590224220714207,0.5762938468227361,0.0,False,RUNWAY_EXCURSION,227,22.69999999999871,1,693126.7282617195,1329.1701205146371,4408.768894796623,56.455219277172006,dry,0.9507392086056028,5.826504952209434,2.899753010769801,0.0,0.0,-1.5536480933428525,1013.5438590312958,0.9979421013955504,,,,,89.36723918817286,0.5762938468227361,6.40743490658771,124.60089620385384,134.56896790016216,266896303,7.776382082595681,1.5898925996295004,2.178434346815168,7.375521719713672,0.0,0.0,0.1728881540468208,0.0,0.0,-2.269999999999996,-3.18746544681474,0.0,-0.1691957968515651,0.0,0.0,-14.897493636972046,0.0,-60.0,20801
-57.76584271655159,9.557918523958444,30.148933661923323,0.3744286798897874,-2.848990117434762,-2.884208538567153,7.131269294954636,0.7616161714084666,0.5404142641601766,0.0,False,RUNWAY_EXCURSION,228,22.799999999998704,1,743202.428306253,1322.3565110850811,4609.863589229217,180.23516901742664,dry,0.9708277930919234,3.6188759148787097,1.4965080625936888,0.0,0.0,-1.0155687677199694,1015.49203180235,0.9943526871662496,,,,,88.97931104448966,0.5404142641601766,5.484896436339621,129.02050095871772,139.34214103541515,17790419,8.046225628417346,2.359932181189884,2.240043907638561,7.356247417314407,0.0,0.0,0.162124279248053,0.0,0.0,-2.279999999999996,-2.3142964316025765,0.0,-0.3163503955429134,0.0,0.0,-13.019769303214362,0.0,-60.0,21029
-69.12620223505296,10.62792319597551,30.41158116499452,0.2016579551601439,-2.8689078423939383,-3.1300168023479045,10.172245589626622,0.9203934518097096,0.0496837973204264,0.0,False,RUNWAY_EXCURSION,229,22.8999999999987,1,728563.3609595981,1325.0695593989358,4524.446791640826,199.71126200005213,dry,0.9836797126706278,3.26512762620445,2.0525680691478825,0.0,0.0,3.170528997003805,1012.9068222230384,0.9938728294601438,,,,,50.55728376636392,0.0496837973204264,1.8851367060861968,128.83541108597822,139.14224397285648,1440154963,5.096461747397552,1.5498849999709063,0.8873909318163781,6.190706428816142,0.0,0.0,0.0149051391961279,0.0,0.0,-2.289999999999995,-2.8740200093597705,0.0,-1.3336839834723055,0.0,0.0,-16.367847489417994,0.0,-60.0,21258
-70.5194009686462,10.080081103448292,30.051905522647413,0.1245445219194937,-2.8986889816947867,-2.993960268859833,9.7962224413801,0.8310641670375728,0.1839337906381217,0.0,False,RUNWAY_EXCURSION,294,29.399999999998336,1,762369.0000965857,1329.7101083345567,4509.858769411318,31.9507080993221,dry,0.9531041147845476,4.289402622691245,-3.6695479788731458,0.0,0.0,-1.0423357833842166,1013.2780347304476,0.9986947958542128,,,,,64.88398657127995,0.1839337906381217,4.168528754968151,130.81016100873032,141.27497388942876,1128755548,6.089071228370228,1.5705037405765638,1.5124570596541362,5.851211298040762,0.0,0.0,0.0551801371914365,0.0,0.0,-2.9399999999999813,-3.319195811701781,0.0,-0.907747492661304,0.0,0.0,-18.4308811281162,0.0,-60.0,21552
-64.4747294835174,9.43437989309067,30.17681819953013,0.2437510761088294,-2.982911117933826,-3.1040294066306937,13.335736994299785,0.8137397078007302,0.1486566681328724,0.0,False,RUNWAY_EXCURSION,191,19.099999999998914,1,761195.2050116174,1324.6257536150151,4542.964810038961,230.6279176436016,dry,0.9777514162455344,3.3876824478621854,1.482138554444818,0.0,0.0,3.441580558968921,1014.5426973877728,0.9929897347309534,,,,,62.54848248615637,0.1486566681328724,3.861679250389596,131.6440196035938,142.1755411718813,1389828892,4.480410823784707,1.4917638234753965,0.8194814196682004,5.744699118420718,0.0,0.0,0.0445970004398617,0.0,0.0,-1.9100000000000013,-1.8889374530807028,0.0,-1.581154048488126,0.0,0.0,-11.67559016773746,0.0,-60.0,21743
-60.82652435841823,9.489796145995664,30.023181040903,0.2920316663897864,-2.5392980309946904,-2.576308303147171,10.283108093603492,0.8382679536441959,0.4550584205476582,0.0,False,RUNWAY_EXCURSION,200,19.999999999998863,1,700976.1790178224,1331.9591700328172,4577.083782171233,75.69654506285222,dry,0.958145408403145,1.3455519904056423,2.196428677096768,0.0,0.0,3.6001667259474432,1013.9361279273596,0.9974350142029316,,,,,80.93921339045029,0.4550584205476582,4.847980152377254,126.40163006645162,136.51376047176777,552547096,6.399943789855271,1.9396678336168585,1.5792588296715488,6.278975826074337,0.0,0.0,0.1365175261642975,0.0,0.0,-2.0000000000000013,-2.001249575390092,0.0,-0.6023565750329338,0.0,0.0,-12.557282013377517,0.0,-60.0,21943
-59.42521970790129,10.770473006725414,30.17344368528048,0.2599541902883899,-2.726408362127511,-2.759039926266704,6.292028787603116,0.8696414361794789,0.6325004349152437,0.0,False,RUNWAY_EXCURSION,250,24.999999999998582,1,744525.9188849516,1324.844124673236,4708.3088777765015,374.97061842294505,dry,0.9885136471445778,7.867036132766825,-3.329546702436138,0.0,0.0,-2.4913289775592107,1010.2758173762244,0.9885934933258316,,,,,91.5384547883424,0.6325004349152437,4.9129081522109175,129.135136145457,139.46594703709357,1321529463,9.406376107940652,2.280215126415866,2.7871264612784143,8.227903770690377,0.0,0.0,0.1897501304745731,0.0,0.0,-2.4999999999999907,-3.2223080219055764,0.0,-0.1251541653159843,0.0,0.0,-16.469129117479607,0.0,-60.0,22193
-53.832428883128166,8.6617853898208,30.40300727768912,0.9345333585246858,-2.6668914342025563,-2.6982778783483323,9.378753394038824,0.8260842795420726,0.7968905389141128,0.0,False,RUNWAY_EXCURSION,261,26.099999999998523,1,751353.0671454176,1324.368440656733,4383.090359133239,148.95647717341294,dry,0.9574528314936892,4.848500738716287,-3.038839841420556,0.0,0.0,1.1865209159477503,1014.5151072537138,0.9952828237364392,,,,,94.298935288056,0.7968905389141128,0.7891357629211448,130.28523097788684,140.7080494561178,1640795441,11.70722478712038,3.881445705975214,3.617381368001753,7.984151820367,0.0,0.0,0.2390671616742338,0.0,0.0,-2.6099999999999883,-2.1757692580400785,0.0,-0.3076794600373179,0.0,0.0,-16.16825100818934,0.0,-60.0,22454
-49.94537947287107,11.442384658246327,30.412595233508224,1.38756431111158,-1.7598351209131269,-1.82223267027435,14.943667748524671,0.8426692496607271,1.8344658735385624,0.0,False,RUNWAY_EXCURSION,368,36.79999999999792,1,742526.3149398617,1323.1308848713395,4560.609358506204,143.29845023337052,dry,0.9564614191213392,2.146314927510549,0.0005902127144388,0.0,0.0,-2.395158520106425,1013.9942933536626,0.9953667899149188,,,,,130.6646906218229,1.8344658735385624,11.420756006017676,128.7465959604394,139.04632363727458,823941273,23.30590300113564,2.7667609075167707,5.077167363128934,12.071785840006331,0.0,0.0,0.5503397620615685,0.0,0.0,-3.6799999999999655,-5.353507259283962,0.0,-1.0352746429792987,0.0,-0.245347079443687,-23.403207365013337,0.0,-60.0,22822
-51.90688000936289,8.296872096728656,30.48259179852627,1.3592269302406266,-2.0888738069042967,-2.1277610644268794,12.688892809693725,0.8449394074294081,1.2873726528553675,0.0,False,RUNWAY_EXCURSION,305,30.499999999998277,1,734829.6707254427,1326.695736626736,4394.930414569135,67.49623937237659,dry,0.9901575560480842,5.162509810622405,-2.40559771141687,0.0,0.0,-0.609453407086618,1015.875706105935,0.9976202187777616,,,,,115.91093875905722,1.2873726528553675,4.008420307813818,128.35813217565556,138.626782749708,989821580,15.913999532424649,2.67884842409748,4.158701736447265,10.38907793114947,0.0,0.0,0.3862117958566103,0.0,0.0,-3.049999999999979,-2.332846267754416,0.0,-0.563037099143056,0.0,-0.0188309652034553,-19.46900509723745,0.0,-60.0,23127
-53.30548006418962,7.559633899514488,30.135503600476994,0.9294366375757224,-2.357117132304664,-2.418330835512585,12.52440515069646,0.8769629764440865,0.9068871206983432,0.0,False,RUNWAY_EXCURSION,274,27.39999999999845,1,745943.9984226458,1330.0053302277624,4252.464761686895,412.20349892502,dry,0.9675086759018108,0.0825349504438461,-2.008215261321922,0.0,0.0,-2.9007633143044584,1010.1108473966568,0.9874898645818366,,,,,101.6943748503586,0.9068871206983432,4.440518793282298,129.1759390233042,139.51001414516855,2141492029,12.466572175465446,4.203009628387968,3.918946502537496,9.168007151959488,0.0,0.0,0.2720661362095029,0.0,0.0,-2.7399999999999856,-1.7398410807049645,0.0,-0.555086598857814,0.0,-0.0019443979856152,-18.297209581201116,0.0,-60.0,23401
-53.44845005455533,8.034819304992633,30.33438128632431,1.5053744680250365,-2.198848205659065,-2.279846311055176,14.46198033000052,0.8724676195245527,0.9833013226262892,0.0,False,RUNWAY_EXCURSION,260,25.99999999999853,1,690412.1759390266,1327.246276415504,4392.077036586094,286.13122259906527,dry,0.9764776638128276,3.476282101926853,-0.8780995761920072,0.0,0.0,2.268094872992686,1013.8150792174188,0.9913217589493892,,,,,105.02681216529643,0.9833013226262892,4.943146509748448,125.16631630341664,135.17962160769,1728701086,12.22816997845908,3.7909306849009834,4.002725470880436,8.684533386582277,0.0,0.0,0.2949903967878868,0.0,0.0,-2.5999999999999885,-1.8650181698454893,0.0,-0.649449111062384,0.0,-0.0502184088101593,-17.28511428244797,0.0,-60.0,23661
-51.843400304439406,9.05223391898509,30.439595620048507,0.3004068803433157,-2.150017771127676,-2.1933645046943053,8.381160776933195,0.8800016369991923,1.10985307203444,0.0,False,RUNWAY_EXCURSION,286,28.59999999999838,1,723209.1861159618,1331.9362191416903,4353.573548131379,193.3672279823654,dry,0.9650548192917774,6.325019070228036,-2.4227290924773976,0.0,0.0,4.216024849677368,1014.7639592981302,0.9940396667883776,,,,,111.94956830193657,1.10985307203444,6.431418957039572,128.47353925080463,138.751422390869,2106327850,14.1748856842747,4.407013135922236,4.42652793753198,9.689179016128548,0.0,0.0,0.332955921610332,0.0,0.0,-2.859999999999983,-2.6039645035856567,0.0,-0.1528835005693671,0.0,-2.804319291991167e-05,-19.25708595255928,0.0,-60.0,23947
-51.20779863519116,9.411059030405909,30.038928450124207,0.350168661200362,-2.0503013280609257,-2.08510982018976,8.386115002421134,0.864754926678778,1.0944799328701151,0.0,False,RUNWAY_EXCURSION,290,28.99999999999836,1,724096.2475219262,1328.7847402463597,4333.842000099369,325.62775086848313,dry,0.963057515624372,4.577671899208634,3.384861976333206,0.0,0.0,2.5398635017625883,1012.7713778169662,0.9901954394052006,,,,,107.9522190980851,1.0944799328701151,4.4820339163428,128.3093101551914,138.57405496760674,815020182,14.77062414297114,4.273643765803859,4.581416866017038,9.826774763165696,0.0,0.0,0.3283439798610346,0.0,0.0,-2.899999999999982,-2.8538588112663925,0.0,-0.1248018503219339,0.0,-5.6939165775523135e-05,-19.10988455225581,0.0,-60.0,24237
-46.6681823057916,8.424442115962972,30.10398917155712,0.7341484207581521,-1.6929665379432153,-1.7600360359334073,9.396748425026953,0.8308206566798146,1.5764280873188454,0.0,False,RUNWAY_EXCURSION,306,30.599999999998268,1,710772.8050071858,1329.304691563689,4368.098497836068,427.7172853018972,dry,0.99805021437637,2.244468190970905,3.913827001566024,0.0,0.0,-2.7471325149476256,1011.8295820620576,0.9870131272642136,,,,,127.32935524559834,1.5764280873188454,7.62930132705975,126.02063642245643,136.10228733625297,1472190200,17.748285690722,4.380596964884862,5.101749805073575,10.489821963661798,0.0,0.0,0.4729284261956538,0.0,0.0,-3.0599999999999787,-2.413021648817165,0.0,-0.2256663971642992,0.0,-0.0086189204080736,-19.154258189939963,0.0,-60.0,24543
-51.570266905543406,9.629831900179695,30.05228511468849,0.3890409742804544,-1.813785296281629,-1.8444426456013407,7.243027109686127,0.8651901423796875,1.4404255763566596,0.0,False,RUNWAY_EXCURSION,296,29.599999999998325,1,692274.3804828218,1323.4509133801248,4782.41180071436,204.8521295498375,dry,0.951745399986104,0.2777492648762587,1.6821165857767943,0.0,0.0,-2.297153641085279,1014.0768853254364,0.9935596022124784,,,,,122.47448169659536,1.4404255763566596,7.229006085690095,124.32994333982457,134.27633880701052,2040324894,16.534411965825853,2.8097103924782005,4.169332574751041,10.11804519145313,0.0,0.0,0.4321276729069979,0.0,0.0,-2.959999999999981,-3.049907119779186,0.0,-0.105206822715815,0.0,-7.913441245239573e-05,-19.51870162605117,0.0,-60.0,24839
-42.17397542068022,8.56474740015065,30.130035320495637,0.6122366727390987,-1.9417358020344189,-1.9756015240055644,11.733419411841924,0.8463501905401553,1.737601638067133,0.0,False,RUNWAY_EXCURSION,348,34.79999999999803,1,747126.2825691098,1325.7647724069184,4416.644698788167,496.2905111083062,dry,0.9720260654835952,7.896840778891399,-1.4390864600169635,0.0,0.0,3.96595443877601,1015.5417687318626,0.9853456504420792,,,,,133.41173333291167,1.737601638067133,6.407762902600513,130.47476937352252,140.91275092340433,1396850658,22.292735317325214,5.473712745793293,6.56970715625586,12.110580904137652,0.0,0.0,0.5212804914201397,0.0,0.0,-3.47999999999997,-2.836389390430976,0.0,-0.3592654138918248,0.0,-0.1743511290764161,-22.29198610221321,0.0,-60.0,25187
-42.22550920353488,7.416499606164444,30.53023630844055,0.6229900941456762,-2.1158750080748736,-2.1474225941842966,9.490968601011842,0.8694257364355586,1.576783076051811,0.0,False,RUNWAY_EXCURSION,366,36.59999999999793,1,729765.5000937005,1322.674217423956,4342.314853205542,375.29487786647775,dry,0.9698496150746124,5.479605677845412,-0.4019589011942122,0.0,0.0,-1.2692469519925256,1014.3766183451336,0.9886181458843414,,,,,127.90201343098369,1.576783076051811,5.268501032315029,127.8626032553506,138.09161151577865,1804554973,22.158467314173457,6.358799596579002,6.41154957790872,12.678144818621014,0.0,0.0,0.4730349228155432,0.0,0.0,-3.659999999999966,-2.236848300601652,0.0,-0.2369149013338976,0.0,-0.0080710450418466,-24.163671186655236,0.0,-60.0,25553
-35.29318723770312,7.493911352155708,30.45846462378516,0.4614621254391234,-1.7371852894239337,-1.7564950776575154,8.34371342176037,0.8588550092004237,1.751496168552649,0.0,False,RUNWAY_EXCURSION,409,40.89999999999768,1,744512.3840665532,1331.1475622611754,4450.152350429182,335.25198064961774,dry,0.9714425387677308,4.219664200924415,0.5531942148310329,0.0,0.0,2.4898336366163125,1011.5010238536638,0.9899116020839718,,,,,127.7690981666132,1.751496168552649,0.9763806066030868,130.17606967795862,140.59015525219533,1478428095,27.674409716133287,8.262738169152447,8.147429990555525,13.476045093173164,0.0,0.0,0.5254488505657946,0.0,0.0,-4.089999999999957,-2.55210125641922,0.0,-0.1093264844221484,0.0,-0.0098133522951429,-26.618017964146787,0.0,-60.0,25962
-41.98397287445549,9.854224759509965,30.345309423958028,0.4413209170753293,-1.5357577910234512,-1.5589578331899174,9.570296754788387,0.8508488100954945,2.112988886629523,0.0,False,RUNWAY_EXCURSION,402,40.19999999999772,1,728246.5277723249,1325.8241369303305,4730.509394744519,313.88465396087827,dry,0.9850215464907892,5.1088182074800095,-0.3559468732094126,0.0,0.0,-0.6458637534153864,1011.8193557877664,0.9904043385732348,,,,,140.9920709116486,2.112988886629523,3.886473781766391,128.0296492047539,138.27202114113422,1511830742,27.57002035894109,3.250816255372093,7.001154303871052,13.487114332698246,0.4933187591377242,0.0,0.6338966659888566,0.0,0.0,-4.019999999999959,-4.337389970621949,0.0,-0.1717872346148346,0.0,-0.0668268183997776,-25.82428952682794,0.0,-60.0,26364
-22.5134099444124,16.955356493101885,60.50017249313829,11.165497069077189,45.21780116915748,14.99049790841869,12.996426751412884,0.6800740236513,751.7290181121471,0.0,False,LOSS_OF_CONTROL,521,52.099999999997046,1,755104.7290004997,1331.8675165160355,4518.511612146725,178.95931983965184,dry,0.984648955560021,6.6732798448676505,0.7469429694891958,0.0,0.0,-0.2310389811023823,1015.955380949988,0.9726791431819368,41.39999999999765,1484.1017997708768,44.699999999997466,,109.62531195887344,751.7290181121471,5775.845064642935,130.19736595924826,140.61315523598813,835202397,43.36264996989035,3.0080101710725216,8.459707914752926,13.520641217730898,2.7793124634333832,10.205788582797064,30.000000000000007,0.0,0.0,-5.209999999999933,-16.6354391580398,-1.6162996793714912,-1.51110655521249,-3.5473326265635263,-0.0865222156780114,-25.242820029224305,0.0,-80.0,26885
-64.97459947032682,24.992235911876502,68.5768762227138,60.03967546839061,39.86149221959627,11.29503829592344,34.09141537948413,0.7167988327299295,1012.8924474689414,0.0948275862068965,False,LOSS_OF_CONTROL,601,60.10000000000008,1,690562.1482476987,1324.5816292101133,4246.445334723987,165.60254036167177,dry,0.9983343235557208,4.104118810730679,1.1966570405455164,0.0,0.0,0.303883081554166,1014.2579390894292,0.9656460273789296,44.79999999999746,1648.5131375316366,48.599999999997245,,106.39078885468696,1012.8924474689414,3939.144606301091,124.72863196071854,134.70692251757603,1879383516,52.04192057005452,4.482063989922879,11.37002040186728,13.693894689154307,3.641403311456966,14.529305526198003,30.000000000000007,1.1,0.0,-6.009999999999916,-38.301684921572985,-23.707193026828605,-8.311207803462711,-0.4671228047976928,-7.750313949027322,-31.28568545329132,0.0,-80.0,27486
-55.56550474606396,8.542325204980079,30.03010385514196,1.747065706813631,-2.0472598453200024,-2.054350614644564,12.045397378364008,0.8378440472949932,1.088186499995004,0.0,False,RUNWAY_EXCURSION,735,73.50000000001074,1,744329.5209117073,1328.3602516878366,4526.705270353086,484.7778448961024,dry,0.971981324718146,5.1218143603421415,-3.84659848015368,0.0,0.0,-1.8174077567851752,1012.4697715561856,0.985418609710852,,,,,100.80498718034391,1.0821846916377351,-0.4260292980141145,129.1301836928502,139.46059838827824,290117534,36.59658608199374,6.767009896915374,8.953446882246773,14.008054189554318,0.0,0.0,0.324655407491321,0.0,0.0,-7.349999999999888,-5.959324459123766,0.0,-2.052057194310672,0.0,-0.2821146501909715,-46.571760900639866,0.0,-60.0,28221
-39.63729183073956,22.123598142710485,106.31107879092728,19.02072920292254,45.166981377218335,11.918967892480396,9.820945030023616,0.7264705946304577,549.0267161036123,0.0,False,LOSS_OF_CONTROL,581,58.09999999999849,1,700630.049893093,1329.1185213785302,4776.478933006908,161.2443235600643,dry,0.990429716645093,0.7997736626323766,3.096124508099911,0.0,0.0,-0.9336092577234164,1014.973531530505,0.9789555547481787,49.49999999999719,1697.7226524461853,52.899999999997,,124.912749871596,549.0267161036123,6298.755445748733,125.32058660073127,135.34623352878978,1243185673,45.041380682823934,3.856428916621984,10.728137591699392,15.65074331840486,2.663596472878444,8.052480809856217,30.0,0.0,0.0,-5.809999999999921,-21.680705679122788,-12.122352272591074,-0.8624826295811656,-0.1897851124393799,-4.220743714666807,-30.74399021462323,0.0,-80.0,28802
-46.76004026911486,8.818860626128957,30.21252727025021,0.9008681630012922,-0.933681434628716,-0.960837838795888,6.141789967149428,0.8186333904887804,2.321812899166872,0.0,False,RUNWAY_EXCURSION,665,66.50000000000517,1,762207.014179682,1328.5858065472914,4363.628478405769,133.80117782943697,dry,0.992714856139291,7.787579049327216,-3.0739993539129555,0.0,0.0,0.2927824850428893,1012.6548520128596,0.9956719453821076,,,,,146.27811311682356,2.321812899166872,9.543729155612937,131.1403601201392,141.63158892975036,1549384411,35.74630820820924,5.18666773522435,8.001718557507651,16.674954869357062,0.4729867343224816,0.0,0.6965438697500614,0.0,0.0,-6.649999999999903,-5.746509036017023,0.0,-0.5002816277249144,0.0,-0.0168375209670415,-40.62559205877668,0.0,-60.0,29467
-23.91952165431029,15.88834840645301,45.75996559030078,60.90924638670859,33.45605922785981,10.92037170982754,25.315950817491093,0.7115744043639995,649.5940343681109,0.0307692307692307,False,LOSS_OF_CONTROL,735,73.50000000001074,1,706740.7003758992,1323.5334834155433,4242.4480399524045,188.8892610500245,dry,0.954256861658458,3.6115099348671738,0.881359985967404,0.0,0.0,-1.043628367450072,1010.5837753677076,0.9752412976703304,63.40000000000271,2520.785480692912,67.10000000000565,,121.34169527266424,649.5940343681109,5450.664892677403,126.11481091630318,136.20399578960746,1815655708,63.63362985063427,5.256519971912604,12.474735128062942,15.855263785906017,3.453762837310894,9.416260469234732,30.0,0.2,0.0,-7.349999999999888,-20.615901898595105,-13.664625023240385,-3.620654646841008,-0.1857869093994363,-1.2311758628179557,-37.54154935647781,0.0,-80.0,30202
-58.368034827226914,12.07281617988194,30.743230000987342,1.3874206200681822,-2.570301925528355,-2.588365222644875,10.168981344968374,0.8289077550086794,0.9276241714772766,0.0,False,RUNWAY_EXCURSION,462,46.19999999999738,1,753342.773457857,1322.756892152334,4581.259840840201,234.346705671357,dry,0.9525466739390004,2.606711801409777,-2.746634311832441,0.0,0.0,-1.8604089268056745,1015.7534941767811,0.9927335460379436,,,,,100.06785203584748,0.9276241714772766,1.0747375108502588,129.6897691247534,140.0649506547337,1128189815,23.667255338924093,3.280677055535466,4.824520860248852,12.371963624365767,0.0,0.0,0.2782872514431828,0.0,0.0,-4.619999999999946,-7.481981713011915,0.0,-2.1079328626060825,0.0,-0.0017374114510932,-28.579086970675093,0.0,-60.0,30664
-63.35219242055437,10.660027517948922,30.02818124473305,0.1855107916719386,-2.692045085453985,-2.757510711254596,8.298648927089493,0.7868410428270008,0.2901119944543779,0.0,False,RUNWAY_EXCURSION,209,20.89999999999881,1,677280.3293494262,1325.6967613667491,4688.232158534734,321.5681525382317,dry,0.9509981006060716,6.953964430523606,-2.4350427298955064,0.0,0.0,4.840431681801765,1012.9334429287544,0.9904119411958971,,,,,68.4753364869513,0.2901119944543779,3.2704491650011924,124.57224240191567,134.53802179406895,806201099,5.4089689212918834,1.3343782901739725,0.8171155782237544,6.566578751707119,0.0,0.0,0.0870335983363134,0.0,0.0,-2.0899999999999994,-2.6388847796485004,0.0,-0.8433877204626465,0.0,0.0,-11.993995060176278,0.0,-60.0,30873
-50.474863334097535,10.325061099928297,30.59476232446689,0.8094200283107702,-2.140949871464379,-2.172359191563721,8.643149869865782,0.8530958962956161,1.2581417883977224,0.0,False,RUNWAY_EXCURSION,393,39.29999999999777,1,751055.7353631295,1326.5237644969834,4659.479808698109,346.49160495046635,dry,0.9540687487286212,1.467222720608082,1.3205779020749104,0.0,0.0,4.233929263857925,1012.4672365606596,0.989655077992048,,,,,112.89641271846963,1.2581417883977224,2.548859334441857,131.07598516896144,141.56206398247835,666239354,21.99706702318674,3.683657224682368,5.077735006498056,12.888284709204036,0.0,0.0,0.377442536519317,0.0,0.0,-3.92999999999996,-4.655167386653361,0.0,-0.6927678749817987,0.0,0.0,-25.221114572552864,0.0,-60.0,31266
-55.89883045553818,10.118657814988207,30.255457124579696,0.8769111878139414,-2.068539493426744,-2.1001352560465394,9.218220030248624,0.8490631705003685,0.966351421959132,0.0,False,RUNWAY_EXCURSION,314,31.399999999998226,1,692056.3282911285,1330.863659260212,4536.818725989041,227.65906743099112,dry,0.9675054611202732,6.04606313192653,1.019461967554332,0.0,0.0,0.1041289159094063,1012.1814242252476,0.9929589928089244,,,,,98.6636417068672,0.966351421959132,0.0289612963709551,124.948226544048,134.94408466757187,908297867,15.658143269352678,3.039370656411178,3.335622948834365,9.589847626920902,0.0,0.0,0.2899054265877396,0.0,0.0,-3.139999999999977,-3.572176899635785,0.0,-1.0596641786255332,0.0,0.0,-20.039879305383685,0.0,-60.0,31580
-54.23765458939245,9.059904194858609,30.63408010813271,0.99110119238188,-2.359913592709079,-2.384996466743131,9.69235872282715,0.837012292536454,0.8242444116679053,0.0,False,RUNWAY_EXCURSION,314,31.399999999998226,1,677791.4268275548,1325.366658958893,4416.194167296779,284.2870130478178,dry,0.95291269803912,4.028182510659616,-3.1492075490138465,0.0,0.0,4.75450374823229,1011.8099513989832,0.9914536452203104,,,,,93.52931520750262,0.8242444116679053,0.7582893384380185,124.67011909494136,134.64372862253668,1043323488,15.041888923838252,3.791262327821936,3.612862164385189,9.855323130326331,0.0,0.0,0.2472733235003715,0.0,0.0,-3.139999999999977,-2.8637450335872456,0.0,-1.1146471662255844,0.0,0.0,-19.667872259451684,0.0,-60.0,31894
-58.879712198765375,7.659826148020475,30.11431945474757,0.6008422417562894,-2.664965342272975,-2.695867218103099,12.93863475390184,0.8512798484855439,0.4584332344745689,0.0,False,RUNWAY_EXCURSION,248,24.7999999999986,1,711680.7397248581,1324.9995020235867,4293.99183341779,122.02315751127765,dry,0.966219354405664,6.940600771025348,2.36610018952746,0.0,0.0,-2.9974223334959325,1014.6563586544808,0.996016000893118,,,,,77.78078553969281,0.4584332344745689,2.718577359496379,125.8700931894833,135.93970064464196,1543657888,8.962927197840182,2.801585606753686,2.795847609673391,7.9312213110383345,0.0,0.0,0.1375299703423707,0.0,0.0,-2.479999999999991,-1.6167653645820828,0.0,-1.4562328470199508,0.0,0.0,-15.95582568281131,0.0,-60.0,32142
-54.48499556129161,11.478727797618266,30.116921210750814,0.9246488450258408,-2.146484491363648,-2.1573967354315844,7.422789494246296,0.8197016846685905,1.0040054904865343,0.0,False,RUNWAY_EXCURSION,355,35.49999999999799,1,716621.6779561741,1326.510573866493,4320.814245689384,82.81643229202373,dry,0.9705078649633084,7.841228015846595,-0.0330407845279756,0.0,0.0,-0.2809860769031269,1015.7383283810562,0.9971777621406636,,,,,98.6236823114651,1.0038270761218513,-0.0707801001532537,126.83885056162606,136.98595860655615,1910160578,18.62135169889052,2.925303262558931,4.280661544658789,10.431242554298532,0.0,0.0,0.3011481228365556,0.0,0.0,-3.5499999999999683,-5.197247011932671,0.0,-0.555940207138846,0.0,0.0,-21.741515525463328,0.0,-60.0,32497
-57.61097073466428,9.212896476166756,30.298302653777757,0.4255438606516685,-2.563257007110984,-2.600413951491888,8.468644437014639,0.8420144374999733,0.5283362334771482,0.0,False,RUNWAY_EXCURSION,240,23.99999999999864,1,689067.8253617496,1327.2912840948193,4231.608004162786,282.6463351945323,dry,0.9613737140698748,4.583583300611018,3.187700705784547,0.0,0.0,1.457100746035767,1014.5555140473712,0.991409656795695,,,,,83.31545382354754,0.5283362334771482,3.9352259314943794,124.82410715662742,134.81003572915762,156652360,8.40182181136899,3.463455750188649,2.7346655450906647,7.883861797841461,0.0,0.0,0.1585008700431444,0.0,0.0,-2.399999999999993,-2.263398972815089,0.0,-0.4545530404654671,0.0,0.0,-15.135324495916636,0.0,-60.0,32737
-60.00328694157569,11.872797112984282,30.09032242862485,0.6612304643553443,-2.874461610846979,-2.8994735369687072,8.833341669880046,0.8261122475813809,0.4325579518686595,0.0,False,RUNWAY_EXCURSION,253,25.29999999999857,1,754828.0450535337,1329.6320745583623,4300.1366505431615,85.49065172561804,dry,0.9851288110935856,0.2683180560884635,-2.1405407173164868,0.0,0.0,-0.7342769776288627,1014.816477696131,0.9971313451433976,,,,,78.5288035997234,0.4325579518686595,2.6426343002501262,130.1326599855603,140.54327278440513,2005843176,8.664237626250376,2.557194078069333,3.095748242405783,8.11522725198282,0.0,0.0,0.1297673855605978,0.0,0.0,-2.52999999999999,-3.962635306153361,0.0,-0.460273258380599,0.0,0.0,-15.61255296131064,0.0,-60.0,32990
-54.53657274469583,20.023199462980333,106.32697313322365,61.09151867997239,5.972933189969102,3.8134778467493007,11.630835468637796,0.7609400140565067,67.86456424741363,0.0,False,LOSS_OF_CONTROL,560,55.99999999999682,1,721193.3039487372,1322.2532291784278,4558.695728887509,197.47931532132836,dry,0.9556243814320148,5.528531092577532,-1.101757820278657,0.0,0.0,1.4222839608240827,1014.5360442843088,0.9922482258219352,50.49999999999714,1744.1005484741331,,,164.64068828901165,56.9107305048193,-1369.0957897679032,127.6942628224163,137.9098038482096,1141051469,42.39048961282483,4.193813374397788,10.792269879126255,15.531271949439004,5.054188046742804,2.540348753367533,17.073219151445787,0.0,0.0,-5.599999999999925,-17.604106641582845,-16.518163540303675,-1.3263869251277998,0.0,-0.0955523899952024,-30.96796401503041,0.0,-80.0,33550
-41.02320634077833,7.070138048470777,30.10773416378064,0.5471206189989963,-1.6790169511979138,-1.7054163852202806,8.92068617306423,0.8278816099460905,1.45798145345924,0.0,False,RUNWAY_EXCURSION,373,37.29999999999789,1,708168.9773455518,1328.9311241992568,4798.66701114718,274.6376042830458,dry,0.9829874280888286,2.239855241737072,1.3807382680959797,0.0,0.0,-0.3746802985635806,1011.9861144058352,0.9915685851593408,,,,,118.59516287406854,1.45798145345924,3.6743411832326345,126.30156497710456,136.40569017527292,768359333,20.717165197670678,7.145484724260241,6.924223538932114,12.797214954984929,0.0,0.0,0.437394436037772,0.0,0.0,-3.729999999999965,-2.071677311679327,0.0,-0.2807514400248103,0.0,-0.0045454640318834,-22.95771497692806,0.0,-60.0,33923
-49.6219229541241,8.088000459773527,30.64118744920085,0.3397740383641434,-2.034006609527465,-2.054692606739588,9.393590160778386,0.8315408526601533,0.9040914344899988,0.0,False,RUNWAY_EXCURSION,318,31.7999999999982,1,692342.4158610671,1330.9142087640214,4432.8737152098765,271.8567963060636,dry,0.9562507560276776,5.53996396362506,2.940870062444846,0.0,0.0,3.8534469640705034,1014.627426669226,0.991791963602108,,,,,94.46405440870828,0.9040914344899988,0.8076844909056469,125.63248408492402,135.68308281171795,1444696807,15.134799680676275,5.082734514386752,5.5310273671627845,9.980726440607718,0.0,0.0,0.2712274303469996,0.0,0.0,-3.179999999999976,-2.3113565507844878,0.0,-0.3766071419435819,0.0,0.0,-19.75447469457657,0.0,-60.0,34241
-41.74493565641063,7.963656589619362,30.36286317655212,0.800890409266525,-1.4724290244575695,-1.480585483131762,8.362342776034337,0.8071888263941494,1.7828253191154315,0.0,False,RUNWAY_EXCURSION,353,35.299999999998,1,712530.1347037123,1324.454433327385,4387.891964329022,87.02415714705192,dry,0.9800222543772142,0.95851496246435,1.7470897356203974,0.0,0.0,2.193739747958149,1015.0205756439788,0.997068651486136,,,,,127.54280586854298,1.7828253191154315,3.199708996502988,127.06361753407197,137.22870693679772,1227350964,21.33426132674375,5.481761525470717,6.4421125212146695,11.822881172307104,0.0,0.0,0.5348475957346295,0.0,0.0,-3.5299999999999687,-2.4874665195464365,0.0,-0.1997076548204335,0.0,-0.0207113128044099,-21.122914310710264,0.0,-60.0,34594
-66.10539282540644,10.9714488759621,30.157287157248607,0.4990154403150932,-2.7930155979263094,-2.9607531762476635,11.592044134334602,0.8471922794008645,0.1066081840856441,0.0,False,RUNWAY_EXCURSION,205,20.499999999998835,1,704113.6547260538,1324.9043778606704,4284.159792169636,178.73622633377673,dry,0.9587261016796516,5.387305703044686,1.6406363182375077,0.0,0.0,1.8331485851017983,1011.6298555488124,0.9944397401435516,,,,,56.09712887615805,0.1066081840856441,2.8004155495844607,126.44385616009744,136.55936465290523,546762614,4.787771150236389,1.600518030783422,0.9170368370798015,6.060677808699671,0.0,0.0,0.0319824552256932,0.0,0.0,-2.0500000000000003,-2.7418223933065837,0.0,-1.575029529734419,0.0,0.0,-13.136527184390411,0.0,-60.0,34799
-65.71346277675792,12.705452919863172,30.077011341586115,0.5458645098564142,-2.9259922550207578,-3.098064504558169,11.098811534322785,0.8823016804768691,0.2147639817045501,0.0,False,RUNWAY_EXCURSION,242,24.19999999999863,1,752786.630574237,1326.2186659843676,4406.4863373876,179.20613158085231,dry,0.9844620625915576,5.31783903154128,-0.2488416586829145,0.0,0.0,1.040698928465229,1014.5485885028426,0.994433790136582,,,,,65.26961074546338,0.2147639817045501,2.312360805159255,130.37444446323465,140.80440002029343,691209253,6.880321892503599,2.0879703326592787,2.163322847988904,7.191254915466322,0.0,0.0,0.064429194511365,0.0,0.0,-2.4199999999999924,-4.340633911502668,0.0,-0.9877377285277682,0.0,0.0,-16.352390319856962,0.0,-60.0,35041
-66.72970781390077,10.589470461642962,30.199618210211945,0.3617782342715238,-2.724448621594557,-2.8965786194267693,11.662810130554623,0.8822035421595045,0.1068642152049506,0.0,False,RUNWAY_EXCURSION,209,20.89999999999881,1,703165.5361368783,1328.9453052492568,4282.337494364736,413.1496241203308,dry,0.9879310678052848,4.9203356784946015,3.6766346982982543,0.0,0.0,3.236835522265861,1013.376989134516,0.9877344415402752,,,,,55.890518284702345,0.1068642152049506,2.883451226463123,126.55491597991644,136.67930925830976,1545136976,4.939449557793789,1.823418715256164,1.0102459097865075,5.848807903963229,0.0,0.0,0.0320592645614851,0.0,0.0,-2.0899999999999994,-2.604067654835983,0.0,-1.602296915859524,0.0,0.0,-14.08732459456644,0.0,-60.0,35250
-59.94842620955842,8.992902381202743,30.264242738279897,0.5169540309369568,-2.957826481753665,-3.086817520095539,8.918304897353725,0.8766923205306133,0.2460107236715885,0.0,False,RUNWAY_EXCURSION,272,27.19999999999846,1,755821.7990620687,1324.959827874976,4623.709413720035,428.6473733584243,dry,0.9875200920009894,4.4338579660844735,-0.5630500035292361,0.0,0.0,-0.5969034113348917,1015.1839587794047,0.987138367674979,,,,,64.80316218369444,0.2460107236715885,0.991422372634858,130.2258332532938,140.64389991355733,1276249595,9.230224758238815,4.320704969905396,3.234078208862037,7.225250625415459,0.0,0.0,0.0738032171014765,0.0,0.0,-2.719999999999986,-2.44414041785478,0.0,-0.6760184035783556,0.0,0.0,-18.19232916764845,0.0,-60.0,35522
-67.70772330529637,11.257710513163092,30.21952850360288,0.3865843951832244,-2.72718485808064,-2.904894394203072,9.933340057806982,0.8684272935709076,0.0924908239067008,0.0,False,RUNWAY_EXCURSION,222,22.199999999998735,1,688475.287852294,1325.8504560391884,4749.969478853962,55.44829731352624,dry,0.95353783494923,2.1555534219461245,1.4636343216585552,0.0,0.0,-2.2398586516491736,1013.556873001379,0.9979851187127948,,,,,53.94088632913672,0.0924908239067008,2.5239695990794075,124.03255327571044,133.9551575377673,1083230752,4.914882759462487,1.23953634693487,0.9640155096007286,6.38728159607193,0.0,0.0,0.0277472471720102,0.0,0.0,-2.2199999999999966,-3.1261558012885087,0.0,-1.250218988270119,0.0,0.0,-14.644811974979772,0.0,-60.0,35744
-66.32059517188188,9.593056360584038,30.34655411916433,0.2409848411831043,-2.746667263795271,-90.0,12.770382569790677,0.8758318563130335,0.0645543643720998,0.0,False,RUNWAY_EXCURSION,231,23.099999999998687,1,702023.7581571566,1327.3878479188745,4753.419306165094,343.90727712893744,dry,0.9940486674598058,6.2291954923809145,-2.096856651447603,0.0,0.0,2.368686545368707,1015.3942738878744,0.9896852325490846,,,,,47.60166774308564,0.0645543643720998,0.8526755162820976,126.13812561806267,136.22917566750772,725658830,5.9080947665760135,2.4950495109091357,1.915390015040203,5.261394228435668,0.0,0.0,0.0193663093116299,0.0,0.0,-2.3099999999999947,-2.362019411991774,0.0,-1.6629348825689454,0.0,0.0,-15.584935707593804,0.0,-60.0,35975
-68.47198847359815,10.202279883830498,30.42411993886469,0.2372115567536866,-2.7048867704614743,-90.0,15.214092843498818,0.8865757932265601,0.0417940670885457,0.0,False,RUNWAY_EXCURSION,192,19.19999999999891,1,685810.5498962521,1326.6069808920345,4500.766956401809,217.2120604925936,dry,0.9793106534378272,3.190959835890093,-1.853583588301716,0.0,0.0,1.519499783917461,1010.3554740516234,0.9933318930760676,,,,,45.24434609524006,0.0417940670885457,1.0761406605327828,124.80073793634456,134.78479697125212,1633503581,4.042601584191467,1.105335610828606,0.8949738291219168,4.93815652198009,0.0,0.0,0.0125382201265637,0.0,0.0,-1.9200000000000013,-2.220512316330932,0.0,-2.3137253494726018,0.0,0.0,-13.011356574043257,0.0,-60.0,36167
-65.83244311383297,9.882434773346262,30.078829667648183,0.1729791541042991,-2.7709304216695565,-2.954702554128634,11.214332497097816,0.8934595071992208,0.1128459288473777,0.0,False,RUNWAY_EXCURSION,215,21.499999999998774,1,718256.9197655505,1328.925089351611,4343.874871181526,128.42763148164295,dry,0.9746187088924032,2.850379887303194,2.230270063175116,0.0,0.0,1.6619776716559684,1010.8925003571744,0.9959126806606466,,,,,54.64934154361048,0.1128459288473777,1.7921140705727368,127.71631357918552,137.93361866552038,840995399,5.49569968489245,2.17638004530556,1.2735292003223526,5.835168088187842,0.0,0.0,0.0338537786542133,0.0,0.0,-2.149999999999998,-2.333049018403369,0.0,-1.3939122827316648,0.0,0.0,-14.770112610060352,0.0,-60.0,36382
-65.77932740706298,11.223128322360887,30.07598741380345,0.5227918078308283,-3.0004577155063057,-3.2332903163871443,10.468520102049965,0.9006698132829465,0.1355468935724957,0.0,False,RUNWAY_EXCURSION,235,23.499999999998664,1,760827.320867429,1323.4194606300623,4713.440556930882,47.63976204664433,dry,0.9658639867816844,5.595596481790173,-0.3107736167297728,0.0,0.0,-2.693210077891959,1014.8270988248664,0.9982390078822388,,,,,58.093471419445954,0.1355468935724957,1.8706354482148413,130.2021027058814,140.6182709223519,704750836,6.329146163781313,2.304374702019228,1.9037187845594787,6.538608200152015,0.0,0.0,0.0406640680717487,0.0,0.0,-2.349999999999994,-3.2889192438824564,0.0,-1.0042507615441827,0.0,0.0,-16.252669320220118,0.0,-60.0,36617
-64.32233422229383,11.7162708575232,30.046533250994017,0.5721557739204881,-2.8326473719214302,-2.9955468218039654,11.561098755621636,0.8855900402459722,0.2208988353462473,0.0,False,RUNWAY_EXCURSION,236,23.59999999999866,1,713918.8948762148,1324.399934848441,4653.819704425743,304.6718670890094,dry,0.9588077499666064,1.9309523465043488,-3.795132955227915,0.0,0.0,-2.3358822658258926,1010.079951361703,0.9906680318246974,,,,,61.80267611053509,0.2208988353462473,1.4469408471537726,126.4996104910659,136.61957933035117,1911849612,7.035072106233045,2.7200174932289904,2.266565350213166,6.653105195947178,0.0,0.0,0.0662696506038742,0.0,0.0,-2.3599999999999937,-3.599550740268443,0.0,-1.0761387495503256,0.0,0.0,-16.027674528701326,0.0,-60.0,36853
-70.1829577710705,13.090933733820645,30.16556062197689,0.1641806985845963,-2.8116857521709124,-90.0,8.575555712906862,0.8957805420343686,0.0535805174955328,0.0,False,RUNWAY_EXCURSION,260,25.99999999999853,1,720086.6039800966,1326.8706293858495,4346.406014083398,117.990157841093,dry,0.9601107447170614,3.4074232332981733,-2.732460030805322,0.0,0.0,2.655029988687888,1010.4890042821444,0.9962219631884128,,,,,46.27406817610444,0.0535805174955328,0.2494729310395627,128.12335842830348,138.37322710256777,566779217,6.623507340227783,1.6640787130113617,1.8406908377396067,5.769036187513409,0.0,0.0,0.0160741552486598,0.0,0.0,-2.5999999999999885,-4.950762440672627,0.0,-0.6764094913895389,0.0,0.0,-17.869173072749142,0.0,-60.0,37113
-68.72814349635841,12.94279440271559,30.026885811145704,0.2767998174597541,-2.7795426223009145,-3.037771603645546,9.511171125035409,0.9054049726496352,0.1006724184722713,0.0,False,RUNWAY_EXCURSION,235,23.499999999998664,1,701476.5418948298,1325.1071407665715,4210.995974395411,127.89858407970527,dry,0.9689365571913368,4.804030676715858,-2.4763109233600598,0.0,0.0,-2.879059687818798,1010.3179180481688,0.9958571355107269,,,,,51.48399957023632,0.1006724184722713,0.912684657696623,125.25846998310848,135.27914758175714,487817217,6.092233426738152,1.7171930691704174,1.485288123526232,6.075684523010992,0.0,0.0,0.0302017255416814,0.0,0.0,-2.349999999999994,-4.374026981497447,0.0,-1.0152951286657623,0.0,0.0,-16.389422254182673,0.0,-60.0,37348
-18.450867005550307,10.209821444925216,30.887604359679617,60.59589529832036,25.21276492779058,9.529368340970036,30.228315777742697,0.6907602976381931,687.7306284960265,0.3132530120481928,False,LOSS_OF_CONTROL,516,51.599999999997074,1,717785.9666586157,1330.557259760693,4736.139329947559,104.01688075209908,dry,0.9825877456291,2.816251826859083,-0.5307283937911174,0.0,0.0,0.0054984643691335,1015.254801889526,0.9766869394528704,40.09999999999773,1367.619995997849,43.39999999999754,,128.4481086306915,687.7306284960265,3785.381215127392,127.03523584264224,137.1980547100536,1533673821,43.17151008545908,8.56141458258694,10.098480258465896,12.413972249246664,2.711461481995541,10.972939533825356,30.0,2.600000000000001,0.0,-5.159999999999934,-5.976452692402609,-16.958110309321377,-4.745178314095631,0.0,-0.7154559593401225,-25.425447921970047,0.0,-80.0,37864
-64.71748422949027,10.499433922259668,30.020303684566787,0.2510979050757529,-2.6597876261495235,-2.7075217887177563,9.426712715314432,0.8762233733935114,0.2400372128302095,0.0,False,RUNWAY_EXCURSION,203,20.29999999999885,1,675068.9271224376,1327.474155413881,4386.224976845017,43.89071065672756,dry,0.9933808183820632,3.0671604476790595,3.3749988639721518,0.0,0.0,0.5753653963704899,1012.2405811701526,0.9983284822545272,,,,,59.83767174626137,0.2400372128302095,0.9715849034497736,123.5024132785252,133.38260634080723,1338284201,5.766811315698008,1.768916989047217,1.1407334921331351,5.4641115447951805,0.0,0.0,0.0720111638490628,0.0,0.0,-2.0300000000000007,-2.4864818750714544,0.0,-0.8028239362713756,0.0,0.0,-13.610762923670032,0.0,-60.0,38067
-64.05104335913705,13.881029657545437,30.27501409878021,0.5060364299044529,-2.636307523189848,-2.6383619891972705,5.362119987626099,0.8534277997094711,0.3361866830012729,0.0,False,RUNWAY_EXCURSION,286,28.59999999999838,1,684641.4194182211,1327.8410770596142,4328.563735683623,209.8072803261214,dry,0.9589153569659667,7.529903486153636,-0.9764330922205308,0.0,0.0,1.799170446729477,1015.905186514952,0.9935428462393616,,,,,65.2084395616735,0.3361866830012729,0.1999512420074545,124.41327387128204,134.36633578098463,104252791,11.023309799494069,1.5033520419085251,4.028968124902207,6.9024711298363615,0.0,0.0,0.1008560049003819,0.0,0.0,-2.859999999999983,-6.123037058349514,0.0,-0.128329707359122,0.0,0.0,-18.49863369446996,0.0,-60.0,38353
-71.32988124749497,14.08173314120432,30.065099466909302,0.2640736819315,-2.974564525695988,-90.0,8.630836539329325,0.8981920428863331,0.0276422521976797,0.0,False,RUNWAY_EXCURSION,249,24.89999999999859,1,767112.0873664987,1326.12456474711,4642.360388857939,80.06030045969781,dry,0.9825938632586608,5.576189265728536,1.2905222257499829,0.0,0.0,4.243407572555348,1011.514928719562,0.997346226141483,,,,,43.08186042823886,0.0274493150476757,-0.0236800899739009,132.53416311328806,143.13689616235112,180421576,6.459316126863618,1.191635013243414,1.936227034888536,4.900572620318596,0.0,0.0,0.0082347945143027,0.0,0.0,-2.489999999999991,-5.486167428529216,0.0,-0.6265900424358928,0.0,0.0,-17.223109366358326,0.0,-60.0,38602
-55.90621954120196,10.439626963750564,30.540439823336616,0.7810707052302159,-1.8552843716317005,-1.900060234648362,8.083712693465092,0.8657043347220694,1.241039560125614,0.0,False,RUNWAY_EXCURSION,334,33.39999999999811,1,724385.6140990468,1325.507240207363,4516.88200112384,284.15515226880007,dry,0.9892532601547148,0.9553669003214916,-0.366013422047915,0.0,0.0,-2.5342357858461373,1011.5674944975476,0.9912317425002224,,,,,112.99569338992433,1.241039560125614,6.446703785781995,127.28562225321222,137.4684720334692,809899613,16.64665839149951,2.006463163825857,4.093580520110597,10.825445156595976,0.0,0.0,0.3723118680376842,0.0,0.0,-3.3399999999999728,-4.0445845468352735,0.0,-0.4366303897647443,0.0,0.0,-22.02946370467156,0.0,-60.0,38936
-61.501410483993645,12.975362866282916,30.09067798787165,0.7604135634292378,-2.449685483701381,-2.4502999930366003,9.728497695830344,0.8481742262480124,0.6966883285219296,0.0,False,RUNWAY_EXCURSION,331,33.099999999998126,1,737557.3838197547,1322.0263485286027,4736.259501629334,284.6040693892942,dry,0.9682344805955112,7.479890619595422,1.839128738996139,0.0,0.0,4.306090032124774,1012.2988067867363,0.9914441098905044,,,,,84.45001136556054,0.6966883285219296,0.1017681357944866,129.91959767994555,140.3131654943412,1788089690,15.350332838462316,2.388822610017561,4.108688197594998,8.047727077373864,0.0,0.0,0.2090064985565788,0.0,0.0,-3.3099999999999734,-6.191908193375249,0.0,-0.8585875791061941,0.0,0.0,-21.24549193351748,0.0,-60.0,39267
214.035565981758,10.607047240871427,23.132394181825063,2.8800106478187413,10.236845302219072,4.339691586790719,5.312934381042841,0.7614467766284945,299.5890548753628,1.0,True,SUCCESS,500,49.999999999997165,1,673868.090748458,1324.1870461090894,4420.607175647359,472.5702043089848,dry,0.9918833330205608,3.3015541978062077,1.26396924043422,0.0,0.0,3.6777069727112375,1014.5341741397316,0.9775215346036532,40.499999999997705,1555.9805830389353,45.09999999999744,44.999999999997165,148.3187891835822,299.5890548753628,1949.7584232035915,123.91336595581834,133.8264352322838,860813095,45.09131014618627,5.183224823098864,10.48400280766224,11.572207243259976,8.250886530506724,8.232063958861636,30.0,4.999999999999998,129.16666666666785,-4.999999999999938,-6.250525065004338,0.0,-0.0635517828519823,0.0,-0.0116550681925928,-27.61906427843669,0.0,0.0,39767
216.24036196946173,3.8723229223028497,14.461901351959998,9.011127170436373,14.488371853370566,6.654712652530104,7.280607532354004,0.7323842570129845,352.7424934551436,1.0,True,SUCCESS,445,44.49999999999748,1,692888.2524840506,1324.7943750001605,4435.571218302177,468.75479490405706,dry,0.9680032425869578,7.870143243957923,-3.607847117427524,0.0,0.0,2.2794396245634854,1012.2991400688072,0.9760108099616944,35.79999999999797,1260.3705987934684,39.59999999999776,39.49999999999748,147.99905332776916,352.7424934551436,2039.736123566108,125.48686534094392,135.52581456821943,1690280743,38.12496327323437,9.062442754734844,9.245743715826588,11.27317751689279,4.536473416174957,7.921881156352639,30.0,4.999999999999998,131.4583333333344,-4.4499999999999496,-0.7414137491659414,-1.1306646440280863,-0.1382607065833479,0.0,-0.4203577864875544,-23.501956310823957,0.0,0.0,40212
214.9578147802164,4.096224405170531,8.246427601709069,7.1143407602011655,12.77527719903263,4.992437790779071,4.066512045452442,0.7659778418464918,338.89167510537976,1.0,True,SUCCESS,439,43.89999999999751,1,676156.7683619539,1322.2649059201656,4234.09169789328,359.056565917069,dry,0.9599193897921224,1.3929792679042858,3.1619806864591387,0.0,0.0,-2.2414622550494974,1010.8993544486352,0.9792164145858856,35.199999999998006,1262.185640135359,38.99999999999779,38.89999999999751,149.43188234901635,338.89167510537976,2108.2490209511875,123.07903701752517,132.9253599789272,679605935,37.40212335813322,7.835063477902633,9.549123197905908,10.90250902501568,4.643768511386534,7.953762973188558,30.0,4.999999999999998,131.70833333333437,-4.389999999999951,-0.8184449857476598,-0.4051810440550265,-0.0065574822051501,0.0,-0.0235964594658883,-24.393089125176736,0.0,0.0,40651
221.01215439996895,8.06266043395825,40.73187658155667,9.10259435397059,11.302639436459971,5.45865593515759,5.332039499610762,0.7496537089937619,254.3881977594686,1.0,True,SUCCESS,539,53.89999999999694,1,768163.3543355764,1326.2655444168174,4347.051147598442,427.5513885607824,dry,0.9997612011966788,2.989355738020233,2.8126528546149383,0.0,0.0,2.5001213240091635,1011.2028223629871,0.9800199882782432,44.79999999999746,1700.9301635192085,48.99999999999722,48.89999999999694,149.98148643161645,254.3881977594686,1203.3727390589545,132.2493960708249,142.8293477564909,514041964,47.998413434178325,11.129164406914326,11.477178751829694,14.089954135551748,5.863057215311177,7.937135323917797,30.0,4.999999999999998,127.54166666666794,-5.3899999999999295,-3.893166652701915,-1.3458767860558447,-0.074287405177515,0.0,-0.1880447358065408,-29.133039954660276,0.0,0.0,41190
-30.61889543173315,27.499031442418445,101.53466544331842,61.45592315626993,22.214858031586385,10.87271258469982,17.773663436819664,0.6792667477643568,514.9231760761004,0.2589928057553957,False,LOSS_OF_CONTROL,541,54.09999999999693,1,684012.327236995,1327.1583023231292,4466.763301995527,355.9277074910419,dry,0.9580411166959342,3.32156874462215,1.2132577361872712,0.0,0.0,1.1091389413557398,1015.8838791162964,0.9744894803139786,35.399999999997995,1298.421138802829,40.29999999999772,,151.71531954051636,514.9231760761004,4868.985514663102,124.2093421761623,134.14608955025528,1700138881,54.8562982559045,5.383810286203545,11.243513506175386,10.79574907097932,7.368976935532141,13.750490711064131,30.0,3.600000000000002,0.0,-5.409999999999929,-23.723388456016064,-26.343060528321686,-0.9482014455317964,-0.0706121484737501,-4.987593248422258,-26.134878370826545,0.0,-80.0,41731
-12.793252345082294,13.34451058422837,41.96327815914276,60.88223029565032,10.901800288586156,3.716937039085212,20.78365396871838,0.7324432691518415,434.4075788246369,0.1810344827586207,False,LOSS_OF_CONTROL,548,54.79999999999689,1,670939.205677722,1322.2135368977936,4446.044223020414,7.118592996624429,dry,0.9968650060854354,4.9400712438164005,3.2624131074522267,0.0,0.0,-0.382698330971432,1011.4307664779088,0.9867545211379638,37.79999999999786,1455.7589880449534,43.299999999997546,,157.37669068419558,434.4075788246369,2404.777024915461,122.96882250810846,132.80632830875714,1882235552,54.39293098801205,6.195361427694595,11.284238808838248,10.83773360713186,5.4574349570506575,14.3946836592445,30.0,2.1000000000000005,0.0,-5.479999999999928,-10.842847508606164,-16.831213872416235,-1.995246679892692,0.0,-3.511514680150769,-28.794813051988445,0.0,-80.0,42279
-35.566339509907365,9.005714642343928,30.182634282427955,0.712512327199757,0.0714921478798985,-0.0827403240266115,8.073159399438895,0.7624641045859956,2.6174232489853466,0.0,False,RUNWAY_EXCURSION,438,43.79999999999752,1,732990.1379824202,1325.4471540116056,4661.2662770960405,443.3118947676968,dry,0.9808643866004004,2.708404155876874,3.819667433833833,0.0,0.0,4.539592500417371,1015.851713482204,0.9868719729049752,,,,,146.28817769574056,2.6174232489853466,42.71385560527354,129.3416313224236,139.68896182821751,170294837,32.27245437029508,4.58196845506882,6.432836264569197,12.684026809479665,0.9631603771648009,0.0,0.785226974695604,0.0,0.0,-4.379999999999951,-3.94700761600729,0.0,-0.3307901335616953,0.0,-0.0015983458522574,-24.62661666575932,0.0,-60.0,42717
-34.56978168156985,21.950754411101197,79.06656153028655,60.10960122784071,24.32583520526308,9.054431144094606,17.283738369781403,0.6687933210940907,433.58396414793,0.0,False,LOSS_OF_CONTROL,544,54.39999999999692,1,700920.8360746652,1330.9725331241714,4412.967615614786,364.6303778827167,dry,0.9939505882284984,1.0442405690534962,-0.9073142630211536,0.0,0.0,-1.6554306649675503,1014.24831283179,0.9763478953715125,39.59999999999776,1568.3129928594687,46.299999999997375,,158.06246851826978,433.58396414793,5252.588316589007,125.23373187267792,135.25243042249215,125773896,54.819769942147495,5.8483939349169045,10.162871448979931,11.052648362007242,2.608317593129507,10.774208696508026,30.0,0.0,0.0,-5.439999999999928,-22.330870554373945,-22.77468522881,-0.7441634477597692,0.0,-3.112908437191426,-25.433363991123777,0.0,-80.0,43261
-5.10763222783811,14.68066085860498,29.63030495626665,0.7534779633594453,-0.8087692705233556,-0.7929412756122243,3.002713329096961,0.7604460021247333,2.349737743963999,0.0,False,INSUFFICIENT_RUNWAY,1026,102.6000000000339,1,742735.7516554908,1326.433805839148,4623.574208330857,375.349430270969,dry,0.9589814176221324,5.366618463660216,2.2055334176764863,0.0,0.0,4.475162092731593,1015.0160180226673,0.9888298812894268,,,,,112.84077535471796,1.5312654724800154,-0.8511929034983545,130.2378857822262,140.6569166448043,1441526998,91.59981005508286,7.048829465303905,21.64177921842329,13.018795960512056,2.489377907959367,0.0,0.4593796417440037,0.0,0.0,-10.259999999999826,-24.569485569972933,0.0,-3.68107739420815e-09,0.0,-0.0002332259800271,-56.535885677229736,0.0,-50.0,44287
-19.773358382788643,9.197960418927645,30.058049717819877,0.9835582847084748,-0.2277271407098669,-0.262373532526546,3.4014583970923096,0.7519981083303393,2.6096918025189666,0.0,False,RUNWAY_EXCURSION,505,50.49999999999714,1,766366.3222048174,1329.1881602333876,4715.487291266472,459.6190570435445,dry,0.9622971655168456,4.639809988343425,1.7726643886956204,0.0,0.0,2.561723218216512,1011.257031767495,0.9863209495453636,,,,,143.22949523244773,2.6096918025189666,8.495665623149169,132.1050708844217,142.67347655517543,721805890,43.31445044092817,7.5009948495832575,10.766832715932452,12.777986714026962,2.530420772849965,0.0,0.78290754075569,0.0,0.0,-5.049999999999937,-4.7471389237134,0.0,-0.0009628615527935,0.0,0.0,-27.64884963159894,0.0,-60.0,44792
-43.63242580597354,22.957803137859468,72.75969321885289,60.5929629440998,29.29355868348212,8.940138220587636,12.579293415720542,0.7111515519843589,456.9386184348122,0.0,False,LOSS_OF_CONTROL,460,45.99999999999739,1,680991.9867841107,1330.9237681588745,4719.63678656845,74.00679308879576,dry,0.9917402604375702,6.63237648751956,-3.934472145043044,0.0,0.0,-0.9353757648203392,1015.428410631682,0.9841371544207668,32.399999999998165,1123.365768658717,38.8999999999978,,143.594345275656,456.9386184348122,3998.420006317001,123.5237328608416,133.40563148970895,1231901275,42.505933219304815,8.113567925853793,8.243110361348245,9.773994907374412,4.1852949877429175,10.885477530440172,30.00000000000001,0.0,0.0,-4.599999999999946,-22.70724620283857,-21.17112397087094,-0.8339940718520205,0.0,-4.7058004266450855,-23.321640065831243,0.0,-80.0,45252
-56.3136243202173,39.26426037970023,148.2144125351529,60.18652989250373,18.95350345591281,10.4254444096095,10.931781236713396,0.707169216934335,335.9638273585997,0.0,False,LOSS_OF_CONTROL,504,50.39999999999714,1,731877.5414627171,1326.8499970271002,4460.368519099116,355.8355264290122,dry,0.9964057592135532,6.568689008614532,1.5498108793920171,0.0,0.0,-0.0511360720825013,1011.431175738296,0.979551571258684,37.49999999999788,1361.6343960095269,43.69999999999752,,151.11849565666202,335.9638273585997,3551.716845402472,128.5057623391938,138.78622332632932,322722697,46.65742518520828,7.64375930011473,9.269968351447927,11.41356466647551,5.1710272371360135,9.813838142908676,30.0,0.0,0.0,-5.039999999999937,-24.996804652385848,-31.022451822171387,-1.2285359348109668,-0.010957614090111,-7.850820154236185,-26.13363702581387,0.0,-80.0,45756
-94.13462225665135,106.02048322478788,370.668299140202,60.614650393146505,18.93145690945979,7.714338887026526,31.15079738892832,0.7060419196082698,416.2426840549056,0.0,False,LOSS_OF_CONTROL,558,55.79999999999684,1,761581.4333759074,1328.7198225974985,4685.060420799664,175.42408355426664,dry,0.987727260254208,3.058219881933537,3.426041431995227,0.0,0.0,-0.0261426590443134,1011.6627894332933,0.9824407988697564,38.399999999997824,1437.3312518912453,43.99999999999751,,127.85759901245883,416.2426840549056,1397.0419816756746,131.07826467080895,141.56452584447368,1846923786,53.7788927011262,5.695184946453879,8.5794580325713,12.051906124334645,4.942286787466253,13.20639491962998,30.000000000000007,0.0,0.0,-5.5799999999999255,-45.15041004088329,-44.24388355713368,-17.722879931591073,0.0,-0.5073571560186234,-29.18421508260681,0.0,-80.0,46314
-84.20144689130838,49.64926350810232,142.61661266253893,60.48844210665397,43.00909515407311,8.791495225271685,24.0585764120204,0.6846370815138363,968.735947329914,0.1079136690647482,False,LOSS_OF_CONTROL,582,58.19999999999857,1,738583.351826043,1329.2772068273428,4703.577696008215,193.53638504890856,dry,0.9700340799513126,4.413725774400499,1.0384402301711844,0.0,0.0,1.1329180045057043,1012.4147754942312,0.9662126743004892,38.8999999999978,1398.93211211454,44.39999999999748,,127.27940992678472,968.735947329914,5816.892540819027,129.29528912903928,139.63891225936243,967096425,57.20716418093557,4.757504992735457,9.947558838380784,11.700421451998135,4.7414958080347605,17.073230195011394,30.0,1.5000000000000002,0.0,-5.81999999999992,-45.18724826646597,-38.83459794082818,-8.222736875869904,0.0,-14.182025356581628,-28.88221391865857,0.0,-80.0,46896
-56.45940960381616,44.13451609510528,143.75930034967703,23.839073593510165,45.31218588543067,8.121140480957681,22.571819976903768,0.6908101943654752,732.6181063069401,0.0641025641025641,False,LOSS_OF_CONTROL,545,54.49999999999691,1,741242.7765974248,1323.0081740011012,4610.844479606427,243.29790536580435,dry,0.9766730127019616,2.573119407348429,0.976004612429203,0.0,0.0,2.071944801586405,1015.758900380407,0.9715968508627044,38.49999999999782,1519.7407100962364,46.79999999999735,,133.63521759879362,732.6181063069401,7251.181966274181,129.52417361243786,139.8861075014329,1921983830,54.73810777323712,9.071297487927376,9.280402520956544,11.59094306172594,5.436449210879152,11.519313725989695,30.0,0.5,0.0,-5.449999999999928,-38.11813667030037,-13.946446963428086,-10.35904364144978,0.0,-13.478864142370073,-27.24343196698364,0.0,-80.0,47441
-54.69213083837391,13.19934968181206,30.031625864410373,0.757569951939855,-2.2075572578191145,-2.247707432452924,5.9489281341559455,0.828591116936335,1.1056647893831268,0.0,False,RUNWAY_EXCURSION,286,28.59999999999838,1,749852.8131282466,1322.0034196465303,4718.725478169605,423.8919947640924,dry,0.9634219129105506,0.5502834713396085,1.51299793697735,0.0,0.0,2.844640907933784,1015.8229612941456,0.9873905808485972,,,,,110.62778120637478,1.1056647893831268,5.476184753133975,130.44345178996377,140.87892793316087,1710093347,14.413536959672507,3.283157302798304,4.303602997407553,9.40435070920287,0.0,0.0,0.3316994368149378,0.0,0.0,-2.859999999999983,-5.536414439834123,0.0,-0.088259288138268,0.0,0.0,-17.9438045162977,0.0,-60.0,47727
-54.18520990620922,22.62705069526035,71.0814425329024,60.42745894756419,23.99090812339484,7.226256173623394,30.982606355481824,0.7189972182703123,689.8286552149665,0.0287769784172661,False,LOSS_OF_CONTROL,608,60.80000000000064,1,757687.0510095567,1330.3026399135729,4459.599609983051,428.3094616156562,dry,0.9965395774156742,2.535071218514512,-1.7591399564797388,0.0,0.0,4.865849604717316,1015.0924365671297,0.9678745013464928,41.39999999999765,1707.970618998718,46.999999999997335,,152.14449111650606,689.8286552149665,1706.732272572731,131.62502906888963,142.15503139440082,1514711733,65.26530581735436,9.684659252480175,11.488082391045332,12.361787930090754,5.635174619646636,16.947873889632728,30.0,0.4,0.0,-6.079999999999915,-30.271707024590185,-38.72566880000051,-7.468477456913557,0.0,-12.016292358133864,-31.405948166821048,0.0,-80.0,48335
-48.31539549679248,35.60573547220251,196.33503206826296,60.34166350196578,10.324954422526586,3.4774732367709973,36.33656579338928,0.7275210670724235,506.2406786165228,0.0888888888888888,False,LOSS_OF_CONTROL,549,54.899999999996886,1,672004.3219928935,1328.8089405389069,4685.938387885984,25.9069180368845,dry,0.9534597610359292,1.594348425974351,-0.1206175340701416,0.0,0.0,4.252660701784002,1011.2620743637026,0.984471442167261,31.499999999998217,1101.022388248658,36.999999999997904,,159.53643196383433,502.79330090364346,-327.57913945764363,124.06395458198,133.9890709485384,495300371,58.61155147355553,8.622055198714566,10.46435080058543,9.710438053388918,6.619983918727585,16.848524335712078,30.0,1.6000000000000003,0.0,-5.489999999999927,-24.526071746803037,-40.92725602601532,-6.05662900869348,0.0,-4.755441367324115,-29.036901128640466,0.0,-80.0,48884
-53.37934374141884,28.098212698332237,87.81685211009011,60.76709853609217,19.89444653340669,6.330458933430042,27.88046248650013,0.7287664657391459,427.14920449832607,0.0,False,LOSS_OF_CONTROL,619,61.90000000000151,1,767389.2689422511,1331.5774739843291,4318.472145370864,398.0943665078766,dry,0.9926649778204408,2.470093534790104,-1.263695726265992,0.0,0.0,3.824080180268849,1012.0733072059002,0.9760432897737036,41.99999999999762,1713.5905368257966,47.39999999999731,,163.40151093542616,427.14920449832607,2528.8262845297404,132.42647294434826,143.02059077989614,1647140547,66.92042728189762,6.705120993627771,11.012740947584255,13.02757224881443,4.534218595041673,14.254218914298498,30.00000000000001,0.0,0.0,-6.1899999999999125,-37.1842854700276,-31.787546371314075,-2.5534128835425816,0.0,-9.465751348781293,-32.652646649017406,0.0,-80.0,49503
-55.50764460032952,9.766400672101122,30.069803041599823,0.6713592852080527,-2.438503562944941,-2.485515592742633,8.275624973393436,0.8127167919003369,0.8741085968666553,0.0,False,RUNWAY_EXCURSION,235,23.499999999998664,1,704060.9796648885,1329.297434115956,4548.85605738813,24.597162144725903,dry,0.9691052580471526,1.9082154882560476,-3.684307267237143,0.0,0.0,-1.358538508610854,1014.1781289313914,0.9988809925067073,,,,,103.99931481643858,0.8741085968666553,6.327441869510544,125.58330643781616,135.62997095284146,111714892,9.94888479132659,3.4187941738116145,2.755120276065036,7.684506387600394,0.0,0.0,0.2622325790599965,0.0,0.0,-2.349999999999994,-2.4905451989648943,0.0,-0.3731381124541932,0.0,0.0,-14.363499496774065,0.0,-60.0,49738
-53.78517867399231,36.93761743431574,213.31360582777705,60.456871751899946,12.692739019399935,9.892910780514583,58.90246037850447,0.7197219145504888,363.94327299027503,0.2105263157894736,False,LOSS_OF_CONTROL,557,55.69999999999684,1,717922.9352788287,1330.8718869237014,4592.47200393504,132.6499871754142,dry,0.9745021260677336,3.295839760627807,2.655810735629805,0.0,0.0,-1.6892244664178957,1012.3569417065124,0.9851043911836092,35.399999999997995,1352.8480906153477,44.39999999999748,,166.52584854356093,363.94327299027503,3382.3249939530424,126.85437508465309,137.00272509142533,1224268756,58.38296361261148,4.568326230751623,9.34268626699426,10.5843445902819,3.816388348229574,12.29348424879872,30.0,2.400000000000001,0.0,-5.569999999999926,-27.30646049976999,-30.481990249165204,-10.278539766135628,0.0,-2.285190713177278,-29.251190743411563,0.0,-80.0,50295
-126.21939599441562,80.97534858414969,339.71613409545705,31.59684966021881,2.8869025542291245,0.5383340601066007,26.05183609686274,0.7731580671561962,111.59910277146396,0.0,False,CRASH,618,61.80000000000143,1,762470.9039383203,1325.1236605204626,4205.474436651497,411.9892525764352,dry,0.9982199193293048,5.078085127491985,-1.382984064811815,0.0,0.0,4.524409096258328,1013.9343430778524,0.987232108607441,40.5999999999977,1562.6616385536604,56.99999999999761,,176.14545312911162,21.488910800452743,-2479.8402890851908,132.03828761790382,142.60135062733613,868768460,65.56117282889365,4.929904258883889,9.996585429466624,12.911259511519138,7.2870432889651235,4.781226292105827,6.446673240135828,0.0,0.0,-6.179999999999913,-59.09229127249708,-22.74306524675192,-13.269396127977105,0.0,-1.665496282678927,-35.18301191448052,0.0,-100.0,50913
-26.10683361348635,24.720050992700664,129.59193414591402,60.66208525445592,8.517127346317826,6.722384441953303,37.71324619264463,0.688575162894308,465.6126737183213,0.3095238095238095,False,LOSS_OF_CONTROL,472,47.19999999999733,1,691233.6783758951,1326.275268013787,4546.605955057403,31.76723166004436,dry,0.978429481766764,7.598172920525497,3.99525531769657,0.0,0.0,0.6174601512303228,1013.042937631444,0.9851868826700084,33.39999999999811,1198.446607482099,38.8999999999978,,161.72301686854988,465.6126737183213,2585.156408069376,124.9319250468593,134.92647905060807,2140277469,45.19033393319228,6.389697552136704,9.05287205416003,10.25434354018091,7.092401120853748,11.850068836168433,29.999999999999996,2.600000000000001,0.0,-4.719999999999944,-17.652060219993643,-16.175919628843808,-5.694766401620109,0.0,-1.1165699655976158,-23.17723443412333,0.0,-80.0,51385
-84.41568555666275,35.468684879423186,137.10349524818926,60.73991572322004,22.597300200451084,10.09723101531801,58.40248021323458,0.7322774743493342,1123.2537334245703,0.0054054054054054,False,LOSS_OF_CONTROL,647,64.70000000000374,1,718277.6088077297,1326.6192614154922,4251.864165393989,452.0152960949606,dry,0.9511744928329404,0.3174454291636044,-0.1965178759334001,0.0,0.0,-1.6491784065746184,1014.8596256110106,0.954097063364083,40.699999999997694,1649.149935711486,46.299999999997375,,146.6604378481053,1123.2537334245703,5699.711933357206,126.73801462645552,136.87705579657197,426303516,71.30307636277097,5.142467414262836,9.252217713831204,11.81206021357236,4.161531376138359,20.563943804101765,30.000000000000004,0.1,0.0,-6.4699999999999065,-47.89103353447338,-51.6736210369679,-12.435856636678071,-0.0001050430037752,-3.77720085268112,-34.50316533753563,0.0,-80.0,52032
-46.04891572234699,24.956067517038704,132.6240812026916,60.93879142456999,16.52634799864483,10.928194629661164,46.32574652342685,0.7457315012812611,520.6918047608209,0.0,False,LOSS_OF_CONTROL,560,55.99999999999682,1,701699.0128848691,1330.1423900466198,4779.92838838452,241.83944192984475,dry,0.9663174309139206,6.395764059644156,1.4302916701461603,0.0,0.0,3.4951330182144016,1015.3352664458066,0.977790685971405,36.69999999999792,1369.4424909388288,45.19999999999744,,138.70952702122835,520.6918047608209,2994.1271893177263,126.35686757404962,136.46541697997358,2032646511,55.53976495295356,3.1094667833622456,8.906249168559892,11.351673865698285,4.823410630011208,14.022695446176185,30.000000000000004,0.0,0.0,-5.599999999999925,-24.21277191524221,-22.91771719209357,-8.465367409482806,-0.0615154622014899,-2.053196721900965,-30.491607868187224,0.0,-80.0,52592
-85.72922600700656,38.52583309681145,176.56707922959282,60.77133500895884,28.70543736406487,8.86949637623168,49.42759867983211,0.7509932006172708,1041.9875925701076,0.0855614973262032,False,LOSS_OF_CONTROL,637,63.700000000002944,1,692936.0137231004,1322.734855644317,4260.131934561984,227.9527155211208,dry,0.9731943154726465,0.6084833265741629,-2.0344103985703765,0.0,0.0,1.049735748763312,1014.7861854763744,0.9631444018455926,36.999999999997904,1344.1017114987965,45.09999999999744,,124.6883466422502,1041.9875925701076,3882.210020255096,125.07169241057788,135.07742780342411,194890680,65.5725248056771,4.762192090301958,10.443204808376038,11.48493460272565,2.782126880237377,18.946368221299576,30.000000000000004,1.6000000000000003,0.0,-6.369999999999909,-57.88278948578149,-36.27089159144403,-11.400929478237128,0.0,-4.04787221480583,-35.348094645355594,0.0,-80.0,53229
-53.84507709267692,35.45856008852735,89.179570092934,25.10604489305933,40.66140291622282,16.048370889962186,10.285280748475744,0.7096964684746919,1286.9259559213967,0.24,False,UNSTABLE_AFTER_LIFTOFF,593,59.29999999999944,1,671666.0071332436,1326.571136357433,4201.3380350389625,129.8709062421432,dry,0.9705760285383254,1.9224606802164708,-2.750305545630629,0.0,0.0,0.4933479174575739,1013.6842871105528,0.9588944312241174,33.999999999998074,1198.352578879471,41.899999999997625,,101.3900825235448,1286.9259559213967,4736.513180589457,123.08549912939596,132.93233905974765,1338252684,57.824074964048975,3.917454484579866,9.736003118774091,10.313615274418876,3.675069690154203,20.668454736131483,30.0,4.200000000000001,0.0,-5.929999999999918,-54.4276054810328,-22.371277826879925,-1.0734231966788133,-4.175215055417716,-5.456219997563894,-30.746007803210983,0.0,-70.0,53822
-54.48468243784977,12.09257246291855,30.009554233853148,1.0567528887401614,-2.2985022260197843,-2.3633967819766246,5.026982207950256,0.8083241084501853,1.085108567358816,0.0,False,RUNWAY_EXCURSION,280,27.999999999998412,1,675333.503692434,1322.089136727673,4293.626545945766,316.0475125113294,dry,0.9539519876787632,0.3701220563628684,1.0792021074118088,0.0,0.0,1.8253037807124004,1013.292549632298,0.9904459123044388,,,,,112.91513182499116,1.085108567358816,7.074064303486356,123.7294312034426,133.627785699718,1246254308,13.235011848788764,2.4405121296447345,4.44149308345487,9.318989805792077,0.0,0.0,0.3255325702076447,0.0,0.0,-2.7999999999999843,-4.549387383984675,0.0,-0.0641268044861122,0.0,0.0,-16.83270768726712,0.0,-60.0,54102
-55.71870971117082,23.284799221865256,134.0485070862155,60.09987032791723,13.460202408505992,6.011219998327556,40.44462009459644,0.7259591734903001,85.6447015460198,0.0,False,LOSS_OF_CONTROL,491,49.099999999997216,1,714956.0755856755,1329.8581975616505,4599.868906908398,260.582729872588,dry,0.9579268974150046,5.462396586616928,1.441380550990158,0.0,0.0,3.3613666055195197,1014.9632188302172,0.9896656543304536,43.19999999999755,1837.474285622873,,,135.5511798739162,85.6447015460198,48.88981370656946,127.53901611864254,137.74213740813394,1930469648,43.943592656068105,7.954646207551629,9.476645074505686,11.68359964467328,5.135387361560359,3.0453495127554757,25.69341046380594,0.0,0.0,-4.90999999999994,-14.55867325477709,-30.02779939804882,-5.715365264814523,0.0,-1.8255570378409691,-25.613945676609813,0.0,-80.0,54593
-55.40979316879768,8.457948767823448,30.457043132714773,0.4226014536416335,-2.1362903235476534,-2.178925836901621,9.96088855315687,0.7824254350155185,0.8913161047422449,0.0,False,RUNWAY_EXCURSION,221,22.099999999998744,1,681424.7029870774,1330.3967137868294,4786.537867731013,95.44255274361493,dry,0.9716279145430866,1.585686525675697,3.1450606539518624,0.0,0.0,-2.683745486916667,1015.5796301607576,0.9967840670249896,,,,,102.66120567440213,0.8913161047422449,7.106963611671233,123.17714155865664,133.03131288334916,641445060,9.094978406019235,2.56731287325,2.828321778733479,7.150146629340754,0.0,0.0,0.2673948314226735,0.0,0.0,-2.209999999999997,-1.7566282573740977,0.0,-0.538885704771328,0.0,0.0,-12.812433725418394,0.0,-60.0,54814
-116.2157816623192,82.22283028440498,388.367051225218,42.84314356414337,33.89844963274246,15.592302632415326,70.38302718052694,0.6772039544128663,2095.958116623053,0.1655405405405405,False,LOSS_OF_CONTROL,797,79.70000000001568,1,687641.5372874655,1326.772223471506,4450.88386072821,340.41884935887015,dry,0.9849012730308224,7.29513142990861,-1.1300601209391,0.0,0.0,-0.1241161630660911,1011.559258226642,0.9302506398250174,44.199999999997495,1951.371381054854,50.199999999997154,,102.96891402652795,2095.958116623053,1973.646568402132,124.5380131520648,134.50105420423,1937191049,86.12087315330982,5.53137021948019,9.507881930246633,11.358516023416156,4.336436939173665,33.23064936021298,30.000000000000007,4.899999999999999,0.0,-7.969999999999874,-86.18959087395862,-53.009232451841,-25.40701315403398,-4.140685192864771,-5.5572818401759285,-38.92770577528408,0.0,-80.0,55611
-62.60839755053327,9.079442475071792,30.479139549661884,0.3627520675585864,-2.8892085446229463,-2.939124569157072,10.413998362339218,0.8532726561592522,0.3514307147474937,0.0,False,RUNWAY_EXCURSION,203,20.29999999999885,1,735765.5347628625,1325.1367230890576,4380.984416676861,325.4559897860916,dry,0.9784755924654052,7.708046923510358,-3.0878524590856435,0.0,0.0,-2.495429835945564,1011.3197870922528,0.990066323948141,,,,,73.42560161358755,0.3514307147474937,3.203091782082108,128.3059638486309,138.5704409565214,1443098010,5.734129553830425,2.0341184052941808,1.5278253571474127,5.931375284400877,0.0,0.0,0.1054292144242481,0.0,0.0,-2.0300000000000007,-1.8593959954002184,0.0,-0.9615490968089008,0.0,0.0,-13.090330273421284,0.0,-60.0,55814
-61.092775101351485,8.73779401306161,30.386893409621297,0.3701492966038767,-2.8704602327024924,-2.9062722348400905,10.645724155830678,0.8632787752664831,0.4192640501004803,0.0,False,RUNWAY_EXCURSION,209,20.89999999999881,1,735792.2291918476,1323.922068737209,4667.84643531637,495.8048936920418,dry,0.9646940179067156,1.7131196342890531,1.97127018199413,0.0,0.0,-1.3211316355289568,1015.094979439286,0.9851399000392344,,,,,78.86725421799733,0.4192640501004803,4.176578477663284,128.33244704244677,138.59904280584252,1912112502,6.463622201888123,2.45272952868025,1.702770797404513,6.540922797863707,0.0,0.0,0.1257792150301441,0.0,0.0,-2.0899999999999994,-1.7729944712079246,0.0,-0.8262780992404246,0.0,0.0,-13.68932707176988,0.0,-60.0,56023
-61.63661462798115,10.034235378388171,30.152646232030044,0.2535634288590547,-2.7121995153273444,-2.7471191408726607,8.447995252376957,0.845178893786304,0.4294202399148616,0.0,False,RUNWAY_EXCURSION,196,19.59999999999889,1,715873.5607984313,1327.062186560374,4723.341296367686,189.14417696464807,dry,0.977210298168254,3.519146309335211,-3.8354887599446656,0.0,0.0,1.047495447947174,1011.6930613938542,0.9941222814948748,,,,,79.91895968058479,0.4294202399148616,4.558046128940205,127.31859187183493,137.50407922158172,428456152,6.143059992145868,1.6079992315542009,1.5888653583209944,6.100587807842432,0.0,0.0,0.1288260719744584,0.0,0.0,-1.9600000000000013,-2.192714711918197,0.0,-0.5473801743658677,0.0,0.0,-12.50585820353504,0.0,-60.0,56219
-63.54439553156627,9.194658695031688,30.242066704632236,0.4883746810083806,-2.7697703746185693,-2.808054691998925,12.55407327642087,0.8280394116817917,0.2893233350752666,0.0,False,RUNWAY_EXCURSION,181,18.09999999999897,1,734071.3059640639,1331.316761396909,4536.804768070361,244.6487492576087,dry,0.9695357414827216,0.5478740218229845,-1.7495320437296265,0.0,0.0,-2.395205683742057,1013.475703521357,0.9924204228666283,,,,,67.73783868149964,0.2893233350752666,3.1313285584211847,128.04422720230093,138.287765378485,1628312689,4.70886986293541,1.444223556847192,1.0789163201349437,5.342519346417758,0.0,0.0,0.08679700052258,0.0,0.0,-1.8100000000000012,-1.7002284979755609,0.0,-1.3265236012017725,0.0,0.0,-11.368969519246829,0.0,-60.0,56400
-61.421691227210346,10.140240766244345,30.468580073142952,0.1949636169487207,-2.5850475678278912,-2.62435900941712,8.904277308230402,0.7970790628087586,0.4473348022025476,0.0,False,RUNWAY_EXCURSION,189,18.89999999999893,1,686565.5962916207,1326.155000811783,4401.080430614576,111.5872150476488,dry,0.9533911794723946,6.524676713638945,-2.184759996243079,0.0,0.0,3.4272267045412117,1011.1795192714068,0.9964030513981152,,,,,80.74098614879902,0.4473348022025476,5.550042848552188,125.22887350295828,135.24718338319494,2023172498,5.871160699936104,1.2545949084743724,1.3131573944977348,5.84947942596948,0.0,0.0,0.1342004406607643,0.0,0.0,-1.8900000000000012,-2.159314138745478,0.0,-0.5605052102029661,0.0,0.0,-11.234464747800352,0.0,-60.0,56589
7.72627975851983,6.568116376508908,30.053209213489573,13.99646449726027,-0.8202882465765741,-0.8164261380162195,6.920124071670374,0.7852370364013661,5.267453058961962,0.0,False,RUNWAY_EXCURSION,692,69.20000000000732,1,675017.2143525035,1328.8112044007246,4335.88693141812,167.67394551996594,dry,0.9959174119564652,6.66646714358339,-2.688707827440107,0.0,0.0,-0.3522195114882436,1011.091867122786,0.99456996650893,,,,,141.5233562897911,5.267453058961962,40.90566389182307,123.36916434558556,133.23869749323242,104360713,70.94528990551335,14.97813339835003,16.01667646705921,12.053645971780435,4.3756204376601024,0.0,1.5802359176885894,0.0,0.0,-6.919999999999897,-3.3169984103191354,-1.434137587871315,-0.1758272532230081,0.0,-0.4763588889335262,-39.90000019918492,0.0,-60.0,57281
-44.61155541831396,10.60548769505476,30.14083169693629,0.5589633345040064,-1.4695743990671928,-1.5037112888103472,5.300325204206332,0.8493664996539533,1.961787514224852,0.0,False,RUNWAY_EXCURSION,414,41.39999999999765,1,719693.9272075336,1326.137708418574,4251.765835406008,267.88448069869605,dry,0.9882515294529256,4.925171630134743,3.8406515060869832,0.0,0.0,1.8221395781950056,1015.3304858214068,0.9918161787640604,,,,,140.6328425604641,1.961787514224852,8.62921938496008,127.59954613549,137.8075098263292,784068115,26.46298368889705,3.14333457447159,7.776743515089058,12.929519826278918,0.4428419346526806,0.0,0.5885362542674555,0.0,0.0,-4.139999999999956,-5.173912985498062,0.0,-0.0657809613217743,0.0,0.0,-26.57582126515089,0.0,-60.0,57695
-61.37983619816424,39.26270987452043,242.45178456121764,60.71593091337351,18.925527687813982,7.43203593977756,51.02252514514578,0.78042510774058,846.1809087566933,0.1542857142857142,False,LOSS_OF_CONTROL,851,85.10000000001997,1,710728.9642616927,1327.0543547991094,4668.348132919142,51.37926406168519,dry,0.9582285376261186,6.750021821942466,1.8551582790473096,0.0,0.0,-1.3373748529255094,1014.7272288571438,0.9735257699042212,60.60000000000048,2478.305190126858,67.70000000000613,,143.2222525258425,846.1809087566933,3480.180597347632,126.14709961166716,136.23886758060053,1366900981,87.99115048450632,6.470417393673349,13.89304857055581,14.086360831386475,2.897756605781901,20.00660774104338,30.000000000000004,2.700000000000001,0.0,-8.509999999999863,-41.79524215428441,-41.46980018873958,-11.98846342649735,0.0,-6.222667124066011,-49.43900493152398,0.0,-80.0,58546
-67.57513748159813,75.70017960768446,406.0793932914154,48.97302286453203,0.6456051032579592,-0.0540148821775657,52.66098751918331,0.767670288995773,145.32087877892104,0.0,False,ENVELOPE_VIOLATION,649,64.9000000000039,1,729625.3483659148,1331.2276785524157,4398.454397252534,437.1137450008835,dry,0.9927807770961694,1.3764515278081468,-3.904237592690313,0.0,0.0,1.7824086392723917,1015.2870653356232,0.9829196100969078,48.49999999999725,1854.985774614207,61.10000000000088,,190.40009358058305,141.63248586383372,-631.7162537120596,128.4708800429141,138.74855044634725,226549387,63.17864188414588,3.035274508948038,10.295569664241656,14.21993850316987,9.997143649853692,5.6792586103517415,30.000000000000004,0.0,0.0,-6.489999999999906,-41.9650786480148,-45.59325018437073,-16.1039239208485,0.0,-6.850646022096526,-36.97806552697824,0.0,-50.0,59195
-57.88330432466662,11.80932939248707,30.116446135406896,1.0071476549931793,-2.29387887503518,-2.305961138193275,7.432944735194256,0.8256943666304845,0.8380072865398347,0.0,False,RUNWAY_EXCURSION,309,30.89999999999825,1,728824.8922878355,1326.0168254119264,4777.4028313016,387.0044048814056,dry,0.9556465489219512,1.2191045753983758,-1.5349141738115142,0.0,0.0,2.842983429934921,1012.6888974389508,0.9884490568392732,,,,,96.34930533845149,0.8380072865398347,3.802562026222169,128.7999279326499,139.10392216726189,1095352898,14.246199796691862,1.0629400188321372,4.720132319486958,9.272951633265343,0.0,0.0,0.2514021859619505,0.0,0.0,-3.089999999999978,-4.788135617375562,0.0,-0.2690437520144073,0.0,-0.0041346434095147,-19.28561626610537,0.0,-60.0,59504
-29.86094481918925,10.020721332329028,27.68319971647377,5.954602722905786,0.6985083659767218,0.769899671998948,7.389859213568701,0.834571682395991,3.8776351813863528,0.0,False,UNSTABLE_AFTER_LIFTOFF,684,68.40000000000668,1,692544.0946630663,1322.1861070052014,4380.578346528473,241.3689857285964,dry,0.9505443635596964,0.1518327738096951,3.8702357407483903,0.0,0.0,2.203069651834528,1010.3335132874704,0.9925544408589694,68.3000000000066,3027.303818656327,,,142.71308971181512,3.3242159844040486,42.5979502368401,125.5611641940054,135.60605732952587,1350999467,59.51292830738674,7.820847440704411,12.881581235243583,14.179975254584656,3.1770374099408394,0.0,0.9972647953212156,0.0,0.0,-6.839999999999899,-7.631529057534744,-0.1082807929425355,-0.5189371100946164,0.0,-0.5239580447399604,-42.80787425705871,0.0,-70.0,60188
-58.762445947345526,11.711948108421756,30.27832039139024,0.2354500483789061,-2.8041196917485127,-2.835076193572082,4.562186999358589,0.8433611892846474,0.7090047183533557,0.0,False,RUNWAY_EXCURSION,251,25.09999999999858,1,750096.6630078355,1322.1564270229053,4571.934464335856,289.06796004617905,dry,0.9588216685250116,0.6241675745957487,1.4428355392750842,0.0,0.0,-0.1240085932325421,1010.6473194672606,0.9911926537392683,,,,,96.90537365684392,0.7090047183533557,5.53315776009633,130.1294007204445,140.53975277808004,1640650566,10.211267031604365,1.55447770033555,3.3221824552446906,8.262017681617085,0.0,0.0,0.2127014155060066,0.0,0.0,-2.5099999999999905,-3.825511316898371,0.0,-0.0233626278811985,0.0,0.0,-15.966218286873657,0.0,-60.0,60439
-12.999029774291904,9.976500687781938,30.66520261442897,17.168717090825854,-1.1550581690519488,-1.1514445519762824,7.788489428092283,0.8330307635996076,5.436589000412255,0.0,False,RUNWAY_EXCURSION,798,79.80000000001576,1,708959.9213083601,1322.9592307755668,4560.190143933905,354.2670073346601,dry,0.9681487815296848,6.162903868201232,-1.1552325640862715,0.0,0.0,-0.0535964494588112,1010.6458112095108,0.9891710911302034,,,,,144.90071003131524,4.928196678652796,-42.18696716938943,126.52637268606736,136.64848250095275,1991049240,72.16618748041388,11.899281919788567,16.404185980763405,14.960936819619588,2.1643938798923483,0.0,1.4784590035958391,0.0,0.0,-7.979999999999874,-8.825043516300454,-5.058750207651653,-0.3228642860637564,0.0,-0.0292938203126361,-49.856523028036975,0.0,-60.0,61237
-55.70323421622365,30.81148530946914,156.6867090700574,60.6158352319284,14.587589487187536,6.202496725638075,36.57438306785835,0.8043394832514018,180.22689710079223,0.0,False,LOSS_OF_CONTROL,655,65.50000000000438,1,679673.0847796479,1323.442689990311,4474.514109747011,258.07045995123804,dry,0.9747425027705984,4.405017955441189,-2.7472292313141806,0.0,0.0,4.2337806674143845,1012.3687944669276,0.987055230583856,55.49999999999685,2102.5781654600014,63.00000000000239,,137.36767081479712,180.22689710079223,1374.5646960157776,124.69759774349784,134.67340556297768,880091737,56.24479628204176,5.011366507506797,11.436504365016637,14.094498878517546,6.187409300435773,6.2177685560527,30.0,0.0,0.0,-6.549999999999905,-33.95783640148191,-19.052459582131583,-4.644234226983035,0.0,-0.9670299876762954,-39.724017907522,0.0,-80.0,61892
-8.452986629821837,11.823410587637415,30.234003350002823,5.8583560793176925,-0.792748872366603,-0.8067489295067544,6.612170255379434,0.8285948194125132,3.64468637720654,0.0,False,RUNWAY_EXCURSION,850,85.0000000000199,1,754823.6638976027,1325.344542568026,4697.080363385489,211.2894027757185,dry,0.9822228085960564,5.15061630394638,-0.3312215494521218,0.0,0.0,-0.9935881092655938,1015.4783968599012,0.9933718896294316,,,,,145.4718459234312,2.91471790670451,-43.48879916003612,130.03116552382437,140.43365876573034,945702738,83.51729437411242,5.4672057299612655,17.08697948904848,16.490622013835726,5.322392819443065,0.0,0.874415372011354,0.0,0.0,-8.499999999999863,-13.202675803919767,-0.1248504257563352,-0.2948997582553652,0.0,-2.211619301916253,-52.87785113838626,0.0,-60.0,62742
-42.06689735870246,17.9460170483648,30.126604589068734,1.2736328583226373,-1.5711390134922507,-1.5582286359264788,6.901905152814105,0.8448286676741981,2.2623925656789083,0.0,False,RUNWAY_EXCURSION,830,83.0000000000183,1,745315.0327407499,1330.5492385989846,4444.755774097718,455.0041441587811,dry,0.999748531322343,1.034735424283327,-1.123076155129826,0.0,0.0,0.4835915835609645,1013.9941970622972,0.9863628449396245,,,,,143.09802456119277,2.26068278625678,-0.6640709205766449,129.63624102206438,140.00714030382954,1018360727,69.99556651427496,3.597129787154113,16.651826342437417,16.778112958624657,1.756710597722143,0.0,0.6782048358770343,0.0,0.0,-8.299999999999867,-29.701045350796218,0.0,-0.5644117785412388,0.0,-0.0039222484230153,-52.95506901703214,0.0,-60.0,63572
-12.58676352910851,13.914496939150412,24.179696963577644,1.5384379725204935,-1.3310831632178868,-1.3502883369566403,5.968945019000849,0.8430663989005188,1.97971447385234,0.0,False,INSUFFICIENT_RUNWAY,1017,101.7000000000332,1,766975.7115087451,1331.8325257242875,4473.2862582578255,235.56992156740213,dry,0.9925606854345792,3.814841491861512,-0.0860899298519068,0.0,0.0,2.360936305899866,1014.794123312138,0.9927692504522184,,,,,136.96782161447447,1.9137655735484884,3.28642195569806,131.88149570434888,142.4320153606968,2049967474,88.40462303725701,4.573624950246873,22.20070476762241,18.75289437233573,0.0,0.0,0.574129672064546,0.0,0.0,-10.169999999999828,-21.878294432867747,0.0,-0.337694730152887,0.0,-0.1049555221263011,-64.60179564348799,0.0,-50.0,64589
-45.066635887393154,14.91300590676045,30.31000273874067,0.9841209534455188,-1.520578022187702,-1.5296685704588322,12.385786923348428,0.8441402202424333,2.1586215675046247,0.0,False,RUNWAY_EXCURSION,624,62.40000000000191,1,732790.151704987,1327.2586566181535,4687.758027585381,68.55613344833338,dry,0.9609459971387726,1.9648532555391969,-0.6310328605039359,0.0,0.0,-0.5015353359257384,1015.1484630125703,0.9975580396611772,,,,,143.44991329364598,2.1586215675046247,16.899130514846874,128.24984492460771,138.50983251857633,420376857,47.16644365052393,3.763218682880335,11.476846890005332,15.839600567888375,0.5107853604602383,0.0,0.6475864702513877,0.0,0.0,-6.239999999999911,-15.419576998804985,0.0,-1.8605282350095007,0.0,-1.391608984589425,-39.5594032909988,0.0,-60.0,65213
-51.36429535865521,19.206727617394904,30.16474114214743,0.8765436801729763,-2.061009653739525,-2.051938228074533,6.3331432819698605,0.8446644282761429,2.063710117298577,0.0,False,RUNWAY_EXCURSION,1068,106.80000000003724,1,755268.4842786294,1331.6269657498335,4480.506055561467,1.478160727665323,dry,0.9623369477861644,2.4067916202107438,2.5123269197003486,0.0,0.0,0.6009609271588943,1014.9329829710272,0.9995396735453432,,,,,140.26194461607466,2.063710117298577,9.940137295496676,130.46514599250642,140.90235767190694,1073518085,85.70294851663208,5.306749438878027,21.735472665497387,17.882625094158378,0.5562495046491238,0.0,0.6191130351895732,0.0,0.0,-10.679999999999817,-43.775941777897565,0.0,-0.6367197151304456,0.0,-0.2420250558733937,-67.83276706475816,0.0,-60.0,66281
-52.98632510626375,17.17153112874908,30.44939347541033,1.0249385666823545,-1.9462325428655447,-1.960521996649473,5.881871581406449,0.8554715219997662,1.817394825254496,0.0,False,RUNWAY_EXCURSION,673,67.30000000000581,1,762831.3417377123,1328.017273374609,4325.967585836601,194.723758013646,dry,0.9728242626370044,5.12111895398711,2.718446945024857,0.0,0.0,-1.8745260423152332,1014.1025880802327,0.9938672592074572,,,,,131.1193499209109,1.817394825254496,0.106120603059221,130.6069166863626,141.05547002127162,107014967,48.62929014509589,2.796831823513943,13.035242763709508,14.860329750232015,0.0,0.0,0.5452184475763491,0.0,0.0,-6.729999999999901,-22.04908632429641,0.0,-0.4133886099642146,0.0,-0.0034412310595463,-43.65732187107109,0.0,-60.0,66954
-84.26200538863453,15.550934446189794,30.023319803605425,0.2037354624327321,-2.953058594241317,-3.148669855990715,5.012415692471537,0.8604082395279674,0.1096868473967447,0.0,False,RUNWAY_EXCURSION,506,50.59999999999713,1,761099.398622747,1326.3211625975994,4221.727408786189,154.4495140552138,dry,0.9914097333040764,7.026965954699858,-0.0479389502590885,0.0,0.0,1.7933720275235665,1011.6313032367892,0.9951602234525596,,,,,53.32661445578397,0.1096868473967447,1.270296949246692,131.45192174509265,141.96807548470008,913171518,12.527090700047264,1.545169788018269,6.494450591597803,7.020870294219145,0.0,0.0,0.0329060542190234,0.0,0.0,-5.0599999999999365,-13.596307827527152,0.0,-0.1381449118956903,0.0,0.0,-33.08804007731302,0.0,-60.0,67460
-16.53325578261512,15.349887234507593,29.07051109703126,4.291982927576767,-1.2313762129078076,-1.2741499022826333,10.92197181689775,0.8222639841445984,3.102962169870395,0.0,False,FAILED_ROTATION,920,92.00000000002548,1,729295.128768605,1327.8553462412708,4320.698717422603,21.578106077024373,dry,0.9597127014147582,2.6630270756085546,-3.2171287305063343,0.0,0.0,-0.4002089887891609,1013.5363163235298,0.9989190023947988,,,,,145.97455145299142,3.102962169870395,17.969602274235363,128.06790191003512,138.31333406283792,2030045015,85.93715380426637,7.093414705967816,16.828217782816907,16.65995975145493,1.7734583207561283,0.0,0.9308886509611188,0.0,0.0,-9.199999999999848,-24.08550167368123,-0.0067792485898211,-1.969129746565411,0.0,-3.9405898396523846,-56.55434829034937,0.0,-50.0,68380
-58.932889815664,11.354546950654518,30.12010424949625,0.4664882813020478,-2.5552004863843223,-2.5720989815179043,6.104625857605548,0.8205232811642098,0.5859718991709997,0.0,False,RUNWAY_EXCURSION,232,23.19999999999868,1,705849.480237497,1328.8075465482725,4370.790692718261,307.7304492021512,dry,0.9688751712426604,0.9502758968180104,-2.886904646018315,0.0,0.0,0.6709166138959466,1011.2128604718602,0.9906625269983352,,,,,83.84497544380316,0.5859718991709997,1.9187354908003047,126.37171100908644,136.48144788981338,1331898245,9.158315540148054,1.7655014000587512,2.957079661407368,7.043484301802558,0.0,0.0,0.1757915697512998,0.0,0.0,-2.3199999999999945,-3.3234189841634807,0.0,-0.1403580069296101,0.0,0.0,-14.249285297738933,0.0,-60.0,68612
-55.580666450903294,16.295989180663113,30.727940154593767,2.1256829302631366,-1.668431937095542,-1.6838262547867004,16.451197327600944,0.8247452200151899,1.378668480575726,0.0,False,RUNWAY_EXCURSION,889,88.900000000023,1,718677.4261191473,1331.6549029866708,4254.416309837668,226.23010079379708,dry,0.9725940527431742,0.3622718640937172,0.3990754623864485,0.0,0.0,1.9705673783855435,1014.3134819565772,0.993048448000704,,,,,112.29084015166724,1.335574342789954,-1.1420101964727003,127.60595705355254,137.81443361783676,750782387,70.93481841637077,4.600250981406872,14.535834737548122,14.542672460166514,0.0,0.0,0.4006723028369864,0.0,0.0,-8.889999999999855,-26.231353904613496,0.0,-5.192003511628181,0.0,-5.515013841496387,-54.7665440914943,0.0,-60.0,69501
-14.84235156878612,13.316090066049332,24.900100820571296,1.5603386545799225,-1.4524987946417165,-1.4724662256063925,8.600426573847155,0.8297280444183209,1.7634992339055913,0.0,False,INSUFFICIENT_RUNWAY,920,92.00000000002548,1,742253.4365090857,1331.478420682346,4200.452796773593,76.33203229390162,dry,0.9955599681039358,0.4463850015754049,3.8718103716699863,0.0,0.0,0.0571186657275362,1015.6194401211212,0.9973670800785468,,,,,124.034515564169,1.7127565000492666,-0.1022352962478478,129.1706202293128,139.5042698476578,2136953472,83.21623512394018,6.093985148480794,17.214434089244676,14.857449308798346,0.0,0.0,0.5138269500147797,0.0,0.0,-9.199999999999848,-18.12586603059632,0.0,-0.8513324082605811,0.0,-1.5365589340053605,-57.02452481640248,0.0,-50.0,70421
-26.16886250387869,15.602873269267224,24.316180209376267,7.024202347463516,-1.2237552845784023,-1.264910963357485,7.725187978338065,0.8234678198518994,3.256330410012652,0.0,False,INSUFFICIENT_RUNWAY,954,95.40000000002816,1,672432.8846483484,1330.7537728882614,4253.313934952813,433.1927115624113,dry,0.998147001229868,6.900551966287874,0.183371846418574,0.0,0.0,3.9257384643835,1013.5864028681408,0.9870888795404684,,,,,129.00231054967912,3.256330410012652,13.725070823513867,123.89181431537396,133.8031594606039,1296558496,84.25181289491275,1.7166575479855557,18.397392451325956,16.90981327990458,0.1994339882145704,0.0,0.9768991230037958,0.0,0.0,-9.53999999999984,-25.805663351222247,-0.1123068313098059,-1.1158492405469336,0.0,-3.387596797762924,-58.65945556838376,0.0,-50.0,71375
-50.16253436480184,20.152603488663782,29.26336250614968,1.821443519213648,-1.6651297157386709,-1.6473246341489447,8.813290796019015,0.8398986456845672,1.3735612445742618,0.0,False,INSUFFICIENT_RUNWAY,1028,102.80000000003406,1,728827.7078616614,1329.3034919906445,4393.158593048809,375.2770177231649,dry,0.9598747339433829,6.412870363872571,1.7553212747156866,0.0,0.0,-1.4758721794065108,1013.8831092791075,0.9886015389987984,,,,,111.97430881470898,1.3389377418460526,3.377977139882536,127.76547990272388,137.9867182949418,2037841023,86.93472771858278,0.9325076383679308,20.937791642913613,14.61623636204788,0.0,0.0,0.4016813225538153,0.0,0.0,-10.279999999999824,-46.388777259744536,0.0,-1.431457428330751,0.0,-0.9950455036664742,-64.89019885752579,0.0,-50.0,72403
-53.81343739370712,18.610557233269947,30.33448179620256,1.3298004257928056,-1.8475545569832976,-1.8461611644347136,8.059860089932792,0.8216891505175175,1.04820391238502,0.0,False,RUNWAY_EXCURSION,941,94.10000000002714,1,692474.7324590357,1329.522691662086,4563.1134942322005,375.1626239850006,dry,0.9869571226722283,1.5717823646830429,2.5128243340459195,0.0,0.0,3.422155581884047,1013.3981779427472,0.9887968450480376,,,,,99.64518338028418,1.0181214441281554,2.152427464907234,125.62778916897793,135.67801230249617,35072563,74.94285042301863,1.4717465394633122,21.31326214102914,12.368423623524825,0.0,0.0,0.3054364332384467,0.0,0.0,-9.409999999999844,-36.21311366015338,0.0,-0.8587386429220406,0.0,-0.0428694595146894,-57.6904347913912,0.0,-60.0,73344
-62.73905573958088,21.140338987731678,30.416278229381994,1.681778950876943,-1.883411834520141,-1.893396010101496,7.915081952407615,0.8158329955736799,1.3389420149246831,0.0,False,RUNWAY_EXCURSION,1075,107.5000000000378,1,715538.1931775581,1325.5739998875863,4720.167030251193,0.6314398035224267,dry,0.9960381672543704,6.654891987443262,3.225857131875434,0.0,0.0,1.572564992100581,1010.489712306669,0.999574802615527,,,,,114.78610130298516,1.3389420149246831,3.587489454812278,127.48010418695368,137.67851252191,987939413,86.91989346559912,1.346348647102099,24.706525677245526,14.373131861360564,0.0,0.0,0.4016826044774044,0.0,0.0,-10.749999999999815,-53.38138638388037,0.0,-0.7922680735814908,0.0,-0.1582559217981375,-65.40472761610539,0.0,-60.0,74419
-56.05955356700127,18.46839874804737,30.00552364186012,1.2933959215954722,-1.6004862819104757,-1.6023760007021202,8.149983405326795,0.8195737936375057,1.397463425235571,0.0,False,RUNWAY_EXCURSION,836,83.60000000001878,1,708425.3706757632,1328.5884056656853,4622.504749464677,249.20331741816156,dry,0.9659020801111016,3.524411188686344,-0.915943196180149,0.0,0.0,-2.644935922268508,1011.0269079195508,0.9922466204820094,,,,,114.303115294574,1.397463425235571,1.265562849905617,125.88482805435366,135.95561429870196,1793051917,62.718703489750666,1.5893054272590403,16.81556006299129,14.738583867207357,0.0,0.0,0.4192390275706716,0.0,0.0,-8.359999999999866,-31.68270499299002,0.0,-1.117747166124704,0.0,-0.0851761823052485,-51.09531710036018,0.0,-60.0,75255
-63.97726684602346,12.889797864388756,30.071828138096357,0.4249784479719972,-2.674591045535377,-2.775878882742297,7.432504729441081,0.7848492162053257,0.2431980196159315,0.0,False,RUNWAY_EXCURSION,237,23.699999999998653,1,691431.5559638389,1329.8174591981888,4599.386212644534,356.1176391438398,dry,0.9796787478699056,3.723281372636024,-0.0842254501691517,0.0,0.0,-1.4429366746764831,1011.6986299438458,0.9891868514537806,,,,,63.8218245832288,0.2431980196159315,2.11471352751472,124.58593061287188,134.5528050619017,1627210303,6.7101680670444885,1.5866365858674571,1.6370611598979707,6.985183881862053,0.0,0.0,0.0729594058847794,0.0,0.0,-2.369999999999993,-4.375201409933091,0.0,-0.6309546924606657,0.0,0.0,-13.593119844186436,0.0,-60.0,75492
-48.76069584274577,21.58073059455251,28.72214598326885,1.1799038730533589,-1.828262218824697,-1.861703008448321,9.184077967950856,0.8440441262688765,1.621553320078334,0.0,False,INSUFFICIENT_RUNWAY,956,95.60000000002832,1,690941.6799706656,1327.328993349183,4203.767375204909,42.05844513578694,dry,0.9692791070684804,7.100788526554327,-1.4858001717518512,0.0,0.0,-0.1989402777580284,1010.844375146908,0.9983429922009824,,,,,125.50892201275344,1.6185014197516807,0.9017360217653092,124.8644113710757,134.85356428076176,875079008,83.22071850156658,1.6445004124504752,21.20978565809486,16.009667803157985,0.0,0.0,0.4855504259255042,0.0,0.0,-9.55999999999984,-49.470655993654525,0.0,-0.8680588207747957,0.0,-0.807500686056525,-60.62470314345519,0.0,-50.0,76448
-69.75058369739531,20.94058400804169,30.07426150112363,1.4837560927939877,-2.120171693664172,-2.194380554934135,7.359144886984616,0.8808992039119322,1.4197015908651451,0.0,False,RUNWAY_EXCURSION,869,86.90000000002141,1,752070.3069327717,1327.917917667342,4432.977365464102,323.74672950845087,dry,0.9762536792517094,3.515382051243521,-3.244709099824369,0.0,0.0,1.2634112674332083,1014.3028830649928,0.9902160224675656,,,,,118.64990051416729,1.4197015908651451,0.9026746405429976,130.3783571929858,140.80862576842466,1068207104,64.65955692800308,1.3760559619659545,19.10377089861744,14.829032597887956,0.0,0.0,0.4259104772595435,0.0,0.0,-8.68999999999986,-42.340389213503705,0.0,-0.533865427056294,0.0,-0.0277914110066067,-58.55286450956229,0.0,-60.0,77317
-67.241167113648,12.923477073477525,30.130149503388356,0.3891511237880876,-2.7880495062432056,-2.962407359865907,9.603662084136984,0.8295004497855949,0.1242574784802386,0.0,False,RUNWAY_EXCURSION,191,19.099999999998914,1,699329.238058665,1324.2359584659853,4642.870621986701,34.570841287217824,dry,0.976514423996118,5.339892170359327,-3.2562902324576117,0.0,0.0,0.2662985615895215,1014.5630255301392,0.998611474739378,,,,,54.244975279844645,0.1242574784802386,1.6160945966396767,125.49083647484908,135.53010339283702,902462478,4.544216847579851,0.7060686463691787,0.6877368167166691,5.2863068085301,0.0,0.0,0.0372772435440715,0.0,0.0,-1.9100000000000013,-3.544456177413505,0.0,-1.1789598564848869,0.0,0.0,-11.869357442489475,0.0,-60.0,77508
-66.5780732599404,12.05940457841817,30.08097400520895,0.2571726654372426,-2.6838399110060225,-2.8405260857725256,9.111341908739512,0.8477960597096442,0.146372524654339,0.0,False,RUNWAY_EXCURSION,194,19.399999999998897,1,704380.4280333768,1331.7136911848731,4441.561792024887,496.13295459062186,dry,0.9582651676896432,2.3418753688019773,-1.49188438519828,0.0,0.0,-1.4619940988876694,1015.1160529039626,0.9851204026422123,,,,,56.732943343238766,0.146372524654339,2.359887190801011,125.53110198509144,135.57359014389877,1136689207,4.661767065316969,0.9599616135060725,0.6536006037357714,5.749256376543852,0.0,0.0,0.0439117573963017,0.0,0.0,-1.9400000000000013,-3.1348080360531974,0.0,-1.15005646304677,0.0,0.0,-12.421706177339388,0.0,-60.0,77702
-44.71187431932077,21.67324040998005,29.70024212999048,1.899671614980372,-2.0686390777077586,-2.175706334880876,27.05592011519938,0.8495837042646278,1.3055330602147135,0.0,False,TIMEOUT,1200,120.00000000004772,1,695951.2709422803,1328.9486101073237,4732.274254928401,196.941818829995,dry,0.9927593737728244,7.50481310063913,-2.5822755812543847,0.0,0.0,-2.551812087930511,1013.4965816818838,0.9937836804111304,,,,,107.34499476835352,1.204229807424127,-2.444286058838028,124.63981134927928,134.6109962572216,494452712,89.8648224959255,1.4773993275780803,25.530705768798786,15.16747677005512,0.0,0.0,0.3612689422272387,0.0,0.0,-11.999999999999789,-62.63057998250549,0.0,-7.395840191758471,0.0,-8.002295195106246,-77.08483225453475,0.0,-10.0,78902
-48.08486048372504,3.4060136557223184,8.081513386081353,0.0126701868838686,-2.825209698705605,-90.0,5.412570702488124,0.8815486348282588,0.0,0.0,False,FAILED_TO_ACCELERATE,301,30.099999999998296,1,711210.8210559811,1324.2048669019484,4443.719631392392,325.91294232717405,dry,0.952569012822452,0.1547502192489656,1.0811995572077846,0.0,0.0,3.7366214014306,1011.9486225186558,0.9902713377233128,,,,,12.227789826590564,-0.1631251493959098,0.0015696581733992,127.47582405543248,137.67388997986708,1687461942,2.1179093717558928,1.269199953407845,0.7581141529044733,1.695882509935627,0.0,0.0,0.0,0.0,0.0,-3.00999999999998,-0.3879866262125601,0.0,-0.2861933038753267,0.0,0.0,-20.24178654164093,0.0,-30.0,79203
-78.40362394787769,9.20771350965253,30.01044925097917,0.1565090332556648,-2.6216836526306366,-2.731722650856216,10.786144116467776,0.8350449883410171,0.0802995311403265,0.0,False,RUNWAY_EXCURSION,369,36.89999999999791,1,672327.9476359203,1329.2966911469464,4241.809572419948,468.88843354163583,dry,0.9522344087315184,0.8869901685534298,1.698210635395745,0.0,0.0,0.0385859846902576,1011.9640698653534,0.9859842294003682,,,,,54.07215963569512,0.0802995311403265,3.5256909978768824,123.1536282102984,133.00591846712229,166879142,5.102466635808553,1.2541621055605037,0.8814199970214518,6.002618066547527,0.0,0.0,0.0240898593420979,0.0,0.0,-3.689999999999965,-3.476061511109348,0.0,-1.4117512929970393,0.0,0.0,-23.09056780805137,0.0,-60.0,79572
-48.1470442578248,5.409652777369379,10.90190558997046,0.0297860541642238,-2.9356495072586037,-90.0,6.66419258444372,0.8378151783911494,0.0,0.0,False,FAILED_TO_ACCELERATE,301,30.099999999998296,1,746820.655573109,1324.5595981551023,4628.088886057273,139.6820535143273,dry,0.9659835689863542,7.494880653440019,1.1006437408167105,0.0,0.0,3.703810326709979,1013.900719915426,0.9956252358376456,,,,,11.84574162260514,-0.1747724066744354,-0.0420024581741396,130.4950132733679,140.93461433523734,890466655,2.253645522520026,0.7910075866172648,0.7277599451184842,1.6536690458440928,0.0,0.0,0.0,0.0,0.0,-3.00999999999998,-0.9787296994090856,0.0,-0.441994139820382,0.0,0.0,-19.14240251869517,0.0,-30.0,79873
-46.33521835194878,2.530787689878305,6.500327102878317,0.0278435376816178,-2.925172640616612,-90.0,7.851933454587627,0.7669994006323259,0.0,0.0,False,FAILED_TO_ACCELERATE,301,30.099999999998296,1,738800.3757947467,1323.5801931372328,4242.577393899662,475.87805884910966,dry,0.9963414031289776,1.7566557748711995,0.9603308764387092,0.0,0.0,2.458163943637365,1014.665494708956,0.9859255172593516,,,,,12.70305138617335,-0.1732213758881471,0.0333633971649094,129.46631905423973,139.82362457857892,605291690,1.2049457445398173,0.7976938060130555,0.4764262011375016,1.7595620709243402,0.0,0.0,0.0,0.0,0.0,-3.00999999999998,-0.2142078650781233,0.0,-0.3381497244005016,0.0,0.0,-17.01148858508487,0.0,-30.0,80174
-44.939685684908525,0.4414532941028488,0.4967272985023814,0.0009440306465218,-2.7888974947345053,-90.0,0.9264502426200916,0.6016621827617178,0.0,0.0,False,FAILED_TO_ACCELERATE,301,30.099999999998296,1,733952.0934380495,1330.876187886792,4675.009895697929,488.7923976422213,dry,0.9502413407215292,1.0519575311986866,-0.2302148976206375,0.0,0.0,1.0004729005500297,1010.3509974222178,0.985472481389351,,,,,0.333271028801153,-0.1775607497777969,-0.0002937444598644,128.99131202226582,139.3106169840471,1577291459,0.1531839278565429,0.1521761445139678,0.1139983851152325,0.1107864827111804,0.0,0.0,0.0,0.0,0.0,-3.00999999999998,-0.0065176871414612,0.0,0.0,0.0,0.0,-12.453312937963972,0.0,-30.0,80475
-45.4291613936592,0.2629637207845426,0.3742609693109684,0.0007956377205768,-2.697573292805803,-90.0,1.9168777672924304,0.6318171718059845,0.0,0.0,False,FAILED_TO_ACCELERATE,301,30.099999999998296,1,695368.098311086,1329.0972884251055,4668.049097580738,400.8948890258745,dry,0.9798577636181768,5.734121268232989,-1.2651703481299887,0.0,0.0,-2.7475261229245334,1013.4612602156508,0.9878412542156938,,,,,0.2003048344679189,-0.1703874002428733,0.0002673143351649,124.54705388269268,134.5108181933081,1609096917,0.1256785879401518,0.1255698433896564,0.0865012365692414,0.0888924971548392,0.0,0.0,0.0,0.0,0.0,-3.00999999999998,-0.0023126806059004,0.0,0.0,0.0,0.0,-12.843490878107186,0.0,-30.0,80776
-46.62459237919337,1.8016638739268904,1.8484376991121605,0.0011819772873605,-2.9959918851783334,-90.0,0.9284286061183424,0.6715261807143355,0.0,0.0,False,FAILED_TO_ACCELERATE,301,30.099999999998296,1,764787.8110455258,1324.409682099289,4717.459961932085,251.95439642240964,dry,0.9865851887068656,6.146533743533577,0.0187136982830451,0.0,0.0,2.1080419875915988,1011.317947902338,0.9923624074283166,,,,,5.831353010658916e-05,-0.1952205433215113,0.005267639534163,131.8619637882458,142.41092089130547,1527167700,0.1058793635017989,0.0933176187356332,0.0782731045488366,0.1271867600510038,0.0,0.0,0.0,0.0,0.0,-3.00999999999998,-0.1085604230109543,0.0,0.0,0.0,0.0,-13.910688803019683,0.0,-30.0,81077
-44.83500707741729,19.723421105432607,28.47180891147882,1.868568506677935,-2.601830747324637,-2.683050503025476,15.42203097403072,0.8395250725249445,1.1596054269380716,0.0,False,TIMEOUT,1200,120.00000000004772,1,762941.1839691906,1324.20136788094,4250.748523497559,183.5749394244041,dry,0.969357735691223,7.236401146437947,-0.574710588574129,0.0,0.0,-1.1587232876762696,1015.128928725575,0.9942323103721656,,,,,111.75818250246505,1.1596054269380716,0.3642963893588558,130.71338536851053,141.17045619799137,1985281331,69.69600462180098,1.2528074831792435,23.003517709298134,13.753630776346444,0.0,0.0,0.3478816280814217,0.0,0.0,-11.999999999999789,-51.86844534696324,0.0,-1.4593300756531111,0.0,-1.759633579782358,-75.80144029372457,0.0,-10.0,82277
-69.13953972974046,22.95150425131717,29.072188077110816,2.674120583515021,-2.4650457325715958,-2.45944837929315,20.96368064891658,0.8287152045965199,0.9762742613477258,0.0,False,TIMEOUT,1200,120.00000000004772,1,748351.6822437842,1327.5578825102316,4389.676072662518,421.30012583601376,dry,0.9824578879800576,3.184428620520224,-2.5795733058014463,0.0,0.0,0.2817604652330692,1010.27905987914,0.9873719633308322,,,,,94.88147413978092,0.8309813218805857,-0.9802264714615028,130.09317752818583,140.50063173044072,2001582934,75.84646055949842,1.4689808431417573,25.27685217173824,13.23533210038524,0.0,0.0,0.2492943965641761,0.0,0.0,-11.999999999999789,-70.23620631976395,0.0,-8.442906535054687,0.0,-9.546514688807978,-74.99083225744135,0.0,-10.0,83477
-76.15877913275426,20.804872399242644,31.3226768050013,2.139381325219815,-2.2148596983823583,-2.236854138607693,16.667392813372025,0.831388767437631,1.4205959345431438,0.0,False,RUNWAY_EXCURSION,1004,100.40000000003216,1,750792.2342807447,1326.5499770602994,4611.50121645513,343.5342735079444,dry,0.993173485582856,4.186382817382873,-3.0779104458263964,0.0,0.0,4.215663942857455,1015.8646148416052,0.9897523864711478,,,,,116.38962155910107,1.2729926477196614,4.973357851996507,130.8295778483859,141.29594407625677,396530695,79.71514852188518,2.8606742891558503,18.507126366129345,15.939058905516877,0.0,0.0,0.3818977943158986,0.0,0.0,-10.03999999999983,-48.28600960121821,0.0,-5.825757454489844,0.0,-6.542855158008845,-62.868062796040256,0.0,-60.0,84481
-68.68472021034083,18.83315924549493,30.048647103369014,2.608998947962201,-2.1083296950298407,-1.867538456541117,18.016172884535894,0.8488083118158912,1.6323468725563544,0.0,False,RUNWAY_EXCURSION,960,96.00000000002863,1,703488.2994711115,1331.6408617846453,4653.516634195125,454.2171466177736,dry,0.9545038057942602,3.882886375917048,-3.52918707696278,0.0,0.0,4.57993194984863,1012.791776562008,0.986577759976835,,,,,117.9591819430132,1.4543684269794426,-0.4948159781538308,126.91200613208566,137.06496662265252,246815950,72.08326217655592,2.8468676321024686,19.081508009774645,16.242913778258636,0.0,0.0,0.4363105280938331,0.0,0.0,-9.59999999999984,-37.8333746310582,0.0,-4.007660930445025,0.0,-5.899513871703345,-62.03503290191957,0.0,-60.0,85441
-63.31093122498834,18.2039901038838,30.08585657177781,1.6981262835231865,-2.028449815320721,-2.0604389378807224,9.24129680922692,0.8575646311705167,1.4425812821326076,0.0,False,RUNWAY_EXCURSION,737,73.7000000000109,1,696166.3531866937,1330.500020384965,4516.331225938555,382.7291322315874,dry,0.9694499962144834,7.40611192973096,2.0044629021961224,0.0,0.0,-1.7245276285314866,1014.4916570042832,0.9883651257846492,,,,,117.49121354257676,1.4268416858045043,-1.2245337851644145,124.77824728064436,134.76050706309593,284241473,50.52029703129752,2.7570004219537645,12.256292271810082,14.996264682199971,0.0,0.0,0.4280525057413513,0.0,0.0,-7.369999999999887,-27.13677038362159,0.0,-1.201458234065792,0.0,-0.7913929067199457,-47.769216613583545,0.0,-60.0,86178
-58.54616932897675,17.13128984326895,30.05269591191972,1.2201425140995648,-2.0385442037426014,-2.078548012593774,5.569314836933443,0.8281278447171707,1.210474094401036,0.0,False,RUNWAY_EXCURSION,488,48.79999999999723,1,702495.1324412869,1327.1557324543817,4790.870060335704,94.63832631773631,dry,0.95469226819657,3.661201097311218,-3.689794339194803,0.0,0.0,-1.3986185729530831,1015.7993250538416,0.9968126065061856,,,,,109.21697246387632,1.210474094401036,0.6119147623850729,125.33467705084742,135.3614512149152,1565548042,29.415651122825,2.237941421146922,9.27006991733419,11.296306290596991,0.0,0.0,0.3631422283203109,0.0,0.0,-4.87999999999994,-15.913196971857328,0.0,-0.1017438932140294,0.0,-0.0063500113700593,-30.22798943275868,0.0,-60.0,86666
-44.24118826994201,15.94233394273938,30.077182433544845,1.063233229455823,-1.2943694495045446,-1.3105191575170785,7.454910148838529,0.8117979600598728,2.3462811573775184,0.0,False,RUNWAY_EXCURSION,512,51.1999999999971,1,711485.5054567938,1322.5869850426243,4200.77816912812,143.68876177147277,dry,0.953725457368326,7.073581934822691,-0.101987003983766,0.0,0.0,-2.306975358780903,1012.756089410428,0.995341656467054,,,,,136.58977798142843,2.109442094040901,-2.338170900152985,126.12325875196105,136.21311945211795,2083753425,39.37005537029909,4.481657783945884,8.666652275384418,13.554509199711866,1.7068573972063998,0.0,0.6328326282122702,0.0,0.0,-5.119999999999935,-14.458766878823525,0.0,-0.5847464780639346,0.0,-1.351716619502347,-31.13852294831204,0.0,-60.0,87178
-36.006560118839225,11.953664353754116,30.23496148753153,13.810059201118166,-0.9499579866102128,-0.8345178717705003,16.851557190573182,0.7806009764590903,5.119924569378668,0.0,False,RUNWAY_EXCURSION,840,84.0000000000191,1,693550.5612322111,1323.899714696763,4693.93551834692,355.8849943472838,dry,0.99727358883546,7.934023595796599,-3.2497693971969843,0.0,0.0,0.1004124422756431,1013.3923061302374,0.9891375256351748,,,,,154.16159831838243,4.546136288473122,-11.033008851238291,125.00748514192864,135.00808395328292,1991627720,87.49693009606261,8.098991643567988,11.520308092147411,14.765342209965675,6.375150455057099,0.0,1.3638408865419356,0.0,0.0,-8.399999999999865,-13.336408538339782,-10.088836789396964,-5.742820337541423,0.0,-19.53855917827276,-48.52049865863097,0.0,-60.0,88018
-40.19969336265794,11.255412172499804,20.49484862227854,9.138393118955223,-0.3070087389779293,-1.2878226592556656,4.813880033122606,0.7888435208883331,12.156556588046897,0.0,False,UNSTABLE_AFTER_LIFTOFF,509,50.89999999999712,1,691426.1941488609,1324.8841261638431,4349.353160634284,248.2396135745577,dry,0.9858864782740918,5.913217722051692,2.2310997980169263,0.0,0.0,-0.7102886825202708,1015.279822592941,0.9920274813266038,47.39999999999731,1808.0512280342816,,,153.348702737505,11.439580880853498,-158.28023346566118,124.52432831260874,134.48627457761745,1435036778,41.17925528908038,4.11502195147014,9.496784834063774,13.09520043273312,1.7037751131660777,0.3203223628693958,3.431874264256048,0.0,0.0,-5.089999999999936,-7.164701146109337,-0.6066693554516829,-0.089085805041645,0.0,-0.873543952350829,-29.717927351343373,0.0,-70.0,88527
-40.971876527072936,10.039351530018672,30.43046580670693,21.318185368718712,-1.8068127543945336,-1.8548680438229428,10.841192882631525,0.7541364550980091,6.576847638649696,0.0,False,RUNWAY_EXCURSION,510,50.99999999999711,1,725121.2439534571,1327.1904524632234,4580.278680868042,135.68991598695186,dry,0.9505745698855486,2.9366842877977417,3.743108846035892,0.0,0.0,1.169692646737297,1012.449040105576,0.995582567031976,,,,,159.22316302510558,3.954829388852602,-104.11267771419062,128.11751685804748,138.36691820669128,2078605664,41.58300419867758,3.685865911935026,8.529966343331495,14.016776212577032,1.3088680868756293,0.0,1.1864488166557814,0.0,0.0,-5.099999999999936,-5.711352818119667,-8.442668467628874,-0.6880481420014424,0.0,-3.0933647784470444,-28.24737189092846,0.0,-60.0,89037
2.2125680581294134,12.062739027483625,22.503436036996224,8.056779373666348,-1.6908766421680208,-1.6159562095260436,5.349707733700592,0.8226269138553158,3.874291662546796,0.0,False,INSUFFICIENT_RUNWAY,945,94.50000000002746,1,767532.1757828261,1330.38247466749,4458.14358310175,160.4624831672201,dry,0.9922910774976332,6.638260718917556,3.908742791142175,0.0,0.0,0.3043786077334793,1012.5284854133234,0.9949215188630992,,,,,120.41919484790634,1.5448134965996587,-1.4875163026911764,131.6085260763307,142.13720816243716,1871024368,88.61765274155823,8.811487445920442,19.21965420172864,16.563598450543285,3.182899145574226,0.0,0.4634440489798982,0.0,0.0,-9.449999999999845,-15.27851564874354,-0.828238719558667,-0.1517983124870816,0.0,-0.6028754181547549,-58.33473987723123,0.0,-50.0,89982
-18.668030629223765,8.541074505582085,30.07281129069616,11.903021998481604,-1.760592272145748,-1.6715344148542357,10.96141994861572,0.7879160936288744,4.822507010107131,0.0,False,RUNWAY_EXCURSION,661,66.10000000000485,1,763373.0968669361,1326.3635327814734,4606.456537272685,469.9361307299076,dry,0.9946025132558662,6.939702317314787,1.0227145648889735,0.0,0.0,4.321742259471709,1014.9377203569188,0.986042814448216,,,,,152.9474717723571,4.723543166981756,2.1371394273771216,132.00533139408185,142.5657579056084,31581548,65.49268252305852,7.466179862829966,10.679577544681417,14.90441194771608,3.7857475519660246,0.0,1.4170629500945275,0.0,0.0,-6.609999999999904,-5.357768822471854,-5.209243973372349,-1.3291718776763652,0.0,-5.173343715055445,-38.73416462099418,0.0,-60.0,90643
5.680567243485221,7.658323358670651,19.413984849819528,9.540965220791293,-1.6917703089091265,-1.753861238167144,10.96165774083797,0.8079244431592425,8.95812647526759,0.0,False,FAILED_ROTATION,754,75.40000000001226,1,712397.4577244703,1323.570743731173,4238.661938260541,275.9910220381197,dry,0.9511870628071594,2.228530168199112,1.196850442544687,0.0,0.0,-2.000035280659281,1013.454737236329,0.9913488599993464,,,,,154.42173190604942,6.4083393786676766,38.4765248774584,126.2282721464986,136.3265339182185,256059213,84.09606432229963,9.420959243661994,12.675320555879884,12.849356356556344,7.062120872933996,0.0,1.9225018136003036,0.0,0.0,-7.539999999999884,-4.913559685126014,-2.8215601976269524,-1.970256634780689,0.0,-9.666483976264502,-45.433895427648565,0.0,-50.0,91397
-31.431518894348557,9.705208571582247,30.155087058956077,12.163019228413392,-1.3170932809706983,-1.3635772511884223,10.13824165252061,0.8294857525751799,4.832931707627836,0.0,False,RUNWAY_EXCURSION,647,64.70000000000374,1,690861.3078669927,1323.5069518403425,4277.701967831293,437.648450971804,dry,0.9773179220067032,1.0669430508648483,-2.125259273335873,0.0,0.0,-2.46531520342812,1011.837325749136,0.9866517263545062,,,,,149.61806190675108,4.296472709376815,-10.043889079101971,124.3037852672066,134.24808808858313,1854652970,64.27338562176548,5.73505775648821,11.1968636446254,12.817128880553764,4.256605407324289,0.0,1.288941812813046,0.0,0.0,-6.4699999999999065,-6.771291611265564,-8.398800654723184,-1.5538595959535697,0.0,-7.563849212858201,-40.2417009431181,0.0,-60.0,92044
-14.129239157150714,6.920716542780575,30.48739192703463,12.8818287715162,-1.3245067637256145,-1.3445850324544315,3.6739236876035215,0.8310624076868671,9.47222299617195,0.0,False,RUNWAY_EXCURSION,588,58.799999999999045,1,739378.8537087318,1330.2847953335497,4628.029995964896,140.0846021608987,dry,0.9624008782934452,5.962652068836031,-0.1136199419335182,0.0,0.0,0.6589639027536816,1013.1451392630986,0.995274782198594,,,,,168.86383326325728,9.47222299617195,132.82839413825968,129.21228351243298,139.54926619342763,176863876,52.67152714549889,8.954637378961344,12.4710546436573,15.375802742094496,3.0458722610792126,0.0194002157734303,2.841666898851586,0.0,0.0,-5.879999999999919,-3.129226074413758,-3.150625390892505,-0.0026416347534873,0.0,-0.5406666350106728,-36.80604070799653,0.0,-60.0,92632
-26.588609290358317,8.540813053414041,30.0788913257038,7.871204434733413,-0.6806393457817611,-0.5631012765615405,12.90285168648437,0.8505740900539812,8.346345425945856,0.0,False,RUNWAY_EXCURSION,607,60.70000000000056,1,676895.6151510382,1323.399816516354,4322.903375924659,285.80053568774326,dry,0.976234451011188,1.8252204697371572,1.933886617225058,0.0,0.0,-1.976521689182224,1010.7699977498028,0.991126293258647,,,,,144.50515771878463,3.6744539027893097,20.406314831071697,123.21119151998433,133.06808684158307,2107100303,56.27536963277285,8.13886867847502,11.632058078391331,11.976966007981538,5.046431832917692,0.0,1.1023361708367938,0.0,0.0,-6.069999999999915,-4.919767886812684,-1.06519813373517,-1.3419842420666253,0.0,-8.36316251597182,-39.00052691314715,0.0,-60.0,93239
-28.79023875018036,7.394509558146182,30.153953879809336,5.336564013106547,-1.8654964223451396,-1.7146937788447956,10.883292130875956,0.8382315701669449,3.11140562919428,0.0,False,RUNWAY_EXCURSION,554,55.39999999999686,1,739047.1844674011,1327.8655603961877,4231.460141465563,428.740737891828,dry,0.9578476063264636,5.335033972455162,-3.418151947651142,0.0,0.0,-0.738207854967948,1014.5562638380484,0.9870298618318712,,,,,139.56811013376458,3.11140562919428,14.978120876696188,128.7807926009304,139.08325600900483,1776774048,40.80751764924961,9.027138106229735,10.599087689700216,15.348811280589208,1.6834167421532835,0.0,0.9334216887582842,0.0,0.0,-5.539999999999926,-3.365782163272827,-0.0249103258771071,-0.8318149743694654,0.0,-2.385940882278202,-35.04118356106303,0.0,-60.0,93793
-16.006273983462634,6.789247048521413,30.38843040104301,8.646419365142636,-1.063194047179874,-0.8652654392882599,17.566185112885297,0.8055404873908084,5.167639022437015,0.0,False,RUNWAY_EXCURSION,653,65.30000000000422,1,706850.5184457661,1324.369145762682,4705.456043089404,314.68991963819985,dry,0.9866137836204674,4.458163984222593,-2.6402314392085167,0.0,0.0,1.9277673672644091,1015.8789681890846,0.9904340528295998,,,,,133.69315730203076,2.8960779858538217,27.29080034908108,126.4447537873058,136.56033409029027,2055593207,61.1709702749617,12.076627683852518,13.86079045940144,14.831242582417412,3.34670497936921,0.0,0.8688233957561469,0.0,0.0,-6.529999999999905,-3.344366743584937,-0.852337914932323,-3.6393749965512554,0.0,-8.396285020218707,-39.39906868393371,0.0,-60.0,94446
-58.94099608086429,12.76244731618242,55.61762063837538,11.994032241823314,3.123767465110864,2.08384194624701,9.524719965560374,0.7835682914370578,51.51405352478224,0.0,False,CRASH,602,60.20000000000016,1,687267.5349330937,1325.7262291121033,4758.297866648807,425.8426819080006,dry,0.9908970499865276,5.102453701551212,-0.3905750872480644,0.0,0.0,-2.5901667826309955,1012.3846576614484,0.986658473056651,49.19999999999721,1987.897365124837,,,159.087416431444,15.321219278393984,-1221.7318500688746,123.91945198544012,133.83300814427534,773786671,56.09280465235558,9.483110575341623,12.823147133799104,13.606323909609024,4.407054772650409,1.8768690515490656,4.5963657835181975,0.0,0.0,-6.019999999999916,-10.894866335777309,-2.1982352641585985,-0.4994519043362186,0.0,-7.397305345256312,-34.81681311015871,0.0,-100.0,95048
-18.5791987268644,8.491523972888984,30.2635849656952,1.732839814039843,-1.0947729648528153,-1.1106215830799389,14.774681495772048,0.8293046612270679,2.028170881945812,0.0,False,RUNWAY_EXCURSION,739,73.90000000001106,1,755203.5423839088,1330.667530863915,4302.6004720992005,263.1016195852045,dry,0.9943960601849048,5.505794838869331,1.8019212229671395,0.0,0.0,1.8622670844850084,1014.9513369236472,0.9919704697053278,,,,,119.9751162017011,1.564862985355603,-2.4883826221826766,130.74297729883472,141.20241548274151,319468283,67.00942967970883,11.288197558966376,15.000756416754523,16.140560433661612,0.0,0.0,0.4694588956066814,0.0,0.0,-7.389999999999887,-5.920702084823073,0.0,-2.721279156546168,0.0,-6.31711213727246,-46.13850833292083,0.0,-60.0,95787
-69.11184095883848,53.123047378991615,279.88800279770174,60.74809994470125,5.527125455423219,3.5748652730902744,42.60905383922013,0.8045849854487741,340.72684064959225,0.1929824561403508,False,LOSS_OF_CONTROL,612,61.20000000000096,1,695984.9148832622,1330.8559380837366,4533.737995796053,370.9449205247425,dry,0.976403858201878,0.3357767892097527,0.8542111496189486,0.0,0.0,-1.81843271112896,1014.025082821518,0.979388668137127,43.59999999999753,1512.5933683502317,49.89999999999717,,167.47128216905088,322.01400362822966,-1264.0352430517712,124.77022746400316,134.7518456611234,1109958447,56.57333072616356,9.98714932254787,11.15440849547191,13.668157961952785,5.109828542494339,11.497982326922251,30.0,2.2000000000000006,0.0,-6.119999999999914,-33.451506406486374,-31.75000166402125,-14.202700716487058,0.0,-7.132208865154638,-36.6462806822417,0.0,-80.0,96399
-72.37948057622118,53.314336183080535,240.2023215270594,60.98602911903671,7.666069570069308,4.198687904590472,36.22794351902749,0.7922850582754555,241.2098029259768,0.0,False,LOSS_OF_CONTROL,631,63.10000000000247,1,682609.0583153099,1327.405971811561,4753.316968357711,87.33437284549412,dry,0.999020957153033,4.195482946558406,-1.8111713107856369,0.0,0.0,3.6419391196286535,1011.0612179391212,0.9901666133428098,45.09999999999744,1340.5975085781315,58.9999999999992,,160.37407709777327,241.2098029259768,1356.360239940858,124.9207922193935,134.914455596945,2088704472,54.2320744894304,8.937546499741043,10.114982258107675,12.523523833674464,5.4493748218068845,8.100674827106314,29.999999999999996,0.0,0.0,-6.30999999999991,-45.590637798569695,-16.86586308727996,-9.296946770784004,0.0,-6.869059858756802,-36.80514979069742,0.0,-80.0,97030
-63.36506686722368,36.69745290612583,101.7016231435049,23.01236133399937,45.078123310800486,8.46180574102906,16.613478557266205,0.7510191449059382,1963.8540907070449,0.2294117647058823,False,LOSS_OF_CONTROL,1125,112.50000000004178,1,700256.5434916837,1324.624832313835,4388.8605567396,7.01833860989054,dry,0.9764622697262992,5.2406302336401485,-3.637107496700908,0.0,0.0,1.7983357172972374,1015.724282117547,0.9435804410606032,70.10000000000804,2307.262958998756,78.6000000000148,,109.91713292906076,1963.8540907070449,6806.81086546597,125.83509106595372,135.90189835123002,788603697,111.88907836373237,9.399824031408713,17.983479578734087,14.885647913534156,5.406938483827134,35.21409380517008,29.999999999999982,7.799999999999988,0.0,-11.249999999999805,-90.72149666376905,-31.802486384710235,-7.11100263104932,0.0,-13.10448902814958,-61.95465433595214,0.0,-80.0,98155
-106.91574248945426,33.935713489864376,171.74662607613715,48.72566428114992,6.966887095913469,5.056068021392883,21.80443183090086,0.8383417524944717,85.6552691256994,0.0,False,CRASH,667,66.70000000000533,1,726917.8985337378,1327.761569822941,4662.42646289281,8.652168963370233,dry,0.9613077159136316,2.687497084611685,-2.679291668356513,0.0,0.0,-1.9372622268157864,1011.5796070676583,0.9991526161581732,50.79999999999712,1645.5059962759135,,,162.3791893657182,8.01126867975588,-1331.0752465318542,127.64032888955865,137.85155520072334,1911122052,56.77364899955446,8.276947585694307,9.983661723790542,13.835509738786389,6.441071753940856,3.214787623550824,2.4033806039267898,0.0,0.0,-6.669999999999902,-34.23003516316717,-15.90941587182646,-6.803104886991532,0.0,-2.1477081615441564,-42.08448643516899,0.0,-100.0,98822
-31.6352974532945,10.636380074840735,30.44964357932784,1.804649639843409,-0.9606319422394066,-1.095978650212521,12.093472052365874,0.8454670922598229,2.073894776791036,0.0,False,RUNWAY_EXCURSION,649,64.9000000000039,1,751867.2961294991,1324.7310007443866,4474.326477688286,174.7350573721238,dry,0.950553468101204,0.8487019128276767,1.1095298537341964,0.0,0.0,3.624282483131736,1015.4947637195828,0.9945507527852084,,,,,122.17372203034948,1.8291348143018809,-3.064485468876761,130.81454810140727,141.27971194951985,824272794,54.07125205823545,11.16648163876432,10.548266371185344,14.840303014850871,0.0,0.0,0.5487404442905641,0.0,0.0,-6.489999999999906,-8.158116125734265,0.0,-2.332396347830344,0.0,-4.310249405209667,-41.519579101846666,0.0,-60.0,99471
