total_reward,centerline_rms_m,centerline_max_m,max_roll_deg,max_pitch_deg,max_alpha_deg,max_heading_error_deg,control_roughness,max_agl_ft,stabilization_fraction_after_100ft,success,reason,transitions,duration_s,level,mass_lbs,cg_x_in,runway_length_m,runway_elevation_ft,runway_surface,static_friction_factor,headwind_kt,crosswind_kt,gust_sigma_kt,turbulence_severity,delta_isa_c,qnh_hpa,density_ratio,liftoff_time_s,runway_distance_used_m,time_to_100ft_s,takeoff_time_s,final_airspeed_kt,final_agl_ft,final_vs_fpm,vs_est_kt,vr_est_kt,seed,rc_progress,rc_centerline,rc_heading,rc_acceleration,rc_rotation,rc_climb,rc_altitude_progress,rc_stability,rc_success_bonus,rc_time_penalty,rc_lateral_penalty,rc_roll_penalty,rc_heading_penalty,rc_aoa_penalty,rc_sideslip_penalty,rc_control_oscillation_penalty,rc_premature_rotation_penalty,rc_failure_penalty,num_timesteps
-66.23464738513397,8.42824942342762,30.023472669632323,0.2342396316718261,-2.9152862876176338,-3.1045088125569467,8.898413728786513,0.9345907432411368,0.1975145860077987,0.0,False,RUNWAY_EXCURSION,505,50.49999999999714,1,759911.6917305741,1328.3224665802557,4313.600056892956,417.5299871186762,dry,0.9841131810373112,6.188102081851107,0.8844957350476021,0.0,0.0,-2.157429553522923,1013.2230511009454,0.9873858253978948,,,,,59.667142004189046,0.1975145860077987,0.6467507875769307,130.34884737133234,140.77675516103895,1826701614,16.890050039011797,6.012169897615841,8.842477343240372,8.204921131175842,0.0,0.0,0.0592543758023396,0.0,0.0,-5.049999999999937,-3.985874568163506,0.0,-0.319950232502537,0.0,0.0,-36.88769537131386,0.0,-60.0,505
-70.23768666201988,8.828168184487668,30.226773275073604,0.3365904683554647,-2.8165934873884715,-3.02546023385552,8.120268176258142,0.9407923784163298,0.1477953741924693,0.0,False,RUNWAY_EXCURSION,463,46.299999999997375,1,743787.0314516763,1331.0275539481063,4365.446669042305,284.4084112121386,dry,0.9913557921128476,0.4852314147639323,-0.6093074927547653,0.0,0.0,0.1260356763949559,1015.2763086725002,0.9913539766304668,,,,,55.69597853433834,0.1477953741924693,1.2149629555868025,129.34130324363167,139.68860750312223,1367864806,12.841800229172703,6.674506569243302,5.970961683660292,7.619377141468151,0.0,0.0,0.0443386122577407,0.0,0.0,-4.629999999999946,-4.009402696392992,0.0,-0.6836524966942963,0.0,0.0,-34.06561570473457,0.0,-60.0,968
-61.88739457709553,11.47960294113078,30.123886605050497,0.3737841808243732,-2.5758592823970434,-2.582562804421588,4.471610381921013,0.94015353840059,0.6271531298183675,0.0,False,RUNWAY_EXCURSION,764,76.40000000001305,1,703522.9651277519,1328.839897702939,4621.681278470207,186.9228643489808,dry,0.9721077133735512,7.103612316576638,-1.5129571478837165,0.0,0.0,4.966094785372673,1015.1583092741196,0.9942591837481244,,,,,84.96488009537894,0.6271531298183675,0.9784684895229744,126.85070130576788,136.9987574102293,1097657231,37.39364874174414,8.008837280926196,15.861476372233687,11.72641577056224,0.0,0.0,0.1881459389455101,0.0,0.0,-7.6399999999998816,-11.18676674845756,0.0,-0.0211005511738355,0.0,0.0,-56.21805138187539,0.0,-60.0,1732
-66.41926686198923,11.918321267424671,30.084186004645407,0.3081883159527617,-2.3654649528197664,-2.379768408668044,7.083148942948153,0.9396820718698832,0.6613830483014453,0.0,False,RUNWAY_EXCURSION,591,59.09999999999928,1,670948.6036908766,1328.6705973395487,4388.940570888011,226.99940019748263,dry,0.9954663135591284,5.87308582896346,-1.8607016470028528,0.0,0.0,2.746680228790951,1010.9487119658162,0.9930426526332432,,,,,84.90274472756927,0.6613830483014453,0.9546295188849284,123.6659775332785,133.55925573594078,579362555,26.92991018280356,4.216889524815424,9.561471157341252,11.649370210749543,0.0,0.0,0.1984149144904337,0.0,0.0,-5.909999999999918,-9.327712407069606,0.0,-0.2825568457607604,0.0,0.0,-43.45505359935873,0.0,-60.0,2323
-70.59111008467109,9.280824422702146,30.123792572768547,0.2729154671162618,-2.757885567237014,-2.882417669953128,6.598877900835916,0.9339812667319852,0.2416409612484926,0.0,False,RUNWAY_EXCURSION,461,46.09999999999739,1,684565.9588685728,1323.004416621504,4755.921979330844,369.0564294142079,dry,0.9773200145236705,4.630224015696835,3.5150501456898344,0.0,0.0,-2.9901034950373706,1015.6584716145808,0.9887625552822586,,,,,62.73910671756887,0.2416409612484926,1.2981761885450638,123.38967303767664,133.26084688069076,661058651,12.91490221731091,4.3540530873867525,6.317505673775504,8.555681908882908,0.0,0.0,0.0724922883745477,0.0,0.0,-4.609999999999946,-4.411959622875147,0.0,-0.1751428037185276,0.0,0.0,-33.608642833807814,0.0,-60.0,2784
-68.57653197668773,8.413665533308553,30.47741527980367,0.735450991353675,-3.0099447582467245,-3.222181305802945,10.88266072161307,0.9362425492030692,0.2034294151941935,0.0,False,RUNWAY_EXCURSION,529,52.899999999997,1,761573.0655605195,1323.108145316753,4573.664623625282,347.6486742192898,dry,0.9999175688165788,5.3716775715851774,2.015624526338634,0.0,0.0,4.725386798159645,1015.2257917427892,0.9896800620999467,,,,,59.9533814415498,0.2034294151941935,0.2888233291750453,131.92183741837215,142.47558441184194,87989972,16.197720366812433,7.464821810095017,7.969164078469391,8.316279457192337,0.0,0.0,0.061028824558258,0.0,0.0,-5.289999999999932,-4.160865235186369,0.0,-0.356559467837977,0.0,0.0,-38.77812181079055,0.0,-60.0,3313
-71.0473438028855,9.353695800003372,30.28595446966931,0.2029834202618693,-2.7290971813084828,-2.9324360103929346,6.341890296553601,0.9345642573721592,0.1458110868350104,0.0,False,RUNWAY_EXCURSION,412,41.19999999999767,1,699804.844560591,1328.0909317518938,4794.184935934899,490.7135842971677,dry,0.9864724952134308,0.2653099015148603,-2.0147861263708178,0.0,0.0,2.0802914517333946,1014.1641144101658,0.985447954692683,,,,,54.25485757527839,0.1458110868350104,0.8014748372124814,125.95241785686652,136.02861128541585,161576974,10.635072577738436,4.67767345205948,4.607385101911381,7.519380981503181,0.0,0.0,0.0437433260505031,0.0,0.0,-4.119999999999957,-4.005172172114256,0.0,-0.3341205383543924,0.0,0.0,-30.07130653167967,0.0,-60.0,3725
-69.95028526661552,14.102179689955346,30.066190844487465,0.7994254537759651,-2.3917858498365296,-2.403211957884835,9.367169256785164,0.9310016790543169,0.9447974344066664,0.0,False,RUNWAY_EXCURSION,988,98.80000000003088,1,739257.8467474552,1329.3934491611617,4220.295845909432,335.57892701143663,dry,0.9579766622081982,6.207168065088866,1.1302897008663475,0.0,0.0,1.1479598416228356,1013.6322782444208,0.9898744526350792,,,,,98.52330089538776,0.9447974344066664,0.4940504561266756,129.27996571507757,139.62236297228378,35492826,54.371761120270655,9.192485120059056,17.34228560357459,13.626025285901513,0.0,0.0,0.2834392303219998,0.0,0.0,-9.879999999999834,-21.831668260410623,0.0,-1.1938537718690925,0.0,0.0,-71.86075959446289,0.0,-60.0,4713
-70.09456580624651,7.528231041636118,30.21297756024148,0.2486558421097099,-3.0515351750883406,-3.2042220779590034,7.829930980451016,0.9383327566100622,0.2309155219640501,0.0,False,RUNWAY_EXCURSION,557,55.69999999999684,1,768448.6937801141,1322.0432517784009,4259.527435190283,357.2906489556261,dry,0.9750934290351396,0.440881488735461,-1.7230270469204,0.0,0.0,-2.6777387899176466,1014.925143108718,0.9891314514576556,,,,,62.97277218544469,0.2309155219640501,0.9871206594603344,130.84983438659307,141.31782113752053,376383645,17.065613173813787,6.878095903513154,7.694961398307244,8.636817845927627,0.0,0.0,0.069274656589215,0.0,0.0,-5.569999999999926,-3.50750714191703,0.0,-0.5138601950383966,0.0,0.0,-40.84796144744176,0.0,-60.0,5270
-64.02275296254075,10.350342183960118,30.37068751279299,0.4541027446877717,-2.626383062774951,-2.634164560135416,6.315538474752165,0.9400430146267428,0.6356871392535197,0.0,False,RUNWAY_EXCURSION,692,69.20000000000732,1,702934.7786767635,1323.6498196044397,4497.810049457688,121.39934126762336,dry,0.9667019761825604,4.221811826761234,-0.1222688344076168,0.0,0.0,4.782439415194861,1011.7511972377667,0.9961299646295018,,,,,85.10492812548395,0.6356871392535197,1.0027651768422707,126.97118517643952,137.1288799905547,1746484539,29.361089884959107,7.749695168469566,13.044447750313058,11.781179758978542,0.0,0.0,0.1907061417760558,0.0,0.0,-6.919999999999897,-8.237074628993835,0.0,-0.0915238202431124,0.0,0.0,-50.901273217799705,0.0,-60.0,5962
-62.533358122609016,7.457874695625458,30.346370293625043,0.3525204095698402,-2.654582189483738,-2.7016710430509328,8.097419062693621,0.9361313358151172,0.3261458871083391,0.0,False,RUNWAY_EXCURSION,492,49.19999999999721,1,673024.4466813009,1327.44975192401,4491.545391547238,276.4370063025522,dry,0.9703925162288536,6.937386367788818,-0.691911244003002,0.0,0.0,4.9917038467710615,1014.083245620708,0.9916870890899844,,,,,67.05132572212256,0.3261458871083391,0.9953925882843252,124.14184831070664,134.07319617556317,1394609702,17.519250290609655,7.217449554969816,7.867695584869664,9.12052769959004,0.0,0.0,0.0978437661325017,0.0,0.0,-4.91999999999994,-3.0405542586688945,0.0,-0.4255920220324493,0.0,0.0,-35.96997873807908,0.0,-60.0,6454
-81.23221799606071,14.297093508195395,30.09281486174331,0.3180960969908598,-2.9931739543499947,-3.237834010891144,6.435082672135578,0.9378784855871852,0.1544773798802055,0.0,False,RUNWAY_EXCURSION,478,47.79999999999729,1,756959.376405084,1323.3080751860134,4533.375060200454,94.30498428577413,dry,0.9788045142127508,2.848833647565089,-0.0357933303371202,0.0,0.0,-2.6828430515164445,1014.5000851433924,0.9968474362508812,,,,,58.13442585777297,0.1544773798802055,1.0515068565552177,129.89400413544266,140.28552446627808,1960127675,13.319671201552724,1.6548446405142858,6.610092135472273,7.855827365849346,0.0,0.0,0.0463432139640616,0.0,0.0,-4.779999999999943,-10.856276663315075,0.0,-0.1004069107194594,0.0,0.0,-34.98231297937859,0.0,-60.0,6932
-80.1349540939078,13.744825257859604,30.012750032645897,0.1447058886047379,-2.9155994522202127,-90.0,5.751719433311189,0.9439193621994708,0.0187422973216939,0.0,False,RUNWAY_EXCURSION,388,38.7999999999978,1,734442.3753293878,1323.4671037000192,4757.897506631876,123.62871137763489,dry,0.9814623535790652,4.5620128286259005,3.095022653825138,0.0,0.0,-2.8964157730563374,1013.760583709408,0.9959829272423528,,,,,45.288885429677386,0.0187422973216939,0.5311459042109945,127.9462332797606,138.18193194214146,1081530686,9.06875205086682,1.5493002528760091,4.009043457299794,6.176966483637156,0.0,0.0,0.0056226891965081,0.0,0.0,-3.879999999999961,-8.144560654578774,0.0,-0.2045060335008673,0.0,0.0,-28.71557233970425,0.0,-60.0,7320
-74.43293486311734,13.083822372345123,30.12071417632284,0.1544489099847394,-2.7502244170030656,-2.829182355058648,3.939936841805841,0.9379082607437478,0.2634704134515004,0.0,False,RUNWAY_EXCURSION,516,51.599999999997074,1,681076.4770568088,1322.7970347632322,4682.365833362354,285.8699246488959,dry,0.9923732271962304,2.3258534508772755,-1.4657809653679088,0.0,0.0,2.215358868878149,1015.7100911319236,0.9913547720726218,,,,,62.72175922022492,0.2634704134515004,0.8388642562038306,124.18989089465732,134.1250821662299,1302740407,17.53473990895562,3.156060723538701,8.981102262138776,8.605638540150435,0.0,0.0,0.0790411240354501,0.0,0.0,-5.159999999999934,-9.814687384608517,0.0,-0.0062104093023518,0.0,0.0,-37.808619628025184,0.0,-60.0,7836
-80.55467032987573,14.64413485341155,30.29651804972058,0.5956777779289645,-2.900277903071293,-2.90694661264147,7.271307507941587,0.9398405116319845,0.6248054978266566,0.0,False,RUNWAY_EXCURSION,842,84.20000000001926,1,760151.322693728,1322.6381027854777,4770.490200709999,159.43929321847185,dry,0.98082925817076,4.403782973384194,-0.753976962816199,0.0,0.0,1.8922543933966445,1014.017294343075,0.9949993954128512,,,,,86.3856971600609,0.6248054978266566,1.024196422636443,131.23774816585762,141.73676801912623,2084654369,38.645473607908194,5.431753934375228,14.281938192567663,11.91296984772608,0.0,0.0,0.1874416493479969,0.0,0.0,-8.419999999999865,-20.063053031036468,0.0,-0.5507369588739662,0.0,0.0,-61.98045757188985,0.0,-60.0,8678
-73.67185066159182,8.79448159199174,30.14386244983211,0.2169815614458197,-3.025726650647428,-3.2890164124286025,7.160684259605341,0.930916980893971,0.0923034460924441,0.0,False,RUNWAY_EXCURSION,474,47.39999999999731,1,767601.8544086335,1323.417159931189,4570.808043416895,130.02386087424478,dry,0.9797820637692376,4.599437067989412,-0.4643654975346951,0.0,0.0,-2.0416265050078533,1010.0017948576112,0.99581127299492,,,,,53.196916944590825,0.0923034460924441,1.0050391043070483,131.242050245375,141.741414265005,1566581934,11.579961111988144,5.47793800381113,5.521650607256152,7.29708858184868,0.0,0.0,0.0276910338277332,0.0,0.0,-4.739999999999943,-4.073393074185763,0.0,-0.3655870304752347,0.0,0.0,-34.397199895662446,0.0,-60.0,9152
-71.37625075633157,10.857365573653594,30.122806631226343,0.254498460322966,-2.823293944804133,-3.0058212962095348,5.230777772219923,0.9311700373795172,0.2084816574059687,0.0,False,RUNWAY_EXCURSION,535,53.499999999996966,1,710752.0623633713,1324.2684765188517,4435.089599606195,401.8804722261964,dry,0.9518995325303484,3.678615560354306,-0.1290906498177699,0.0,0.0,4.620856328020833,1013.2663891758108,0.9881223141870774,,,,,59.267510289016975,0.2084816574059687,0.393456670560024,127.54456427066202,137.748129412315,1357791198,16.987072484416103,6.015123487656031,8.636324814661831,8.241346951321592,0.0,0.0,0.0625444972217905,0.0,0.0,-5.34999999999993,-7.007453016886405,0.0,-0.0505129972862641,0.0,0.0,-38.91069697743594,0.0,-60.0,9687
-72.66574307853983,9.933614707609491,30.136407591029805,0.1504816092422148,-2.836485280891769,-3.079345095867464,6.769693908620906,0.938774534852006,0.124726867678703,0.0,False,RUNWAY_EXCURSION,430,42.99999999999756,1,721589.6697769678,1325.7426339126816,4387.939285762524,351.89355427415114,dry,0.9615518057470402,0.6674242605060448,-3.1516899872563884,0.0,0.0,1.211671494258006,1012.3524144946028,0.9894174999320028,,,,,53.95071365902129,0.124726867678703,1.103354702432977,127.82052045097709,138.04616208705525,1167425778,11.365821632080436,3.784752286897196,5.488995775364864,7.447186643403172,0.0,0.0,0.0374180603036109,0.0,0.0,-4.299999999999953,-4.714553499830149,0.0,-0.1963353148042878,0.0,0.0,-31.57902866195444,0.0,-60.0,10117
-68.92557123326328,8.870332733601467,30.24652123759717,0.3403157313704272,-2.728204333257453,-2.970311896906497,7.512146037368696,0.9431658166896896,0.1389666298176735,0.0,False,RUNWAY_EXCURSION,469,46.89999999999734,1,719685.6848601091,1331.9122045769748,4704.316026963573,87.54614444638925,dry,0.992750272613571,1.225527997128783,0.7754970390139695,0.0,0.0,-1.993154844938679,1012.9944579257966,0.9970551022885412,,,,,53.31536405719197,0.1389666298176735,0.5640188482536423,126.9026684205348,137.05488189417758,1202413557,13.7693358100645,7.443112502288565,6.49619171217819,7.300942825344768,0.0,0.0,0.041689988945302,0.0,0.0,-4.689999999999944,-4.100248279494665,0.0,-0.5605717018842463,0.0,0.0,-34.6260240907054,0.0,-60.0,10586
-71.69341935809642,8.788201938865862,30.056959030644883,0.2762082715469118,-2.838040854855585,-3.091429854300336,9.287262747924627,0.9373152783824142,0.0916883025711854,0.0,False,RUNWAY_EXCURSION,396,39.59999999999776,1,722502.1580726478,1325.7243386182608,4498.631871966969,310.0348630988831,dry,0.9742452189118692,1.5999557527915351,-2.7009422249176693,0.0,0.0,-2.687934946577312,1010.1587279614864,0.9905125996199966,,,,,50.81294819232298,0.0916883025711854,0.8084033784430922,127.17441624753413,137.34836954733686,2008052738,9.507689441209411,4.794734533345666,3.997704251121037,6.977595946365833,0.0,0.0,0.0275064907713556,0.0,0.0,-3.95999999999996,-3.3982297060045705,0.0,-0.6355354456613475,0.0,0.0,-29.004884869243632,0.0,-60.0,10982
-75.07891238265292,10.66768995271138,30.269370736695592,0.1066564661376793,-2.792971388832948,-3.0417772685921576,6.802417653325879,0.9356394769787448,0.0961407534113902,0.0,False,RUNWAY_EXCURSION,353,35.299999999998,1,739068.2237692021,1331.6265072122926,4583.491589513754,167.4835806856108,dry,0.9781193883353532,0.2280746468745427,-2.292725853153516,0.0,0.0,0.3032898788804159,1010.1647033389816,0.9947515898519704,,,,,52.568343443472,0.0961407534113902,1.717290956394102,129.29588578914667,139.6395566522784,595598245,7.447002609930451,1.842501918282489,2.6529204956246373,7.193276508191951,0.0,0.0,0.028842226023417,0.0,0.0,-3.5299999999999687,-4.46347355014381,0.0,-0.4696157889625435,0.0,0.0,-25.78036680159937,0.0,-60.0,11335
-72.55293880338684,9.085492085387044,30.31362364574611,0.2625734840151227,-3.0137717445461125,-3.326175656343803,10.66475500341011,0.9368524210370004,0.0525667136764695,0.0,False,RUNWAY_EXCURSION,335,33.4999999999981,1,767747.3891305369,1324.0807310255727,4498.59106283004,118.6798009460598,dry,0.99216705760015,3.1866174658540025,-1.113115266796615,0.0,0.0,-0.1299988535543397,1011.3492801587008,0.9961727410056302,,,,,50.540831200005016,0.0525667136764695,0.901580971710807,131.6044881309825,142.1328471814611,1752032165,7.125769918448689,3.072598583028479,2.298722409924104,6.929331477479751,0.0,0.0,0.0157700141029408,0.0,0.0,-3.349999999999973,-3.072551750585141,0.0,-1.0280747221943956,0.0,0.0,-24.544504733591165,0.0,-60.0,11670
-60.09614643691427,7.299605137180167,30.122132037061704,0.4805447684711146,-2.5492133469082696,-2.568225180953428,8.640624048461014,0.9412882962990294,0.566111617072373,0.0,False,RUNWAY_EXCURSION,457,45.69999999999741,1,686469.3421554223,1324.2763679024074,4639.705729515698,38.29309616680299,dry,0.9682452912953204,4.67459573071808,-3.027626001777179,0.0,0.0,-0.7585583756859178,1015.0099827449088,0.9984913005409846,,,,,81.55692469628796,0.566111617072373,1.336599298682799,124.08323828020204,134.00989734261822,1440696407,17.979056136565983,5.201366003610628,7.217303764267884,10.883902785727027,0.0,0.0,0.1698334851217119,0.0,0.0,-4.569999999999947,-2.7056550519497136,0.0,-0.5225347752771852,0.0,0.0,-33.74941878498039,0.0,-60.0,12127
-67.60954579114767,7.772082646485639,30.328719319959585,0.7926469451213457,-2.7734792457056447,-3.0198326105546425,17.961013828586974,0.9344954466059914,0.1279156187816283,0.0,False,RUNWAY_EXCURSION,319,31.8999999999982,1,696330.2470867378,1324.5841901365245,4683.898002295315,470.07400282919696,dry,0.9722499195097608,5.184052386194956,1.1115847679303783,0.0,0.0,-1.6753293058025465,1010.1772945532564,0.9858590337807432,,,,,54.99259832121645,0.1279156187816283,1.3615191913675415,125.0698792182352,135.075469555694,5880883,7.961291053536146,3.514969510675962,3.525259400779639,7.512922828044339,0.0,0.0,0.0383746856344885,0.0,0.0,-3.189999999999976,-2.141031189305914,0.0,-1.5422284059601576,0.0,0.0,-23.289103674552067,0.0,-60.0,12446
-76.9641600999488,8.974211492157655,30.40332456777188,0.3572260602809489,-2.8688062531656424,-90.0,14.48518697693761,0.9178685305675108,0.0,0.0,False,RUNWAY_EXCURSION,337,33.69999999999809,1,755690.0215770995,1330.2464429053994,4238.613358861366,28.89049528577864,dry,0.9996308089930156,0.7692790390897226,-1.977135765068496,0.0,0.0,2.322431486244408,1013.3794468018236,0.9988033006948194,,,,,37.22899154004936,-0.0331958314790128,0.1026525668686773,130.99027238176475,141.46949417230596,846428919,5.964193706634453,2.5268628070034698,1.8090742074916488,5.118676643457948,0.0,0.0,0.0,0.0,0.0,-3.369999999999972,-3.015643448034824,0.0,-1.9185848872531408,0.0,0.0,-24.07873912924825,0.0,-60.0,12783
-75.57585805718433,9.497804318666583,30.14718429606619,0.3403311456902565,-2.9799831668520804,-90.0,12.1571474993252,0.9302527852729314,0.0,0.0,False,RUNWAY_EXCURSION,353,35.299999999998,1,761096.2814308989,1324.6809364799403,4285.871731830213,479.1185413089182,dry,0.9527826714149932,3.547831390006624,0.3294425140192771,0.0,0.0,1.3169131041908413,1014.896070206141,0.9857753161633938,,,,,37.7291319860392,-0.0382864494788464,0.0235305087989079,131.13217562703227,141.62274967719486,1841261662,7.35842590792297,3.171137053177466,2.597725852952601,5.219507039957998,0.0,0.0,0.0,0.0,0.0,-3.5299999999999687,-3.538169474123957,0.0,-1.2242978171217989,0.0,0.0,-25.63018661994948,0.0,-60.0,13136
-76.86942120714262,10.767025794244686,30.08224378457636,0.4694870625930747,-2.851773178926797,-90.0,11.450962738132583,0.9401860864366052,0.0121990671846106,0.0,False,RUNWAY_EXCURSION,363,36.29999999999794,1,740387.3290620471,1328.369924665914,4556.14053128589,417.0450857757989,dry,0.9620367172400924,4.429938250822287,-3.473032462536204,0.0,0.0,4.833513805208295,1013.024681156064,0.9877006499383048,,,,,41.029692255848495,0.0121990671846106,0.0032455700623312,130.23924033429174,140.65837956103508,1190382222,7.987060171631255,1.7601299353619042,3.242376388539831,5.73601947356661,0.0,0.0,0.0036597201553831,0.0,0.0,-3.629999999999967,-4.675796726308526,0.0,-0.5795091665570019,0.0,0.0,-26.713361003531908,0.0,-60.0,13499
-64.75634573799628,7.237322060583918,30.00194234562313,0.540282815767204,-2.729100139899898,-2.84147121558013,14.158391594695312,0.9353547194595112,0.2508581313458649,0.0,False,RUNWAY_EXCURSION,398,39.79999999999775,1,688653.3350728123,1325.793592122254,4600.265691283965,22.1282770125627,dry,0.9628615283742756,1.057561451905042,-1.0292606853933397,0.0,0.0,3.873734829234947,1014.4828769336326,0.9989847388852714,,,,,60.70559660299023,0.2508581313458649,0.1898557258781963,125.31060584335708,135.33545431082564,72124473,12.863720480614235,4.688839991402491,5.857595582234149,8.253575509117399,0.0,0.0,0.0752574394037594,0.0,0.0,-3.979999999999959,-2.3163082869142926,0.0,-1.0595313911073383,0.0,0.0,-29.13949506274648,0.0,-60.0,13897
-66.89116615415428,13.710348863047448,30.25304903794674,0.4584141437186034,-2.3287061188540448,-2.342288587246568,5.510215801426524,0.934425967492185,0.8937670606537438,0.0,False,RUNWAY_EXCURSION,565,56.499999999997215,1,713924.8714578967,1326.951390661481,4419.707878477195,212.4673881888076,dry,0.967285228528704,3.912202201479463,0.5700709378477908,0.0,0.0,0.3527418733877816,1010.4825816874234,0.9934246249327764,,,,,98.49418320923844,0.8937670606537438,2.059620662233055,127.06841122131516,137.23388411902036,1642588603,25.13916654863357,2.9197903959985805,9.979428947527062,13.555942590008057,0.0,0.0,0.2681301181961228,0.0,0.0,-5.649999999999924,-11.800569028861505,0.0,-0.0484364480715665,0.0,0.0,-41.25461927758428,0.0,-60.0,14462
-67.70775689257323,15.972931239370402,30.04780044492224,0.4244751400183118,-2.272072308436865,-2.2921735754104047,4.962375246801831,0.931635482388645,0.6754506600755121,0.0,False,RUNWAY_EXCURSION,421,42.099999999997614,1,676510.167899519,1330.25795623678,4729.927606968136,412.6828991788644,dry,0.9775982219286952,4.73665063368669,2.2130893301492915,0.0,0.0,0.4072358309928416,1011.8822069527226,0.9875980760383124,,,,,88.67981625408288,0.6754506600755121,3.217591717367103,123.62006178036862,133.5096667227981,1566923138,17.84195193239119,2.4885735476265305,7.010421500530203,11.568755551274268,0.0,0.0,0.2026351980226537,0.0,0.0,-4.209999999999955,-11.934626458999196,0.0,-0.0753371521837951,0.0,0.0,-30.60013101123492,0.0,-60.0,14883
-71.39886043846721,11.427150539088077,30.159628730503087,0.2284440112343002,-2.8764975299656137,-3.007345490215525,6.545634085756165,0.932054299262304,0.2049631486384822,0.0,False,RUNWAY_EXCURSION,367,36.69999999999792,1,762071.9069580267,1330.8531444263854,4655.886811090433,0.708732065139106,dry,0.9647105258509762,1.430248372805381,1.146111555187347,0.0,0.0,-1.4689389706067797,1010.689908051479,0.9996213131765376,,,,,61.45006152015915,0.2049631486384822,1.6785564871492298,130.85469219519783,141.32306757081366,1818006482,9.451247852666048,3.0442467770111112,3.7424264475684894,8.358936448694866,0.0,0.0,0.0614889445915446,0.0,0.0,-3.6699999999999657,-5.32475282061933,0.0,-0.3360645324902148,0.0,0.0,-26.72638955588956,0.0,-60.0,15250
-57.196959733587214,10.505041564039496,30.513825206959496,0.7728514652767271,-2.049488295949596,-2.06671154664386,7.795773436090663,0.92371396025882,0.8552124635884866,0.0,False,RUNWAY_EXCURSION,462,46.19999999999738,1,670988.2550352415,1329.791253359681,4740.589579179819,480.780396191989,dry,0.9663902081627006,3.243066627853362,3.916386786253815,0.0,0.0,-2.846669184696556,1012.8984939943886,0.985458320831315,,,,,96.40225362490456,0.8552124635884866,3.249844297038944,122.35696743012934,132.1455248245397,377217572,22.749371815056147,3.452233958550051,7.604402811438732,12.63171674488016,0.0,0.0,0.2565637390765459,0.0,0.0,-4.619999999999946,-5.664936110792792,0.0,-0.3704040578803995,0.0,0.0,-33.235908633915464,0.0,-60.0,15712
-59.76823627428656,12.660976321828487,30.237657709408417,0.4534660963870575,-2.1527742262512315,-2.163765800866898,5.749236275256149,0.9351457382507028,1.028120168915791,0.0,False,RUNWAY_EXCURSION,562,56.199999999996976,1,672643.8567217913,1325.5922203869577,4744.603930405256,274.2726678486122,dry,0.952900301435602,4.767841096916156,1.9447555338100857,0.0,0.0,-2.104852915752536,1014.0010972789704,0.9915395481771928,,,,,103.45395482666991,1.028120168915791,1.9235149948191577,122.600278529203,132.40830081153925,191741830,29.834996685638263,3.34140003925969,9.722515264568496,13.8172501483152,0.0,0.0,0.3084360506747374,0.0,0.0,-5.619999999999925,-10.009864515456526,0.0,-0.142818391420936,0.0,0.0,-41.020151555865176,0.0,-60.0,16274
-70.6662883058217,12.50373181345632,30.10416029096847,0.2382304920398935,-2.6377671719815727,-90.0,5.969181234235871,0.9153848793988668,0.0761164726325702,0.0,False,RUNWAY_EXCURSION,305,30.49999999999828,1,690134.7830407319,1331.7998804179092,4410.996361321517,1.00277645928748,dry,0.9746506828778814,1.0896927343332583,2.94814432102814,0.0,0.0,1.3346481301528454,1010.2332549296242,0.999606939763567,,,,,46.4736542641679,0.0761164726325702,0.3315396036513451,125.16119005498228,135.1740852593809,1853662620,8.286595905854055,2.5569825599543337,2.8189767607383085,6.058091566203031,0.0,0.0,0.022834941789771,0.0,0.0,-3.049999999999979,-5.298301036129566,0.0,-0.3677706404280706,0.0,0.0,-21.6936983638035,0.0,-60.0,16579
-65.59833233737822,10.346339171340562,30.06180796297871,0.3441334612045367,-2.625836207701142,-2.717961234392237,7.773493584181455,0.9340022384325662,0.2396191268486518,0.0,False,RUNWAY_EXCURSION,250,24.999999999998582,1,678566.8530868625,1330.4261433077215,4617.092627708466,367.7329824647084,dry,0.9729818271014644,5.826614456972229,3.79788614626921,0.0,0.0,-0.1887695269590175,1011.5534333565574,0.9888877732792226,,,,,60.03401767487657,0.2396191268486518,0.1565054544341571,123.70000121650833,133.596001313829,47463574,7.291228248232817,1.9493708800930496,2.129572956723175,7.071655505320455,0.0,0.0,0.0718857380545955,0.0,0.0,-2.4999999999999907,-2.973520395789336,0.0,-0.4259600177930529,0.0,0.0,-18.21256525221992,0.0,-60.0,16829
-68.09257498031795,11.704993218654163,30.176675877763184,0.1941788232283323,-2.974092323892444,-3.292359756815888,6.665139120096557,0.9226111058926664,0.0980534277395577,0.0,False,RUNWAY_EXCURSION,291,29.09999999999836,1,749103.7687069672,1322.768755176354,4238.476197841844,427.484850889213,dry,0.991750307013047,1.0952011015768512,2.354566130272594,0.0,0.0,3.2353718831096456,1015.99122056661,0.98733861439433,,,,,51.46384713053237,0.0980534277395577,0.09022949887175,130.45498326134384,140.89138192225136,1162779115,8.286842029286387,2.4343311741039724,2.970760611141373,6.723424480543904,0.0,0.0,0.0294160283218673,0.0,0.0,-2.909999999999982,-4.429888675375928,0.0,-0.3321948297818178,0.0,0.0,-20.86526579855764,0.0,-60.0,17120
-66.2631905729575,10.708652025085756,30.065092109639203,0.3023178188607048,-2.8615101628875315,-3.0498291439567,8.534155967946955,0.9258246894553788,0.2139963506376148,0.0,False,RUNWAY_EXCURSION,257,25.699999999998543,1,710748.7787026727,1322.0451682082048,4593.205031747665,474.3322798712563,dry,0.9888597216318432,5.148721419060636,1.111758653917387,0.0,0.0,-2.453993924403446,1015.8394738432077,0.9856954452426692,,,,,60.45478997762997,0.2139963506376148,0.6022058712229494,125.8341125049021,135.90084150529427,172656923,7.290586828877244,1.4974169320937714,2.3953340385569506,7.238011490830927,0.0,0.0,0.0641989051912844,0.0,0.0,-2.569999999999989,-3.274614849550437,0.0,-0.3701792565984956,0.0,0.0,-18.53394466235872,0.0,-60.0,17377
-65.74382158476662,11.788388102682704,30.238739225687628,0.2710607331063626,-2.74294197289923,-2.886777966183048,4.922883127469786,0.9308045511979324,0.3104570276908589,0.0,False,RUNWAY_EXCURSION,325,32.49999999999816,1,719514.347314538,1331.012216754987,4227.762213500966,258.37149400993667,dry,0.9915746706684424,1.0004942440025315,-1.471070153441679,0.0,0.0,0.1650953549282885,1015.2673334187368,0.992092842129765,,,,,66.60677025675875,0.3104570276908589,0.5780403772430986,127.22252201704389,137.4003237784074,643626383,10.863381911264195,2.5605160481016567,4.337265266265303,8.343608247840663,0.0,0.0,0.0931371083072576,0.0,0.0,-3.2499999999999747,-5.01822006325868,0.0,-0.0567373385362139,0.0,0.0,-23.61677276475072,0.0,-60.0,17702
-49.04145532202372,8.023393082750717,30.060784311086707,0.5660199134558898,-2.540814022791457,-2.564357440383925,7.807884077913363,0.924904380349842,0.9478516981326096,0.0,False,RUNWAY_EXCURSION,387,38.69999999999781,1,717079.8459337503,1323.6609062804778,4775.4222891276295,225.30850547736136,dry,0.9760078343408451,1.251230119531166,0.7516418716235451,0.0,0.0,-1.9430162508261333,1014.5836236739324,0.9929960012262602,,,,,100.56080032450492,0.9478516981326096,0.468852982537804,126.58455953920232,136.71132430233854,1033071480,20.428847140680187,6.10390047585991,7.319814514925654,11.480024188176303,0.0,0.0,0.2843555094397827,0.0,0.0,-3.8699999999999615,-2.7681179720942786,0.0,-0.1398394799643977,0.0,0.0,-27.880439699046736,0.0,-60.0,18089
-59.26036824408085,10.057305525462672,30.048114885778045,0.640727422666815,-2.64769100890291,-2.679361360602736,7.175466749704876,0.9235291753748932,0.5204867170870102,0.0,False,RUNWAY_EXCURSION,326,32.599999999998154,1,707329.8995609874,1328.9338573187554,4658.034176315992,344.55558267050986,dry,0.989116857548196,4.061894852390694,-0.8091942160441401,0.0,0.0,3.6286860823376257,1011.8300140924772,0.9896986354350844,,,,,82.79424554242101,0.5204867170870102,2.9444060679118245,127.1114868233852,137.28040576925602,907713895,12.41164965539562,3.537923352608452,5.009974965355694,10.0500005888192,0.0,0.0,0.156146015126103,0.0,0.0,-3.2599999999999745,-3.663855842777292,0.0,-0.0793131700603317,0.0,0.0,-23.422893808548217,0.0,-60.0,18415
-56.69086200485147,9.075444939411076,30.301163062851654,0.8039446470979662,-2.618625010010166,-2.6643775057301013,8.3730799258198,0.9285269635448972,0.6676537251603918,0.0,False,RUNWAY_EXCURSION,332,33.19999999999812,1,729098.2906838614,1329.0592757680397,4309.044668952612,452.820351621253,dry,0.9813967549353532,5.491315850121544,2.9061424914652,0.0,0.0,-2.3553424516616106,1015.3517638493717,0.9863245905621202,,,,,92.01585175175568,0.6676537251603918,4.099895394327238,127.50071390518696,137.70077101760194,865948037,13.557771627987163,4.002190311142485,5.239457326217847,10.848590829541408,0.0,0.0,0.2002961175481175,0.0,0.0,-3.319999999999973,-3.0383054090699635,0.0,-0.1523679487444255,0.0,0.0,-24.02849485947404,0.0,-60.0,18747
-55.32972901892368,12.040817362112367,30.02600834416692,0.291321378368207,-2.689760191340395,-2.702656378133768,3.771704465555029,0.9110223950167016,0.730839016864536,0.0,False,RUNWAY_EXCURSION,410,40.99999999999768,1,747168.2611594377,1327.8116274970166,4441.715525986697,433.59086457259934,dry,0.9644931913467202,3.008705477278075,0.1839950514455433,0.0,0.0,0.122873430735134,1015.0280603989194,0.9869992567763856,,,,,92.66538801984666,0.730839016864536,2.1521620922384344,129.65010091303057,140.02210898607302,60816030,19.536513519468464,5.066513973441742,7.72983360750977,11.711736279666344,0.0,0.0,0.2192517050593607,0.0,0.0,-4.099999999999957,-6.604702880730684,0.0,-0.006350810763187,0.0,0.0,-28.88252441257532,0.0,-60.0,19157
-48.82320704989103,12.417101102860444,30.008692737720622,0.3452627901152857,-2.2096849144894573,-2.224223757641042,5.225105298599978,0.8988626632635102,1.1120597482965875,0.0,False,RUNWAY_EXCURSION,474,47.39999999999731,1,712870.2172972773,1328.898871242968,4405.601623930362,188.2230719038195,dry,0.9626201005523156,0.3700185429240825,3.663864729250249,0.0,0.0,1.9027012188305368,1013.5808323842148,0.9941430892503804,,,,,106.35608851585565,1.1120597482965875,1.1861351465585734,127.12041009768468,137.29004290549946,11494707,27.968986811241308,5.532928545667615,9.718718199417683,13.372297495802378,0.0,0.0,0.3336179244889761,0.0,0.0,-4.739999999999943,-8.120378389395995,0.0,-0.0139140203987436,0.0,0.0,-32.875463616714086,0.0,-60.0,19631
-47.99584363278901,13.02471491665678,30.152081757493686,0.5188691733733567,-1.731056282171208,-1.7520742081619052,6.453675607814898,0.8960287237197293,1.345004582641664,0.0,False,RUNWAY_EXCURSION,531,53.09999999999699,1,692657.7230188781,1329.171589924224,4408.768894796623,56.455219277172006,dry,0.9507392086056028,5.826504952209434,2.899753010769801,0.0,0.0,-1.5536480933428525,1013.5438590312958,0.9979195214452208,,,,,114.3744120428177,1.345004582641664,3.292509586766528,124.55873337838098,134.52343204865147,266896303,33.45427209641006,5.0125440952104885,10.637633153763232,14.540218986851604,0.0,0.0,0.4035013747924991,0.0,0.0,-5.309999999999931,-10.008948720950729,0.0,-0.1149934123423288,0.0,0.0,-36.61007120652369,0.0,-60.0,20162
-52.5023810789576,13.65200807993478,30.0758657529528,0.5297890553618119,-2.5484971536201377,-2.552521564915791,4.677136551701496,0.9021608922772728,0.9689348940656828,0.0,False,RUNWAY_EXCURSION,524,52.39999999999703,1,742784.9236632839,1322.35390107225,4609.863589229217,180.23516901742664,dry,0.9708277930919234,3.6188759148787097,1.4965080625936888,0.0,0.0,-1.0155687677199694,1015.49203180235,0.994340158159284,,,,,101.01679713530058,0.9689348940656828,0.8908746252712163,128.9842563076277,139.30299681223792,17790419,30.47065152991358,5.4764756425472605,10.937007939782331,12.831178890176703,0.0,0.0,0.2906804682197047,0.0,0.0,-5.239999999999933,-10.851302010894756,0.0,-0.0278988152752029,0.0,0.0,-36.38917472342703,0.0,-60.0,20686
-39.32264673409141,13.738297387843684,30.096842204829244,0.9060338119177178,-1.883889134157844,-1.9115366295691207,3.4806473347607856,0.8405584255355246,1.3791265358038345,0.0,False,RUNWAY_EXCURSION,637,63.700000000002944,1,727912.1351703734,1325.0678323323802,4524.446791640826,199.71126200005213,dry,0.9836797126706278,3.26512762620445,2.0525680691478825,0.0,0.0,3.170528997003805,1012.9068222230384,0.993834938971828,,,,,113.12181880457123,1.365020346566297,-0.4791086032131098,128.7778184977126,139.0800439775296,1440154963,45.795272042077634,5.415145829800994,14.768518842808447,14.23605984572878,0.0,0.0,0.4095061039698889,0.0,0.0,-6.369999999999909,-13.358655469935828,0.0,-0.0014196905211826,0.0,0.0,-40.21707423801993,0.0,-60.0,21323
-40.28045382320265,12.67456302782506,30.09395017089869,0.545521950217479,-2.157436588095909,-2.176110488952071,3.153438607135436,0.845755379331469,1.2252928632067466,0.0,False,RUNWAY_EXCURSION,547,54.6999999999969,1,761789.4508172486,1329.7121701133467,4509.858769411318,31.9507080993221,dry,0.9531041147845476,4.289402622691245,-3.6695479788731458,0.0,0.0,-1.0423357833842166,1013.2780347304476,0.9986642440825207,,,,,111.95828894944088,1.2252928632067466,1.6117736865708387,130.7604309254047,141.2212653994371,1128755548,38.207103217926125,6.276824342416218,12.427794950321928,12.578502066557832,0.0,0.0,0.367587858962024,0.0,0.0,-5.469999999999928,-9.763618636292396,0.0,-1.844516929839508e-05,0.0,0.0,-34.904629177924946,0.0,-60.0,21870
-50.48885296363122,13.906004600434986,30.008573343438208,0.6569586863544428,-2.4471239650211367,-2.455631928910956,4.2267927459831,0.883697871762661,1.0580697047545584,0.0,False,RUNWAY_EXCURSION,432,43.19999999999755,1,760754.1679824041,1324.6243771775055,4542.964810038961,230.6279176436016,dry,0.9777514162455344,3.3876824478621854,1.482138554444818,0.0,0.0,3.441580558968921,1014.5426973877728,0.9929635796572396,,,,,106.58451669844786,1.0580697047545584,2.002649678042463,131.60587675970874,142.13434690048544,1389828892,26.878515550649013,5.017882107367477,8.849174175303856,11.306339028093658,0.0,0.0,0.3174209114263677,0.0,0.0,-4.319999999999952,-9.282094269471315,0.0,-0.0141979687081485,0.0,0.0,-29.241892498292007,0.0,-60.0,22302
-49.27500675744425,9.73205870522394,30.13989494071784,0.4408128055293132,-1.816177351067313,-1.829267134917832,4.078938628820621,0.8713220586087191,1.1641490386595166,0.0,False,RUNWAY_EXCURSION,340,33.999999999998074,1,700702.1774107461,1331.9611092597847,4577.083782171233,75.69654506285222,dry,0.958145408403145,1.3455519904056423,2.196428677096768,0.0,0.0,3.6001667259474432,1013.9361279273596,0.9974145614435987,,,,,107.77074893755768,1.1641490386595166,2.498349021324806,126.37692335316916,136.48707722142268,552547096,19.85101824628505,4.333386629103553,5.949782653504472,9.807603476094757,0.0,0.0,0.3492447115978548,0.0,0.0,-3.3999999999999715,-3.5780454064727265,0.0,-0.0128904360090768,0.0,0.0,-22.57510663154812,0.0,-60.0,22642
-51.308064935334485,9.086488090271365,30.14694932239916,0.5463240869039546,-2.4384388054032446,-2.451783641164593,5.914975778833433,0.884075640366589,0.911945666265126,0.0,False,RUNWAY_EXCURSION,314,31.399999999998226,1,744420.3311485898,1324.843818886322,4708.3088777765015,374.97061842294505,dry,0.9885136471445778,7.867036132766825,-3.329546702436138,0.0,0.0,-2.4913289775592107,1010.2758173762244,0.988585317298162,,,,,100.762229823394,0.911945666265126,3.3103670132424057,129.1259789288803,139.45605724319074,1321529463,15.413635159320448,5.392722465763767,5.19860655338038,9.901575715288905,0.0,0.0,0.2735836998795377,0.0,0.0,-3.139999999999977,-2.880575496199781,0.0,-0.1654374898972353,0.0,0.0,-21.302175542870472,0.0,-60.0,22956
-37.796476397316,16.6481144475832,30.20264844768352,1.2899060408438316,-0.8199973597364744,-0.8347889954627672,5.246459832823966,0.8353302489999975,2.789922517023399,0.0,False,RUNWAY_EXCURSION,514,51.399999999997085,1,750852.6413317443,1324.3666867836648,4383.090359133239,148.95647717341294,dry,0.9574528314936892,4.848500738716287,-3.038839841420556,0.0,0.0,1.1865209159477503,1014.5151072537138,0.9952249548603828,,,,,150.24245177481882,2.789922517023399,34.22001116693659,130.24183663027085,140.66118356069254,1640795441,43.81207004184361,4.791213098380079,10.648181327446336,13.535137411429467,2.080060190270052,0.0,0.8369767551070196,0.0,0.0,-5.139999999999935,-15.82889925946132,0.0,-0.0651664782975513,0.0,-0.2652219399040824,-32.20082754412959,0.0,-60.0,23470
-23.22296991694266,16.781185346551265,30.31545464893597,1.2306039548501964,-1.1438132816022557,-1.1396763174543865,7.667555580621537,0.8262668189828382,2.5364674563339804,0.0,False,RUNWAY_EXCURSION,831,83.10000000001838,1,741965.3321437883,1323.1279595230396,4560.609358506204,143.29845023337052,dry,0.9564614191213392,2.146314927510549,0.0005902127144388,0.0,0.0,-2.395158520106425,1013.9942933536626,0.995346149751611,,,,,152.04366897491252,2.5364674563339804,26.50147961457117,128.69795238335917,138.99378857402792,823941273,82.6404482423868,4.211436648409748,18.342170095902745,14.901566726772508,1.8611482807103767,0.0,0.7609402369001949,0.0,0.0,-8.309999999999867,-26.00182210432667,0.0,-0.3412056344928085,0.0,-0.0298325258161737,-51.25781988338922,0.0,-60.0,24301
-26.5671350783497,8.208171066071811,30.111554962057564,0.5250686611503343,-1.0799761672117458,-1.0863110391025788,4.297724066106755,0.8557745048222155,2.1654923343728,0.0,False,RUNWAY_EXCURSION,465,46.49999999999736,1,734594.0542567207,1326.6956390361534,4394.930414569135,67.49623937237659,dry,0.9901575560480842,5.162509810622405,-2.40559771141687,0.0,0.0,-0.609453407086618,1015.875706105935,0.99759451617384,,,,,138.81903609724338,2.1654923343728,2.506657504669114,128.33755209040737,138.60455625763996,989821580,38.676108786306536,8.306440830620911,10.162705153738292,12.967940935968056,1.128587736866716,0.0,0.6496477003118399,0.0,0.0,-4.649999999999945,-3.48099373291142,0.0,-0.0188372826194425,0.0,0.0,-30.30873520663113,0.0,-60.0,24766
-48.21609607217309,1.493585200369899,1.5110675004760703,0.0005306782977365,-2.84136559024962,-90.0,1.104929938908807,0.7114070798141483,0.0,0.0,False,FAILED_TO_ACCELERATE,301,30.099999999998296,1,746283.5739672002,1330.0039627359884,4252.464761686895,412.20349892502,dry,0.9675086759018108,0.0825349504438461,-2.008215261321922,0.0,0.0,-2.9007633143044584,1010.1108473966568,0.9875217021143248,,,,,0.0,-0.1806338279214969,0.000810576546782,129.20533801230945,139.5417650532942,2141492029,0.0412653180917976,0.0378303315973461,0.0298582411655821,0.0654626245147097,0.0,0.0,0.0,0.0,0.0,-3.00999999999998,-0.0746077579977735,0.0,0.0,0.0,0.0,-15.30590482954474,0.0,-30.0,25067
-50.549295081336936,1.3772663407968817,1.393781127285714,0.0002497977106771,-2.711909299382555,-90.0,0.5987654849163134,0.7918225854536224,0.0,0.0,False,FAILED_TO_ACCELERATE,301,30.099999999998296,1,690714.7294967505,1327.246168539123,4392.077036586094,286.13122259906527,dry,0.9764776638128276,3.476282101926853,-0.8780995761920072,0.0,0.0,2.268094872992686,1013.8150792174188,0.9913550744349424,,,,,0.1955068132487111,-0.171883328219792,-0.0006040370915354,125.19373859384186,135.2092376813492,1728701086,0.0465544760321533,0.0432809286538311,0.0347021374433137,0.0721203619532319,0.0,0.0,0.0,0.0,0.0,-3.00999999999998,-0.0634395149579001,0.0,0.0,0.0,0.0,-17.672513470461556,0.0,-30.0,25368
-51.649383760107554,1.8690454653824748,1.8697684355155384,0.0001895877905346,-2.740087467718836,-90.0,0.1654320272458712,0.8231575001579846,0.0,0.0,False,FAILED_TO_ACCELERATE,301,30.099999999998296,1,723604.3459769702,1331.933523475639,4353.573548131379,193.3672279823654,dry,0.9650548192917774,6.325019070228036,-2.4227290924773976,0.0,0.0,4.216024849677368,1014.7639592981302,0.9940764983697884,,,,,6.233978590633827e-05,-0.173111631234434,-0.0045950597318148,128.50863328304214,138.78932394568554,2106327850,0.0091507726180131,0.0079522483754788,0.0068520323428343,0.0359173439831696,0.0,0.0,0.0,0.0,0.0,-3.00999999999998,-0.1168325129390783,0.0,0.0,0.0,0.0,-18.582423644487942,0.0,-30.0,25669
-30.28165702301908,7.795736430059996,30.27672361677894,0.6394146677283818,-2.1679907527016944,-2.168722634342778,5.5788428068299165,0.8621279998224084,0.976970267027582,0.0,False,RUNWAY_EXCURSION,722,72.20000000000971,1,723735.9548858019,1328.7856287316752,4333.842000099369,325.62775086848313,dry,0.963057515624372,4.577671899208634,3.384861976333206,0.0,0.0,2.5398635017625883,1012.7713778169662,0.9902015320532124,,,,,96.43167180199202,0.8828378099327665,1.9942240851495896,128.27738439133216,138.53957514263874,815020182,48.94271068303087,11.597268986803652,15.181530115837628,13.079094512593937,0.0,0.0,0.2648513429798297,0.0,0.0,-7.21999999999989,-4.875385742620938,0.0,-0.0973692109442333,0.0,0.0,-47.154357710699685,0.0,-60.0,26391
-51.380133599687376,10.276702636506556,30.052793821596,0.8566639936928008,-1.937719970023899,-1.985488135110448,5.9242275363882415,0.8480996534349468,1.1658841338555703,0.0,False,RUNWAY_EXCURSION,492,49.19999999999721,1,710596.3022696915,1329.3052640186384,4368.098497836068,427.7172853018972,dry,0.99805021437637,2.244468190970905,3.913827001566024,0.0,0.0,-2.7471325149476256,1011.8295820620576,0.9870251350438912,,,,,110.89269279548152,1.1658841338555703,4.457422171289736,126.0049884065242,136.08538747904615,1472190200,26.652740242697984,3.96689977575442,7.326799462246222,12.767365599711296,0.0,0.0,0.3497652401566712,0.0,0.0,-4.91999999999994,-5.773380400328555,0.0,-0.297362566999607,0.0,0.0,-31.452960952925764,0.0,-60.0,26883
-60.09401171735965,14.634193334355713,30.18519630181877,0.5591366834152763,-1.8809653157912496,-1.8918705761353647,9.111401286182556,0.8150148832873331,1.234538914658657,0.0,False,RUNWAY_EXCURSION,422,42.19999999999761,1,692137.9075372214,1323.4502135856187,4782.41180071436,204.8521295498375,dry,0.951745399986104,0.2777492648762587,1.6821165857767943,0.0,0.0,-2.297153641085279,1014.0768853254364,0.9935657549333158,,,,,106.4188222675503,1.2307999336517526,-0.3055613981275584,124.31768771518054,134.263102732395,2040324894,23.35234786952903,2.875088605827396,3.566696671329097,11.737639845645669,0.0,0.0,0.3692399800955258,0.0,0.0,-4.2199999999999545,-10.041706370995662,0.0,-2.077789124445704,0.0,-0.0079437451158702,-25.64758544922908,0.0,-60.0,27305
-60.02677323605161,15.307837629968796,30.05281197459127,0.5396920442474655,-2.273298495856332,-2.29405184593929,9.430818031697004,0.7761414469273146,1.2114313382980413,0.0,False,RUNWAY_EXCURSION,343,34.29999999999806,1,747120.869821435,1325.7647634579312,4416.644698788167,496.2905111083062,dry,0.9720260654835952,7.896840778891399,-1.4390864600169635,0.0,0.0,3.96595443877601,1015.5417687318626,0.985360666939774,,,,,114.6294586509421,1.2114313382980413,4.162227769241156,130.47429674372742,140.91224048322562,1396850658,17.58639669342795,1.7215102457065226,2.563770314231033,11.42661427498457,0.0,0.0,0.3634294014894125,0.0,0.0,-3.429999999999971,-8.930572585175845,0.0,-1.7235743852337797,0.0,0.0,-19.60434719548147,0.0,-60.0,27648
-56.76727022307119,13.201350102964426,30.041745973476893,0.4689166133783378,-2.3091826250994987,-2.328212975452686,6.832046713493406,0.8309465810194494,1.0407044390317424,0.0,False,RUNWAY_EXCURSION,344,34.39999999999805,1,729869.3625356694,1322.674832994858,4342.314853205542,375.29487786647775,dry,0.9698496150746124,5.479605677845412,-0.4019589011942122,0.0,0.0,-1.2692469519925256,1014.3766183451336,0.9886337640999222,,,,,104.81557429164688,1.0407044390317424,2.308311451348324,127.87170182860852,138.1014379748972,1804554973,18.758053925116545,1.9157243819311005,3.8982777822581833,10.42485434369772,0.0,0.0,0.3122113317095227,0.0,0.0,-3.43999999999997,-6.661202413568601,0.0,-0.5833747677062973,0.0,0.0,-21.391814806509363,0.0,-60.0,27992
-65.36984743794899,11.684297539551428,30.142680156251245,0.327038328681602,-2.8180410352647667,-2.972816036727597,9.247406739685529,0.8549225404487909,0.1600349032455597,0.0,False,RUNWAY_EXCURSION,201,20.099999999998857,1,745022.442354842,1331.1447227514002,4450.152350429182,335.25198064961774,dry,0.9714425387677308,4.219664200924415,0.5531942148310329,0.0,0.0,2.4898336366163125,1011.5010238536638,0.9899574148913302,,,,,59.95986288316129,0.1600349032455597,2.2892799547310183,130.22065323126017,140.638305489761,1478428095,5.278792267549081,1.431741074088982,0.9713435645982114,5.905277850584109,0.0,0.0,0.0480104709736679,0.0,0.0,-2.010000000000001,-3.0490094008384747,0.0,-0.9543978084053518,0.0,0.0,-12.991605456499205,0.0,-60.0,28193
-67.46017159284366,10.727365573539704,30.03194299530457,0.2517084788557135,-2.8569824670101123,-3.080865676570056,11.043963697340937,0.900136772457129,0.1040216969058178,0.0,False,RUNWAY_EXCURSION,202,20.19999999999885,1,728809.8451181223,1325.8250457875145,4730.509394744519,313.88465396087827,dry,0.9850215464907892,5.1088182074800095,-0.3559468732094126,0.0,0.0,-0.6458637534153864,1011.8193557877664,0.9904628233574828,,,,,51.90131997591482,0.1040216969058178,0.6493922027326526,128.07915673956006,138.3254892787249,1511830742,4.696181658766309,1.567344898413809,0.7345519690997907,5.658743989284742,0.0,0.0,0.0312065090717453,0.0,0.0,-2.020000000000001,-2.582825241552188,0.0,-1.5419234974964724,0.0,0.0,-14.003451878431411,0.0,-60.0,28395
-65.67151052190248,11.134224841738348,30.154014959679213,0.2261416744491701,-2.8408571947499945,-3.008735552058762,8.775791690589957,0.8928357496763923,0.1775092388330961,0.0,False,RUNWAY_EXCURSION,212,21.199999999998795,1,756025.9167585031,1331.8615856391607,4518.511612146725,178.95931983965184,dry,0.984648955560021,6.6732798448676505,0.7469429694891958,0.0,0.0,-0.2310389811023823,1015.955380949988,0.9944092374624892,,,,,58.8688104818554,0.1775092388330961,1.1869889106479723,130.27675869669122,140.6988993924265,835202397,5.641639701973038,1.5168010698322612,1.3052851740412943,6.139945959480893,0.0,0.0,0.0532527716499288,0.0,0.0,-2.1199999999999988,-2.9202049021325847,0.0,-0.7658791143687884,0.0,0.0,-14.52235118237853,0.0,-60.0,28607
-66.945898159444,12.762980523419778,30.0783005978368,0.2601384241207918,-2.75617613474652,-2.8988032720771346,9.19387752186269,0.8845309299230573,0.1749479338699018,0.0,False,RUNWAY_EXCURSION,200,19.999999999998863,1,691567.7744366738,1324.585145824234,4246.445334723987,165.60254036167177,dry,0.9983343235557208,4.104118810730679,1.1966570405455164,0.0,0.0,0.303883081554166,1014.2579390894292,0.99479653097155,,,,,57.65178207237437,0.1749479338699018,1.093816270382053,124.81941651072523,134.80496983158326,1879383516,5.274187520009209,0.933641214502806,1.013240635864753,5.784932189591577,0.0,0.0,0.0524843801609705,0.0,0.0,-2.0000000000000013,-3.619859374248723,0.0,-0.7981385010894804,0.0,0.0,-13.586386224235104,0.0,-60.0,28807
-65.84457678900779,11.826103861329775,30.24571878248386,0.313503904596025,-2.865495837856845,-3.055458783314354,8.434918898026348,0.8626649496327728,0.1547867687546045,0.0,False,RUNWAY_EXCURSION,213,21.29999999999879,1,744998.478805274,1328.359030274465,4526.705270353086,484.7778448961024,dry,0.971981324718146,5.1218143603421415,-3.84659848015368,0.0,0.0,-1.8174077567851752,1012.4697715561856,0.9854456132448248,,,,,56.428664729561696,0.1547867687546045,0.7656797870789234,129.18819782040146,139.5232536460336,290117534,5.678568379862649,1.2660686327087856,1.363159230314787,5.939179310800389,0.0,0.0,0.0464360306263813,0.0,0.0,-2.1299999999999986,-3.309942670088697,0.0,-0.7224315208332259,0.0,0.0,-13.975614182398855,0.0,-60.0,29020
-65.80863561978497,10.827020997156325,30.24520422977352,0.3353222128125052,-2.716079622300425,-2.9020632853174657,9.85607173911672,0.8533364147727006,0.1209275554558644,0.0,False,RUNWAY_EXCURSION,204,20.39999999999884,1,701583.4566393394,1329.1156424443775,4776.478933006908,161.2443235600643,dry,0.990429716645093,0.7997736626323766,3.096124508099911,0.0,0.0,-0.9336092577234164,1014.973531530505,0.9949075318758728,,,,,51.076897919798405,0.1209275554558644,0.5069911941157557,125.40582478970748,135.4382907728841,1243185673,5.096238996926333,1.812123949938072,1.079655331292997,5.4091884330776665,0.0,0.0,0.0362782666367593,0.0,0.0,-2.0400000000000005,-2.6570860299182493,0.0,-1.3493371899608906,0.0,0.0,-13.195697377777655,0.0,-60.0,29224
-76.44793253479355,11.063404152667648,30.114012312216843,0.1106052166547797,-2.9194387310630323,-90.0,10.823559712952925,0.8609829087908142,0.0,0.0,False,RUNWAY_EXCURSION,276,27.59999999999844,1,763004.822257127,1328.5841484066932,4363.628478405769,133.80117782943697,dry,0.992714856139291,7.787579049327216,-3.0739993539129555,0.0,0.0,0.2927824850428893,1012.6548520128596,0.9957412622970112,,,,,32.84062898792968,-0.0572895478352677,-0.1088841418416741,131.20897499316297,141.705692992616,1549384411,4.333145339042165,1.3652836065105722,0.6402980830074178,4.369048164303701,0.0,0.0,0.0,0.0,0.0,-2.759999999999985,-3.753566617654754,0.0,-2.6101300572484507,0.0,0.0,-18.032011052754186,0.0,-60.0,29500
-70.20270085684815,11.471147436154656,30.1352945048016,0.1825114267288377,-2.826219388214241,-90.0,8.977047680375,0.8682617108751085,0.0253052883848283,0.0,False,RUNWAY_EXCURSION,247,24.699999999998603,1,707647.9035485529,1323.537927482752,4242.4480399524045,188.8892610500245,dry,0.954256861658458,3.6115099348671738,0.881359985967404,0.0,0.0,-1.043628367450072,1010.5837753677076,0.9940925026512748,,,,,42.37791957225654,0.0253052883848283,0.3012326932013209,126.19572819196574,136.29138644732302,1815655708,5.435630705414392,1.6984294760693284,1.0184746086188117,5.319402651544174,0.0,0.0,0.0075915865154485,0.0,0.0,-2.469999999999992,-3.611338244999268,0.0,-1.315340091228815,0.0,0.0,-16.28555154878222,0.0,-60.0,29747
-69.49547378182348,11.878696792435576,30.24176675618441,0.1978905911146164,-2.989467413234534,-90.0,9.54316514990182,0.8415345746459385,0.0178855420181491,0.0,False,RUNWAY_EXCURSION,220,21.99999999999875,1,753746.6023057493,1322.7591654486223,4581.259840840201,234.346705671357,dry,0.9525466739390004,2.606711801409777,-2.746634311832441,0.0,0.0,-1.8604089268056745,1015.7534941767811,0.992760190301716,,,,,43.80936142274856,0.0178855420181491,0.5095067712910151,129.72452452111375,140.10248648280285,1128189815,4.736824458340935,1.3261557590058088,0.6421633125121035,5.112500832661523,0.0,0.0,0.0053656626054447,0.0,0.0,-2.199999999999997,-3.449195138561805,0.0,-1.6466350365606963,0.0,0.0,-14.022653631826785,0.0,-60.0,29967
-68.92624951418334,21.052542827459867,30.09623246599843,0.3429695227013064,-1.9246791949408035,-1.9369944176512164,8.446168419722023,0.7912328861998618,1.5713685138474602,0.0,False,RUNWAY_EXCURSION,569,56.89999999999753,1,676695.3834312988,1325.69563482719,4688.232158534734,321.5681525382317,dry,0.9509981006060716,6.953964430523606,-2.4350427298955064,0.0,0.0,4.840431681801765,1012.9334429287544,0.990375341026562,,,,,125.46922627480504,1.5713685138474602,2.942101763452527,124.51843619951678,134.47991109547814,806201099,32.16216613083393,1.306270004794384,9.57293075526878,15.143139974701802,0.0,0.0,0.4714105541542377,0.0,0.0,-5.689999999999923,-28.020693261850703,0.0,-0.9091066393446084,0.0,0.0,-32.96236703274113,0.0,-60.0,30536
-71.88969078864936,13.029186340197136,30.03785389197706,0.1887732656047255,-2.9189011753182026,-3.1844916925882423,7.074676593036286,0.8251566121350359,0.0967201824662424,0.0,False,RUNWAY_EXCURSION,286,28.59999999999838,1,751406.8933417823,1326.5239870580192,4659.479808698109,346.49160495046635,dry,0.9540687487286212,1.467222720608082,1.3205779020749104,0.0,0.0,4.233929263857925,1012.4672365606596,0.9896883051806248,,,,,51.32124540208029,0.0967201824662424,0.6003813437894401,131.1066240396348,141.5951539628056,666239354,6.119416288140917,0.7323302468827905,1.475388561019369,6.569698909211299,0.0,0.0,0.0290160547398727,0.0,0.0,-2.859999999999983,-5.394585916960863,0.0,-0.7045771869842199,0.0,0.0,-17.85637774469849,0.0,-60.0,30822
-66.13019084638182,13.16517949044028,30.00232976604225,0.1569567675872966,-2.660397362811199,-2.7582888725277668,5.573788203159661,0.823273406567496,0.2451196913195019,0.0,False,RUNWAY_EXCURSION,267,26.69999999999849,1,692199.7763955061,1330.862858574318,4536.818725989041,227.65906743099112,dry,0.9675054611202732,6.04606313192653,1.019461967554332,0.0,0.0,0.1041289159094063,1012.1814242252476,0.9929799757659482,,,,,61.29892616669033,0.2451196913195019,0.8736595393654589,124.96117538709376,134.95806941806126,908297867,7.650462819580882,0.96735071403305,2.3279073993164947,7.444184830668372,0.0,0.0,0.0735359073958505,0.0,0.0,-2.669999999999987,-5.141884546793447,0.0,-0.2256167152624537,0.0,0.0,-16.55613125532057,0.0,-60.0,31089
-66.85158498784618,7.153448340861414,30.575192724924275,1.1990145800578114,-2.700255457712608,-90.0,27.367081472764045,0.6530069020486647,0.1133373480545287,0.0,False,RUNWAY_EXCURSION,310,30.999999999998245,1,677982.3145045866,1325.3671188302942,4416.194167296779,284.2870130478178,dry,0.95291269803912,4.028182510659616,-3.1492075490138465,0.0,0.0,4.75450374823229,1011.8099513989832,0.9914739843679856,,,,,47.57791813277112,0.1130342492037357,-0.0576860849756855,124.68767339937423,134.6626872713242,1043323488,7.119293305976496,2.1004224032480137,2.537449253330325,6.352589274645876,0.0,0.0,0.0339102747611207,0.0,0.0,-3.099999999999978,-1.762585020140622,0.0,-5.441385678490553,0.0,0.0,-14.691278801176836,0.0,-60.0,31399
-63.61229316492138,7.394767680526989,30.594106651820635,1.8657557881456368,-2.739030101301533,-2.8046714203956045,28.59150671481944,0.595549594518567,0.2839146448773704,0.0,False,RUNWAY_EXCURSION,242,24.19999999999863,1,711727.5504752883,1324.9996335975457,4293.99183341779,122.02315751127765,dry,0.966219354405664,6.940600771025348,2.36610018952746,0.0,0.0,-2.9974223334959325,1014.6563586544808,0.996021145515523,,,,,61.88334052177792,0.2839146448773704,0.1730958856893494,125.8742326696642,135.94417128323735,1543657888,6.234790210986557,1.4510895068368113,1.5535800851255877,5.98713538850048,0.0,0.0,0.0851743934632111,0.0,0.0,-2.4199999999999924,-1.4703540610944326,0.0,-4.8960727287896,0.0,0.0,-10.137635959950003,0.0,-60.0,31641
-61.28131835979365,7.907951683515042,30.414431550547217,1.183527586201328,-2.8082256541553896,-2.899952643691301,23.027189264087763,0.4690399148634501,0.1355955477647654,0.0,False,RUNWAY_EXCURSION,196,19.59999999999889,1,716963.6562721508,1326.5108073136464,4320.814245689384,82.81643229202373,dry,0.9705078649633084,7.841228015846595,-0.0330407845279756,0.0,0.0,-0.2809860769031269,1015.7383283810562,0.9972031381617968,,,,,53.37025292056849,0.1355955477647654,1.7271621255644831,126.86911127255156,137.01864017435568,1910160578,3.6952065460800654,1.5960030894196562,0.9305119728271822,5.08761493805864,0.0,0.0,0.0406786643294296,0.0,0.0,-1.9600000000000013,-1.3618885740496045,0.0,-3.4219348347994325,0.0,0.0,-5.887510161659571,0.0,-60.0,31837
-59.47622617500468,8.66340062054284,30.543653483274184,0.4768706168165032,-2.7069136059885044,-2.7947155407484274,11.730413235072646,0.5635654356774522,0.2769695083734405,0.0,False,RUNWAY_EXCURSION,221,22.099999999998744,1,689167.725994347,1327.2912418707506,4231.608004162786,282.6463351945323,dry,0.9613737140698748,4.583583300611018,3.187700705784547,0.0,0.0,1.457100746035767,1014.5555140473712,0.9914169269287436,,,,,67.83651015027183,0.2769695083734405,3.2396643119112767,124.833155290112,134.81980771332098,156652360,5.161089326626624,2.0819562003111347,1.062087792252462,6.046470077372004,0.0,0.0,0.0830908525120321,0.0,0.0,-2.209999999999997,-1.8430051976618749,0.0,-1.409122983995322,0.0,0.0,-8.448792242421733,0.0,-60.0,32058
-58.37197618229779,8.028161887612915,30.31422872729421,0.6495314030916595,-2.874461610960332,-2.981386675547624,16.57323086900818,0.6217123779775874,0.2508694164623648,0.0,False,RUNWAY_EXCURSION,221,22.099999999998744,1,754916.4274247065,1329.6317664063845,4300.1366505431615,85.49065172561804,dry,0.9851288110935856,0.2683180560884635,-2.1405407173164868,0.0,0.0,-0.7342769776288627,1014.816477696131,0.9971366635415412,,,,,67.14278451626579,0.2508694164623648,2.808255924470373,130.14027834081193,140.5515006080769,2005843176,5.850810622658996,2.683947285041497,1.3503953927101842,6.661136191563326,0.0,0.0,0.0752608249387094,0.0,0.0,-2.209999999999997,-1.582639523101361,0.0,-1.7253106310677917,0.0,0.0,-9.47557634504134,0.0,-60.0,32279
-41.44858258349517,1.740624418381981,1.744829103317392,0.0002264553496711,-2.8947776714961244,-90.0,0.3598591896162278,0.4369908516787212,0.0,0.0,False,FAILED_TO_ACCELERATE,301,30.099999999998296,1,722225.1032973963,1322.260010602972,4558.695728887509,197.4793153213284,dry,0.9556243814320148,5.528531092577532,-1.101757820278657,0.0,0.0,1.4222839608240827,1014.5360442843088,0.9939019872176336,,,,,0.0,-0.1880781394135056,0.0013508830014448,127.7855752107124,138.0084212275694,1141051469,0.0124231932190525,0.0110055312277837,0.0092779182205071,0.0513976794886466,0.0,0.0,0.0,0.0,0.0,-3.00999999999998,-0.1013290870140166,0.0,0.0,0.0,0.0,-8.421357818637148,0.0,-30.0,32580
-60.75371074047787,9.728413326350122,30.322175458102063,0.4393493662521102,-2.7419927886643087,-2.830121081459629,15.394680644612473,0.6847776080925424,0.2146271062452456,0.0,False,RUNWAY_EXCURSION,191,19.099999999998914,1,708608.8319023628,1328.929925493087,4798.66701114718,274.6376042830458,dry,0.9829874280888286,2.239855241737072,1.3807382680959797,0.0,0.0,-0.3746802985635806,1011.9861144058352,0.991604779767097,,,,,65.24895145963058,0.2146271062452456,3.3764067385615526,126.34078280288742,136.44804542711842,768359333,5.145554698566389,1.4735759106088415,1.0787906504581777,5.784026460519837,0.0,0.0,0.0643881318735737,0.0,0.0,-1.9100000000000013,-2.0085141041140626,0.0,-1.1898470511879595,0.0,0.0,-9.191685437202668,0.0,-60.0,32771
-60.63874847468804,10.155541183244445,30.339118230178634,0.278022810221619,-2.62605193494958,-2.665421683311429,14.009671060186696,0.6394386349497614,0.219223717373552,0.0,False,RUNWAY_EXCURSION,185,18.49999999999895,1,692640.6321291354,1330.91252350232,4432.8737152098765,271.8567963060636,dry,0.9562507560276776,5.53996396362506,2.940870062444846,0.0,0.0,3.853446964070504,1014.627426669226,0.991811615009107,,,,,65.56597855438187,0.219223717373552,4.068594586273608,125.65953834024516,135.7123014074648,1444696807,4.8536174497765385,1.3410197761645202,0.7801695452757895,5.674463216490661,0.0,0.0,0.0657671152120656,0.0,0.0,-1.8500000000000008,-2.119997566005132,0.0,-1.1784507991615043,0.0,0.0,-8.20533721244098,0.0,-60.0,32956
-45.978177955296246,1.4264847646638048,2.809495518285381,0.0056203112184248,-2.8269178680699234,-90.0,5.228239316486019,0.6787430016635401,0.0,0.0,False,FAILED_TO_ACCELERATE,301,30.099999999998296,1,713088.0505384947,1324.4564249635569,4387.891964329022,87.02415714705192,dry,0.9800222543772142,0.95851496246435,1.7470897356203974,0.0,0.0,2.193739747958149,1015.0205756439788,0.997125522101516,,,,,3.229799900172899,-0.1798521659527807,-0.0079166077115611,127.1133536288926,137.28242191920404,1227350964,0.6063373946833845,0.5440348395755993,0.3280607467361645,0.4961042374739395,0.0,0.0,0.0,0.0,0.0,-3.00999999999998,-0.0680547215476892,0.0,-0.0673001885455175,0.0,0.0,-14.807360263672123,0.0,-30.0,33257
-57.9245179589513,10.155878057977011,30.10450848752652,0.6260392539722421,-2.779600362290767,-2.8084625534511525,8.546176865875145,0.6710101587684071,0.3170505769418525,0.0,False,RUNWAY_EXCURSION,225,22.49999999999872,1,704089.5733144983,1324.9043061857851,4284.159792169636,178.73622633377673,dry,0.9587261016796516,5.387305703044686,1.6406363182375077,0.0,0.0,1.8331485851017983,1011.6298555488124,0.9944336472832116,,,,,68.30133715366824,0.3170505769418525,0.7193357558267621,126.4416938866108,136.55702939753965,546762614,7.484019993943952,1.9412663567361448,2.0958443711809744,6.41214154895065,0.0,0.0,0.0951151730825558,0.0,0.0,-2.249999999999996,-2.578546478212473,0.0,-0.4314487070038474,0.0,0.0,-10.692910217629256,0.0,-60.0,33482
-60.49194880906518,10.489824915150423,30.064183656808208,0.3263870139242541,-2.9259922550207578,-3.08286091983146,8.00078591791402,0.7004657459829091,0.2029623942794671,0.0,False,RUNWAY_EXCURSION,237,23.699999999998653,1,752784.790959901,1326.2186640749865,4406.4863373876,179.20613158085231,dry,0.9844620625915576,5.31783903154128,-0.2488416586829145,0.0,0.0,1.040698928465229,1014.5485885028426,0.994434132755741,,,,,62.09860150650741,0.2029623942794671,1.4631813187657272,130.3742851625551,140.80422797555954,691209253,6.784790259143084,1.9213055516061768,1.837702280565636,6.546775315590191,0.0,0.0,0.0608887182838401,0.0,0.0,-2.369999999999993,-2.897625904430113,0.0,-0.4803880900677077,0.0,0.0,-11.895396939756264,0.0,-60.0,33719
-55.31276829214568,8.871370144639316,30.20540285603598,0.6799156693077906,-2.4890040096156936,-2.5298279002067874,8.150312303136747,0.6842485750613564,0.4651034990426979,0.0,False,RUNWAY_EXCURSION,245,24.49999999999861,1,703053.2267913216,1328.945616002342,4282.337494364736,413.1496241203308,dry,0.9879310678052848,4.9203356784946015,3.6766346982982543,0.0,0.0,3.236835522265861,1013.376989134516,0.9877241730852336,,,,,75.06351498496882,0.4651034990426979,1.0670158555149634,126.5448089235824,136.66839363746902,1545136976,8.389759974126925,3.3113356004877006,2.5841701651808484,7.151615470187083,0.0,0.0,0.1395310497128093,0.0,0.0,-2.449999999999992,-2.142421779953718,0.0,-0.5048227625158442,0.0,0.0,-11.791936009371478,0.0,-60.0,33964
-71.98128611823644,12.653743165265592,30.00102660988993,0.1274716808136654,-2.9578264817536617,-90.0,5.84733204769644,0.7202611553572841,0.0159635511551528,0.0,False,RUNWAY_EXCURSION,372,37.19999999999789,1,755797.5708926964,1324.9597624743478,4623.709413720035,428.6473733584243,dry,0.9875200920009894,4.4338579660844735,-0.5630500035292361,0.0,0.0,-0.5969034113348917,1015.1839587794047,0.9871450465319628,,,,,44.53387052095109,0.0159635511551528,0.5752214433671732,130.22374601604173,140.6416456973251,1276249595,7.751002434461991,1.294493025821141,2.814665550551409,6.060932631472895,0.0,0.0,0.0047890653465458,0.0,0.0,-3.7199999999999647,-6.618178265156902,0.0,-0.2856210055856809,0.0,0.0,-19.283369555147832,0.0,-60.0,34336
-61.1617302086119,10.12991544605786,30.34947378121746,0.6126734006828075,-2.727184858096406,-2.8413751764714394,8.980026076550711,0.7787958472120049,0.2010570675143412,0.0,False,RUNWAY_EXCURSION,258,25.79999999999854,1,688423.5403159683,1325.850369630075,4749.969478853962,55.44829731352624,dry,0.95353783494923,2.1555534219461245,1.4636343216585552,0.0,0.0,-2.2398586516491736,1013.556873001379,0.997981921923716,,,,,62.64028807276048,0.2010570675143412,2.3436118046161702,124.0278918885994,133.95012323968737,1083230752,7.757547407405756,2.0957815815312784,2.830186661393069,7.096765046136027,0.0,0.0,0.0603171202543023,0.0,0.0,-2.579999999999989,-2.9416353590694064,0.0,-0.6152059012821929,0.0,0.0,-14.865486764980744,0.0,-60.0,34594
-71.62210274982748,17.563692330642702,30.01260530726156,0.7181281817963615,-2.7466672638324594,-2.8509026085282976,6.528179221581511,0.7485934929373731,0.2842337172538691,0.0,False,RUNWAY_EXCURSION,446,44.59999999999747,1,701789.4238395592,1327.3879774250686,4753.419306165094,343.90727712893744,dry,0.9940486674598058,6.2291954923809145,-2.096856651447603,0.0,0.0,2.368686545368707,1015.3942738878744,0.989678907318828,,,,,63.95933649924192,0.2842337172538691,0.2729302330162397,126.11707151675816,136.20643723809883,725658830,15.594719330634366,1.1967859158650265,7.304385681796078,8.2004699565384,0.0,0.0,0.0852701151761607,0.0,0.0,-4.459999999999949,-15.287060730591424,0.0,-0.2457420084112794,0.0,0.0,-24.010931010834742,0.0,-60.0,35040
-79.29897370942292,20.10328216713064,30.035186512255585,0.2736988360712891,-2.704886770454196,-2.936405444503676,7.964753195968277,0.7692141827444235,0.148853752200182,0.0,False,RUNWAY_EXCURSION,400,39.99999999999773,1,685609.8031899529,1326.6068658159502,4500.766956401809,217.2120604925936,dry,0.9793106534378272,3.190959835890093,-1.853583588301716,0.0,0.0,1.519499783917461,1010.3554740516234,0.9933287927098294,,,,,54.10934069394902,0.148853752200182,0.4855687579749101,124.78247110542053,134.76506879385417,1633503581,12.380651337788809,0.7362938061011549,5.9087312698043375,6.993107429201534,0.0,0.0,0.0446561256600546,0.0,0.0,-3.999999999999959,-17.961864617389878,0.0,-0.91315044913734,0.0,0.0,-22.487398611451567,0.0,-60.0,35440
-71.86561098857595,18.416202537523723,30.13013015914502,0.6917521237859695,-2.770930421830589,-2.818635390928052,7.36396642769286,0.7984802647094643,0.4042141629789171,0.0,False,RUNWAY_EXCURSION,448,44.79999999999746,1,717984.1843523511,1328.925820621256,4343.874871181526,128.42763148164295,dry,0.9746187088924032,2.850379887303194,2.230270063175116,0.0,0.0,1.6619776716559684,1010.8925003571744,0.9959042302110912,,,,,73.1277095393739,0.4042141629789171,1.2587099750802544,127.69206315577414,137.90742820823607,840995399,17.91820088470098,1.9069103980295947,7.191519444568013,9.246756420766877,0.0,0.0,0.1212642488936751,0.0,0.0,-4.479999999999949,-16.882457680509628,0.0,-0.5086700952438743,0.0,0.0,-26.37913460978153,0.0,-60.0,35888
-61.069629538540354,10.073911697814834,30.087331338106324,0.7244903917632612,-3.0004577155023298,-3.020290525385154,7.1183590694061305,0.8358608851023196,0.3102892729830202,0.0,False,RUNWAY_EXCURSION,357,35.69999999999798,1,760713.5130494803,1323.4189249574788,4713.440556930882,47.63976204664433,dry,0.9658639867816844,5.595596481790173,-0.3107736167297728,0.0,0.0,-2.693210077891959,1014.8270988248664,0.998233853596951,,,,,66.52512613849784,0.3102800891913233,-0.0353924696843144,130.1923642468566,140.60775338660514,704750836,13.127377039489614,2.598384369789373,5.581552745717175,7.774708578765704,0.0,0.0,0.0930840267573969,0.0,0.0,-3.569999999999968,-4.0255199768497,0.0,-0.2316792970571818,0.0,0.0,-22.4175370251527,0.0,-60.0,36245
-58.29273806975161,7.726364868409122,30.26865982462553,0.8122829640207166,-2.832647372082879,-2.8943862550636283,10.982848987489044,0.8443553188872512,0.3007042867473615,0.0,False,RUNWAY_EXCURSION,317,31.699999999998205,1,713823.601501185,1324.3995877473042,4653.819704425743,304.6718670890094,dry,0.9588077499666064,1.9309523465043488,-3.795132955227915,0.0,0.0,-2.3358822658258926,1010.079951361703,0.9906656943789802,,,,,65.72242403670818,0.3007042867473615,0.3862661048395743,126.49116767130302,136.61046108500727,1911849612,10.756477940636822,4.93733884426924,4.231112429914529,8.132586341355426,0.0,0.0,0.0902112860242084,0.0,0.0,-3.1699999999999764,-2.1026509292547093,0.0,-0.9167587250520984,0.0,0.0,-20.251055257645,0.0,-60.0,36562
-65.29621932200064,11.660048663389071,30.072439364954967,0.1793389424719432,-2.811685752326385,-2.954075515071405,5.261303350453683,0.8502892826357459,0.221759248475081,0.0,False,RUNWAY_EXCURSION,351,35.09999999999801,1,719961.9457782742,1326.870606985904,4346.406014083398,117.990157841093,dry,0.9601107447170614,3.4074232332981733,-2.732460030805322,0.0,0.0,2.655029988687888,1010.4890042821444,0.9962171010578154,,,,,61.80013868425722,0.221759248475081,1.6468727791691684,128.11226787427913,138.36124930422147,566779217,10.236724396853576,3.2785764615494424,4.340869588704874,8.283317593409546,0.0,0.0,0.0665277745425243,0.0,0.0,-3.509999999999969,-5.302312658471451,0.0,-0.179095173751987,0.0,0.0,-22.51082730483713,0.0,-60.0,36913
-59.48579382263543,7.42292629360849,30.585097254013604,0.7272621518601743,-2.7795426223219923,-2.8011681756997766,12.70668247373915,0.8447537451379474,0.3259609022940992,0.0,False,RUNWAY_EXCURSION,313,31.299999999998228,1,701367.0103986909,1325.1068451614165,4210.995974395411,127.89858407970527,dry,0.9689365571913368,4.804030676715858,-2.47631092336006,0.0,0.0,-2.879059687818798,1010.3179180481688,0.9958504978184728,,,,,66.87679449982812,0.3259609022940992,0.6674608238014912,125.24869040930344,135.26858564204773,487817217,10.665303125614416,4.552475930360206,3.8074307014971263,7.834134928421353,0.0,0.0,0.0977882706882297,0.0,0.0,-3.129999999999977,-1.9162498088875288,0.0,-1.368875581987765,0.0,0.0,-20.027801388341445,0.0,-60.0,37226
-56.79221061296202,7.931557234495782,30.11353529746116,0.8634572825083873,-2.5279249221206754,-2.5563613058299963,8.536831411245,0.8299255390437392,0.5759437053228567,0.0,False,RUNWAY_EXCURSION,303,30.299999999998285,1,718442.6591374314,1330.5540082475757,4736.139329947559,104.01688075209908,dry,0.9825877456291,2.816251826859083,-0.5307283937911174,0.0,0.0,0.0054984643691335,1015.254801889526,0.9965868100633803,,,,,80.76549796649762,0.5759437053228567,0.1573819921593866,127.09333394978192,137.2608006657645,1533673821,12.129572867673115,3.4755014860051032,3.512424175336934,8.781212693527568,0.0,0.0,0.172783111596857,0.0,0.0,-3.02999999999998,-2.11795653885744,0.0,-0.7350011154209879,0.0,0.0,-18.980747292823143,0.0,-60.0,37529
-57.776450681880405,8.206410397367492,30.399221691678523,0.7692668764715516,-2.411623677524719,-2.4297948203333206,8.950140015308667,0.8685592587760815,0.6276189415205451,0.0,False,RUNWAY_EXCURSION,283,28.2999999999984,1,674893.5186149541,1327.4742786494594,4386.224976845017,43.89071065672756,dry,0.9933808183820632,3.0671604476790595,3.374998863972152,0.0,0.0,0.5753653963704899,1012.2405811701526,0.9983171780562364,,,,,82.97577010599194,0.6276189415205451,0.4155889895512921,123.48636693085776,133.3652762853264,1338284201,11.550095295682327,3.1391165747234373,3.2739797689742787,8.333328839236106,0.0,0.0,0.1882856824561635,0.0,0.0,-2.829999999999984,-2.117631507292891,0.0,-0.6284475700903467,0.0,0.0,-18.68517776556946,0.0,-60.0,37812
-58.14091752252098,6.636987305321645,30.09689420679899,1.027946667228479,-2.428060030510184,-2.443850711912888,11.610245582485351,0.855471022537896,0.5398843217823526,0.0,False,RUNWAY_EXCURSION,381,38.09999999999784,1,684482.1006599938,1327.8412728271187,4328.563735683623,209.8072803261214,dry,0.9589153569659667,7.529903486153636,-0.9764330922205308,0.0,0.0,1.799170446729477,1015.905186514952,0.9935369520682336,,,,,78.39778378816942,0.5398843217823526,0.5909748789909486,124.39879729931327,134.35070108325837,104252791,14.660299258952772,5.178500663434251,4.890445670475757,8.416008298743455,0.0,0.0,0.1619652965347058,0.0,0.0,-3.8099999999999614,-1.8647664207856955,0.0,-0.9948849431107104,0.0,0.0,-24.77848534676545,0.0,-60.0,38193
-61.04161920978848,7.988532400760677,30.365866887391835,0.9004910177306262,-2.956558802960393,-2.970836957776693,10.705002841038226,0.8501132203903035,0.3574688076912622,0.0,False,RUNWAY_EXCURSION,385,38.49999999999782,1,766846.183609221,1326.1242611901157,4642.360388857939,80.06030045969781,dry,0.9825938632586608,5.576189265728536,1.2905222257499829,0.0,0.0,4.243407572555348,1011.514928719562,0.9973367287298888,,,,,69.62103092934802,0.3574688076912622,0.3117676113915024,132.51119099032746,143.11208626955366,180421576,14.305176384203424,3.779029637655136,4.541281664785897,8.888912879293306,0.0,0.0,0.1072406423073786,0.0,0.0,-3.849999999999962,-2.729934468714579,0.0,-1.1864871908132617,0.0,0.0,-24.896838758505723,0.0,-60.0,38578
-50.99488047154492,1.7735729927315755,2.006020847446259,0.007308122915631,-2.849724915021408,-90.0,3.4938758105797705,0.8968678488089802,0.0,0.0,False,FAILED_TO_ACCELERATE,301,30.099999999998296,1,724745.3517923239,1325.5079811599794,4516.88200112384,284.15515226880007,dry,0.9892532601547148,0.9553669003214916,-0.366013422047915,0.0,0.0,-2.5342357858461373,1011.5674944975476,0.99127347027943,,,,,4.785338237491595,-0.1820016838137235,-0.0442114953487027,127.31722403531214,137.50260195813712,809899613,0.8932681071059867,0.804040346221024,0.6008061343906205,0.6805117155169702,0.0,0.0,0.0,0.0,0.0,-3.00999999999998,-0.105201545480511,0.0,-0.0010713681917294,0.0,0.0,-20.857233861107247,0.0,-30.0,38879
-51.22850999833361,0.3891883752381161,1.2067444260050122,0.0139336006897793,-2.9497062190197854,-90.0,3.707151158517604,0.9158313202435524,0.0,0.0,False,FAILED_TO_ACCELERATE,301,30.099999999998296,1,737756.1060993817,1322.0276882333512,4736.259501629334,284.6040693892942,dry,0.9682344805955112,7.479890619595422,1.839128738996139,0.0,0.0,4.306090032124774,1012.2988067867363,0.9914694748859244,,,,,8.490475502602076,-0.1889101093363479,0.203485100289309,129.93709881298963,140.3320667180288,1788089690,0.7726364589218605,0.7698027815745143,0.4966949421986941,1.188298386266682,0.0,0.0,0.0,0.0,0.0,-3.00999999999998,-0.0050657494463962,0.0,-0.0017489258041203,0.0,0.0,-21.439127892044763,0.0,-30.0,39180
-50.33186181175868,9.209399600635717,30.222096353448777,1.3004306730675037,-1.2465208878702647,-1.2833953435584575,7.444293532388085,0.8168204208066807,1.6973732833225768,0.0,False,RUNWAY_EXCURSION,536,53.59999999999696,1,674173.6979305675,1324.1883212387995,4420.607175647359,472.5702043089848,dry,0.9918833330205608,3.301554197806208,1.26396924043422,0.0,0.0,3.6777069727112375,1014.5341741397316,0.986008277727122,,,,,119.83682374615476,1.676493464946077,-1.5416393150323238,123.94146086237296,133.8567777313628,860813095,30.59510050345424,3.270013341418648,6.70383870563037,12.375761562863504,0.0,0.0,0.5029480394838233,0.0,0.0,-5.35999999999993,-5.051087775360607,0.0,-0.4111921016879841,0.0,-0.1172518032983482,-32.83999228426225,0.0,-60.0,39716
-52.564864196672055,8.74179932885146,30.46813881160668,1.243165802242042,-2.279254993220995,-2.300212206929568,10.128646048357226,0.8377913693158557,0.9069226739215992,0.0,False,RUNWAY_EXCURSION,371,37.0999999999979,1,693355.6053491955,1324.7958616906194,4435.571218302177,468.75479490405706,dry,0.9680032425869578,7.870143243957923,-3.607847117427524,0.0,0.0,2.2794396245634854,1012.2991400688072,0.986076231744945,,,,,98.95068610540451,0.9069226739215992,2.726873087884396,125.5291786287602,135.571512919061,1690280743,19.09961029185314,4.147402230988638,5.068768936424779,9.931159014912785,0.0,0.0,0.2720768021764799,0.0,0.0,-3.709999999999965,-3.150163288076868,0.0,-0.883691178036401,0.0,0.0,-23.34002700691461,0.0,-60.0,40087
-41.96304233211117,8.088633119063033,30.08271983847721,1.4066170926664674,-1.7199138316261438,-1.7479734386646175,8.330790804648284,0.8338421090778448,1.463371552940032,0.0,False,RUNWAY_EXCURSION,392,39.19999999999778,1,676549.9427457388,1322.2676577017846,4234.09169789328,359.056565917069,dry,0.9599193897921224,1.3929792679042858,3.1619806864591387,0.0,0.0,-2.2414622550494974,1010.8993544486352,0.9890460249109758,,,,,120.29339554061954,1.463371552940032,4.252862569832772,123.1148160662012,132.9640013514973,679605935,25.787531228179127,5.637795497804937,6.552759417012528,11.43296237834823,0.0,0.0,0.4390114658820097,0.0,0.0,-3.91999999999996,-2.849665156449212,0.0,-0.4141761670346766,0.0,0.0,-24.629260995854107,0.0,-60.0,40479
-40.539174859338175,7.451545466409499,30.109229208019293,1.3142587913857964,-1.8854367257660385,-1.9365225493461729,7.648034457361112,0.8248638526636094,1.336130981367717,0.0,False,RUNWAY_EXCURSION,424,42.3999999999976,1,768728.1295637873,1326.2660840124213,4347.051147598442,427.5513885607824,dry,0.9997612011966788,2.989355738020233,2.8126528546149383,0.0,0.0,2.5001213240091635,1011.2028223629871,0.9872686345813644,,,,,115.83300337261126,1.336130981367717,4.4646985264242645,132.298003869353,142.88184417890125,514041964,25.065371698604075,6.735291768700275,7.704732926396358,12.888298660542684,0.0,0.0,0.400839294410315,0.0,0.0,-4.239999999999954,-2.615869405699824,0.0,-0.2586928052916439,0.0,0.0,-26.219146997000408,0.0,-60.0,40903
-40.753864472138176,8.580879200584963,30.71963072773086,1.5431459342370577,-1.6012591638739415,-1.6256902755427804,21.1067018354139,0.8361065794416026,1.2985796468306037,0.0,False,RUNWAY_EXCURSION,490,48.99999999999722,1,684618.0526627841,1327.158162262928,4466.763301995527,355.9277074910419,dry,0.9580411166959342,3.32156874462215,1.2132577361872712,0.0,0.0,1.1091389413557398,1015.8838791162964,0.9892551068992924,,,,,110.02471277711314,1.2023201091647024,1.4113697101257117,124.26432664400112,134.2054727755212,1700138881,32.98927015342417,7.592102805743375,9.596096807102908,11.545955496090231,0.0,0.0,0.3606960327494108,0.0,0.0,-4.89999999999994,-4.008825449885057,0.0,-2.8478471984508,0.0,-0.2729150277795786,-30.80839809113272,0.0,-60.0,41393
-49.96256799218553,8.579115260299341,30.055307568934523,1.0823942538768156,-2.0600477157064674,-2.095248640119625,10.606974614523972,0.7947886938132137,1.0218753763980395,0.0,False,RUNWAY_EXCURSION,339,33.89999999999808,1,671568.7487314468,1322.218023831713,4446.044223020414,7.118592996624429,dry,0.9968650060854354,4.9400712438164005,3.2624131074522267,0.0,0.0,-0.382698330971432,1011.4307664779088,0.99938530603722,,,,,99.83085867180966,1.0218753763980395,0.6960313338153057,123.02649987771424,132.8686198679314,1882235552,19.28383703905688,3.5748779486342945,4.550171468194925,9.268087623077882,0.0,0.0,0.306562612919412,0.0,0.0,-3.389999999999972,-2.7723125691312043,0.0,-0.7454174140307933,0.0,-0.02142721224844,-20.016947488658445,0.0,-60.0,41732
-51.28538316565376,9.42120009720237,30.22847926273306,1.3281643947192192,-2.595584574213037,-2.6315382060041985,11.749218690354196,0.7914743485680795,0.7140539102706498,0.0,False,RUNWAY_EXCURSION,380,37.99999999999785,1,733191.324440079,1325.4475801099147,4661.2662770960405,443.3118947676968,dry,0.9808643866004004,2.708404155876874,3.819667433833833,0.0,0.0,4.539592500417371,1015.851713482204,0.9869262525255892,,,,,91.15631447125268,0.7140539102706498,1.7483385157964548,129.35938053756098,139.70813098056587,170294837,20.565408688212283,4.49853552186036,5.110265161076383,9.400611401440242,0.0,0.0,0.2142161730811947,0.0,0.0,-3.799999999999963,-3.7476026981310953,0.0,-1.1789459586465785,0.0,-0.0192421260474074,-22.32862932849908,0.0,-60.0,42112
-53.67294621631271,9.857013478961584,30.08899403661604,1.7350072033845478,-2.173134100938987,-2.186987896751976,14.52029206426018,0.7686031277115285,0.7938155056933738,0.0,False,RUNWAY_EXCURSION,370,36.999999999997904,1,701421.6517591816,1330.96969673198,4412.967615614786,364.6303778827167,dry,0.9939505882284984,1.0442405690534962,-0.9073142630211536,0.0,0.0,-1.6554306649675503,1014.24831283179,0.9889149178743004,,,,,92.61863108774752,0.7938155056933738,2.350111723351045,125.27846432645006,135.30074147256607,125773896,19.80978986522614,3.3868916628275985,4.55341365869992,9.204800055137568,0.0,0.0,0.2381446517080122,0.0,0.0,-3.699999999999965,-3.994384938671028,0.0,-2.117199573427104,0.0,-0.0778324703630772,-20.9765691274507,0.0,-60.0,42482
-54.43250160128152,10.370575018125171,30.30049787375706,1.2471091063869069,-2.707090363358005,-2.711554151037148,12.424794269494164,0.7718888726364196,0.7118995140927495,0.0,False,RUNWAY_EXCURSION,490,48.99999999999722,1,743449.6032974814,1326.434349492181,4623.574208330857,375.349430270969,dry,0.9589814176221324,5.366618463660216,2.2055334176764863,0.0,0.0,4.475162092731593,1015.0160180226673,0.9888532881561608,,,,,89.99891585017347,0.7118995140927495,0.8169635991602142,130.3004572959729,140.72449387965074,1441526998,25.61044323288119,5.228556532208056,5.501045592950296,10.227441958818458,0.0,0.0,0.2135698542278251,0.0,0.0,-4.89999999999994,-5.855436093468365,0.0,-2.4847711690784213,0.0,-0.0157851893489136,-27.95756632047156,0.0,-60.0,42972
-49.58142098221675,15.0798682284773,30.48495044319969,1.4577833434317693,-2.359293753344882,-2.358033484608572,13.947878853190286,0.8978735051993971,1.0653632973094886,0.0,False,RUNWAY_EXCURSION,900,90.00000000002387,1,766092.4401683438,1329.188942512065,4715.487291266472,459.6190570435445,dry,0.9622971655168456,4.639809988343425,1.7726643886956204,0.0,0.0,2.561723218216512,1011.257031767495,0.9863661127139842,,,,,103.39062483031384,1.03602167283276,1.06832326361344,132.08146308880336,142.64798013590763,721805890,70.60442525964072,2.172427579147953,19.94464798030575,13.24247614599076,0.0,0.0,0.3108065018498279,0.0,0.0,-8.999999999999853,-22.740242578823946,0.0,-1.5482395267763036,0.0,-0.4019366765085689,-62.16578566704249,0.0,-60.0,43872
-64.98296959646768,13.443382302585894,30.18185291060181,0.534303720101495,-2.102701666849306,-2.123255090533472,5.179186039760187,0.8685193776691569,1.1384612350650087,0.0,False,RUNWAY_EXCURSION,607,60.70000000000056,1,681067.9437877499,1330.9233305554385,4719.63678656845,74.00679308879576,dry,0.9917402604375702,6.63237648751956,-3.934472145043044,0.0,0.0,-0.9353757648203392,1015.428410631682,0.9974231611808964,,,,,110.99704448095127,1.1384612350650087,4.25006912154867,123.53062151092502,133.41307123179902,1231901275,28.12096510518777,1.9632784249086663,9.529197626773032,13.48768435460718,0.0,0.0,0.3415383705195024,0.0,0.0,-6.069999999999915,-12.188865370469124,0.0,-0.0986368972867251,0.0,0.0,-40.06813121070776,0.0,-60.0,44479
-45.91641694198923,1.2169242334061754,3.253575344873474,0.024862641512301,-2.852458070490989,-90.0,4.162683284472876,0.8189709857188718,0.0,0.0,False,FAILED_TO_ACCELERATE,301,30.099999999998296,1,732642.38553523,1326.8501536231245,4460.368519099116,355.8355264290122,dry,0.9964057592135532,6.568689008614532,1.5498108793920171,0.0,0.0,-0.0511360720825013,1011.431175738296,0.9892710882884806,,,,,12.088510100779695,-0.1678733020042955,0.1638460000071173,128.5728918792673,138.8587232296087,322722697,1.5464064752245426,1.4116893696598027,0.9906027402940718,1.666890132493008,0.0,0.0,0.0,0.0,0.0,-3.00999999999998,-0.0495280312828015,0.0,-0.0075519289687296,0.0,0.0,-18.464925699409115,0.0,-30.0,44780
-48.35713606005797,1.6452255729158258,2.35764907092222,0.004903136847267,-2.9166286871786724,-90.0,3.20091485913711,0.7437459772673423,0.0,0.0,False,FAILED_TO_ACCELERATE,301,30.099999999998296,1,762522.2014544371,1328.7177007521311,4685.060420799664,175.42408355426664,dry,0.987727260254208,3.058219881933537,3.426041431995227,0.0,0.0,-0.0261426590443134,1011.6627894332933,0.9945193350768384,,,,,3.2897883625421542,-0.187098237184216,0.0160103694950641,131.15919901565667,141.6519349369092,1846923786,0.4531152948130059,0.4004242593471595,0.2955972852466939,0.4519883153122583,0.0,0.0,0.0,0.0,0.0,-3.00999999999998,-0.0905263247687375,0.0,-6.395869277658313e-05,0.0,0.0,-16.857670931315578,0.0,-30.0,45081
-51.32856996338853,2.165748343803549,2.53729712081424,0.0035253465074994,-2.833565096567049,-90.0,1.6568060375086784,0.8524913738006242,0.0,0.0,False,FAILED_TO_ACCELERATE,301,30.099999999998296,1,739758.8722707608,1329.27358821149,4703.577696008215,193.53638504890856,dry,0.9700340799513126,4.413725774400499,1.0384402301711844,0.0,0.0,1.1329180045057043,1012.4147754942312,0.9940202863543556,,,,,2.5632352372022504,-0.1801118086093254,0.0214942483434199,129.39814064025242,139.74999189147263,967096425,0.4540666880366673,0.3736343397989041,0.3249680549278065,0.3775616655642526,0.0,0.0,0.0,0.0,0.0,-3.00999999999998,-0.1568700258327814,0.0,0.0,0.0,0.0,-19.69193068588336,0.0,-30.0,45382
-49.030015522754255,1.613338427274694,2.188708180399209,0.0078946878535972,-2.9488885683402666,-90.0,1.3327734734114345,0.8254303351325188,0.0,0.0,False,FAILED_TO_ACCELERATE,301,30.099999999998296,1,742248.9379729467,1323.0135851521754,4610.844479606427,243.29790536580435,dry,0.9766730127019616,2.573119407348429,0.976004612429203,0.0,0.0,2.071944801586405,1015.758900380407,0.9925929915592288,,,,,6.571617622910202,-0.1862843344000566,0.0206434106658437,129.61205172067153,139.98101585832526,1921983830,0.7036327444420105,0.6209598267133544,0.5045853340299278,0.908677340708846,0.0,0.0,0.0,0.0,0.0,-3.00999999999998,-0.0870512361285862,0.0,0.0,0.0,0.0,-18.67081953251977,0.0,-30.0,45683
-62.39336917987095,13.312027670695354,30.131277615404287,0.6499228087422988,-2.103823964884255,-2.126492620022902,3.625171218840297,0.8312699082568369,1.7441797107119896,0.0,False,RUNWAY_EXCURSION,839,83.90000000001902,1,749275.8740715496,1321.9995723021063,4718.725478169605,423.8919947640924,dry,0.9634219129105506,0.5502834713396085,1.51299793697735,0.0,0.0,2.844640907933784,1015.8229612941456,0.9873722589613348,,,,,134.2427782503879,1.7441797107119896,5.555677427497798,130.39326033758752,140.82472116459454,1710093347,41.885832925307945,3.367392952772604,13.62201147507363,15.570495097332492,0.0,0.0,0.5232539132135975,0.0,0.0,-8.389999999999866,-16.519917523532914,0.0,-0.0039786534813244,0.0,-3.205506232099959e-08,-52.44845933450184,0.0,-60.0,46522
-40.24243398320033,12.196515622965062,30.12998524714404,0.8530123311995497,-2.0753098249353243,-2.087274658252493,4.256918705703296,0.8364640098701469,1.5095060954362791,0.0,False,RUNWAY_EXCURSION,603,60.30000000000024,1,758059.2634335833,1330.3010182941723,4459.599609983051,428.3094616156562,dry,0.9965395774156742,2.535071218514512,-1.7591399564797388,0.0,0.0,4.865849604717316,1015.0924365671297,0.987339449923801,,,,,121.18828239855124,1.5095060954362791,0.9231950841687108,131.6573553807081,142.18994381116477,1514711733,41.827647791993584,3.899881946028551,12.248429783650964,15.392872081630134,0.0,0.0,0.4528518286308842,0.0,0.0,-6.029999999999916,-9.966584553862472,0.0,-0.016287345775178,0.0,-3.793263382098409e-05,-38.05120758286277,0.0,-60.0,47125
-93.67023357349376,30.390611536697783,174.41295773326308,60.18061364661154,31.78761443596872,14.13262515165344,67.47277340152745,0.7732847545155644,705.9635947854777,0.0,False,LOSS_OF_CONTROL,823,82.30000000001775,1,671726.8354261024,1328.8096878020394,4685.938387885984,25.9069180368845,dry,0.9534597610359292,1.594348425974351,-0.1206175340701416,0.0,0.0,4.252660701784002,1011.2620743637026,0.9791139951593966,67.20000000000573,2820.707713888788,71.60000000000923,,87.42968633412164,691.2232516511081,-1528.5247065394972,124.03833745850066,133.9614044551807,495300371,73.43148248387665,3.004491785339827,15.713289024554896,16.153596987034533,3.3636287318527525,11.625019417566186,30.0,0.0,0.0,-8.229999999999869,-41.96318196376704,-38.59557431652453,-15.59636886481622,-3.96482543850075,-10.537959130550034,-48.07383228955991,0.0,-80.0,47948
-42.28139115005165,9.592234192302124,30.459911436323697,2.081583306795306,-1.990871130676067,-2.1815620748440603,18.14998913675441,0.8668955590413966,1.44930762658322,0.0,False,RUNWAY_EXCURSION,575,57.49999999999801,1,767729.1161748974,1331.5754476942832,4318.472145370864,398.0943665078766,dry,0.9926649778204408,2.470093534790104,-1.263695726265992,0.0,0.0,3.824080180268849,1012.0733072059002,0.9881674533362068,,,,,123.6987199024222,1.44930762658322,4.270652421399834,132.455792997783,143.05225643760565,1647140547,42.89389080410355,2.303999733100389,11.397506824541892,14.924356233123168,0.0,0.0,0.4347922879749659,0.0,0.0,-5.749999999999922,-5.878477795553634,0.0,-2.5129728018463564,0.0,-2.110902927071591,-37.98358350842386,0.0,-60.0,48523
-45.1310474219534,8.77924813266593,30.16782264896817,1.3697377102801047,-2.0340206056053534,-2.033992253389395,11.85497645601954,0.8818850148883134,1.3180619169082206,0.0,False,RUNWAY_EXCURSION,480,47.99999999999728,1,703639.7506094616,1329.2988094589516,4548.85605738813,24.597162144725903,dry,0.9691052580471526,1.908215488256048,-3.684307267237143,0.0,0.0,-1.358538508610854,1014.1781289313914,0.9988679513122188,,,,,114.4305608791331,1.3180619169082206,1.8800296350607584,125.54573351894771,135.58939220046355,111714892,32.692951244893706,3.2639012882779195,8.69976021955058,12.5334200000391,0.0,0.0,0.3954185750724659,0.0,0.0,-4.799999999999942,-4.1106772146623,0.0,-0.9628114970073232,0.0,-0.43351141542216,-32.409498622695274,0.0,-60.0,49003
-40.339630280132766,9.675568127182103,30.71500455759453,2.415434478799121,-1.748555416785846,-1.884820207778949,16.76022590734457,0.8004654981962452,1.6618122831735036,0.0,False,RUNWAY_EXCURSION,486,48.599999999997245,1,718368.6091173945,1330.8694848160842,4592.47200393504,132.6499871754142,dry,0.9745021260677336,3.295839760627807,2.655810735629805,0.0,0.0,-1.6892244664178957,1012.3569417065124,0.9956907203873954,,,,,129.61981311614875,1.6074800561468976,5.80474526977552,126.8937434500729,137.04524292607874,1224268756,37.46767851824072,4.607396431169467,7.501861677789972,13.37032708752914,0.0,0.0,0.4822440168440692,0.0,0.0,-4.859999999999941,-5.055297403522081,0.0,-2.753264742090185,0.0,-1.8032667077351088,-29.297309158358672,0.0,-60.0,49489
-63.73750211425602,13.85144592465876,30.25426728411186,1.7317772557833753,-2.946898912594812,-2.9646426965673336,16.289337555682625,0.7405556323464044,0.5587399340909656,0.0,False,RUNWAY_EXCURSION,334,33.39999999999811,1,763292.3276440932,1325.1256797595838,4205.474436651497,411.9892525764352,dry,0.9982199193293048,5.078085127491985,-1.382984064811815,0.0,0.0,4.524409096258328,1013.9343430778524,0.9878293123595934,,,,,86.09570810480328,0.5587399340909656,2.71663096892878,132.10939209111723,142.67814345840662,868768460,16.313945727614836,2.302942306982956,2.248625369265303,8.517206876736186,0.0,0.0,0.1676219802272895,0.0,0.0,-3.3399999999999728,-7.120232567116784,0.0,-4.336261711593246,0.0,-0.0015411916081366,-18.48980890476441,0.0,-60.0,49823
-60.89006524991603,14.6129727804494,30.781201933072825,2.417062917696013,-2.3958961005370587,-2.5918731477001464,22.518033678974845,0.7086444516295832,0.8798055525922592,0.0,False,RUNWAY_EXCURSION,321,32.09999999999818,1,691900.0653077314,1326.275966021995,4546.605955057403,31.76723166004436,dry,0.978429481766764,7.598172920525497,3.99525531769657,0.0,0.0,0.6174601512303228,1013.042937631444,0.9986724241464948,,,,,102.24060335095426,0.8798055525922592,3.5011988547110384,124.99213113156164,134.9915016220866,2140277469,17.775406545552492,2.675220256105708,2.4593962395277047,9.21090185374148,0.0,0.0,0.2639416657776776,0.0,0.0,-3.2099999999999755,-7.616223387530193,0.0,-4.866601265680601,0.0,-0.8017896178480586,-16.780317539562237,0.0,-60.0,50144
-62.28566531112207,10.726666751330177,30.14895222882452,0.4840357440157404,-2.815461776501217,-2.9489697136199324,10.885371605829588,0.6491131208809127,0.1989800263036159,0.0,False,RUNWAY_EXCURSION,178,17.799999999998988,1,719700.9183967705,1326.6200143794863,4251.864165393989,452.0152960949606,dry,0.9511744928329404,0.3174454291636044,-0.1965178759334001,0.0,0.0,-1.6491784065746184,1014.8596256110106,0.9863886929986372,,,,,59.42548002763473,0.1989800263036159,1.1689080605619218,126.86352192031995,137.01260367394556,426303516,4.521607302895419,1.3962715803990469,0.6557217628025788,4.997910623552766,0.0,0.0,0.0596940078910847,0.0,0.0,-1.7800000000000014,-2.275658396416493,0.0,-1.3738850394991495,0.0,0.0,-8.487327152747323,0.0,-60.0,50322
-62.72811151636112,11.18065106202667,30.344439119492485,0.4232489298599294,-2.702161744322516,-2.82783608431038,11.210633887174508,0.600997289198155,0.1698046245315083,0.0,False,RUNWAY_EXCURSION,169,16.89999999999904,1,702675.7912875797,1330.1380218603688,4779.92838838452,241.83944192984475,dry,0.9663174309139206,6.395764059644156,1.4302916701461603,0.0,0.0,3.4951330182144016,1015.3352664458066,0.99266835376417,,,,,55.79228103058995,0.1698046245315083,0.9637942409507616,126.4447825740782,136.56036518000445,2032646511,3.982734689652461,0.8905528204151283,0.4924084557904749,4.603826189125641,0.0,0.0,0.0509413873594525,0.0,0.0,-1.6900000000000013,-2.347352881207208,0.0,-1.4500601209309418,0.0,0.0,-7.261162056566121,0.0,-60.0,50491
-52.2882855928517,15.450893993435022,30.222992135084453,1.397600372663732,-1.8694773583628623,-1.9020096254295449,11.108871368800797,0.7892528460261138,1.5634202087884148,0.0,False,RUNWAY_EXCURSION,466,46.59999999999736,1,693594.3757949081,1322.738904133423,4260.131934561984,227.9527155211208,dry,0.9731943154726465,0.6084833265741629,-2.0344103985703765,0.0,0.0,1.049735748763312,1014.7861854763744,0.9929643620027055,,,,,123.42743160173843,1.5634202087884148,1.6024196740929677,125.13109393373225,135.14158144843083,194890680,34.07297033938108,2.610476099853712,5.219529620899299,12.026580708973652,0.0,0.0,0.4690260626365244,0.0,0.0,-4.659999999999945,-12.360915371278509,0.0,-1.943696163826164,0.0,-0.189166560198869,-27.53309032929232,0.0,-60.0,50957
-62.87769167944746,12.24486037203251,30.053560227522144,0.8220817085065129,-2.6653109773170374,-2.7193927323839784,10.366802920630526,0.7183341657650385,0.2450167192878893,0.0,False,RUNWAY_EXCURSION,188,18.79999999999893,1,672538.2998597483,1326.571692600306,4201.3380350389625,129.8709062421432,dry,0.9705760285383254,1.9224606802164708,-2.750305545630629,0.0,0.0,0.4933479174575739,1013.6842871105528,0.9958222893405068,,,,,65.65725064576368,0.2450167192878893,2.9648855110801087,123.16539877286228,133.01863067469128,1338252684,5.188655505636533,1.3597119725753477,0.8947969862968606,5.7453588088622,0.0,0.0,0.0735050157863668,0.0,0.0,-1.8800000000000008,-3.1320090933052853,0.0,-1.184884009748424,0.0,0.0,-9.942826865551051,0.0,-60.0,51145
-41.90938565428832,12.815334533648798,30.12047827050665,1.0852928634063497,-1.596973857483382,-1.6114117804381896,9.610345029920651,0.8433925798808705,1.704452476792028,0.0,False,RUNWAY_EXCURSION,596,59.59999999999968,1,674955.234081462,1322.086384500198,4293.626545945766,316.0475125113294,dry,0.9539519876787632,0.3701220563628684,1.0792021074118088,0.0,0.0,1.8253037807124004,1013.292549632298,0.9904280356391558,,,,,127.38949396888178,1.704452476792028,3.284281134731639,123.6947745195564,133.59035648112092,1246254308,48.67328963920837,1.8646766786050504,10.13410448066112,13.336103262257732,0.0,0.0,0.5113357430376086,0.0,0.0,-5.959999999999917,-10.875860925417944,0.0,-1.515103997608541,0.0,-0.1030653061139912,-37.97486522891753,0.0,-60.0,51741
-62.91087025534603,14.711697651714022,30.747828424017136,1.973004987531448,-2.318039385858134,-2.41631582536072,20.997175230821675,0.8072842632264726,0.8782863401934833,0.0,False,RUNWAY_EXCURSION,373,37.29999999999789,1,715308.1549103926,1329.856790738227,4599.868906908398,260.582729872588,dry,0.9579268974150046,5.462396586616928,1.441380550990158,0.0,0.0,3.36136660551952,1014.9632188302172,0.9921002877041644,,,,,98.01753751892906,0.8782863401934833,1.3373155254354252,127.57041547683478,137.77604871498158,1930469648,21.523184944240192,2.622404804966296,3.7422764210172303,9.474570438153254,0.0,0.0,0.2634859020580453,0.0,0.0,-3.729999999999965,-8.969988869744688,0.0,-4.334889409631838,0.0,-1.0573731721214985,-22.44454131428296,0.0,-60.0,52114
-68.4747749911548,9.139592717831947,30.591287611258625,0.7034777574204414,-2.63343788461824,-2.703144853788196,14.939998222134957,0.856244859241304,0.3494871249896789,0.0,False,RUNWAY_EXCURSION,350,34.99999999999802,1,681378.5949812708,1330.3969436380462,4786.537867731013,95.44255274361493,dry,0.9716279145430866,1.585686525675697,3.1450606539518624,0.0,0.0,-2.683745486916667,1015.5796301607576,0.9968000315758624,,,,,72.28078049056533,0.3494871249896789,3.094680287542157,123.17297415145056,133.0268120835666,641445060,12.918040169485858,2.5427185412147644,2.594374897105788,6.684661052323131,0.0,0.0,0.1048461374969036,0.0,0.0,-3.4999999999999694,-3.2484726963051536,0.0,-3.923481166064628,0.0,0.0,-22.64746192641138,0.0,-60.0,52464
-47.68859416384787,0.9399821092906648,0.9761418242928108,0.0002718869326781,-2.7147119785536424,-90.0,0.636659296292949,0.7015120519092051,0.0,0.0,False,FAILED_TO_ACCELERATE,301,30.099999999998296,1,689223.8502361892,1326.7727463984916,4450.88386072821,340.41884935887015,dry,0.9849012730308224,7.29513142990861,-1.1300601209391,0.0,0.0,-0.1241161630660911,1011.559258226642,0.9897052616920216,,,,,0.2778120477463937,-0.1726320894263722,0.0090815025836389,124.68121631034889,134.65571361517678,1937191049,0.0486605550129206,0.047098420299819,0.03630679393526,0.0814496884040801,0.0,0.0,0.0,0.0,0.0,-3.00999999999998,-0.0295503862335272,0.0,0.0,0.0,0.0,-14.8625592352664,0.0,-30.0,52765
-49.5036428628968,1.3666119662097858,1.3707674596046733,0.0001058462135615,-2.889208544768118,-90.0,0.7757035645057946,0.7476657804262604,0.0,0.0,False,FAILED_TO_ACCELERATE,301,30.099999999998296,1,735890.0857264614,1325.1370384526413,4380.984416676861,325.4559897860916,dry,0.9784755924654052,7.708046923510358,-3.0878524590856435,0.0,0.0,-2.495429835945564,1011.3197870922528,0.9900820528323878,,,,,3.8175166536218734e-05,-0.1855345028258739,0.0033020314500218,128.31682325589557,138.58216911636725,1443098010,0.0050923837415568,0.004720161146257,0.0037286361285613,0.0347372814808606,0.0,0.0,0.0,0.0,0.0,-3.00999999999998,-0.0624617897913911,0.0,0.0,0.0,0.0,-16.479459535602636,0.0,-30.0,53066
-46.72087057917504,0.2703186677457861,0.2721252308988711,0.0002013899818402,-2.910818163091104,-90.0,0.0686473025051403,0.6530625838311943,0.0,0.0,False,FAILED_TO_ACCELERATE,301,30.099999999998296,1,735959.7040553964,1323.9227691507176,4667.84643531637,495.8048936920418,dry,0.9646940179067156,1.7131196342890531,1.97127018199413,0.0,0.0,-1.3211316355289568,1015.094979439286,0.985157542222061,,,,,0.0,-0.1878166322083529,7.467970365360115e-05,128.34705118975936,138.6148152849401,1912112502,0.0067183703913428,0.0066905337461608,0.0050320602241373,0.042562835977513,0.0,0.0,0.0,0.0,0.0,-3.00999999999998,-0.0024438585357432,0.0,0.0,0.0,0.0,-13.769430520978432,0.0,-30.0,53367
-46.70675889083117,1.9405325211417264,1.940716006883464,0.0001874496317572,-2.79502127212268,-90.0,0.8044370180445473,0.6515672765630952,0.0,0.0,False,FAILED_TO_ACCELERATE,301,30.099999999998296,1,715989.1201124168,1327.0621765235785,4723.341296367686,189.14417696464807,dry,0.977210298168254,3.519146309335211,-3.8354887599446656,0.0,0.0,1.047495447947174,1011.6930613938542,0.9941399105437956,,,,,0.0,-0.1779679488789156,-6.251244214018762e-05,127.32886760782756,137.51517701645378,428456152,0.0062307854726189,0.0053519165427284,0.00455294326535,0.0349524034798655,0.0,0.0,0.0,0.0,0.0,-3.00999999999998,-0.1259406229053565,0.0,0.0,0.0,0.0,-13.621906316686344,0.0,-30.0,53668
-48.4353533362328,1.4269056107739688,1.4343915000341323,0.0011941242247423,-2.7836889767109603,-90.0,0.7719974859905223,0.7257007171677324,0.0,0.0,False,FAILED_TO_ACCELERATE,301,30.099999999998296,1,734151.048170937,1331.3162925178124,4536.804768070361,244.6487492576087,dry,0.9695357414827216,0.5478740218229845,-1.7495320437296265,0.0,0.0,-2.395205683742057,1013.475703521357,0.9924341303995152,,,,,0.2037508490439335,-0.177946653751519,-0.00255063816139,128.05118173920624,138.29527627834275,1628312689,0.0959569821265972,0.08856032096113,0.0713150106438958,0.1427265519985819,0.0,0.0,0.0,0.0,0.0,-3.00999999999998,-0.0680948829155032,0.0,0.0,0.0,0.0,-15.75581731904744,0.0,-30.0,53969
-49.65131539830298,1.68274733633283,1.6878679611346052,0.0001254924247106,-2.714813679632363,-90.0,0.4310716398062416,0.7553021041459814,0.0,0.0,False,FAILED_TO_ACCELERATE,301,30.099999999998296,1,686660.0367806989,1326.1551170296093,4401.080430614576,111.5872150476488,dry,0.9533911794723946,6.524676713638945,-2.184759996243079,0.0,0.0,3.427226704541212,1011.1795192714068,0.9964208909878464,,,,,2.204044267604468e-05,-0.1712748719941998,-0.0010061021688064,125.23748613185182,135.25648502239997,2023172498,0.0076057917540952,0.0067835085236468,0.0056612326418656,0.0283299383601384,0.0,0.0,0.0,0.0,0.0,-3.00999999999998,-0.0947025797753893,0.0,0.0,0.0,0.0,-16.594993289807324,0.0,-30.0,54270
-50.03294219093827,1.4599506308160586,1.4615033885325357,6.167370871679393e-05,-2.640480190875572,-90.0,0.3759134116206685,0.7705039695845886,0.0,0.0,False,FAILED_TO_ACCELERATE,301,30.099999999998296,1,675965.656271678,1328.8086631145484,4335.88693141812,167.67394551996594,dry,0.9959174119564652,6.66646714358339,-2.688707827440107,0.0,0.0,-0.3522195114882436,1011.091867122786,0.994728472934442,,,,,0.0005225026178939,-0.1650867912147475,-0.0026094492568916,123.45580466547554,133.3322690387136,104360713,0.0073945631767752,0.0067830403754435,0.0055124144148284,0.0242630174441319,0.0,0.0,0.0,0.0,0.0,-3.00999999999998,-0.0712853565744981,0.0,0.0,0.0,0.0,-16.99560986977495,0.0,-30.0,54571
-50.37361011913864,1.9637711195896304,1.96775968786842,0.0002170179740639,-2.8238707857157497,-90.0,0.6774215886694918,0.7843352484610653,0.0,0.0,False,FAILED_TO_ACCELERATE,301,30.099999999998296,1,720207.7036337776,1326.1383235537428,4251.765835406008,267.88448069869605,dry,0.9882515294529256,4.925171630134743,3.8406515060869832,0.0,0.0,1.8221395781950056,1015.3304858214068,0.9918780990562112,,,,,0.0001227159912726,-0.1811004355305954,-0.0067230643192905,127.645083509364,137.85669019011314,784068115,0.0112078851650844,0.0096065763968404,0.0082664208268475,0.0462752869900487,0.0,0.0,0.0,0.0,0.0,-3.00999999999998,-0.1289750555611586,0.0,0.0,0.0,0.0,-17.309991232956303,0.0,-30.0,54872
-52.56039229315074,0.2255065764454612,0.2356807547265783,0.000210541068191,-2.781526055090008,-90.0,0.8799963120803821,0.8611031770376137,0.0,0.0,False,FAILED_TO_ACCELERATE,301,30.099999999998296,1,712019.6147528193,1327.0542562722617,4668.348132919142,51.37926406168519,dry,0.9582285376261186,6.750021821942466,1.8551582790473096,0.0,0.0,-1.3373748529255094,1014.7272288571438,0.9981351288608904,,,,,0.0004843885607143,-0.1768284903202044,-0.005246575237583,126.26158627017612,136.36251317179023,1366900981,0.0148864940431236,0.0148528971947824,0.0108532866401969,0.0531615027495556,0.0,0.0,0.0,0.0,0.0,-3.00999999999998,-0.0017007575580073,0.0,0.0,0.0,0.0,-19.642445716220365,0.0,-30.0,55173
-52.35227439440908,0.9095003467866288,0.9448336080398876,0.0003802544619354,-2.773471891474021,-90.0,0.9164119510094376,0.8576509344617396,0.0,0.0,False,FAILED_TO_ACCELERATE,301,30.099999999998296,1,730759.5514215514,1331.2211168237004,4398.454397252534,437.1137450008835,dry,0.9927807770961694,1.3764515278081468,-3.904237592690313,0.0,0.0,1.7824086392723917,1015.2870653356232,0.986995932947431,,,,,0.4684588790820375,-0.1757903435675416,-0.004638884429374,128.5706952985302,138.85635092241264,226549387,0.0460872720106516,0.0448218672664078,0.0339504621944191,0.1250552930773122,0.0,0.0,0.0,0.0,0.0,-3.00999999999998,-0.0276649394580338,0.0,0.0,0.0,0.0,-19.564524349499788,0.0,-30.0,55474
-48.42264966559296,2.5495836025874032,5.275232311443633,0.0170016689413821,-2.8550980580822154,-90.0,4.290373490518106,0.8704739308370443,0.0,0.0,False,FAILED_TO_ACCELERATE,301,30.099999999998296,1,729062.3334466949,1326.0171456124128,4777.4028313016,387.0044048814056,dry,0.9556465489219512,1.2191045753983758,-1.5349141738115142,0.0,0.0,2.842983429934921,1012.6888974389508,0.9884779979668912,,,,,10.41972969678317,-0.1697327155359858,0.0252145961370775,128.8209068495657,139.12657939753095,1095352898,1.4598370721944112,1.012430865904685,0.8122949673593469,1.4433864737291353,0.0,0.0,0.0,0.0,0.0,-3.00999999999998,-0.2174014822801501,0.0,-0.0231593340101874,0.0,0.0,-19.900038228490164,0.0,-30.0,55775
-63.84114667111786,5.7111258475427,30.0434231470628,1.162815917155732,-2.3201927799291915,-2.357980104078292,12.867149667059325,0.8765968956750004,0.6513825034463423,0.0,False,RUNWAY_EXCURSION,1023,102.30000000003366,1,692549.5176148128,1322.1861446999926,4380.578346528473,241.3689857285964,dry,0.9505443635596964,0.1518327738096951,3.8702357407483903,0.0,0.0,2.203069651834528,1010.3335132874704,0.99263161757865,,,,,92.2849501944672,0.6513825034463423,6.720050768765304,125.5616557950507,135.60658825865477,1350999467,37.06952863709065,14.366588633645817,16.651336304283696,11.629046954939009,0.0,0.0,0.1954147510339027,0.0,0.0,-10.229999999999826,-3.7074609434154566,0.0,-1.3207718508696604,0.0,0.0,-68.49482915782555,0.0,-60.0,56798
-64.9627320251506,6.763401837214387,30.75358185120314,0.6234523896253361,-2.8052793620932426,-2.8395000596724573,14.229611248440804,0.8725235503525272,0.4393104239484273,0.0,False,RUNWAY_EXCURSION,447,44.699999999997466,1,750035.0851177617,1322.156029365502,4571.934464335856,289.06796004617905,dry,0.9588216685250116,0.6241675745957487,1.4428355392750842,0.0,0.0,-0.1240085932325421,1010.6473194672606,0.9912004954461302,,,,,82.81997219561408,0.4393104239484273,5.3314250598907975,130.12405923661302,140.53398397554207,1640650566,13.958192161494706,4.217489272954372,5.860606995203238,9.343707134875784,0.0,0.0,0.1317931271845282,0.0,0.0,-4.469999999999949,-2.2719323524445345,0.0,-1.9839708914271603,0.0,0.0,-29.748617472991423,0.0,-60.0,57245
-62.019565471650445,7.604022137093051,30.87107192521749,0.6723899826721594,-2.5145504199775512,-2.5531555631600864,15.64406590848734,0.8389169690371661,0.543481977074407,0.0,False,RUNWAY_EXCURSION,288,28.79999999999837,1,709491.643695062,1322.9622590951744,4560.190143933905,354.2670073346601,dry,0.9681487815296848,6.162903868201232,-1.1552325640862715,0.0,0.0,-0.0535964494588112,1010.6458112095108,0.9892983574780944,,,,,88.49532112402673,0.543481977074407,6.383641883865376,126.5738114009328,136.69971631300743,1991049240,9.355253996842738,2.509927479517004,2.2894787202486526,9.039824314878706,0.0,0.0,0.163044593122322,0.0,0.0,-2.8799999999999826,-1.850276885164838,0.0,-2.4275833077818656,0.0,0.0,-18.21923438331316,0.0,-60.0,57533
-63.63039798427147,8.350741124840502,30.977975384149,0.5627846778312326,-2.5753156508556128,-2.599065266397544,14.071888759965068,0.8803869181623064,0.507091419845608,0.0,False,RUNWAY_EXCURSION,320,31.999999999998188,1,680243.8445559035,1323.4456747574372,4474.514109747011,258.07045995123804,dry,0.9747425027705984,4.405017955441189,-2.7472292313141806,0.0,0.0,4.2337806674143845,1012.3687944669276,0.99219665872738,,,,,82.65202404923025,0.507091419845608,3.740006855828746,124.74994455477294,134.72994011915478,880091737,11.022725200853596,2.134392435417536,3.933772290057395,8.593366439556457,0.0,0.0,0.1521274259536824,0.0,0.0,-3.199999999999976,-2.479462305212529,0.0,-2.2533789374771898,0.0,0.0,-21.53394053342036,0.0,-60.0,57853
-65.28651301227274,8.576790821729245,30.003255816137155,0.4997706124770799,-2.9271194154962106,-2.9429576502310657,14.265166028334416,0.8730368862403799,0.4144536542305843,0.0,False,RUNWAY_EXCURSION,341,34.09999999999807,1,755765.6115677211,1325.3466058456447,4697.080363385489,211.2894027757185,dry,0.9822228085960564,5.15061630394638,-0.3312215494521218,0.0,0.0,-0.9935881092655938,1015.4783968599012,0.9934449332568472,,,,,76.89858770852622,0.4144536542305843,2.2370059212695814,130.11227345105476,140.52125532713916,945702738,11.272091422027607,2.130365068257296,3.88952509962316,8.67457828141466,0.0,0.0,0.1243360962691753,0.0,0.0,-3.409999999999972,-2.7871574680774858,0.0,-2.4319414892588305,0.0,0.0,-22.74831002252825,0.0,-60.0,58194
-61.03065060107681,7.870671124147849,30.632706679681803,0.3622320718146685,-2.7143030195788582,-2.7478189069687806,10.326385719832093,0.8742013905246587,0.5830881855194434,0.0,False,RUNWAY_EXCURSION,429,42.89999999999757,1,745977.5949635349,1330.546086236995,4444.755774097718,455.0041441587811,dry,0.999748531322343,1.034735424283327,-1.123076155129826,0.0,0.0,0.4835915835609645,1013.9941970622972,0.986411338977306,,,,,85.24642416242442,0.5830881855194434,1.7109173108557665,129.69384954453943,140.0693575081026,1018360727,15.726762250409044,3.6022526126998824,5.927565239786016,10.559773400078807,0.0,0.0,0.174926455655833,0.0,0.0,-4.289999999999953,-2.952829114687584,0.0,-1.1208028601178293,0.0,0.0,-28.65829858490087,0.0,-60.0,58623
-62.99403010867183,11.31576455430956,31.13349842896579,2.9878959859322016,-2.3623157145191924,-2.3938922638256472,19.784827829336777,0.8231393481724534,0.8328865788300277,0.0,False,RUNWAY_EXCURSION,508,50.79999999999712,1,767784.0119575384,1331.827438183194,4473.2862582578255,235.56992156740213,dry,0.9925606854345792,3.814841491861512,-0.0860899298519068,0.0,0.0,2.360936305899866,1014.794123312138,0.9928012130467802,,,,,91.30316355899522,0.8063789869041216,-0.1266936822852393,131.9509710472344,142.50704873101316,2049967474,27.20397813218425,3.035875308343833,6.653131235751173,11.31321847555438,0.0,0.0,0.2419136960712363,0.0,0.0,-5.079999999999936,-7.227515104874763,0.0,-6.501309624450859,0.0,-1.068570522929461,-31.564751704321537,0.0,-60.0,59131
-40.57935871369168,8.63128100792515,30.53335990646294,1.9061813290679777,-2.4417487405115668,-2.4790803009169307,13.367325179304675,0.8608681726192692,0.7411338238494096,0.0,False,RUNWAY_EXCURSION,967,96.7000000000292,1,732878.882256069,1327.2586253022778,4687.758027585381,68.55613344833338,dry,0.9609459971387726,1.9648532555391969,-0.6310328605039359,0.0,0.0,-0.5015353359257384,1015.1484630125703,0.9976004307633086,,,,,87.5370848201689,0.7097693409383652,0.376669855193672,128.2576093131786,138.5182180582329,420376857,57.34259601977041,11.530841659763388,20.128351829046924,12.7933003481333,0.0,0.0,0.2129308022815098,0.0,0.0,-9.669999999999838,-8.004504938569225,0.0,-1.365210681339179,0.0,-0.0463377000253926,-63.50132605275318,0.0,-60.0,60098
-13.789256160588565,12.512998180949737,22.189999884549888,0.8580239454278356,-2.04384734349784,-2.072382018181814,6.957595191966939,0.8650902430405042,2.423943476068146,0.0,False,FAILED_ROTATION,1159,115.90000000004449,1,755306.0013038503,1331.6267359224655,4480.506055561467,1.478160727665323,dry,0.9623369477861644,2.406791620210744,2.5123269197003486,0.0,0.0,0.6009609271588943,1014.9329829710272,0.9995291581356772,,,,,151.82457299114776,2.423943476068146,18.976536182858048,130.46838629942508,140.9058572033791,1073518085,88.4945330680583,8.210450204106175,28.30230967016179,17.995990006009,0.8058428571261672,0.0,0.7271830428204439,0.0,0.0,-11.589999999999796,-20.1633964565786,0.0,-0.3296511036680639,0.0,0.0,-76.24251744862326,0.0,-50.0,61257
-12.792936298908778,10.619637894354018,17.442823485001853,0.4590764779441946,-2.6629478284751134,-2.678237731653971,5.082656078848961,0.9034939144055046,0.7628649098104461,0.0,False,TIMEOUT,1200,120.00000000004772,1,762668.1161140159,1328.0174910906478,4325.967585836601,194.723758013646,dry,0.9728242626370044,5.12111895398711,2.718446945024857,0.0,0.0,-1.8745260423152328,1014.1025880802327,0.993898172769472,,,,,93.89446223773294,0.7628649098104461,1.760338701757593,130.59294273512126,141.04037815393096,107014967,60.43238509154405,5.803241835432359,28.33736586268057,13.22092211297729,0.0,0.0,0.2288594729431337,0.0,0.0,-11.999999999999789,-15.036894534293308,0.0,-0.0638085371324219,0.0,0.0,-83.71500760305986,0.0,-10.0,62457
-30.89227810489058,11.454979602570262,30.265374842962736,1.034829517870854,-1.6314809071451934,-1.6479552882216284,5.195858626087956,0.877606272968379,1.8452536785869995,0.0,False,RUNWAY_EXCURSION,880,88.00000000002228,1,760276.6950385396,1326.3204280203493,4221.727408786189,154.4495140552138,dry,0.9914097333040764,7.026965954699858,-0.0479389502590885,0.0,0.0,1.7933720275235665,1011.6313032367892,0.9951099936748814,,,,,136.42629138248498,1.843411708302085,5.518634196336958,131.3808566463512,141.8913251780593,913171518,68.65082879260143,3.747791056714144,18.88304488003743,18.06101837908124,0.0,0.0,0.5530235124906259,0.0,0.0,-8.799999999999857,-12.830063419096076,0.0,-0.1639668605633149,0.0,-0.000659010094103,-58.99329543606168,0.0,-60.0,63337
-16.778655129236867,9.388319575896949,30.19924083736554,8.269743929749405,-1.325104877164461,-1.3355278306990417,3.757533233241078,0.8901940311222635,4.178676514575699,0.0,False,RUNWAY_EXCURSION,1090,109.000000000039,1,729145.7697768706,1327.8555214513008,4320.698717422603,21.578106077024373,dry,0.9597127014147582,2.6630270756085546,-3.2171287305063343,0.0,0.0,-0.4002089887891609,1013.5363163235298,0.9988875077064824,,,,,153.65141129427423,4.178676514575699,68.24061541701234,128.05478714249955,138.29917011389952,2030045015,85.0265237692311,8.620717336741311,25.5129968342874,18.34485412957393,0.6859727620852311,0.0,1.253602954372709,0.0,0.0,-10.899999999999812,-10.67479927338834,-0.1176649048050142,-0.0084491063243216,0.0,0.0,-74.52240963101025,0.0,-60.0,64427
14.096428885528304,7.236603759778844,14.377565511868625,11.355080782979938,-1.202237657163219,-1.2121759594999788,5.202101994989531,0.8886733735817928,4.847943588467956,0.0,False,FAILED_ROTATION,1008,100.80000000003248,1,704743.8395934142,1328.810382326065,4370.790692718261,307.7304492021512,dry,0.9688751712426604,0.9502758968180104,-2.886904646018315,0.0,0.0,0.6709166138959466,1011.2128604718602,0.9905390027097234,,,,,151.88250377113783,4.847943588467956,7.123873009808506,126.27269807383492,136.37451391974173,1331898245,86.83197008117203,16.839674309885236,24.532511590353245,18.220743330896124,2.1854772685614385,0.0,1.4543830765403865,0.0,0.0,-10.07999999999983,-5.865264605317084,-1.164049148042826,-0.0908957445170704,0.0,-0.0004005395881773,-68.76772073441468,0.0,-50.0,65435
15.63369245982657,5.492920422375734,16.65279614196946,0.8751499057232884,-1.379386073982491,-1.3927745740987547,5.080968038730963,0.8774094577638095,1.6188843326050346,0.0,False,INSUFFICIENT_RUNWAY,1027,102.70000000003398,1,718487.5085775283,1331.6561334154828,4254.416309837668,226.23010079379708,dry,0.9725940527431742,0.3622718640937172,0.3990754623864485,0.0,0.0,1.9705673783855435,1014.3134819565772,0.993042850981474,,,,,119.5979706393862,1.5291909559334442,-1.0467414023531418,127.58909537816903,137.79622300842257,750782387,84.34258564842283,22.39812596812264,24.41470665685539,16.59708480514116,0.0,0.0,0.4587572867800334,0.0,0.0,-10.269999999999824,-3.4429803872499307,0.0,-0.0969025736993565,0.0,-5.661055941141543e-05,-68.76762833398638,0.0,-50.0,66462
18.01696770138868,7.506956245923423,18.12165319655564,3.3463557534064328,0.2756257816995909,0.2031476785661077,4.773518795394286,0.8527214338094732,4.555347018949291,0.0,False,FAILED_ROTATION,968,96.80000000002929,1,742030.744403586,1331.4797647087744,4200.452796773593,76.33203229390162,dry,0.9955599681039358,0.4463850015754049,3.8718103716699854,0.0,0.0,0.0571186657275362,1015.6194401211212,0.9973186009621352,,,,,151.8664549469978,3.373206077803502,15.815962555622123,129.1512417839949,139.4833411267145,2136953472,83.22051834529225,18.86363674449656,22.69334523315973,18.39215374445019,1.9648142715502828,0.0077520278777541,1.011961823341051,0.0,0.0,-9.679999999999838,-6.061227947967327,-0.0010635576955315,-0.0793833928418535,0.0,-0.0020798373813271,-62.31345975289271,0.0,-50.0,67430
15.540062061120288,6.262845163733688,14.485111752408615,1.0147319292917207,-1.3866314432872533,-1.3944861878318409,5.4287824902158,0.8499871365000196,1.4018971926897166,0.0,False,INSUFFICIENT_RUNWAY,1006,100.60000000003232,1,672475.6301921366,1330.7535342817512,4253.313934952813,433.1927115624113,dry,0.998147001229868,6.900551966287874,0.183371846418574,0.0,0.0,3.9257384643835,1013.5864028681408,0.9871422886293,,,,,111.30086025246251,1.387730384961117,-0.1915899056412939,123.8957520606386,133.80741222548968,1296558496,84.24501729283756,19.48355076741301,24.58449184973359,15.711350108134434,0.0,0.0,0.4163191154883343,0.0,0.0,-10.05999999999983,-4.384285435796872,0.0,-0.0897859731032329,0.0,-0.0004200949563741,-64.36617556862991,0.0,-50.0,68436
14.51029432074749,6.815092883057198,14.91784082027398,0.8389874327473562,-1.670216926821204,-1.668471399212505,2.93936767490944,0.8539207963971137,1.304784823571822,0.0,False,INSUFFICIENT_RUNWAY,1092,109.20000000003915,1,728862.3116950009,1329.303382628901,4393.158593048809,375.2770177231649,dry,0.9598747339433829,6.412870363872571,1.7553212747156866,0.0,0.0,-1.4758721794065108,1013.8831092791075,0.988608834507066,,,,,99.6360452230332,1.0887035023425824,-1.326736566313116,127.76851293978372,137.98999397496644,2037841023,86.87436915221949,21.31570542068776,27.629716903314925,15.301979038082903,0.0,0.0,0.3266110507027753,0.0,0.0,-10.919999999999812,-5.635386241903224,0.0,0.0,0.0,0.0,-70.38270100235685,0.0,-50.0,69528
-51.25610706026117,7.185432135804486,30.12642491171909,1.3379834676883129,-1.8137731703025368,-1.927149552997098,14.24526105160574,0.8834207534986752,0.8700404217109394,0.0,False,RUNWAY_EXCURSION,404,40.39999999999771,1,692975.0161479467,1329.5208704398754,4563.1134942322005,375.1626239850006,dry,0.9869571226722283,1.5717823646830429,2.5128243340459195,0.0,0.0,3.422155581884047,1013.3981779427472,0.9888010904342448,,,,,98.69959446778218,0.8700404217109394,6.193552445978021,125.67316135616127,135.72701426465417,35072563,17.583085934889642,6.649483108010128,7.150700800466488,11.954192364818626,0.0,0.0,0.2610121265132818,0.0,0.0,-4.039999999999958,-2.3176328590237487,0.0,-0.6957761792806946,0.0,-0.0599305071394082,-27.74124184951537,0.0,-60.0,69932
-65.8770646420929,11.582031022664722,30.390977574009487,0.3907518013859635,-2.707663268992178,-2.739265613949601,7.733135784693329,0.898705012000363,0.3419004584028542,0.0,False,RUNWAY_EXCURSION,247,24.699999999998603,1,716484.8288711583,1325.5758839506557,4720.167030251193,0.6314398035224267,dry,0.9960381672543704,6.654891987443262,3.225857131875434,0.0,0.0,1.572564992100581,1010.489712306669,0.9996038104631988,,,,,70.5765002309983,0.3419004584028542,3.02007847298194,127.56440250344308,137.76955470371854,987939413,7.19267865458251,1.2289572622501252,1.8890601905958235,7.362274929885233,0.0,0.0,0.1025701375208562,0.0,0.0,-2.469999999999992,-3.681492258295791,0.0,-0.3360367490447494,0.0,0.0,-17.165076809586903,0.0,-60.0,70179
-64.74662656754163,12.80117790538963,30.0045476491691,0.4549245507989304,-2.741543035083536,-2.770778029626155,7.249482315435703,0.8711237346520967,0.2899586867594053,0.0,False,RUNWAY_EXCURSION,243,24.299999999998622,1,709159.771209212,1328.5867607247064,4622.504749464677,249.2033174181616,dry,0.9659020801111016,3.524411188686344,-0.915943196180149,0.0,0.0,-2.644935922268508,1011.0269079195508,0.992279133833707,,,,,67.27521037368872,0.2899586867594053,2.117265009157165,125.95006141639776,136.0260663297096,1793051917,7.616254946926053,1.103050982045631,2.369468936811157,7.255470706904339,0.0,0.0,0.0869876060278215,0.0,0.0,-2.429999999999992,-4.424494205666763,0.0,-0.2157035330731123,0.0,0.0,-16.107662007516755,0.0,-60.0,70422
-64.36242150250303,11.465297937856892,30.11382530334323,0.348387720229202,-2.4788423520007115,-2.506701169563987,7.432904444025283,0.8647322658164502,0.3439511984026353,0.0,False,RUNWAY_EXCURSION,231,23.099999999998687,1,691422.6127094231,1329.817495640813,4599.386212644534,356.1176391438398,dry,0.9796787478699056,3.723281372636024,-0.0842254501691517,0.0,0.0,-1.4429366746764831,1011.6986299438458,0.989183913032082,,,,,71.19771020341152,0.3439511984026353,3.620112386052039,124.58512488794696,134.5519348789827,1627210303,6.812649836908652,1.1842563417165517,1.724610519403468,6.954802476592349,0.0,0.0,0.1031853595207905,0.0,0.0,-2.3099999999999947,-3.3739617912981887,0.0,-0.2875668165226164,0.0,0.0,-15.170397428824034,0.0,-60.0,70653
-65.7396347274878,11.05952254894785,30.15616622335234,0.2308854265020398,-2.5621070906400694,-2.586509928623432,6.885820658595615,0.865579962578742,0.2898211469008132,0.0,False,RUNWAY_EXCURSION,262,26.19999999999852,1,691937.2614783194,1327.3285199830084,4203.767375204909,42.05844513578694,dry,0.9692791070684804,7.100788526554327,-1.4858001717518512,0.0,0.0,-0.1989402777580284,1010.844375146908,0.9983818498530764,,,,,66.76140377501893,0.2898211469008132,2.947515667448677,124.95433788300504,134.95068491364546,875079008,7.181224029628557,1.336263145304327,2.053638682610236,7.335095182760764,0.0,0.0,0.0869463440702439,0.0,0.0,-2.619999999999988,-3.560668468977747,0.0,-0.2718835355374511,0.0,0.0,-17.280250107346717,0.0,-60.0,70915
-64.15985597588677,11.294983678768869,30.083596695903736,0.2957446930436531,-2.8348379474440577,-2.8610764532656394,6.081517676295587,0.8100343100110389,0.2254674617375371,0.0,False,RUNWAY_EXCURSION,266,26.59999999999849,1,752864.6268697244,1327.9169492059775,4432.977365464102,323.74672950845087,dry,0.9762536792517094,3.515382051243521,-3.244709099824369,0.0,0.0,1.2634112674332083,1014.3028830649928,0.9902505541320042,,,,,64.54974062608318,0.2254674617375371,2.979223755022282,130.4471903838044,140.88296561450878,1068207104,7.061057303571151,1.4050713370128394,1.9973443305120813,8.103129491998946,0.0,0.0,0.0676402385212611,0.0,0.0,-2.659999999999988,-3.7705989529746966,0.0,-0.300824369588882,0.0,0.0,-16.062675354939465,0.0,-60.0,71181
-62.77614622927205,11.4837391769452,30.067565807350647,0.5468323459115383,-2.396793598831936,-2.436386157623852,5.521332468501468,0.7619639500288851,0.4630743197900528,0.0,False,RUNWAY_EXCURSION,311,31.09999999999824,1,699071.768035402,1324.234940462011,4642.870621986701,34.570841287217824,dry,0.976514423996118,5.339892170359327,-3.256290232457612,0.0,0.0,0.2662985615895215,1014.5630255301392,0.9986015800769534,,,,,80.14190036530364,0.4630743197900528,5.583209137102294,125.46773354903308,135.50515223295574,902462478,8.758619789849957,2.0861869943786338,2.685183695138785,8.937702663321351,0.0,0.0,0.1389222959370158,0.0,0.0,-3.1099999999999777,-4.557057618395219,0.0,-0.234634379484791,0.0,0.0,-17.481069670017774,0.0,-60.0,71492
-58.392457544983536,14.033028309567854,30.031733053312507,0.6381169075895378,-1.9331951269780208,-1.956826413853033,4.886058387201681,0.6918614126556546,0.8151910723822198,0.0,False,RUNWAY_EXCURSION,335,33.4999999999981,1,704083.7225583019,1331.7156775650967,4441.561792024887,496.13295459062186,dry,0.9582651676896432,2.3418753688019773,-1.49188438519828,0.0,0.0,-1.4619940988876694,1015.1160529039626,0.9851009573304388,,,,,93.72394907121632,0.8151910723822198,4.128596079730293,125.50466052899456,135.54503337131413,1136689207,12.50339498158178,1.797854247156758,4.294101577259731,10.424954846617876,0.0,0.0,0.2445573217146659,0.0,0.0,-3.349999999999973,-7.330018998326609,0.0,-0.1266267072566007,0.0,0.0,-16.85067481373116,0.0,-60.0,71827
-55.68975890292079,14.976579386883436,30.10429448889804,0.7966072984065153,-1.9459156550185384,-1.950604318223137,4.877133415476864,0.6538595876857346,0.8362049196265673,0.0,False,RUNWAY_EXCURSION,340,33.999999999998074,1,696765.1288338414,1328.9463340294203,4732.274254928401,196.941818829995,dry,0.9927593737728244,7.50481310063913,-2.5822755812543847,0.0,0.0,-2.551812087930511,1013.4965816818838,0.9937944938695374,,,,,89.1360025126319,0.8362049196265673,0.4076923436712754,124.71266807032946,134.6896815159558,494452712,15.370223821526327,1.698597344849484,5.314395533638962,9.483416905253028,0.0,0.0,0.2508614758879701,0.0,0.0,-3.3999999999999715,-8.473477360527937,0.0,-0.0817908702813622,0.0,0.0,-15.851985753267256,0.0,-60.0,72167
-37.22824370208353,9.693396973529069,30.3304814635852,1.156892158921211,-1.1230186833039622,-1.118534082208092,4.743805090184875,0.7047955066072474,1.71483849850938,0.0,False,RUNWAY_EXCURSION,465,46.49999999999736,1,710600.895930629,1324.2024677747945,4443.719631392392,325.91294232717405,dry,0.952569012822452,0.1547502192489656,1.0811995572077846,0.0,0.0,3.7366214014306,1011.9486225186558,0.9902178473910844,,,,,118.44883776290304,1.7025633727919285,-0.8502085714714802,127.42115152914778,137.61484365147962,1687461942,30.123592644446568,4.079150877354105,7.462763658848342,13.819740088092056,0.0,0.0,0.5107690118375791,0.0,0.0,-4.649999999999945,-4.854700485798494,0.0,-0.1002032112334609,0.0,-0.0033107216782904,-23.61604556395196,0.0,-60.0,72632
-44.476503853938055,10.81199286008464,30.523603853396192,0.8616632364034004,-1.2818291709964658,-1.2729779504699423,6.4537817457210895,0.7738229434909414,1.503737849762956,0.0,False,RUNWAY_EXCURSION,491,49.099999999997216,1,671952.7551298075,1329.297973530716,4241.809572419948,468.88843354163583,dry,0.9522344087315184,0.8869901685534298,1.698210635395745,0.0,0.0,0.0385859846902576,1011.9640698653534,0.9859430322689964,,,,,115.24040629596644,1.503737849762956,0.5529125745530372,123.11926048341444,132.9688013220876,166879142,30.732741081090023,3.745854448406064,7.444582986551637,12.895138218591482,0.0,0.0,0.4511213549288868,0.0,0.0,-4.90999999999994,-6.377500232977995,0.0,-0.2681719368892578,0.0,0.0,-28.190269773638853,0.0,-60.0,73123
-79.40626738247451,16.733632824313577,48.74967592683158,19.65217989966965,21.3993621033049,7.260988572705933,21.154277412075768,0.6446984992338268,242.26074835752,0.0,False,CRASH,575,57.49999999999801,1,746001.8649854221,1324.5569196389297,4628.088886057273,139.6820535143273,dry,0.9659835689863542,7.494880653440019,1.1006437408167105,0.0,0.0,3.703810326709979,1013.900719915426,0.994600717890031,44.699999999997466,1804.7401005172485,48.399999999997256,,151.04859948399485,35.42097599727987,-4619.150421858488,130.4234583491075,140.85733501703612,890466655,53.42861702918827,6.981872677839624,9.158937825314313,13.242675549980309,2.946878187494273,7.418404185172958,10.626292799183954,0.0,0.0,-5.749999999999922,-17.889813201321473,-12.242277110864848,-7.688716945739026,0.0,-13.488089405034264,-26.15104897368863,0.0,-100.0,73698
-29.155575656933905,14.473388174585178,30.01388458213097,8.034264502588266,-1.411714219107871,-1.442639657586932,4.630392853270727,0.7852075197165564,4.759218421342553,0.0,False,RUNWAY_EXCURSION,609,60.90000000000072,1,737991.4724805426,1323.5764447292793,4242.577393899662,475.87805884910966,dry,0.9963414031289776,1.7566557748711995,0.9603308764387092,0.0,0.0,2.458163943637365,1014.665494708956,0.9857839633772444,,,,,156.27683295337616,4.759218421342553,41.86005038415136,129.3954241146718,139.74705804384556,605291690,52.24413719513682,3.552353852491608,13.576309132494236,14.788695560302122,1.1302404743595131,0.0,1.4277655264027662,0.0,0.0,-6.089999999999915,-14.174743315400352,-0.2741997129272187,-0.0277311683908017,0.0,0.0,-35.30840320140246,0.0,-60.0,74307
-32.647931658924094,11.49484142366652,30.064487591919747,1.4219285543356497,2.7312685856491217,2.1295283425485656,4.473167126608804,0.8556037565591325,3.816460830382084,0.0,False,RUNWAY_EXCURSION,536,53.59999999999696,1,733141.8495196867,1330.8804717203552,4675.009895697929,488.7923976422213,dry,0.9502413407215292,1.0519575311986866,-0.2302148976206375,0.0,0.0,1.0004729005500297,1010.3509974222178,0.9853573203688456,,,,,151.4579131892139,3.816460830382084,158.04961620163,128.9200926010385,139.2337000091216,1577291459,41.04172457029468,4.317467789189312,11.432470945622956,14.96041048990273,2.4218433316571004,0.0,1.1449382491146256,0.0,0.0,-5.35999999999993,-7.869157703823168,0.0,-0.0163734616099051,0.0,-0.0306435350009539,-34.69061233427137,0.0,-60.0,74843
-36.71193712259733,4.759986437073589,7.852907920085233,6.402808228937723,0.8566972574442813,0.2837064809282268,5.207471868742412,0.836295295267078,15.092325749403642,0.0,False,UNSTABLE_AFTER_LIFTOFF,456,45.599999999997415,1,694591.3054705408,1329.099633917513,4668.049097580738,400.8948890258745,dry,0.9798577636181768,5.734121268232989,-1.2651703481299887,0.0,0.0,-2.7475261229245334,1013.4612602156508,0.987426067338856,42.69999999999758,1484.5554285945493,,,156.65121874903429,14.017954344462282,-232.3868664240952,124.47746894336666,134.435666458836,1609096917,33.16531745230014,5.793207670267452,9.948527941047272,12.819792803297624,1.4774413660792127,0.4489351652905995,4.205386303338685,0.0,0.0,-4.559999999999947,-1.1479785246436425,-0.2070814384235008,-0.0135013314694169,0.0,-0.0006643501510227,-28.64132017953072,0.0,-70.0,75299
-29.20891755204965,7.242596344736431,30.576384631890928,10.223740749528153,-1.3678509912012595,-1.3923603807702396,7.552180568190937,0.8134753686951038,4.592071432425087,0.0,False,RUNWAY_EXCURSION,441,44.0999999999975,1,763975.4747886744,1324.406927810419,4717.459961932085,251.95439642240964,dry,0.9865851887068656,6.146533743533577,0.0187136982830451,0.0,0.0,2.1080419875915988,1011.317947902338,0.992224775114486,,,,,153.14478589834576,4.570895059171562,-5.757214971982201,131.7919151344708,142.33526834522849,1527167700,35.924948505599104,4.792691612319514,9.11017882961306,13.345030137597758,0.8925325576563397,0.0,1.3712685177514687,0.0,0.0,-4.40999999999995,-2.570304888826688,-0.7479854104359366,-0.2433693564389322,0.0,-0.0670972161580191,-26.606810840727377,0.0,-60.0,75740
-32.8298895922343,12.143866554052035,30.02632540227835,0.8528424153583909,-1.5927085411690725,-1.600949678952503,5.990641363742329,0.7696649644566678,1.7594176010481135,0.0,False,RUNWAY_EXCURSION,464,46.39999999999737,1,763330.119579152,1324.2027938533497,4250.748523497559,183.5749394244041,dry,0.969357735691223,7.236401146437947,-0.574710588574129,0.0,0.0,-1.1587232876762696,1015.128928725575,0.9942162759201072,,,,,130.37157242452687,1.7077991810238586,0.8626099647348795,130.74669895397562,141.2064348702937,1985281331,34.08054822325611,8.817823460149835,9.68028059073668,12.579279545538574,0.0,0.0,0.5123397543071578,0.0,0.0,-4.6399999999999455,-7.603077958393047,0.0,-0.0798868710446538,0.0,-0.0311150809118437,-26.1460812558731,0.0,-60.0,76204
-70.4809545672151,56.11196421204665,190.9052168621601,12.69393920384705,41.73743900529449,16.13545623835917,30.65273527508447,0.6684841825090387,901.460793924113,0.0,False,UNSTABLE_AFTER_LIFTOFF,599,59.89999999999992,1,748271.2936228663,1327.5579424449184,4389.676072662518,421.30012583601376,dry,0.9824578879800576,3.184428620520224,-2.5795733058014463,0.0,0.0,0.2817604652330692,1010.27905987914,0.9615625908759626,47.699999999997296,2152.1686664685794,51.0999999999971,,83.21850929806703,901.460793924113,3313.696746396833,130.08618997657888,140.4930851747052,2001582934,58.825974754799205,5.761376678071621,10.744235686592257,13.091601231409264,2.108246858090782,11.358665744623952,30.0,0.0,0.0,-5.989999999999917,-45.792239347393554,-2.883107016328904,-22.52116331807686,-3.9312920652803016,-22.15003268763615,-29.10322108608626,0.0,-70.0,76803
-13.9623288376238,6.704893173727957,30.87812978683392,18.530234126508017,-1.162020794135228,-1.1836580251010966,12.41863867166076,0.7814704204332016,10.489344957367509,0.0,False,RUNWAY_EXCURSION,558,55.79999999999684,1,750776.252745533,1326.5499674808043,4611.50121645513,343.5342735079444,dry,0.993173485582856,4.186382817382873,-3.0779104458263964,0.0,0.0,4.215663942857455,1015.8646148416052,0.989578300064206,,,,,167.0371118368227,7.357650543642194,-232.04535005015208,130.82818540681794,141.29444023936338,396530695,54.043171454658285,9.308517207017577,12.478325107026928,14.297516792207858,2.9095972094122966,0.0,2.207295163092658,0.0,0.0,-5.5799999999999255,-2.7872467332084336,-5.457955955815796,-1.4565504782203822,0.0,-2.009356494168097,-31.91564210962668,0.0,-60.0,77361
-52.82746629341727,16.649453419093263,30.005788842734752,0.8609219711720112,-2.0338256317106325,-2.0474261026723206,5.9294851404335365,0.8381312713971522,1.2897943496466835,0.0,False,RUNWAY_EXCURSION,447,44.699999999997466,1,703968.3297665506,1331.637697218628,4653.516634195125,454.2171466177736,dry,0.9545038057942602,3.882886375917048,-3.52918707696278,0.0,0.0,4.57993194984863,1012.791776562008,0.9865824514411934,,,,,114.37569361562448,1.2897943496466835,2.2571063153013604,126.95529840774552,137.11172228036517,246815950,29.84187714637645,1.8262164907042933,9.168008591204943,12.473912115395049,0.0,0.0,0.3869383048940052,0.0,0.0,-4.469999999999949,-13.767813524676292,0.0,-0.0966711712498122,0.0,0.0,-28.189934246065818,0.0,-60.0,77808
-56.86889571132931,13.17838193945437,30.00832758632936,0.6574293617229545,-2.085923321471748,-2.130955408304015,7.108639690035336,0.8396054659181921,1.0710617809278349,0.0,False,RUNWAY_EXCURSION,321,32.09999999999818,1,696640.5486224878,1330.497637960205,4516.331225938555,382.7291322315874,dry,0.9694499962144834,7.40611192973096,2.0044629021961224,0.0,0.0,-1.7245276285314866,1014.4916570042832,0.98837550556888,,,,,104.89788571829466,1.0710617809278349,1.7675368478758458,124.82073655255586,134.80639547676034,284241473,16.834895099322818,1.9292038745991624,4.334343604897264,9.802701461509518,0.0,0.0,0.3213185342783504,0.0,0.0,-3.2099999999999755,-6.194221102669559,0.0,-0.3306764032415779,0.0,-0.0140630596885512,-20.34239772033672,0.0,-60.0,78129
-49.47772470421462,19.384924061920536,30.10081688499121,0.7387500916755606,-1.467407187569844,-1.4840793866562465,5.308672972677809,0.8624258838777308,1.9879996929404056,0.0,False,RUNWAY_EXCURSION,596,59.59999999999968,1,702218.5663069315,1327.1557937890211,4790.870060335704,94.63832631773631,dry,0.95469226819657,3.661201097311218,-3.689794339194803,0.0,0.0,-1.3986185729530831,1015.7993250538416,0.996789799852388,,,,,137.58575101528797,1.9879996929404056,4.517696187158791,125.31000304396468,135.33480328748186,1565548042,50.624962354350856,1.438655957444213,12.794536916837927,14.398060608337344,0.6148858500876836,0.0,0.5963999078821216,0.0,0.0,-5.959999999999917,-24.884674156478887,0.0,-0.0838082044385075,0.0,-0.0004585127626142,-39.01628542547461,0.0,-60.0,78725
-35.614240324156384,16.429905297388373,30.46924384270396,7.912831437787054,-1.3748228158478542,-1.4141173543543049,7.535525761054401,0.8548147957688491,4.795409836217857,0.0,False,RUNWAY_EXCURSION,669,66.90000000000549,1,711323.3668015832,1322.5859791424332,4200.77816912812,143.68876177147277,dry,0.953725457368326,7.073581934822691,-0.101987003983766,0.0,0.0,-2.306975358780903,1012.756089410428,0.9952961527808688,,,,,144.87971084921594,3.657610179674947,-80.43773505592519,126.10888697587806,136.19759793394832,2083753425,62.81025328656854,1.439616658564277,13.51920240354418,14.119352798229157,2.339008805650868,0.0,1.097283053902483,0.0,0.0,-6.689999999999902,-20.065672914032188,-0.5308018436274207,-0.3087163049424225,0.0,-0.1420835535544115,-43.201682714459245,0.0,-60.0,79394
-33.62559909761957,14.827366622972855,30.44506319380681,8.149949674239181,-1.7794391921071924,-1.8008100548248078,8.212916742574205,0.8266908025491271,8.091251163237075,0.0,False,RUNWAY_EXCURSION,635,63.50000000000279,1,693710.7587200034,1323.9004306405634,4693.93551834692,355.8849943472838,dry,0.99727358883546,7.934023595796599,-3.2497693971969843,0.0,0.0,0.1004124422756431,1013.3923061302374,0.9890486668916668,,,,,160.71188270527483,7.609565364918126,-85.06471231192087,125.02192152906794,135.02367525139337,1991627720,54.18747858843964,2.151340016480124,13.40504222041321,14.99320438331537,1.4475683205080334,0.0,2.282869609475439,0.0,0.0,-6.349999999999909,-15.51169540191682,-0.2830149079839216,-0.4007243028150542,0.0,-0.2073994160522577,-39.34026820748325,0.0,-60.0,80029
-34.538801149041234,12.897548097189024,30.42839588533804,6.389294226149049,-1.446689141293593,-1.3092832349759176,10.704425322459606,0.8647177474298317,5.003706342248677,0.0,False,RUNWAY_EXCURSION,682,68.20000000000653,1,691241.0002294183,1324.8835592892383,4349.353160634284,248.2396135745577,dry,0.9858864782740918,5.913217722051692,2.2310997980169263,0.0,0.0,-0.7102886825202708,1015.279822592941,0.992279173725421,,,,,141.49741957355323,2.80733490476473,-40.56791697414187,124.5076506881406,134.46826274319184,1435036778,53.93316976665616,3.898090048723355,13.618716506767257,16.828115790668132,2.0744438221133685,0.0,0.8422004714294199,0.0,0.0,-6.819999999999899,-12.605386822107278,-0.1166846382884694,-0.9354679944162064,0.0,-0.3819150472334531,-44.87408305335346,0.0,-60.0,80711
-42.43081934539092,13.531101475498897,30.009164127726308,5.733795604825338,-1.5355606908624189,-1.4740504672305328,10.18993472129929,0.8770820946306794,5.130731735599966,0.0,False,RUNWAY_EXCURSION,740,74.00000000001114,1,725033.3226186188,1327.1904755584856,4580.278680868042,135.68991598695186,dry,0.9505745698855486,2.9366842877977417,3.743108846035892,0.0,0.0,1.169692646737297,1012.449040105576,0.9956016846382558,,,,,147.7246307730896,3.2966200798185525,-30.791893621675683,128.10974946420652,138.35852942134304,2078605664,54.20920811845495,2.635617034958886,14.321219898196786,16.590162459597465,1.979491778012804,0.0,0.9889860239455656,0.0,0.0,-7.399999999999887,-15.054124809309323,-0.1052637715725207,-0.7333882014871119,0.0,-0.2704743846074749,-49.59225349158096,0.0,-60.0,81451
-51.5828342915581,13.39574399540152,30.21583705448415,1.623721537409738,-1.84613615945456,-1.9265706194446832,9.587499729884907,0.8731722083903587,2.3707330689711625,0.0,False,RUNWAY_EXCURSION,1114,111.4000000000409,1,767517.9568962645,1330.38253733055,4458.14358310175,160.4624831672201,dry,0.9922910774976332,6.638260718917556,3.908742791142175,0.0,0.0,0.3043786077334793,1012.5284854133234,0.994897470848834,,,,,143.89464075299034,2.3707330689711625,9.777822419517364,131.6073070164471,142.13589157776286,1871024368,71.8302573372028,1.8693257618333607,25.08272872722658,17.179297399444117,1.007908628382668,0.0,0.711219920691349,0.0,0.0,-11.139999999999809,-22.211421812226007,0.0,-1.301216325052118,0.0,-0.2384643022572361,-74.37246962680322,0.0,-60.0,82565
-48.17672635308151,15.22950171418378,30.19753641093057,12.645920259478649,-1.6666969502525264,-1.697691821154594,12.71855836968439,0.8426416694018675,5.082823789764348,0.0,False,RUNWAY_EXCURSION,976,97.60000000002992,1,763144.2029213548,1326.3633418824368,4606.456537272685,469.9361307299076,dry,0.9946025132558662,6.939702317314787,1.0227145648889735,0.0,0.0,4.321742259471709,1014.9377203569188,0.9860366078491548,,,,,167.861170988194,4.941168141736398,-8.039995067797108,131.98553931169232,142.54438245662772,31581548,71.50418593229254,5.247377797568733,18.15748849143868,17.512995139044953,1.071590576035805,0.0,1.4823504425209193,0.0,0.0,-9.759999999999836,-25.15235745813669,-2.83010614033192,-2.3880724209670823,0.0,-0.8967198541060435,-62.12545885844121,0.0,-60.0,83541
-50.24395049034721,14.544999293967678,30.689987755354124,0.9588481275020168,-1.802837734579884,-1.8557688212193504,10.312653718546285,0.8690369078814709,2.2250811442854115,0.0,False,RUNWAY_EXCURSION,714,71.40000000000907,1,712817.0644759109,1323.5727623964865,4238.661938260541,275.9910220381197,dry,0.9511870628071594,2.228530168199112,1.196850442544687,0.0,0.0,-2.000035280659281,1013.454737236329,0.991471311495256,,,,,144.56156455829054,2.2250811442854115,23.536333751579885,126.26544131209056,136.36667661705783,256059213,50.22336869820027,1.9819754031686043,13.58982229216029,14.930265136166382,0.9129942867043792,0.0,0.6675243432856232,0.0,0.0,-7.139999999999892,-16.78352235394727,0.0,-1.2837045688218665,0.0,-0.0199541305623565,-47.32271959670111,0.0,-60.0,84255
-48.74594258426486,14.848241257122798,30.97169933118344,2.533740592025098,-1.9092978459357848,-1.9397037502532783,10.265605224283783,0.8246028075398659,8.196387126927903,0.0,False,RUNWAY_EXCURSION,687,68.70000000000692,1,691151.6352039019,1323.5084191411752,4277.701967831293,437.648450971804,dry,0.9773179220067032,1.0669430508648483,-2.125259273335873,0.0,0.0,-2.46531520342812,1011.837325749136,0.9865387105161906,,,,,165.69941674546843,8.165551761426741,-12.928450508813256,124.32990121540404,134.27629331263637,1854652970,49.37888945843029,1.5171056615285858,11.782109513378574,13.751847981861404,1.1026650840238814,0.0,2.4496655284280218,0.0,0.0,-6.869999999999898,-16.82923049013556,0.0,-1.9363680068521,0.0,-0.4051435599093441,-42.6874837550186,0.0,-60.0,84942
-63.13154998405653,14.131230761755894,30.12702433117605,1.035464119965304,-2.5256458302676825,-2.572102876004305,10.057695844329364,0.8423252369850097,0.8184848691439583,0.0,False,RUNWAY_EXCURSION,343,34.29999999999806,1,740144.5175078731,1330.2813972824729,4628.029995964896,140.0846021608987,dry,0.9624008782934452,5.962652068836031,-0.1136199419335182,0.0,0.0,0.6589639027536816,1013.1451392630986,0.99552653624834,,,,,99.19628147341042,0.8184848691439583,3.804227625252814,129.27916909354292,139.62150262102637,176863876,15.979235485000554,1.3478174844366315,3.1363348818414942,10.411693824942372,0.0,0.0,0.2455454607431873,0.0,0.0,-3.429999999999971,-7.610471912756072,0.0,-1.3867535472410402,0.0,-0.0008732237665216,-21.824078437257096,0.0,-60.0,85285
-58.55939395779602,11.890629284692476,30.31095720069793,1.1353978556398767,-2.380440773484396,-2.4006461971110173,10.75237822055038,0.8051015016430482,0.9923172315063198,0.0,False,RUNWAY_EXCURSION,326,32.599999999998154,1,677375.2131111333,1323.4023655329424,4322.903375924659,285.80053568774326,dry,0.976234451011188,1.8252204697371568,1.933886617225058,0.0,0.0,-1.976521689182224,1010.7699977498028,0.9912047828997724,,,,,107.81225506323004,0.9923172315063198,4.708781852663186,123.2548329408152,133.11521957608042,2107100303,15.730678155034012,2.9180170128274896,2.449992094649413,10.061780832685002,0.0,0.0,0.2976951694518959,0.0,0.0,-3.2599999999999745,-5.121353680025722,0.0,-1.9673086689184272,0.0,-0.0040541904791624,-19.664840683020515,0.0,-60.0,85611
-68.93404527533767,12.400939136004975,30.0812787921395,1.3510333982159082,-2.702115993213784,-2.7444924357676315,10.664438143752792,0.8396677304924914,0.7797927971513445,0.0,False,RUNWAY_EXCURSION,449,44.899999999997455,1,739528.5455893474,1327.8649970005947,4231.460141465563,428.740737891828,dry,0.9578476063264636,5.335033972455162,-3.418151947651142,0.0,0.0,-0.738207854967948,1014.5562638380484,0.9870975837060154,,,,,98.69707062694938,0.7797927971513445,3.9057764069307233,128.82272495481422,139.12854295119936,1776774048,17.000015736333985,2.3140438018416205,3.4965656897463724,10.292291223215829,0.0,0.0,0.2339378391454033,0.0,0.0,-4.489999999999949,-7.672077540361119,0.0,-1.5423479787976648,0.0,0.0,-28.566474046462005,0.0,-60.0,86060
-57.00480652183255,11.790106613356905,30.11231605936884,1.5505399757844522,-2.5024063390844105,-2.509280453756404,11.25006594718617,0.7901059248427439,1.2042984555404814,0.0,False,RUNWAY_EXCURSION,358,35.79999999999797,1,707411.4371506989,1324.371231812291,4705.456043089404,314.68991963819985,dry,0.9866137836204674,4.458163984222593,-2.6402314392085167,0.0,0.0,1.927767367264409,1015.8789681890846,0.9904828676746732,,,,,115.0251008221402,1.2042984555404814,2.2726361626267533,126.49491372965164,136.61450682802376,2055593207,19.063517037406346,3.07128433086225,2.849580613444855,10.749054552135958,0.0,0.0,0.3612895366621446,0.0,0.0,-3.579999999999968,-5.5293741995163685,0.0,-2.709841013060659,0.0,-0.1408296437109871,-21.13948773605608,0.0,-60.0,86418
-46.26291637480019,13.048751811244005,30.556010374130828,1.2677683657068888,-2.033885518642613,-2.0667877881384062,11.32561081449306,0.7731924810122823,2.7327532232828844,0.0,False,RUNWAY_EXCURSION,413,41.29999999999766,1,687705.3943226652,1325.7270401171472,4758.297866648807,425.8426819080006,dry,0.9908970499865276,5.102453701551212,-0.3905750872480644,0.0,0.0,-2.5901667826309955,1012.3846576614484,0.9870264139383698,,,,,147.81496922979883,2.7327532232828844,30.25599482817221,123.9589203535958,133.87563398188348,773786671,30.56489950572933,4.594940461701492,4.67449029297766,12.216057723923834,0.7970983709916978,0.0,0.8198259669848652,0.0,0.0,-4.129999999999956,-7.813497615820691,0.0,-2.506936331042593,0.0,-1.9074997255730464,-23.572295024672748,0.0,-60.0,86831
-36.82974883601432,9.728448184436647,30.272528717890307,1.2205963886710691,-2.288639410404406,-2.2678016852941183,6.746442702863008,0.7868360492888853,1.56537007263006,0.0,False,RUNWAY_EXCURSION,451,45.09999999999744,1,755566.2720274474,1330.6657701683782,4302.6004720992005,263.1016195852045,dry,0.9943960601849048,5.505794838869331,1.8019212229671395,0.0,0.0,1.8622670844850084,1014.9513369236472,0.9919704550607208,,,,,132.4522359544517,1.56537007263006,6.743509828620304,130.7743719214053,141.23632167511775,319468283,30.02567320418073,6.242240593227425,8.292224098696547,13.978197904336962,0.0,0.0,0.469611021789018,0.0,0.0,-4.509999999999948,-4.742651059872017,0.0,-0.2064051265225875,0.0,-0.042241406344187,-26.33639806550618,0.0,-60.0,87282
-38.713927771162574,10.368896821292353,30.13864492313717,0.9891388912123652,-1.958278317215403,-1.9726667964358664,4.578908398469359,0.8671113229518971,1.3700015400548295,0.0,False,RUNWAY_EXCURSION,507,50.699999999997125,1,696515.0144919284,1330.853003428737,4533.737995796053,370.9449205247425,dry,0.976403858201878,0.3357767892097527,0.8542111496189486,0.0,0.0,-1.81843271112896,1014.025082821518,0.9887149620016435,,,,,119.1229112880934,1.3700015400548295,1.7552489524019066,124.81773428351984,134.8031530262014,1109958447,35.06833669930641,7.012998934132227,10.09175177318242,13.299731564475072,0.0,0.0,0.4110004620164488,0.0,0.0,-5.069999999999936,-6.056623199370837,0.0,-0.047374759271038,0.0,-0.0014922598143038,-33.42225698581878,0.0,-60.0,87789
-52.53755759203992,7.385646647631262,30.464255155583867,1.3017767929000006,-2.5404284898967884,-2.565299760125466,10.13594655496512,0.8475973034032096,0.6315635627662033,0.0,False,RUNWAY_EXCURSION,344,34.39999999999805,1,683270.8620084977,1327.4055785946694,4753.316968357711,87.33437284549412,dry,0.999020957153033,4.195482946558406,-1.8111713107856369,0.0,0.0,3.6419391196286535,1011.0612179391212,0.9970849226735948,,,,,83.5260604169535,0.6147499663104412,-0.6629098084437501,124.9813342031535,134.9798409394058,2088704472,15.727039843131418,5.259804674311198,4.919790113266355,9.801436161984087,0.0,0.0,0.1844249898931323,0.0,0.0,-3.43999999999997,-2.0849372314290453,0.0,-0.8490101422342227,0.0,-0.0074242549326194,-22.048681746030176,0.0,-60.0,88133
-52.9277260150284,7.420188685833674,30.37045793870661,1.2615186587314424,-2.712696264801109,-2.740193737080467,9.908438030669988,0.8275897131141424,0.5274572566113811,0.0,False,RUNWAY_EXCURSION,322,32.19999999999818,1,701842.0007930195,1324.6301978048507,4388.8605567396,7.01833860989054,dry,0.9764622697262992,5.2406302336401485,-3.637107496700908,0.0,0.0,1.7983357172972374,1015.724282117547,0.9994098174603998,,,,,79.89397385485661,0.5273468639103349,-0.06987143949992,125.97746272064876,136.05565973830068,788603697,13.820563867691067,5.223672685065578,4.839721601820399,9.104830803347426,0.0,0.0,0.1582040591731005,0.0,0.0,-3.219999999999976,-1.9698958269940496,0.0,-0.7854855685726028,0.0,-0.0028176069258017,-20.096520029633496,0.0,-60.0,88455
-53.99199091272225,6.304647019907738,30.430370818404526,1.3465801136245494,-2.7854249718105817,-2.811523733383756,13.036466389303731,0.8527199790819753,0.4892106922932271,0.0,False,RUNWAY_EXCURSION,323,32.29999999999817,1,727537.0589896272,1327.7609216993671,4662.42646289281,8.652168963370233,dry,0.9613077159136316,2.687497084611685,-2.679291668356513,0.0,0.0,-1.9372622268157864,1011.5796070676583,0.9993741530161508,,,,,77.76626096439257,0.4870875728581367,-0.1419933268253181,127.69467685850334,137.91025100718363,1911122052,12.762561663585076,6.211608079804611,4.825235533563457,9.15277225513614,0.0,0.0,0.1461262718574409,0.0,0.0,-3.229999999999975,-1.4265321574154417,0.0,-1.5479866009159975,0.0,-0.0161627543520286,-20.869613203985487,0.0,-60.0,88778
-56.12491681068935,7.460904101170968,30.50252662090739,1.0480044800634287,-2.550548572550654,-2.5778419318207244,26.67873150493841,0.8498661504550412,1.0180250784338511,0.0,False,RUNWAY_EXCURSION,484,48.399999999997256,1,752131.030380738,1324.7317963674836,4474.326477688286,174.7350573721238,dry,0.950553468101204,0.8487019128276767,1.1095298537341964,0.0,0.0,3.624282483131736,1015.4947637195828,0.9945743522975286,,,,,102.56385141791876,1.0090706082498857,-1.2250975411312837,130.83748915241924,141.30448828461277,824272794,26.107700725613864,3.813600279486369,8.313563526603147,13.271948748331296,0.0,0.0,0.3027211824749657,0.0,0.0,-4.839999999999941,-2.99354484036944,0.0,-5.115137391536144,0.0,-3.764819963670236,-31.22094907762308,0.0,-60.0,89262
-56.96073755627374,9.575220321748844,30.092734264166936,1.1124524317725992,-2.774824181378752,-2.794219345072565,11.106915285770128,0.8597961354755622,0.535630887223931,0.0,False,RUNWAY_EXCURSION,461,46.09999999999739,1,696833.6678435324,1323.6266307678293,4214.406376793642,486.0077677122621,dry,0.9807762607176668,3.775099614370504,1.909952497427396,0.0,0.0,-0.2388620080267527,1014.8977538700664,0.9854566585116102,,,,,82.10951910898596,0.535630887223931,1.4263607036028958,125.13633679058373,135.14724373383044,1766034346,22.47849514162711,3.714135826519587,6.582752512176791,10.44098123855759,0.0,0.0,0.1606892661671793,0.0,0.0,-4.609999999999946,-4.696301464536091,0.0,-0.920456677957494,0.0,-0.0230379630767974,-30.087995435751445,0.0,-60.0,89723
-51.785026142304815,7.182699255246748,30.30308275611597,0.9227229213254204,-2.625698387248982,-2.671062299797165,11.465544268217055,0.8550031574030774,0.7425799262505848,0.0,False,RUNWAY_EXCURSION,363,36.29999999999794,1,733153.3207563418,1328.1815285765674,4619.586572315035,443.6250835469412,dry,0.9594324381827284,6.201922223203151,3.323005435706967,0.0,0.0,4.91906628262832,1013.6962709014052,0.9869226583382118,,,,,90.7995145327735,0.739811865421359,-0.3844752945809304,129.5773983972439,139.94359026902345,493018052,18.251495168396524,4.1359128029600445,5.738467806772225,10.18852142913524,0.0,0.0,0.2219435596264076,0.0,0.0,-3.629999999999967,-2.080843799849995,0.0,-0.982108332975149,0.0,-0.0901323561104567,-23.5382824202596,0.0,-60.0,90086
-50.12924526546182,5.31476792583017,30.70257274969305,0.8292725674842765,-2.60274438854512,-2.666361001522188,19.870506275287187,0.8485698423392225,0.947217606392357,0.0,False,RUNWAY_EXCURSION,361,36.09999999999796,1,695537.5886137511,1322.8939577719816,4494.446557905783,79.00057656047005,dry,0.9843706642300684,4.815848794015938,-1.5610517935346562,0.0,0.0,-1.7256115486080548,1013.4386151565444,0.9972820113302208,,,,,100.87858092181956,0.947217606392357,0.2035967510808412,124.78643079873044,134.7693452626289,1030766217,17.934907366045728,7.315252094539863,5.675244720052349,11.442479338837735,0.0,0.0,0.284165281917707,0.0,0.0,-3.609999999999967,-1.133008852895706,0.0,-3.575873490476656,0.0,-1.2486193727154,-23.213792350767417,0.0,-60.0,90447
-47.64800850432125,11.402949375766635,30.0235799900514,0.9763788328285024,-2.355378211885545,-2.3678869310159643,9.423927258252853,0.8597491349234725,1.1453592387387346,0.0,False,RUNWAY_EXCURSION,440,43.99999999999751,1,741323.2227079684,1323.285252097587,4613.770580552031,225.31136723220456,dry,0.965746938738316,4.752503407970592,-0.4451567976937087,0.0,0.0,1.9952409871216243,1011.7776880609632,0.9930859131876631,,,,,108.65869706539333,1.1453592387387346,1.1310996661564765,129.76864398409205,140.15013550281944,701897158,26.09074624961084,6.9824240367075925,7.386270808940502,11.739035531101369,0.0,0.0,0.3436077716216206,0.0,0.0,-4.399999999999951,-6.356887996130064,0.0,-0.6488521919692568,0.0,-0.0956111566023434,-28.68874155760144,0.0,-60.0,90887
-41.76751503711577,8.062735134263965,30.62068791812448,0.8757324351920932,-2.2274843575382324,-2.2270474088963272,12.10964698746649,0.8569464396249064,1.2665218649146937,0.0,False,RUNWAY_EXCURSION,444,44.39999999999748,1,672824.5709303321,1324.0736250069365,4429.2224486250025,116.22286424271157,dry,0.9613363543839908,3.736222587350112,-3.6938891953093,0.0,0.0,1.108044315904272,1010.7979572408284,0.996198909785876,,,,,115.4895988013675,1.2665218649146937,2.712006220929659,123.4986623825533,133.37855537315758,499017044,30.42128468502261,7.646168473135759,6.911364554573435,11.33824399195139,0.0,0.0,0.3799565594744079,0.0,0.0,-4.43999999999995,-3.2070464270345305,0.0,-1.3574259712591954,0.0,-0.4848483500270119,-28.975212552952502,0.0,-60.0,91331
-47.78588171327967,9.6818800366466,30.14148595801872,1.0571252496967771,-2.286599601180033,-2.310924392626402,9.733584918959425,0.8567073892654301,1.0693061993889614,0.0,False,RUNWAY_EXCURSION,454,45.39999999999743,1,704078.7157351127,1324.8685857810528,4336.989966879063,402.9827112571688,dry,0.9861837243855516,4.143296264083224,0.7611049546533648,0.0,0.0,0.481048214798796,1010.7220038300136,0.9878823698157578,,,,,104.76342033252982,1.0693061993889614,1.0325624104268094,126.20223846469254,136.29841754186796,1917029159,28.37998468359542,4.93347089049574,7.063887939502745,11.2414788659572,0.0,0.0,0.3207918598166883,0.0,0.0,-4.539999999999948,-4.728601741553694,0.0,-0.6994066391648156,0.0,-0.2339175023282958,-29.52357006960056,0.0,-60.0,91785
-37.67260946038535,14.446078922478502,30.052465259681234,0.7608700275902025,-1.6062591495341731,-1.6105157498496216,8.131282829727873,0.8424853126661747,1.9329468981079856,0.0,False,RUNWAY_EXCURSION,613,61.30000000000104,1,738581.4385242685,1327.633142619494,4486.126399424114,185.54677811693472,dry,0.960704082080036,7.28703466266751,-3.974993613027564,0.0,0.0,2.487626903664254,1015.730482207184,0.994209318555112,,,,,133.49331424832846,1.9329468981079856,0.6650938904706116,129.38581273894508,139.7366777580607,1722025429,49.105416211737634,7.172986284324855,11.16611450923658,14.998913971258244,0.0,0.0,0.5798840694323962,0.0,0.0,-6.129999999999914,-14.214053032414975,0.0,-0.5884585140360161,0.0,-0.8288984573481049,-38.934514502575965,0.0,-60.0,92398
-22.38280742558413,10.748715835218777,30.44438452538145,11.110553872062216,0.9664299476623562,-0.010608653672357,9.717331369952362,0.8353408893373854,15.111973093967478,0.0,False,UNSTABLE_AFTER_LIFTOFF,749,74.90000000001186,1,681115.7669807547,1322.2430924785624,4469.37455800494,69.45553746724536,dry,0.9909292176349286,6.59673965111775,2.838352813513329,0.0,0.0,-0.0470334818806295,1012.085016057062,0.9971599523149288,72.50000000000995,3424.5676515127134,,,146.91258039575183,14.872377353172055,-47.923214070677176,123.9300490422948,133.8444529656784,299909236,71.2842447994198,6.678670100270517,13.935977157255374,14.303144342648276,4.400020100007223,0.4392518724339869,4.461713205951618,0.0,0.0,-7.489999999999885,-9.615070465289534,-1.3742856962160317,-1.075037755009041,0.0,-1.2088118770129006,-47.1226232100433,0.0,-70.0,93147
-25.91478205822073,11.629411904366007,35.25800436904551,10.463627181774,-1.7464187502869613,-1.806654953587584,7.441018784067083,0.8001769302146778,21.66311420466002,0.0,False,UNSTABLE_AFTER_LIFTOFF,896,89.60000000002356,1,721667.7611299673,1329.9461069743188,4334.940057695047,281.76771450741444,dry,0.9686911329620812,7.777643685657767,-3.5501030704882512,0.0,0.0,3.7892654883301216,1014.6020524659408,0.9909383671090508,86.40000000002101,3682.891308467261,,,168.19269396346772,20.49165732154745,-248.21542529438003,128.25308686442338,138.51333381357725,1983265915,78.53708060090167,3.804335214681113,15.779474581031296,14.079963119535176,3.247572706136161,0.5386791610221413,6.147497196464236,0.0,0.0,-8.959999999999853,-13.464214025811469,-1.667602723110667,-0.4031564371801292,0.0,-0.4064569172179059,-53.14795453467214,0.0,-70.0,94043
-45.2987891930016,19.261910098854138,41.30469724288552,13.283711982451177,19.77859597214144,16.01699507921476,11.319745391011075,0.7255080642852947,315.8929194809465,0.0,False,UNSTABLE_AFTER_LIFTOFF,744,74.40000000001146,1,721290.5342590759,1328.2512245048704,4391.417123744524,313.0221597351443,dry,0.971728023658108,1.390543989963028,0.0239481090775433,0.0,0.0,3.237243561240347,1014.3522881045466,0.9821820916202992,59.89999999999992,1853.7873957467093,64.70000000000374,,96.746083898837,294.33157680487113,-1258.9577676465,128.11405120341144,138.36317529968437,2085146283,54.95254559203155,2.057122462465653,10.740589644126258,12.418701071401893,2.6886981724680115,9.462910761226272,30.0,0.0,0.0,-7.439999999999886,-30.67108426759069,-3.290470700519976,-1.1213675747725025,-8.24902334772619,-6.963790398200572,-39.88362060791116,0.0,-70.0,94787
-58.808135948482246,12.040729961513044,30.511740358778656,0.7795314479105584,-1.4834360719378128,-1.4736259234938178,11.530068270465016,0.7747772255614545,1.5373222384400265,0.0,False,RUNWAY_EXCURSION,519,51.89999999999706,1,674345.162706776,1324.4815257766686,4746.9832312628505,344.88989992302845,dry,0.9532682934449354,3.276429450184308,1.1863695475165992,0.0,0.0,4.794096552542239,1012.1157411736064,0.9897107873119714,,,,,114.600327523225,1.465303541251842,0.6211584864314368,124.34238578042414,134.28977664285807,571510407,28.300676361527696,3.4392593172326325,4.763593548700952,10.046800726996468,0.0,0.0,0.4395910623755528,0.0,0.0,-5.189999999999934,-8.36046593168383,0.0,-1.441419647412335,0.0,-1.164380212238879,-29.64179117398041,0.0,-60.0,95306
-68.48163156470689,11.689835022899102,30.046892251970856,0.953771391017464,-2.0730480564543345,-2.077579688751493,4.703447154711726,0.8038131913952832,0.9909532734927212,0.0,False,RUNWAY_EXCURSION,453,45.29999999999743,1,740267.7929164675,1330.829423437062,4406.377267085991,261.62194855707537,dry,0.9945833712877108,2.779041194438734,-1.5149935621673256,0.0,0.0,-2.7751127989462896,1013.9652037390852,0.9918924637493792,,,,,99.84596409919423,0.9909532734927212,2.5989152452316766,128.46699490170678,138.74435449384333,915743486,14.8431720842125,1.2091583140129414,4.749720787203339,9.037704987386158,0.0,0.0,0.2972859820478163,0.0,0.0,-4.529999999999948,-6.87816289075079,0.0,-0.0396775434918936,0.0,0.0,-27.170833285326857,0.0,-60.0,95759
-72.28367554603945,8.825482190133856,30.25391180914741,0.3526495842540387,-2.6883391299673063,-2.7199727398404643,7.488352660942915,0.8251827887905522,0.3447484771779159,0.0,False,RUNWAY_EXCURSION,357,35.69999999999798,1,700199.8254497118,1330.1818235587832,4286.808090354494,451.2097491670608,dry,0.9646046767050224,5.35099193711042,1.0817262914758072,0.0,0.0,1.04839167960366,1015.8610883094412,0.9865444208983052,,,,,70.54332757644306,0.3447484771779159,2.34064517419986,125.65869938418072,135.71139533491518,1157352826,6.591771996084165,1.847047279730284,1.6277032429296514,6.720761639569608,0.0,0.0,0.1034245431533747,0.0,0.0,-3.569999999999968,-3.089602390238672,0.0,-0.4939139566195134,0.0,0.0,-22.020867900648263,0.0,-60.0,96116
-73.83236902081896,8.160358749534593,30.08263676853421,0.4141869212009657,-2.9255165616707406,-3.0100663298296566,8.912745244639202,0.8305680036544798,0.2188536655235111,0.0,False,RUNWAY_EXCURSION,330,32.99999999999813,1,755833.2535111826,1326.8229170376992,4401.227986667314,260.0040868681878,dry,0.9545670229272673,5.590579386506639,1.865749682150084,0.0,0.0,2.674247087441921,1010.6212882300534,0.9921340929914212,,,,,62.78609794270686,0.2188536655235111,2.3132222465646635,131.26074651733214,141.7616062387187,1411099204,5.166281688207612,1.2588781414839576,1.060335438469726,5.725171632427682,0.0,0.0,0.0656560996570533,0.0,0.0,-3.2999999999999736,-2.4416866804405464,0.0,-0.8174086511071127,0.0,0.0,-20.54959668951728,0.0,-60.0,96446
-63.40237501379031,9.706450855280272,30.07222762211104,0.253552064730128,-2.53377710368293,-2.557429651866326,10.067894681133344,0.8580572354109911,0.309645656112707,0.0,False,RUNWAY_EXCURSION,186,18.599999999998943,1,676746.0157452348,1328.3141470749622,4690.950609241093,378.7850172928607,dry,0.9874731967764224,0.5633763209078682,-2.332545797240475,0.0,0.0,2.6182843130014968,1013.1580222007276,0.9886822775106758,,,,,67.09315468494576,0.309645656112707,2.87436190665586,124.03623185858864,133.95913040727575,950804459,5.155295652099951,1.6051075776116308,1.0994861157130038,5.506890751322823,0.0,0.0,0.092893696833812,0.0,0.0,-1.8600000000000008,-1.9471138895900697,0.0,-0.9736939395527998,0.0,0.0,-12.08124097822865,0.0,-60.0,96632
-63.53640840043739,10.292267701715597,30.160042229720595,0.3374293762872328,-2.604910059677925,-2.631924146349116,8.831537546934754,0.8397353037346343,0.3199783478957698,0.0,False,RUNWAY_EXCURSION,188,18.79999999999893,1,674438.1417393689,1322.6670537263724,4403.968957579087,92.7189212312502,dry,0.970082540347075,2.8694007893504176,-2.3713350731021547,0.0,0.0,-1.8147129932396124,1013.9234282219804,0.996878180018618,,,,,67.27027444621592,0.3199783478957698,2.657460540126096,122.8306374847431,132.65708848352256,319457530,5.234445843835764,1.3845806043823488,1.0272871962393315,5.491033809493927,0.0,0.0,0.0959935043687309,0.0,0.0,-1.8800000000000008,-2.2127761772700296,0.0,-0.8042203658158295,0.0,0.0,-11.872752815671628,0.0,-60.0,96820
-63.56209632519039,10.523085302405962,30.333867168812816,0.4525383005095777,-2.695808827051186,-2.725360675920648,8.772383590976878,0.8309143039644981,0.2824005008944823,0.0,False,RUNWAY_EXCURSION,196,19.59999999999889,1,720855.991493511,1329.1146815064876,4700.935813718005,421.0256383719035,dry,0.966299772671114,1.047148838510335,2.619982736610531,0.0,0.0,-0.2321734860125985,1012.0256968125266,0.9873619306633972,,,,,66.35223053358358,0.2824005008944823,3.154694669639557,127.45695859142629,137.6535152787404,1999344461,5.360376857490102,1.3829936958690738,1.1464256156162356,5.795399057360926,0.0,0.0,0.0847201502683447,0.0,0.0,-1.9600000000000013,-2.411569284357292,0.0,-0.7843119062463391,0.0,0.0,-12.17613051119142,0.0,-60.0,97016
-63.11790545887915,10.58187258335169,30.36429818066837,0.4843426583103131,-2.621966950942663,-2.6442375317859708,7.8421894911422205,0.8471534072843371,0.3712641340743516,0.0,False,RUNWAY_EXCURSION,195,19.49999999999889,1,686183.6865892082,1323.4600905073808,4399.7647588764985,141.38896712445091,dry,0.9603976120894326,0.2805556846873411,3.875222839493762,0.0,0.0,-0.780867449688226,1012.231542950572,0.9954766554822784,,,,,71.14791368633135,0.3712641340743516,2.564201065151419,124.22274072658406,134.1605599847108,1486119655,5.807646382676825,1.7036609236171556,1.0777595610048325,5.747018029905616,0.0,0.0,0.1113792402223054,0.0,0.0,-1.9500000000000013,-2.4261472596896203,0.0,-0.6709124319035046,0.0,0.0,-12.518309904712748,0.0,-60.0,97211
-64.32313714464878,10.537295378042492,30.03577817143313,0.4297760701156168,-2.819957525522308,-2.8481683610673114,8.88256395210028,0.8505474906353271,0.2579419448702538,0.0,False,RUNWAY_EXCURSION,202,20.19999999999885,1,726489.9773466797,1326.9575408621452,4533.710248233681,450.15670732564047,dry,0.9661074541861516,4.248020079397677,0.3419348274766407,0.0,0.0,0.7220181886429913,1014.5667399645685,0.9865557243522765,,,,,64.69320888997271,0.2579419448702538,2.516875444586386,128.0053224937592,138.24574829325994,86996089,5.318414862371622,1.4535446074328495,1.127321234336957,6.021059719023048,0.0,0.0,0.0773825834610761,0.0,0.0,-2.020000000000001,-2.4921097738434845,0.0,-0.8149004930141629,0.0,0.0,-12.993849884416685,0.0,-60.0,97413
-64.67334964185453,10.20243787108932,30.17132048163992,0.4099488063618694,-2.6987709606399983,-2.7240394662821146,9.604708783945185,0.8667886389279658,0.2619916035557992,0.0,False,RUNWAY_EXCURSION,191,19.099999999998914,1,695647.727778736,1327.7631600035752,4600.57981856527,148.437733335606,dry,0.9537651479576496,6.72450828877879,-1.0700423520559723,0.0,0.0,1.872896607279361,1011.6010398874024,0.995319105090324,,,,,63.7902300389546,0.2619916035557992,2.0797311342361446,125.69181049888604,135.74715533879692,1748708618,4.969534832675257,1.5885109864860534,0.8467979506540398,5.618070697955197,0.0,0.0,0.0785974810667397,0.0,0.0,-1.9100000000000013,-2.2090155617851748,0.0,-1.0864033439566263,0.0,0.0,-12.569442684950015,0.0,-60.0,97604
-64.76996537064774,10.27855992204196,30.276758250482928,0.3299086897677861,-2.787046365179928,-2.814877021170649,8.786652566273238,0.8476122196008956,0.2530896472777328,0.0,False,RUNWAY_EXCURSION,204,20.39999999999884,1,740512.980064183,1329.3970260978435,4637.9251638513615,42.49444736588648,dry,0.973205958367845,2.1246913173926,3.06038330032744,0.0,0.0,2.2266842901480413,1012.8994378801584,0.998403116933223,,,,,65.00787855877174,0.2530896472777328,3.137781307428149,129.6775601563992,140.05176496891116,1571971334,5.154075269376433,1.4823956740450013,0.8744391691856263,6.07800813624698,0.0,0.0,0.0759268941833198,0.0,0.0,-2.0400000000000005,-2.394705998942829,0.0,-0.9469671728974668,0.0,0.0,-13.053137341844788,0.0,-60.0,97808
-63.79888634368543,10.726818999423989,30.20891591386539,0.3032375826648628,-2.5227267477026456,-2.5543242028252564,6.869324777403088,0.8794261000038661,0.3689399339315855,0.0,False,RUNWAY_EXCURSION,216,21.59999999999877,1,678828.2850061317,1326.4781097486218,4229.508961717636,489.76213560567726,dry,0.9795576595294888,4.550098483949679,-3.7154867510037226,0.0,0.0,4.794660610503814,1011.5662357281964,0.985609298249693,,,,,73.58459173060425,0.3689399339315855,4.080358962282435,124.78902256923912,134.77214437477824,393575409,6.208553072165143,1.3709166342269328,1.472253181013117,6.897371138024073,0.0,0.0,0.1106819801794756,0.0,0.0,-2.159999999999998,-2.761551500313684,0.0,-0.4357740642753623,0.0,0.0,-14.501336784705124,0.0,-60.0,98024
-64.77170102425393,10.819676563575452,30.209659429223088,0.2972128101884797,-2.6452414648133806,-2.6765668693510185,6.417199238030626,0.8860916427106132,0.3779481589976967,0.0,False,RUNWAY_EXCURSION,233,23.29999999999868,1,735522.1758441596,1331.6305950816322,4799.117844096535,65.2008476807508,dry,0.976541633294866,2.235920355523912,3.81519905128829,0.0,0.0,-1.2535551541429566,1011.8477014079476,0.997706453363053,,,,,74.7907701964105,0.3779481589976967,3.999834604514678,128.5297554878049,138.81213592682928,1319356500,6.509035120669575,1.298045645384651,1.6280867924923272,7.196834913240224,0.0,0.0,0.113384447699309,0.0,0.0,-2.3299999999999943,-3.0306931576788285,0.0,-0.3529752517933344,0.0,0.0,-15.803419534267857,0.0,-60.0,98257
-64.28212144695203,12.652088903535317,30.1100012217763,0.4619784379822335,-2.803818407994102,-2.832104532538404,5.657012885676183,0.8698733981195066,0.4448881151782018,0.0,False,RUNWAY_EXCURSION,249,24.89999999999859,1,736670.2126136615,1325.1679744961843,4611.568750151202,43.57913711104694,dry,0.9502755621251264,2.6649506959387645,3.4531700940465218,0.0,0.0,-2.8429653348595307,1013.9863330803524,0.998336819087152,,,,,78.9640410064283,0.4448881151782018,3.3442547027161496,128.137879032628,138.38890935523827,1077333835,7.865771861589748,1.1060626880543754,2.3248620386809247,7.867242835024117,0.0,0.0,0.1334664345534605,0.0,0.0,-2.489999999999991,-4.428751450235269,0.0,-0.1748331560464176,0.0,0.0,-16.48594269857297,0.0,-60.0,98506
-64.57795526570041,10.7351767121654,30.225161437843468,0.4712355809836324,-2.838802689830989,-2.8700731997214355,6.618687030818882,0.8151004406122064,0.4404539558146894,0.0,False,RUNWAY_EXCURSION,273,27.29999999999845,1,765852.2481018335,1323.7918158903171,4749.521170075982,332.8315544267158,dry,0.9855009095590256,6.215167306243851,0.5180476130703564,0.0,0.0,-0.3484245912228791,1012.7890192902914,0.9899182925038996,,,,,79.85005135867155,0.4404539558146894,4.282860527414467,131.29868435944934,141.8025791082053,60914157,7.399775786266717,1.7373681002814054,1.7211587047960977,7.637423900766351,0.0,0.0,0.1321361867444068,0.0,0.0,-2.7299999999999858,-3.4957352442563536,0.0,-0.3958258907107322,0.0,0.0,-16.584256809588293,0.0,-60.0,98779
-63.2256836856896,10.88745787454127,30.07656006902833,0.3894312110085576,-2.366524745783714,-2.394454527498225,5.5631602694931175,0.8291073894724149,0.5627328881788571,0.0,False,RUNWAY_EXCURSION,249,24.89999999999859,1,677058.9734991275,1325.7555175538375,4419.415188902011,431.22579808854016,dry,0.990475716253921,0.7739412476389766,-0.8889193014145222,0.0,0.0,3.32383939173926,1014.5414449240316,0.9872085550246515,,,,,83.63345718958678,0.5627328881788571,4.06630559397108,124.13062175778025,134.06107149840267,1991575180,7.600796730983165,1.4981237527495168,1.8316623422351463,7.194760028124184,0.0,0.0,0.168819866453657,0.0,0.0,-2.489999999999991,-3.279516444834196,0.0,-0.2154032503772819,0.0,0.0,-15.5349267110238,0.0,-60.0,99028
-62.49374132133885,11.18185199070432,30.04791091704733,0.3220198783226249,-2.374486583535272,-2.398237052529923,6.57610602597355,0.819627474358011,0.5129904608004381,0.0,False,RUNWAY_EXCURSION,213,21.29999999999879,1,681107.4440551355,1328.981299617042,4202.921116166764,499.62146705014425,dry,0.9889166701554728,2.776150357185969,-1.8257746770249468,0.0,0.0,0.5191318860843923,1013.9868251957078,0.9851048957193482,,,,,79.61821786194905,0.5129904608004381,3.1646620370094247,123.93461374909889,133.8493828490268,1544512700,6.745054642115052,1.4414054648844448,1.2659243524614066,6.455247384178715,0.0,0.0,0.1538971382401314,0.0,0.0,-2.1299999999999986,-2.959133596627762,0.0,-0.3751440808766603,0.0,0.0,-13.090992625714184,0.0,-60.0,99241
-65.16843181217169,11.53940686744448,30.033712126449387,0.4240821217982199,-2.649822957754835,-2.679867311304668,8.716460298879205,0.8244460999965668,0.4006123246752793,0.0,False,RUNWAY_EXCURSION,240,23.99999999999864,1,741499.1082111299,1329.7774005843546,4720.135879934079,68.78984315559377,dry,0.998912450637143,4.446235604602554,1.950929848080708,0.0,0.0,1.544693938393082,1010.7812884720198,0.9976373396950016,,,,,76.92181713200232,0.4006123246752793,4.151374119706883,129.7471351324175,140.1269059430109,666191121,6.464349058467098,1.363488382854389,1.4674270990402547,6.885898270780642,0.0,0.0,0.1201836974025837,0.0,0.0,-2.399999999999993,-3.550877622731329,0.0,-0.5706963681596117,0.0,0.0,-14.948204329825735,0.0,-60.0,99481
-61.71306483654545,11.592410939396077,30.168054345542465,0.4318366468071758,-2.77254587502806,-2.801991486195325,5.964339985119326,0.7855494720903454,0.4495107626004255,0.0,False,RUNWAY_EXCURSION,221,22.099999999998744,1,763933.14719552,1325.1852246796168,4354.0342390776295,422.1079595334882,dry,0.9934258256494114,1.1433464752263731,0.0516347725079686,0.0,0.0,-0.8935032717751596,1015.2435503712765,0.9873119833220206,,,,,79.49218831547157,0.4495107626004255,4.185855637829654,130.85137021068076,141.31947982753522,34341977,6.9981128100381325,1.3090113351320696,1.5464309248860042,6.870604098934867,0.0,0.0,0.1348532287801276,0.0,0.0,-2.209999999999997,-3.2998735663011534,0.0,-0.2901986860553721,0.0,0.0,-12.772004981960126,0.0,-60.0,99702
-61.65416768624517,12.346733959587253,30.026483579581274,0.5385173966355188,-2.444818495527664,-2.469547708437157,7.8931388864035,0.7972634085200051,0.5502758331359132,0.0,False,RUNWAY_EXCURSION,220,21.99999999999875,1,721762.206295821,1329.2841773774835,4284.50060363907,381.19372616660456,dry,0.9599788590799704,5.247834887136345,1.7112726819043833,0.0,0.0,-1.7502597607134014,1011.7473915229124,0.9884425299246268,,,,,82.380688836926,0.5502758331359132,3.586085449961072,127.2178697353134,137.3952993141385,196017830,7.467053222643593,1.3907327387264343,1.737326176863764,6.796273961898149,0.0,0.0,0.1650827499407739,0.0,0.0,-2.199999999999997,-3.726356075904613,0.0,-0.3451737959963914,0.0,0.0,-12.939106664416876,0.0,-60.0,99922
-60.96469857624779,11.7871487861516,30.04748735945955,0.57047945149101,-2.501336166639582,-2.530915123354728,6.058325001840597,0.8077376680903962,0.5720839947167065,0.0,False,RUNWAY_EXCURSION,225,22.49999999999872,1,733542.3023068965,1328.5852792658204,4550.88641461588,431.9828140574388,dry,0.9879494415720542,1.5718497820477877,-2.339508175537344,0.0,0.0,-2.745328211986801,1015.7311086968552,0.9869298727021504,,,,,85.10010609616636,0.5720839947167065,4.380477608947455,127.7775424966942,137.99974589642974,1627687382,7.764481418289891,1.590133861489616,1.949357285802315,7.097303643185603,0.0,0.0,0.1716251984150119,0.0,0.0,-2.249999999999996,-3.473421912671878,0.0,-0.2157686374317055,0.0,0.0,-13.598409433326635,0.0,-60.0,100147
-62.96943710583236,12.501721191762352,30.18616209876413,0.6025535423254148,-2.620628781505881,-2.654453921829408,5.916384469076387,0.8553392841328646,0.5694735577256935,0.0,False,RUNWAY_EXCURSION,243,24.299999999998622,1,730508.548799861,1323.2955264949244,4288.227569027635,51.56366171860288,dry,0.9850764767577588,6.124002605988482,-2.1193774643621914,0.0,0.0,2.366572041146592,1012.4536653382064,0.9981372975608184,,,,,86.78424029147317,0.5694735577256935,4.60074883754432,128.85797898132574,139.1666172998318,320704861,8.174125528533748,1.4115021434215462,2.138476682580023,7.861474378147138,0.0,0.0,0.1708420673177081,0.0,0.0,-2.429999999999992,-4.219911884427115,0.0,-0.2385691493997828,0.0,0.0,-15.83737687200563,0.0,-60.0,100390
-59.99654449588392,14.346150305201435,30.58604337467324,1.6117528436546953,-2.031289431371321,-2.0588480643611384,12.99498520059926,0.8191541613691453,1.2160326876004888,0.0,False,RUNWAY_EXCURSION,412,41.19999999999767,1,750080.1992225146,1327.2406141410058,4627.831185572954,319.31444549037974,dry,0.9722174266744428,0.3849898481753051,2.515336886671111,0.0,0.0,3.9579926055349537,1014.8233969981978,0.9904272427125091,,,,,112.22015804573034,1.2160326876004888,2.652075719296008,130.77692519837984,141.23907921425024,1101140972,24.83990988453749,2.331088069498467,3.605091791233712,11.04750477312294,0.0,0.0,0.3648098062801464,0.0,0.0,-4.119999999999957,-9.421617308302864,0.0,-2.4106118999805166,0.0,-0.9230919247013648,-25.30962768757188,0.0,-60.0,100802
-63.58628918758486,11.721248018848756,30.160606539902247,0.4898502322135851,-2.588984299276625,-2.620337020711468,6.026357856761768,0.8523128856814315,0.4724079562555516,0.0,False,RUNWAY_EXCURSION,223,22.29999999999873,1,738356.9981324049,1330.9568260783394,4279.847565557938,294.5649141076884,dry,0.9889380433316612,5.02213228859978,-0.546038989381127,0.0,0.0,-0.7682469425845921,1011.8052931010232,0.9910123421166964,,,,,81.41623494299002,0.4724079562555516,4.667498685340927,128.88877803579533,139.19988027865895,1929953604,6.893275124264166,1.1839940583621935,1.5407624607292711,7.076618487509763,0.0,0.0,0.1417223868766655,0.0,0.0,-2.2299999999999964,-3.4041607879576223,0.0,-0.2739829628383859,0.0,0.0,-14.514517954530914,0.0,-60.0,101025
-63.01112559158727,13.06368902702353,30.05911572707698,0.4986270733075052,-2.544850108164717,-2.57203105368044,6.0905737378955855,0.8403219445885309,0.6389223339625971,0.0,False,RUNWAY_EXCURSION,258,25.79999999999854,1,757971.2126084566,1330.0592806593345,4546.007904575196,202.54021244721747,dry,0.9506997031859952,3.297859355580384,0.3998971608618213,0.0,0.0,0.8381003815484043,1014.9684345513402,0.9937272965543348,,,,,90.73691923371112,0.6389223339625971,4.429288531512281,130.7497463957813,141.20972610744383,1995236120,9.07845719924091,1.2324744996025991,2.4902519509986583,8.150482505862355,0.0,0.0,0.1916767001887792,0.0,0.0,-2.579999999999989,-4.892252501850217,0.0,-0.2231953883654455,0.0,0.0,-16.459020557264914,0.0,-60.0,101283
-61.39236326174564,15.870122637901154,30.724823824864604,1.321252924355543,-1.7444890037888532,-1.766970481257258,14.136458220801766,0.8323244792753388,1.3551668267623145,0.0,False,RUNWAY_EXCURSION,442,44.199999999997495,1,691979.6789075332,1323.4398447197589,4204.149002794245,116.53118626403774,dry,0.977332710497792,2.257885786534682,2.578877937694444,0.0,0.0,0.3076598672223927,1015.2314461955284,0.9961949514142922,,,,,101.67331954506412,1.1055104131585551,-1.709452516485328,124.79752284745452,134.78132467525091,575371960,30.08655856007568,2.313014198914284,4.358380709485136,10.38688989978266,0.0,0.0,0.3316531239475668,0.0,0.0,-4.41999999999995,-12.369163367063782,0.0,-3.19662118595369,0.0,-1.2097442814143613,-27.673330919519056,0.0,-60.0,101725
-72.44361086259319,14.187774401265727,30.87337221678784,1.9305458477797093,-2.091037467584153,-2.09655828355688,23.18465178298216,0.7695662075181013,1.0870537937748423,0.0,False,RUNWAY_EXCURSION,377,37.69999999999786,1,701104.4310047484,1328.1777541581591,4758.313691430585,75.43119545154303,dry,0.9548834905070523,2.2754975904572907,2.4108573083163103,0.0,0.0,0.4500787034404085,1014.6040186769206,0.9974018340332748,,,,,91.49700008846696,0.8859841294505486,-1.0040305622654344,125.68749673346586,135.74249647214313,141911080,22.12895786962918,2.044744414979544,2.9006737277772228,8.789802364269564,0.0,0.0,0.2657952388351643,0.0,0.0,-3.769999999999964,-8.431937700875174,0.0,-8.33510258634409,0.0,-6.546539459528886,-21.490004731335706,0.0,-60.0,102102
-57.62029505431578,14.580380602690584,30.35860315004739,1.5813005454044349,-1.714818267744161,-1.7392662240606394,13.239742661246009,0.8265694016641606,1.3999754331690326,0.0,False,RUNWAY_EXCURSION,427,42.69999999999758,1,737056.5663764521,1329.0051568813938,4312.645960552435,188.5432569642222,dry,0.9871531566997358,4.542604078014262,2.17412819074847,0.0,0.0,4.265137930297642,1015.3240227510428,0.9941765175715732,,,,,114.3552043342986,1.3399406334990545,-0.4176605424565061,129.67277115194543,140.0465928441011,1062733147,28.76322442527421,2.3709874653198355,4.590291142091568,11.517034087200296,0.0,0.0,0.4019821900497164,0.0,0.0,-4.269999999999953,-10.086095763083096,0.0,-2.3115356818158097,0.0,-2.1385457194467827,-26.45763719990562,0.0,-60.0,102529
-75.15917143391047,13.249582300140084,31.23733454688742,1.7427089817147252,-1.9205114041330933,-1.9513088564775576,30.31199245387959,0.7745394420155037,1.2572754466025913,0.0,False,RUNWAY_EXCURSION,373,37.29999999999789,1,702519.7150779536,1325.482622321432,4635.0207087834015,370.5826374578617,dry,0.9544389306718272,6.099273324766636,-0.0905476183219411,0.0,0.0,4.312612407027936,1013.3482657259448,0.988966939326828,,,,,91.7290649791062,0.8887722927930781,-2.289956130680384,126.73187451993304,136.8704244815277,1806715099,22.27607341638762,2.5198049321488165,3.02871464146092,9.622603834078411,0.0,0.0,0.266631687837923,0.0,0.0,-3.729999999999965,-7.27563153453479,0.0,-10.23189793850456,0.0,-9.884215254765316,-21.75125521801952,0.0,-60.0,102902
-72.0883338519027,13.378574561274156,31.748283904739687,1.728972942623139,-1.8284452525580763,-1.8592252534199565,28.58148673766824,0.766236107047581,1.276854412238151,0.0,False,RUNWAY_EXCURSION,524,52.39999999999703,1,715044.4022882979,1329.5773791731765,4397.134064812968,494.3760642446741,dry,0.979022106858216,3.5940387293154386,3.133018538570223,0.0,0.0,2.9191227201404457,1010.0947470171242,0.9853746662995756,,,,,93.16260123060415,0.9145887594101508,-1.0681184622626816,127.75688228019074,137.977432862606,1341434674,36.51367909712479,3.0163001037541552,4.661011839461328,11.362868189641787,0.0,0.0,0.2743766278230451,0.0,0.0,-5.239999999999933,-10.420977646753746,0.0,-12.17883087802018,0.0,-10.219529461669342,-29.857231723264515,0.0,-60.0,103426
-56.65358060664781,12.037945405115051,30.236707444786948,0.8026314611856037,-2.0879849989518053,-2.1250867597153817,9.01913123348574,0.8118001304757899,1.1310222580772231,0.0,False,RUNWAY_EXCURSION,364,36.39999999999794,1,751250.2094892596,1331.5802989824697,4616.65517198104,246.05579154948063,dry,0.9687237912077654,6.780868912835371,2.517194258128523,0.0,0.0,0.5552140570986692,1015.3925060218776,0.9924474608386952,,,,,107.11249664846558,1.1310222580772231,0.6812240603801811,130.07787305708143,140.48410290164796,143215702,18.85419471710217,2.133178501476686,3.76351415521229,10.67689173789436,0.0,0.0,0.339306677423167,0.0,0.0,-3.6399999999999664,-5.860890573984122,0.0,-0.7310488607324283,0.0,-0.0596505866717497,-22.129076374368168,0.0,-60.0,103790
-50.74992687152458,15.09690990456582,30.049354622663643,1.2815696263440697,-1.485604967392463,-1.5481953261952317,11.606267912681272,0.8263319717775476,1.525560917835605,0.0,False,RUNWAY_EXCURSION,505,50.49999999999714,1,715015.7386679687,1331.7147601234242,4733.779433318833,276.3268100416276,dry,0.9500858983973536,4.855961560074473,-2.0450616399433,0.0,0.0,2.3547733997561053,1013.8955931052176,0.9916024907709492,,,,,117.25574514841423,1.3944180096235073,2.6751475575181694,127.39095889561888,137.5822356072684,1396231712,38.3454683161854,3.020110328610924,7.401326239995585,13.116881936042162,0.0,0.0,0.4183254028870523,0.0,0.0,-5.049999999999937,-12.788658641846858,0.0,-2.2354410933801314,0.0,-1.7827684071378327,-31.19517095288076,0.0,-60.0,104295
-56.78262981380129,12.50039108281488,30.55311502639733,2.24433246041435,-2.094376080639124,-2.13850748429148,12.042411324527013,0.8108626769208308,1.06962922712858,0.0,False,RUNWAY_EXCURSION,376,37.59999999999787,1,733578.6096788078,1331.9486730272597,4641.334869226936,25.10938337553076,dry,0.9935639321626614,4.580467311173852,-2.421328388586721,0.0,0.0,2.8664855914512435,1011.2381127642058,0.9988752199950808,,,,,100.44454671767154,1.0390184898852866,-1.4725628982445471,129.31717182211332,139.6625455678824,739400048,23.612849452242205,2.8889049869424968,3.731159100644671,9.224470818604924,0.0,0.0,0.311705546965586,0.0,0.0,-3.759999999999964,-6.528186248440836,0.0,-2.719945766768599,0.0,-0.7764838151160559,-22.76710388887563,0.0,-60.0,104671
-37.48320570504622,11.261018182274384,30.2803590134632,1.4907413111758632,-1.3289335546331678,-1.3423672621574043,10.898372249551953,0.7689739125791322,1.9022069875562124,0.0,False,RUNWAY_EXCURSION,441,44.0999999999975,1,744170.4310792721,1327.6477032189414,4746.059064189569,126.30349202744084,dry,0.995722919650675,3.641373285515641,-2.670859772008411,0.0,0.0,1.2635069655060305,1013.8943454657488,0.9959150143466984,,,,,127.49494485085532,1.889813064038151,-1.1208873698121735,129.7179388941911,140.0953740057264,485792374,31.11683486756602,7.442028612032415,7.220050123256185,13.591862154283527,0.0,0.0,0.5669439192114453,0.0,0.0,-4.40999999999995,-6.213715994574204,0.0,-1.1294762129277385,0.0,-0.9482717551159768,-24.719461418777893,0.0,-60.0,105112
-47.72197200387204,10.989642442268982,30.23481386231022,1.350698741434157,-1.953006457977135,-2.019493695744019,13.861242169238157,0.7903442838596892,1.5793776037398288,0.0,False,RUNWAY_EXCURSION,369,36.89999999999791,1,734958.7888483603,1325.9465187142807,4488.782118197622,296.49808970597127,dry,0.9866232324568026,6.151096562909753,-1.7747769099630353,0.0,0.0,0.9242565710654692,1014.5507923746068,0.9909690937809972,,,,,123.73226407825416,1.5793776037398288,0.2186423683750149,128.79532298903254,139.09894882815516,924059490,22.81657657001216,4.112468687232686,5.698371705829814,11.602047185780396,0.0,0.0,0.4738132811219486,0.0,0.0,-3.689999999999965,-4.951661881365712,0.0,-1.6263841926716638,0.0,-0.5066863203979517,-21.65051703941373,0.0,-60.0,105481
-55.82913496334092,25.27751865235086,117.34177896277798,60.17928985781277,15.88479151548505,12.613984712064369,44.898936453105534,0.6918257063465227,183.75521903599932,0.0,False,LOSS_OF_CONTROL,466,46.59999999999736,1,689308.9861799256,1330.4395901859828,4290.768719348287,19.60890130422116,dry,0.9854452534165368,3.5633493731349013,2.328489588209269,0.0,0.0,2.0124110979199177,1010.3095807561168,0.9937369121633488,39.29999999999777,1332.3732984052351,43.59999999999753,,122.67841816554544,183.75521903599932,1049.8043795190554,125.22789985362202,135.2461318419118,1875379230,35.56233661860567,4.834765550313233,6.479953859684599,12.548853975577249,3.222104539136564,6.486482380807732,30.0,0.0,0.0,-4.659999999999945,-22.396106608049315,-14.752170410356133,-7.448632124752295,-1.2212331941796457,-0.8225714121044152,-23.662918138024207,0.0,-80.0,105947
-45.64965765200978,11.067295369573149,31.511011421521925,1.2676360097134247,-2.089958412264345,-2.133707277722723,20.446165914340696,0.7290869794586149,2.147701554199529,0.0,False,RUNWAY_EXCURSION,435,43.499999999997534,1,738855.2723434094,1327.437928954552,4731.351632234607,8.164252509245573,dry,0.9673416289076272,0.405327289920792,-1.553131749339102,0.0,0.0,3.5295314876728705,1013.8779384639262,0.9993434065142645,,,,,140.8205334436811,2.147701554199529,36.3109263309191,129.75993396840687,140.14072868587942,2074602520,28.775326517303505,6.330827605893084,6.6294728332130655,14.311653043192448,0.3550542930775536,0.0,0.6443104662598585,0.0,0.0,-4.349999999999952,-5.920109628539804,0.0,-5.476399991866028,0.0,-3.963871285543838,-22.985921504999688,0.0,-60.0,106382
-52.32746766348779,19.51528456712314,95.90107786837672,60.2723518125267,11.914056291332235,8.401679298022229,39.51470107931461,0.6602840566035332,108.55668906687282,0.0,False,LOSS_OF_CONTROL,424,42.3999999999976,1,693350.5307188306,1322.2432422081297,4294.995961946495,369.5548241123945,dry,0.9914059681315408,0.1863191203719845,-1.7742379860060635,0.0,0.0,-1.244192218311193,1010.8897936438937,0.9856654782970168,36.59999999999793,1350.4676650103809,41.29999999999766,,131.91578078019114,108.55668906687282,-39.89293776609486,124.85184867640616,134.83999657051865,302913355,34.07405756048687,5.937518734138378,7.145163127211882,11.532829746619012,5.188534841317104,4.068459770250492,30.000000000000007,0.0,0.0,-4.239999999999954,-14.739063904050989,-22.244343922125392,-8.268150449934293,0.0,-0.3204358265210428,-20.46203734087984,0.0,-80.0,106806
-68.84202477101988,23.875411273626067,115.37698571634584,61.15831981794912,6.914689129787424,10.396309387870664,40.61377554524988,0.5843993491596645,22.87704686997216,0.0,False,LOSS_OF_CONTROL,483,48.29999999999726,1,750429.1666318887,1324.99681712982,4308.857706243975,381.8195675938206,dry,0.9608414359876166,7.384528120579043,0.4527383981714221,0.0,0.0,3.0605143158105106,1010.1847342401052,0.9881390912427944,41.79999999999763,1628.6099149235945,,,136.92598505181655,17.30391754911983,-687.7811635515467,130.90576255353037,141.37822355781282,1207383686,40.493483212218685,6.3308696163919125,7.668523121489851,13.37942678720447,5.750208229211798,0.6704144901621498,5.191175264735949,0.0,0.0,-4.8299999999999415,-21.295410447763533,-14.53248465743665,-7.033211464641003,-0.0149397887605588,-0.506590265965278,-20.11348886786767,0.0,-80.0,107289
-52.76630613357082,21.022669090037905,102.648720681461,60.813888212215694,10.603317756203282,7.429765939364601,39.74422987767577,0.5796957384905721,83.30856195498484,0.0,False,LOSS_OF_CONTROL,426,42.59999999999759,1,707828.544082639,1324.0374686379037,4570.953397198454,274.86314493952625,dry,0.950380630560892,5.32355599486505,-1.4651734540832724,0.0,0.0,-1.0724189767117274,1014.2175854424626,0.9891626230997812,37.29999999999789,1388.1770185071357,,,134.14377154256454,83.30856195498484,25.90739843386213,125.97921390596892,136.05755101844645,1635307037,33.76596020164758,5.002446358780137,6.369308888749369,11.696022110287146,5.532918164222286,3.046407870963883,24.99256858649545,0.0,0.0,-4.259999999999954,-16.011335577428515,-18.562882701817017,-6.922605991792643,0.0,-0.0056715454232329,-17.409442498255313,0.0,-80.0,107715
-61.350068722348055,21.52177987924661,104.72567576875808,60.40345780487055,8.38939386258847,10.678441382871323,38.81931294153704,0.5899170105229051,36.126773721665046,0.0,False,LOSS_OF_CONTROL,477,47.699999999997296,1,723327.2789139508,1327.0582767735598,4259.5168301448175,201.6619898456729,dry,0.9605716096574712,3.1431393068808653,-2.057503354964128,0.0,0.0,4.526843301281948,1012.1005408525148,0.99284363896416,41.29999999999766,1580.953953772539,,,134.0615681596403,35.23546308341429,-280.8609760779965,128.72134287352483,139.01905030340683,555907480,39.7018320012984,4.972541181181305,7.673380556394216,12.92575573082084,6.008657161293042,1.2092208437609957,10.570638925024287,0.0,0.0,-4.769999999999943,-18.44066991609793,-14.178069909665112,-6.64082902966069,-0.0562522778972257,-0.5434847657464354,-19.782789223053808,0.0,-80.0,108192
-43.03571607118296,13.650413336445132,30.16914249312332,1.7044508893475792,-1.3016497305222132,-1.4084276915432994,4.972712558437422,0.6142079605191361,1.6505852000458958,0.0,False,RUNWAY_EXCURSION,340,33.999999999998074,1,767499.5338189224,1330.729714262671,4789.052103737263,5.213922387755032,dry,0.9644441382458272,2.2887954048096484,-2.7828310596775543,0.0,0.0,0.7852193340554292,1013.0159413757052,0.9994397627748414,,,,,129.86896450516963,1.6505852000458958,9.54594098315539,131.68367823304283,142.21837249168627,585528511,21.13882710848092,3.4194551529631823,5.938968420297474,11.179060258724084,0.0,0.0,0.4951755600137685,0.0,0.0,-3.3999999999999715,-7.039276294107969,0.0,-0.0513869723520246,0.0,-0.00010919584178,-14.71643010936065,0.0,-60.0,108532
-39.63140893507604,11.117464525422752,30.18605402262098,1.4654653062049954,-1.5856647583239591,-1.661253324062394,5.703477574464366,0.7203630974195032,1.505277950528864,0.0,False,RUNWAY_EXCURSION,431,43.09999999999756,1,759575.3888075134,1324.046589761791,4201.52216088973,157.0260299200555,dry,0.9817348810748708,0.943509603201922,-1.981467819787726,0.0,0.0,-0.1444343093391253,1013.5575886518492,0.9950068682987894,,,,,124.93714434348456,1.505277950528864,8.593041554182914,130.7562494431774,141.2167493986316,518994643,28.72037640878309,2.792500022289915,8.12373456353725,13.011520099633085,0.0,0.0,0.4515833851586589,0.0,0.0,-4.3099999999999525,-5.9189717257009296,0.0,-0.1032351864399087,0.0,0.0,-22.398916502337205,0.0,-60.0,108963
-94.44198848188827,30.65528965602313,158.68821881174964,60.99318193622611,12.6899342245715,8.772460056082265,52.170970829412,0.6422251216602837,104.825183814112,0.0,False,LOSS_OF_CONTROL,492,49.19999999999721,1,714226.101499796,1327.5787754440532,4218.170590558166,496.3794776150803,dry,0.9748754204725156,7.691786983818845,3.951426705644468,0.0,0.0,1.7410064644806615,1014.4691161917189,0.9845920123605424,39.49999999999776,1497.0496542895887,44.59999999999747,,139.7778360280214,24.316912794498137,-2666.674054353751,127.15006949606376,137.32207505574883,450152621,41.73666391206669,4.231884249999104,8.233409219489722,12.418932152449273,4.5544177366932095,3.89932998012765,7.295073838349452,0.0,0.0,-4.91999999999994,-25.851735537684227,-29.128933731171845,-11.795685713907435,0.0,-2.552478212763001,-22.562866375536824,0.0,-80.0,109455
-57.226090836456926,16.115415682569523,31.11564542218748,11.416706328510427,13.650366855637609,8.419169082517785,9.461800265056704,0.7216159652840268,127.1133316615344,0.0,False,CRASH,555,55.49999999999685,1,717945.340392971,1329.951795370757,4301.099415100394,9.236647801687592,dry,0.9825337607236704,1.806045043558763,-2.263113603547424,0.0,0.0,2.363900587569264,1010.5895389553408,0.9986841628148782,43.89999999999751,1758.2587195751553,48.399999999997256,,151.4001605571977,23.797276295697536,-1993.360298417948,127.86230737309477,138.09129196294236,1907219570,50.304986832396274,5.29805927122966,10.482807593120755,13.430926922675312,4.245880034970887,4.747393301987716,7.139182888709253,0.0,0.0,-5.549999999999926,-16.01524172835715,-1.323888783408429,-0.8264604289693521,0.0,-0.5576089754090247,-28.602127765402827,0.0,-100.0,110010
-212.54669875112933,56.47976087024952,130.92131718108178,22.17472002846205,22.42855682412751,13.284260206459791,21.25603045657295,0.5943909340528543,401.8714539502385,0.0084507042253521,False,CRASH,846,84.60000000001958,1,695922.4133409807,1326.2577685701483,4484.491382152422,255.00941524555952,dry,0.9582168769800384,1.1557521713452443,2.989619031012091,0.0,0.0,3.378827301870027,1010.2778243350874,0.99218935934584,43.59999999999753,1780.046100587305,49.19999999999721,,120.20250884192704,3.369809398415157,-1082.245682602419,126.12510529544952,136.21511371908548,469485974,89.09190170709569,4.538296547685396,14.02425580563632,12.906930444266258,8.506151271343574,14.854236959832,1.0109428195245398,0.3,0.0,-8.459999999999864,-109.4222772691306,-35.485230458654726,-19.57501361045693,-7.942124736353725,-41.283382561552166,-35.61138567036539,0.0,-100.0,110856
-80.19548748143521,29.2034133357677,134.20284074949095,60.096841671189495,25.266422004188293,8.538221552130146,38.18877499650778,0.6972147122887534,363.32248314394434,0.0,False,LOSS_OF_CONTROL,484,48.399999999997256,1,684871.2629313602,1330.3397766828448,4788.195386605816,124.10834646303398,dry,0.9909125569122702,3.07972310286136,-2.4611021325068925,0.0,0.0,-1.7927476436432146,1014.8165501329815,0.985680998989773,37.49999999999788,1346.9047500492434,41.39999999999765,,119.5829300865298,352.3052858154658,-1523.2961222967213,123.72731308529002,133.62549813211322,485050903,40.48870397583073,3.924852706390906,8.67413401565281,11.640723239469448,3.093926484159594,8.751933820373415,30.0,0.0,0.0,-4.839999999999941,-26.512432261308604,-30.12817680705941,-9.419595669361147,0.0,-11.2329991396599,-24.63655784592303,0.0,-80.0,111340
-55.30407624487773,17.222151845059763,30.350568746813043,0.6212961590482776,-1.9571504932612696,-1.968273562427444,6.361146666730939,0.8212376536833603,1.3195088642458472,0.0,False,RUNWAY_EXCURSION,367,36.69999999999792,1,747391.4722437831,1325.0923830194963,4600.413750492642,270.37857697121507,dry,0.9905524594054456,5.081761764058968,3.732853106608786,0.0,0.0,-0.3559574944257333,1015.7964416046934,0.99170299862905,,,,,115.65791854734914,1.3195088642458472,2.867315635280629,129.51271644696962,139.8737337627272,269386935,23.641946421622965,1.823553633025232,6.505915869042187,10.858706395561915,0.0,0.0,0.3958526592737543,0.0,0.0,-3.6699999999999657,-12.094791411329588,0.0,-0.1253634744623464,0.0,-0.0042360183997636,-22.635660319211983,0.0,-60.0,111707
-52.0529094500243,18.32672811197051,30.040750261725,0.8890626608044446,-1.3694771767884732,-1.395835129914874,6.501076313937675,0.7749372444121668,1.6841557772234523,0.0,False,RUNWAY_EXCURSION,408,40.79999999999769,1,765057.9649625595,1326.0459932889378,4243.691490448021,397.6516305471988,dry,0.970845033038046,5.936745102099179,2.842772645625135,0.0,0.0,-0.3839168583540662,1013.5670169057246,0.988006106729041,,,,,129.50810076986247,1.6841557772234523,8.535602297309719,131.1721163863169,141.66588569722225,267479193,26.522304864385084,2.4017010020251206,8.079275878522427,13.095628956464838,0.0,0.0,0.5052467331670358,0.0,0.0,-4.079999999999957,-15.226059669150755,0.0,-0.0968349206382259,0.0,0.0,-23.254172294799822,0.0,-60.0,112115
-40.70113831897356,13.101504826141973,30.208456197237403,0.9162824454921928,-1.7117122552684518,-1.7250234572536651,8.641420878409727,0.7812597473057982,1.6027930613953745,0.0,False,RUNWAY_EXCURSION,393,39.29999999999777,1,703188.7501288382,1322.7177524240108,4670.72463581906,164.85980989980823,dry,0.9950464248019482,3.3602392892748,-1.948356722848933,0.0,0.0,3.1618068552674705,1010.0246054803298,0.994837997719534,,,,,124.3593696840644,1.6027930613953745,1.7688559555475258,126.75053781908724,136.89058084461422,1671748609,28.628505786898003,6.278563681092401,7.622416220716714,10.9467691098632,0.0,0.0,0.4808379184186122,0.0,0.0,-3.92999999999996,-7.495358386978069,0.0,-0.2993008550968495,0.0,-0.0917796346333045,-22.84179215925426,0.0,-60.0,112508
-36.993531244255344,12.662567251529332,30.099792775961955,1.0509633282483084,-0.0666907907305011,-0.1864014307198094,8.600053576276794,0.6889446640373965,2.2786065633131614,0.0,False,RUNWAY_EXCURSION,376,37.59999999999787,1,712566.8525270883,1330.7689360795089,4265.91668160306,158.4239682778696,dry,0.9762747072476676,0.4262142448573174,-1.1529468085511536,0.0,0.0,4.965564064025851,1013.1232472926872,0.9950290720818664,,,,,137.944848733098,2.2786065633131614,36.70593168691224,127.79147839327304,138.01479666473492,619185585,26.37328727916012,4.453781155660091,7.138133749178513,12.995393188911097,0.7055996942143036,0.0,0.6835819689939484,0.0,0.0,-3.759999999999964,-6.698674348245914,0.0,-0.3038262248355938,0.0,-0.0383775122175959,-18.542430195074363,0.0,-60.0,112884
-35.445461552046424,13.390502088229788,30.06348365888224,1.032568278649407,3.4227029771963733,3.089503418365972,8.486055455594592,0.7464425986297285,3.7341060959636536,0.0,False,RUNWAY_EXCURSION,435,43.499999999997534,1,694457.2207494638,1331.1581708370877,4606.714075376724,49.96500272397403,dry,0.9789146326100252,4.525184649660664,-0.0343093960132536,0.0,0.0,4.397234250189589,1015.4217899609392,0.9980901372189068,,,,,137.88444630020794,3.7341060959636536,90.74859329626982,125.89204697390514,135.96341073181756,1722230529,32.75622774482848,3.5584831136918185,7.918584246482506,13.396853100446076,2.7686099059344373,0.0,1.1202318287890964,0.0,0.0,-4.349999999999952,-8.666434731786168,0.0,-0.3136696082052632,0.0,-0.0651242430600419,-23.56922290916736,0.0,-60.0,113319
-39.279209011179226,12.210757425804037,30.302824083947428,1.3448569781866258,0.6704074991916529,0.3743498193745837,8.6622214144907,0.750138953387124,2.653673009867063,0.0,False,RUNWAY_EXCURSION,421,42.099999999997614,1,677536.2024732742,1323.4167124320252,4564.531636539409,37.44681006730338,dry,0.9933777703417096,5.618022621245377,2.967612005740956,0.0,0.0,0.5585220344194175,1013.573445577766,0.9984515906385404,,,,,140.16163031309785,2.653673009867063,75.08825054738907,123.6429133806934,133.53434645114888,1258689696,32.70045672678486,3.118389844770892,6.057204273814188,11.958594751882572,1.3900086490524348,0.0,0.7961019029601187,0.0,0.0,-4.209999999999955,-6.974688144431088,0.0,-0.5477869709814679,0.0,-0.407662684250853,-23.15982736078089,0.0,-60.0,113740
-72.22437951715928,55.08113401939215,193.9934890138768,14.668170234392914,40.20796492142259,16.122947893595633,27.111645964298592,0.6674855259961854,789.6859406933047,0.0,False,UNSTABLE_AFTER_LIFTOFF,645,64.50000000000358,1,725543.0675244322,1322.3501603446837,4486.740344773173,371.87747473200506,dry,0.9807645859386004,2.300878468605961,-2.0935427234552004,0.0,0.0,1.7362509831739672,1010.459987159036,0.9662912243708056,46.49999999999736,1886.9795377150149,50.89999999999712,,104.61231612300054,789.6859406933047,4096.024683624158,128.4063893041682,138.67890044850165,1843405230,62.290950489868486,3.7949102296316526,7.996913574551135,13.796952797741838,6.532327887468187,15.635965515299777,30.000000000000007,0.0,0.0,-6.449999999999907,-50.64372982088855,-5.905468630695657,-23.81428676318384,-4.191078000153104,-19.895687644555164,-31.372149152243885,0.0,-70.0,114385
-102.71667092539236,97.9292045279962,402.3392755606497,17.477456210909075,20.86931117243957,15.345000196418644,56.991158677719525,0.5722724405606584,326.2762757040203,0.0,False,ENVELOPE_VIOLATION,625,62.50000000000199,1,712868.7577819094,1327.8638542824976,4217.5238056884045,244.31850199403948,dry,0.9717707042606653,2.7176203289705843,-1.3077259439441171,0.0,0.0,-2.23835029870943,1015.6305626558776,0.9829155784185803,45.599999999997415,1855.0078421910057,49.19999999999721,,122.65716244649852,326.2762757040203,1121.3800238364086,126.08215497474195,136.16872737272132,1189900291,54.88893405020746,4.136020093338705,7.893764381566432,12.450197278195086,2.8084559876323945,10.329764426361118,30.0,0.0,0.0,-6.249999999999911,-58.25039728517165,-14.037014449197674,-29.016754344318368,-15.582993234163473,-26.21690704422227,-25.8697407856198,0.0,-50.0,115010
-207.5670200179048,117.5313258508727,288.00795468685703,23.85178515775368,29.89718130327728,16.034208139059015,29.879636269739063,0.5813517324382703,671.4335149628757,0.0,False,UNSTABLE_AFTER_LIFTOFF,754,75.40000000001226,1,681461.2302399157,1323.4727799294053,4258.1430378246205,433.5658101426848,dry,0.953054333119316,2.414120860496116,-0.6359939873918581,0.0,0.0,0.1864179239718035,1014.913896881166,0.9677151612270256,48.399999999997256,1961.9536125713057,52.099999999997046,,96.74080987652472,671.4335149628757,1041.3052389394793,123.83873682032956,133.74583576595597,1641032421,70.23563320743352,2.376211692898646,9.984446861689232,13.20909104668002,3.237398542239221,21.39786155697081,30.0,0.0,0.0,-7.539999999999884,-103.2972716823008,-35.00176063921234,-36.02890243462232,-25.223145647026705,-48.8421828037328,-32.07439971892147,0.0,-70.0,115764
-104.08716776304816,103.29365009477765,402.05633626641696,18.4566410686178,16.933215618857158,13.03562428824102,53.74378227829715,0.6494696405965582,455.22502928553376,0.0,False,ENVELOPE_VIOLATION,691,69.10000000000724,1,693780.0307177791,1326.625778183943,4249.860313503239,242.8421676497477,dry,0.9615780036401028,0.240473927730684,-0.9764554234089662,0.0,0.0,3.709930449088565,1010.8519395309892,0.9823737700583404,50.39999999999714,1744.3926392231213,54.09999999999693,,99.30695537006936,358.6938851943992,-2531.951264440964,125.96652471369934,136.0438466907953,1738840649,55.38610485183768,5.080859101157682,7.9368328097106735,14.484858841991354,4.180346940803155,12.57702483763768,30.000000000000004,0.0,0.0,-6.909999999999897,-63.147735421807056,-17.23476860827361,-30.456275560453108,-3.699516627295928,-28.964483991410088,-33.32041493694634,0.0,-50.0,116455
-53.7299971595953,21.53093722285056,30.000104122601066,1.0297976157587152,-1.0272882139366566,-1.0275143875398878,9.071447076139291,0.8014800658689843,1.844090964209677,0.0,False,RUNWAY_EXCURSION,819,81.90000000001743,1,715071.6621841341,1330.8276196178406,4592.023320167406,37.73055964231459,dry,0.9612147628534352,5.623353612678925,-1.6587466265746702,0.0,0.0,2.863028577643549,1010.0461998883072,0.9985053214704044,,,,,110.61238197412816,1.378405447768543,-0.2720234587921055,127.75007618633052,137.97008228123698,131069158,70.94346345145937,2.682172521441243,17.51146846082252,14.094811977321116,0.0,0.0,0.4135216343305622,0.0,0.0,-8.18999999999987,-42.18589445018417,0.0,-0.578399157992172,0.0,0.0,-48.42114159679366,0.0,-60.0,117274
-116.32647651255394,94.73883950218035,403.36526448137846,27.805200983948968,18.8806611614892,13.99199213399294,69.23024194163429,0.6787377729782694,588.0268140535317,0.0,False,ENVELOPE_VIOLATION,650,65.00000000000398,1,673074.1584294292,1326.077947328058,4772.941883317055,220.67000337126944,dry,0.995360614096336,1.347782761184268,-2.8358106430026075,0.0,0.0,1.5522343176593454,1010.177038531144,0.9763070534938626,51.79999999999706,1675.239186585187,54.99999999999688,,90.46112582620673,588.0268140535317,71.86173852700918,123.6543564723684,133.54670499015788,1203612941,46.98873839704217,3.7423097419150535,8.41341342294522,14.00582030032825,2.910551046986978,11.946225673518777,30.000000000000004,0.0,0.0,-6.499999999999906,-55.35580423706844,-49.9598755787642,-22.62111828109503,-1.7761987092045368,-15.285620288718428,-32.83491800043961,0.0,-50.0,117924
-35.47603489694454,18.88766053455361,30.114994580749457,6.458456590199119,-0.8246326952865964,-0.5780655031423849,9.3640311421991,0.7783751273452756,3.14219773142895,0.0,False,RUNWAY_EXCURSION,828,82.80000000001814,1,733228.9757329478,1322.7750353161146,4292.625126227729,291.80574671884085,dry,0.9864088421630244,1.6945699257238092,-0.2358888919128681,0.0,0.0,4.755327770423589,1013.7613433652662,0.9912272160965092,,,,,129.3307489302932,1.9534956844527755,3.956814323819833,129.5437214452164,139.9072191608337,976358674,75.647046985205,2.7439039028107137,16.957790961827474,16.534299409600752,1.5596951845573432,0.0,0.5860487053358325,0.0,0.0,-8.279999999999868,-32.82042228310515,-0.31994883313382,-0.5843319098435513,0.0,-0.040120459714609,-47.45999656048468,0.0,-60.0,118752
-48.00055065398271,16.711834071525498,30.12299876207761,1.4302736526028763,-1.1575323077537771,-1.1628275331256102,11.274189743861218,0.7789079057516427,1.8073241438277137,0.0,False,RUNWAY_EXCURSION,790,79.00000000001512,1,713687.1903833675,1329.8921645889818,4654.877625515178,364.366597404923,dry,0.9996099198860406,2.427902079645804,-2.361593037492985,0.0,0.0,2.2644473609971465,1014.2014856055016,0.9890583427404358,,,,,122.56551937040908,1.6676401690520493,1.897184696436529,127.23357371724568,137.41225961462536,619379841,58.58135483717104,2.031678637974592,14.104641046512254,15.608486041838486,0.0,0.0,0.5002920507156143,0.0,0.0,-7.899999999999876,-24.515051605224265,0.0,-1.2404341450191716,0.0,-4.8064309256233936e-05,-45.17146945364205,0.0,-60.0,119542
-55.91703373715663,14.861781340756602,30.162880498928303,0.6897040177696586,-1.1344573984574156,-1.1720196899680062,8.526256582496844,0.8175983716865735,1.7061328352650094,0.0,False,RUNWAY_EXCURSION,501,50.09999999999716,1,704783.1291963912,1331.886824302905,4280.965587138042,201.5203956918252,dry,0.976638433201076,4.849373805471496,-2.091270092717868,0.0,0.0,-0.1121209689695268,1010.1026538011866,0.9936968955204584,,,,,131.5743796640957,1.7061328352650094,10.829655290403633,126.1742067669051,136.26814330825752,971614501,27.076176887507547,2.698606751584592,7.657098840154867,14.705558241024637,0.022412840472884,0.0,0.5118398505795027,0.0,0.0,-5.009999999999938,-12.29523831720567,0.0,-0.5577823961269404,0.0,0.0,-30.72570643514799,0.0,-60.0,120043
-135.66827313537183,84.29430255660571,389.9929004245719,27.03689412103068,16.830757563867525,11.521867169911234,70.00571340298802,0.6756507340985668,451.7350837845795,0.0,False,LOSS_OF_CONTROL,684,68.40000000000668,1,713351.8716496266,1328.427205978178,4364.108860924246,343.19373464986336,dry,0.9772307929170704,7.178271992858127,1.3088871697489606,0.0,0.0,-1.208807776526541,1011.2417913492036,0.976495609717212,55.19999999999687,1773.01471939244,59.19999999999936,,103.66441049418916,451.7350837845795,965.120986331972,126.6256344258304,136.75568517989683,886688143,49.24282254844813,3.237251486787282,9.324330277176877,14.107294721242749,3.6574463220240254,12.470549079381035,30.000000000000004,0.0,0.0,-6.839999999999899,-53.53845496821993,-44.5559222852138,-21.61847502788373,-0.5553254117960359,-16.34265606227358,-34.25713381504482,0.0,-80.0,120727
-44.5484469974908,17.129532255847455,30.216320548548648,4.066008104209256,0.1029307667071718,-0.1673362586374245,8.25227241769316,0.7185908261294861,3.4602431942760745,0.0,False,RUNWAY_EXCURSION,745,74.50000000001154,1,684616.914562664,1324.4497990292082,4248.179662555155,334.54737700761484,dry,0.976782950274058,5.948922590702469,0.3208650296470701,0.0,0.0,0.5039117702298306,1015.3480323442178,0.989800167288386,,,,,137.38409606145888,3.4602431942760745,49.47839912725134,124.16690544591832,134.1002578815918,1056188272,52.122972129143385,3.15908270303778,13.145678145299303,15.474372097506132,1.1277863392521803,0.0,1.038072958282822,0.0,0.0,-7.449999999999886,-24.28872801128532,-0.00232992790056,-0.4296327895966066,0.0,-0.0001451240536417,-38.44557551717619,0.0,-60.0,121472
-51.769266172671614,17.308428115930322,30.379141404174234,16.45253260681464,-0.4286631993480601,-0.5339321478292052,8.276627909775163,0.795126979464087,6.416994325788437,0.0,False,RUNWAY_EXCURSION,464,46.39999999999737,1,674132.0848099298,1326.50004599331,4675.538009094263,182.8895469832027,dry,0.976415948268246,7.778126883243969,-0.4778065916738172,0.0,0.0,-2.73179850285398,1015.6735642323764,0.99404903240887,,,,,135.16936154879568,6.416994325788437,24.37096711579457,122.50026949738908,132.3002910571802,1756901406,30.862992444594955,3.199793911902112,8.04195307093299,12.492191000377211,2.1038801372305134,0.0,1.9250982977365312,0.0,0.0,-4.6399999999999455,-15.445100144863083,-2.3152916297301376,-0.6025809162772622,0.0,0.0,-27.392202344575484,0.0,-60.0,121936
-66.68213372263185,14.510565041001124,30.14522627593295,0.3237716100871175,-2.3108032077616167,-2.343910128407328,8.656145938365123,0.8342952226546771,1.221017696056947,0.0,False,RUNWAY_EXCURSION,475,47.49999999999731,1,735537.8322661589,1331.6974066629289,4510.978380266485,211.0115594290777,dry,0.9727410104758676,1.948870312813164,-2.144023115149659,0.0,0.0,-2.6914716408111072,1012.4608033846972,0.993390764193304,,,,,118.70499472089654,1.221017696056947,6.98749453745485,128.1697970937063,138.42338086120282,1772735651,18.59538436984176,3.0854195456544606,5.48132765966446,12.104830956556954,0.0,0.0,0.3663053088170839,0.0,0.0,-4.749999999999943,-11.112704051037104,0.0,-0.6997728704017113,0.0,0.0,-29.752924641727684,0.0,-60.0,122411
-136.18587937638893,79.489479718853,395.24603818859856,42.137664796592006,14.693164093067054,10.27581150592149,70.1343443225639,0.6829037459326165,185.336917059482,0.0,False,LOSS_OF_CONTROL,729,72.90000000001027,1,765102.912536738,1325.7598756960374,4340.603742763077,383.0423990622591,dry,0.969311138303741,3.6136968331853394,-3.626308710070271,0.0,0.0,-0.6195325882397311,1012.5718260855704,0.9852447340178012,60.20000000000016,1845.545360196768,63.800000000003024,,122.65610333834088,110.66419063706223,-1913.40187621427,131.18667666812038,141.68161080157003,1345412382,51.16791031443415,4.99917255508379,9.920404204675236,16.068707848574462,2.7504915272239088,6.372451372519289,30.000000000000004,0.0,0.0,-7.289999999999889,-51.86855751696538,-46.74492175986161,-21.192953978309816,-0.0045297630489133,-13.348560885302708,-37.0154932954112,0.0,-80.0,123140
-108.44716427183432,20.32380962786859,70.42656192308509,26.470051391055502,19.893466964836847,8.800581113851628,20.40078896856334,0.7364360465255853,268.91720209256334,0.0,False,CRASH,573,57.29999999999785,1,688715.7397893725,1324.6141424833995,4707.716300660661,301.65980631164706,dry,0.9870632222821876,6.4523229827581305,1.8885138116448488,0.0,0.0,4.106145579310895,1015.5058284044112,0.990858104878471,42.79999999999757,1411.1779841288635,46.39999999999737,,134.90542991772162,3.701294008436832,-2505.8017914885354,125.3029822232757,135.32722080113777,1525331520,46.99517125830007,3.8376792885262296,8.033334641299591,12.753706334029928,4.845033883804247,7.283279236774151,1.110388202531048,0.0,0.0,-5.729999999999922,-25.60598994050072,-13.567661003009306,-7.221367910622015,0.0,-10.25379852192933,-30.926939741038257,0.0,-100.0,123713
-185.0903121846728,85.68497267501607,348.0235190301614,31.19209184067076,17.2808977829165,11.403595232755931,70.18899976655916,0.6256512616466627,195.94576011113344,0.0,False,CRASH,542,54.199999999996926,1,671227.343450657,1330.554678626769,4794.086117125975,94.65590314058323,dry,0.9995998312502458,7.826579161536255,1.4296182040351435,0.0,0.0,-2.500667625609358,1012.9438728055784,0.9963813905795562,39.99999999999773,1339.9647931910686,43.79999999999752,,107.03232991530624,15.111628249375856,-2870.572372901838,122.45020679198107,132.24622333533958,2059603553,40.19099291133145,1.7580368251528051,5.963867268212272,11.559634440472136,2.565323687398084,6.811242419569539,4.533488474812758,0.0,0.0,-5.419999999999929,-55.13545362564219,-41.11464698166412,-22.250346953161568,-0.8832734587101213,-8.61889647096193,-25.05028072148157,0.0,-100.0,124255
-168.41248451993582,60.23722723770872,286.7767649828948,32.60713705372958,13.061119595646073,8.956203499086703,64.7812897841556,0.6835756283974386,92.91956093408784,0.0,False,CRASH,577,57.69999999999817,1,749387.0035001741,1327.820206865237,4265.6761699358285,325.17322541193266,dry,0.9812334674213395,7.879432824307812,-2.1818313323326124,0.0,0.0,4.503209894849936,1011.7094861510086,0.9901122405962842,46.79999999999735,1650.450277274775,,,130.96270619803047,7.114732276314442,-1800.3027059501665,131.03961262282704,141.52278163265322,1367752506,45.55189988814003,1.7840288015376056,8.78538251560522,14.358725252815626,3.120334441038936,3.4341812469736266,2.134419682894327,0.0,0.0,-5.769999999999921,-45.80480229165554,-41.36215249917732,-15.589887805704588,0.0,-10.002172395674425,-29.052441356729123,0.0,-100.0,124832
-103.43924665886024,60.21006375959147,302.9243341386054,46.03177593313803,16.689302304768013,9.809633580641169,70.27563483894228,0.6782027552154664,247.10491670237235,0.0,False,LOSS_OF_CONTROL,563,56.299999999997056,1,767218.0193818319,1326.319498080456,4307.813696866927,28.612154331726146,dry,0.9789166368601636,7.734547390204603,0.5588586693980293,0.0,0.0,4.711358543363989,1010.0506020422068,0.9919507501616632,45.29999999999743,1531.1826375313406,48.79999999999723,,138.1177274905812,239.87791257721028,-581.6911024748399,132.74545328311106,143.36508954575996,793289931,43.928680260232696,2.5713947668274275,7.793932277136318,14.210697161451424,3.1564036565789,7.818663307323916,30.0,0.0,0.0,-5.629999999999924,-38.64044964441665,-40.21815090578562,-15.660597440900196,0.0,-4.469113941098332,-28.30070615620989,0.0,-80.0,125395
-107.39631787558672,55.85707584623982,283.3067926558149,52.39422775576305,16.239352189100828,9.218973658814807,70.53404461690039,0.6981967930158557,214.4789764699118,0.0,False,LOSS_OF_CONTROL,548,54.79999999999689,1,687824.8515337378,1323.4376714217892,4385.975063627821,494.798055530226,dry,0.9590051178643236,4.038651015199092,-0.2801404517769308,0.0,0.0,1.9372322620932056,1014.43493713724,0.9804033213197914,44.79999999999746,1632.1609614322597,47.99999999999728,,133.45701071690425,172.10392561565902,-2039.6053111785525,124.82222708176502,134.80800524830624,176283768,44.20049615920689,3.384952943927201,6.020261446846441,11.568856073595969,2.9417038369737103,6.42784117404698,30.0,0.0,0.0,-5.479999999999928,-35.41660831601423,-40.37186262349466,-16.625213730244063,0.0,-5.580278111137536,-28.46646672929329,0.0,-80.0,125943
-44.572016115951484,13.463978260957775,30.23294484394388,0.8701181587671184,3.995515572714182,3.654504776260118,7.032011835187103,0.827918816954543,3.947106876352223,0.0,False,RUNWAY_EXCURSION,385,38.49999999999782,1,697632.141393456,1331.5934407746167,4405.629064604148,292.13360980081245,dry,0.9609718974753684,5.964919085295678,-2.52066836537765,0.0,0.0,3.414013590214444,1014.166037334945,0.9911101535636312,,,,,135.83590159283602,3.947106876352223,81.42606932104123,126.04524201346943,136.128861374547,1186724181,26.56041914126208,2.362668242771019,6.040671136862374,12.0283402800365,3.2156910076520933,0.0,1.1841320629056666,0.0,0.0,-3.849999999999962,-7.754700398382699,0.0,-0.2550659709421664,0.0,-0.0079256781883306,-24.096245939928018,0.0,-60.0,126328
-124.71982896765266,49.07818349183773,252.3879689206061,47.33714348194701,17.73616388715738,10.545943209506076,70.67349224360764,0.7082112563418749,165.10849704278402,0.0,False,LOSS_OF_CONTROL,589,58.899999999999125,1,732275.6644843535,1331.144667691779,4595.166204541472,242.69208546336208,dry,0.9526654000826424,3.1080438010750964,-0.2330179303775197,0.0,0.0,2.941826192022289,1011.389025023106,0.9914377413634576,46.79999999999735,1608.339260885228,50.699999999997125,,129.8106127565138,41.80252296475825,-3549.522881822443,129.20935990658805,139.5461086991151,497074429,45.466826240331365,3.047265424191861,7.839506361173194,13.106371098559167,2.666427381802226,5.994076418871483,12.540756889427476,0.0,0.0,-5.889999999999919,-36.81878771844514,-44.05606605132,-13.521251919997482,-0.034028940149328,-3.901249719632633,-31.15967443246462,0.0,-80.0,126917
-45.508571479298816,13.131266870626098,30.05909719866225,2.175008621745198,1.2899607082443127,1.1900162637783118,8.075915510073607,0.8229600472920605,3.6020928474632683,0.0,False,RUNWAY_EXCURSION,441,44.0999999999975,1,721136.0873674586,1323.187545986532,4545.368496372723,344.62044383221814,dry,0.950108737976943,7.876525964472806,0.873336206689578,0.0,0.0,0.5140378125690734,1014.6532791226766,0.989504212345964,,,,,139.33667801083152,3.6020928474632683,49.039627909415074,127.48142555156012,137.67993959568494,1275442510,28.597309907949043,3.287898241026868,7.192284040390872,12.613910688312908,2.138438310635355,0.0,1.080627854238981,0.0,0.0,-4.40999999999995,-8.449078311752526,0.0,-0.2683167860009584,0.0,-0.0243676412423029,-27.26727778285704,0.0,-60.0,127358
-68.00201651945785,25.12332323844222,125.38754595630998,60.881511802298185,15.384670302300114,8.3381716042189,39.76317988750024,0.7641993502846283,147.75891821785393,0.0,False,LOSS_OF_CONTROL,564,56.399999999997135,1,753841.323245472,1324.2006783004715,4426.897836004225,419.5056448047435,dry,0.9506337662554444,4.522798376354982,2.958468589178543,0.0,0.0,-2.2252698312288617,1012.396884882232,0.9830275014040888,49.49999999999719,1586.5397035273188,53.499999999996966,,124.7126268365358,147.36409236024377,-227.1527691017709,129.86473011143875,140.2539085203539,55205953,40.04003233388563,1.8368366265985565,7.093472906481957,13.665594208295571,3.58298862169306,5.355914290144378,30.000000000000004,0.0,0.0,-5.639999999999924,-24.66676101921844,-20.21172828133923,-6.369758261011347,0.0,-0.3589181302964869,-32.329689814691385,0.0,-80.0,127922
-100.55398335349446,55.5450747054339,275.70153270820714,51.20616784008076,16.76050950512901,8.683881440494948,70.11736851495787,0.6954166171419034,215.94033274598343,0.0,False,LOSS_OF_CONTROL,537,53.69999999999696,1,714777.8288405769,1322.6870057504698,4253.994976843717,364.2204222663935,dry,0.9814369787663269,4.800468845167415,-0.1401539687203579,0.0,0.0,-1.0436135520521193,1013.3254432298626,0.9847189439053734,41.69999999999764,1615.7658195473757,45.49999999999742,,139.2574661326253,146.66832650750115,-2333.158736530488,126.6581897392532,136.79084491839347,1821691497,46.028647305318,2.377844219328596,7.9975091124671485,11.923748845825482,4.0848266420397445,7.037784746151427,30.0,0.0,0.0,-5.36999999999993,-40.25219768139628,-40.45949983430344,-13.78539538211299,0.0,-2.244862942096956,-27.89238838471496,0.0,-80.0,128459
-62.81209753885837,12.30313543553527,30.02406099270389,0.9223066782345452,-1.5149880027667957,-1.545377974703054,8.266708313091009,0.8313559233676078,1.8593644223972208,0.0,False,RUNWAY_EXCURSION,554,55.39999999999686,1,762688.2799242148,1328.516150319104,4507.561279558408,330.26477005743624,dry,0.9515585428050186,7.738399085744368,-2.962387800156162,0.0,0.0,-2.043919034253891,1010.1897926269878,0.9898959103992672,,,,,131.8296910022299,1.8593644223972208,4.195902037954902,130.808624780678,141.27331476313225,2028429921,24.921131669847924,2.0040901806340856,6.745057275546543,12.846513792318737,0.0,0.0,0.5578093267191666,0.0,0.0,-5.539999999999926,-9.3174884906665,0.0,-0.2837240919162189,0.0,-0.0176907650433333,-34.72779643629868,0.0,-60.0,129013
-113.17862653965356,57.22788259433249,278.63688527723224,48.25949893192956,20.16012743627902,11.12568287858724,70.28016382377909,0.724607452134595,229.9228347587824,0.0,False,LOSS_OF_CONTROL,589,58.899999999999125,1,730607.9693924405,1331.9509920835098,4470.80934481212,221.27191523281525,dry,0.9890708267766822,1.204345374743505,1.7296987799017258,0.0,0.0,2.4253868246283954,1012.8770168389312,0.9899108037811928,47.09999999999733,1617.2097758276736,50.39999999999714,,117.27798445753172,115.53713841988456,-3538.5551122243924,128.8528544228873,139.1610827767183,312402043,45.23762172208127,1.874363183216412,7.904044378683171,13.019404341398827,2.516933571436479,6.829878920803315,30.000000000000004,0.0,0.0,-5.889999999999919,-41.45690702722116,-41.992794993303406,-15.791439888623708,-0.1668033128411471,-3.1765729989705447,-32.086354436312824,0.0,-80.0,129602
-54.32705084052181,10.690642110651462,30.048503632460587,1.0088105498340474,-1.000136913099177,-0.9596429759260122,6.237150870159555,0.8474450603399772,2.3269696882432527,0.0,False,RUNWAY_EXCURSION,529,52.899999999997,1,720032.7554218336,1323.4078332796817,4602.239073468908,313.9696256392442,dry,0.9797077640920632,3.4147708240152763,3.855144413955972,0.0,0.0,-1.504219838525879,1013.4255624348422,0.9903581003159436,,,,,139.58534960837767,2.3143498958498867,-4.891995129776889,127.01463456521094,137.17580533042783,1759114057,26.61586027753564,3.611514139573506,7.3765895735366,12.377295484330324,0.9175547766489552,0.0,0.6943049687549661,0.0,0.0,-5.289999999999932,-6.7177021558244645,0.0,-0.0723004455005937,0.0,-0.0010980749019792,-33.839069384674644,0.0,-60.0,130131
-122.66118562389934,71.46365940401046,310.5601039396354,42.255202114589615,19.87182338023401,11.22801973717078,70.69457730001407,0.6927623875044582,254.46636198110457,0.0,False,LOSS_OF_CONTROL,535,53.499999999996966,1,677865.5872440867,1327.2811923463842,4411.872961234924,472.4299921416363,dry,0.9655154531169494,6.110354005736439,-3.7813325665994872,0.0,0.0,1.5031478176600634,1013.9114164458164,0.9813383418596492,40.699999999997694,1197.6791548887618,44.29999999999749,,123.01258160497568,160.227194473527,-2773.994270550188,123.85447432143042,133.76283226714486,872974300,37.7145384285703,2.482582559560711,6.72818410928907,11.088178184054344,2.710147019765947,7.618146181425586,30.0,0.0,0.0,-5.34999999999993,-49.57672840261146,-36.323563234595454,-16.33447832375165,-0.3387010739743993,-5.464150879568267,-27.61534019206382,0.0,-80.0,130666
-49.43856697536869,0.3391907399206724,0.3772101021215123,0.013586268993793,-2.844529065242121,-90.0,0.904646080122645,0.8572607220275323,0.0,0.0,False,FAILED_TO_ACCELERATE,301,30.099999999998296,1,742705.7736487223,1329.144415720448,4761.770670395924,357.1455102783623,dry,0.9808139228208052,4.870153920680744,-2.4994452423832083,0.0,0.0,-1.313657821459728,1013.327176977083,0.9891956907195968,,,,,11.691651228288112,-0.1616498421022925,0.2038050242422118,129.04804505982202,139.37188866460778,89514544,0.6030278916917244,0.6081923778538677,0.4461418845111318,1.608894008140464,0.0,0.0,0.0,0.0,0.0,-3.00999999999998,-0.0038477953080475,0.0,0.0,0.0,0.0,-19.6909753422578,0.0,-30.0,130967
-47.135172967528426,12.267154439752556,30.265642440492904,0.6582577964673446,1.7772028894933802,1.4783230673507028,6.5218824656415135,0.8148331533921392,3.0050221962808905,0.0,False,RUNWAY_EXCURSION,380,37.99999999999785,1,681516.5646240204,1329.4447168094223,4597.435137382807,66.5086195475329,dry,0.975827038297954,1.99616422488885,0.9056453070959654,0.0,0.0,1.953771781163109,1014.0044637681532,0.9976101191688777,,,,,136.84258234429464,3.0050221962808905,70.8162072891234,124.27842750025307,134.22070170027334,1954121989,22.74024814717515,2.860490516579233,6.161199826511566,11.866061243094824,1.873556963634676,0.0,0.901506658884267,0.0,0.0,-3.799999999999963,-6.353729962057948,0.0,-0.1463368824922518,0.0,-1.5315719619831343e-06,-23.23816794728598,0.0,-60.0,131347
-119.66289780107525,69.60091350179333,302.9213981332181,43.28158759573182,19.78784669799653,8.92035518890458,70.16624232350938,0.6967072171949142,242.67009152297703,0.0,False,LOSS_OF_CONTROL,523,52.29999999999704,1,671831.4619982814,1323.2372257879529,4646.350993642357,19.197938774380475,dry,0.970481217811918,0.362058831082507,-2.079880382894518,0.0,0.0,4.502147595057392,1010.7812162627906,0.9946129065621718,39.99999999999773,1263.675638324701,43.69999999999752,,118.50120823735192,155.63020191174618,-3101.955073643573,124.1304222295324,134.06085600789498,2020595744,38.53645375506337,3.761753563338712,7.536627246365506,11.778448273397242,2.959208835294163,7.430921000358616,30.0,0.0,0.0,-5.229999999999933,-44.098303124673066,-40.50957878278231,-14.36914293874197,0.0,-10.04484368943008,-27.41444193926512,0.0,-80.0,131870
-46.83115250610492,0.9605158781900294,0.9843034879731832,0.0079885592538579,-3.021065265720477,-90.0,0.4555635216223001,0.7773754733675471,0.0,0.0,False,FAILED_TO_ACCELERATE,301,30.099999999998296,1,760559.8074343593,1322.1731428090957,4774.460700458418,401.7466887942704,dry,0.9963148458810293,6.927949367274543,-1.3088940821402542,0.0,0.0,2.390077885161096,1011.0870673446958,0.988054794680702,,,,,13.377673401962218,-0.1848968605781351,0.0740311488808664,131.57586058915334,142.10192943628562,92485438,0.638040338417014,0.6254433598619378,0.4810087536620408,1.8490956191146068,0.0,0.0,0.0,0.0,0.0,-3.00999999999998,-0.0308555351587559,0.0,0.0,0.0,0.0,-17.383885042001765,0.0,-30.0,132171
-55.87425561596499,11.458194457215535,30.119788081164955,0.8419576953050234,-0.3972018461846882,-0.4367544477647737,6.79628620548455,0.7683738840775596,2.205025079237288,0.0,False,RUNWAY_EXCURSION,529,52.899999999997,1,728885.7772792631,1331.738150039761,4707.520565229586,197.73504372133704,dry,0.9634843068121978,7.834180867805981,1.6558044200885864,0.0,0.0,0.9014509709245556,1015.3979175830236,0.9938189812031925,,,,,135.7733456251367,2.205025079237288,10.156227077000455,128.2035254214759,138.45980745519398,1274239748,23.95252499426966,2.944183478886987,6.549018494182132,12.579358224807567,0.43356358993321,0.0,0.6615075237711868,0.0,0.0,-5.289999999999932,-7.71694738844933,0.0,-0.1530783575202977,0.0,0.0,-29.834386175846014,0.0,-60.0,132700
-45.63258306379049,1.016986892545907,1.055408233053153,0.0076605983556919,-2.8193034252454656,-90.0,0.9371632165975508,0.7127884169287594,0.0,0.0,False,FAILED_TO_ACCELERATE,301,30.099999999998296,1,717041.987818104,1325.7560170145991,4441.691585228004,274.8407241608607,dry,0.9506461863477488,6.367653336697627,-3.755071830013653,0.0,0.0,4.248045173746611,1015.155805148358,0.99174920747427,,,,,11.371709084268172,-0.1682758739333394,0.4982007815841571,127.90689668005352,138.13944841445783,1766748282,0.5003210330116797,0.4908416462334173,0.36992858409053,1.5764910798406966,0.0,0.0,0.0,0.0,0.0,-3.00999999999998,-0.0345903293580738,0.0,0.0,0.0,0.0,-15.525575077608748,0.0,-30.0,133001
-55.362509937723175,10.256775524225583,30.198580404380472,1.0254296137426455,-1.356628897780731,-1.3820700569634836,7.333269723492047,0.7477648249427702,1.8180774545198235,0.0,False,RUNWAY_EXCURSION,543,54.29999999999692,1,748898.8862574401,1325.5951610739585,4481.55722164783,371.2064489283618,dry,0.9928678711179344,3.647710834529171,-2.281435571289842,0.0,0.0,0.6904581811246295,1011.9243637305544,0.9888004618132766,,,,,132.4884845588456,1.8180774545198235,6.657820677534403,130.1269845620213,140.53714332698306,1696194208,23.88728978902113,2.984045045293628,6.026991259972864,12.87302491588419,0.0,0.0,0.5454232363559468,0.0,0.0,-5.429999999999929,-6.347153797312626,0.0,-0.2172893745079762,0.0,-0.0017973940898179,-29.683043618340427,0.0,-60.0,133544
-47.00684525348207,10.729173977190936,30.207079017704288,0.8000070213493499,-1.7628476049635886,-1.7966114870085832,6.99431812199516,0.8590500555920166,1.653170557566682,0.0,False,RUNWAY_EXCURSION,402,40.19999999999772,1,713581.1497833078,1323.841967550352,4297.794665994178,384.6453697091975,dry,0.9521337139884638,5.599872787970147,0.375996528600572,0.0,0.0,4.163017300867622,1014.9396818530208,0.9885463283630336,,,,,123.61531669877974,1.6530149664326927,-0.2343164405778353,127.592877910175,137.80030814298902,892030427,23.439685229797355,4.674019491995443,7.153775211009618,12.96614260385718,0.0,0.0,0.4959044899298077,0.0,0.0,-4.019999999999959,-5.1418111157331285,0.0,-0.222541875490283,0.0,-5.988198030936333e-07,-26.35201869002822,0.0,-60.0,133946
-116.93799315734904,70.41680178913789,318.94675687467173,31.929939384185825,19.86731862903966,11.180557957094354,70.39171782085398,0.679168723684665,272.1222872347321,0.0,False,LOSS_OF_CONTROL,586,58.599999999998886,1,736703.165752349,1329.856090914904,4798.628090874658,86.98168029674281,dry,0.9652951917131298,7.31497200369049,-1.1752402457961355,0.0,0.0,0.9459694057100564,1013.2199850514992,0.9916008999358326,43.39999999999754,1583.6293319172069,48.09999999999727,,124.66188381512488,189.6454425989411,-2264.6632054774323,129.03757713124648,139.3605833017462,1846657787,48.97502717345744,2.6889376485400818,8.111251456979993,13.473863683561444,5.428715749808961,8.9149633006126,29.99999999999999,0.0,0.0,-5.85999999999992,-48.68111186531262,-42.50157890083834,-16.681013459406262,-0.4817060056957699,-10.887103090235309,-29.43823884882102,0.0,-80.0,134532
-42.34708103061783,13.00375696211646,30.14401143325856,1.497650363615331,-1.1743062838538665,-1.204599187499002,8.029721521024474,0.8349618133933975,2.390327214315043,0.0,False,RUNWAY_EXCURSION,411,41.09999999999767,1,765713.6414909628,1323.708441749534,4645.202773997683,50.16303799196581,dry,0.9751501941087716,5.918816561072825,3.208098612980438,0.0,0.0,0.8517402853176552,1012.5428520224278,0.9981093914470148,,,,,140.9461632187408,2.390327214315043,24.95508457198426,131.5762492915036,142.10234923482392,1781990488,28.197677453327465,4.724163470572849,7.579336420166971,13.878184311240918,0.5523825362717716,0.0,0.7170981642945127,0.0,0.0,-4.109999999999957,-7.722128077593851,0.0,-0.2720046588965733,0.0,-0.0006454707369081,-25.891145179265,0.0,-60.0,134943
-138.70277076751904,89.67589188070112,380.453234480824,28.537952054282066,19.6878141047788,10.18219700282761,70.41421476551221,0.7040064115928052,298.2717956294812,0.0,False,LOSS_OF_CONTROL,559,55.89999999999683,1,711992.1940193229,1323.591936805118,4417.005727597492,125.86385586260162,dry,0.9922429127244622,7.237242295438247,0.4054938145084517,0.0,0.0,1.6927918681169292,1010.888692466075,0.9902945796577396,39.69999999999775,1438.7280369897376,43.69999999999752,,131.37023961823516,196.67155166078896,-1740.3769497891255,127.16511435438608,137.33832350273698,243444659,46.449277822864,3.582517075503441,8.074867593383225,12.662308277100374,3.416924361243533,9.038156052710011,30.0,0.0,0.0,-5.589999999999925,-59.848216933728885,-46.309825446811,-19.411193722805987,-0.0044990524486951,-11.232991005536796,-29.53009578899196,0.0,-80.0,135502
-48.83678570086493,13.279665219459751,30.014229488468352,0.8683831632125081,-1.6880946600158264,-1.697287660937074,9.220821225784729,0.8307089334229626,2.017018794800421,0.0,False,RUNWAY_EXCURSION,400,39.99999999999773,1,737328.9980086243,1327.4333610335864,4494.2744623214685,81.10175776994582,dry,0.9580183510233996,1.0948364908696586,0.8274585739086118,0.0,0.0,3.672776762129349,1010.6095561085016,0.9972515866370356,,,,,138.61615350831087,2.017018794800421,1.5668718913001989,129.86715809553942,140.2565307431826,21377256,25.55729547288464,2.805134337465224,6.105114722565372,13.282624449686054,0.3569193165643407,0.0,0.6051056384401267,0.0,0.0,-3.999999999999959,-7.837755926263508,0.0,-0.6059816552959503,0.0,-0.0265959550936415,-25.078646101817583,0.0,-60.0,135902
-57.85712170589205,17.164090220861958,30.004308674093053,0.7032822813478653,-2.4721573901246905,-2.4999580774375025,9.38455412870498,0.8418185676816745,1.118978174565882,0.0,False,RUNWAY_EXCURSION,373,37.29999999999789,1,720316.6916382224,1331.7403260554838,4540.888712101769,328.9144762828101,dry,0.963928438854556,1.7795615164693324,-2.6830509980432464,0.0,0.0,4.845120439944451,1012.239770734179,0.990187881693194,,,,,110.73463122135604,1.118978174565882,2.0253561339338333,128.51417186286264,138.79530561189165,219536274,21.43058522478461,2.177126840344019,6.483202515872905,11.89722579263277,0.0,0.0,0.3356934523697644,0.0,0.0,-3.729999999999965,-12.20978171444317,0.0,-0.5494312907011045,0.0,-0.0054999808893948,-23.686242545862363,0.0,-60.0,136275
-115.91516695139586,106.6860851949752,401.0939967143913,24.994916926939627,26.851270588758982,10.139666747434372,47.83874795165401,0.6370874551080516,518.6835722044991,0.0,False,ENVELOPE_VIOLATION,616,61.60000000000127,1,697412.9284606831,1322.8962290512463,4268.230590853603,212.7743672251587,dry,0.9912540623411656,2.582426229317214,3.408570215454863,0.0,0.0,0.968835492038548,1015.4419970249364,0.9914749385506024,39.89999999999774,1294.5369335519051,43.39999999999754,,149.5159473077771,67.5831477282045,-2372.361019133786,125.417002435189,135.45036263000412,783930654,49.73564887490394,4.099464427841586,7.27889815729333,12.38523335332473,3.775486773674567,11.00760708457556,20.27494431846135,0.0,0.0,-6.159999999999913,-78.73637802193997,-18.06558195268986,-24.60834577274059,-0.0007035187770744,-18.12544130559733,-28.77599936972613,0.0,-50.0,136891
-44.46583612099903,11.22012183991034,30.209652151440068,1.6521769413264804,1.129073432903982,0.605243679081323,9.414055384171876,0.7870292242582853,3.190451984840763,0.0,False,RUNWAY_EXCURSION,370,36.999999999997904,1,691353.4763551843,1327.7607771868347,4547.806208929745,420.3899724584057,dry,0.9896211173608738,1.5877291418904962,-3.205265773701627,0.0,0.0,-0.6032146287674651,1011.1048058903796,0.9872602098982368,,,,,149.3411129166037,3.190451984840763,130.22369564879384,124.79782996908992,134.7816563666171,235553100,24.46047563396648,3.57326618675904,4.841500898008668,11.317576913390631,1.89414300459588,0.0,0.9571355954522288,0.0,0.0,-3.699999999999965,-5.175524401988917,0.0,-0.720028987687013,0.0,-0.1696091125928141,-21.74477185090325,0.0,-60.0,137261
-138.14792072766832,84.73447151960416,337.7796929695152,26.04257060400755,26.981087589167142,14.322850467443835,70.01878485238825,0.626936264415653,449.34986356114655,0.05,False,LOSS_OF_CONTROL,562,56.199999999996976,1,693926.9056229888,1330.0117468611654,4305.274812630369,394.5846781009261,dry,0.9659224306132302,6.192919533341569,-2.1444996681373207,0.0,0.0,-1.876145375604712,1014.1193048917504,0.9795538938879296,38.19999999999784,1283.942105616182,42.2999999999976,,120.05613239332088,292.1243107966725,-3077.2224023515937,124.56727624527366,134.53265834489557,168856718,44.465682587423615,5.624173464771028,5.646039950350225,11.812804599458024,4.631350079544493,11.367834270349716,30.000000000000007,0.7,0.0,-5.619999999999925,-60.66150165367333,-39.016254472195016,-20.16956123325841,-10.242698587693535,-10.95414927484908,-25.73164045789582,0.0,-80.0,137823
-59.677580348712695,7.738317665182972,30.058982724988148,1.2216709353747088,-2.825975777014699,-2.906413578753517,12.542999020941595,0.8707543848917401,0.4163908036740622,0.0,False,RUNWAY_EXCURSION,290,28.99999999999836,1,702728.0400714859,1322.631140400205,4351.606944996524,418.0514905979679,dry,0.9722304173218416,7.677760855256738,-3.4658743068580664,0.0,0.0,3.424615237083949,1014.498688422433,0.9875850894780532,,,,,78.78113463761791,0.4163908036740622,2.9310097484001574,126.4863147486156,136.60521992850488,555678126,9.419450792992466,4.443115163595894,3.23564396276911,8.539262995245354,0.0,0.0,0.1249172411022186,0.0,0.0,-2.899999999999982,-1.929516942590225,0.0,-1.322727890297202,0.0,-0.0016090298578972,-19.286116641672383,0.0,-60.0,138113
-58.18296621528846,11.946201123351637,30.70468571346018,1.5998716843237628,-2.15998384069016,-2.1835765841243475,16.49055790506193,0.8469289376089972,1.396726785636531,0.0,False,RUNWAY_EXCURSION,400,39.99999999999773,1,755821.5800617189,1328.2768115908882,4332.546751369207,380.4928702367736,dry,0.9688605038833894,5.450170416060455,-0.1946218998051359,0.0,0.0,-2.374691435774854,1011.7527130372484,0.9884199014435758,,,,,119.93027647098914,1.396726785636531,1.0570834511349323,130.04258485449088,140.44599164285015,1401479130,22.41782004550513,4.408901536694231,3.470354119788216,12.53507909452046,0.0,0.0,0.4190180356909592,0.0,0.0,-3.999999999999959,-6.342743167980791,0.0,-4.306424193674097,0.0,-0.9983266672326324,-25.7866450185999,0.0,-60.0,138513
-61.94278360712646,6.026900382627178,30.550879752564143,1.2276087825238633,-2.5299092613555643,-2.599977774492068,23.44339814923541,0.8611167640571138,0.3688762512172161,0.0,False,RUNWAY_EXCURSION,249,24.89999999999859,1,679918.9440286153,1327.793767131131,4405.991320647034,121.77536197668071,dry,0.989837148618066,7.121807395833892,3.909173365727969,0.0,0.0,0.8828264021464038,1015.044147724811,0.9960709210562182,,,,,74.4972429619112,0.3688762512172161,2.956276355550518,123.8398670685122,133.74705643399318,1125662722,7.316062375458435,4.095071504603295,2.69699509662159,6.941248312796347,0.0,0.0,0.1106628753651648,0.0,0.0,-2.489999999999991,-1.0049509474784215,0.0,-3.1607699374830456,0.0,-0.0001632318970501,-16.446939655112786,0.0,-60.0,138762
-62.498158831956914,12.777023419878317,30.492581745002266,1.2996297639239112,-2.759646077876557,-2.80832225942602,12.167362617043036,0.8659947090678747,0.7596323823350417,0.0,False,RUNWAY_EXCURSION,405,40.499999999997705,1,746426.9937572693,1325.0831502305982,4656.979777123589,104.9078009316845,dry,0.955761517759062,5.32942420315371,1.5208223132155814,0.0,0.0,0.9535946312169292,1010.513948217472,0.9965578093032332,,,,,95.59536327480374,0.7596323823350417,3.0883626391927343,130.061885349969,140.46683617796654,588086460,16.459190161508573,4.764159899100381,4.966027577601816,10.737757176864736,0.0,0.0,0.2278897147005125,0.0,0.0,-4.049999999999958,-7.34635473624535,0.0,-1.477230236877929,0.0,-0.0211598181508622,-26.75843857045868,0.0,-60.0,139167
-63.34536051684204,5.4128633960676655,30.85303284968912,1.107265840698128,-2.913761719713252,-2.964674533358642,17.754440291058806,0.883315330225948,0.4507601498475821,0.0,False,RUNWAY_EXCURSION,376,37.59999999999787,1,764469.0190082265,1326.2834726515428,4618.015477713594,130.97623383411062,dry,0.9598232876532332,0.0249653435907042,3.2623072578864973,0.0,0.0,0.1883369032317867,1014.8021301005048,0.9958042850250914,,,,,81.09524066594635,0.4507601498475821,2.384418909438075,131.17203058638532,141.66579303329615,2041104818,9.829946952278728,6.051605152991618,4.30410725167365,8.734900114688813,0.0,0.0,0.1352280449542746,0.0,0.0,-3.759999999999964,-1.2240508771475476,0.0,-1.9032474487705773,0.0,0.0,-25.513849707510893,0.0,-60.0,139543
-64.34301220086287,7.366015292250307,30.85087036697214,1.1111398983453136,-2.638064865324933,-2.7032214090754123,21.844228620835512,0.8582972218275433,0.2537087219208658,0.0,False,RUNWAY_EXCURSION,219,21.899999999998755,1,689215.0194649472,1331.7263099017564,4688.276105667069,2.2065874789772844,dry,0.9926697006326376,7.364248693710039,1.335513034192919,0.0,0.0,-1.9160942115459123,1012.1122146754464,0.9995448151273866,,,,,60.0752044320875,0.2440979831742638,-0.1116077602192788,124.25799997052609,134.19863996816818,1508933830,6.19066316462275,3.116569313742672,2.105950225435233,5.1225984780673945,0.0,0.0,0.0732293949522791,0.0,0.0,-2.1899999999999973,-1.320282411284524,0.0,-3.0450940342478527,0.0,0.0,-14.39664633215084,0.0,-60.0,139762
-64.14322878158298,5.9267560372938535,30.084419377177426,1.3244444146885228,-2.8515714192348875,-2.983654626227893,21.36998268138176,0.8791704474537223,0.2636474101272483,0.0,False,RUNWAY_EXCURSION,296,29.599999999998325,1,722103.308436736,1324.8326680327227,4557.672729746491,322.1563737155204,dry,0.9539560039334268,5.352112853966712,-3.3989145968492336,0.0,0.0,1.9810256963911668,1015.4791129452792,0.9903071986594978,,,,,65.12148781123575,0.2636474101272483,0.3557287990694213,127.8386111519467,138.06570004410244,1362392980,7.806538383966052,4.72169584606648,3.116261070010189,6.88072047289015,0.0,0.0,0.0790942230381745,0.0,0.0,-2.959999999999981,-1.1552694876863714,0.0,-2.68200341184336,0.0,0.0,-19.95026587802426,0.0,-60.0,140058
-61.49723052576073,6.71406018530808,30.67822870537663,1.5799312022319147,-2.63779963008066,-2.713703695326063,21.53721380382544,0.8900077749691117,0.394206101004201,0.0,False,RUNWAY_EXCURSION,234,23.39999999999867,1,680386.8896260099,1326.274992601356,4208.216206589591,104.14857419925288,dry,0.979219069845602,6.577297667092226,3.4018835357764554,0.0,0.0,-1.0775420610023687,1015.0208183236592,0.996559562326977,,,,,74.68932112617881,0.394206101004201,1.5024208229318958,123.46306222712586,133.34010720529594,2026798130,7.290988481252573,3.703273629410921,2.616408516258598,6.7742372903917225,0.0,0.0,0.1182618303012603,0.0,0.0,-2.339999999999994,-1.1720437084704187,0.0,-2.492201797899672,0.0,-0.0008680843939412,-15.995286682611788,0.0,-60.0,140292
-60.82629780393775,5.660741310410114,30.947854537485583,1.926128876724336,-2.986149547513849,-3.080487599548196,24.527650856579605,0.8757064766190218,0.4052892064458149,0.0,False,RUNWAY_EXCURSION,283,28.2999999999984,1,749645.8474805616,1322.1966280277272,4588.739250886267,80.70427648952416,dry,0.9528676677111594,1.611834799076231,1.167629642409794,0.0,0.0,-1.9220306133894312,1014.523129610356,0.9972555443819198,,,,,73.95779752456838,0.4036576284348427,-0.0817047450760277,129.43565191206102,139.7905040650259,1686949517,9.119789318647872,5.19641997880069,3.449751508453759,7.722203652317608,0.0,0.0,0.1210972885304528,0.0,0.0,-2.829999999999984,-1.007605531988618,0.0,-3.581224902365407,0.0,-0.0309209432954792,-18.985808173038617,0.0,-60.0,140575
-60.90885111788307,5.999254978727403,30.761255194242885,1.87315941984144,-2.9545817462869093,-3.0664742818363617,24.291955049902327,0.8861881562254643,0.3537894744277423,0.0,False,RUNWAY_EXCURSION,264,26.399999999998503,1,751112.1487659087,1324.262359276193,4348.147302070817,202.22337812757112,dry,0.9803576455151132,6.429750575904232,-2.566749069539285,0.0,0.0,-2.534100902809379,1010.7125125105252,0.9936831461335388,,,,,70.80393990325382,0.3516000549655018,-0.2787000895503944,129.66732420882462,140.0407101455306,272337652,8.333460170036425,4.8046531304157,3.1597673873538348,7.482196636496923,0.0,0.0,0.1054800164896505,0.0,0.0,-2.639999999999988,-1.0557377687937093,0.0,-3.117108981205361,0.0,-0.006617049098668,-17.97494465957785,0.0,-60.0,140839
-60.197110371578574,5.7909949060520844,30.319146176099387,1.7765199617544831,-2.99162068531565,-3.098595502349956,22.437168874565543,0.8741289769797527,0.3998899955345791,0.0,False,RUNWAY_EXCURSION,291,29.09999999999836,1,756351.5648361687,1323.168651264563,4617.636953042191,420.7739126820201,dry,0.9962788407277116,2.167196612040578,-1.5580990005021822,0.0,0.0,-2.5206726415369705,1013.504868066434,0.9872725301417908,,,,,76.7956409225241,0.3998899955345791,1.3368381165573415,129.94247100780052,140.33786868842458,79354821,8.717906562384965,5.105244686491797,3.4841157455264646,8.203253410871362,0.0,0.0,0.1199669986603737,0.0,0.0,-2.909999999999982,-1.0843184447287852,0.0,-2.4023832345755185,0.0,-0.0105341068466295,-19.420361989362583,0.0,-60.0,141130
-63.29132420118519,7.401414329938248,30.129277312872407,1.1682298511976466,-2.738643588952494,-2.8700817491314305,21.031562271595792,0.8562520753296597,0.225814641086913,0.0,False,RUNWAY_EXCURSION,210,20.999999999998806,1,715420.0969743151,1330.4737806038388,4563.90302694573,438.6235808407744,dry,0.9841672081270958,5.48570999479782,2.658909356827911,0.0,0.0,1.7834562004885663,1012.806782008538,0.9869367296921456,,,,,60.4844045808249,0.225814641086913,0.1346970962253024,127.3700211766352,137.55962287076602,1857097247,5.586619656235585,2.8639664056586667,1.971539112626968,5.770321109700791,0.0,0.0,0.0677443923260739,0.0,0.0,-2.099999999999999,-1.278221795279689,0.0,-2.494977546824924,0.0,0.0,-13.678315535628665,0.0,-60.0,141340
-42.60710352994042,10.149903023839794,30.00170891835408,1.2567820733988917,-1.3381830767447664,-1.3831266686209878,5.111123925165166,0.8306897729970094,1.8893789696973613,0.0,False,RUNWAY_EXCURSION,445,44.49999999999748,1,742357.6099575119,1323.3504087470471,4443.03197827344,444.1241660728275,dry,0.9861256644616772,6.045619234748995,0.4339047582817601,0.0,0.0,1.1069897322566726,1013.2384549523828,0.9867065587357196,,,,,130.1266733331898,1.8893789696973613,1.328771078348172,129.56672121328754,139.93205891035055,875830023,27.94167754224561,5.534001397906503,7.307341334580357,13.654910169075151,0.0,0.0,0.5668136909092076,0.0,0.0,-4.4499999999999496,-5.093792941115747,0.0,-0.1085473256640171,0.0,-0.2094532918965478,-27.75005410598089,0.0,-60.0,141785
-57.76235861441884,6.17688607719924,30.003097906176887,2.019710068232207,-2.788084382721275,-2.861302513344977,23.904067693854405,0.830462898841627,0.5643529482793497,0.0,False,RUNWAY_EXCURSION,257,25.699999999998543,1,721464.2864982696,1323.4674124004655,4308.022287265501,226.8462207188313,dry,0.9769916424096476,4.18288773252172,1.0937598299104914,0.0,0.0,-2.941597943520981,1010.5088853667096,0.9929259272046452,,,,,82.53105781677611,0.5642101245676656,-0.1756751810754764,127.0045545138157,137.16491887492097,127698292,9.27322373834988,4.262984445601384,3.540700014004542,7.393567644728923,0.0,0.0,0.1692630373702997,0.0,0.0,-2.569999999999989,-1.0895064282165934,0.0,-2.4912755870686216,0.0,-0.2021890261369255,-16.04912645305173,0.0,-60.0,142042
-39.55179918195526,8.857759935992847,30.216322799028127,6.229751832336789,-1.4014558424668202,-1.4411982384404605,15.803517082712128,0.7683649158022207,6.385833325842157,0.0,False,RUNWAY_EXCURSION,471,47.09999999999733,1,741802.3317045195,1328.538538781905,4294.386525648797,466.6599300997927,dry,0.9593291892967288,3.883477280522945,1.3098300352435763,0.0,0.0,-1.987962075085341,1010.772679633603,0.9857938113110544,,,,,159.77634763635416,5.945290896700783,-62.58586083470071,128.98052693597762,139.29896909085585,1023419372,34.196661837231765,5.107387145238504,6.33095498845898,13.102652546967036,1.3000864476462342,0.0,1.783587269010235,0.0,0.0,-4.709999999999944,-4.10606868004592,-0.2072633726312563,-2.716253961830529,0.0,-3.226669024723483,-26.406874377276846,0.0,-60.0,142513
-63.40446416378119,6.985563253232384,30.599008389411,1.091909423486254,-2.714335896336738,-2.7814661795093243,18.27858581069958,0.8860681250451078,0.3175994730935372,0.0,False,RUNWAY_EXCURSION,248,24.7999999999986,1,694196.2781434488,1327.819895242552,4313.061104439656,463.8597445922724,dry,0.9747444248423814,7.111945303456625,-0.7456046627737494,0.0,0.0,-0.9424222454504304,1012.9431617992532,0.986075541710081,,,,,66.68555109535839,0.3175994730935372,0.1421111938009644,124.8669018526862,134.8562540009011,817698439,6.730205829756012,3.377372665105093,2.6092324960513293,6.572535303135848,0.0,0.0,0.0952798419280611,0.0,0.0,-2.479999999999991,-1.344658589255315,0.0,-2.0842759856815616,0.0,0.0,-16.88015572482066,0.0,-60.0,142761
-60.18604487434328,6.435867273813261,30.467648424881617,1.2243521634479633,-2.7863911905725147,-2.840831353019784,19.19225368405152,0.8804019220087057,0.3787547116402265,0.0,False,RUNWAY_EXCURSION,259,25.89999999999853,1,725473.6788895295,1328.4729426463991,4762.341152100537,455.36392758765066,dry,0.963378948521692,3.4720347883577407,-2.6445294977869565,0.0,0.0,3.69615401667864,1013.6852428982504,0.9865488051533362,,,,,71.5705951981414,0.3787547116402265,0.3388986794546156,128.62845183583565,138.9187279827025,925758967,7.978419924768842,4.578641146835613,3.0182174340938777,7.574131470106082,0.0,0.0,0.1136264134920679,0.0,0.0,-2.5899999999999888,-1.1919867088478224,0.0,-2.1582919984291644,0.0,-4.0329305925854514e-05,-17.508762227056838,0.0,-60.0,143020
-62.42180363388819,6.920777421727734,30.047823787334508,1.178203987617232,-2.723221004480535,-2.797081000165359,14.124572708265,0.8297661131785324,0.3776932215295687,0.0,False,RUNWAY_EXCURSION,253,25.29999999999857,1,730068.9622198673,1331.2406213977692,4398.561002763448,347.9332584510029,dry,0.9715689147773512,1.404377286308553,-1.575715524803603,0.0,0.0,-2.903701729570394,1013.8484632954468,0.9893725479804298,,,,,71.31060229896106,0.3776932215295687,1.042502576278732,127.55756343281588,137.76216850744115,922932768,6.769905284345881,3.24239369062438,2.3269516786299977,6.570876828238873,0.0,0.0,0.1133079664588705,0.0,0.0,-2.52999999999999,-1.346442390070821,0.0,-1.724660576667505,0.0,0.0,-15.84413611544787,0.0,-60.0,143273
-88.25862797294832,27.38238339023524,74.56401359718102,21.9272852954686,17.13284832265034,9.317945581861062,14.817434392240228,0.7149853355264014,291.5401499346151,0.0294117647058823,False,CRASH,657,65.70000000000454,1,744906.0055224252,1330.655742060591,4414.627385601949,304.3852366818445,dry,0.9755813656932728,6.198634058257557,-1.1290903750952457,0.0,0.0,1.978782447954586,1014.1683341750272,0.989819783243752,43.69999999999752,1489.650614368618,52.19999999999704,,147.05004371773566,35.07018644121274,-4870.423642460888,129.9247559165045,140.31873638982486,674631158,60.42561217835097,7.275648067589349,9.537648650196996,13.729424224588904,6.272051671529804,10.326953086814353,10.521055932363812,0.4,0.0,-6.569999999999904,-46.85896862077584,-11.422253720874078,-4.34642367804892,0.0,-3.2650883100933576,-34.28428745459023,0.0,-100.0,143930
-57.86471492255593,11.132190986560383,31.15806698765551,1.1903164068234615,-1.925242859370332,-1.9768304588181,23.447672001512544,0.8238620956989653,1.2667607583349394,0.0,False,RUNWAY_EXCURSION,396,39.59999999999776,1,680786.0663287513,1330.0507485201672,4327.425495993339,46.47142259908576,dry,0.983312960196094,6.331119378344376,-3.939746681316408,0.0,0.0,-1.8842822454658137,1014.5919069594892,0.998216090389767,,,,,109.24541978319338,1.2531807070450114,-2.0185144725574133,123.35168609857718,133.21982098646336,1049796407,20.774443086236182,4.529245943347518,4.941163826858709,11.224543889848302,0.0,0.0,0.3759542121135035,0.0,0.0,-3.95999999999996,-5.452729751095274,0.0,-3.826948953538011,0.0,-1.85626993405852,-24.614117242268343,0.0,-60.0,144326
-55.7604181757187,9.552415207967163,30.7383553293946,1.2898532129784288,-2.5115735600811644,-2.548654400896241,12.243976636912969,0.8518393924688755,0.8877126480539346,0.0,False,RUNWAY_EXCURSION,339,33.89999999999808,1,762204.4809465394,1330.4108294926589,4208.972526788983,230.4773470541729,dry,0.9803529540338274,5.268054179628664,3.4063019228838027,0.0,0.0,-2.236296149496604,1013.5586865970712,0.9928462703371116,,,,,97.42425439420812,0.8877126480539346,0.5671240992520588,130.50572744504754,140.94618564065135,1055562759,15.600356339838026,3.6521593398668215,4.937708485075853,9.86325416385804,0.0,0.0,0.2663137944161804,0.0,0.0,-3.389999999999972,-3.437031967503489,0.0,-1.0125185798925418,0.0,-0.2995997829602677,-21.941059968417303,0.0,-60.0,144665
-57.1100121121594,7.228335383273735,30.44803381282576,1.4896802157797948,-2.608354529242759,-2.6862204133390186,15.760446896878603,0.8261332222984892,0.6200847455590974,0.0,False,RUNWAY_EXCURSION,240,23.99999999999864,1,734289.2876504654,1327.6182649947714,4291.2557286111605,144.4777908549631,dry,0.9833043411650656,2.427231060067866,-0.319037479130587,0.0,0.0,-1.1109799099740585,1012.3446971925732,0.995388123468302,,,,,85.07422219284628,0.6200847455590974,0.8346011271302345,128.42236000487668,138.69614880526683,2096936868,9.110052160021114,3.488145485416722,3.16090440739902,7.247289323395405,0.0,0.0,0.1860254236677291,0.0,0.0,-2.399999999999993,-1.3933021976823214,0.0,-1.5252017864325706,0.0,-0.045903392955381,-14.938021534989124,0.0,-60.0,144905
-57.90117289459778,6.1084909544162125,30.30661675906611,1.5593593489459314,-2.630034071167043,-2.731682490660836,16.67120725785326,0.8260212111931579,0.53379023481628,0.0,False,RUNWAY_EXCURSION,260,25.99999999999853,1,699802.5043015388,1323.4507973797552,4289.695557267561,239.20166172344344,dry,0.9864374005698114,7.971523198546602,1.7359703441564118,0.0,0.0,-1.33479916077743,1014.6863148597138,0.9925974424587004,,,,,81.07241120720604,0.53379023481628,1.556324062198691,125.17676224967516,135.1909032296492,1487642552,8.355325841620935,4.804281033921868,3.41428151529468,7.496196960446771,0.0,0.0,0.1601370704448839,0.0,0.0,-2.5999999999999885,-1.07795022804978,0.0,-2.084562544978798,0.0,-0.012563828569571,-16.356318714728765,0.0,-60.0,145165
-58.01888249108274,6.200012409808079,30.69359549548888,1.3704560406501454,-2.4996444142194294,-2.5863312083639407,15.655891564945852,0.8396922494364274,0.4925727471325274,0.0,False,RUNWAY_EXCURSION,293,29.29999999999834,1,702850.2514882247,1329.4459632842045,4222.161795861513,222.6576007987749,dry,0.9668072855297692,3.1231697157182827,2.96448584942414,0.0,0.0,-1.2602880361478688,1010.3419098736952,0.9930826454269756,,,,,77.67985572097842,0.4925727471325274,1.2160133483234326,125.73479920456974,135.79358314093534,1665784141,9.150000451622098,5.272395864643781,3.939012116621013,8.23150431112031,0.0,0.0,0.1477718241397582,0.0,0.0,-2.929999999999981,-1.2514405652622045,0.0,-1.868171574923489,0.0,-0.0028650385757754,-18.707089880468214,0.0,-60.0,145458
-60.98549871879302,10.006426939590778,31.67763988316056,2.112971095588826,-2.1632554077418416,-2.1762716656249994,30.531641513035744,0.7939770747901274,1.1846835969720928,0.0,False,RUNWAY_EXCURSION,502,50.199999999997154,1,748833.3222020356,1327.942380367747,4751.013624407958,464.61924842072,dry,0.9611312280159964,4.836210179780361,-2.874706802088812,0.0,0.0,4.2618552246301205,1015.278038413372,0.9862939082572468,,,,,97.09878179248324,0.965905039070833,-4.218603897976614,130.70685354030388,141.1634018235282,17257121,27.059010232949813,8.05186227714619,7.391571891143571,12.286750577869231,0.0,0.0,0.2897715117212499,0.0,0.0,-5.019999999999937,-5.584949689875417,0.0,-7.301079885609973,0.0,-8.339311844037415,-29.8191237901002,0.0,-60.0,145960
-52.37208179618512,6.2068995451535445,30.12039290422792,1.6961860305172212,-2.5044676599662563,-2.583586994104854,15.382792495849197,0.7681865127543838,0.7389344452637374,0.0,False,RUNWAY_EXCURSION,259,25.89999999999853,1,742386.1208270005,1326.515458825303,4355.231802521872,261.1276634006021,dry,0.9821134600480368,2.3884922386982064,1.6071380934615165,0.0,0.0,3.029847504759542,1012.8118901524946,0.9920821002566298,,,,,91.42911690652252,0.7389344452637374,1.1557646135311828,130.02652939193146,140.428651743286,663266135,10.81633899737976,4.929841646334167,3.799124314070438,8.089543209065939,0.0,0.0,0.2216803335791212,0.0,0.0,-2.5899999999999888,-1.108681212064385,0.0,-1.7332778816718712,0.0,-0.0592770569570394,-14.737374145921232,0.0,-60.0,146219
-54.07002090176452,5.547787892710882,30.658937721325643,1.9608987002687304,-2.5610245914349585,-2.5945350134187266,23.244238025670963,0.7750786088861773,0.5113631936976262,0.0,False,RUNWAY_EXCURSION,284,28.3999999999984,1,717050.8135532667,1330.7584240159367,4318.267952786645,27.84944751410768,dry,0.9969237688025928,3.6834688030694487,-2.4896881359890424,0.0,0.0,4.980145871543443,1012.0517013983476,0.998829841388132,,,,,76.63975472003105,0.4861363569384451,-0.8147396871474832,128.26396056573867,138.52507741099777,2112488123,11.626062075417956,5.9599912397429735,4.347111067240863,7.534408334879799,0.0,0.0,0.1458409070815335,0.0,0.0,-2.8399999999999834,-0.971215326968076,0.0,-3.4368605577786595,0.0,-0.083758765176321,-16.35159987620458,0.0,-60.0,146503
-48.33311798395643,6.007242813984057,30.52650498778365,1.810884623878675,-2.2422989242088214,-2.3581660863390423,12.811661099560212,0.8042001347828345,1.0569423905537292,0.0,False,RUNWAY_EXCURSION,294,29.399999999998336,1,749603.16923047,1329.3690338918077,4534.24478672662,160.28981399295088,dry,0.9868689630333842,7.85771706857597,3.311157714000549,0.0,0.0,-1.9336723289451043,1011.618223797724,0.994900036603556,,,,,109.1277922758382,1.0569423905537292,5.234119573490279,129.61503295670974,139.98423559324652,579470083,13.632275485351451,6.301212748782417,4.480166476809694,9.900272268945065,0.0,0.0,0.3170827171661187,0.0,0.0,-2.9399999999999813,-1.1788408967213273,0.0,-1.1964841365754706,0.0,-0.0185428832830311,-17.63025976443136,0.0,-60.0,146797
-56.918317204769664,5.905271499532617,30.57273519943888,2.4262938384821187,-2.560978395812738,-2.6117567693539536,26.996551726601687,0.8219919154898234,0.6494683181969094,0.0,False,RUNWAY_EXCURSION,347,34.699999999998035,1,759469.296604032,1328.5277019466914,4582.6391856152695,129.8035544495445,dry,0.9885438989265838,5.174871148284601,-2.299928004626516,0.0,0.0,-2.9386238109002765,1011.0896691762908,0.995799528085244,,,,,79.75723540546072,0.5449885487763595,-1.5440706131669302,130.27002105908056,140.69162274380702,1095136094,14.910257499366937,6.336333532811048,5.144376644105396,8.960649945856199,0.0,0.0,0.1634965646329078,0.0,0.0,-3.46999999999997,-1.3445182582964106,0.0,-5.385408188938614,0.0,-0.5955223516094481,-21.63798259269765,0.0,-60.0,147144
-55.660817702301,6.139179594448601,30.447340138703105,2.0818526145857987,-2.383614683422478,-2.432798606664876,20.19754051006864,0.794719735168975,0.8275494595654536,0.0,False,RUNWAY_EXCURSION,292,29.199999999998347,1,703691.2958781213,1326.9733358222384,4544.36694399185,39.12717222928169,dry,0.9923118207809348,2.822090253952296,1.9723866266891443,0.0,0.0,4.697901892376429,1014.7174987167402,0.9984830174583004,,,,,88.92255483745747,0.7307828487983912,-1.1147632077964786,126.8353642055644,136.98219334200957,1853536523,14.756058928624231,5.528792143826186,4.242211629256656,7.530448962405511,0.0,0.0,0.2192348546395172,0.0,0.0,-2.9199999999999817,-1.2228157354583422,0.0,-4.865432727259355,0.0,-1.5772379425160992,-17.35207781581931,0.0,-60.0,147436
-53.127116235342456,7.350604686269095,30.14203038132744,1.1959458002338803,-1.5062633041270517,-1.58043629743982,20.343975512790628,0.7908319246187201,1.7116414613887514,0.0,False,RUNWAY_EXCURSION,403,40.29999999999772,1,707034.1591930438,1329.7665863371694,4491.916223873663,139.70586537224128,dry,0.992311766925648,3.483075187988621,-0.8131617990197761,0.0,0.0,-0.497443387473913,1011.8884423213622,0.995491780126175,,,,,122.29752075994467,1.575473679815019,-1.8261689858728405,126.1794955690942,136.27385521462173,1371385240,27.1478673735002,6.450203635943013,5.750549407743834,11.487010713725011,0.0,0.0,0.4726421039445058,0.0,0.0,-4.029999999999959,-2.4194055410313187,0.0,-6.189012222276174,0.0,-7.893352306654868,-23.903619400236668,0.0,-60.0,147839
-48.585298874935816,5.49343244735794,30.59792057670304,1.2947486139654516,-2.314986554664349,-2.37349664581753,17.22990140024969,0.7912902085971193,1.1319200578721509,0.0,False,RUNWAY_EXCURSION,347,34.699999999998035,1,765678.8098972194,1325.9863670125517,4404.92752509157,254.00702715451024,dry,0.9597404681510916,0.3926842245038831,1.2774713780642126,0.0,0.0,0.6623108781336136,1010.1772521098628,0.992230727663184,,,,,107.29004125659073,1.0734478707395851,1.7712272252880368,131.68404538326524,142.21876901392648,1892592741,19.275760929826944,6.901911414858205,5.408332755971065,10.05870709697736,0.0,0.0,0.3220343612218756,0.0,0.0,-3.46999999999997,-1.163521846514301,0.0,-2.9652690636406773,0.0,-2.3114536636680416,-20.641800859968235,0.0,-60.0,148186
-53.82592762465776,7.8462909092428434,30.270358095030844,2.3370840098619143,-2.6758379839755904,-2.7216602481811134,18.92703896756324,0.8003417557877738,0.8594829154311014,0.0,False,RUNWAY_EXCURSION,328,32.79999999999814,1,758690.6405201753,1322.1375506702743,4409.570799496556,258.41118833498973,dry,0.9843122981766342,5.283783600299162,2.880499854561469,0.0,0.0,1.2382256446342828,1012.0357117066264,0.992113452946454,,,,,91.74779664195763,0.7613464206006029,-0.3895113438235675,131.0918402466004,141.57918746632845,353044762,17.550959324180333,5.94036330654734,4.753500126373956,8.464966885026646,0.0,0.0,0.2284039261801807,0.0,0.0,-3.279999999999974,-2.243676019849904,0.0,-3.919172956377874,0.0,-1.6910780639496388,-19.630194152788768,0.0,-60.0,148514
-49.05237140161446,8.293794764272047,30.05090180383352,1.5685650946207466,-1.718395560169066,-1.7411908893591248,12.8944413791102,0.8188733566012673,1.226414325375515,0.0,False,RUNWAY_EXCURSION,329,32.89999999999814,1,672486.4730472494,1323.8167733475923,4430.658673999216,223.08497039376496,dry,0.983190982338206,7.254204819598671,1.595730460218813,0.0,0.0,4.280707207687011,1013.1820442348726,0.993186383258816,,,,,111.70560826851224,1.226414325375515,6.46244348246757,123.99675182650064,133.9164919726207,1096733868,19.290876752506183,5.228155259117125,5.332066222747855,9.580309958468446,0.0,0.0,0.3679242976126544,0.0,0.0,-3.289999999999974,-2.514548154858228,0.0,-1.5336404099847338,0.0,-1.100567682979054,-20.4129476442447,0.0,-60.0,148843
-53.69653084796813,7.44412108753345,30.811837810374943,2.052954571936183,-2.1339598235508626,-2.15799923648124,17.808146039592064,0.8110442767967231,0.9294757156118862,0.0,False,RUNWAY_EXCURSION,326,32.599999999998154,1,715600.7343057846,1325.842883474664,4535.807447549868,492.8638969896854,dry,0.9656874258926952,5.026828146556175,-3.729045690860543,0.0,0.0,-1.2571566966152954,1013.2508059280052,0.985213083433772,,,,,94.61160740438304,0.8911291658982918,1.4267573877735806,126.688605097132,136.8236935049026,1364944092,17.4871626980711,4.731827107184459,5.04961239028737,8.570703269946712,0.0,0.0,0.2673387497694874,0.0,0.0,-3.2599999999999745,-2.007252226407824,0.0,-3.1124750674708306,0.0,-1.4216877451459526,-20.00176002420261,0.0,-60.0,149169
-34.132241685892474,7.298560587038838,30.46888396027609,1.255219794565858,-1.7694272534689506,-1.7720584380127569,9.004418694839206,0.8359052825305192,2.058308483413839,0.0,False,RUNWAY_EXCURSION,480,47.99999999999728,1,766135.932211386,1326.8680484742902,4419.648920389009,451.2798569569193,dry,0.980639519677527,6.810516547164236,1.7651653605309183,0.0,0.0,-2.555984674054653,1014.1419706694238,0.9863267223620718,,,,,143.25558965701154,2.058308483413839,4.38899228467978,130.73108809785347,141.18957514568177,739369451,32.16840904129581,7.991799589920243,9.02779162451072,14.537557766831528,0.4374577446424247,0.0,0.6174925450241514,0.0,0.0,-4.799999999999942,-2.8410126209427564,0.0,-0.6005661411943978,0.0,-0.1921795497557467,-30.478991686224383,0.0,-60.0,149649
-46.474859738865845,8.923715964056473,30.041601604537103,1.578877030638902,-1.5626712408080596,-1.6026917886770042,10.755705933095644,0.807427871920341,1.6144300210597748,0.0,False,RUNWAY_EXCURSION,430,42.99999999999756,1,759829.2986468156,1328.3226099836488,4313.600056892956,417.5299871186762,dry,0.9841131810373112,6.188102081851107,0.8844957350476021,0.0,0.0,-2.157429553522923,1013.2230511009454,0.9873444570542932,,,,,125.486344831954,1.6144300210597748,6.356953010850042,130.34178067217005,140.76912312594365,1826701614,24.934767616313152,4.06245332009199,6.8948553433596445,13.203124499788212,0.0,0.0,0.4843290063179323,0.0,0.0,-4.299999999999953,-3.80467376011969,0.0,-1.342076805826803,0.0,-0.3516690440884004,-26.25596991470189,0.0,-60.0,150430
-54.22529722327822,9.092933683034849,30.409391846410507,1.9547588860442424,-1.8067627487788875,-1.8509578314823936,12.642912409686222,0.8086740557352697,1.3871449939250624,0.0,False,RUNWAY_EXCURSION,550,54.99999999999688,1,743655.0897845129,1331.0282685296238,4365.446669042305,284.4084112121386,dry,0.9913557921128476,0.4852314147639323,-0.6093074927547653,0.0,0.0,0.1260356763949559,1015.2763086725002,0.9913179682740222,,,,,117.95649540567167,1.3871449939250624,4.411779640009286,129.32983069614937,139.67621715184134,1367864806,27.04832657378277,6.273235304728279,6.463996215034332,13.111226585741548,0.0,0.0,0.4161434981775186,0.0,0.0,-5.499999999999927,-5.05275484780426,0.0,-2.3198236552371188,0.0,-0.8763163161586895,-33.78933058154253,0.0,-60.0,150980
-60.45893209120332,11.313896406621218,30.80535236761072,2.2167058742736807,-1.873910870409703,-1.925368104377972,15.528092959460592,0.803827660264553,0.9026154240534652,0.0,False,RUNWAY_EXCURSION,444,44.39999999999748,1,703882.7561666697,1328.838957235652,4621.681278470207,186.9228643489808,dry,0.9721077133735512,7.103612316576638,-1.5129571478837165,0.0,0.0,4.966094785372673,1015.1583092741196,0.9942512947554664,,,,,101.52821071533327,0.9026154240534652,7.166713803012481,126.88313373098354,137.03378442946223,1097657231,20.866230169112267,2.411572506063246,6.645616053540179,10.754544365611132,0.0,0.0,0.2707846272160396,0.0,0.0,-4.43999999999995,-6.314876427054655,0.0,-3.310395826711594,0.0,-0.3136943720022637,-27.02871318697764,0.0,-60.0,151424
-53.38697602670486,10.856121163247757,30.16298459516042,1.8889230353360031,-1.3644342484027243,-1.374862234291734,10.157041186392014,0.8129266566834468,1.416072835215573,0.0,False,RUNWAY_EXCURSION,494,49.3999999999972,1,671032.5578893445,1328.6703883278417,4388.940570888011,226.99940019748263,dry,0.9954663135591284,5.87308582896346,-1.8607016470028528,0.0,0.0,2.746680228790951,1010.9487119658162,0.9930208946913156,,,,,120.09465092968264,1.416072835215573,10.193356874953672,123.6737143056686,133.5676114501221,579362555,25.402738816358543,3.011214007089432,8.223442207886578,12.703093623793084,0.0,0.0,0.4248218505646716,0.0,0.0,-4.939999999999939,-6.4689501283657,0.0,-1.2425710050851992,0.0,-0.1674703093949123,-30.3332950895513,0.0,-60.0,151918
-80.95444919753676,9.974311862921908,22.583541910248005,22.67530045779624,2.011299083785953,1.1414052528023968,11.595922163379774,0.7620263961972976,37.91135978655223,0.0,False,CRASH,541,54.09999999999693,1,684305.7234167524,1323.002897136265,4755.921979330844,369.0564294142079,dry,0.9773200145236705,4.630224015696835,3.5150501456898344,0.0,0.0,-2.9901034950373706,1015.6584716145808,0.9882238578046756,48.69999999999724,1585.5507505525948,,,169.79100583008275,18.62282070651014,-1322.9784523599496,123.36621772329882,133.23551514116272,661058651,39.36790729558496,4.278979736273736,8.14648778442826,13.1897050829064,3.104363138633332,1.3467663639252194,5.58684621195304,0.0,0.0,-5.409999999999929,-5.980267928011576,-11.917028163699271,-1.2764494650948182,0.0,-0.70322823068563,-30.68853102375041,0.0,-100.0,152459
-50.492577683654055,13.98233729282738,30.475391376747947,1.5393227662043714,-1.514932379636595,-1.547894044589518,7.244532284989368,0.8176486117235765,1.967194193225282,0.0,False,RUNWAY_EXCURSION,571,57.09999999999769,1,761355.5875330875,1323.1070336248006,4573.664623625282,347.6486742192898,dry,0.9999175688165788,5.3716775715851774,2.015624526338634,0.0,0.0,4.725386798159645,1015.2257917427892,0.9896296877791864,,,,,136.4225122192728,1.967194193225282,3.8558876112063167,131.90299999437198,142.45523999392174,87989972,34.927955952231606,3.8694281497319074,8.957871974613571,15.5056760399553,0.0,0.0,0.5901582579675849,0.0,0.0,-5.709999999999923,-12.403754085921506,0.0,-0.73395761222808,0.0,-0.3097484148394194,-35.186207945165,0.0,-60.0,153030
-47.00456361736052,12.43451486691645,30.518926860371447,1.6383336682653915,-0.9588281765259402,-1.01648093322976,8.633381930076,0.7969050959039189,2.093223289131629,0.0,False,RUNWAY_EXCURSION,416,41.59999999999764,1,699656.0088965956,1328.0911638224393,4794.184935934899,490.7135842971677,dry,0.9864724952134308,0.2653099015148603,-2.0147861263708178,0.0,0.0,2.0802914517333946,1014.1641144101658,0.985392012979294,,,,,137.79692660483846,2.093223289131629,16.860676351448323,125.93902325925892,136.01414511999965,161576974,26.527541784760377,3.0978695998005987,5.90672722317931,13.18824445537256,0.4673926853531218,0.0,0.6279669867394886,0.0,0.0,-4.159999999999956,-7.146748727759505,0.0,-0.5929248604236902,0.0,-0.0995814593263766,-24.82105130505644,0.0,-60.0,153446
-128.22146109935008,48.51544793681374,171.96381425274743,30.087893375965297,19.55342943409566,10.539434990431978,28.27602473472276,0.7007679183811927,262.00007348560496,0.0,False,CRASH,597,59.69999999999976,1,739527.807421207,1329.392575445337,4220.295845909432,335.57892701143663,dry,0.9579766622081982,6.207168065088866,1.1302897008663475,0.0,0.0,1.1479598416228356,1013.6322782444208,0.989038410165102,45.599999999997415,1569.1692741568277,49.49999999999719,,125.83560460299232,29.86417622223081,-4985.39511582605,129.30356865764915,139.64785415026108,35492826,47.80770304513637,3.6309991695727097,7.4709570350229,13.908433293629912,2.773871571959107,7.955419828124449,8.95925286666924,0.0,0.0,-5.969999999999917,-52.45610855586028,-15.849147435269742,-12.446225195515815,-0.0389401599038972,-3.5667808489974906,-30.40089571391749,0.0,-100.0,154043
-169.2797849698042,115.71212681599106,398.4266902738552,60.4106461369693,23.24979842297687,11.336318207456689,34.4816543927633,0.6023936771457983,634.9464018623669,0.0516129032258064,False,LOSS_OF_CONTROL,805,80.50000000001631,1,767952.356645262,1322.040048170535,4259.527435190283,357.2906489556261,dry,0.9750934290351396,0.440881488735461,-1.7230270469204,0.0,0.0,-2.6777387899176466,1014.925143108718,0.9706747408540888,44.699999999997466,1670.4711727331885,49.59999999999719,,130.83249148799013,634.9464018623669,2954.8063062694023,130.80756993691466,141.27217553186784,376383645,82.34005904481978,6.508908490402156,8.42194480071694,13.045837397548286,5.286690465188228,20.67554751342726,30.0,1.6000000000000003,0.0,-8.049999999999873,-117.39802803764836,-58.2264889193201,-33.32708406012841,-0.2199717309951879,-4.81435917790901,-35.12284075590627,0.0,-80.0,154848
-195.0026447230112,48.73580856423345,239.5299654732536,55.9585030349468,27.30012409931653,11.641760559944933,46.501156752122505,0.6955877628471921,580.77952010167,0.0,False,CRASH,721,72.10000000000963,1,702852.4934088308,1323.649427387731,4497.810049457688,121.39934126762336,dry,0.9667019761825604,4.221811826761234,-0.1222688344076168,0.0,0.0,4.782439415194861,1011.7511972377667,0.995166211114529,47.5999999999973,1729.7269627280143,51.49999999999708,,143.7969359129228,34.23011575619509,-7585.45601497054,126.96375336051412,137.12085362935525,1746484539,61.66204722602978,1.8291332597900825,9.360612784330998,13.048906891704087,4.970940295899103,15.23250528588814,10.269034726858536,0.0,0.0,-7.209999999999891,-78.52555110712645,-55.4305687918683,-17.943370321623597,-0.8665603084311938,-14.923505738741206,-36.47626892572119,0.0,-100.0,155569
-142.7253816087877,30.50461079212108,81.33852522958351,34.18784925887336,23.62063928309964,10.323484557729143,27.11596308229251,0.6868346080101075,405.06690179816457,0.0,False,CRASH,659,65.9000000000047,1,672718.4705254141,1327.449956487094,4491.545391547238,276.4370063025522,dry,0.9703925162288536,6.937386367788818,-0.691911244003002,0.0,0.0,4.9917038467710615,1014.083245620708,0.9907912746018728,45.49999999999742,1535.0190148772515,48.89999999999723,,130.1927769542265,31.681408676350543,-3239.876596665385,124.11362588587237,134.04271595674217,1394609702,54.66397109913962,2.9317478614542973,9.05012153028076,12.024135554090194,2.36412113596041,9.934500394801136,9.50442260290517,0.0,0.0,-6.589999999999904,-59.7038749169207,-30.30961406034585,-12.437192550854371,-0.0104264366385897,-1.3075300336053932,-32.83976378905425,0.0,-100.0,156228
-67.12185638398348,11.631281262757929,30.094378931327444,0.3914138198951757,-2.99317395417916,-3.0691776550417145,6.2588532148896086,0.8303992128204125,0.3183315664185642,0.0,False,RUNWAY_EXCURSION,331,33.099999999998126,1,757078.8778617757,1323.30865793955,4533.375060200454,94.30498428577413,dry,0.9788045142127508,2.848833647565089,-0.0357933303371202,0.0,0.0,-2.6828430515164445,1014.5000851433924,0.996842608232953,,,,,68.34323414701075,0.3183315664185642,0.6754782620398103,129.9042569380403,140.29659749308354,1960127675,8.946188732789178,1.6284221549361475,3.297814093119843,7.94013879930492,0.0,0.0,0.0954994699255693,0.0,0.0,-3.3099999999999734,-4.975544329136667,0.0,-0.1648943058882905,0.0,0.0,-20.57948099903415,0.0,-60.0,156559
-54.06561836833946,16.55196356169992,30.20857119072599,0.701386727233092,-1.4783501409492463,-1.514182601834782,8.469018506769093,0.816274610669332,1.911329115115052,0.0,False,RUNWAY_EXCURSION,458,45.79999999999741,1,734216.2003111786,1323.4660153926725,4757.897506631876,123.62871137763489,dry,0.9814623535790652,4.5620128286259005,3.095022653825138,0.0,0.0,-2.8964157730563374,1013.760583709408,0.995927158108326,,,,,136.61415701845831,1.911329115115052,5.65732722002025,127.92653093763386,138.16065341264456,1081530686,29.354917532009413,3.0344015549709185,6.883585776590521,13.004899477017382,0.1420610837368536,0.0,0.5733987345345154,0.0,0.0,-4.579999999999947,-13.941901552056851,0.0,-0.4955499849276839,0.0,-0.0016342388370247,-28.039796751377462,0.0,-60.0,157017
-46.26596984798047,14.292275889879235,30.01755638612137,1.2938036329018063,-0.6241859161930006,-0.7013372404362888,7.356881587243401,0.7964775225562037,2.2526075327521653,0.0,False,RUNWAY_EXCURSION,403,40.29999999999772,1,681038.1302541108,1322.7967981094068,4682.365833362354,285.8699246488959,dry,0.9923732271962304,2.3258534508772755,-1.4657809653679088,0.0,0.0,2.215358868878149,1015.7100911319236,0.9912973955110704,,,,,136.0976328241262,2.2526075327521653,16.93294579694612,124.1863946997082,134.12130627568484,1302740407,28.39643507107081,2.88157008527616,6.53938178315314,11.949625102157803,0.7518574599849536,0.0,0.6757822598256495,0.0,0.0,-4.029999999999959,-9.14671861058962,0.0,-0.3187315382187575,0.0,-0.0009048439407436,-23.964266616699884,0.0,-60.0,157420
-54.74742684500302,13.649041530577646,30.00115550011044,2.247053144627069,-1.4817750107625285,-1.492192610724766,9.132817222521158,0.7822172056079362,2.474008913382022,0.0,False,RUNWAY_EXCURSION,613,61.30000000000104,1,760350.0257300582,1322.6392426844598,4770.490200709999,159.43929321847185,dry,0.98082925817076,4.403782973384194,-0.753976962816199,0.0,0.0,1.8922543933966445,1014.017294343075,0.994955226164102,,,,,143.45500624593765,2.150051659667014,3.8759398280480175,131.25489977392323,141.7552917558371,2084654369,33.830907174050644,4.419658751028679,7.638638438517881,13.02820362494513,1.1056786128450706,0.0,0.6450154979001038,0.0,0.0,-6.129999999999914,-12.688850352578289,0.0,-0.597452422621335,0.0,-0.3714056662750858,-35.62782050281575,0.0,-60.0,158033
-63.74319831276792,8.223722162514827,30.08543255980505,1.100529550016708,-2.817190218502508,-2.841527516428419,8.779908514426431,0.8294233798768218,0.591382700795748,0.0,False,RUNWAY_EXCURSION,374,37.39999999999788,1,767621.1899753385,1323.4172501791445,4570.808043416895,130.02386087424478,dry,0.9797820637692376,4.599437067989412,-0.4643654975346951,0.0,0.0,-2.0416265050078533,1010.0017948576112,0.9957966121971396,,,,,84.94590844144702,0.591382700795748,1.1700431015622037,131.2437032008897,141.7431994569609,1566581934,10.66445223089253,3.8205402468537657,3.827706139004464,8.11898179981873,0.0,0.0,0.1774148102387244,0.0,0.0,-3.739999999999964,-2.8103858579036496,0.0,-0.3656272029662928,0.0,-1.5673300857443056e-06,-23.436278911376004,0.0,-60.0,158407
-86.37378139224225,18.76409283525664,52.47914326652485,36.31758172832436,19.15261744945506,10.83716831178359,8.834071595534846,0.7213016391611429,318.89911844656666,0.0,False,CRASH,833,83.30000000001854,1,710313.018505095,1324.2667881665664,4435.089599606195,401.8804722261964,dry,0.9518995325303484,3.678615560354306,-0.1290906498177699,0.0,0.0,4.620856328020833,1013.2663891758108,0.987064500664948,62.90000000000231,1934.1794608357604,66.50000000000517,,136.2859695063129,37.29203056740539,-3727.676397216801,127.50516494217749,137.70557813755167,1357791198,63.92151411571658,6.796626093418533,10.697895027995177,12.955146012844066,4.032446168732538,9.326106451549135,11.187609170221611,0.0,0.0,-8.329999999999867,-32.58799476464422,-17.41432863706049,-1.9054651484772944,-0.0614174129372357,-1.0322236928262905,-43.95969477677434,0.0,-100.0,159240
-50.56116628446404,7.298358514293402,30.48448702202773,0.8320092507739315,-1.8164554830573725,-1.818495786159112,9.955079633269174,0.8449114249040259,1.335903799751975,0.0,False,RUNWAY_EXCURSION,326,32.599999999998154,1,721474.821354165,1325.7424337580712,4387.939285762524,351.89355427415114,dry,0.9615518057470402,0.6674242605060448,-3.1516899872563884,0.0,0.0,1.211671494258006,1012.3524144946028,0.9893824947540746,,,,,113.40971940801406,1.335903799751975,1.6410132085764315,127.81034807049916,138.0351759161391,1167425778,16.98986021957032,4.346694144776975,4.555951310322691,9.908109011810009,0.0,0.0,0.4007711399255927,0.0,0.0,-3.2599999999999745,-1.9294142292255376,0.0,-0.7685369322690857,0.0,-0.0009738875473355,-20.803627061827623,0.0,-60.0,159566
-48.77954339864985,9.041291931609308,30.012019458658788,0.8268075756783361,-1.5279714407399585,-1.5266839772751393,9.753168166498996,0.8060882713184919,1.5400760240427047,0.0,False,RUNWAY_EXCURSION,318,31.7999999999982,1,719671.8872774327,1331.912298753988,4704.316026963573,87.54614444638925,dry,0.992750272613571,1.225527997128783,0.7754970390139695,0.0,0.0,-1.993154844938679,1012.9944579257966,0.997013911647234,,,,,117.29137254243312,1.5400760240427047,0.0722435355750583,126.90145194611516,137.0535681018044,1202413557,19.228712773720886,3.62235965431556,4.436644528706251,9.460644787679913,0.0,0.0,0.4620228072128114,0.0,0.0,-3.179999999999976,-2.888321912671286,0.0,-0.823582586013075,0.0,-0.0006381721835401,-19.097385279417374,0.0,-60.0,159884
-49.580062159542365,8.913717258957389,30.785182081781564,1.3879841536096376,-1.5758283987325887,-1.5544939604563428,11.686695691953762,0.8023000142990475,1.5181331320537763,0.0,False,RUNWAY_EXCURSION,317,31.699999999998205,1,722432.3374509654,1325.7242153299387,4498.631871966969,310.0348630988831,dry,0.9742452189118692,1.5999557527915351,-2.7009422249176693,0.0,0.0,-2.687934946577312,1010.1587279614864,0.990470774179072,,,,,116.24717988053504,1.5181331320537763,0.7034794962241087,127.1682712061417,137.34173290263303,2008052738,18.980938596352686,2.999689097470419,4.589448303854083,9.539117327694475,0.0,0.0,0.4554399396161329,0.0,0.0,-3.1699999999999764,-2.7985589614583604,0.0,-1.152887414452166,0.0,-0.0652759589554183,-18.95797308966424,0.0,-60.0,160201
-49.69979739509902,10.645684902396557,30.38238739954052,0.5177488554045969,-1.5466960415201767,-1.5859026902170537,9.503749744686152,0.8017928556962444,1.5344271845036133,0.0,False,RUNWAY_EXCURSION,330,32.99999999999813,1,738927.951021697,1331.627385475021,4583.491589513754,167.4835806856108,dry,0.9781193883353532,0.2280746468745427,-2.292725853153516,0.0,0.0,0.3032898788804159,1010.1647033389816,0.9947097173704053,,,,,118.77269986532868,1.5344271845036133,0.379463766993986,129.2836152373828,139.62630445637345,595598245,20.00230594889872,3.295511687167673,4.370579945434502,10.1585007439803,0.0,0.0,0.460328155351084,0.0,0.0,-3.2999999999999736,-4.155455591507513,0.0,-0.7299967352816971,0.0,-0.0339031251095482,-19.767668424032536,0.0,-60.0,160531
-54.725292578568336,10.193164465241466,30.265083700200808,0.5961101031317647,-1.9515661752437423,-1.988085086541609,9.198062963760009,0.8459374179711214,1.5307076261756265,0.0,False,RUNWAY_EXCURSION,407,40.699999999997694,1,767580.0837625386,1324.080094727966,4498.59106283004,118.6798009460598,dry,0.99216705760015,3.1866174658540025,-1.113115266796615,0.0,0.0,-0.1299988535543397,1011.3492801587008,0.99612959624399,,,,,120.97381691332986,1.5307076261756265,1.3942822962533263,131.59014790834405,142.1173597410116,1752032165,21.537993508213283,1.921293729259414,5.78943290560092,10.928311143091042,0.0,0.0,0.4592122878526878,0.0,0.0,-4.069999999999958,-4.6986161043214185,0.0,-0.4884067228506044,0.0,-0.0187516551189213,-26.085761670294684,0.0,-60.0,160938
-52.57479689230361,0.9792344405388947,1.0882118775352794,0.0007219542670158,-2.745272216802364,-90.0,0.867571634639215,0.8767765156124385,0.0,0.0,False,FAILED_TO_ACCELERATE,301,30.099999999998296,1,686893.3271252996,1324.2780490645723,4639.705729515698,38.29309616680299,dry,0.9682452912953204,4.67459573071808,-3.027626001777179,0.0,0.0,-0.7585583756859178,1015.0099827449088,0.9985130037260084,,,,,0.9684977694704135,-0.17447538964214,-0.0017417161667471,124.12155121277912,134.05127530980144,1440696407,0.1852383009070014,0.1786196988332945,0.1382761184878424,0.1559200852435637,0.0,0.0,0.0,0.0,0.0,-3.00999999999998,-0.0320698807723104,0.0,0.0,0.0,0.0,-20.190781215002968,0.0,-30.0,161239
-52.77767341166306,1.1026986202208462,1.4247583504252166,0.0038041531880791,-2.773479245716449,-90.0,1.8038749174770927,0.902643138388067,0.0,0.0,False,FAILED_TO_ACCELERATE,301,30.099999999998296,1,696566.7790053051,1324.5850104687006,4683.898002295315,470.07400282919696,dry,0.9722499195097608,5.184052386194956,1.1115847679303783,0.0,0.0,-1.6753293058025465,1010.1772945532564,0.9858678430212118,,,,,2.8395557717764963,-0.1746741979852117,0.020072144145049,125.09111950387609,135.09840906418617,5880883,0.2966595658282955,0.2821238755224015,0.2154238427746161,0.4012290592286009,0.0,0.0,0.0,0.0,0.0,-3.00999999999998,-0.0406665798175693,0.0,0.0,0.0,0.0,-20.922443175199348,0.0,-30.0,161540
-49.20316026038755,1.0266419475141628,2.9970387763846364,0.0117949733811078,-2.868806253001718,-90.0,5.116955964506625,0.8848568228458119,0.0,0.0,False,FAILED_TO_ACCELERATE,301,30.099999999998296,1,755846.5592060986,1330.2457705593145,4238.613358861366,28.89049528577864,dry,0.9996308089930156,0.7692790390897226,-1.977135765068496,0.0,0.0,2.322431486244408,1013.3794468018236,0.9988074625905032,,,,,13.761363985050991,-0.1767028350338293,0.3811928414501597,131.0038386882604,141.48414578332125,846428919,1.085501457547552,1.0111982110658952,0.4822424765203278,1.823238751359464,0.0,0.0,0.0,0.0,0.0,-3.00999999999998,-0.0352502333563441,0.0,-0.1105702065863746,0.0,0.0,-20.449520716938068,0.0,-30.0,161841
-41.18979424224183,13.03383833793776,30.296376785143824,0.9536329180029328,-1.5239688171563572,-1.5327598397846984,5.176110470370116,0.808815771327899,2.1134851363115104,0.0,False,RUNWAY_EXCURSION,592,59.19999999999936,1,760599.5128910467,1324.6794218355328,4285.871731830213,479.1185413089182,dry,0.9527826714149932,3.547831390006624,0.3294425140192771,0.0,0.0,1.3169131041908413,1014.896070206141,0.9857133252972228,,,,,144.7426468272889,2.1134851363115104,5.952332423150857,131.08937357025152,141.5765234558717,1841261662,44.12497826405355,3.3131761448767025,8.831404975194598,14.43558827931808,0.3902270699824028,0.0,0.634045540893453,0.0,0.0,-5.919999999999918,-11.174390839682408,0.0,-0.2375734805038262,0.0,-0.0142199463059076,-35.57303025006841,0.0,-60.0,162433
-52.09141630372679,0.9406652084804372,0.9674489481612746,0.0007230007672692,-2.851773178944909,-90.0,0.2850048799266584,0.8465623739747908,0.0,0.0,False,FAILED_TO_ACCELERATE,301,30.099999999998296,1,740637.4088810742,1328.3694621041957,4556.14053128589,417.0450857757989,dry,0.9620367172400924,4.429938250822287,-3.473032462536204,0.0,0.0,4.833513805208295,1013.024681156064,0.9877062277331772,,,,,0.299296215025478,-0.1834657355219064,-0.0183642046678108,130.26123386020606,140.68213256902254,1190382222,0.0692008238066507,0.0669561946792893,0.0519688653183694,0.1068042508285064,0.0,0.0,0.0,0.0,0.0,-3.00999999999998,-0.0295933512631231,0.0,0.0,0.0,0.0,-19.34675308709645,0.0,-30.0,162734
-51.15402941337675,1.307835159979001,1.5857335984004624,0.0018756293380993,-2.729100139752501,-90.0,1.678278452832142,0.8431552874949556,0.0,0.0,False,FAILED_TO_ACCELERATE,301,30.099999999998296,1,688975.1650251326,1325.7941556522758,4600.265691283965,22.1282770125627,dry,0.9628615283742756,1.057561451905042,-1.0292606853933397,0.0,0.0,3.873734829234947,1014.4828769336326,0.9989969513531448,,,,,1.9324415248576048,-0.1724308051124552,0.0100046335546655,125.33988327049197,135.36707393213132,72124473,0.3031393686747389,0.2828709824554891,0.2217243865296161,0.2776187992085788,0.0,0.0,0.0,0.0,0.0,-3.00999999999998,-0.0572044749454297,0.0,0.0,0.0,0.0,-19.17217847529971,0.0,-30.0,163035
-52.52155563882904,1.86825397871434,1.8723695397657103,0.0007665003523686,-2.791090477961301,-90.0,0.5335103218289329,0.8629915252872478,0.0,0.0,False,FAILED_TO_ACCELERATE,301,30.099999999998296,1,714586.0926854905,1326.951435640703,4419.707878477195,212.4673881888076,dry,0.967285228528704,3.912202201479463,0.5700709378477908,0.0,0.0,0.3527418733877816,1010.4825816874234,0.9934557620021964,,,,,0.848832535899183,-0.1770179282383992,-0.0044580558008372,127.12724156101974,137.29742088590135,1642588603,0.0645600928388859,0.0565995438891247,0.0485272012499682,0.1611709315771393,0.0,0.0,0.0,0.0,0.0,-3.00999999999998,-0.1167335835137301,0.0,0.0,0.0,0.0,-19.725679824870383,0.0,-30.0,163336
-50.568499386508094,0.0604409676085603,0.0628565841931043,0.000123019968015,-2.622617753146101,-90.0,0.3170975255228999,0.7839681299883922,0.0,0.0,False,FAILED_TO_ACCELERATE,301,30.099999999998296,1,676966.530398545,1330.2557599553052,4729.927606968136,412.6828991788644,dry,0.9775982219286952,4.73665063368669,2.2130893301492915,0.0,0.0,0.4072358309928416,1011.8822069527226,0.9876223695955758,,,,,0.0,-0.1639354745595369,-0.000510010869016,123.66175076891491,133.55469083042814,1566923138,0.0144961544742265,0.014487443095115,0.0108349082962448,0.0230609483726329,0.0,0.0,0.0,0.0,0.0,-3.00999999999998,-0.0001221762533559,0.0,0.0,0.0,0.0,-17.621256664492943,0.0,-30.0,163637
-51.3216200858044,1.784243391485168,1.7844892996717931,0.0006052974128561,-2.8764975299656337,-90.0,0.9043857657838864,0.8151213073255219,0.0,0.0,False,FAILED_TO_ACCELERATE,301,30.099999999998296,1,762410.685434568,1330.8514322751478,4655.886811090433,0.708732065139106,dry,0.9647105258509762,1.430248372805381,1.146111555187347,0.0,0.0,-1.4689389706067797,1010.689908051479,0.999632724466223,,,,,0.0,-0.1831309431159251,0.0004982098246195,130.88377463949195,141.35447661065132,1818006482,0.0238218949983118,0.0209685046650104,0.0173783547067478,0.0662045419071165,0.0,0.0,0.0,0.0,0.0,-3.00999999999998,-0.1064712076108452,0.0,0.0,0.0,0.0,-18.33352217447071,0.0,-30.0,163938
-52.998334448985645,0.6027161827113184,0.6197997883800105,0.0005013853831433,-2.6127506342320754,-90.0,0.448924218869888,0.8851461108538794,0.0,0.0,False,FAILED_TO_ACCELERATE,301,30.099999999998296,1,671491.1017085642,1329.789163127267,4740.589579179819,480.780396191989,dry,0.9663902081627006,3.243066627853362,3.916386786253815,0.0,0.0,-2.846669184696556,1012.8984939943886,0.9854880812335872,,,,,0.7044233784173523,-0.1631603836360113,-0.0036619103769061,122.4028067355537,132.195031274398,377217572,0.1242121039035436,0.122844367995754,0.0932525253092218,0.1196253960956306,0.0,0.0,0.0,0.0,0.0,-3.00999999999998,-0.0121492562075036,0.0,0.0,0.0,0.0,-20.43611958608221,0.0,-30.0,164239
-52.80585218032027,0.1979315987890813,0.4200064408706276,0.000882094913056,-2.6806507290512096,-90.0,1.955479957660172,0.8930294842089,0.0,0.0,False,FAILED_TO_ACCELERATE,301,30.099999999998296,1,673272.0372400718,1325.5935338823615,4744.603930405256,274.2726678486122,dry,0.952900301435602,4.767841096916156,1.9447555338100857,0.0,0.0,-2.104852915752536,1014.0010972789704,0.991574593196425,,,,,1.0788840435273552,-0.1685335638607057,0.0021467217672579,122.65751322559764,132.47011428364547,191741830,0.263794073229081,0.264013705132769,0.1864757708311573,0.1617967117523975,0.0,0.0,0.0,0.0,0.0,-3.00999999999998,-0.0013102502508399,0.0,0.0,0.0,0.0,-20.670622191014782,0.0,-30.0,164540
-50.91534894362725,9.734745599346088,23.605560864998964,17.88882891041909,26.02371573427037,11.822325978895242,15.729238455265389,0.7524619598313262,388.9851588869395,0.0,False,LOSS_OF_CONTROL,685,68.50000000000676,1,689703.4288606104,1331.8028823581574,4410.996361321517,1.00277645928748,dry,0.9746506828778814,1.0896927343332583,2.94814432102814,0.0,0.0,1.3346481301528454,1010.2332549296242,0.9971609843089008,52.799999999997006,1225.142371839628,56.299999999997056,,128.0052908101322,84.15604161213983,-6757.17558254806,125.12206926102728,135.1318348019095,1853662620,42.448851810681056,3.9989265580693214,8.313485970303537,10.626108608958653,3.044448129407197,9.128949120296818,25.24681248364196,0.0,0.0,-6.849999999999898,-7.212690137836868,-9.097588033677308,-2.4740751907493457,-0.5427380607756833,-9.269116063225354,-38.27672413872111,0.0,-80.0,165225
-34.159682786435766,11.726433127777886,31.507240008699863,18.859872494548654,17.026753033786775,7.874491334807701,6.765843059325397,0.7293302539039649,247.37094821647332,0.0125,False,UNSTABLE_AFTER_LIFTOFF,551,55.09999999999688,1,678034.0512540683,1330.428835584651,4617.092627708466,367.7329824647084,dry,0.9729818271014644,5.826614456972229,3.79788614626921,0.0,0.0,-0.1887695269590175,1011.5534333565574,0.9886653487906304,34.89999999999802,1116.4623320806718,39.19999999999778,,154.11990292749655,7.901954417103639,-351.270716796652,123.65142786696224,133.54354209631924,47463574,50.47436078822398,6.046266982383219,9.179095474126877,10.469072885604184,6.597324321873021,6.851165092681099,2.370586325131101,0.2,0.0,-5.509999999999927,-8.418620875448436,-8.699510547897649,-0.3778211688497515,0.0,-3.945060729752104,-29.396541334511262,0.0,-70.0,165776
-133.4752475091212,45.82969558822301,199.4090747652768,51.98655523559691,23.734946462576303,11.960754582376474,19.03028220235664,0.717144210890235,268.4919744636191,0.0,False,CRASH,613,61.30000000000104,1,748622.9824163094,1322.7660377544323,4238.476197841844,427.484850889213,dry,0.991750307013047,1.0952011015768512,2.354566130272594,0.0,0.0,3.2353718831096456,1015.99122056661,0.9864949808765572,45.39999999999743,1630.952064963657,49.69999999999718,,122.31911966480544,29.548677041325845,-4168.902699913488,130.41311253717234,140.84616154014614,1162779115,53.28550678990669,2.6295466448043503,10.00071379712057,12.29601581406892,5.685752169495424,9.763741654196616,8.864603112397758,0.0,0.0,-6.129999999999914,-40.74131975961481,-37.56021637718101,-4.329954139073005,-0.3280144135136612,-14.207570394455765,-32.704052407273124,0.0,-100.0,166389
-122.8637515495084,44.97233397678141,214.27835762797443,60.1714951814433,30.5386127673016,4.861219457550174,23.81931460585941,0.6389435193453424,553.719597829692,0.0886699507389162,False,LOSS_OF_CONTROL,634,63.40000000000271,1,710050.8825018203,1322.0402981934374,4593.205031747665,474.3322798712563,dry,0.9888597216318432,5.148721419060636,1.111758653917387,0.0,0.0,-2.453993924403446,1015.8394738432077,0.9825778793732272,37.29999999999789,1291.6830490770906,43.19999999999755,,145.8577837984091,107.15243152216324,-8480.694385451538,125.77231801432195,135.83410345546773,172656923,61.466480797344175,3.6623787822255447,8.783376728186735,10.861482463438223,3.65294533609841,14.865017423895104,30.000000000000004,1.8000000000000005,0.0,-6.339999999999909,-53.39950189108123,-62.50694539002191,-4.292729375881019,0.0,-22.13277423407996,-29.28348218963216,0.0,-80.0,167023
-41.42333515789671,10.660936273966744,30.070092378720776,1.8551094452091124,1.4842013446260802,1.141945145969792,4.904889622394572,0.7620918038589254,3.3435249509145706,0.0,False,RUNWAY_EXCURSION,361,36.09999999999796,1,719444.4234856355,1331.012606708052,4227.762213500966,258.37149400993667,dry,0.9915746706684424,1.0004942440025315,-1.471070153441679,0.0,0.0,0.1650953549282885,1015.2673334187368,0.992004681930018,,,,,142.36531726292824,3.3435249509145706,94.3787236930034,127.21633999855064,137.3936471984347,643626383,25.41553219350568,2.311648970989717,6.010262713602871,10.950633509075304,1.563676768266758,0.0,1.0030574852743708,0.0,0.0,-3.609999999999967,-4.558850885307374,0.0,-0.0635322888867409,0.0,0.0,-20.4457636244173,0.0,-60.0,167384
-112.8640805473714,34.48765794380463,140.4135021511146,23.98454341707426,15.640450838811413,6.516561781750823,13.971013742375922,0.7249885861310938,197.64920965054583,0.0,False,CRASH,548,54.79999999999689,1,716836.4304740415,1323.6597724276237,4775.4222891276295,225.30850547736136,dry,0.9760078343408451,1.251230119531166,0.7516418716235451,0.0,0.0,-1.9430162508261333,1014.5836236739324,0.9923696663726204,36.39999999999794,1259.5188604828525,40.09999999999773,,159.4445187923961,22.32824383276412,-1593.261867476165,126.56307291240788,136.68811874540052,1033071480,51.10734557052768,1.7767564282356652,7.36370786438932,11.094608756133187,5.12173100614835,6.092171377938637,6.698473149829243,0.0,0.0,-5.479999999999928,-34.19106559951661,-19.88735282821069,-3.4536668603471843,0.0,-9.79775532123254,-29.309034091266355,0.0,-100.0,167932
194.72881246166256,17.979616689701334,36.17129639995035,12.79763338313068,16.852582510436765,10.361635045426846,9.112522531262746,0.7002513362301725,287.1390575191193,0.236734693877551,True,SUCCESS,630,63.00000000000239,1,706840.4152551612,1328.9351965076114,4658.034176315992,344.55558267050986,dry,0.989116857548196,4.061894852390694,-0.8091942160441401,0.0,0.0,3.6286860823376257,1011.8300140924772,0.9830369435063852,35.09999999999801,1289.8872297403846,38.59999999999781,58.00000000000239,149.75644491971104,233.48932803205292,1196.777519840388,127.06749755768352,137.23289736229822,907713895,64.85373945910479,2.520832024977307,11.606502287175871,11.298568131202645,3.833433267719768,12.726802940066047,30.0,5.799999999999995,123.749999999999,-6.29999999999991,-22.628663141601056,-5.893074864819865,-0.6559521064738438,-0.0077871510656276,-4.563076629567907,-31.61251175505448,0.0,0.0,168562
-55.39244939273554,15.92083549712369,34.38649530434682,20.501594049672008,11.106484110732838,6.629031841301207,10.069621954592458,0.7043282111485791,81.86005795538779,0.0,False,UNSTABLE_AFTER_LIFTOFF,465,46.49999999999736,1,728969.8451349941,1329.059638615431,4309.044668952612,452.820351621253,dry,0.9813967549353532,5.491315850121544,2.9061424914652,0.0,0.0,-2.3553424516616106,1015.3517638493717,0.9861972145357174,37.59999999999787,1408.212676008227,,,160.82989817604073,5.031165287089323,-417.2801773581825,127.48948248362652,137.68864108231665,865948037,40.92561906169007,1.6324606336401633,7.586594504403009,11.166114433237723,4.754852684029894,3.0486304610874995,1.5093495861267976,0.0,0.0,-4.649999999999945,-13.096105151201147,-8.95348945517791,-0.6997487403686108,0.0,-4.791071668779751,-23.82565574142321,0.0,-70.0,169027
-191.2929501398866,56.661052308811016,270.2992221305294,22.108420879674632,23.473221833330328,13.359539550908028,29.70728473983741,0.6851600616373483,687.6942118591537,0.0625,False,CRASH,935,93.50000000002666,1,746534.4798300514,1327.812316540012,4441.715525986697,433.59086457259934,dry,0.9644931913467202,3.008705477278075,0.1839950514455433,0.0,0.0,0.122873430735134,1015.0280603989194,0.9863395618173671,40.89999999999768,1603.2379368332977,45.599999999997415,,183.64457580617807,23.518687437748213,-4287.323054603284,129.59510175822143,139.96270989887915,60816030,103.27386345797945,1.868107279794689,12.983798920501869,11.899712818379465,3.687924581306896,24.008246402389787,7.055606231324468,3.0000000000000013,0.0,-9.349999999999843,-125.68372966822992,-39.21799438669144,-12.329632271813743,-5.512294883911975,-20.972429517890216,-46.00412910302645,0.0,-100.0,169962
-176.5346631628184,41.03655026365028,95.24844110088569,29.32951021496622,24.829562773168465,13.159080673900082,13.895913012350425,0.6620639893962661,379.3217094662349,0.0,False,CRASH,605,60.5000000000004,1,712819.110435227,1328.8990073859936,4405.601623930362,188.2230719038195,dry,0.9626201005523156,0.3700185429240825,3.663864729250249,0.0,0.0,1.9027012188305368,1013.5808323842148,0.9928775986077644,37.89999999999785,1423.6530169404723,41.09999999999767,,128.6736039071277,44.862944012661984,-4551.252235655476,127.1158532782599,137.28512154052072,11494707,56.17120917060444,2.236023145939553,8.154438555489934,11.242549478174338,2.258557969596934,8.169778333985095,13.458883203798589,0.0,0.0,-6.0499999999999154,-70.84876835462741,-49.59383530551199,-3.405791020690974,-2.3195679656375243,-17.07483715717579,-28.93330321676337,0.0,-100.0,170567
-232.44276933585783,62.59947820973969,142.75133847012106,30.514200359833552,26.17996153840112,12.100816274062792,26.80757038298288,0.6292853967430063,332.35671252698864,0.0224358974358974,False,CRASH,684,68.40000000000668,1,692511.9146880598,1329.1720471523167,4408.768894796623,56.455219277172006,dry,0.9507392086056028,5.826504952209434,2.899753010769801,0.0,0.0,-1.5536480933428525,1013.5438590312958,0.9972105288381716,33.19999999999812,1164.1162596958875,37.29999999999789,,137.8990150960973,25.4887277014615,-4837.323237069693,124.54562253280406,134.5092723354284,266896303,66.25947847756434,1.3734785813567234,7.708026723931856,10.54028602945179,6.860304746051483,15.89672578824102,7.64661831043845,0.7,0.0,-6.839999999999899,-110.88210735392224,-45.72581822836429,-23.84943683922404,-1.0856972369561515,-30.06237997167112,-30.98224836275602,0.0,-100.0,171251
-152.3827465622208,38.96325497242117,91.51468066953043,27.20471681156534,15.754549610627183,10.13891572778084,19.028380680099986,0.6692573969600772,292.72548964210307,0.067193675889328,False,CRASH,655,65.50000000000438,1,742528.152514506,1322.3522944204956,4609.863589229217,180.23516901742664,dry,0.9708277930919234,3.6188759148787097,1.4965080625936888,0.0,0.0,-1.0155687677199694,1015.49203180235,0.9931641475739822,36.59999999999793,1340.9483351237432,40.29999999999772,,134.39919344408688,41.209696180107954,-4191.879560302501,128.96196028535653,139.27891710818506,17790419,66.07644499969781,1.7136618701541215,9.39771968161479,11.57831766890062,5.4021557328233385,11.667948914711612,12.36290885403238,1.7000000000000004,0.0,-6.549999999999905,-72.75665089923433,-45.03695398439429,-3.666158201601847,-0.0009003088388161,-12.89869701248108,-31.372543877604794,0.0,-100.0,171906
-167.52494915907948,48.423637586620345,153.33184239788054,15.331063667467395,14.051676462583996,11.651482635081958,28.897402139084576,0.6627139470026099,299.1029786268258,0.0130718954248366,False,CRASH,708,70.8000000000086,1,727805.1571241491,1325.0675483284542,4524.446791640826,199.71126200005213,dry,0.9836797126706278,3.26512762620445,2.0525680691478825,0.0,0.0,3.170528997003805,1012.9068222230384,0.9929152359594748,36.59999999999793,1361.5491766313107,40.29999999999772,,133.20945982711822,33.30356587313889,-2700.254674828479,128.7683551950998,139.06982361070777,1440154963,71.21670069755932,1.6990524266431988,11.976694369857208,11.81433971393472,5.152783927313432,9.517798403824193,9.991069761941668,0.4,0.0,-7.0799999999998935,-118.9563445183848,-11.839534771458291,-9.489863778955016,-0.6438760220683306,-7.838753932705487,-33.44501543658167,0.0,-100.0,172614
-53.809799307127705,45.699827789277776,141.9409404607584,16.048589076665642,26.29438662037292,16.185303223034797,19.56503552205117,0.6607389939020553,447.6083429713003,0.0,False,UNSTABLE_AFTER_LIFTOFF,525,52.49999999999702,1,761932.3246658875,1329.7116615403809,4509.858769411318,31.9507080993221,dry,0.9531041147845476,4.289402622691245,-3.6695479788731458,0.0,0.0,-1.0423357833842166,1013.2780347304476,0.9856340657324272,39.69999999999775,1516.3308937560269,43.39999999999754,,110.10739858101088,447.6083429713003,1137.5700378094325,130.7726924302817,141.23450782470425,1128755548,45.89115958811902,3.375106230277606,7.012670197442089,11.805557806432734,3.310303391586914,11.814878611218589,30.0,0.0,0.0,-5.2499999999999325,-46.60566046947129,-4.345797706844644,-5.66128044744208,-5.212377389680115,-4.886411484492478,-25.057947634273937,0.0,-70.0,173139
-70.77065625994932,51.36639202668796,135.86874608358713,25.27874702320131,29.282321527384376,16.159946352230257,11.83922785428373,0.6677478841049674,542.5590644912166,0.0,False,UNSTABLE_AFTER_LIFTOFF,562,56.199999999996976,1,760560.635696325,1324.6237726764386,4542.964810038961,230.6279176436016,dry,0.9777514162455344,3.3876824478621854,1.482138554444818,0.0,0.0,3.441580558968921,1014.5426973877728,0.977483531762397,41.79999999999763,1620.4536556451314,45.19999999999744,,112.62257260481766,542.5590644912166,1626.306102385706,131.58913573657009,142.1162665954957,1389828892,50.31917727857024,3.81411677870175,7.055824384447939,12.669982433940849,2.8446324288674973,13.963931756055851,30.0,0.0,0.0,-5.619999999999925,-54.59757196614382,-19.40329050472738,-2.584109208925228,-6.554128734167802,-5.600171446969966,-27.079049459599183,0.0,-70.0,173701
-191.47899685446544,49.21481949043739,115.30798405360363,33.82034043337253,24.102907811331285,13.331477447969291,24.522705477732305,0.6654487122673568,377.0612512246567,0.0,False,CRASH,641,64.10000000000326,1,700414.0716006013,1331.9631499446607,4577.083782171233,75.69654506285222,dry,0.958145408403145,1.3455519904056423,2.196428677096768,0.0,0.0,3.6001667259474432,1013.9361279273596,0.9964526132588472,38.49999999999782,1407.2553158072235,42.099999999997614,,132.59538533549224,34.5272204500683,-3146.753768687535,126.35093965390834,136.45901482622102,552547096,58.78567305007224,4.6273467931176535,7.250143715230068,11.169312271345431,2.5330043878542927,9.380767974226895,10.358166135020491,0.0,0.0,-6.409999999999908,-77.42095487031453,-47.525538065658914,-12.483434384390277,-3.6465126198916415,-17.412494640413538,-30.68447660066345,0.0,-100.0,174342
-63.23731950158502,56.819896929589454,172.85715381001162,16.748164996926235,28.814321367098376,16.121927094909086,16.653707647135917,0.6914253261892478,552.7415695094239,0.0172413793103448,False,UNSTABLE_AFTER_LIFTOFF,566,56.599999999997294,1,744054.6467368325,1324.8427591767622,4708.3088777765015,374.97061842294505,dry,0.9885136471445778,7.867036132766825,-3.329546702436138,0.0,0.0,-2.4913289775592107,1010.2758173762244,0.9725409165076092,41.29999999999766,1605.0304881474422,45.09999999999744,,113.24301480905308,552.7415695094239,1912.488788316464,129.0942595117501,139.42180027269012,1321529463,51.8096953588951,3.6867320325098576,6.765031455654447,11.941711023491225,5.253500282069097,14.791065249565152,30.0,0.2,0.0,-5.659999999999924,-51.72844794493773,-8.921620214908405,-8.362496540472167,-6.558805916748963,-8.043689321286141,-28.409994965416352,0.0,-70.0,174908
-233.83672052484124,78.05340582951311,206.0922817756689,39.95124628520399,23.944925224146928,9.830910017124546,29.08994963755129,0.6171776633582267,478.3947249301236,0.0,False,CRASH,731,73.10000000001043,1,750738.4105709963,1324.3662861043233,4383.090359133239,148.95647717341294,dry,0.9574528314936892,4.848500738716287,-3.038839841420556,0.0,0.0,1.1865209159477503,1014.5151072537138,0.9938460559250863,42.19999999999761,1625.257326128946,45.49999999999742,,141.8622067644845,50.30621314231874,-6909.82474623111,130.23192910038128,140.6504834284118,1640795441,72.33391998689137,3.9216824624272952,7.194871669135156,12.20194944754941,3.504664474121978,16.280534284387645,15.09186394269562,0.0,0.0,-7.309999999999889,-102.7155953966774,-64.61141235683333,-24.345999455744355,0.0,-32.71425905841319,-32.66894052438174,0.0,-100.0,175639
-123.5988101555781,94.2721036513578,217.02119165555789,20.19975012740824,33.80842205829868,16.164288742824013,25.11880356172747,0.6206842656157815,1035.488260407092,0.0,False,UNSTABLE_AFTER_LIFTOFF,607,60.70000000000056,1,741969.5478016795,1323.1279815228618,4560.609358506204,143.29845023337052,dry,0.9564614191213392,2.146314927510549,0.0005902127144388,0.0,0.0,-2.395158520106425,1013.9942933536626,0.9653297045346002,36.39999999999794,1281.2227368456497,45.19999999999744,,105.23642353376944,1035.488260407092,1787.7957077447818,128.6983179973201,138.9941834371057,823941273,59.51763922134133,2.848486338119555,7.408056460511534,11.456673399553246,8.265902000555048,19.3755288869927,30.00000000000001,0.0,0.0,-6.069999999999915,-82.15458070574904,-35.74497457511328,-17.011582210472074,-4.320589189167597,-20.371705119609,-26.79766466254061,0.0,-70.0,176246
-171.2775222086115,70.99186705138577,183.6951015354196,60.33924340348887,18.694890203073093,9.02609593506193,21.284014414757703,0.63202254154733,291.7345735471964,0.0,False,LOSS_OF_CONTROL,594,59.39999999999952,1,734529.9440755587,1326.6956124713597,4394.930414569135,67.49623937237659,dry,0.9901575560480842,5.162509810622405,-2.40559771141687,0.0,0.0,-0.609453407086618,1015.875706105935,0.9965323028873694,38.49999999999782,1426.6287193717465,41.99999999999762,,141.54109789222494,38.470835907081295,-3266.5398665822963,128.3319517706189,138.59850791226842,989821580,57.571816390719285,4.3591257043551295,6.949266887178582,11.49637763295492,3.651854544424941,7.756782782173702,11.541250772124387,0.0,0.0,-5.939999999999918,-70.51631956460758,-56.9198786736394,-11.069861017213643,0.0,-23.256561354044194,-26.90137631303728,0.0,-80.0,176840
-38.63484877573515,9.072855377789228,30.02063849281859,1.392426124036293,-0.4410652333503757,-0.5611705552010353,5.99144290989396,0.7764394329543722,2.2093679639905304,0.0,False,RUNWAY_EXCURSION,421,42.099999999997614,1,745801.128484928,1330.0059059460416,4252.464761686895,412.20349892502,dry,0.9675086759018108,0.0825349504438461,-2.008215261321922,0.0,0.0,-2.9007633143044584,1010.1108473966568,0.9874517350329156,,,,,140.52007520508045,2.2093679639905304,30.69823570289266,129.16356795914203,139.4966533958734,2141492029,29.58133001306879,4.568300328401511,6.244757062829982,12.389149257294449,0.5218957393999673,0.0,0.6628103891971593,0.0,0.0,-4.209999999999955,-3.8505925201492737,0.0,-0.266212633604492,0.0,-0.061272147587245,-24.21501426458601,0.0,-60.0,177261
-200.38580291209777,89.9117032741476,323.6015914179788,60.2668799100962,22.89771484588752,14.985852340270965,32.218051846387546,0.6512504419640491,1106.0517494764715,0.080188679245283,False,LOSS_OF_CONTROL,837,83.70000000001886,1,689635.0204487955,1327.2465539464629,4392.077036586094,286.13122259906527,dry,0.9764776638128276,3.476282101926853,-0.8780995761920072,0.0,0.0,2.268094872992686,1013.8150792174188,0.9598433490453638,36.69999999999792,1350.560853745715,41.39999999999765,,124.39210499629776,1106.0517494764715,1887.70994404544,125.09585036835487,135.10351839782328,1728701086,86.1288659933053,5.223625811737048,10.150762207769295,11.186578853605637,5.047064345140432,34.022759781452145,30.0,3.4000000000000017,0.0,-8.369999999999866,-132.32166021663946,-74.79408298335045,-21.544400582528336,-25.48782507150052,-3.229310580319467,-39.79818047077006,0.0,-80.0,178098
-169.43812246084025,49.551889231849714,126.70358646511762,38.58566500336083,19.228270862169865,11.856846510200851,17.097122138101565,0.6674884729046635,255.46363158404515,0.0,False,CRASH,610,61.0000000000008,1,722880.5355927459,1331.9384633451566,4353.573548131379,193.3672279823654,dry,0.9650548192917774,6.325019070228036,-2.4227290924773976,0.0,0.0,4.216024849677368,1014.7639592981302,0.9931463144785108,38.399999999997824,1359.0032105691007,41.899999999997625,,140.38694291571483,32.23940942108209,-3052.727992350848,128.44434458993035,138.7198921571248,2106327850,55.967470986007925,4.850997849882305,6.910472583653473,11.61051804540852,4.062710303478696,7.424404299683489,9.671822826324624,0.0,0.0,-6.099999999999914,-67.31549557626047,-43.5250340162962,-5.723586175077349,-0.5934978941725273,-17.100020051384856,-29.578885642087613,0.0,-100.0,178708
-39.08436998289351,12.220493730691684,30.673209472194504,1.0620283392061067,3.9098787798657697,3.309190124217225,6.656189864108782,0.715354530067525,4.066480322501548,0.0,False,RUNWAY_EXCURSION,390,38.99999999999779,1,723902.4268018738,1328.7852181003173,4333.842000099369,325.62775086848313,dry,0.963057515624372,4.577671899208634,3.384861976333206,0.0,0.0,2.5398635017625883,1012.7713778169662,0.9901098857784548,,,,,144.03036399509068,4.066480322501548,153.58292724974618,128.29213656302105,138.55550748806274,815020182,28.03231663191324,3.415574662384418,5.170381209259324,11.996698720919271,2.2376767190341096,0.0,1.2199440967504638,0.0,0.0,-3.899999999999961,-6.4714202376145735,0.0,-0.4495091020190369,0.0,-0.2113603754551269,-20.124672308065644,0.0,-60.0,179098
-45.143210269605,37.66405654776885,122.80999463432184,20.917122358714725,30.812076362656533,16.226642962022456,5.946873153256389,0.7127597708692899,576.3151579172987,0.0,False,UNSTABLE_AFTER_LIFTOFF,519,51.89999999999706,1,710443.5814633814,1329.305759570697,4368.098497836068,427.7172853018972,dry,0.99805021437637,2.244468190970905,3.913827001566024,0.0,0.0,-2.7471325149476256,1011.8295820620576,0.9703125968772296,39.099999999997785,1420.987042609246,43.19999999999755,,98.005660531601,576.3151579172987,2561.747101927289,125.99144723171636,136.07076301025367,1472190200,43.92477386906207,4.092941102167399,7.919689672110867,11.332298911103305,4.055614383079734,11.972014860706036,30.000000000000004,0.0,0.0,-5.189999999999934,-36.2327688649739,-9.2460898735941,-0.3210926379429287,-6.403709811482578,-4.364852611253241,-26.682029268587662,0.0,-70.0,179617
-61.27109904382569,51.58871896448469,162.83746140417358,21.168297145458805,31.824757832385952,16.00751389992462,15.009826111169705,0.6756880366171596,624.8235735351109,0.0,False,UNSTABLE_AFTER_LIFTOFF,523,52.29999999999704,1,691967.2995285884,1323.4493383679726,4782.41180071436,204.8521295498375,dry,0.951745399986104,0.2777492648762587,1.6821165857767943,0.0,0.0,-2.297153641085279,1014.0768853254364,0.975391678717662,38.99999999999779,1383.044552797135,42.3999999999976,,105.67579231829431,624.8235735351109,2797.7345965918485,124.30236497380218,134.24655417170638,2040324894,43.528275217422575,3.475412066207788,5.772541833027633,11.03587144630317,2.532046964610819,12.800034025412414,30.0,0.0,0.0,-5.229999999999933,-49.69984780784954,-7.482628231237204,-3.7863119642988514,-5.82804113180924,-2.859225871736516,-25.529225589878624,0.0,-70.0,180140
-241.816176919298,61.95790617232047,150.87101899577212,44.07356447598589,23.3968012000737,14.413890747497032,31.20323574597242,0.614831143159543,515.6385618137383,0.0,False,CRASH,746,74.60000000001162,1,746523.0084666505,1325.7637742048416,4416.644698788167,496.2905111083062,dry,0.9720260654835952,7.896840778891399,-1.4390864600169635,0.0,0.0,3.96595443877601,1015.5417687318626,0.9851328429650053,40.79999999999769,1532.5392227640623,44.29999999999749,,164.03928741223012,9.194921431594594,-1510.944182757666,130.42208219945476,140.85584877541115,1396850658,73.95372138039971,3.6928193133065386,8.041318664351005,13.12863058160394,5.036123432892207,12.651366480885583,2.7584764294783697,0.0,0.0,-7.459999999999885,-100.3007609563219,-77.55780977616845,-11.956208771330676,-14.227540262302409,-17.138484859567342,-32.43782857652476,0.0,-100.0,180886
-226.95150007937377,81.13308345142214,166.77661570324562,29.73971218841713,34.95088986549811,16.02938410191446,14.552601764948124,0.6117070407492321,1095.3708214187186,0.0,False,UNSTABLE_AFTER_LIFTOFF,839,83.90000000001902,1,728854.622308277,1322.6688113263167,4342.314853205542,375.29487786647775,dry,0.9698496150746124,5.479605677845412,-0.4019589011942122,0.0,0.0,-1.2692469519925256,1014.3766183451336,0.957143817341852,38.59999999999781,1464.2429612495223,42.19999999999761,,106.7981821042808,1095.3708214187186,3534.057084253604,127.78278064757582,138.00540309938188,1804554973,86.28902154786584,1.6195502593793694,11.607711623187914,11.713449946257416,3.274895463633222,27.89925191433565,30.0,0.0,0.0,-8.389999999999866,-162.2664109531525,-78.9643330420228,-7.056040195415916,-10.092967635202548,-26.158263468163373,-36.42736554007693,0.0,-70.0,181725
-56.46488016224589,43.85304905241411,134.11952922847826,21.99255460105996,32.77696046024601,16.07288134337118,11.298927430820804,0.6702299679753078,580.9045532916067,0.0,False,UNSTABLE_AFTER_LIFTOFF,515,51.49999999999708,1,744224.6207757179,1331.1491659653957,4450.152350429182,335.25198064961774,dry,0.9714425387677308,4.219664200924415,0.5531942148310329,0.0,0.0,2.4898336366163125,1011.5010238536638,0.9733475749226822,37.19999999999789,1305.1384084252795,41.899999999997625,,108.925000318965,580.9045532916067,3109.420538895089,130.1509099120644,140.56298270502955,1478428095,44.40221337049999,1.758972465027512,8.327480178018131,12.1726933627961,3.897196945539503,12.882464448369396,30.000000000000004,0.0,0.0,-5.149999999999935,-45.62381873858687,-12.52701752296975,-1.5576412521590168,-7.607469737602024,-2.619847134668932,-24.82010654650988,0.0,-70.0,182240
-58.20637421463121,45.92828876991115,133.43147697702227,22.105441260813315,26.160942812397806,16.003746515873857,10.094881560370474,0.7047624876641488,608.0127115909479,0.0,False,UNSTABLE_AFTER_LIFTOFF,497,49.69999999999718,1,728171.9659506091,1325.8240165267764,4730.509394744519,313.88465396087827,dry,0.9850215464907892,5.1088182074800095,-0.3559468732094126,0.0,0.0,-0.6458637534153864,1011.8193557877664,0.9728861517447026,35.99999999999796,1307.0298290138846,39.49999999999776,,92.5225483039601,608.0127115909479,655.2401232880266,128.0230948527091,138.26494244092584,1511830742,42.40611137577957,2.1608936563728545,7.078079927885497,11.501660891074645,2.87798115148555,12.776895495862588,30.000000000000004,0.0,0.0,-4.9699999999999385,-47.591196701876605,-10.686248359617895,-1.136165580581013,-6.1112948761959975,-1.0731433636944658,-25.439947831125856,0.0,-70.0,182737
-53.10757377772501,43.70679739757192,142.26966830969624,17.829669509249733,32.38424066629247,16.02128769271466,13.41760805080319,0.691323898535557,581.3695295391492,0.0,False,UNSTABLE_AFTER_LIFTOFF,504,50.39999999999714,1,755263.9312097459,1331.8664904914226,4518.511612146725,178.95931983965184,dry,0.984648955560021,6.6732798448676505,0.7469429694891958,0.0,0.0,-0.2310389811023823,1015.955380949988,0.9775725618575396,38.59999999999781,1301.1622840323598,42.2999999999976,,103.1153315332955,581.3695295391492,2870.166220731666,130.21109029117753,140.62797751447175,835202397,40.84571769509117,1.6019111194030236,6.682201880265737,12.360945547498892,3.409077295938411,11.086807060595977,30.0,0.0,0.0,-5.039999999999937,-43.84547904505799,-6.606312768185658,-3.221612589353968,-4.707573374659882,-0.1866117458075152,-25.48664485345316,0.0,-70.0,183241
-64.8908336849469,80.78061402764742,225.3251045064496,15.85331807331753,33.29543186396034,16.10482331851952,18.783998432631297,0.6587460839755619,1210.7169802109297,0.0641025641025641,False,UNSTABLE_AFTER_LIFTOFF,549,54.899999999996886,1,690629.0465426119,1324.5818634673938,4246.445334723987,165.60254036167177,dry,0.9983343235557208,4.104118810730679,1.1966570405455164,0.0,0.0,0.303883081554166,1014.2579390894292,0.9600292352331736,33.39999999999811,1164.661871530261,39.39999999999777,,110.65129156645216,1210.7169802109297,3380.772990936819,124.73467336535626,134.71344723458478,1879383516,50.60847152826315,1.266715653933946,7.033924973920004,10.57041435331174,6.426160486188639,19.29398604107259,30.0,1.0,0.0,-5.489999999999927,-68.95677213085709,-9.094605824129502,-8.150197303148708,-3.449736824996104,-0.267444316560924,-25.68175032194448,0.0,-70.0,183790
-102.60932348609025,96.84448263123396,248.80480083734275,22.82557445644797,36.69417657688111,16.101264687882285,20.41394355759268,0.6574647049568146,1130.756240144568,0.2205882352941176,False,UNSTABLE_AFTER_LIFTOFF,606,60.60000000000048,1,743956.5894566444,1328.3609335564406,4526.705270353086,484.7778448961024,dry,0.971981324718146,5.1218143603421415,-3.84659848015368,0.0,0.0,-1.8174077567851752,1012.4697715561856,0.9529449057698794,35.99999999999796,1276.1267616981222,40.29999999999772,,118.72565075034191,1130.756240144568,17.199186949861343,129.09783058885196,139.42565703596014,290117534,56.661214268987614,1.1970647960006584,8.467029346651332,11.622851479140696,5.332153599462952,20.5456496006887,30.0,4.5,0.0,-6.059999999999915,-90.06785175411257,-22.514466988505777,-14.13151187880208,-5.029307024073823,-4.0647430239566384,-29.06740590757152,0.0,-70.0,184396
-62.36730624640239,48.251964690678086,145.14821135402903,18.715545254471525,35.56333424978547,16.026019259470626,19.072759863299765,0.6834305515486292,598.3023467094157,0.0,False,UNSTABLE_AFTER_LIFTOFF,468,46.79999999999735,1,700968.6143174076,1329.1174981430297,4776.478933006908,161.2443235600643,dry,0.990429716645093,0.7997736626323766,3.096124508099911,0.0,0.0,-0.9336092577234164,1014.973531530505,0.97753320858119,33.19999999999812,1125.478513301311,36.89999999999791,,116.19382882336016,598.3023467094157,4125.134248972842,125.35086218466095,135.37893115943385,1243185673,39.75184913712015,1.7226667848984951,6.777234368475402,10.559021138934924,3.975332317042452,12.90674612880285,30.0,0.0,0.0,-4.679999999999945,-50.109484427695705,-6.845693711749701,-4.061257457501992,-8.537116291555966,-0.6068553769825931,-23.219748856190616,0.0,-70.0,184864
-64.87510897816264,48.65593063112236,173.2067380478649,13.541842350375894,45.15234941344444,15.601053393859225,26.29205634094252,0.6548138780680963,829.6924359696574,0.0229885057471264,False,LOSS_OF_CONTROL,511,51.0999999999971,1,762193.0063972318,1328.5858356916592,4363.628478405769,133.80117782943697,dry,0.992714856139291,7.787579049327216,-3.0739993539129555,0.0,0.0,0.2927824850428893,1012.6548520128596,0.9717897452908996,37.0999999999979,1317.5780036988365,42.49999999999759,,106.98124877917624,829.6924359696574,5448.978643021527,131.13915507082788,141.63028747649412,1549384411,44.747601092586486,1.7583373787965946,7.08318090679704,12.055297038897033,4.1086523953933805,11.865018381230056,30.0,0.2,0.0,-5.109999999999936,-45.60784720336719,-6.508854600883324,-10.725800956140766,-4.284107762399016,-0.4514906725837552,-24.00509497648911,0.0,-80.0,185375
-61.67910552057394,49.57111127066376,182.08864545112013,16.312073880447784,45.021522931695365,11.909279388164784,28.06074196130638,0.7000050175699828,813.2767617707905,0.0116279069767441,False,LOSS_OF_CONTROL,491,49.099999999997216,1,706835.5797081313,1323.5339487299505,4242.4480399524045,188.8892610500245,dry,0.954256861658458,3.6115099348671738,0.881359985967404,0.0,0.0,-1.043628367450072,1010.5837753677076,0.970534669719615,34.99999999999802,1219.4910376538446,40.5999999999977,,114.95629397707236,813.2767617707905,6480.668507832143,126.12327603474694,136.2131381175267,1815655708,42.94441806940177,2.054058536475991,6.670380369511615,11.11220082361392,6.172060698949919,12.2383195589041,30.0,0.1,0.0,-4.90999999999994,-41.20403321805351,-9.173626862952217,-11.939632232430093,-0.2693205677367926,-0.4601558513898455,-25.013774844868752,0.0,-80.0,185866
-57.37136729875397,14.149429960986383,30.01081853393054,0.7424847246535572,-2.6782531777877554,-2.7242653394205134,5.833032127908829,0.7913621885765001,1.0201125722522022,0.0,False,RUNWAY_EXCURSION,276,27.59999999999844,1,753520.799192666,1322.7578946228605,4581.259840840201,234.346705671357,dry,0.9525466739390004,2.606711801409777,-2.746634311832441,0.0,0.0,-1.8604089268056745,1015.7534941767811,0.9927308372988818,,,,,111.6387945906977,1.0201125722522022,5.857358160877517,129.70509199862084,140.0814993585105,1128189815,12.745412197508005,1.853203714024888,3.7033747995000703,9.263272438905291,0.0,0.0,0.3060337716756606,0.0,0.0,-2.759999999999985,-6.139661958773012,0.0,-0.1649349332557018,0.0,0.0,-16.178067328339207,0.0,-60.0,186142
-122.42200260408426,65.55681100422615,165.6026950673108,29.41093197411704,36.64713376377602,16.056847142579286,25.016391536009696,0.6445191256841565,1145.5103329821163,0.036144578313253,False,UNSTABLE_AFTER_LIFTOFF,587,58.699999999998965,1,676522.0057417359,1325.695300547125,4688.232158534734,321.5681525382317,dry,0.9509981006060716,6.953964430523606,-2.4350427298955064,0.0,0.0,4.840431681801765,1012.9334429287544,0.9581099894985616,36.09999999999796,1388.8528267168513,42.19999999999761,,78.16847661590445,1145.5103329821163,1876.4212253502928,124.50248359934692,134.46268228729468,806201099,57.141496154058345,3.372585725039898,6.912008860521795,10.573483981909945,5.582378340020544,20.200190503141304,30.000000000000004,0.6,0.0,-5.869999999999919,-76.9244100087325,-54.42285878783077,-11.84881012801138,-4.2260045746156845,-6.32882960734158,-27.183233062244,0.0,-70.0,186729
-111.53021931254776,66.72833629407572,202.5622925078739,29.960884333402323,32.468089594579524,16.319082476048116,21.806960284288035,0.5935141318236011,1166.324651018345,0.0303030303030303,False,UNSTABLE_AFTER_LIFTOFF,623,62.30000000000183,1,750484.9705997368,1326.5234023065932,4659.479808698109,346.49160495046635,dry,0.9540687487286212,1.467222720608082,1.3205779020749104,0.0,0.0,4.233929263857925,1012.4672365606596,0.956752708587727,38.59999999999781,1401.8039505023633,42.59999999999759,,100.60872538111848,1166.324651018345,2922.023730927836,131.02617010918587,141.50826371792076,666239354,59.691669090590615,1.5487220088067806,8.858123105524488,12.70107664338815,4.000799746203073,21.53305571673234,30.0,0.6,0.0,-6.229999999999912,-90.28582700949202,-37.69061452949133,-12.664684008766306,-4.608727271311309,-2.9581655352923755,-26.02564726943997,0.0,-70.0,187352
-83.2820260663298,70.30047630337845,219.15502823092723,22.825828947659243,41.36909001625338,16.165472701208657,27.38481836142739,0.664923922789598,1103.5487101834342,0.0704225352112676,False,UNSTABLE_AFTER_LIFTOFF,531,53.09999999999699,1,691512.2582374448,1330.866699121438,4536.818725989041,227.65906743099112,dry,0.9675054611202732,6.04606313192653,1.019461967554332,0.0,0.0,0.1041289159094063,1012.1814242252476,0.9612773574882864,34.699999999998035,1161.9896075185432,38.99999999999779,,95.10629168872669,1103.5487101834342,2361.5630116424654,124.89910196287,134.8910301198996,908297867,43.99582481278462,2.2941450074647167,6.749479402667611,11.219925479649756,5.125621339289832,17.21534522161687,30.0,1.0,0.0,-5.309999999999931,-63.12893505171401,-9.489888509500965,-17.400411961543778,-6.453506710050139,-3.4685801182366807,-25.631044978757465,0.0,-70.0,187883
-154.07810565885387,70.19670713092242,159.4312284629749,49.04472806900487,36.81861504650329,16.122621696582108,25.73742900258529,0.6007279089676398,1284.6989114169962,0.0,False,UNSTABLE_AFTER_LIFTOFF,649,64.9000000000039,1,677224.2311252274,1325.3652909865484,4416.194167296779,284.2870130478178,dry,0.95291269803912,4.028182510659616,-3.1492075490138465,0.0,0.0,4.75450374823229,1011.8099513989832,0.9552566579442732,38.69999999999781,1458.633300448652,42.69999999999758,,79.2483112535126,1284.6989114169962,900.1512089865182,124.61794437518604,134.5873799252009,1043323488,62.78892931843617,3.879920261208357,7.341566674640447,11.20070558840709,3.8256797185532734,23.398902719115817,30.0,0.0,0.0,-6.489999999999906,-94.60680270913808,-66.41738838525707,-14.564172101428849,-5.486643200194374,-11.186665370428406,-27.76213817276823,0.0,-70.0,188532
-60.47326821107076,58.83394066549917,209.2209551493583,17.028357689541114,33.822022074505995,16.11410086642102,24.439472290826565,0.6359933419028921,979.1353943330196,0.0153846153846153,False,UNSTABLE_AFTER_LIFTOFF,600,60.0,1,711006.7150399998,1324.9976055787436,4293.99183341779,122.02315751127765,dry,0.966219354405664,6.940600771025348,2.36610018952746,0.0,0.0,-2.9974223334959325,1014.6563586544808,0.9674849601138152,43.09999999999756,1658.6904409801868,47.09999999999733,,103.2591089239827,979.1353943330196,3108.0366466975474,125.81047400751156,135.8753119281125,1543657888,53.34818099844143,4.146877099990491,7.636663097796397,11.950462757486164,4.090421338479235,16.029969578853535,30.0,0.2,0.0,-5.9999999999999165,-59.385360317186034,-8.765040574673558,-12.67624770692185,-2.850497273410717,-1.566051992077376,-26.63264521784837,0.0,-70.0,189132
-110.84481631892164,75.43533010802396,170.23298381486663,26.55219943425568,37.89442296084905,16.115379939643546,16.59225545104522,0.6084221829004209,1270.9379481676565,0.0236966824644549,False,UNSTABLE_AFTER_LIFTOFF,627,62.70000000000215,1,715927.178435347,1326.510099088854,4320.814245689384,82.81643229202373,dry,0.9705078649633084,7.841228015846595,-0.0330407845279756,0.0,0.0,-0.2809860769031269,1015.7383283810562,0.9605886327861992,36.39999999999794,1342.6155621473606,41.69999999999764,,108.89897080980904,1270.9379481676565,4382.977801665285,126.77737399976382,136.91956391974497,1910160578,60.83251425144914,2.427774836827606,9.315245197952835,11.296466761463718,4.219127903180585,23.219575576195417,30.0,0.5,0.0,-6.269999999999911,-91.72201491539307,-26.11743355329705,-5.709515364522899,-18.46435192566623,-7.4861116325249615,-26.88609345458676,0.0,-70.0,189759
-56.38474996576026,62.2947110426266,181.44457972767736,13.50545424035837,33.189989367708854,16.031572724465086,16.341537322190238,0.6368473153549711,977.9208723169824,0.0434782608695652,False,UNSTABLE_AFTER_LIFTOFF,533,53.29999999999698,1,688327.980937808,1327.2915971794523,4231.608004162786,282.6463351945323,dry,0.9613737140698748,4.583583300611018,3.187700705784547,0.0,0.0,1.457100746035767,1014.5555140473712,0.9634492330564136,34.19999999999806,1202.036093554429,39.59999999999776,,121.26867920193388,977.9208723169824,2432.0700627306865,124.75707803520172,134.73764427801785,156652360,48.92960507858312,2.064135716252455,6.883802256490683,10.821005847707031,4.304752195196058,17.0420293350016,30.0,0.6,0.0,-5.329999999999931,-60.93969654196353,-5.821727359827021,-6.488147393890024,-3.270138880805125,-1.1630193268848874,-24.017350891620445,0.0,-70.0,190292
-56.99501439287807,55.03811297271342,162.10848133230365,13.77616230876622,36.20902350950749,16.293229546048583,14.854700044266709,0.6811097485382274,1029.6335752078623,0.0073529411764705,False,UNSTABLE_AFTER_LIFTOFF,594,59.39999999999952,1,753901.5087737294,1329.6353093477096,4300.1366505431615,85.49065172561804,dry,0.9851288110935856,0.2683180560884635,-2.1405407173164868,0.0,0.0,-0.7342769776288627,1014.816477696131,0.9673523422463484,41.29999999999766,1607.6956511537403,45.8999999999974,,117.89321996921753,1029.6335752078623,1807.2059201422453,130.05276784701198,140.45698927477295,2005843176,55.87867392288838,4.88585668413048,7.932151347080828,12.246051842463068,4.04763797675256,16.507793545877213,30.0,0.1,0.0,-5.939999999999918,-65.03659823856474,-6.291319366533682,-6.009809684750646,-2.799229274411393,-3.641022537650575,-28.87520061015947,0.0,-70.0,190886
-66.66116493167543,54.71961965939884,160.96983886708915,18.40716524308025,34.54534932203846,16.09547095187634,13.866847993448449,0.6803544118222463,1042.799760073604,0.0753424657534246,False,UNSTABLE_AFTER_LIFTOFF,581,58.09999999999849,1,721053.892107059,1322.2523114161502,4558.695728887509,197.4793153213284,dry,0.9556243814320148,5.528531092577532,-1.101757820278657,0.0,0.0,1.4222839608240827,1014.5360442843088,0.9640256873190616,37.39999999999788,1342.003754126,43.59999999999753,,117.0621699448778,1042.799760073604,1956.042678823127,127.68192011716964,137.8964737265432,1141051469,53.9845684218452,3.347357554653432,7.824800474875413,11.933682592046868,5.229955253885631,17.95070200454276,30.0,1.1,0.0,-5.809999999999921,-67.32120437159143,-15.687208026948325,-4.251535409280712,-3.8911760849914176,-2.8042858022493915,-28.26682153846332,0.0,-70.0,191467
-60.775047651041504,40.85479783112722,119.5828700223096,18.19567580993214,34.73001743034607,16.02967319561712,14.840379104484263,0.6857398553478593,746.8214287546825,0.0,False,UNSTABLE_AFTER_LIFTOFF,528,52.799999999997006,1,707958.2032138351,1328.931699135778,4798.66701114718,274.6376042830458,dry,0.9829874280888286,2.239855241737072,1.3807382680959797,0.0,0.0,-0.3746802985635806,1011.9861144058352,0.9700527001543392,33.5999999999981,1138.7023853721298,40.99999999999768,,98.12813577387192,746.8214287546825,554.1397712071574,126.28276785052486,136.38538927856686,768359333,46.235416214736055,2.7844981606300507,8.227603346884345,10.70726564963402,6.049776268034865,14.819680887618093,30.000000000000004,0.0,0.0,-5.279999999999932,-57.94360578828199,-13.79395575577643,-3.1158859464028428,-3.277551588507023,-0.1065203661308164,-26.081768733479773,0.0,-70.0,191995
-52.742653203294736,30.88440602284219,85.5126503707209,21.855200452074826,27.26673813382556,16.018709482204255,18.3159193850966,0.6887561192134666,582.3981960780352,0.2410714285714285,False,UNSTABLE_AFTER_LIFTOFF,509,50.89999999999712,1,691963.2068934245,1330.9163538246976,4432.8737152098765,271.8567963060636,dry,0.9562507560276776,5.53996396362506,2.940870062444846,0.0,0.0,3.853446964070504,1014.627426669226,0.975214380017158,32.89999999999814,1099.8415320065328,39.79999999999775,,91.75897974167842,582.3981960780352,842.0208911862674,125.59807373482056,135.6459196336062,1444696807,45.200063411163896,4.287348462703539,8.228682819764355,10.64017719875299,6.40117188973972,14.636831067407968,30.0,2.700000000000001,0.0,-5.089999999999936,-48.78066817667367,-15.385190886458442,-2.8123666109379184,-5.217849451981319,-2.3412047984719817,-25.20964812830384,0.0,-70.0,192504
-324.18220771423466,85.29690804974342,307.391072555294,46.44400040909253,32.569367723832926,13.672094171637983,68.22434008215349,0.626570991033593,830.5789854115669,0.0247422680412371,False,CRASH,923,92.3000000000257,1,711822.3583636133,1324.4519022297848,4387.891964329022,87.02415714705192,dry,0.9800222543772142,0.95851496246435,1.7470897356203974,0.0,0.0,2.193739747958149,1015.0205756439788,0.9962832107432206,37.0999999999979,1310.223498167718,43.89999999999751,,175.06738372306515,28.89818375538401,-5112.997326011446,127.0004939116101,137.16053342453893,1227350964,94.54079323801972,4.177997026628362,11.830769999477852,11.46975166620545,7.865836990126623,24.676788970265143,8.669455126615205,1.2,0.0,-9.229999999999848,-174.40026019899756,-104.80795455956256,-19.45967245550688,-4.993211622685818,-34.11326660427475,-41.60923529054706,0.0,-100.0,193427
-153.22935074496647,90.1385943529048,401.2554935242805,29.292928855987768,20.263776917218525,13.574561486833968,47.00575805526318,0.6780046115748588,591.036792114464,0.0536277602523659,False,ENVELOPE_VIOLATION,763,76.30000000001297,1,703144.7890949743,1324.9014902956935,4284.159792169636,178.73622633377673,dry,0.9587261016796516,5.387305703044686,1.6406363182375077,0.0,0.0,1.8331485851017983,1011.6298555488124,0.9794276870237962,37.29999999999789,1199.1285148398922,44.699999999997466,,143.78179050950325,521.6442233034859,461.91726304875226,126.3568323697164,136.46537895929373,546762614,74.59785403674272,4.504278295941042,11.437489053577425,11.040616605518698,7.064781516853415,17.683780737122085,30.0,1.7000000000000004,0.0,-7.629999999999882,-131.384139435952,-51.41276831955013,-20.39195515066104,-6.564752007586893,-6.397154869863527,-37.47738120710849,0.0,-50.0,194190
-79.66612542950575,29.538189941202106,67.76182797576772,29.40778057588133,25.278064139001152,16.002131863704363,13.212959937636237,0.6531819558618862,617.4391608293595,0.0215827338129496,False,UNSTABLE_AFTER_LIFTOFF,602,60.20000000000016,1,751995.5145142251,1326.2178440035498,4406.4863373876,179.20613158085231,dry,0.9844620625915576,5.31783903154128,-0.2488416586829145,0.0,0.0,1.040698928465229,1014.5485885028426,0.9774763109660412,39.69999999999775,1326.1570407284876,46.39999999999737,,106.44470234216864,588.1790802997881,-1321.3616784717235,130.30592011309218,140.73039372213958,691209253,53.00620257041478,3.91525292495925,10.897617179180504,12.05495523506746,5.794910767052989,13.90135422993636,30.000000000000007,0.3,0.0,-6.019999999999916,-55.97506464894479,-27.96235955461985,-1.957921749797556,-11.739095389577251,-7.861497673196766,-28.02047931998076,0.0,-70.0,194792
-42.57653713298025,22.167521389182827,70.97950698248626,19.106170321038697,23.95041872081219,16.127152769127544,14.873429306253437,0.7275217688035939,435.761654215689,0.0206185567010309,False,UNSTABLE_AFTER_LIFTOFF,583,58.29999999999865,1,702494.7221157375,1328.9471628262545,4282.337494364736,413.1496241203308,dry,0.9879310678052848,4.9203356784946015,3.6766346982982543,0.0,0.0,3.236835522265861,1013.376989134516,0.9753245648020756,43.89999999999751,1160.3346295294575,48.69999999999724,,95.46831724979243,435.1583947574052,-211.46593164675764,126.49453541188666,136.6140982448376,1545136976,41.00533541395143,4.771792836614527,8.634451140248958,11.268244911030225,6.133933797445358,11.487574232136826,30.0,0.2,0.0,-5.82999999999992,-30.84523616610144,-8.374567609610763,-1.3758453615721793,-6.569020949561268,-2.352696775967879,-30.73050260159403,0.0,-70.0,195375
-159.4689613223261,54.28182034065024,250.45392660327832,60.42698809731079,26.85312141857805,14.880759558507291,66.65208540145501,0.6472126530755737,715.2717927592048,0.0222222222222222,False,LOSS_OF_CONTROL,677,67.70000000000613,1,755092.9741473823,1324.9578586760483,4623.709413720035,428.6473733584243,dry,0.9875200920009894,4.4338579660844735,-0.5630500035292361,0.0,0.0,-0.5969034113348917,1015.1839587794047,0.982720354835863,37.99999999999785,1440.147903316978,45.29999999999743,,155.28438190671966,152.68314703929275,-7371.264304431177,130.16303093441672,140.57607340917008,1276249595,65.71913152839586,4.984110367299067,10.914778877113609,11.792545794474275,6.545892356871707,15.445431603360852,30.0,0.5,0.0,-6.7699999999999,-91.27312712083882,-59.63996424448997,-13.176085282151844,-16.661511274101592,-6.314143887883656,-31.536020040375764,0.0,-80.0,196052
-65.59692180437371,36.504878875829306,97.01295656432606,31.88908176969672,35.164079934075666,16.068560250292368,16.398679821258497,0.7000660726223162,675.4527120948875,0.0253164556962025,False,UNSTABLE_AFTER_LIFTOFF,514,51.399999999997085,1,687852.0625390854,1325.8494144999768,4749.969478853962,55.44829731352624,dry,0.95353783494923,2.1555534219461245,1.4636343216585552,0.0,0.0,-2.2398586516491736,1013.556873001379,0.9782504722801222,36.59999999999793,1287.614519233971,43.59999999999753,,96.3937596504977,675.4527120948875,3339.518390301677,123.97640185700168,133.89451400556183,1083230752,45.73452005305924,4.653714814238083,8.057717095429005,10.554764143905873,6.0256855346079,10.857975807702063,30.0,0.2,0.0,-5.139999999999935,-43.48895509784703,-24.433108131802584,-3.057178626142129,-3.8971991615172814,-5.50218635209752,-26.16267188390925,0.0,-70.0,196566
-45.52181485720213,8.383088616525562,16.074492445227612,13.148015250091698,0.8741603282226146,0.4756541942575877,5.470286453016201,0.7590968210475625,8.996171326756382,0.0,False,UNSTABLE_AFTER_LIFTOFF,391,39.099999999997785,1,701606.5187665692,1327.3880785687115,4753.419306165094,343.90727712893744,dry,0.9940486674598058,6.2291954923809145,-2.096856651447603,0.0,0.0,2.368686545368707,1015.3942738878744,0.9895242654517806,35.69999999999798,1225.3291798688067,,,151.40968686193273,5.655386795799245,-136.62330191900986,126.1006357066833,136.18868656321797,725658830,29.099721028712427,4.392420192312334,7.127820600185578,10.571619009223442,2.503184669874853,0.1603745718674958,1.696616038739774,0.0,0.0,-3.9099999999999606,-3.053109369803946,-2.132577261166822,-0.0823515449913995,0.0,-0.0023046447123879,-21.89322814744349,0.0,-70.0,196957
-50.75114095409511,1.6368386811777265,1.637974927696298,8.292204425034308e-05,-2.7048867703345807,-90.0,0.7798639034798587,0.7918566891785342,0.0,0.0,False,FAILED_TO_ACCELERATE,301,30.099999999998296,1,685898.7720510659,1326.607031443215,4500.766956401809,217.2120604925936,dry,0.9793106534378272,3.190959835890093,-1.853583588301716,0.0,0.0,1.519499783917461,1010.3554740516234,0.993338025578025,,,,,0.0,-0.1699694385439727,0.0001944101478991,124.80876481487672,134.79346600006687,1633503581,0.0044437163781853,0.003986728143711,0.0032501164824601,0.022331622335544,0.0,0.0,0.0,0.0,0.0,-3.00999999999998,-0.0896057223697879,0.0,0.0,0.0,0.0,-17.68554741506522,0.0,-30.0,197258
-51.04567406633691,1.734782734875174,1.7416772985105895,0.00015555133292,-2.770930421835876,-90.0,0.5275745876148743,0.8055413255461825,0.0,0.0,False,FAILED_TO_ACCELERATE,301,30.099999999998296,1,718391.2408310167,1328.9247294083962,4343.874871181526,128.42763148164295,dry,0.9746187088924032,2.850379887303194,2.230270063175116,0.0,0.0,1.6619776716559684,1010.8925003571744,0.9959210250970428,,,,,0.0,-0.1748658497616304,-0.0001128722975583,127.72825512049374,137.94651553013324,840995399,0.0102634256339848,0.0090909925592692,0.0076164778867458,0.033392498799027,0.0,0.0,0.0,0.0,0.0,-3.00999999999998,-0.1006500902559464,0.0,0.0,0.0,0.0,-17.995387370960007,0.0,-30.0,197559
-221.25773579391097,77.0473204516651,400.979688576609,35.85407569183492,28.669413826629413,15.659575827686144,67.71817114301726,0.686186261095922,863.9909875424256,0.0678851174934725,False,ENVELOPE_VIOLATION,1048,104.80000000003564,1,759752.0723112914,1323.41439322725,4713.440556930882,47.63976204664433,dry,0.9658639867816844,5.595596481790173,-0.3107736167297728,0.0,0.0,-2.693210077891959,1014.8270988248664,0.9908131502848636,58.499999999998806,1421.791443835137,66.60000000000525,,163.5913349328158,252.59882367673112,-5713.98953051702,130.1100653157077,140.51887054096431,704750836,87.67578854589972,2.980547037919977,12.6534506388532,12.269073863858994,6.225396168607071,22.209567086462865,30.0,2.600000000000001,0.0,-10.47999999999982,-161.9189486662197,-74.1023611751395,-18.59578534443105,-17.03653448069124,-13.083952315728348,-52.65397715330388,0.0,-50.0,198607
-49.52946332350075,7.437758884924269,16.871557990731006,13.432955299611656,1.020408664129251,0.3911301394689183,7.790824265566469,0.7952441309738647,13.99759769101206,0.0,False,UNSTABLE_AFTER_LIFTOFF,528,52.799999999997006,1,713390.4812000969,1324.3980089606964,4653.819704425743,304.6718670890094,dry,0.9588077499666064,1.9309523465043488,-3.795132955227915,0.0,0.0,-2.3358822658258926,1010.079951361703,0.9904999951617116,48.19999999999727,1405.1270708441416,,,157.82858148790064,5.958399992163322,-240.76049691322424,126.45278689661367,136.56900984834277,1911849612,34.117812596897814,4.037172523988339,7.317268012188981,11.685269081852256,3.320144526190813,0.4059682940728361,1.7875199976489964,0.0,0.0,-5.279999999999932,-3.2454550908425013,-1.7228257854507063,-0.4486102232416503,0.0,-0.2992763436580123,-31.204450913147884,0.0,-70.0,199135
-45.18218636100542,7.87331768016889,17.017430397351763,10.648424605352416,0.5837938674587603,0.1342998181007789,6.758024110493956,0.7920078240855295,10.438460771205484,0.0,False,UNSTABLE_AFTER_LIFTOFF,463,46.299999999997375,1,719532.6863396483,1326.8705297925069,4346.406014083398,117.990157841093,dry,0.9601107447170614,3.4074232332981733,-2.732460030805322,0.0,0.0,2.655029988687888,1010.4890042821444,0.9960458507834544,43.09999999999756,1423.440116840569,,,153.0244467593472,6.1456220980393255,-294.9540754854932,128.07407030004043,138.31999592404367,566779217,32.9672119447024,3.601805584328834,7.298997121782749,12.025382615440988,3.032285769843687,0.2592712268304489,1.8436866294117973,0.0,0.0,-4.629999999999946,-3.188996420954908,-0.5114838904016707,-0.3102759428059495,0.0,-0.3476004764179889,-27.22247052276576,0.0,-70.0,199598
-42.74882528565862,8.348127368792847,17.39583336042496,10.163802995310297,-0.0521953978804714,-0.3939976137871832,6.662937971476843,0.761928035715425,9.634860064559971,0.0,False,UNSTABLE_AFTER_LIFTOFF,377,37.69999999999786,1,701020.4764547801,1325.1059093222582,4210.995974395411,127.89858407970527,dry,0.9689365571913368,4.804030676715858,-2.47631092336006,0.0,0.0,-2.879059687818798,1010.3179180481688,0.9955796383313904,35.79999999999797,1308.9416540617235,,,149.7508868656559,9.520136328821934,-57.63267408136379,125.2177449239109,135.2351645178238,487817217,28.253261852814887,4.893694332025072,6.864260962859438,10.723516106438078,1.7546923332210682,0.2255882466921705,2.8560408986465795,0.0,0.0,-3.769999999999964,-2.919288213691862,-0.520877162814696,-0.142937518790804,0.0,-0.0124613091806994,-20.95431581387787,0.0,-70.0,199975
-176.67721278590795,50.11306915525641,212.11193873837888,26.46170106974533,19.34996595281609,12.865409054559786,36.13259358949728,0.6835848775558014,410.980759784146,0.0444444444444444,False,CRASH,726,72.60000000001003,1,717859.0348332198,1330.556897680584,4736.139329947559,104.01688075209908,dry,0.9825877456291,2.816251826859083,-0.5307283937911174,0.0,0.0,0.0054984643691335,1015.254801889526,0.9954273191741246,35.09999999999801,1161.1211039485722,41.19999999999767,,135.77004880492785,40.32324948013422,-4764.268201661581,127.0417015559688,137.2050376804463,1533673821,70.45709833304795,2.14072504838948,11.67861564121931,10.93464751380966,5.5941273332064645,11.844332749110174,12.096974844040265,1.4,0.0,-7.25999999999989,-99.8597066552504,-33.91255953332089,-13.18246743438775,-5.094114061140781,-7.758975216792639,-35.75591134783919,0.0,-100.0,200701
-46.39614234439466,7.328823771649716,16.482414800800935,10.29262148709084,0.4826236844026264,0.1848289073738075,6.561404279701723,0.7949627468708084,7.809972005912591,0.0,False,UNSTABLE_AFTER_LIFTOFF,397,39.69999999999775,1,674615.5117982257,1327.474474098119,4386.224976845017,43.89071065672756,dry,0.9933808183820632,3.0671604476790595,3.374998863972152,0.0,0.0,0.5753653963704899,1012.2405811701526,0.998122487257916,37.59999999999787,1291.8330870308732,,,144.54853963812369,7.303419212362264,-126.87392056100576,123.46093063096052,133.33780508143738,1338284201,27.98941152149376,4.5135288089464485,6.460417834712389,10.75447338636562,1.906552177822613,0.1567004076524962,2.1910257637086787,0.0,0.0,-3.9699999999999593,-2.369280908525723,-0.53678517249205,-0.150390603091775,0.0,-0.0064187518567742,-23.33537680913034,0.0,-70.0,201098
-204.5053557977898,84.37951822501053,402.0750007704354,47.6952951330089,27.05505242002328,13.942646139213217,56.26013523673679,0.6568718103157465,832.3213844037216,0.1867469879518072,False,ENVELOPE_VIOLATION,891,89.10000000002316,1,683677.5674959995,1327.8422628140977,4328.563735683623,209.8072803261214,dry,0.9589153569659667,7.529903486153636,-0.9764330922205308,0.0,0.0,1.799170446729477,1015.905186514952,0.99070910977989,34.29999999999806,1138.0288042282427,39.39999999999777,,158.91274923190093,98.37493198572088,-4641.084127407859,124.3256672756751,134.2717206577291,104252791,92.69013810029384,1.7502399235094528,12.005813995975142,10.575513065341088,6.560861868221473,26.982685005903026,29.512479595716275,9.299999999999985,0.0,-8.909999999999854,-177.25468238585708,-74.25817360750338,-18.376902530746424,-11.958984937208854,-10.671750330381265,-42.45259356105416,0.0,-50.0,201989
-56.43410174268116,38.341646679864375,156.05191370613568,61.54003732890832,15.73214525237104,6.232097583199005,18.64265381386063,0.7082561002181914,285.9868809202566,0.0,False,LOSS_OF_CONTROL,576,57.59999999999809,1,766128.6306009738,1326.123440976652,4642.360388857939,80.06030045969781,dry,0.9825938632586608,5.576189265728536,1.2905222257499829,0.0,0.0,4.243407572555348,1011.514928719562,0.989142807855434,43.99999999999751,1701.944186498093,53.69999999999696,,154.51009092232317,285.9868809202566,1138.870871539184,132.4491798210005,143.04511420668055,180421576,55.24719605092263,3.190865980625677,7.606104498683208,13.36981574442494,5.723446814938664,7.262163605490164,30.0,0.0,0.0,-5.759999999999922,-30.042808851718977,-24.261274327222523,-5.39484329348416,0.0,-3.671472793732867,-29.703295171607785,0.0,-80.0,202565
-64.38895867873502,36.35237803244159,127.15923547615836,60.80810676427257,16.706042392328065,5.961479799373142,14.694245461250802,0.7128244834973351,340.9171396127591,0.1111111111111111,False,LOSS_OF_CONTROL,554,55.39999999999686,1,723751.4841588604,1325.5059322947736,4516.88200112384,284.15515226880007,dry,0.9892532601547148,0.9553669003214916,-0.366013422047915,0.0,0.0,-2.5342357858461373,1011.5674944975476,0.9813282712940468,41.29999999999766,1409.9608384064284,50.09999999999716,,160.6519986397405,340.2880990829111,-369.2805516310802,127.2298968944514,137.40828864600755,809899613,50.2110764047349,3.396283331977022,5.935552317040733,11.667798555877122,6.001979232910047,7.757781276427438,30.0,0.6,0.0,-5.539999999999926,-32.88284697620707,-25.4116991309406,-3.65365109266736,0.0,-3.7597165132432577,-28.711516084643936,0.0,-80.0,203119
-65.39162250457682,46.59156622717402,114.36739010582548,29.620071846431188,25.47306234117588,15.781331404921325,10.89015252905298,0.6413636618190336,1445.6077170621754,0.0462427745664739,False,TIMEOUT,1200,120.00000000004772,1,735819.8665485068,1322.014604070855,4736.259501629334,284.6040693892942,dry,0.9682344805955112,7.479890619595422,1.839128738996139,0.0,0.0,4.306090032124774,1012.2988067867363,0.9507185853049834,44.49999999999748,1438.8595901718395,50.89999999999712,,122.08651703147872,1445.6077170621754,2503.440480365474,129.76647695117956,140.14779510727394,1788089690,133.6039313235529,3.592566533781804,19.141944925054347,12.509555271325825,5.94276645658341,44.62493094233823,30.0,3.200000000000001,0.0,-11.999999999999789,-155.35436764402544,-39.93195607298565,-3.1215650031558195,-26.00173636409857,-15.768918126783396,-55.82877474616463,0.0,-10.0,204319
-63.0574064986929,12.273096610367558,30.03419533755984,1.0065337141380064,-2.694229261286844,-2.747333095522479,10.308960612986551,0.7705008287167721,0.3869845752737433,0.0,False,RUNWAY_EXCURSION,188,18.79999999999893,1,674683.1278667228,1324.190444240358,4420.607175647359,472.5702043089848,dry,0.9918833330205608,3.301554197806208,1.26396924043422,0.0,0.0,3.6777069727112375,1014.5341741397316,0.986045135052824,,,,,74.55769366088734,0.3869845752737433,3.313715254558076,123.98827933628684,133.9073416831898,860813095,5.446138248348253,1.1710254365881163,1.1640145169867024,5.595066449533612,0.0,0.0,0.1160953725821229,0.0,0.0,-1.8800000000000008,-3.1464703640660163,0.0,-0.9094605582378708,0.0,0.0,-10.613815600427817,0.0,-60.0,204507
185.17054480666403,20.58863698002251,63.28050503375656,9.618476768119375,4.857636939583229,0.5932730330375332,8.88283177707483,0.7269270133438166,220.6399061543945,1.0,True,SUCCESS,506,50.59999999999713,1,693076.2384141475,1324.794973240937,4435.571218302177,468.75479490405706,dry,0.9680032425869578,7.870143243957923,-3.607847117427524,0.0,0.0,2.2794396245634854,1012.2991400688072,0.9797807412245768,38.19999999999784,1312.1258359158105,45.69999999999741,45.59999999999713,146.36639497793672,220.6399061543945,1374.4163763065644,125.5038869639886,135.5441979211077,1690280743,45.19920053176686,1.6424295505667876,7.514087971704765,11.097826211986511,4.871946546343063,8.622257874094528,30.00000000000001,4.999999999999998,128.91666666666785,-5.0599999999999365,-23.67474979347871,-1.4951021004795533,-1.1424729347842306,0.0,-0.0036946194247331,-26.31785109829908,0.0,0.0,205013
-63.06261734783121,10.734311327576613,30.34148628457048,0.551761480251579,-2.7381466196107795,-2.77911034632694,11.217909371034771,0.757296186811166,0.3042564203395272,0.0,False,RUNWAY_EXCURSION,174,17.39999999999901,1,676934.4794169196,1322.2703459370712,4234.09169789328,359.056565917069,dry,0.9599193897921224,1.3929792679042858,3.1619806864591387,0.0,0.0,-2.2414622550494974,1010.8993544486352,0.9890799211635296,,,,,72.68889509430387,0.3042564203395272,4.761481903338769,123.14979902414176,133.0017829460731,679605935,4.4968831852766025,1.076127007925037,0.7723923324933436,5.262050044131817,0.0,0.0,0.0912769261018582,0.0,0.0,-1.740000000000001,-2.227691833761898,0.0,-1.0948315657175505,0.0,0.0,-9.698823444280425,0.0,-60.0,205187
-145.85564412833114,87.65236335414052,287.48630194130686,30.61532076742273,24.98945280839668,12.439057381813464,19.607885691304155,0.6436624527143099,1566.163174541006,0.0238450074515648,False,TIMEOUT,1200,120.00000000004772,1,767360.4253369187,1326.264775917861,4347.051147598442,427.5513885607824,dry,0.9997612011966788,2.989355738020233,2.8126528546149383,0.0,0.0,2.5001213240091635,1011.2028223629871,0.9443525178324615,44.49999999999748,1581.9228852491676,52.999999999996994,,144.08207143876473,1520.9237298305784,-266.39435476460096,132.18026062115385,142.75468147084618,514041964,142.24806575078352,4.174157342849408,15.141101325007217,13.383497415227357,2.928272774358635,46.5420083973046,30.00000000000001,1.6000000000000003,0.0,-11.999999999999789,-217.69033846962063,-72.75688188721988,-13.684691558053313,-3.9281498150612992,-16.074164470279005,-55.73852093362947,0.0,-10.0,206387
-50.31579050546118,8.961637744438985,17.05924399338251,3.892536841586901,-0.5037778477006327,-0.5249846860644923,6.996907141337826,0.7808996979929828,3.933239873847299,0.0,False,UNSTABLE_AFTER_LIFTOFF,357,35.69999999999798,1,684547.291555769,1327.158178612035,4466.763301995527,355.9277074910419,dry,0.9580411166959342,3.32156874462215,1.2132577361872712,0.0,0.0,1.1091389413557398,1015.8838791162964,0.98917927614353,35.199999999998006,1268.6216704840288,,,143.19103314673842,3.825502122688704,-25.07401884976081,124.25790458975985,134.1985369569406,1700138881,25.6092908596928,2.516132595880168,5.782621795625417,10.850267429641288,1.2893762944313094,0.0090572040399688,1.1476506368066115,0.0,0.0,-3.569999999999968,-3.185667725481287,-0.008664193943727,-0.2217307752947745,0.0,-0.0203102527499265,-20.513814374109074,0.0,-70.0,206744
-81.84622888306609,12.919626156039364,27.82464485819174,60.08389361502114,-1.836132353821838,-1.8925767003116,10.049951219916446,0.7059565381353706,6.867129089174224,0.0,False,LOSS_OF_CONTROL,467,46.69999999999735,1,671413.4960732418,1322.2169180831454,4446.044223020414,7.118592996624429,dry,0.9968650060854354,4.9400712438164005,3.2624131074522267,0.0,0.0,-0.382698330971432,1011.4307664779088,0.9992323481943666,,,,,144.65284805416024,6.2449028570503735,-115.96820399208212,123.01227847805067,132.85326075629476,1882235552,39.396230541274,3.277301599492346,5.220207993950066,10.378866568124046,0.9100667060142414,0.0,1.8734708571151129,0.0,0.0,-4.669999999999945,-8.661124176168695,-21.05256622970237,-2.271803842614272,0.0,-2.844352950652179,-23.40252594989837,0.0,-80.0,207211
-64.095383830812,11.129715642962116,30.147303678745544,0.3862428947660306,-2.8768507177121303,-2.9844464545864784,11.13539506432222,0.7469570601517838,0.1996061331039413,0.0,False,RUNWAY_EXCURSION,172,17.199999999999022,1,733506.6148707598,1325.448247401969,4661.2662770960405,443.3118947676968,dry,0.9808643866004004,2.708404155876874,3.819667433833833,0.0,0.0,4.539592500417371,1015.851713482204,0.9869409237649062,,,,,65.60917669487168,0.1996061331039413,3.887042981536002,129.38719141697405,139.73816673033198,170294837,4.090082172948721,0.8333890775802578,0.5413235222314997,5.108387657013793,0.0,0.0,0.0598818399311824,0.0,0.0,-1.7200000000000013,-2.3673042322699613,0.0,-1.2931403962369503,0.0,0.0,-9.34800347201054,0.0,-60.0,207383
-63.02566481320415,11.04066901837645,30.138092349598526,0.4299274459236801,-2.6318619820153413,-2.676437821537418,10.57203762957232,0.7682393080029406,0.3381822339331393,0.0,False,RUNWAY_EXCURSION,179,17.899999999998983,1,701718.873257998,1330.9680153190134,4412.967615614786,364.6303778827167,dry,0.9939505882284984,1.0442405690534962,-0.9073142630211536,0.0,0.0,-1.6554306649675503,1014.24831283179,0.9889282133536748,,,,,74.18748034796869,0.3381822339331393,4.7350828027243885,125.30500436062673,135.32940470947688,125773896,4.840702418047383,1.3506237059579531,0.6976076892358316,5.432344551063207,0.0,0.0,0.1014546701799417,0.0,0.0,-1.7900000000000014,-2.424383406091937,0.0,-1.170951753244062,0.0,0.0,-10.063062688352469,0.0,-60.0,207562
-65.08614963838997,11.52274056212179,30.04883742545504,0.560202296386886,-2.895583756656833,-2.973079690230841,10.198068398770843,0.7884890884160995,0.2730271891582561,0.0,False,RUNWAY_EXCURSION,202,20.19999999999885,1,743763.7740983865,1326.4345884267448,4623.574208330857,375.349430270969,dry,0.9589814176221324,5.366618463660216,2.2055334176764863,0.0,0.0,4.475162092731593,1015.0160180226673,0.9888658256336698,,,,,71.16714979774197,0.2730271891582561,4.25196017353711,130.32798591052776,140.75422478336998,1441526998,4.997018650729611,1.1154290455152576,0.7674025011072032,5.816633974837461,0.0,0.0,0.0819081567474768,0.0,0.0,-2.020000000000001,-2.980028568057477,0.0,-1.095904539292981,0.0,0.0,-11.768608859976531,0.0,-60.0,207764
-64.69489709355446,11.408347137023853,30.075235975813147,1.0233705892869571,-2.9201089632347346,-3.06008774544338,11.58891801313026,0.7591594786431308,0.2576986408805055,0.0,False,RUNWAY_EXCURSION,213,21.29999999999879,1,766982.0960056836,1329.186403462596,4715.487291266472,459.6190570435445,dry,0.9622971655168456,4.639809988343425,1.7726643886956204,0.0,0.0,2.561723218216512,1011.257031767495,0.9863884506009122,,,,,69.72712866467484,0.2576986408805055,3.775266808714992,132.1581333072548,142.73078397183517,721805890,5.192969843114488,1.4243631984825769,0.9951586821683958,5.930222796153084,0.0,0.0,0.0773095922641516,0.0,0.0,-2.1299999999999986,-3.0802257641058888,0.0,-1.3239347957212175,0.0,0.0,-11.780760645910048,0.0,-60.0,207977
-62.75203962850478,11.889147115381457,30.0182586035794,0.8585308251184639,-2.554134188257581,-2.6137608568898445,10.426901308111727,0.7453070913181931,0.3940564232760692,0.0,False,RUNWAY_EXCURSION,183,18.29999999999896,1,681653.6983652145,1330.9199591825004,4719.63678656845,74.00679308879576,dry,0.9917402604375702,6.63237648751956,-3.934472145043044,0.0,0.0,-0.9353757648203392,1015.428410631682,0.997444971747778,,,,,78.16102755642274,0.3940564232760692,5.212369835398079,123.58373153929216,133.47043006243553,1231901275,5.196740526792341,1.2561644989831842,0.8873556155349233,5.510957462934676,0.0,0.0,0.1182169269828207,0.0,0.0,-1.8300000000000007,-2.874153655667393,0.0,-1.0470625792375172,0.0,0.0,-9.970258424827811,0.0,-60.0,208160
-75.42168953648724,12.61183979256802,22.05275265880292,61.73714901201093,-1.9442815139955287,-1.9691511372835515,11.018152493806785,0.7599603939911491,7.15395449204442,0.0,False,LOSS_OF_CONTROL,474,47.39999999999731,1,731920.4698245991,1326.8500058250258,4460.368519099116,355.8355264290122,dry,0.9964057592135532,6.568689008614532,1.5498108793920171,0.0,0.0,-0.0511360720825013,1011.431175738296,0.9890786437031314,,,,,153.17146627894212,6.462795896769308,-143.7063305514458,128.509531044111,138.7902935276399,322722697,39.99781532048667,2.494811160035133,5.63529805711509,12.099579326523012,0.935678667676668,0.0,1.9388387690307944,0.0,0.0,-4.739999999999943,-8.377081155545842,-15.712435070604544,-1.25820150339367,0.0,-2.229270985299765,-26.20672212251081,0.0,-80.0,208634
-76.76588321507384,14.607652877481463,25.38579090270125,62.00040712309635,-1.9198685740598656,-1.9462211385530528,10.902230330688374,0.7499821665486077,7.27887733842806,0.0,False,LOSS_OF_CONTROL,523,52.29999999999704,1,761619.4700234551,1328.7197367064614,4685.060420799664,175.42408355426664,dry,0.987727260254208,3.058219881933537,3.426041431995227,0.0,0.0,-0.0261426590443134,1011.6627894332933,0.9943239516060448,,,,,158.29674447728755,6.518106150665517,-153.95583515104653,131.08153793567905,141.5680609705334,1846923786,41.29399333833618,2.794063026802577,5.986970645301179,13.671882281618911,0.863637656778831,0.0,1.9554318451996555,0.0,0.0,-5.229999999999933,-12.399953590449226,-14.051324828935048,-1.915059644932783,0.0,-1.3897107593594673,-28.345813185434725,0.0,-80.0,209157
-3.256943910705665,17.337862617925218,27.84272910808223,8.725157498328869,-1.61822847216589,-1.523768534896672,11.220956327199335,0.6620604693670803,4.060914880628815,0.0,False,INSUFFICIENT_RUNWAY,908,90.80000000002453,1,738796.9960271755,1329.2765483081068,4703.577696008215,193.53638504890856,dry,0.9700340799513126,4.413725774400499,1.0384402301711844,0.0,0.0,1.1329180045057043,1012.4147754942312,0.99398583311765,,,,,103.1583519974804,1.0074009112672968,-0.4551588885574276,129.31398789295744,139.65910692439405,967096425,93.1971291420958,2.6270094091738505,18.15231044778172,13.286824059515157,3.3376535856882,0.0,0.3022202733801891,0.0,0.0,-9.07999999999985,-30.327349331500923,-0.889590762959407,-1.9320511077855127,0.0,-0.5232860105005573,-41.40781361559413,0.0,-50.0,210065
-56.43471193285467,16.149066442367197,28.420946825798303,24.541472408826056,-0.8693979801642812,-1.84929132649796,11.90449820740977,0.7459322782033504,8.065606290426501,0.0,False,UNSTABLE_AFTER_LIFTOFF,466,46.59999999999736,1,741544.2154858774,1323.0097966846404,4610.844479606427,243.29790536580435,dry,0.9766730127019616,2.573119407348429,0.976004612429203,0.0,0.0,2.071944801586405,1015.758900380407,0.9923702425060948,45.99999999999739,1958.4905180001028,,,155.76494531878174,7.525284678831213,-118.05416378566896,129.55050753131297,139.914548133818,1921983830,39.12073715752609,2.4860578650776626,6.587822162017437,12.397938056427694,2.220774311565488,0.0259416485894177,2.2575854036493643,0.0,0.0,-4.659999999999945,-13.503248187039492,-5.572595461944589,-2.373434997239512,0.0,-0.2698938158776868,-25.15239607560656,0.0,-70.0,210531
-58.40165848734255,15.148198726939205,30.02643806215577,1.0630081529911046,-2.4636728278703868,-2.5238026099997817,11.231992682017054,0.7568122097956286,1.268430866921335,0.0,False,RUNWAY_EXCURSION,336,33.5999999999981,1,749855.3761296599,1322.0034367248134,4718.725478169605,423.8919947640924,dry,0.9634219129105506,0.5502834713396085,1.51299793697735,0.0,0.0,2.844640907933784,1015.8229612941456,0.9873859103319552,,,,,121.44361529963882,1.268430866921335,6.811032201370892,130.44367471802363,140.87916869546552,1710093347,17.998809832061223,1.7737129417854818,3.254932334582312,10.736921615229203,0.0,0.0,0.3805292600764005,0.0,0.0,-3.3599999999999723,-8.566802521044792,0.0,-2.1216450274185377,0.0,-8.510790597314944e-05,-18.49803181470789,0.0,-60.0,210867
-43.99766989110776,16.658589406607785,28.99847740189002,12.302873959576331,-1.4660373913273177,-1.5308356788983883,10.63587554931276,0.7155334739437682,15.28122271012154,0.0,False,UNSTABLE_AFTER_LIFTOFF,559,55.89999999999683,1,758080.7503275748,1330.300924730749,4459.599609983051,428.3094616156562,dry,0.9965395774156742,2.535071218514512,-1.7591399564797388,0.0,0.0,4.865849604717316,1015.0924365671297,0.987022185692237,51.599999999997074,2169.3631694231663,,,164.4312790785475,12.644653974472703,-319.6881531855556,131.65922125566598,142.1919589561193,1514711733,49.676003112710674,2.323709416408843,9.70785737733254,13.8626881049849,1.5352337816269075,0.417406465002818,3.7933961923418105,0.0,0.0,-5.589999999999925,-17.236367552114583,-2.106776638709829,-1.8569169395326828,0.0,-0.1929146436112173,-28.330988567547937,0.0,-70.0,211426
-41.24821400542662,14.359174894397652,26.66689651226888,7.749138538547589,-1.71846713819602,-1.7809252404780955,10.053416113693132,0.762060424734657,33.35976964445584,0.0,False,UNSTABLE_AFTER_LIFTOFF,505,50.49999999999714,1,672226.3569277867,1328.8083430496968,4685.938387885984,25.9069180368845,dry,0.9534597610359292,1.594348425974351,-0.1206175340701416,0.0,0.0,4.252660701784002,1011.2620743637026,0.9985109665535716,41.29999999999766,1606.9073951044722,,,163.77623769722203,12.71155907361628,-299.9930527865348,124.08444868905698,134.01120458418154,495300371,47.35706891215818,2.76788535245146,8.27613803335858,11.04352732349458,3.354189488634086,1.05182139855022,3.8134677220848863,0.0,0.0,-5.049999999999937,-11.56932014913217,-0.8287424457329333,-1.5888701607345252,0.0,-1.8424010202696488,-28.032978460289343,0.0,-70.0,211931
-67.59524479564811,22.295485448374365,61.95549241324869,24.12993367326566,4.007130538623498,1.9927630118743984,12.176287241032972,0.7374206293758809,257.0164855489378,0.0981308411214953,False,CRASH,788,78.80000000001496,1,767377.1854087289,1331.5775460636942,4318.472145370864,398.0943665078766,dry,0.9926649778204408,2.470093534790104,-1.263695726265992,0.0,0.0,3.824080180268849,1012.0733072059002,0.987635389133446,47.699999999997296,1939.7976895816853,57.49999999999801,,164.977934509303,20.046549492283702,-3160.91662723416,132.42543032745934,143.01946475365608,1647140547,91.5797013868677,2.612105526662648,13.115315185199028,13.687381916324734,4.586125187585923,10.118400907338692,6.013964847685106,2.1000000000000005,0.0,-7.879999999999876,-43.432166987088976,-11.41635000766958,-2.5538531263028363,0.0,-3.936626523102956,-42.18924310914752,0.0,-100.0,212719
-56.51974970580914,15.25901958288586,30.01699909723156,1.1409940492941786,-1.9530835106762223,-1.988810780249156,11.839563705446828,0.7433613790973307,1.6582474292980507,0.0,False,RUNWAY_EXCURSION,397,39.69999999999775,1,703862.8879538814,1329.2980806945193,4548.85605738813,24.597162144725903,dry,0.9691052580471526,1.908215488256048,-3.684307267237143,0.0,0.0,-1.358538508610854,1014.1781289313914,0.9988579584252144,,,,,133.18336111742116,1.6582474292980507,7.067253565746334,125.56563839283533,135.61088946426216,111714892,21.72593835642425,1.894051716650112,4.777319667488688,12.343694048650136,0.1254377484168144,0.0,0.4974742287894153,0.0,0.0,-3.9699999999999593,-10.27072871294055,0.0,-2.123417615692833,0.0,-4.530708426142591e-05,-21.51947383651096,0.0,-60.0,213116
-56.77574641038628,16.945897254958087,29.636149051748493,5.035563047343351,-0.6956949994679418,-1.2661500275708844,11.235443854499076,0.7491380347340711,12.0240594808144,0.0,False,UNSTABLE_AFTER_LIFTOFF,612,61.20000000000096,1,718239.3270320921,1330.870181317999,4592.47200393504,132.6499871754142,dry,0.9745021260677336,3.295839760627807,2.655810735629805,0.0,0.0,-1.6892244664178957,1012.3569417065124,0.9955135267401352,55.69999999999684,1877.002690811904,,,157.67538907192858,7.647833754759461,-210.5099767398072,126.88232464243455,137.03291061382933,1224268756,45.18335725078925,2.035085984176251,9.266600438994116,12.614252326470488,1.906850322794582,0.3470370604569723,2.294350126427839,0.0,0.0,-6.119999999999914,-19.527113496740512,-0.0412808394753633,-1.6486167601369497,0.0,-0.004847772662803,-33.081421051480085,0.0,-70.0,213728
-9.891108383966014,15.821973788805852,30.180147027445955,5.930498774105495,-1.923747017571881,-1.989049501448803,12.19829701581788,0.7312935738292685,14.330237123513086,0.0,False,RUNWAY_EXCURSION,713,71.30000000000899,1,762417.2065415776,1325.1235283690046,4205.474436651497,411.9892525764352,dry,0.9982199193293048,5.078085127491985,-1.382984064811815,0.0,0.0,4.524409096258328,1013.9343430778524,0.9875525669195832,,,,,177.87591715031755,10.256614685006014,-74.99767742243336,132.0336381046474,142.59632915301918,868768460,80.15795709103465,3.3035136992840712,12.899151709344748,14.09893789269651,4.545127398064318,0.0,3.076984405501805,0.0,0.0,-7.129999999999892,-19.832083479002108,-0.5438123992701774,-2.1046221004782577,0.0,-0.9858514927866304,-37.37641110835492,0.0,-60.0,214441
-46.04853913692877,16.264968366676953,27.464349260345784,10.601471886556611,-0.7105588207747352,-1.8419702048356807,12.98322554714012,0.7635973365508072,30.26843387353886,0.0,False,UNSTABLE_AFTER_LIFTOFF,549,54.899999999996886,1,691403.4200327515,1326.275445937709,4546.605955057403,31.76723166004436,dry,0.978429481766764,7.598172920525497,3.99525531769657,0.0,0.0,0.6174601512303228,1013.042937631444,0.9982381581225612,45.79999999999741,1620.9989960810972,,,167.3138802347007,15.769930738397456,-736.8378038702303,124.9472634562218,134.94304453271954,2140277469,46.88725013744973,2.5125499107902387,9.17066351199008,12.525776831671056,2.736378752029343,1.0336778894967569,4.730979221519237,0.0,0.0,-5.489999999999927,-16.137500954109125,-1.0443221274387322,-2.2461233331695363,0.0,-0.2621367052606047,-30.46573227189714,0.0,-70.0,214990
-53.02486530173243,16.568993360615558,27.471103985351707,5.969238182604253,-1.436982670992608,-1.5741548773122458,10.418272616568336,0.7552337263506068,14.681457547713308,0.0,False,UNSTABLE_AFTER_LIFTOFF,511,51.0999999999971,1,719072.0915426292,1326.6196820829548,4251.864165393989,452.0152960949606,dry,0.9511744928329404,0.3174454291636044,-0.1965178759334001,0.0,0.0,-1.6491784065746184,1014.8596256110106,0.9861274868574452,46.299999999997375,1699.889082345904,,,164.09680347164357,9.169231947859032,-236.72378717746253,126.80808734983594,136.95273433782282,426303516,40.81604712468644,1.6236238453265428,7.773683558913266,12.202500255020968,1.880596706181484,0.4113069300451514,2.75076958435771,0.0,0.0,-5.109999999999936,-15.587290826987417,-0.1656065638931377,-1.6033460711826295,0.0,-0.0671793779904451,-27.949970466210363,0.0,-70.0,215501
-44.309462260111445,16.55748935636096,29.35379714581765,11.986162433534252,0.297982168032411,-1.1998161327738406,12.566642862712596,0.7903602751029299,49.017390988240464,0.0,False,UNSTABLE_AFTER_LIFTOFF,595,59.4999999999996,1,701835.1886057213,1330.1417803347715,4779.92838838452,241.83944192984475,dry,0.9663174309139206,6.395764059644156,1.4302916701461603,0.0,0.0,3.4951330182144016,1015.3352664458066,0.9923043987635792,48.599999999997245,1757.6885764320616,,,171.8839198427399,12.83166493301431,-666.3817526866051,126.36912774720228,136.4786579669785,2032646511,52.84617514260276,2.997281758069293,10.041240363552197,13.710299388294898,3.168512931711114,1.7984324009882888,3.8494994799042974,0.0,0.0,-5.949999999999918,-18.124391111408222,-1.4622225482920743,-2.175894221058689,0.0,-0.4928546572944078,-34.51554118718087,0.0,-70.0,216096
-47.8751457907436,16.772352632308923,30.103240282259392,17.85151424169074,-1.9414310379458348,-1.9671194903481608,12.559018738451991,0.7755766683903931,8.202923315372487,0.0,False,RUNWAY_EXCURSION,548,54.79999999999689,1,693393.7082462554,1322.737670975908,4260.131934561984,227.9527155211208,dry,0.9731943154726465,0.6084833265741629,-2.0344103985703765,0.0,0.0,1.049735748763312,1014.7861854763744,0.992820628017449,,,,,158.02003480865082,6.520384821943026,119.66285658037536,125.11299144676111,135.12203076250202,194890680,44.70152960841647,1.7621071761414968,7.664491508451239,12.611724233500404,4.093929652601483,0.0,1.9561154465829085,0.0,0.0,-5.479999999999928,-17.128763714082325,-3.979497342309872,-2.6702353411475417,0.0,-0.2094046152130031,-31.197142403684825,0.0,-60.0,216644
-27.63198902301933,18.142049782779168,37.30063102516044,16.31068339504059,-1.7980099075194238,-1.842532210618696,12.04877971429558,0.7680443158927355,63.71838311415027,0.0,False,UNSTABLE_AFTER_LIFTOFF,651,65.10000000000406,1,671612.644167244,1326.5711022820833,4201.3380350389625,129.8709062421432,dry,0.9705760285383254,1.9224606802164708,-2.750305545630629,0.0,0.0,0.4933479174575739,1013.6842871105528,0.9952950949915718,48.399999999997256,2355.121279288536,,,168.69572919888378,18.354078910402023,-570.4274279769343,123.08060954312889,132.9270583065792,1338252684,76.03560790296812,2.659474020651966,12.807812834801888,10.459297765609897,7.4070443220691455,2.1046698200126253,5.5062236731206,0.0,0.0,-6.509999999999906,-23.80735718654056,-3.405813477805322,-0.7750199605030954,0.0,-3.2367809121493467,-36.87714782525513,0.0,-70.0,217295
-41.07856627539361,15.472300108917754,32.32473014178916,18.79323269292501,0.5098499225587455,-2.091138287241258,8.94253047246479,0.77203634126212,83.70208127659572,0.0,False,UNSTABLE_AFTER_LIFTOFF,775,77.50000000001393,1,674760.3241699459,1322.084965163097,4293.626545945766,316.0475125113294,dry,0.9539519876787632,0.3701220563628684,1.0792021074118088,0.0,0.0,1.8253037807124004,1013.292549632298,0.990115121309592,65.60000000000446,2738.702620405436,,,172.47088524624357,12.546890189674343,-588.2985617563858,123.67691327696473,133.5710663391219,1246254308,75.87179650997403,4.81581161601971,11.26150891820078,12.037237823611642,8.075870556424059,2.8267120320981536,3.764067056902293,0.0,0.0,-7.749999999999879,-20.61431719575808,-12.525633067967926,-1.3148156559435185,0.0,-3.4605544195981173,-44.06625044935655,0.0,-70.0,218070
-64.84885872713849,11.624431753429214,30.11375546957691,0.613521244958984,-2.7082225736518795,-2.757077582459636,8.207629797364612,0.75024508774779,0.407467753607591,0.0,False,RUNWAY_EXCURSION,279,27.89999999999842,1,715509.0834826585,1329.855988497001,4599.868906908398,260.582729872588,dry,0.9579268974150046,5.462396586616928,1.441380550990158,0.0,0.0,3.36136660551952,1014.9632188302172,0.992113823243748,,,,,80.95591861614548,0.407467753607591,5.2518322702648135,127.5883313509165,137.79539785898984,1930469648,7.386847191282367,1.5619145892179649,1.9667274820678688,7.073564913791272,0.0,0.0,0.1222403260822773,0.0,0.0,-2.7899999999999845,-4.188949821294138,0.0,-0.4721387305874565,0.0,0.0,-15.509064677698628,0.0,-60.0,218349
-60.58817253255522,13.539871650131506,30.042128337935367,0.8049676051177437,-2.4611122855272023,-2.526545318138562,7.468620853886067,0.706242624353739,0.6056169611896252,0.0,False,RUNWAY_EXCURSION,204,20.39999999999884,1,681450.8765928267,1330.3965833236507,4786.537867731013,95.44255274361493,dry,0.9716279145430866,1.585686525675697,3.1450606539518624,0.0,0.0,-2.683745486916667,1015.5796301607576,0.9967924848981802,,,,,92.0455914742552,0.6056169611896252,6.353972303994997,123.17950716043808,133.03386773327313,641445060,7.22312639460491,0.9460930350465238,1.722304440788545,6.470148292016103,0.0,0.0,0.1816850883568875,0.0,0.0,-2.0400000000000005,-4.155437484179457,0.0,-0.359686471543048,0.0,0.0,-10.576405827645669,0.0,-60.0,218553
-42.722230321374994,17.438872009229538,30.265624315776044,12.836522096540694,-1.92310898100193,-1.9954469281357328,8.094239626900583,0.7356783072956489,11.865862419373684,0.0,False,RUNWAY_EXCURSION,495,49.49999999999719,1,688421.9238764476,1326.772481676165,4450.88386072821,340.41884935887015,dry,0.9849012730308224,7.29513142990861,-1.1300601209391,0.0,0.0,-0.1241161630660911,1011.559258226642,0.9893556785926596,,,,,181.343982414788,11.865862419373684,4.389840209853588,124.60866059820546,134.57735344606192,1937191049,46.24169434207121,1.4730876903229693,7.689889781933491,11.060472651256417,1.859518964690254,0.0,3.559758725812104,0.0,0.0,-4.949999999999939,-16.726284132485922,-4.624238896989023,-0.6304696714316573,0.0,-1.2653047946676343,-26.410354981887146,0.0,-60.0,219048
-63.62788024629816,13.180283340593776,30.0572104163704,0.7104638555325624,-2.889208544769193,-2.9728896696742537,8.35576155794786,0.7579375240997762,0.3113728841704528,0.0,False,RUNWAY_EXCURSION,216,21.59999999999877,1,735760.2425785281,1325.136709686859,4380.984416676861,325.4559897860916,dry,0.9784755924654052,7.708046923510358,-3.0878524590856435,0.0,0.0,-2.495429835945564,1011.3197870922528,0.9900674973257558,,,,,76.06737277897811,0.3113728841704528,4.86497591516228,128.30550241084887,138.56994260371678,1443098010,6.337422679022018,1.049665282158344,1.4765451042862667,6.458124511735472,0.0,0.0,0.0934118652511358,0.0,0.0,-2.159999999999998,-4.169276854520011,0.0,-0.5971815586778001,0.0,0.0,-12.116591275553589,0.0,-60.0,219264
-62.679030650630246,13.17024654812162,30.0003872778658,0.7476404959527895,-2.877159989777812,-2.9207216426014746,8.92775271196566,0.7563600111631006,0.4054832573680755,0.0,False,RUNWAY_EXCURSION,204,20.39999999999884,1,735817.0407426273,1323.9221725242155,4667.84643531637,495.8048936920418,dry,0.9646940179067156,1.7131196342890531,1.97127018199413,0.0,0.0,-1.3211316355289568,1015.094979439286,0.985140300517784,,,,,81.69082352174871,0.4054832573680755,4.986901143823452,128.33461076479784,138.60137962598168,1912112502,6.343952055764488,1.1700161677150724,1.3606779968689855,6.392827268192017,0.0,0.0,0.1216449772104226,0.0,0.0,-2.0400000000000005,-3.931655600468348,0.0,-0.7528030970664734,0.0,0.0,-11.343690418846403,0.0,-60.0,219468
-62.12093143728859,13.40926518335387,30.002346428510187,0.703603297034634,-2.7539739410409174,-2.8028438345248525,7.494673280125162,0.7181615827510313,0.4240951920245095,0.0,False,RUNWAY_EXCURSION,203,20.29999999999885,1,715841.9678868811,1327.0621893049106,4723.341296367686,189.14417696464807,dry,0.977210298168254,3.519146309335211,-3.8354887599446656,0.0,0.0,1.047495447947174,1011.6930613938542,0.9941224360513838,,,,,81.95063699977214,0.4240951920245095,5.054357653542745,127.31578243060696,137.50104502505553,428456152,6.456065647888056,0.6855930247555675,1.4258647180896598,6.38104802652337,0.0,0.0,0.1272285576073528,0.0,0.0,-2.0300000000000007,-4.055678192197086,0.0,-0.4206677206691543,0.0,0.0,-10.69038549928633,0.0,-60.0,219671
-61.30633494970614,13.207210140232192,30.038348551235696,0.6082156579124558,-2.7100147196036346,-2.758428117280514,7.268895162919499,0.7010031993689525,0.4772017187461301,0.0,False,RUNWAY_EXCURSION,209,20.89999999999881,1,734000.8963981881,1331.3171754853624,4536.804768070361,244.6487492576087,dry,0.9695357414827216,0.5478740218229845,-1.7495320437296265,0.0,0.0,-2.395205683742057,1013.475703521357,0.992414911433652,,,,,85.03761702280207,0.4772017187461301,5.250147468167459,128.038086276636,138.28113317876688,1628312689,6.839625155860386,0.7527610316608796,1.5492815037232786,6.605117713958404,0.0,0.0,0.143160515623839,0.0,0.0,-2.0899999999999994,-4.050661503871631,0.0,-0.3662109545431262,0.0,0.0,-10.689408412118157,0.0,-60.0,219880
-28.7199652653183,32.44257869559525,87.54737690906607,24.20058196012318,17.793660851568756,6.565777014254792,15.317592183438627,0.7016002873248528,633.0147838994513,0.0318791946308724,False,TIMEOUT,1200,120.00000000004772,1,685053.8177452656,1326.153136065377,4401.080430614576,111.5872150476488,dry,0.9533911794723946,6.524676713638945,-2.184759996243079,0.0,0.0,3.427226704541212,1011.1795192714068,0.9855941310962806,41.69999999999764,1710.7576922271562,60.5000000000004,,186.94486243379137,376.834246649492,-173.14892983059906,125.09092407953578,135.09819800589867,2023172498,170.1397922521327,6.050683738067543,21.10793646189013,11.3822015899473,5.001599427843636,25.088571605848752,30.0,1.9000000000000008,0.0,-11.999999999999789,-116.40647657430767,-71.57256444304905,-4.877380494492278,0.0,-23.55981351810953,-60.97451531109034,0.0,-10.0,221080
53.97535742018744,25.627450074180487,73.03039022193579,18.60448107380932,24.343170592945093,10.804843652615125,24.66279773758611,0.6851785292393625,1405.761894352701,0.0330459770114942,False,TIMEOUT,1200,120.00000000004772,1,674407.3591646345,1328.8128422422828,4335.88693141812,167.67394551996594,dry,0.9959174119564652,6.66646714358339,-2.688707827440107,0.0,0.0,-0.3522195114882436,1011.091867122786,0.9553327437607108,38.09999999999784,1515.2155302316314,50.49999999999714,,157.2687855754248,1371.008205023829,-1910.0044669197107,123.31342182185904,133.17849556760777,104360713,165.92010268074384,6.025275275420798,21.218266017452184,10.61843864130483,4.678474018032523,41.1840750953537,30.0,2.3000000000000007,0.0,-11.999999999999789,-84.76226669631014,-18.917403416714937,-13.09046150835184,-0.0867533886743484,-29.00685695077621,-60.10553234729305,0.0,-10.0,222280
-96.84436754835644,67.37898557287959,161.44406859212438,28.685193979055807,29.306504476905047,14.688981910982344,19.120842824256627,0.6979641643663246,1465.523879811212,0.109375,False,TIMEOUT,1200,120.00000000004772,1,718267.5153301798,1326.1359959884178,4251.765835406008,267.88448069869605,dry,0.9882515294529256,4.925171630134743,3.8406515060869832,0.0,0.0,1.8221395781950056,1015.3304858214068,0.950213928260456,41.09999999999767,1650.857520007739,62.50000000000199,,103.558333454973,1465.523879811212,2648.8708349374338,127.47303417317968,137.67087690703406,784068115,158.77404596391605,1.4867015572168685,19.074209301428112,11.979901437805196,5.744094081652212,38.957291884415774,30.0,6.299999999999994,0.0,-11.999999999999789,-215.3938006936428,-44.10817506429111,-6.964752572910522,-2.471381434164684,-17.15477542130804,-61.06772658847533,0.0,-10.0,223480
-55.09546841726315,19.643403842192185,30.343850143609032,16.59029403080061,-1.817208228805788,-1.864746564253118,7.676653742582679,0.7311731494292261,6.209198435649249,0.0,False,RUNWAY_EXCURSION,422,42.19999999999761,1,711288.8035419431,1327.05431201768,4668.348132919142,51.37926406168519,dry,0.9582285376261186,6.750021821942466,1.8551582790473096,0.0,0.0,-1.3373748529255094,1014.7272288571438,0.997947672645842,,,,,173.26105936660082,6.209198435649249,0.8235632378774937,126.19677269611134,136.29251451180025,1366900981,36.89143787517465,1.3091025451851763,6.3663313863735205,10.59247902223929,1.378890066778793,0.0,1.8627595306947733,0.0,0.0,-4.2199999999999545,-18.09270208023825,-6.527634027659042,-0.4971511864827407,0.0,-1.8962096841953224,-22.26277186513401,0.0,-60.0,223902
-105.64760703565422,45.407648158934975,127.85672827598124,24.19402369140907,24.09858133116411,16.13325117626143,16.489136385347493,0.7060313932271175,1101.5520810236994,0.1003134796238244,False,UNSTABLE_AFTER_LIFTOFF,1027,102.70000000003398,1,729324.674392447,1331.2294214701494,4398.454397252534,437.1137450008835,dry,0.9927807770961694,1.3764515278081468,-3.904237592690313,0.0,0.0,1.7824086392723917,1015.2870653356232,0.9556654198155276,59.29999999999944,3110.851505022024,70.90000000000867,,95.76356859838369,1101.5520810236994,296.54787059427065,128.44440629823336,138.71995880209204,226549387,128.40858062706576,2.3601730618779766,16.96339751870477,11.921964115614186,7.557500517821,26.99413554087514,30.0,3.200000000000001,0.0,-10.269999999999824,-146.04495919870973,-32.89960195065053,-6.584512386295547,-9.450782600321064,-5.76760944611234,-52.03589283552451,0.0,-70.0,224929
-110.97704901774408,92.21933789148284,276.4303354886393,23.679062295406727,24.03520118607604,14.910461953664184,17.66250352936177,0.7127001762224564,1266.8343394407157,0.1716981132075471,False,TIMEOUT,1200,120.00000000004772,1,727427.937097545,1326.0149373199608,4777.4028313016,387.0044048814056,dry,0.9556465489219512,1.2191045753983758,-1.5349141738115142,0.0,0.0,2.842983429934921,1012.6888974389508,0.9526738332723051,55.89999999999683,2886.773737420742,67.10000000000565,,106.0615126996341,1264.2566113909677,-392.9584001104305,128.67643185673717,138.97054640527614,1095352898,149.74716011273708,1.3475866629247002,21.788842985410504,12.246442986624222,10.657902385440336,39.18960202594188,30.0,9.099999999999984,0.0,-11.999999999999789,-233.6597195154085,-30.399695304559803,-8.430326650542671,-20.51897273879145,-7.077718494787636,-62.96815347273501,0.0,-10.0,226129
162.4256222903291,31.52289518680877,72.14477343717378,12.092630159203733,18.533808566693374,7.044317462728872,7.435437478786167,0.8019507469893834,662.5093179162525,0.4790419161676646,True,SUCCESS,657,65.70000000000454,1,692126.9121543416,1322.1832054102465,4380.578346528473,241.3689857285964,dry,0.9505443635596964,0.1518327738096951,3.8702357407483903,0.0,0.0,2.203069651834528,1010.3335132874704,0.97366110197589,44.199999999997495,2013.194356491672,49.099999999997216,60.700000000004536,138.39190201793838,662.5093179162525,3487.3579561944603,125.5233400230534,135.56520722489768,1350999467,77.0026369196276,1.858531539040678,11.651530482836648,11.523499760804738,3.834551145879696,18.68923438866113,30.000000000000007,7.999999999999988,122.62499999999812,-6.569999999999904,-69.65536953291932,-5.333644797919373,-0.6847605950277523,0.0,-1.2349795074900878,-39.280607513162856,0.0,0.0,226786
-62.472053182164935,15.895259481908363,30.01641917581892,0.5900231129803024,-2.649092513513484,-2.6845247889312365,8.127890877892638,0.7894041825913717,0.7457703552010457,0.0,False,RUNWAY_EXCURSION,240,23.99999999999864,1,750152.1512611845,1322.1567852987616,4571.934464335856,289.06796004617905,dry,0.9588216685250116,0.6241675745957487,1.4428355392750842,0.0,0.0,-0.1240085932325421,1010.6473194672606,0.9911915847283902,,,,,97.90761178769417,0.7457703552010457,6.023220656694512,130.13421377986717,140.54495088225656,1640650566,9.574795067856387,0.9918902925001593,2.6729310839007483,7.82180830689223,0.0,0.0,0.2237311065603137,0.0,0.0,-2.399999999999993,-6.737580639925274,0.0,-0.5102610191205741,0.0,0.0,-14.10936738082894,0.0,-60.0,227026
-63.861726028445545,12.863164711191349,30.106849974404323,0.4243700739835234,-2.8038540840192154,-2.848604708014131,8.343456015295738,0.8199167577922343,0.4028231293153794,0.0,False,RUNWAY_EXCURSION,200,19.999999999998863,1,709683.7080825933,1322.9633518442756,4560.190143933905,354.2670073346601,dry,0.9681487815296848,6.162903868201232,-1.1552325640862715,0.0,0.0,-0.0535964494588112,1010.6458112095108,0.9893024403054504,,,,,80.99403204979242,0.4028231293153794,5.2528661027011125,126.59094245297482,136.7182178492128,1991049240,6.110247935632662,0.8036417519383569,1.28576909426738,6.26201305419765,0.0,0.0,0.1208469387946138,0.0,0.0,-2.0000000000000013,-3.676911253049741,0.0,-0.5029816513559361,0.0,0.0,-12.264351898870526,0.0,-60.0,227226
-59.08256220046686,17.984870480631503,30.129779424687182,0.8014780849727975,-2.135621000483771,-2.1621980345854195,8.09861193418309,0.7786334798832032,1.3235841772383878,0.0,False,RUNWAY_EXCURSION,282,28.199999999998404,1,680183.9401094019,1323.445361724633,4474.514109747011,258.07045995123804,dry,0.9747425027705984,4.405017955441189,-2.7472292313141806,0.0,0.0,4.2337806674143845,1012.3687944669276,0.9921732540608332,,,,,121.65683437293512,1.3235841772383878,6.326378292015136,124.74445149447372,134.72400761403162,880091737,15.593528856028604,1.379663493936204,3.614668063049791,9.571838225050373,0.0,0.0,0.3970752531715161,0.0,0.0,-2.819999999999984,-10.13494107442617,0.0,-0.5010676380747168,0.0,-0.0013387532592532,-16.18198862594322,0.0,-60.0,227508
-43.99331835090793,15.06042585624637,30.13332809998697,4.752019164619285,-2.005905214933388,-2.0444573266200075,8.28425545552301,0.7689948955614618,3.897151582644682,0.0,False,RUNWAY_EXCURSION,428,42.79999999999757,1,755404.5076996096,1325.3458154783398,4697.080363385489,211.2894027757185,dry,0.9822228085960564,5.15061630394638,-0.3312215494521218,0.0,0.0,-0.9935881092655938,1015.4783968599012,0.9933431896023044,,,,,162.6626207745324,3.897151582644682,34.693998106310744,130.08118599610614,140.48768087579464,945702738,35.11042842194869,2.458608972855779,5.12931606337879,12.22528625807217,1.1461724950645276,0.0,1.1691454747934045,0.0,0.0,-4.279999999999953,-10.78638119375551,-0.0611995415738975,-0.9913975647868766,0.0,-0.9649644203170532,-24.148333316587955,0.0,-60.0,227936
-60.884813701842575,18.35842760873648,30.008327580097443,0.8679625888031804,-2.474582231518016,-2.49887781656051,7.957608930994074,0.7683798298666434,1.1948806286647482,0.0,False,RUNWAY_EXCURSION,291,29.09999999999836,1,746041.0595300276,1330.545784576888,4444.755774097718,455.0041441587811,dry,0.999748531322343,1.034735424283327,-1.123076155129826,0.0,0.0,0.4835915835609645,1013.9941970622972,0.9863936537596588,,,,,117.74671123070256,1.1948806286647482,5.110112862174816,129.69936632476,140.07531563074082,1018360727,15.377737125160449,0.7078169813881441,3.69450914074856,9.824320898633296,0.0,0.0,0.3584641885994246,0.0,0.0,-2.909999999999982,-10.897363611242046,0.0,-0.4880291253362675,0.0,0.0,-16.552269299794172,0.0,-60.0,228227
-62.180326713805385,13.357301379975516,30.0549025074807,0.5798616278788032,-2.8798802696875123,-2.9325669883607466,8.410555704301588,0.7335966475652546,0.386571033616633,0.0,False,RUNWAY_EXCURSION,209,20.89999999999881,1,768094.1578066434,1331.8254889300997,4473.2862582578255,235.56992156740213,dry,0.9925606854345792,3.814841491861512,-0.0860899298519068,0.0,0.0,2.360936305899866,1014.794123312138,0.992813330230184,,,,,79.07606920920763,0.386571033616633,4.38207263562763,131.97761911058456,142.53582863943132,2049967474,6.59920816387705,1.175650788375603,1.4175765453725426,6.564069541662293,0.0,0.0,0.1159713100849899,0.0,0.0,-2.0899999999999994,-4.143250836944293,0.0,-0.6547776708106681,0.0,0.0,-11.164774555422898,0.0,-60.0,228436
-62.02876249131444,13.013518735550312,30.15243110013184,0.4775254483694469,-2.806669303737749,-2.850414143961821,8.876566480584476,0.7492947376840485,0.4058022775692507,0.0,False,RUNWAY_EXCURSION,205,20.499999999998835,1,733520.914091396,1327.2583989342572,4687.758027585381,68.55613344833338,dry,0.9609459971387726,1.9648532555391969,-0.6310328605039359,0.0,0.0,-0.5015353359257384,1015.1484630125703,0.9976093245521414,,,,,80.78847962522418,0.4058022775692507,5.130397799052027,128.31377646691436,138.57887858426753,420376857,6.527661482777631,1.3002786198264409,1.3621848251326,6.430862009877735,0.0,0.0,0.1217406832707752,0.0,0.0,-2.0500000000000003,-3.857454702834044,0.0,-0.6852972912778157,0.0,0.0,-11.17873811808775,0.0,-60.0,228641
-135.19427803526236,54.84149456300517,126.88193444426813,21.19553906763727,24.14296968813829,16.02545913038162,14.172094442653131,0.738003170184302,1044.7834362857525,0.0535714285714285,False,UNSTABLE_AFTER_LIFTOFF,1026,102.6000000000339,1,755013.505201977,1331.6285283436769,4480.506055561467,1.478160727665323,dry,0.9623369477861644,2.406791620210744,2.5123269197003486,0.0,0.0,0.6009609271588943,1014.9329829710272,0.9694560848140736,57.89999999999833,2981.5643855422804,69.10000000000724,,108.07165368012424,1044.7834362857525,204.7159590113021,130.4431215791539,140.87857130548622,1073518085,126.64766507978938,4.764872271458436,17.540425243979158,12.88776030563914,5.56620672974323,27.532803184778263,30.0,1.8000000000000005,0.0,-10.259999999999826,-164.87188735547164,-29.805776046184665,-3.138984319961224,-22.64113602836098,-5.107074063143643,-56.10915303752903,0.0,-70.0,229667
-62.70043578714986,12.492162673594157,30.030591209761965,0.3894598501861271,-2.930943872739665,-3.051063383923404,9.018125051966384,0.7476427561074642,0.3175896928365205,0.0,False,RUNWAY_EXCURSION,199,19.89999999999887,1,763540.2572475073,1328.016328878407,4325.967585836601,194.723758013646,dry,0.9728242626370044,5.12111895398711,2.718446945024857,0.0,0.0,-1.8745260423152328,1014.1025880802327,0.9939112262400834,,,,,72.7781813354722,0.3175896928365205,2.2961694560792623,130.66759049625512,141.12099773595554,107014967,5.90796356028394,1.1617109198128714,1.0727278328267296,6.080420396677824,0.0,0.0,0.0952769078509561,0.0,0.0,-1.990000000000001,-3.4505301693826977,0.0,-0.7271771413983475,0.0,0.0,-10.850828093821123,0.0,-60.0,229866
-64.16620086695696,11.964412285580302,30.121122185037883,0.3732777263142897,-2.953058594062367,-3.0214523085948435,8.800574666944447,0.8308108193270954,0.3458163222905455,0.0,False,RUNWAY_EXCURSION,216,21.59999999999877,1,761229.9377310481,1326.3212790076682,4221.727408786189,154.4495140552138,dry,0.9914097333040764,7.026965954699858,-0.0479389502590885,0.0,0.0,1.7933720275235665,1011.6313032367892,0.9951533821611744,,,,,76.91254341675267,0.3458163222905455,3.825157804306994,131.4631941761083,141.98024971019697,913171518,6.276209013863904,1.2855075903689377,1.2831759627053545,6.572064549461092,0.0,0.0,0.1037448966871636,0.0,0.0,-2.159999999999998,-3.435531872144276,0.0,-0.5916775656032739,0.0,0.0,-13.499693442295852,0.0,-60.0,230082
-61.73529969689504,12.012563741753564,30.066889497880464,0.4527215788005087,-2.827197834183352,-2.862362112308942,9.007738565619476,0.7609090090391059,0.4097443109134531,0.0,False,RUNWAY_EXCURSION,201,20.099999999998857,1,730246.1351925051,1327.8542323158,4320.698717422603,21.578106077024373,dry,0.9597127014147582,2.6630270756085546,-3.2171287305063343,0.0,0.0,-0.4002089887891609,1013.5363163235298,0.9989978575973744,,,,,80.4924982319355,0.4097443109134531,4.088370804134627,128.15137546799215,138.40348550543155,2030045015,6.3202078761987375,1.3855851241857666,1.2573124402326137,6.294687909744649,0.0,0.0,0.1229232932740359,0.0,0.0,-2.010000000000001,-3.2227376908431307,0.0,-0.6201974451333974,0.0,0.0,-11.26308120455431,0.0,-60.0,230283
-61.97522025648767,12.28385485700181,30.141522957479808,0.4390227650338656,-2.6284333311314176,-2.67068788110835,8.405547015928637,0.815945034297079,0.5010661325165984,0.0,False,RUNWAY_EXCURSION,209,20.89999999999881,1,705880.4430193178,1328.807467261943,4370.790692718261,307.7304492021512,dry,0.9688751712426604,0.9502758968180104,-2.886904646018315,0.0,0.0,0.6709166138959466,1011.2128604718602,0.9906649879451844,,,,,85.17031040693838,0.5010661325165984,4.822948763547927,126.37448268840116,136.48444130347326,1331898245,7.123252072670824,1.442397247199683,1.4880219870317029,6.627448121671808,0.0,0.0,0.1503198397549795,0.0,0.0,-2.0899999999999994,-3.504072871212041,0.0,-0.4757348866473576,0.0,0.0,-12.736851766957257,0.0,-60.0,230492
-63.5242713252053,13.023844275027615,30.07458542682617,0.3719383144413679,-2.7305684781450403,-2.779241647006561,8.566389388113874,0.8049905384311146,0.3429062678762307,0.0,False,RUNWAY_EXCURSION,203,20.29999999999885,1,719465.5348893598,1331.649803965675,4254.416309837668,226.23010079379708,dry,0.9725940527431742,0.3622718640937172,0.3990754623864485,0.0,0.0,1.9705673783855435,1014.3134819565772,0.9930771442045544,,,,,75.47109938724043,0.3429062678762307,4.065157402912103,127.67590485944154,137.88997724819689,750782387,6.25696406713725,1.05669675890406,1.3407224603463728,6.30575743637579,0.0,0.0,0.1028718803628692,0.0,0.0,-2.0300000000000007,-3.8258850554593815,0.0,-0.5756119528589835,0.0,0.0,-12.155786920013265,0.0,-60.0,230695
177.2275239432399,28.30906737779257,52.80193831796653,11.490150017075011,13.923214365121195,5.346392888961003,7.58377718283211,0.7817607316744084,522.1562296838944,0.326797385620915,True,SUCCESS,694,69.40000000000748,1,742033.1615380648,1331.4797501161736,4200.452796773593,76.33203229390162,dry,0.9955599681039358,0.4463850015754049,3.8718103716699854,0.0,0.0,0.0571186657275362,1015.6194401211212,0.9822604206056308,49.3999999999972,2418.2693897050563,54.199999999996926,64.40000000000748,144.8274668676808,522.1562296838944,2322.152713106955,129.1514521362395,139.48356830713865,2136953472,84.15549825169582,4.037985451014436,13.245708506700522,11.919642350584972,5.544737122165607,16.961358841890753,30.0,4.999999999999998,121.08333333333022,-6.9399999999998965,-61.797098587275286,-5.272860489125578,-0.4069467878343952,0.0,-0.138193716869887,-40.16564033303722,0.0,0.0,231389
-137.1673542234718,75.65836811024624,165.00921700156832,23.464816329043447,24.50150355633801,16.10426157049657,10.52256827279504,0.762711296997012,1613.2854963650077,0.0992555831265508,False,UNSTABLE_AFTER_LIFTOFF,882,88.20000000002244,1,671995.1755291556,1330.7562179365063,4253.313934952813,433.1927115624113,dry,0.998147001229868,6.900551966287874,0.183371846418574,0.0,0.0,3.9257384643835,1013.5864028681408,0.9418886376934476,44.39999999999748,2116.3704497958,47.99999999999728,,97.16263062499236,1613.2854963650077,1147.697919823912,123.85148508265002,133.75960388926202,1296558496,107.20080015498948,3.545805507811084,13.597250453732242,10.616113168207317,4.496045343040246,37.31044267246009,30.0,4.000000000000002,0.0,-8.819999999999856,-169.05154352565376,-27.072055757429982,-2.565826435445756,-6.994086016795401,-13.2931501564137,-50.13714963197475,0.0,-70.0,232271
-76.03079450165319,28.39018815143472,54.973032895550126,16.962312867684254,8.75328203950511,5.16211568064552,9.474118833013652,0.7515238637999964,290.14220912268905,0.008,False,CRASH,923,92.3000000000257,1,728624.4910815118,1329.3041344453395,4393.158593048809,375.2770177231649,dry,0.9598747339433829,6.412870363872571,1.7553212747156866,0.0,0.0,-1.4758721794065108,1013.8831092791075,0.98828906395709,39.79999999999775,1542.1555111183616,67.40000000000589,,178.34854458018037,12.058081154404649,-1499.0168240629027,127.74766643372143,137.96747974841918,2037841023,115.6313678980656,2.038411600504256,15.64171280060303,12.251109538526736,17.679613094958718,12.503325432728287,3.617424346321407,0.2,0.0,-9.229999999999848,-82.66006321797498,-7.769886931290728,-1.2417968452099808,0.0,-4.369522617614957,-50.32248960127055,0.0,-100.0,233194
-62.374910608428806,13.191502666856609,30.01043699422033,0.5807457570701005,-2.5788518028713536,-2.6189863438476464,6.7640379668694335,0.8001856898957271,0.5239452071765527,0.0,False,RUNWAY_EXCURSION,209,20.89999999999881,1,693273.3423184943,1329.5197856705947,4563.1134942322005,375.1626239850006,dry,0.9869571226722283,1.5717823646830429,2.5128243340459195,0.0,0.0,3.422155581884047,1013.3981779427472,0.9888110128004556,,,,,84.95233092066073,0.5239452071765527,4.29415537484978,125.70020963201848,135.75622640257998,35072563,7.2080639923962755,0.8863529788210088,1.7031088160533314,6.635480351026701,0.0,0.0,0.1571835621529658,0.0,0.0,-2.0899999999999994,-4.041032245047128,0.0,-0.2943000105599462,0.0,0.0,-12.539768053272011,0.0,-60.0,233403
-62.415701445165006,14.610446089430903,30.0094705087322,0.7142935596303377,-2.5595361758366484,-2.612482748084176,7.31128982768199,0.7820794736653303,0.6579088327747904,0.0,False,RUNWAY_EXCURSION,226,22.599999999998715,1,716521.9599288158,1325.5759577501171,4720.167030251193,0.6314398035224267,dry,0.9960381672543704,6.654891987443262,3.225857131875434,0.0,0.0,1.572564992100581,1010.489712306669,0.9995946164764452,,,,,94.2463884811987,0.6579088327747904,6.278616227622198,127.56770790477736,137.77312453715956,987939413,8.338870255956373,0.8510766406890181,2.089425657028386,7.305443503489414,0.0,0.0,0.197372649832437,0.0,0.0,-2.259999999999996,-5.360346721629966,0.0,-0.4197700921557553,0.0,0.0,-13.157773338374907,0.0,-60.0,233629
-62.70174002161582,14.117235561573864,30.04891877478075,0.4293887180831902,-2.498593891672148,-2.5382066299261785,7.310615566832468,0.8068775424629834,0.6565403072167442,0.0,False,RUNWAY_EXCURSION,233,23.29999999999868,1,709131.7946732108,1328.5868233252963,4622.504749464677,249.2033174181616,dry,0.9659020801111016,3.524411188686344,-0.915943196180149,0.0,0.0,-2.644935922268508,1011.0269079195508,0.992268371909658,,,,,93.0447389008136,0.6565403072167442,5.757176901801806,125.94757701068028,136.0233831715347,1793051917,8.38963421943157,0.7297893775881601,2.2428024316151496,7.543801120057105,0.0,0.0,0.1969620921650232,0.0,0.0,-2.3299999999999943,-5.159560799658334,0.0,-0.3218795520371849,0.0,0.0,-13.993288910777306,0.0,-60.0,233862
169.3229007563924,29.615703331538683,62.092703459474784,12.494259730959374,16.90115423979504,7.313384020789488,7.971338980562958,0.7771398506616001,574.4084222407412,0.2067901234567901,True,SUCCESS,808,80.80000000001655,1,690447.7882062768,1329.8214735864813,4599.386212644534,356.1176391438398,dry,0.9796787478699056,3.723281372636024,-0.0842254501691517,0.0,0.0,-1.4429366746764831,1011.6986299438458,0.9725501318244016,43.59999999999753,1973.153277362,48.49999999999725,75.80000000001655,139.2335453656648,574.4084222407412,2822.013704638195,124.49726872913216,134.45705022746276,1627210303,103.67927557652636,4.9345894284735285,14.598366848536918,10.761037843979157,4.443972817563497,18.487736980093647,30.000000000000004,6.699999999999992,116.33333333332644,-8.079999999999872,-77.6826652283381,-5.308493491152991,-0.7746882895392146,0.0,-2.471421796755999,-46.29814326632084,0.0,0.0,234670
-56.03686458385794,12.6720173520655,30.55965136686352,28.07499838779289,-1.794908305438254,-1.898852684229557,12.609052748354516,0.7903002947380031,12.132094313831203,0.0,False,RUNWAY_EXCURSION,526,52.59999999999702,1,691150.3066132844,1327.3288940411496,4203.767375204909,42.05844513578694,dry,0.9692791070684804,7.100788526554327,-1.4858001717518512,0.0,0.0,-0.1989402777580284,1010.844375146908,0.998189496384857,,,,,178.51962057255207,6.867453523443949,1.0655422123814162,124.88326106386192,134.87392194897086,875079008,54.66019860426832,4.2524979397874185,6.975196107370259,11.128491438863358,3.530267050750996,0.0,2.060236057033185,0.0,0.0,-5.259999999999932,-9.385010278174658,-23.29331260765728,-1.7944964279664677,0.0,-8.042937008851352,-30.867995459281648,0.0,-60.0,235196
-63.03038347311346,13.949779756863595,30.069059803510825,0.4682497169955243,-2.601834987735004,-2.643276431753625,7.332999881004516,0.813863077676959,0.6002160534877135,0.0,False,RUNWAY_EXCURSION,240,23.99999999999864,1,752898.5906289037,1327.9169078417851,4432.977365464102,323.74672950845087,dry,0.9762536792517094,3.515382051243521,-3.244709099824369,0.0,0.0,1.2634112674332083,1014.3028830649928,0.9902397180620256,,,,,91.91708939274096,0.6002160534877135,6.076967505256334,130.4501327633738,140.88614338444373,1068207104,8.50572646350751,0.9243985878638328,2.2365519520230803,7.683199453621267,0.0,0.0,0.1800648160463141,0.0,0.0,-2.399999999999993,-5.189236140400037,0.0,-0.3206322822195557,0.0,0.0,-14.65045632355588,0.0,-60.0,235436
-67.73053457840714,12.034608376760044,30.16747141988659,28.103153577033734,-1.9939729349465585,-1.8626984435236635,9.942350224723208,0.8227312438980192,6.403422704025687,0.0,False,RUNWAY_EXCURSION,528,52.799999999997006,1,698687.2461075702,1324.2334187138615,4642.870621986701,34.570841287217824,dry,0.976514423996118,5.339892170359327,-3.256290232457612,0.0,0.0,0.2662985615895215,1014.5630255301392,0.9984287853280728,,,,,157.89492821168346,6.380386768179569,-3.232620068781671,125.433222263442,135.46788004451736,902462478,47.23568387350908,3.6654559481456346,5.7377235618024045,12.730040085938503,1.4442060009830866,0.0,1.914116030453871,0.0,0.0,-5.279999999999932,-8.496798861876343,-26.12907186395153,-1.9967869277186747,0.0,-5.9690030745180085,-32.58609935117508,0.0,-60.0,235964
-95.36002190777542,9.980036625036275,29.15346742536198,61.83802462869005,-1.853217846347255,-1.881900298652523,29.46206509010633,0.742049013964491,7.717821773423623,0.0,False,LOSS_OF_CONTROL,612,61.20000000000096,1,703793.1082428796,1331.7176247899151,4441.561792024887,496.13295459062186,dry,0.9582651676896432,2.3418753688019773,-1.49188438519828,0.0,0.0,-1.4619940988876694,1015.1160529039626,0.9849408911428952,,,,,125.91688998266652,6.321027159766516,-109.65189926372489,125.4787564963752,135.51705701608523,1136689207,57.33937946179012,6.445220502908819,6.664919185040684,12.463976188037185,1.817689507258101,0.0,1.8963081479299524,0.0,0.0,-6.119999999999914,-6.772876910520463,-24.870473167082487,-13.910944456130563,0.0,-16.890862513829614,-33.42235785317703,0.0,-80.0,236576
-72.29470652058922,8.02343600361174,15.43125423443829,60.03993522733744,-1.8432572096161592,-1.8748623372844804,23.495300339914813,0.7606783806424234,12.828635024726026,0.0,False,LOSS_OF_CONTROL,582,58.19999999999857,1,696332.4987751098,1328.9475432830557,4732.274254928401,196.941818829995,dry,0.9927593737728244,7.50481310063913,-2.5822755812543847,0.0,0.0,-2.551812087930511,1013.4965816818838,0.9936289026472982,,,,,148.478584626765,6.472268956127834,-73.70113962458106,124.67394424179274,134.64785978113616,494452712,61.33586910367657,6.187497148405456,7.801271487022356,11.450094531798252,2.865626509617758,0.0,1.9416806868383487,0.0,0.0,-5.81999999999992,-4.162950636328767,-24.41474454669869,-8.385081134610006,0.0,-8.530510020523712,-32.56345964978667,0.0,-80.0,237158
-35.49895743455005,10.016103333525166,30.10771726576557,12.127011593838985,-1.8605439774900168,-1.8906477808965068,12.523479464466426,0.774536045942731,8.915875142954178,0.0,False,RUNWAY_EXCURSION,509,50.89999999999712,1,710418.5540459173,1324.2017497371028,4443.719631392392,325.91294232717405,dry,0.952569012822452,0.1547502192489656,1.0811995572077846,0.0,0.0,3.7366214014306,1011.9486225186558,0.9901214591106212,,,,,165.84806717741125,5.064684284523196,-127.69593961737152,127.40480219456708,137.59718637013245,1687461942,47.83023534373031,5.2195749413566,7.052533276600911,12.431396995024723,2.483760148407242,0.0,1.5194052853569568,0.0,0.0,-5.089999999999936,-5.67378488086863,-3.935542015169355,-1.6795821014741172,0.0,-6.551539863025139,-29.10541456448948,0.0,-60.0,237667
-68.75571165781832,7.413190395164292,15.110345786955488,60.77634140306633,-1.74128604993808,-1.7762318342341934,10.846752970863164,0.7884247327547464,9.287380880118748,0.0,False,LOSS_OF_CONTROL,502,50.199999999997154,1,671696.7311499567,1329.2988494264912,4241.809572419948,468.88843354163583,dry,0.9522344087315184,0.8869901685534298,1.698210635395745,0.0,0.0,0.0385859846902576,1011.9640698653534,0.9858000108497136,,,,,148.01608800972653,6.445753654849682,-59.61599647245251,123.09580311536658,132.9434673645959,166879142,47.78740777864192,5.477092756065355,6.380659698946393,11.32650616763434,3.8327035056085,0.0,1.933726096454906,0.0,0.0,-5.019999999999937,-3.065289633460889,-22.49188070988346,-1.5707313811005108,0.0,-4.048399948841113,-29.29750598788373,0.0,-80.0,238169
-70.23566832012975,9.56639821250679,30.16881503799033,53.62120094881326,-1.8435399934961585,-1.8896132532500045,22.51311889020424,0.7566316778763479,7.061854775703637,0.0,False,RUNWAY_EXCURSION,575,57.49999999999801,1,745899.6176806431,1324.5565847434873,4628.088886057273,139.6820535143273,dry,0.9659835689863542,7.494880653440019,1.1006437408167105,0.0,0.0,3.703810326709979,1013.900719915426,0.9954205691392456,,,,,136.5059370215101,6.933896259182262,-20.22477210713632,130.41452009794904,140.84768170578496,890466655,55.87370098854745,5.660402471166928,6.334584046781254,13.0094598677662,3.385033714587738,0.0,2.080168877754681,0.0,0.0,-5.749999999999922,-5.8468539430161695,-28.878785203552454,-10.08899814647063,0.0,-13.946173510660255,-32.0682074830344,0.0,-60.0,238744
-44.70487462883362,8.32148158969405,30.11627419756172,14.469177294596648,-1.782874465723686,-1.8362532471646096,15.943470351611449,0.7848600915711917,4.567323972765109,0.0,False,RUNWAY_EXCURSION,469,46.89999999999734,1,738191.4088789215,1323.5773719864949,4242.577393899662,475.87805884910966,dry,0.9963414031289776,1.7566557748711995,0.9603308764387092,0.0,0.0,2.458163943637365,1014.665494708956,0.9858173387051576,,,,,133.2247691270248,3.5962068316545697,-63.36386291491323,129.41295080978642,139.76598687456934,605291690,38.50782362450439,5.016122859114414,6.590949407761905,12.660824446247398,1.570467829916976,0.0,1.0788620494963717,0.0,0.0,-4.689999999999944,-3.608541021392488,-3.599831449233157,-3.4596195020338025,0.0,-7.476556721002647,-27.29537615221296,0.0,-60.0,239213
-63.73327721717601,9.177028680540058,29.708121261236247,60.80834365587696,-2.09037107306583,-2.0912406129072774,10.231217179436593,0.7492088902928162,7.513355392981964,0.0,False,LOSS_OF_CONTROL,546,54.5999999999969,1,733214.4261203656,1330.8800876151925,4675.009895697929,488.7923976422213,dry,0.9502413407215292,1.0519575311986866,-0.2302148976206375,0.0,0.0,1.0004729005500297,1010.3509974222178,0.9852740037129925,,,,,155.5955034215735,6.706276488077663,-48.94242690681281,128.9264735971149,139.2405914848841,1577291459,53.01031908998964,6.767617128037643,7.563041099641402,12.645344761458004,3.743797884835144,0.0,2.0118829464232992,0.0,0.0,-5.459999999999928,-5.109216561142929,-24.279778991835947,-1.253132269477356,0.0,-3.153955522305821,-30.21919678279897,0.0,-80.0,239759
-71.18087835796312,6.961322320078903,16.77645934340443,60.386750038790765,-1.0936416888457003,-1.1238916422587597,18.44570249052214,0.7575883939913882,6.999727423625757,0.0,False,LOSS_OF_CONTROL,481,48.09999999999727,1,694711.608172105,1329.0992703254417,4668.049097580738,400.8948890258745,dry,0.9798577636181768,5.734121268232989,-1.2651703481299887,0.0,0.0,-2.7475261229245334,1013.4612602156508,0.987649122061079,,,,,138.8257861455384,6.394849076807532,-62.90926034732514,124.48824817953208,134.44730803389464,1609096917,43.67938608884317,8.073052472962472,8.552322093508078,11.111371174803743,3.2367231902592866,0.0,1.918454723042261,0.0,0.0,-4.809999999999942,-2.5899182290642027,-20.788033627918487,-4.326334373803547,0.0,-8.320927341583722,-26.916974529012133,0.0,-80.0,240240
-65.52240106132535,10.13970206746159,27.21387262027608,60.126931908206885,-2.267670122960993,-2.2931258914958743,19.23146552511097,0.7555595266718219,7.080614242130025,0.0,False,LOSS_OF_CONTROL,552,55.19999999999687,1,764067.8157973469,1324.407241194776,4717.459961932085,251.95439642240964,dry,0.9865851887068656,6.146533743533577,0.0187136982830451,0.0,0.0,2.1080419875915988,1011.317947902338,0.9921631970646728,,,,,137.55566079315267,6.703465937595524,-79.68621837281738,131.79987967722388,142.3438700514018,1527167700,46.1247568720827,8.242965871304493,8.773226918101951,13.547963259296973,1.958765284854186,0.0,2.0110397812786576,0.0,0.0,-5.519999999999927,-6.305898225035599,-14.819825120921475,-4.232089349568225,0.0,-4.450276684993638,-30.85302966772535,0.0,-80.0,240792
8.828480586383677,9.24578843079103,22.41822272828914,9.926089921717448,-1.0382067507641046,-1.0469459482584478,8.324255263413129,0.7860357169973309,10.119330018946217,0.0,False,FAILED_ROTATION,857,85.70000000002045,1,762981.4183667828,1324.2015154615683,4250.748523497559,183.5749394244041,dry,0.969357735691223,7.236401146437947,-0.574710588574129,0.0,0.0,-1.1587232876762696,1015.128928725575,0.9940423311282848,,,,,177.06959342923045,7.655144642495543,-23.748851878261448,130.71683196773273,141.17417852515135,1985281331,84.27653884018987,8.182482854625468,15.993544271436738,13.912021015583948,3.944996141593328,0.0,2.2965433927486623,0.0,0.0,-8.569999999999862,-8.140033930761714,-1.809913288242228,-0.6217850098073288,0.0,-0.9823497476549248,-49.65356395332808,0.0,-50.0,241649
9.603611252068454,12.920748288751737,25.540459868895148,13.081524949566711,-1.5789647352206235,-1.6205405973780185,6.848303258136427,0.7449732497305439,6.58432638767556,0.0,False,FAILED_ROTATION,855,85.5000000000203,1,748478.8880335221,1327.5577876967554,4389.676072662518,421.30012583601376,dry,0.9824578879800576,3.184428620520224,-2.5795733058014463,0.0,0.0,0.2817604652330692,1010.27905987914,0.9872491271218532,,,,,153.75417402337175,5.074333646121431,40.02061268270296,130.10423376190658,140.5125724628591,2001582934,87.3769459364583,6.6096219548077135,18.70575020281077,15.28284700685237,2.5232255738641403,0.0,1.5223000938364295,0.0,0.0,-8.549999999999862,-15.85984495242166,-0.8360711697502072,-0.2842696258661436,0.0,-0.665557193245225,-46.22133657527797,0.0,-50.0,242504
-25.812886992867057,74.64926410146707,261.17728838106666,28.864720244305648,15.932593751052462,6.967578541054697,21.80584358553866,0.7126317407025219,696.2368283118519,0.0735785953177257,False,TIMEOUT,1200,120.00000000004772,1,750193.3461968076,1326.5496178017463,4611.50121645513,343.5342735079444,dry,0.993173485582856,4.186382817382873,-3.0779104458263964,0.0,0.0,4.215663942857455,1015.8646148416052,0.970020556543092,76.20000000001289,3930.85619152418,90.20000000002403,,147.94050197379755,696.2368283118519,361.982199158264,130.77738770658203,141.2395787231086,396530695,160.48415490033264,9.047596560667284,17.126475764547713,14.7050986349234,11.604697471950349,22.00568165044009,30.000000000000004,2.2000000000000006,0.0,-11.999999999999789,-143.0337254802334,-31.796928161619164,-17.307399427861306,0.0,-17.00911922131449,-61.83941968470121,0.0,-10.0,243704
-5.444497450732825,12.314169170767574,30.058082312261284,1.6665370047814898,-1.233216819898035,-1.2884111916933232,10.407203238246977,0.716326896067589,8.558892574785489,0.0,False,RUNWAY_EXCURSION,775,77.50000000001393,1,703774.3622976083,1331.638975415788,4653.516634195125,454.2171466177736,dry,0.9545038057942602,3.882886375917048,-3.52918707696278,0.0,0.0,4.57993194984863,1012.791776562008,0.9863752502312448,,,,,161.07982516670918,8.558892574785489,42.3969636260744,126.93780692882136,137.09283148312707,246815950,79.11654585971813,7.159529574061319,13.702766078859046,13.937348544972302,1.1425547616853295,0.0,2.5676677724356463,0.0,0.0,-7.749999999999879,-13.057782314874345,0.0,-1.363470923908222,0.0,-0.9411997277909016,-39.9584570758911,0.0,-60.0,244479
-22.76825432715507,11.784146406688404,25.869125836040386,2.1099165637143344,-1.0587903476677774,-1.069866247304739,10.13455608786512,0.7172435493391109,9.329485174502793,0.0,False,UNSTABLE_AFTER_LIFTOFF,651,65.10000000000406,1,696301.6355944119,1330.4993403762437,4516.331225938555,382.7291322315874,dry,0.9694499962144834,7.40611192973096,2.0044629021961224,0.0,0.0,-1.7245276285314866,1014.4916570042832,0.9881345899092386,64.70000000000374,3183.434875636907,,,168.13733019483746,9.329485174502793,78.074476102353,124.79037044751384,134.77360008331496,284241473,63.23739714177693,6.705011552086996,11.126768548469098,13.22518534784396,1.6319591153536457,0.0348547485851937,2.798845552350839,0.0,0.0,-6.509999999999906,-10.044648372645296,0.0,-1.0716122469251177,0.0,-0.1861154975794373,-33.71590021647176,0.0,-70.0,245130
-86.74508720511264,13.286021954792185,27.901610529309288,27.591964526903443,10.131479794175345,6.808549835818341,11.114950854883585,0.7416496803615121,83.21675679107415,0.0,False,CRASH,552,55.19999999999687,1,702455.3960205769,1327.155741263838,4790.870060335704,94.63832631773631,dry,0.95469226819657,3.661201097311218,-3.689794339194803,0.0,0.0,-1.3986185729530831,1015.7993250538416,0.9963726722623346,45.599999999997415,1811.7226774325104,,,127.10293854512553,16.211140628964515,-2263.4126367784606,125.33113224202464,135.35762282138663,1565548042,48.29009220805707,4.696175813712906,6.969280166197303,11.646455497054353,6.407675272250864,3.1013547481445847,4.863342188689357,0.0,0.0,-5.519999999999927,-10.826460602170814,-16.680913917966816,-2.0955582794968706,0.0,-7.480295899491415,-30.116234400093106,0.0,-100.0,245682
-44.78482696623571,45.293675349921294,128.9303385960329,32.598857947261564,3.0968919394761407,-0.6632503509381509,14.76014584037164,0.7212340384225063,449.8605876589405,0.0478359908883826,False,TIMEOUT,1200,120.00000000004772,1,710632.1651872423,1322.5816858125052,4200.77816912812,143.68876177147277,dry,0.953725457368326,7.073581934822691,-0.101987003983766,0.0,0.0,-2.306975358780903,1012.756089410428,0.9906360950655076,66.10000000000485,3347.150848095976,76.20000000001289,,218.1012368373184,162.49511837551862,-376.4728980412269,126.04760131041782,136.13140941525126,2083753425,170.57042696089965,9.261907123183686,17.949558578776443,12.075300840160835,8.993479878329344,15.901601093245086,30.00000000000001,2.1000000000000005,0.0,-11.999999999999789,-138.3045482772926,-57.7620569811536,-8.337857690797863,0.0,-22.69170365811364,-62.54093483347336,0.0,-10.0,246882
-81.35139935936327,12.415767779345424,26.422108060311963,16.804556134560578,6.311711912177351,5.347672614960885,17.977916810294452,0.7353146012969634,39.9894994665155,0.0,False,CRASH,575,57.49999999999801,1,693993.235434084,1323.901692261171,4693.93551834692,355.8849943472838,dry,0.99727358883546,7.934023595796599,-3.2497693971969843,0.0,0.0,0.1004124422756431,1013.3923061302374,0.9891172825293816,49.299999999997205,2077.831114098197,,,124.22990717221234,5.244003826688925,-1165.4071775515906,125.04737319372232,135.0511630492201,1991627720,51.62264719968488,4.105286201605353,7.836309780968637,12.319141899479716,5.92482800514693,1.282592216881631,1.5732011480066703,0.0,0.0,-5.749999999999922,-9.848554610179278,-9.238780922584052,-2.376411983088895,0.0,-8.001650059499442,-30.8000082357854,0.0,-100.0,247457
-56.28962859734992,13.041818778135848,30.780670947420106,34.23655593207309,-1.4878548016615496,-1.484669800146973,21.961750891832985,0.768185396527135,6.338056823631291,0.0,False,RUNWAY_EXCURSION,516,51.599999999997074,1,691478.4303022174,1324.884286002683,4349.353160634284,248.2396135745577,dry,0.9858864782740918,5.913217722051692,2.2310997980169263,0.0,0.0,-0.7102886825202708,1015.279822592941,0.992176221710564,,,,,128.6469517223934,6.338056823631291,43.23039776994421,124.5290320316142,134.49135459414336,1435036778,44.43867894881871,3.77973064639302,6.132763586536,12.428234928225418,0.7496004211158821,0.0,1.901417047089387,0.0,0.0,-5.159999999999934,-9.751771457059585,-8.358342483948004,-6.193649437728142,0.0,-6.982851391888048,-29.273439404904504,0.0,-60.0,247973
-81.1672663005192,12.513210394509414,27.05748510376088,17.601006156636302,10.142979643250277,11.225862038841976,16.154202527584495,0.7109603952574161,78.75121909531404,0.0,False,CRASH,646,64.60000000000366,1,725342.1941227634,1327.1903944485312,4580.278680868042,135.68991598695186,dry,0.9505745698855486,2.9366842877977417,3.743108846035892,0.0,0.0,1.169692646737297,1012.449040105576,0.9955486765283632,50.09999999999716,1985.1305476588889,,,112.72336409425031,5.121685356126562,-1522.1474968984949,128.13703458092422,138.38799734739817,2078605664,57.44382151447105,5.136871366424865,8.134926717904893,13.218387939428975,8.05901349861762,2.943557392211826,1.5365056068379697,0.0,0.0,-6.459999999999907,-11.2389956230788,-6.702714124403803,-5.642783284933145,-0.293208090105184,-13.901919280478372,-33.40072993341704,0.0,-100.0,248619
-6.180756604709174,12.877112855428472,30.009660585951,4.897997281742079,1.4029808122206997,1.3972930250219229,11.497399807871847,0.7388781428107739,10.155496424039852,0.0,False,RUNWAY_EXCURSION,693,69.3000000000074,1,767765.3790446417,1330.3814472649178,4458.14358310175,160.4624831672201,dry,0.9922910774976332,6.638260718917556,3.908742791142175,0.0,0.0,0.3043786077334793,1012.5284854133234,0.9946777308461536,,,,,174.02343889409036,9.9183257089839,-44.11323874215413,131.62851820668956,142.15879966322473,1871024368,70.7406404587895,7.586496442407207,12.236861305571626,14.265081820991364,4.229477985293027,0.0,2.9754977126951685,0.0,0.0,-6.929999999999897,-12.768142732840971,-0.0354943718020938,-1.3410287252346786,0.0,-0.0754976267858677,-37.06464887379357,0.0,-60.0,249312
-5.12330713890637,12.038721583545062,30.299890839472702,2.5862926292518056,-0.6228897259032533,-0.6390114114088724,8.352177919266378,0.7349135573163175,10.377593810205724,0.0,False,RUNWAY_EXCURSION,704,70.40000000000828,1,759159.9269713693,1328.3237761643563,4313.600056892956,417.5299871186762,dry,0.9841131810373112,6.188102081851107,0.8844957350476021,0.0,0.0,-2.157429553522923,1013.2230511009454,0.9870886368036847,,,,,179.69537709289753,10.377593810205724,8.176409065929988,130.2843557217128,140.70710417944986,1826701614,72.78220266989831,5.747897517845629,13.56025673253176,14.279425862802476,1.5768727367818909,0.0,3.113278143061717,0.0,0.0,-7.039999999999894,-11.336810602860467,0.0,-0.5105846680243936,0.0,-0.0060490603602453,-37.289796470582864,0.0,-60.0,250704
-9.971457691931237,12.633113552760063,28.94606928012789,9.227938142472665,-0.7410173436218376,-0.7418361927508439,4.691457316139297,0.7562413869304198,30.731564680651047,0.0,False,UNSTABLE_AFTER_LIFTOFF,731,73.10000000001043,1,743067.7327487278,1331.0314526698555,4365.446669042305,284.4084112121386,dry,0.9913557921128476,0.4852314147639323,-0.6093074927547653,0.0,0.0,0.1260356763949559,1015.2763086725002,0.9909892100178262,64.4000000000035,3227.782040288157,,,172.24734982600071,12.704073143532696,-516.5874932017252,129.27874667058134,139.62104640422783,1367864806,79.12636901624161,5.586062557927524,16.383575831754165,12.889931007832717,3.0221815229972915,0.9938746303979912,3.811221943059806,0.0,0.0,-7.309999999999889,-12.96270588055508,-1.1630970040506852,-0.0376005118138474,0.0,-0.2043232321951713,-40.10694757352753,0.0,-70.0,251435
-22.0281018224809,16.858845310450626,68.49235249894585,17.943665661642076,28.576908673759227,16.132948419004627,11.45180994105153,0.7276315409857949,452.3586199313143,0.0,False,UNSTABLE_AFTER_LIFTOFF,629,62.90000000000231,1,703447.7481345157,1328.8400944362054,4621.681278470207,186.9228643489808,dry,0.9721077133735512,7.103612316576638,-1.5129571478837165,0.0,0.0,4.966094785372673,1015.1583092741196,0.9813864825326496,49.19999999999721,2211.8830326278694,54.49999999999691,,92.0481648924905,452.3586199313143,717.7019787333483,126.8439200179806,136.99143361941907,1097657231,61.13964048132448,5.425408741750285,11.605041055568938,12.63330508973667,4.822932366979308,11.4871960681215,30.0,0.0,0.0,-6.28999999999991,-19.26030485410252,-8.305264886942824,-1.2901517547866743,-5.125568240926054,-15.383487025869783,-33.48684886333431,0.0,-70.0,252064
-174.38738609158736,35.76375303844382,92.8538269624321,32.05708828871387,23.182237176644197,10.620305222126955,18.54109615191787,0.6868298563576696,398.963707279656,0.0,False,CRASH,802,80.20000000001608,1,670643.2878033506,1328.671357892765,4388.940570888011,226.99940019748263,dry,0.9954663135591284,5.87308582896346,-1.8607016470028528,0.0,0.0,2.746680228790951,1010.9487119658162,0.9928250676416842,43.299999999997546,1807.8305235441524,47.699999999997296,,145.08028700711753,8.209043292690126,-3078.811676278956,123.63783716319686,133.52886413625262,579362555,83.90231659574431,6.090673682993193,13.517096101906578,11.36062071736952,5.021455128566862,15.318801884245504,2.462712987807048,0.0,0.0,-8.019999999999873,-76.01077349967106,-48.47262282526517,-5.853442488101657,-0.0852919953873124,-34.00570519791282,-39.613227183882,0.0,-100.0,252866
-40.877106262054255,12.322051865848282,33.423985623419625,21.86612993115406,19.038281176002,11.701637400676058,11.448010939697928,0.7008211569871741,508.588522542616,0.0248756218905472,False,CRASH,835,83.5000000000187,1,683827.112686022,1323.0000995631838,4755.921979330844,369.0564294142079,dry,0.9773200145236705,4.630224015696835,3.5150501456898344,0.0,0.0,-2.9901034950373706,1015.6584716145808,0.9884337422245836,34.19999999999806,1237.8189687385866,43.39999999999754,,157.55079885409444,11.460328739040108,-1618.476123253898,123.32306835213814,133.1889138203092,661058651,86.9709184576921,7.4050442279089825,15.248623110902342,10.215446082372155,9.067144801798076,19.2761066497461,3.438098621712036,1.0,0.0,-8.349999999999866,-14.086724824909671,-15.64821949875493,-2.3148803372935207,-1.5584472564391103,-9.033213041179373,-42.50700325560948,0.0,-100.0,253701
-29.432768526465125,11.599165342327996,31.171321729874027,18.17812147521629,17.25254123770039,11.783883179276875,8.751244818805914,0.6777678476539495,476.865995027269,0.0,False,CRASH,928,92.8000000000261,1,760619.9183195515,1323.10326835986,4573.664623625282,347.6486742192898,dry,0.9999175688165788,5.3716775715851774,2.015624526338634,0.0,0.0,4.725386798159645,1015.2257917427892,0.9895394748866396,40.5999999999977,1516.686990898292,46.49999999999736,,149.79980408601546,5.126005348588819,-1507.0643624764712,131.83925814366293,142.38639879515597,87989972,98.19571995657772,8.939302389465897,16.816612647432432,13.07421587241542,8.272363477955663,18.488955968301237,1.53780160457665,0.0,0.0,-9.279999999999848,-13.872634533408792,-11.637124120477916,-1.3708704617755023,-2.95079782560607,-9.866189047519846,-45.78012445440222,0.0,-100.0,254629
-82.72335402064732,14.875658684929052,39.39388085182544,19.12155290382145,18.610766558542437,14.548570562455357,9.563123456683709,0.684342512098546,460.4710939009327,0.0,False,CRASH,711,71.10000000000883,1,699167.0853146221,1328.091926867119,4794.184935934899,490.7135842971677,dry,0.9864724952134308,0.2653099015148603,-2.0147861263708178,0.0,0.0,2.0802914517333946,1014.1641144101658,0.9851317283506266,34.79999999999803,1205.1380186218016,38.99999999999779,,150.57332208865628,11.155224046807175,-3667.5022803569177,125.89501211771092,135.9666130871278,161576974,68.22571551516279,8.722294880534237,13.127210134032014,10.94586107305674,5.707617381529297,14.28355757485343,3.3465672140421594,0.0,0.0,-7.109999999999893,-17.4815324835299,-23.42394476808764,-1.3960158857914255,-12.923628410615686,-9.826447608916062,-34.92060863691723,0.0,-100.0,255340
-85.6025927729946,20.26924861429182,56.19971826354052,24.847423451588945,21.33753203517514,11.927178872615093,7.979171663366678,0.7491960168123492,401.9410440938311,0.0,False,CRASH,666,66.60000000000525,1,739260.1820757076,1329.393441600238,4220.295845909432,335.57892701143663,dry,0.9579766622081982,6.207168065088866,1.1302897008663475,0.0,0.0,1.1479598416228356,1013.6322782444208,0.9894650362540006,43.499999999997534,1743.2108624337066,48.89999999999723,,138.68874536535935,15.104492517919596,-3957.243923111994,129.2801699137339,139.62258350683263,35492826,63.46161594187249,7.910517918728768,13.263559200973306,12.467589822135558,5.059611472425971,10.812884410489255,4.531347755375881,0.0,0.0,-6.659999999999902,-30.402340514709863,-19.96783292793473,-0.4998956595550697,-0.641110429728648,-8.553915626521226,-36.38462413654633,0.0,-100.0,256006
-62.42440774918221,17.355790859734554,44.766028145943615,28.466240880702816,16.972052114493156,12.290849512164678,12.85214805209088,0.6670068291231569,497.5574068911803,0.0132013201320132,False,CRASH,1048,104.80000000003564,1,767502.8054692097,1322.03714296659,4259.527435190283,357.2906489556261,dry,0.9750934290351396,0.440881488735461,-1.7230270469204,0.0,0.0,-2.6777387899176466,1014.925143108718,0.9885573020614644,39.69999999999775,1481.251565145426,44.29999999999749,,141.00364939970737,19.83787847982313,-4032.776972003013,130.7692776491026,141.23081986103082,376383645,114.40777128245918,5.722267531481706,17.179178172900215,12.405648044040277,7.282348407314052,18.77434449320032,5.95136354394694,0.7999999999999999,0.0,-10.47999999999982,-35.07580035916156,-18.850822520277543,-4.205749690491293,-3.562125854074585,-22.354672939624507,-50.418157860895576,0.0,-100.0,257054
-60.324921277123465,21.62540422012652,58.04166123537549,22.73985040820137,21.33786943565228,14.26157254032012,12.244372839732067,0.6791519198863917,626.3799641288949,0.0270833333333333,False,UNSTABLE_AFTER_LIFTOFF,894,89.4000000000234,1,702295.44715587,1323.6467697826922,4497.810049457688,121.39934126762336,dry,0.9667019761825604,4.221811826761234,-0.1222688344076168,0.0,0.0,4.782439415194861,1011.7511972377667,0.9959965441525964,36.69999999999792,1321.9183197782413,41.49999999999765,,163.42291336622554,5.284955835049232,-513.9258166504133,126.91343078037444,137.0665052428044,1746484539,95.89865052230208,6.451642201660785,16.17917409473132,11.29986368368382,8.489492524264655,23.410824570203967,1.5854867505147712,1.3,0.0,-8.939999999999854,-46.45403869659733,-28.930590991408348,-2.9045092237259604,-16.530962507444265,-7.497164252927134,-43.68278995238192,0.0,-70.0,257948
-182.1788067291179,51.49295491430017,144.5618107500321,47.03370959768203,27.56518053267677,14.78234261349158,15.910724972961487,0.7017983612895732,608.2344326684388,0.0,False,CRASH,778,77.80000000001417,1,672360.5851759799,1327.450195990774,4491.545391547238,276.4370063025522,dry,0.9703925162288536,6.937386367788818,-0.691911244003002,0.0,0.0,4.9917038467710615,1014.083245620708,0.9906507734118968,32.399999999998165,1101.5243419115943,42.3999999999976,,138.05747858903192,36.60120167668293,-4391.814556468604,124.08060735023878,134.00705593825788,1394609702,79.45603562369638,7.246740409639934,12.714135033538687,10.18096313650612,9.4091990453118,19.5650679477015,10.9803605030049,0.0,0.0,-7.779999999999879,-78.7080499219891,-63.31951547741515,-6.315427013146351,-6.916132725080264,-28.9847015860094,-39.70748170487661,0.0,-100.0,258726
197.97828676346583,17.262319053255442,29.11423827762678,8.398420380909158,11.949966290388357,4.998493381354723,6.353488318893825,0.8037219923640051,248.5638794866288,1.0,True,SUCCESS,525,52.49999999999702,1,756331.6400804427,1323.3050109808544,4533.375060200454,94.30498428577413,dry,0.9788045142127508,2.848833647565089,-0.0357933303371202,0.0,0.0,-2.6828430515164445,1014.5000851433924,0.9895485794137407,42.89999999999757,1671.2984902515775,47.5999999999973,47.49999999999702,144.46977529225762,248.5638794866288,1675.3767965259626,129.84013328111146,140.2273439436004,1960127675,48.62987305490128,3.343020202829873,10.7015496769357,12.282581782872748,6.66624955338022,8.05148820928869,30.0,4.999999999999998,128.12500000000125,-5.2499999999999325,-17.382613447289167,-0.5639530601186185,-0.1875464717681649,0.0,-0.1293155166475275,-31.308047220920425,0.0,0.0,259251
-45.82947279231838,11.621648786390663,30.076799188630844,0.5612946147968283,-1.8089126409515648,-1.8362427635231828,2.3698434538542834,0.8063811446821255,1.9736011568476213,0.0,False,RUNWAY_EXCURSION,361,36.09999999999796,1,734082.2749030897,1323.4653706552265,4757.897506631876,123.62871137763489,dry,0.9814623535790652,4.5620128286259005,3.095022653825138,0.0,0.0,-2.8964157730563374,1013.760583709408,0.995925323180884,,,,,143.37374492988536,1.9736011568476213,6.911288981184214,127.91486312493927,138.14805217493443,1081530686,22.266898624059017,2.898012176482857,6.973946378330895,11.583142738842108,0.5590498800958444,0.0,0.5920803470542865,0.0,0.0,-3.609999999999967,-5.417515789514649,0.0,0.0,0.0,0.0,-21.675087147668787,0.0,-60.0,259612
-47.31915048959514,13.631708641112311,30.168895933046414,0.5502061731909154,-1.0380751105317627,-1.1364795777921497,6.7143451999473465,0.7786973243389064,2.2333394241131828,0.0,False,RUNWAY_EXCURSION,346,34.59999999999804,1,680993.8915058366,1322.7965250608634,4682.365833362354,285.8699246488959,dry,0.9923732271962304,2.3258534508772755,-1.4657809653679088,0.0,0.0,2.215358868878149,1015.7100911319236,0.9912979512836572,,,,,143.5198009800562,2.2333394241131828,25.18182724913144,124.1823611958336,134.1169500915003,1302740407,22.954887535390675,1.7255847883886302,6.270132716933239,10.612970544041811,1.1416827113079904,0.0,0.6700018272339548,0.0,0.0,-3.45999999999997,-7.143880471639658,0.0,-0.1509853645960365,0.0,0.0,-19.93954477665579,0.0,-60.0,259958
-19.407118048464465,26.79509358929335,74.9965541823379,33.616709438233244,17.985937528829254,9.915924325601006,17.084868863770783,0.6851972493529326,465.7616896490007,0.0814917127071823,False,TIMEOUT,1200,120.00000000004772,1,759187.36418645,1322.632564379379,4770.490200709999,159.43929321847185,dry,0.98082925817076,4.403782973384194,-0.753976962816199,0.0,0.0,1.8922543933966445,1014.017294343075,0.9924147588683,43.299999999997546,1584.6358583970982,47.699999999997296,,193.69444000476057,89.96477419026547,-2243.9822000649488,131.15450955793074,141.6468703225652,2084654369,145.8909650285533,6.360513608953589,20.09810890481082,12.955996201755797,5.422483620727224,23.74274845800526,26.989432257079635,5.899999999999995,0.0,-11.999999999999789,-85.14140941187058,-62.9526177439364,-5.922664224379675,0.0,-31.90817326298393,-58.84250148517956,0.0,-10.0,261158
-49.90199369515758,16.01302048400838,30.01991902630932,1.0115130727327906,-1.62612544292944,-1.664422841747076,7.559596278912299,0.785721180860888,2.190237363487853,0.0,False,RUNWAY_EXCURSION,405,40.499999999997705,1,767257.2077887617,1323.4155505442625,4570.808043416895,130.02386087424478,dry,0.9797820637692376,4.599437067989412,-0.4643654975346951,0.0,0.0,-2.0416265050078533,1010.0017948576112,0.9957496458806634,,,,,149.24701046511964,2.190237363487853,9.425567057460942,131.2125836624769,141.70959035547506,1566581934,26.499864330779683,1.3937749070759458,7.230222333740592,12.82029472176979,0.8150781637308185,0.0,0.657071209046356,0.0,0.0,-4.049999999999958,-11.538757125957227,0.0,-0.2531989064165812,0.0,0.0,-23.47634332892701,0.0,-60.0,261563
-106.01902971648332,23.358705627792112,59.05522836504313,44.53789149701797,12.455613365143202,3.4301766035671246,7.145985728627715,0.7491475359230763,308.41147064338685,0.03515625,False,CRASH,691,69.10000000000724,1,710194.1930992124,1324.2663308620592,4435.089599606195,401.8804722261964,dry,0.9518995325303484,3.678615560354306,-0.1290906498177699,0.0,0.0,4.620856328020833,1013.2663891758108,0.987965599221037,38.19999999999784,1502.178639733094,43.59999999999753,,157.0618260218939,5.700480273878952,-2169.06374083604,127.49449958319772,137.69405954985356,1357791198,77.32889582363676,2.098974051927762,14.476049655307566,11.092731920423011,5.460663494409797,12.122002121376337,1.7101440821636795,0.8999999999999999,0.0,-6.909999999999897,-41.892191985182286,-37.20476623139928,-0.3687547650204625,0.0,-7.124063420682171,-37.70871446344396,0.0,-100.0,262254
-47.396702707061685,14.721467045211762,30.05024772552071,0.7135431247034311,-1.3348835317528358,-1.3552415705769365,6.83037881541056,0.7733055672735114,2.0985509501343245,0.0,False,RUNWAY_EXCURSION,355,35.49999999999799,1,721357.8055928627,1325.7422297607343,4387.939285762524,351.89355427415114,dry,0.9615518057470402,0.6674242605060448,-3.1516899872563884,0.0,0.0,1.211671494258006,1012.3524144946028,0.9893604533835731,,,,,142.23258874238007,2.0985509501343245,6.170833165480634,127.7999828912799,138.0239815225823,1167425778,24.53373112939794,1.0854214747258362,6.655027312917863,11.287420478706482,0.8486626959460494,0.0,0.6295652850402972,0.0,0.0,-3.5499999999999683,-8.548462794106214,0.0,-0.1996762029170243,0.0,0.0,-20.13839208677295,0.0,-60.0,262609
-36.33998342445274,22.306114973116504,51.4875563864364,14.872553714252494,23.278428300615705,16.02037524895143,10.60023997951286,0.7061179047311704,647.4464959805906,0.0450819672131147,False,UNSTABLE_AFTER_LIFTOFF,649,64.9000000000039,1,719068.2596558159,1331.9164224226015,4704.316026963573,87.54614444638925,dry,0.992750272613571,1.225527997128783,0.7754970390139695,0.0,0.0,-1.993154844938679,1012.9944579257966,0.9792982220814463,34.699999999998035,1240.6548428062456,40.5999999999977,,100.43479058634232,608.3098738694034,-1598.0373437484902,126.84822123632505,136.99607893523105,1202413557,63.14443705717387,2.7244640359532832,12.021821509121946,10.941255621490113,6.049750825519317,19.612803586981865,30.000000000000007,1.1,0.0,-6.489999999999906,-35.87980384564847,-11.936513405975182,-1.5917070736851882,-8.41830535796355,-14.334686295789457,-33.28350008163122,0.0,-70.0,263258
-143.84653243523854,43.76337868881627,191.7714324232713,60.83760087893684,22.24190366788152,13.645930753443617,24.60936399504976,0.6237464151482465,615.3054457548558,0.0700636942675159,False,LOSS_OF_CONTROL,882,88.20000000002244,1,721467.3900274051,1325.7225089948397,4498.631871966969,310.0348630988831,dry,0.9742452189118692,1.5999557527915351,-2.7009422249176693,0.0,0.0,-2.687934946577312,1010.1587279614864,0.9830825465323596,36.39999999999794,1320.4907460629072,41.19999999999767,,152.30186617009173,254.220874976682,-460.8550125957903,127.08331397719328,137.24997909536876,2008052738,98.75414385159874,3.5170304406719755,13.659368271481007,11.292919576833183,8.470733047745258,24.845235799577445,30.0,3.3000000000000016,0.0,-8.819999999999856,-77.20814062441407,-92.4684268011409,-13.990875529366727,-4.10081431829002,-21.763598343599224,-39.33410780633549,0.0,-80.0,264140
-193.06844406886648,26.811959043158865,65.34611699929268,36.4134493585127,16.935524307272907,12.541057914834768,16.266473170250336,0.6929932639381463,219.3278205425314,0.0,False,CRASH,892,89.20000000002324,1,738102.0878344375,1331.6325630614008,4583.491589513754,167.4835806856108,dry,0.9781193883353532,0.2280746468745427,-2.292725853153516,0.0,0.0,0.3032898788804159,1010.1647033389816,0.9946396259312432,35.79999999999797,1275.0774654830802,49.3999999999972,,136.07317216286256,3.942117347143324,-1063.7815425363256,129.21134809136186,139.54825593867082,595598245,100.4202140839395,3.132939860731499,14.85306449224296,11.5943742639192,11.251130006078576,12.999838222945217,1.1826352041429966,0.0,0.0,-8.919999999999854,-69.43237480213124,-72.75302133048544,-6.151750922507987,-0.9319056311067234,-45.88773995197357,-44.42584756466143,0.0,-100.0,265032
-189.77747210842105,43.8310439880137,112.64879176800687,45.8821890935082,24.26750323075781,9.895506658797093,16.086055990336096,0.6970247625250611,588.057628109583,0.0,False,CRASH,754,75.40000000001226,1,766751.9440491856,1324.0769410489522,4498.59106283004,118.6798009460598,dry,0.99216705760015,3.1866174658540025,-1.113115266796615,0.0,0.0,-0.1299988535543397,1011.3492801587008,0.9957002486755664,39.79999999999775,1476.0350143237936,49.59999999999719,,163.48406995004558,16.242850491761658,-1461.15027859343,131.51914265511752,142.04067406752694,1752032165,80.82808375398875,2.5300449994783807,12.799099244462196,12.59605278733454,7.256310006329067,15.173922543596312,4.872855147528502,0.0,0.0,-7.539999999999884,-81.96815968217565,-68.11140036836815,-4.21805330282149,0.0,-26.112272875678205,-37.883954362095054,0.0,-100.0,265786
-289.05706883987466,36.16726427299939,86.01827929904006,48.44149804042022,17.529813668893638,8.873484542920663,15.528339111733112,0.6990628566277861,399.54491842147286,0.0958904109589041,False,CRASH,1072,107.20000000003756,1,685493.6367132344,1324.2724911885798,4639.705729515698,38.29309616680299,dry,0.9682452912953204,4.67459573071808,-3.027626001777179,0.0,0.0,-0.7585583756859178,1015.0099827449088,0.9982610292152952,33.299999999998114,1155.347130459387,41.59999999999764,,158.61391003998526,8.424515795292365,-3662.205926200716,123.99502476945877,133.91462675101545,1440696407,130.5177750479438,3.4327288790042214,17.87260124761386,10.182312305616431,8.428672286626403,27.646303291687875,2.5273547385877078,6.299999999999994,0.0,-10.719999999999816,-124.3822533752481,-140.3266071381553,-7.456540942278495,0.0,-59.18734586832488,-53.89206931294942,0.0,-100.0,266858
-117.50729841494568,26.33603524912104,66.19353572663366,22.931138472558928,11.924659785114692,9.730641459721753,14.400685405403276,0.6936149151613547,344.87202146927336,0.0059055118110236,False,UNSTABLE_AFTER_LIFTOFF,973,97.30000000002968,1,695297.8004203311,1324.5806029040627,4683.898002295315,470.07400282919696,dry,0.9722499195097608,5.184052386194956,1.1115847679303783,0.0,0.0,-1.6753293058025465,1010.1772945532564,0.98545018005353,34.19999999999806,1198.7079502401143,46.59999999999736,,169.73741543862172,14.173951656783627,-885.5237331863925,124.97712446548914,134.97529442272827,5880883,114.1062455911393,3.712297962847552,13.62847543100012,10.644686017602332,18.29398171896305,17.147428505314725,4.252185497035103,0.3,0.0,-9.729999999999835,-71.08294298663023,-53.6535582743099,-6.147852406072648,0.0,-40.97428635849806,-48.00395911333672,0.0,-70.0,267831
-83.52355334516726,21.02329251356076,53.35871988861192,20.198980893464608,11.990868866367542,9.701871600080942,11.630647462149128,0.7286169814139594,163.78696218587223,0.0,False,CRASH,843,84.30000000001934,1,754707.5778941,1330.2506689757583,4238.613358861366,28.89049528577864,dry,0.9996308089930156,0.7692790390897226,-1.977135765068496,0.0,0.0,2.322431486244408,1013.3794468018236,0.99852382187939,36.79999999999792,1322.985735358861,55.89999999999683,,156.04746280970298,9.60461686878601,-1812.1601923453584,130.90509696883692,141.3775047263439,846428919,101.1957232207319,3.286352110303049,17.399232092796005,12.063500905747118,14.16243789817929,9.914672637367287,2.881385060635808,0.0,0.0,-8.429999999999865,-41.398683566372654,-36.130914884746986,-1.042434865242715,0.0,-12.880639908652803,-44.544184045912495,0.0,-100.0,268674
-47.60945684432452,14.033092633050291,25.182834867037773,2.725471126995698,2.6222598166322144,2.185677328080476,7.665468791038731,0.7754994212282195,4.713111907890664,0.0,False,UNSTABLE_AFTER_LIFTOFF,413,41.29999999999766,1,760573.0864182924,1324.6793412059433,4285.871731830213,479.1185413089182,dry,0.9527826714149932,3.547831390006624,0.3294425140192771,0.0,0.0,1.3169131041908413,1014.896070206141,0.9856384360534513,39.39999999999777,1500.7628577767923,,,153.5152189631987,4.713111907890664,112.91991453761752,131.08709624835518,141.5740639482236,1841261662,32.15033782286861,1.3367729574059084,8.171039820470446,12.562352421672694,3.615010685625105,0.0467079094921385,1.4139335723671993,0.0,0.0,-4.129999999999956,-9.036792832681014,0.0,-0.2802798712995805,0.0,-0.0101242444900742,-23.448415085756004,0.0,-70.0,269087
-34.14886809949052,14.834061588684392,23.238103246758055,8.947420677884152,6.227186555182991,4.932728933044074,7.392118757727665,0.8004177182718034,65.85537411383069,0.0,False,UNSTABLE_AFTER_LIFTOFF,510,50.99999999999711,1,739785.9989591266,1328.371038200019,4556.14053128589,417.0450857757989,dry,0.9620367172400924,4.429938250822287,-3.473032462536204,0.0,0.0,4.833513805208295,1013.024681156064,0.9875422567041942,39.79999999999775,1474.2289512561192,,,141.0681569112235,5.568869614469975,-476.5912770201505,130.18634053369294,140.6012477763884,1190382222,45.37903387120611,1.7265684537667252,10.063959665639908,12.938966438273392,10.546396362661472,2.46495340055744,1.6706608843409898,0.0,0.0,-5.099999999999936,-12.46946504895664,-0.5898158480479364,-0.4316426904195506,0.0,-0.058586785712372,-30.289896802800016,0.0,-70.0,269597
-124.84996125511228,23.760778050578704,62.00405007221623,34.55082767773284,16.42106889238312,7.770638962734887,11.047820400968666,0.7402818555363697,394.8100980273257,0.0,False,CRASH,645,64.50000000000358,1,688074.6166867906,1325.7925774497128,4600.265691283965,22.1282770125627,dry,0.9628615283742756,1.057561451905042,-1.0292606853933397,0.0,0.0,3.873734829234947,1014.4828769336326,0.9984333073097916,33.799999999998086,1189.8270334716765,44.29999999999749,,142.64528004433762,19.367837591913787,-2928.739513963985,125.25794161452627,135.2785769436884,72124473,65.57408404213409,2.3329107850791893,12.775387617983064,10.533441870979187,5.953171981566399,12.57675358116158,5.810351277574146,0.0,0.0,-6.449999999999907,-40.42876640074255,-39.13735004235498,-1.0223195533875638,0.0,-18.70021053361236,-34.66741588149234,0.0,-100.0,270242
-148.28178443751898,30.360739979687747,96.20343859020218,41.24021667047993,12.50683923423314,5.662156130793278,16.06791035381335,0.7603764986518838,345.0030773760464,0.087360594795539,False,UNSTABLE_AFTER_LIFTOFF,1050,105.0000000000358,1,713047.1483220642,1326.9513308259693,4419.707878477195,212.4673881888076,dry,0.967285228528704,3.912202201479463,0.5700709378477908,0.0,0.0,0.3527418733877816,1010.4825816874234,0.9931794057773614,37.99999999999785,1356.24611893473,51.29999999999709,,171.72891512633518,9.32760391126709,-809.1648178228005,126.99027611924625,137.14949820878593,1642588603,132.31288438027036,4.444743759535444,19.0935852408236,12.25843984759524,12.536991444343409,18.780313617034093,2.7982811733801345,4.699999999999999,0.0,-10.49999999999982,-77.73986148745365,-92.99080142819612,-4.844437010533115,0.0,-40.46126992400696,-58.67065405031151,0.0,-70.0,271292
-190.57052834125105,31.84516468210642,72.4620937674634,28.63090711359156,19.492445351102315,5.677437815125463,15.76416381794659,0.7406743100299682,442.29132499079856,0.0402684563758389,False,UNSTABLE_AFTER_LIFTOFF,1193,119.3000000000472,1,675371.9417179825,1330.2634469758202,4729.927606968136,412.6828991788644,dry,0.9775982219286952,4.73665063368669,2.2130893301492915,0.0,0.0,0.4072358309928416,1011.8822069527226,0.9873338903168458,34.29999999999806,1193.2640280916244,44.899999999997455,,166.90291065885893,9.80456090559244,-455.0068665668954,123.51602282247858,133.39730464827687,1566923138,153.7034566096957,5.298537674914003,17.418239857027466,10.696690092338176,14.751601050036443,16.41361940957349,2.941368271677724,3.0000000000000013,0.0,-11.92999999999979,-119.80506787117474,-87.78081435448921,-11.156688774816722,0.0,-49.67172632344345,-64.4497439825904,0.0,-70.0,272485
-32.18995993043223,28.23567085822231,66.58967162297036,29.43871929649039,11.764372108263949,8.10064797677947,11.810700697095909,0.7462631499105034,315.24199009842846,0.0575757575757575,False,TIMEOUT,1200,120.00000000004772,1,760662.1905875743,1330.860285363378,4655.886811090433,0.708732065139106,dry,0.9647105258509762,1.430248372805381,1.146111555187347,0.0,0.0,-1.4689389706067797,1010.689908051479,0.9969725143034668,41.69999999999764,1563.3427043873949,54.09999999999693,,153.52502834244396,90.38186613009012,1405.9830718997357,130.73360559664965,141.19229404438164,1818006482,154.93254424342075,3.8633376716003975,20.98370741354935,13.603226980962136,12.632885152415144,20.906516331520525,27.114559839027017,3.800000000000002,0.0,-11.999999999999789,-103.48647677663251,-73.7498660115035,-4.663800847586572,0.0,-20.445419606860057,-65.68117432034484,0.0,-10.0,273685
-158.69462978122618,42.377804977161055,102.3679006317163,41.27990642185517,17.025609960826007,12.879668905779406,17.178598860175217,0.7193866698443888,595.2144482019987,0.0644361833952912,False,TIMEOUT,1200,120.00000000004772,1,669920.392797329,1329.7957026555844,4740.589579179819,480.780396191989,dry,0.9663902081627006,3.243066627853362,3.916386786253815,0.0,0.0,-2.8466691846965557,1012.8984939943886,0.9781402815272786,33.099999999998126,1145.5306266356883,39.39999999999777,,152.83867897154775,251.99184402207703,-1406.969721571657,122.25956452386816,132.04032968577764,377217572,148.5022969026127,3.662324543561481,19.99476226404786,10.305729808359487,4.072325082370718,30.955294372237564,29.999999999999996,5.1999999999999975,0.0,-11.999999999999789,-174.37187699881085,-109.03218353479396,-7.161742739381763,-1.1103837251101123,-34.46466205918572,-63.24651369713384,0.0,-10.0,274885
-17.24617498726473,12.680295102389955,22.260274903409147,11.426663494181152,4.763026168602994,2.516591715700316,9.261930143642584,0.7838320127363058,119.66341223767743,0.0,False,UNSTABLE_AFTER_LIFTOFF,753,75.30000000001218,1,672224.0807067223,1325.5913412870664,4744.603930405256,274.2726678486122,dry,0.952900301435602,4.767841096916156,1.9447555338100857,0.0,0.0,-2.104852915752536,1014.0010972789704,0.9913655951384304,41.19999999999767,1771.946746716307,55.99999999999682,,148.30798066254093,6.968431769711856,-1081.1054701119472,122.56201705715476,132.36697842172714,191741830,86.87590468327214,5.230994768669697,12.540522418194836,10.590934357679728,13.425271644422397,5.29519752341576,2.0905295309135665,0.0,0.0,-7.529999999999884,-13.452753618269124,-3.735939440118602,-1.9060849684004948,0.0,-13.157337610818098,-43.51341427622647,0.0,-70.0,275638
-26.093964534075464,30.07444170634076,68.12606682463093,29.554899238834704,13.535818531947562,11.63372975378811,14.198042834965094,0.7444544974797301,646.2560203352339,0.1691884456671251,False,TIMEOUT,1200,120.00000000004772,1,688692.2026690575,1331.8099345658295,4410.996361321517,1.00277645928748,dry,0.9746506828778814,1.0896927343332583,2.94814432102814,0.0,0.0,1.3346481301528454,1010.2332549296242,0.9851074774939628,36.09999999999796,1298.4787474985078,47.39999999999731,,138.1854328301745,500.82630299931736,-283.4911290910943,125.03031016581338,135.03273497907844,1853662620,152.50859005414927,3.791372195415805,20.06007118646917,11.364180289503736,6.610982193817891,33.017290249488816,29.999999999999996,12.299999999999972,0.0,-11.999999999999789,-113.81641862436796,-58.45291959003121,-4.478454736933238,-0.3438851174225177,-31.04847615958511,-65.60629647457996,0.0,-10.0,276838
-105.5657046616685,30.746986061458387,72.91337207302438,27.688722719562172,18.38721677237109,12.620913120469524,20.575870275813628,0.7132209084100191,561.4034626412972,0.0345285524568393,False,TIMEOUT,1200,120.00000000004772,1,677221.0601739993,1330.432951836949,4617.092627708466,367.7329824647084,dry,0.9729818271014644,5.826614456972229,3.79788614626921,0.0,0.0,-0.1887695269590175,1011.5534333565574,0.9861846450035104,37.89999999999785,1352.8712966492635,44.79999999999746,,154.3926437518546,93.44998123347978,-697.0150733036782,123.57727402472165,133.46345594669938,47463574,144.05749122098206,4.4748636420424255,18.486406938815342,11.581114993955737,5.216462901350675,26.14958865522487,28.034994370043933,2.600000000000001,0.0,-11.999999999999789,-118.70596803792904,-77.63874839858688,-9.106960390867757,-1.479298648681603,-54.72324845469426,-62.512403453324254,0.0,-10.0,278038
-13.938273325368009,15.118308807672385,21.33635081026173,9.831535204625824,2.3795174594374475,1.6190029783165722,8.819915449849315,0.8054771478332227,90.08893896436956,0.0,False,UNSTABLE_AFTER_LIFTOFF,728,72.80000000001019,1,748017.6085020608,1322.7626111903137,4238.476197841844,427.484850889213,dry,0.991750307013047,1.0952011015768512,2.354566130272594,0.0,0.0,3.2353718831096456,1015.99122056661,0.9870243458505288,46.19999999999738,1947.1510033697336,,,178.8481406805664,11.0666761184209,-636.3265896523468,130.36037259652036,140.789202404242,1162779115,83.86723430087545,3.291044106059825,13.66765514939518,13.428485361604617,13.2041277091922,4.061158537628318,3.320002835526247,0.0,0.0,-7.279999999999889,-18.488228239624128,-1.959381095803017,-1.0716562972546675,0.0,-6.348668442226061,-43.63004725074193,0.0,-70.0,278766
-50.28608772754591,20.923721348251217,33.63297027252268,14.41818805421801,6.972312326071156,3.1609788955216747,10.453028958164005,0.7805431427546642,234.6062588393698,0.0504731861198738,False,UNSTABLE_AFTER_LIFTOFF,855,85.5000000000203,1,709642.4613603558,1322.0374437319538,4593.205031747665,474.3322798712563,dry,0.9888597216318432,5.148721419060636,1.111758653917387,0.0,0.0,-2.453993924403446,1015.8394738432077,0.9855571710225548,49.59999999999719,2414.6965870052964,53.89999999999694,,152.07542567992516,4.951554811182973,-573.3101262630548,125.73614070378969,135.79503196009287,172656923,103.37364290698848,1.7205642596039792,14.155497127590746,11.736495014502424,10.82806088192634,7.380348023448927,1.4854664433549003,1.6000000000000003,0.0,-8.549999999999862,-41.59120093063004,-7.624392033665617,-3.2376623824781627,0.0,-22.30602114130224,-49.25688589688548,0.0,-70.0,279621
-44.921585417344346,24.7304111265343,54.7815257779997,11.276922209184788,6.229001905154638,3.1259107218856976,9.411521327669709,0.7823147278556859,141.49230971386856,0.0103986135181975,False,CRASH,1046,104.6000000000355,1,718008.1427110457,1331.0206333995725,4227.762213500966,258.37149400993667,dry,0.9915746706684424,1.0004942440025315,-1.471070153441679,0.0,0.0,0.1650953549282885,1015.2673334187368,0.9916941152271982,42.099999999997614,1528.3263116849805,46.999999999997335,,200.12625632150443,14.02992571099844,-1088.246297678133,127.0892908046688,137.2564340690423,643626383,149.2247336988269,2.4383978814084406,19.12569970528206,13.396924858720702,16.803705609061527,9.219753073965364,4.208977713299527,0.6,0.0,-10.45999999999982,-71.08072480820361,-2.8523003963521867,-2.8229412282564312,0.0,-12.80311232823072,-59.920699196865854,0.0,-100.0,280667
-1.161033526999816,18.35232089794786,26.602590122738377,12.274447702327135,7.364518696774921,2.662917958399577,8.506571257012821,0.793483714262645,167.91420488353666,0.0283018867924528,False,UNSTABLE_AFTER_LIFTOFF,917,91.70000000002524,1,716090.2630623262,1323.6562919041603,4775.4222891276295,225.30850547736136,dry,0.9760078343408451,1.251230119531166,0.7516418716235451,0.0,0.0,-1.9430162508261333,1014.5836236739324,0.992465524808604,43.99999999999751,1805.4253284525048,49.3999999999972,,183.08753847011,19.05537511389608,-830.108493160962,126.49718491853984,136.61695971202303,1033071480,117.5553477215526,2.5363662700065155,15.827572499885507,12.199717395397291,20.42647290114174,8.048979541226728,5.716612534168809,1.2,0.0,-9.169999999999847,-34.316960522992176,-4.168801059925591,-1.7004982687571706,0.0,-11.81054691013181,-53.505295628572135,0.0,-70.0,281584
13.222458386476688,17.09678258659418,38.16579137128754,13.528106440226606,7.757498451149498,4.494273097647494,12.98420657569103,0.7809578405962956,292.001604156809,0.0218878248974008,False,UNSTABLE_AFTER_LIFTOFF,1153,115.300000000044,1,705908.7539894643,1328.937750587891,4658.034176315992,344.55558267050986,dry,0.989116857548196,4.061894852390694,-0.8091942160441401,0.0,0.0,3.6286860823376257,1011.8300140924772,0.9892045656413582,37.59999999999787,1377.4503497880037,42.2999999999976,,173.69791307513722,17.75737492178945,-1004.1899883495992,126.98372836581903,137.14242663508458,907713895,163.34273523303966,6.12304470766049,18.16708333949194,12.05987620171531,8.364688597875887,17.97028548424439,5.32721247653683,1.6000000000000003,0.0,-11.5299999999998,-37.44687455107783,-7.16956980216451,-4.5341116655227856,0.0,-22.862380400112727,-66.18953123520991,0.0,-70.0,282737
-68.2513384632264,20.659892408846407,44.328035008792114,60.15727066877903,16.2147256438494,9.992938442947386,17.818691766853387,0.7544734134206447,704.62164298793,0.1025641025641025,False,LOSS_OF_CONTROL,1018,101.80000000003326,1,727870.5073005492,1329.0627493866907,4309.044668952612,452.820351621253,dry,0.9813967549353532,5.491315850121544,2.9061424914652,0.0,0.0,-2.3553424516616106,1015.3517638493717,0.9694127522171248,41.899999999997625,1567.4563488578867,47.29999999999732,,162.41940494706995,583.8413128899626,-3774.996560251063,127.39331465656652,137.58477982909184,865948037,131.5435501269752,2.586741756641008,14.318834187884091,12.645255350112922,7.382226742656113,28.758703849182552,30.0,5.599999999999996,0.0,-10.179999999999827,-48.27934612481351,-52.73973256944216,-13.094372954665891,0.0,-40.21321342589249,-56.57998540186402,0.0,-80.0,283755
-187.64132818337328,80.41663571924666,400.0673677535645,37.21446171534509,20.48077392209725,10.206178427527856,24.971702979325187,0.6939278063861791,881.4538216538574,0.0612582781456953,False,ENVELOPE_VIOLATION,1142,114.20000000004312,1,745711.8179913089,1327.8132126795156,4441.715525986697,433.59086457259934,dry,0.9644931913467202,3.008705477278075,0.1839950514455433,0.0,0.0,0.122873430735134,1015.0280603989194,0.9661511036292656,47.699999999997296,1813.7245571360345,53.89999999999694,,187.63858724205832,726.619677712464,-4146.734757085779,129.5236768374962,139.8855709844959,60816030,140.4417898031613,2.7398430449103706,12.4672559056705,14.879035681682575,6.645105304536426,32.28288831520974,29.99999999999999,3.700000000000002,0.0,-11.4199999999998,-126.64694196120284,-107.95107231574184,-29.515709832823028,-0.0027517241747901,-47.768075054522775,-57.49269535007976,0.0,-50.0,284897
-2.7738671913459854,15.02340022259117,30.17090926009141,7.066443625925524,5.034182744865474,2.6934134934371605,10.07237008184574,0.8207264973402579,72.38038899967259,0.0,False,UNSTABLE_AFTER_LIFTOFF,864,86.40000000002101,1,712001.4047749941,1328.9011883214218,4405.601623930362,188.2230719038195,dry,0.9626201005523156,0.3700185429240825,3.663864729250249,0.0,0.0,1.9027012188305368,1013.5808323842148,0.9936346920332608,43.89999999999751,1540.4448935303717,,,181.50281966231083,18.68336074801701,-825.1202693296442,127.04292230755571,137.2063560921602,11494707,101.65071276488194,2.5662029400147564,15.880058176582724,13.842687428348803,13.802234955886444,4.4281150833302725,5.60500822440513,0.0,0.0,-8.63999999999986,-21.667445207822613,-0.4615005890338012,-1.719929308839041,0.0,-5.069616735607076,-52.99039492349339,0.0,-70.0,285761
-108.83063048493172,21.51865412695333,73.23347028982094,44.17788204373147,26.853469516727948,13.87964189228579,21.976531190331823,0.6593613559504341,854.8211301278676,0.075098814229249,False,TIMEOUT,1200,120.00000000004772,1,691746.2106563984,1329.1744514231837,4408.768894796623,56.455219277172006,dry,0.9507392086056028,5.826504952209434,2.899753010769801,0.0,0.0,-1.5536480933428525,1013.5438590312958,0.978018609034979,39.99999999999773,1335.0901575355194,44.199999999997495,,109.3955899530674,684.1090571742368,3305.417061983573,124.47674901674375,134.43488893808328,266896303,137.6986131164457,5.393118552039487,15.439353793701075,11.966853440670947,5.055192322761833,43.83857984783961,30.000000000000007,5.699999999999996,0.0,-11.999999999999789,-55.96302425925639,-119.07193612242516,-20.442394062324905,-4.4990788469698,-84.28102547600459,-57.6648827914102,0.0,-10.0,286961
-91.21362977517124,14.06436186469318,24.647904852133976,21.67908985191616,18.74978777303621,10.17468061821116,16.68320279259094,0.6948243187927089,550.0119412451623,0.0411160058737151,False,CRASH,1161,116.10000000004464,1,741850.4830269214,1322.348048809917,4609.863589229217,180.23516901742664,dry,0.9708277930919234,3.6188759148787097,1.4965080625936888,0.0,0.0,-1.0155687677199694,1015.49203180235,0.9942428680099528,43.99999999999751,1891.2022599733968,48.09999999999727,,159.0275282826428,4.296624224068125,-1553.250926478299,128.9030981840839,139.2153460388106,17790419,146.8638564419957,8.28058514012276,17.453878233950988,11.955516406742287,3.676961390150069,22.30895925749412,1.288987267220432,2.800000000000001,0.0,-11.609999999999795,-25.517009431273543,-46.20763787674569,-10.013326911718504,-0.0019002644619042,-53.85962548342169,-58.63287394522623,0.0,-100.0,288122
-76.30584112630561,110.9652264612332,401.7227097657396,18.23915272492936,18.143223117689057,8.535470572018914,30.29152089400339,0.7131266165921029,880.696976080843,0.0521472392638036,False,ENVELOPE_VIOLATION,752,75.2000000000121,1,727166.1598675293,1325.0658501865646,4524.446791640826,199.71126200005213,dry,0.9836797126706278,3.26512762620445,2.0525680691478825,0.0,0.0,3.170528997003805,1012.9068222230384,0.9722500939710372,38.7999999999978,1486.4325907276252,42.69999999999758,,161.65443279534645,757.0090819914584,2208.0394166938045,128.7118148604857,139.00876004932456,1440154963,84.06524858055711,1.7306037192656176,10.098675839445551,12.043410765524833,4.615853965650234,27.296983968415606,30.000000000000004,1.7000000000000004,0.0,-7.519999999999884,-96.98136175319156,-17.696478998760902,-17.70015904607303,0.0,-19.06705877493283,-38.891559392206496,0.0,-50.0,288874
-31.64261774400636,21.404835728266036,58.93035646716951,11.937127311526645,38.89648067157604,16.003188351027532,15.121585643299357,0.7649102105952057,678.2378633046975,0.0,False,UNSTABLE_AFTER_LIFTOFF,592,59.19999999999936,1,761561.8601184196,1329.7129806380378,4509.858769411318,31.9507080993221,dry,0.9531041147845476,4.289402622691245,-3.6695479788731458,0.0,0.0,-1.0423357833842166,1013.2780347304476,0.978953247530414,43.39999999999754,1647.9570006074366,50.699999999997125,,108.08808757235816,678.2378633046975,4618.764208577436,130.74089660335378,141.20016833162208,1128755548,53.83905957114678,1.722598642003485,9.0470512793451,12.968979434944178,6.468372424263744,12.322295874898122,30.0,0.0,0.0,-5.919999999999918,-30.137206621333345,-0.8380861424220114,-3.4100505660781635,-6.9952178816369495,-7.251097784087712,-33.4593159750496,0.0,-70.0,289466
-52.07347678836365,17.14032798588524,25.20420103892082,20.14538591146781,5.391123925909295,6.744127180294701,12.21527414736242,0.8222504196895493,85.3462980028985,0.0,False,UNSTABLE_AFTER_LIFTOFF,600,60.0,1,760433.7186074695,1324.623376081907,4542.964810038961,230.6279176436016,dry,0.9777514162455344,3.3876824478621854,1.482138554444818,0.0,0.0,3.441580558968921,1014.5426973877728,0.992757350723268,46.69999999999735,1778.5608462431724,,,138.45110104332406,8.229303715893565,-915.576582314162,131.5781559369065,142.10440841185903,1389828892,54.46751826076704,2.041252034417961,10.380410387779708,13.597388976544972,9.755558425973517,3.216691551392003,2.468791114768075,0.0,0.0,-5.9999999999999165,-19.586056230914693,-4.011669617426306,-2.496132944814,0.0,-8.943941407058714,-36.96328733979309,0.0,-70.0,290066
-170.34413083371638,145.948421150564,400.05635197961993,26.96271807571196,25.845071675394312,13.076757855686104,33.38365158429369,0.6771732146914534,782.075300353626,0.0,False,ENVELOPE_VIOLATION,865,86.50000000002109,1,699618.761351305,1331.9687919374685,4577.083782171233,75.69654506285222,dry,0.958145408403145,1.3455519904056423,2.196428677096768,0.0,0.0,3.6001667259474432,1013.9361279273596,0.9849072539234924,37.19999999999789,1361.725803882629,43.39999999999754,,160.7441997884761,436.8965807574981,2261.68412790254,126.27918442844366,136.38151918271916,552547096,91.44791159483634,2.4595270571337378,9.934837712862889,11.468940081381293,4.075144588432589,27.36439711531453,30.0,0.0,0.0,-8.64999999999986,-108.8298201646207,-54.76244315604196,-32.141181415802606,-6.667199708848387,-43.58846924776173,-42.45577529060293,0.0,-50.0,290931
-141.7699677290455,107.68300765686912,402.252674410813,34.97326366205982,14.660586950475652,6.239597025932761,28.336262074319126,0.7048093440912567,846.5914756495545,0.125,False,ENVELOPE_VIOLATION,841,84.10000000001918,1,743273.3140663588,1324.8404914742882,4708.3088777765015,374.97061842294505,dry,0.9885136471445778,7.867036132766825,-3.329546702436138,0.0,0.0,-2.4913289775592107,1010.2758173762244,0.9642733452665668,41.69999999999764,1593.9428714606893,47.39999999999731,,166.99618211442493,839.8307201619737,-816.9524418224419,129.02646069035725,139.3485775455858,1321529463,100.1710365019685,1.290697985387901,13.43972991829282,12.305020560119214,6.905445735789246,26.46759827444061,30.000000000000004,4.6,0.0,-8.409999999999865,-162.01974516243408,-37.896341586603725,-17.568959110766976,0.0,-18.122891389765005,-42.93155945547524,0.0,-50.0,291772
-189.209185994264,103.63070834564122,400.8309230675481,34.03582123648655,23.498234307295125,7.928318361710833,36.36523118109328,0.6853135171761513,928.8513079296822,0.077127659574468,False,ENVELOPE_VIOLATION,842,84.20000000001926,1,750183.9794396439,1324.3643396311718,4383.090359133239,148.95647717341294,dry,0.9574528314936892,4.848500738716287,-3.038839841420556,0.0,0.0,1.1865209159477503,1014.5151072537138,0.9847507619239756,41.39999999999765,1594.682255341978,46.69999999999735,,168.9407630262362,365.0017639321928,1576.0231873146386,130.18383114060046,140.5985376318485,1640795441,93.67988832102594,1.4658364739920058,11.950862548711962,12.510201553315609,6.365120666721066,22.543485116017315,30.000000000000007,2.900000000000001,0.0,-8.419999999999865,-162.69518563080825,-63.004056234831495,-19.442290979809083,0.0,-25.08167678961769,-41.98137103898223,0.0,-50.0,292614
-178.3858895161756,39.42809201551799,107.09521444577128,35.71727663741848,16.853542189545323,8.98802778656421,22.37169155871766,0.7262619585004346,440.93045651418765,0.0,False,CRASH,725,72.50000000000995,1,741928.2040914603,1323.1277657558792,4560.609358506204,143.29845023337052,dry,0.9564614191213392,2.146314927510549,0.0005902127144388,0.0,0.0,-2.395158520106425,1013.9942933536626,0.9951983215723438,39.79999999999775,1522.8415306290813,48.79999999999723,,134.13424062087148,7.564642838487458,-3401.8248718023324,128.69473231101762,138.99031089589903,823941273,72.96470712678043,2.046820542505018,9.750818105922887,11.960778448922142,10.503670940129725,16.225671114894755,2.2693928515462374,0.0,0.0,-7.24999999999989,-67.60465090560831,-38.37550310295475,-20.06780902216266,0.0,-32.461264495636094,-38.348521120514775,0.0,-100.0,293339
-157.4197321042496,115.65459221552184,402.4974638595089,41.87049309631402,21.65768749776545,9.87265030816766,25.2230011261784,0.7282527887907474,924.4495645121395,0.1450151057401812,False,ENVELOPE_VIOLATION,783,78.30000000001456,1,733822.0291577887,1326.6953188300356,4394.930414569135,67.49623937237659,dry,0.9901575560480842,5.162509810622405,-2.40559771141687,0.0,0.0,-0.609453407086618,1015.875706105935,0.9804861726057936,39.59999999999776,1481.896081322879,45.29999999999743,,150.85628347165132,590.5617369501408,-6082.003729628404,128.27009588342986,138.53170355410427,989821580,86.21113775551215,1.545902488686264,10.028141257516978,12.004180594856384,5.056856795099659,23.597329907794112,30.0,4.799999999999999,0.0,-7.829999999999877,-136.85956654859555,-54.16277910267255,-19.4849650999412,0.0,-20.731163593413104,-41.59480655909347,0.0,-50.0,294122
-8.172041842643331,15.252948270818791,26.54253950559422,13.070697205174108,-0.9994112017651864,-0.7941051728256542,7.97117309352278,0.7737943577125836,4.389233878446817,0.0,False,INSUFFICIENT_RUNWAY,794,79.40000000001544,1,745254.1496304625,1330.008112128982,4252.464761686895,412.20349892502,dry,0.9675086759018108,0.0825349504438461,-2.008215261321922,0.0,0.0,-2.9007633143044584,1010.1108473966568,0.987468392428283,,,,,123.0727521519954,1.6403570840012662,-1.0345853063451038,129.11619427175995,139.44548981350076,2141492029,84.52424942785674,5.810480180139982,17.286348351031666,12.810824743409198,3.3846222784275253,0.0,0.4921071252003784,0.0,0.0,-7.939999999999875,-20.52511446401176,-8.296878084761067,-0.528599804118447,0.0,-0.4906295375522329,-44.699452058265486,0.0,-50.0,294916
-328.92450868756697,80.77968768493486,196.30577928325195,39.51692063690843,20.055749028577686,13.906010046228406,30.84270433897692,0.6642862565649883,591.3209436401318,0.0346740638002773,False,TIMEOUT,1200,120.00000000004772,1,688950.7498527248,1327.246798825529,4392.077036586094,286.13122259906527,dry,0.9764776638128276,3.476282101926853,-0.8780995761920072,0.0,0.0,2.268094872992686,1013.8150792174188,0.985569504538554,41.899999999997625,1521.030156349698,47.99999999999728,,153.01586237947444,200.88612629179488,-3017.152994784385,125.03377357882812,135.03647546513437,1728701086,140.33777529648518,1.728478965592678,13.74902276748368,12.651066944113996,6.384701665559737,30.78644342449084,30.0,2.500000000000001,0.0,-11.999999999999789,-227.68258855439265,-121.46002421082144,-53.36576720693983,-4.043139378639817,-81.02035590183853,-57.49012249866242,0.0,-10.0,296116
-94.92761870005005,16.518846408558247,39.35804836814542,31.8905666425496,21.269497957060373,15.080768589184412,18.115858247193728,0.7409810164451592,105.5248870263444,0.0,False,UNSTABLE_AFTER_LIFTOFF,625,62.50000000000199,1,722718.0138520356,1331.9395738857045,4353.573548131379,193.3672279823654,dry,0.9650548192917774,6.325019070228036,-2.4227290924773976,0.0,0.0,4.216024849677368,1014.7639592981302,0.99397713622777,40.699999999997694,1612.7382588369717,51.0999999999971,,123.78851023925274,3.288078432286028,-670.7332489464771,128.42990501736102,138.70429741874992,2106327850,60.30708026123333,2.964420689243728,10.191713691517457,12.301978318649883,8.397197973904904,3.964931266101072,0.986423529685804,0.0,0.0,-6.249999999999911,-18.949464352051223,-38.415011036130885,-4.814059235749707,-5.029611661420017,-16.275638903032217,-34.30757924200211,0.0,-70.0,296741
-196.12148027730325,60.86932294616472,152.53924550852452,40.41441515233557,29.973676460534204,16.059733002809516,28.25869870144863,0.7141552293490826,771.7362430753113,0.0877742946708464,False,UNSTABLE_AFTER_LIFTOFF,773,77.30000000001377,1,723154.6064188723,1328.7870642096718,4333.842000099369,325.62775086848313,dry,0.963057515624372,4.577671899208634,3.384861976333206,0.0,0.0,2.5398635017625883,1012.7713778169662,0.9696303683450792,39.099999999997785,1503.472510041673,45.49999999999742,,116.53840870542152,721.2400068069509,-1804.2626653638995,128.22585396657576,138.48392228390182,815020182,85.06788150189774,1.4593855594486296,10.304022694866632,11.959258698313198,7.177796746001671,22.631892310260994,30.0,2.800000000000001,0.0,-7.72999999999988,-119.97826474023177,-63.21643807199028,-20.624582868090645,-4.262151910182319,-41.55266460327847,-40.157615594319054,0.0,-70.0,297514
-178.59474747257377,105.48990401750144,385.6624310689959,39.32646055109358,18.9209653832386,15.080881223989891,49.28136600799505,0.7257739080998462,187.48224536608888,0.0,False,CRASH,608,60.80000000000064,1,710391.8805885969,1329.3059273791844,4368.098497836068,427.7172853018972,dry,0.99805021437637,2.244468190970905,3.913827001566024,0.0,0.0,-2.7471325149476256,1011.8295820620576,0.9861437663372966,42.19999999999761,1834.7180524519636,47.79999999999729,,115.16745841146978,31.30988339881742,-4047.815154127637,125.9868627814381,136.06581180395315,1472190200,57.36609773670286,1.971468336199381,8.74441216095247,10.94233510190415,9.049301977532291,7.275396578304583,9.392965019645224,0.0,0.0,-6.079999999999915,-57.18302015012648,-38.13973138227177,-28.33572392554746,-6.189673396255502,-15.078735576874122,-32.32983995273912,0.0,-100.0,298122
-138.16569948395556,119.3891800556572,401.2078592841242,37.89632620635448,6.50138491633112,3.531347015005442,26.33435312341812,0.7503053410423878,415.67881839910666,0.0,False,ENVELOPE_VIOLATION,862,86.20000000002085,1,691388.5696354178,1323.4463662707794,4782.41180071436,204.8521295498375,dry,0.951745399986104,0.2777492648762587,1.6821165857767943,0.0,0.0,-2.297153641085279,1014.0768853254364,0.9833790781115116,41.69999999999764,1835.979035755076,47.699999999997296,,196.3185874463163,349.6681470661369,-960.5334192786564,124.25037368602436,134.1904035809063,2040324894,115.42205375942254,1.3312260267108535,14.657031215686056,10.411364454073608,5.170576065759347,19.24090187679204,30.000000000000007,0.0,0.0,-8.61999999999986,-151.82284079672337,-49.388859738656585,-19.582015568289016,0.0,-7.64794880645991,-47.3371879722723,0.0,-50.0,298984
-71.65318397746582,26.32881211086049,58.54647340842049,13.850130802821896,7.591913739470153,8.334660016029478,15.741546208040992,0.7819840139128854,97.13830434657996,0.0,False,UNSTABLE_AFTER_LIFTOFF,639,63.900000000003104,1,746680.3929543558,1325.7640347751812,4416.644698788167,496.2905111083062,dry,0.9720260654835952,7.896840778891399,-1.4390864600169635,0.0,0.0,3.96595443877601,1015.5417687318626,0.9852725558832868,43.89999999999751,1825.827307984828,,,128.51547237602503,4.298882535206985,-330.36391855696354,130.43582948561462,140.8706958444638,1396850658,64.37830183898201,1.3624248801901675,11.108142610493443,13.103384891523488,11.913745603551888,3.740775230223609,1.2896647605621083,0.0,0.0,-6.389999999999908,-49.21765064899856,-3.190386115841968,-2.8738875860476463,0.0,-9.833911863241056,-37.04378757886328,0.0,-70.0,299623
-28.573985358972728,15.19227569526054,27.036383214449003,5.83441354428384,1.7881687417523484,3.3608746120960378,11.681721165756258,0.8155741349327077,25.40806888450425,0.0,False,UNSTABLE_AFTER_LIFTOFF,631,63.10000000000247,1,729317.2320128249,1322.6715586217658,4342.314853205542,375.29487786647775,dry,0.9698496150746124,5.479605677845412,-0.4019589011942122,0.0,0.0,-1.2692469519925256,1014.3766183451336,0.988572336037026,53.39999999999697,2634.902465918613,,,144.8749265352731,3.1491929143036828,-134.50534062945314,127.8233265778683,138.04919270409778,1804554973,66.79905324292439,1.8679986279254448,12.777225369897764,11.750243814168376,8.457236439937015,0.8489911103114784,0.9447578742911068,0.0,0.0,-6.30999999999991,-16.182011882811945,-0.0932217091708019,-0.6091434058799892,0.0,-0.4876935456763987,-38.33742129488906,0.0,-70.0,300254
-34.60267601429729,19.73318679590103,30.037445748461963,13.10378781145532,-0.5484789190658005,0.1325397695852803,11.198584373086712,0.7348460581841422,5.92180800901491,0.0,False,RUNWAY_EXCURSION,798,79.80000000001576,1,744202.058059023,1331.149291759802,4450.152350429182,335.25198064961774,dry,0.9714425387677308,4.219664200924415,0.5531942148310329,0.0,0.0,2.4898336366163125,1011.5010238536638,0.9899304811166284,,,,,102.83392904858728,1.095662694048258,-1.6146817800646929,130.14893699939583,140.5608519593475,1478428095,79.4461785344005,1.928829423725973,18.155396765065607,13.197417478718377,2.7855045649732477,0.0,0.3286988082144776,0.0,0.0,-7.979999999999874,-34.52668128614377,-1.967578816060617,-1.0986127770586978,0.0,-2.7633709648261267,-42.10845774530614,0.0,-60.0,301052
-9.59266430595374,16.434190763651728,29.3321828428095,6.4631368341466215,-0.2035359654241161,-0.2516661470372341,8.45045911513401,0.7792208498122456,15.947564478677862,0.0,False,UNSTABLE_AFTER_LIFTOFF,833,83.30000000001854,1,727704.6956220246,1325.82326140978,4730.509394744519,313.88465396087827,dry,0.9850215464907892,5.1088182074800095,-0.3559468732094126,0.0,0.0,-0.6458637534153864,1011.8193557877664,0.990109395017234,78.90000000001504,4383.202004192513,,,152.5651095191393,12.24576198357721,-411.4272516752046,127.9820118418461,138.2205727891938,1511830742,93.68976912447437,6.82924062968704,18.017577876541225,13.696072377496964,7.333102330554576,0.473894087110295,3.6737285950731615,0.0,0.0,-8.329999999999867,-24.99764750052529,-0.3115268351847052,-0.6275192322037485,0.0,-1.7703333804887422,-47.26902237848869,0.0,-70.0,301885
-39.86194109046159,12.88191543769829,23.40673959106609,13.05521569960449,3.1135985496119445,4.749387065320697,6.281775558031002,0.8510324347416559,34.32730579466133,0.0,False,UNSTABLE_AFTER_LIFTOFF,500,49.999999999997165,1,755344.5095394328,1331.8659713459597,4518.511612146725,178.95931983965184,dry,0.984648955560021,6.6732798448676505,0.7469429694891958,0.0,0.0,-0.2310389811023823,1015.955380949988,0.9942032807314088,41.79999999999763,1647.4759346161577,,,139.64978120924536,7.241171413622624,-539.822371900041,130.21803614936923,140.6354790413188,835202397,44.64173430131428,1.88221939580815,9.895596907573236,12.567320315472015,6.649601731560633,1.1635852959402662,2.1723514240867883,0.0,0.0,-4.999999999999938,-9.219096963556083,-2.0993450209439746,-0.2048004785866321,0.0,-0.0522910702182832,-32.25881692891191,0.0,-70.0,302385
-59.6130348142239,11.31988624407021,30.103577352324308,0.3155533715102991,-2.552405600453897,-2.580297853572692,6.197622413289553,0.8375094636892665,0.7674131802486954,0.0,False,RUNWAY_EXCURSION,260,25.99999999999853,1,691395.6188833638,1324.5845445323753,4246.445334723987,165.60254036167177,dry,0.9983343235557208,4.104118810730679,1.1966570405455164,0.0,0.0,0.303883081554166,1014.2579390894292,0.9947792819611088,,,,,98.52022363482386,0.7674131802486954,5.948852765870569,124.803879571342,134.78818993704937,1879383516,9.746651370420825,2.111501505598698,2.9045236676333888,8.298817178352833,0.0,0.0,0.2302239540746086,0.0,0.0,-2.5999999999999885,-3.701817154495488,0.0,-0.1235317804015786,0.0,0.0,-16.47940355540722,0.0,-60.0,302645
-64.26629798080991,12.47193739306971,30.05702781970152,0.3527155444631923,-2.7304995913569106,-2.764669066979212,9.182404439123845,0.8330400138156221,0.5985605199629163,0.0,False,RUNWAY_EXCURSION,265,26.4999999999985,1,744864.8691227916,1328.359274049693,4526.705270353086,484.7778448961024,dry,0.971981324718146,5.1218143603421415,-3.84659848015368,0.0,0.0,-1.8174077567851752,1012.4697715561856,0.9854326915942272,,,,,91.78421069210802,0.5985605199629163,5.562543089881,129.1766128517411,139.5107418798804,290117534,8.603829087145805,1.3682855887986822,2.2242054317020377,8.011035942082321,0.0,0.0,0.1795681559888749,0.0,0.0,-2.6499999999999875,-4.580060435468044,0.0,-0.6239584801482542,0.0,0.0,-16.79920327091134,0.0,-60.0,302910
-63.32715030714324,13.266985608125774,30.092175876469494,0.5525645369181983,-2.590391977637884,-2.624741754567338,9.03830632984659,0.7877083766971876,0.4955084902874489,0.0,False,RUNWAY_EXCURSION,202,20.19999999999885,1,701572.24056962,1329.1156762672567,4776.478933006908,161.2443235600643,dry,0.990429716645093,0.7997736626323766,3.096124508099911,0.0,0.0,-0.9336092577234164,1014.973531530505,0.9948965783923136,,,,,84.58516796369813,0.4955084902874489,5.3229350123976005,125.40482236719994,135.4372081565759,1243185673,6.404964475336311,0.9554152419022582,1.3142062501171798,6.356771665379517,0.0,0.0,0.1486525470862346,0.0,0.0,-2.020000000000001,-3.9505119154995207,0.0,-0.6627729796518009,0.0,0.0,-11.87387559181342,0.0,-60.0,303112
-63.32681511339736,12.664195006105434,30.031369834269128,0.5185235105471102,-2.8652457400463454,-2.8964366559586434,6.446344881072935,0.805333208235761,0.4541381255084786,0.0,False,RUNWAY_EXCURSION,218,21.79999999999876,1,762986.0211149269,1328.584187442532,4363.628478405769,133.80117782943697,dry,0.992714856139291,7.787579049327216,-3.0739993539129555,0.0,0.0,0.2927824850428893,1012.6548520128596,0.9957263611692369,,,,,82.70109354849417,0.4541381255084786,4.464066429079505,131.20735842815475,141.70394710240714,1549384411,6.833074717838877,0.86483805772063,1.5567602159945468,6.86209604428069,0.0,0.0,0.1362414376525436,0.0,0.0,-2.179999999999997,-3.8848044514756825,0.0,-0.3366375368890921,0.0,0.0,-13.178383598519895,0.0,-60.0,303330
-62.37117995179143,13.419613293592503,30.14254019558,0.3143198333610448,-2.6982823575034027,-2.732110855362525,6.719474593785332,0.7832947639825706,0.567671176572361,0.0,False,RUNWAY_EXCURSION,217,21.699999999998766,1,707590.3509796939,1323.5376458916217,4242.4480399524045,188.8892610500245,dry,0.954256861658458,3.6115099348671738,0.881359985967404,0.0,0.0,-1.043628367450072,1010.5837753677076,0.994076646750234,,,,,88.67614129907228,0.567671176572361,5.336493399205491,126.19059637713409,136.2858440873048,1815655708,7.407937434235658,0.7210198981015482,1.7541998457803512,6.934440381262351,0.0,0.0,0.1703013529717083,0.0,0.0,-2.1699999999999977,-4.342074060672833,0.0,-0.3099495502482869,0.0,0.0,-12.537055253221906,0.0,-60.0,303547
-62.98736145759865,12.886250464665542,30.10867619759393,0.4162743579487666,-2.9894674132593746,-3.0485603150394205,9.734180262815793,0.7578511223836301,0.3863016257096774,0.0,False,RUNWAY_EXCURSION,202,20.19999999999885,1,753738.3139924809,1322.7591188152423,4581.259840840201,234.346705671357,dry,0.9525466739390004,2.606711801409777,-2.746634311832441,0.0,0.0,-1.8604089268056745,1015.7534941767811,0.9927494001392352,,,,,79.08441131426126,0.3863016257096774,4.483983182349487,129.7238112837669,140.10171618646828,1128189815,6.092585311610283,0.853997513208427,1.2993027004264406,6.304975007288751,0.0,0.0,0.1158904877129032,0.0,0.0,-2.020000000000001,-3.727022345521642,0.0,-0.6442178911226625,0.0,0.0,-11.26287224120116,0.0,-60.0,303749
-64.5068813341684,14.87315011715923,30.08632414095892,0.7314188882430631,-2.369071008265825,-2.3959827735141657,8.957429128244737,0.8277847438377846,0.6792346741487449,0.0,False,RUNWAY_EXCURSION,251,25.09999999999858,1,677189.4182653477,1325.6965864100328,4688.232158534734,321.5681525382317,dry,0.9509981006060716,6.953964430523606,-2.4350427298955064,0.0,0.0,4.840431681801765,1012.9334429287544,0.9904008254757978,,,,,91.03412671494893,0.6792346741487449,4.7589922963433295,124.56388147869444,134.52899199699002,806201099,8.904580315909856,1.1642825678023767,2.26088632876528,7.944274693100245,0.0,0.0,0.2037704022446234,0.0,0.0,-2.5099999999999905,-6.16931768847733,0.0,-0.6047390717371541,0.0,0.0,-15.700618881776304,0.0,-60.0,304000
-64.81754572140048,11.754047136856617,30.066834929287637,0.5305275186081634,-2.877454490688539,-2.908688210213528,7.984735973406528,0.8189339553823274,0.3757295214422242,0.0,False,RUNWAY_EXCURSION,245,24.49999999999861,1,751427.7383977525,1326.5240002629037,4659.479808698109,346.49160495046635,dry,0.9540687487286212,1.467222720608082,1.3205779020749104,0.0,0.0,4.233929263857925,1012.4672365606596,0.9896803229167326,,,,,76.6399394014484,0.3757295214422242,3.887993386043842,131.10844256564707,141.59711797089884,666239354,6.774280023921901,1.515144349699315,1.4852253310366967,7.297276406385301,0.0,0.0,0.1127188564326673,0.0,0.0,-2.449999999999992,-3.7609575448205073,0.0,-0.678430428390787,0.0,0.0,-15.112802715665053,0.0,-60.0,304245
-67.1764025588978,13.766741913943497,30.20726528469489,0.6271446416259852,-2.340669215798388,-2.375562838628841,8.610717340230737,0.8034202679651513,0.693750579991331,0.0,False,RUNWAY_EXCURSION,292,29.199999999998347,1,692201.1348421924,1330.862850993447,4536.818725989041,227.65906743099112,dry,0.9675054611202732,6.04606313192653,1.019461967554332,0.0,0.0,0.1041289159094063,1012.1814242252476,0.9929669236188972,,,,,94.04216083423964,0.693750579991331,6.215988209099912,124.96129800560442,134.9582018460528,908297867,8.992225896536016,1.3348099565971612,2.176376020555673,7.788052221023958,0.0,0.0,0.2081251739973993,0.0,0.0,-2.9199999999999817,-6.148974379348615,0.0,-1.014842827859196,0.0,0.0,-17.592174620400186,0.0,-60.0,304537
-62.7941268759578,11.46729012241429,30.008680641432477,0.324996901403297,-2.585745914540606,-2.6315019712724843,7.252829095302291,0.7856090241069095,0.4574435247021711,0.0,False,RUNWAY_EXCURSION,218,21.79999999999876,1,677982.4567523138,1325.3671191728895,4416.194167296779,284.2870130478178,dry,0.95291269803912,4.028182510659616,-3.1492075490138465,0.0,0.0,4.75450374823229,1011.8099513989832,0.9914641349505344,,,,,82.27025313302522,0.4574435247021711,5.351759318472009,124.68768647975764,134.66270139813824,1043323488,6.295325782710248,1.3455166447700058,1.2674421914374914,6.895796093037871,0.0,0.0,0.1372330574106513,0.0,0.0,-2.179999999999997,-3.185191768872582,0.0,-0.5477517330799025,0.0,0.0,-12.822497143371566,0.0,-60.0,304755
-63.35119102294159,11.299205574486905,30.0280311847716,0.6080392241750026,-2.716419807429479,-2.758130882026033,8.315891479485312,0.7802210230576364,0.3824794191551461,0.0,False,RUNWAY_EXCURSION,209,20.89999999999881,1,711753.8324849771,1324.999707462479,4293.99183341779,122.02315751127765,dry,0.966219354405664,6.940600771025348,2.36610018952746,0.0,0.0,-2.9974223334959325,1014.6563586544808,0.9960182399397054,,,,,77.46289078048878,0.3824794191551461,4.9079594234235735,125.87655673121004,135.94668126970686,1543657888,5.729077974325262,1.3209637488592525,0.8911303065634184,6.54444980228992,0.0,0.0,0.1147438257465438,0.0,0.0,-2.0899999999999994,-2.9648286380482034,0.0,-0.8286237566631334,0.0,0.0,-12.068104286014618,0.0,-60.0,304964
-63.20971963253764,15.836096897924584,30.12543000008093,0.6982786792060509,-2.380007996883767,-2.4040710069124858,6.141421271949201,0.7931223370445271,0.7988421464459634,0.0,False,RUNWAY_EXCURSION,256,25.599999999998552,1,716797.5934842625,1326.5106939808145,4320.814245689384,82.81643229202373,dry,0.9705078649633084,7.841228015846595,-0.0330407845279756,0.0,0.0,-0.2809860769031269,1015.7383283810562,0.9971837532653324,,,,,98.35477527261348,0.7988421464459634,5.576433951587916,126.8544177394654,137.00277115862264,1910160578,10.046939396876043,0.8864463676295055,2.496660167285101,8.359895856941591,0.0,0.0,0.239652643933789,0.0,0.0,-2.5599999999999894,-7.133353669986322,0.0,-0.354379356822173,0.0,0.0,-15.191581038395183,0.0,-60.0,305220
-64.57421263230265,11.975249523807811,30.210435757658487,0.5333013083696447,-2.5636102567216192,-2.5980989254542317,7.332732700024579,0.83397372956817,0.4407118334445954,0.0,False,RUNWAY_EXCURSION,235,23.499999999998664,1,689085.9329349472,1327.291276440552,4231.608004162786,282.6463351945323,dry,0.9613737140698748,4.583583300611018,3.187700705784547,0.0,0.0,1.457100746035767,1014.5555140473712,0.9914121911054954,,,,,79.95016821770729,0.4407118334445954,4.5160984638440205,124.82574723233928,134.81180701092643,156652360,6.720982221295053,1.2504055032018733,1.5018352749228936,7.231418867750952,0.0,0.0,0.1322135500333786,0.0,0.0,-2.349999999999994,-3.7445056968892154,0.0,-0.4988774912575555,0.0,0.0,-14.817684861360034,0.0,-60.0,305455
-65.33707171595483,12.337033286857285,30.242572203082865,0.5065967010782023,-2.8072408861644265,-2.842850139527225,7.157461333495686,0.8015421691148175,0.3681863875368236,0.0,False,RUNWAY_EXCURSION,230,22.999999999998693,1,754867.8493125115,1329.6319357688017,4300.1366505431615,85.49065172561804,dry,0.9851288110935856,0.2683180560884635,-2.1405407173164868,0.0,0.0,-0.7342769776288627,1014.816477696131,0.9971332294332604,,,,,78.03093942370326,0.3681863875368236,4.559091501750281,130.13609107549422,140.54697836153375,2005843176,6.130084039776201,0.7058211193168143,1.2909103046226122,6.951105096473999,0.0,0.0,0.1104559162610471,0.0,0.0,-2.299999999999995,-3.889616641537297,0.0,-0.4955305330999041,0.0,0.0,-13.840301017768317,0.0,-60.0,305685
-63.55781435986443,12.261933346227003,30.154027982475323,0.6421004951149597,-2.798432045077261,-2.8347519883982155,8.937793385116477,0.7620628025252342,0.3604335386568777,0.0,False,RUNWAY_EXCURSION,219,21.899999999998755,1,722034.7638081794,1322.2587610687306,4558.695728887509,197.47931532132836,dry,0.9556243814320148,5.528531092577532,-1.101757820278657,0.0,0.0,1.4222839608240827,1014.5360442843088,0.9938860905475794,,,,,77.16121901287293,0.3604335386568777,4.795070761058717,127.76873541675596,137.99023425009645,1141051469,6.098585977282189,1.28122529562897,1.1309918268820571,6.911453449119586,0.0,0.0,0.1081300615970633,0.0,0.0,-2.1899999999999973,-3.658638561757968,0.0,-0.947803834711243,0.0,0.0,-12.291758573905076,0.0,-60.0,305904
-63.02089400007144,12.226818561837923,30.20702909984662,0.3176657828339896,-2.682893067093046,-2.718112733671044,7.479877141799703,0.8135285386492586,0.4780399109013729,0.0,False,RUNWAY_EXCURSION,221,22.099999999998744,1,708531.2060693636,1328.9301369334198,4798.66701114718,274.6376042830458,dry,0.9829874280888286,2.239855241737072,1.3807382680959797,0.0,0.0,-0.3746802985635806,1011.9861144058352,0.9915971116198048,,,,,83.76731728213193,0.4780399109013729,5.207234456182874,126.3338624988566,136.44057149876514,768359333,6.810504685322492,1.2424091382594555,1.5297330553614616,7.061329871886428,0.0,0.0,0.1434119732704118,0.0,0.0,-2.209999999999997,-3.670935040427453,0.0,-0.4582250676238265,0.0,0.0,-13.4691226161204,0.0,-60.0,306125
-65.25978616616567,11.1836784165851,30.026671873365736,0.4395154689609297,-2.544414753806868,-2.5827647510468896,7.981640333128151,0.8467367314727073,0.3593822272090961,0.0,False,RUNWAY_EXCURSION,239,23.89999999999864,1,692514.330829694,1330.9132370713835,4432.8737152098765,271.8567963060636,dry,0.9562507560276776,5.53996396362506,2.940870062444846,0.0,0.0,3.8534469640705034,1014.627426669226,0.9918075933216732,,,,,76.38584944612225,0.3593822272090961,5.132069705017646,125.6480809655136,135.6999274427547,1444696807,6.34430746569922,1.4376711978689192,1.3397352624106322,7.177694825145756,0.0,0.0,0.1078146681627288,0.0,0.0,-2.389999999999993,-3.321427159912929,0.0,-0.6407234103167437,0.0,0.0,-15.31485901522324,0.0,-60.0,306364
-62.791674411872734,17.008350774022066,30.134234475156493,0.4207782398306753,-2.376284408230814,-2.4213714828781154,7.76640888705031,0.8076599005787143,0.9988900389677012,0.0,False,RUNWAY_EXCURSION,280,27.999999999998412,1,712756.8822129733,1324.4552431419474,4387.891964329022,87.02415714705192,dry,0.9800222543772142,0.95851496246435,1.7470897356203974,0.0,0.0,2.193739747958149,1015.0205756439788,0.997091366541084,,,,,108.47473157430856,0.9988900389677012,6.359959339894683,127.08383356817704,137.2505402536312,1227350964,12.860859106089102,1.2606521481616932,2.6656031214483047,9.451378049334416,0.0,0.0,0.2996670116903105,0.0,0.0,-2.7999999999999843,-8.99994654384551,0.0,-0.6265930340750915,0.0,-0.0055684181744694,-16.897725852501498,0.0,-60.0,306644
-63.068244466758,12.548660541102032,30.062860805859625,0.4157084666166163,-2.742865225338999,-2.776304112813055,6.892183957631819,0.8060714555037273,0.4860699815448299,0.0,False,RUNWAY_EXCURSION,222,22.199999999998735,1,704061.060285945,1324.904221314485,4284.159792169636,178.73622633377673,dry,0.9587261016796516,5.387305703044686,1.6406363182375077,0.0,0.0,1.8331485851017983,1011.6298555488124,0.9944287537694247,,,,,83.88265207396459,0.4860699815448299,4.732918746552581,126.43913364977078,136.55426434175246,546762614,6.9865627064341576,1.1284042338471385,1.4741265083448345,7.098242262175385,0.0,0.0,0.145820994463449,0.0,0.0,-2.2199999999999966,-3.884232407270008,0.0,-0.4448427924499297,0.0,0.0,-13.352325972303037,0.0,-60.0,306866
-64.0022155913001,12.897621142855805,30.050469312394693,0.4887181361621898,-2.86727420013826,-2.900970147530796,8.50741877372636,0.8045123323645011,0.4243939800889222,0.0,False,RUNWAY_EXCURSION,227,22.69999999999871,1,752753.2081323965,1326.2186312929305,4406.4863373876,179.20613158085231,dry,0.9844620625915576,5.31783903154128,-0.2488416586829145,0.0,0.0,1.040698928465229,1014.5485885028426,0.994427704209346,,,,,81.91785119454059,0.4243939800889222,5.017420266300015,130.3715502296781,140.80127424805235,691209253,6.81081278098606,0.9607509652690444,1.5484007043114445,7.217111038029417,0.0,0.0,0.1273181940266766,0.0,0.0,-2.269999999999996,-4.195682141092614,0.0,-0.5567458121534881,0.0,0.0,-13.644181320676644,0.0,-60.0,307093
-65.8446080234817,12.084336380556596,30.05455029276164,0.2892589742414356,-2.724448621596636,-2.7693256797786314,9.229821463833051,0.821861890137808,0.3227950128309089,0.0,False,RUNWAY_EXCURSION,227,22.69999999999871,1,703061.5980806949,1328.9455928360726,4282.337494364736,413.1496241203308,dry,0.9879310678052848,4.9203356784946015,3.6766346982982543,0.0,0.0,3.236835522265861,1013.376989134516,0.9877282521653942,,,,,71.62734927587206,0.3227950128309089,3.7976073362260183,126.54556230897374,136.66920729369164,1545136976,5.828692215627293,1.2132327954342863,1.0798686515976033,6.828662542862935,0.0,0.0,0.0968385038492726,0.0,0.0,-2.269999999999996,-3.68323101857408,0.0,-0.9772299452263308,0.0,0.0,-13.961441769052668,0.0,-60.0,307320
-65.90492502594918,12.498334565296595,30.190718170216208,0.3066718683588004,-2.957826481753665,-3.1156901401603267,9.142775573104808,0.8012587252439874,0.223267208716777,0.0,False,RUNWAY_EXCURSION,220,21.99999999999875,1,755840.3127444648,1324.9598778473023,4623.709413720035,428.6473733584243,dry,0.9875200920009894,4.4338579660844735,-0.5630500035292361,0.0,0.0,-0.5969034113348917,1015.1839587794047,0.9871390279892848,,,,,66.89185076982093,0.223267208716777,3.2176586405105567,130.22742816955306,140.64562242311732,1276249595,5.383786985774461,0.8769148380737918,1.0188698053446898,6.808021649834896,0.0,0.0,0.0669801626150331,0.0,0.0,-2.199999999999997,-3.818426746593254,0.0,-0.9444072935445726,0.0,0.0,-13.096664427454224,0.0,-60.0,307540
-63.86189974571051,12.45591380074612,30.08799551501049,0.2240116193203489,-2.690262689164915,-2.7250084930737635,8.144775441609665,0.8258382486068488,0.4299774687912077,0.0,False,RUNWAY_EXCURSION,207,20.699999999998823,1,688461.5779178345,1325.850433147319,4749.969478853962,55.44829731352624,dry,0.95353783494923,2.1555534219461245,1.4636343216585552,0.0,0.0,-2.2398586516491736,1013.556873001379,0.9979751812920172,,,,,81.19143614706127,0.4299774687912077,5.164726529232873,124.03131831007556,133.9538237748816,1083230752,6.28542786738466,0.8630464247136885,1.2811158550135693,6.567825313156264,0.0,0.0,0.1289932406373623,0.0,0.0,-2.07,-3.568445138067206,0.0,-0.4810862547673151,0.0,0.0,-12.86877705378152,0.0,-60.0,307747
-62.538737734071326,12.670002800528072,30.11704194952147,0.3193414150125988,-2.698689561164425,-2.731317720380213,7.124165690911202,0.7715132563886511,0.4088500321185506,0.0,False,RUNWAY_EXCURSION,213,21.29999999999879,1,701955.5457873151,1327.3878856079073,4753.419306165094,343.90727712893744,dry,0.9940486674598058,6.2291954923809145,-2.096856651447603,0.0,0.0,2.368686545368707,1015.3942738878744,0.9896753192800104,,,,,78.4153588897916,0.4088500321185506,4.394562006118772,126.13199734292031,136.22255713035395,725658830,6.504818940939816,0.9244132892894404,1.4868064676569108,6.78965190449691,0.0,0.0,0.1226550096355652,0.0,0.0,-2.1299999999999986,-3.799185646180879,0.0,-0.3981863163509782,0.0,0.0,-12.039711383558108,0.0,-60.0,307960
-64.054683986928,12.611065034540104,30.007563510326925,0.5117492989185206,-2.6641731850988397,-2.7005808473447,7.5058865798866,0.8023852620942467,0.3447929065842174,0.0,False,RUNWAY_EXCURSION,208,20.799999999998818,1,685725.3118943293,1326.6069320384152,4500.766956401809,217.2120604925936,dry,0.9793106534378272,3.190959835890093,-1.853583588301716,0.0,0.0,1.519499783917461,1010.3554740516234,0.9933231185163904,,,,,74.67279028840628,0.3447929065842174,4.578561633756024,124.79298208008152,134.77642064648805,1633503581,5.946086218641857,0.7319493797116167,1.1776314297616737,6.611433920668176,0.0,0.0,0.1034378719752652,0.0,0.0,-2.08,-3.675567105724799,0.0,-0.4795623786661562,0.0,0.0,-12.39009332329562,0.0,-60.0,308168
-63.78267472029808,12.53451537407684,30.13817768327545,0.3335557417421513,-2.758992025186281,-2.7942227420100565,8.485318970223084,0.8045263065715376,0.4277465902996198,0.0,False,RUNWAY_EXCURSION,233,23.29999999999868,1,718152.1709495658,1328.9253701428393,4343.874871181526,128.42763148164295,dry,0.9746187088924032,2.850379887303194,2.230270063175116,0.0,0.0,1.6619776716559684,1010.8925003571744,0.9959035477298104,,,,,81.2452262814092,0.4277465902996198,4.852205365961488,127.70700032368096,137.92356034957547,840995399,6.968835811171805,1.2708168310316852,1.4801563596771643,7.382466267760805,0.0,0.0,0.1283239770898859,0.0,0.0,-2.3299999999999943,-4.067508847719077,0.0,-0.6710042979640564,0.0,0.0,-13.9447608213463,0.0,-60.0,308401
-68.32903142613854,11.537728828551597,30.242684532258732,0.3508841546018093,-3.0004577153191567,-3.15543632156543,8.364300979466769,0.8026771865673923,0.2325609241646304,0.0,False,RUNWAY_EXCURSION,268,26.799999999998484,1,760753.0924766371,1323.4191112687804,4713.440556930882,47.63976204664433,dry,0.9658639867816844,5.595596481790173,-0.3107736167297728,0.0,0.0,-2.693210077891959,1014.8270988248664,0.9982361461714304,,,,,69.16589463152816,0.2325609241646304,3.725124925283687,130.1957511146356,140.61141120380648,704750836,5.8271853005539525,0.94026968075284,1.0688073204526312,7.075100404711486,0.0,0.0,0.0697682772493891,0.0,0.0,-2.679999999999987,-3.9639935541865623,0.0,-0.8072020950315877,0.0,0.0,-15.858966760640678,0.0,-60.0,308669
-66.78160305817808,12.062352250187727,30.122672335231925,0.4267114549232932,-2.832647371929179,-2.8931372677279708,8.963066128418903,0.8014043717264379,0.2714861509901425,0.0,False,RUNWAY_EXCURSION,265,26.4999999999985,1,713823.7233565932,1324.3995881912151,4653.819704425743,304.6718670890094,dry,0.9588077499666064,1.9309523465043488,-3.795132955227915,0.0,0.0,-2.3358822658258926,1010.079951361703,0.9906665501728468,,,,,68.78385874739348,0.2714861509901425,3.4656550184073787,126.49117846783048,136.6104727452569,1911849612,6.509155469625166,1.290508802469332,1.424291678020252,7.586533664144641,0.0,0.0,0.0814458452970427,0.0,0.0,-2.6499999999999875,-4.284176731001819,0.0,-0.9075976705434972,0.0,0.0,-15.831764116189186,0.0,-60.0,308934
-63.83252260579391,12.610897182378675,30.189110766711877,0.4349826645371795,-2.8116857521788874,-2.867653116886494,8.547462683131105,0.7606240047348872,0.2380124819744082,0.0,False,RUNWAY_EXCURSION,219,21.899999999998755,1,720061.3873262255,1326.870624855272,4346.406014083398,117.990157841093,dry,0.9601107447170614,3.4074232332981733,-2.732460030805322,0.0,0.0,2.655029988687888,1010.4890042821444,0.9962166311779336,,,,,64.39530495865935,0.2380124819744082,2.468490337099105,128.1211150379598,138.3708042409966,566779217,5.929520123704966,1.0087813729603758,1.1194881506404133,6.95590860674024,0.0,0.0,0.0714037445923224,0.0,0.0,-2.1899999999999973,-3.8698450417834778,0.0,-0.6953366722451498,0.0,0.0,-12.162442890403604,0.0,-60.0,309153
-65.64827355460801,12.790520002267725,30.12364965503012,0.5564211389830235,-2.7543110933531003,-2.773228648353719,7.8045245273895505,0.7979092663803767,0.3061737082976776,0.0,False,RUNWAY_EXCURSION,258,25.79999999999854,1,701383.2751471224,1325.106889062787,4210.995974395411,127.89858407970527,dry,0.9689365571913368,4.804030676715858,-2.4763109233600598,0.0,0.0,-2.879059687818798,1010.3179180481688,0.995851080812322,,,,,66.2456077729582,0.3061737082976776,1.8260613471495724,125.250142663687,135.27015407678198,487817217,7.317519435499105,1.1893173458658224,1.7803821134302005,7.143394909014956,0.0,0.0,0.0918521124893033,0.0,0.0,-2.579999999999989,-4.689792188614441,0.0,-0.5734111084141192,0.0,0.0,-15.327536173878828,0.0,-60.0,309411
-65.5377425976733,12.219064887439323,30.12082212764196,0.4145683184366275,-2.745834534702875,-2.8060215377081983,7.743193572405196,0.8317268300387596,0.3059833496300967,0.0,False,RUNWAY_EXCURSION,240,23.99999999999864,1,718560.7370414163,1330.5534242331382,4736.139329947559,104.01688075209908,dry,0.9825877456291,2.816251826859083,-0.5307283937911174,0.0,0.0,0.0054984643691335,1015.254801889526,0.9965946887850392,,,,,69.64913403747838,0.3059833496300967,2.870228383018887,127.10377757930252,137.27207978564672,1533673821,6.504917810442445,1.1830029284345691,1.4916503232222538,7.176801696491008,0.0,0.0,0.091795004889029,0.0,0.0,-2.399999999999993,-3.9814812459587374,0.0,-0.5503382729400371,0.0,0.0,-15.05409084225382,0.0,-60.0,309651
-62.17660751637653,12.811022317224548,30.04385483424216,0.2768330414936948,-2.513194013053638,-2.5455332053395945,7.715738509173468,0.8122785760738228,0.567643598253234,0.0,False,RUNWAY_EXCURSION,225,22.49999999999872,1,674965.3590499621,1327.474228169262,4386.224976845017,43.89071065672756,dry,0.9933808183820632,3.0671604476790595,3.3749988639721518,0.0,0.0,0.5753653963704899,1012.2405811701526,0.9983189273145674,,,,,87.99096630631041,0.567643598253234,5.427360459884749,123.49293913669796,133.3723742676338,1338284201,7.653968007400866,1.333146218753968,1.803649967768007,7.312879203657788,0.0,0.0,0.1702930794759701,0.0,0.0,-2.249999999999996,-4.103057320310637,0.0,-0.4171223418447997,0.0,0.0,-13.68036433127768,0.0,-60.0,309876
-62.44729633407883,13.686714676546408,30.13739421728607,0.270325565471827,-2.592315730923488,-2.618017846833129,6.681836143242055,0.8178558004113423,0.5426768667990132,0.0,False,RUNWAY_EXCURSION,226,22.599999999998715,1,684648.2503056813,1327.841068668002,4328.563735683623,209.8072803261214,dry,0.9589153569659667,7.529903486153636,-0.9764330922205308,0.0,0.0,1.799170446729477,1015.905186514952,0.9935368712787184,,,,,85.15126978736883,0.5426768667990132,3.895210601518056,124.41389452534156,134.3670060873689,104252791,8.014197685980369,0.8703837684963223,2.171019129440799,7.333810873051839,0.0,0.0,0.1628030600397039,0.0,0.0,-2.259999999999996,-4.703967983556123,0.0,-0.2376715948556252,0.0,0.0,-13.797871272676115,0.0,-60.0,310102
-63.55054891907315,13.109522366664011,30.12509145801288,0.4007385888427738,-2.97456452552128,-3.034760136171882,7.076017831483727,0.7832804278868466,0.3455427993750106,0.0,False,RUNWAY_EXCURSION,213,21.29999999999879,1,767061.6246864377,1326.1245071548549,4642.360388857939,80.06030045969781,dry,0.9825938632586608,5.576189265728536,1.2905222257499829,0.0,0.0,4.243407572555348,1011.514928719562,0.997337071949184,,,,,73.53985211511161,0.3455427993750106,3.0024551884700124,132.52980381614415,143.1321881214357,180421576,6.4603557808729,0.7414499331474736,1.4297245265305771,6.610060172195832,0.0,0.0,0.1036628398125032,0.0,0.0,-2.1299999999999986,-4.067343314808848,0.0,-0.4001663579480193,0.0,0.0,-12.298292498875565,0.0,-60.0,310315
-63.569977492287954,13.030831558987172,30.25781931952856,0.3899679095046791,-2.8425415786884067,-2.863284412847572,6.134783370594956,0.8000150151573558,0.395678892179319,0.0,False,RUNWAY_EXCURSION,218,21.79999999999876,1,724586.3442901232,1325.5076537425628,4516.88200112384,284.15515226880007,dry,0.9892532601547148,0.9553669003214916,-0.366013422047915,0.0,0.0,-2.5342357858461373,1011.5674944975476,0.9912565308169352,,,,,75.03024259906141,0.395678892179319,2.534353035962944,127.30325671268884,137.48751724970396,809899613,6.749348065349915,0.7026370491565133,1.5597292111815342,6.815052653084283,0.0,0.0,0.1187036676537957,0.0,0.0,-2.179999999999997,-4.112995611541748,0.0,-0.2918651910853929,0.0,0.0,-12.930587336086855,0.0,-60.0,310533
-62.41027415649383,12.496204998763949,30.241170774639706,0.6578364383434113,-2.8855861049831817,-2.912008897296232,6.068099828511104,0.7756914179227508,0.4568580017201498,0.0,False,RUNWAY_EXCURSION,228,22.799999999998704,1,737615.6915536642,1322.0267416904485,4736.259501629334,284.6040693892942,dry,0.9682344805955112,7.479890619595422,1.839128738996139,0.0,0.0,4.306090032124774,1012.2988067867363,0.991450978986189,,,,,79.56340147103876,0.4568580017201498,3.093407260494061,129.9247329872357,140.31871162621457,1788089690,7.372795480878548,1.0359831892839255,1.709655929681995,6.881966479616963,0.0,0.0,0.1370574005160449,0.0,0.0,-2.279999999999996,-3.955930197402036,0.0,-0.2628308841817815,0.0,0.0,-13.048971554887482,0.0,-60.0,310761
-61.90489550721663,13.122089434388757,30.1004113832971,0.5353768143224408,-2.6348297219229297,-2.647331221261919,5.927032668263527,0.8133918453265236,0.5441200015953314,0.0,False,RUNWAY_EXCURSION,222,22.199999999998735,1,674613.8815382108,1324.1901558510638,4420.607175647359,472.5702043089848,dry,0.9918833330205608,3.3015541978062077,1.26396924043422,0.0,0.0,3.6777069727112375,1014.5341741397316,0.9860406436791368,,,,,81.23625965065993,0.5441200015953314,1.4716253040627336,123.98191638375468,133.90046969445504,860813095,8.314828342554545,1.1637120612662142,2.136824678994598,6.480475393266194,0.0,0.0,0.1632360004785994,0.0,0.0,-2.2199999999999966,-4.247334367727729,0.0,-0.1783262489090247,0.0,0.0,-13.518311367140024,0.0,-60.0,310983
-64.23370480248677,12.499936576299262,30.10074872050247,0.3895297158907742,-2.7591413561962748,-2.8233627565839305,5.893067483703265,0.8349002144255099,0.3757865052377269,0.0,False,RUNWAY_EXCURSION,224,22.399999999998727,1,693589.3019086194,1324.796604348469,4435.571218302177,468.75479490405706,dry,0.9680032425869578,7.870143243957923,-3.607847117427524,0.0,0.0,2.2794396245634854,1012.2991400688072,0.9860914866863696,,,,,71.0902848321921,0.3757865052377269,0.7975016419568526,125.5503317466043,135.59435828633266,1690280743,7.0492493435056325,0.8724667256643187,1.7605428160423,6.345396755665287,0.0,0.0,0.1127359515713181,0.0,0.0,-2.239999999999996,-3.888849425352992,0.0,-0.2148767872590546,0.0,0.0,-14.03037018232358,0.0,-60.0,311207
-62.35912425324915,13.200050799872976,30.1633246344043,0.5957310852009012,-2.636197977969923,-2.6525540181028173,5.435960843784717,0.8291512636375556,0.6026816035973752,0.0,False,RUNWAY_EXCURSION,249,24.89999999999859,1,676776.7926343583,1322.26924394312,4234.09169789328,359.056565917069,dry,0.9599193897921224,1.3929792679042858,3.1619806864591387,0.0,0.0,-2.2414622550494974,1010.8993544486352,0.9890711941633732,,,,,85.62469450451381,0.6026816035973752,2.0045186403370963,123.13545478021092,132.9862911626278,679605935,9.148402409895386,1.066785459538966,2.6189978967721457,7.635175906862712,0.0,0.0,0.1808044810792125,0.0,0.0,-2.489999999999991,-4.82067710429862,0.0,-0.1474355573693515,0.0,0.0,-15.55117774572962,0.0,-60.0,311456
-62.06113090195803,13.415698885734876,30.13177538940129,0.6120163371964702,-2.8982566930819624,-2.919655298276333,6.256777735967856,0.8025803212766296,0.5530324054756761,0.0,False,RUNWAY_EXCURSION,252,25.19999999999857,1,769021.9289762,1326.266364399856,4347.051147598442,427.5513885607824,dry,0.9997612011966788,2.989355738020233,2.8126528546149383,0.0,0.0,2.5001213240091635,1011.2028223629871,0.9872911300904548,,,,,86.39552274733938,0.5530324054756761,3.367442323983969,132.32328287319197,142.90914550304734,514041964,8.96320134887196,1.2218704495658983,2.3480613044949297,8.198956331407539,0.0,0.0,0.1659097216427029,0.0,0.0,-2.5199999999999902,-5.039467344595825,0.0,-0.2956973895905488,0.0,0.0,-15.103965323754686,0.0,-60.0,311708
-61.04420642270459,12.697955893723824,30.129849185263893,0.6627180818314351,-2.532144944777312,-2.5560181528392985,5.743152459565566,0.8204150886368146,0.6242143502731778,0.0,False,RUNWAY_EXCURSION,223,22.29999999999873,1,684897.4396506333,1327.158097744541,4466.763301995527,355.9277074910419,dry,0.9580411166959342,3.32156874462215,1.2132577361872712,0.0,0.0,1.1091389413557398,1015.8838791162964,0.9892718193483034,,,,,87.62402017536213,0.6242143502731778,3.197261180371971,124.28967968172044,134.23285405625808,1700138881,8.383035970621396,1.3137938132657652,2.1863959657046528,7.027724298475504,0.0,0.0,0.1872643050819534,0.0,0.0,-2.2299999999999964,-3.995121411667456,0.0,-0.1601436549707359,0.0,0.0,-13.757155709215674,0.0,-60.0,311931
-62.87686804977643,12.3058185841788,30.167519825763364,0.7177779296458312,-2.549938736750304,-2.5897524222797865,6.672579361553229,0.8488306189224789,0.6241657150897524,0.0,False,RUNWAY_EXCURSION,254,25.399999999998563,1,671647.3765473821,1322.2185836438334,4446.044223020414,7.118592996624429,dry,0.9968650060854354,4.9400712438164005,3.2624131074522267,0.0,0.0,-0.382698330971432,1011.4307664779088,0.9993969538358524,,,,,91.18779461258532,0.6241657150897524,5.649016293111284,123.03370168831276,132.8763978233778,1882235552,8.523191262371048,1.4870898872311662,2.218905485777091,8.011477031849763,0.0,0.0,0.1872497145269257,0.0,0.0,-2.53999999999999,-4.273780604531885,0.0,-0.3046825084414605,0.0,0.0,-16.186318318559078,0.0,-60.0,312185
-64.1374534585805,13.01947071567692,30.183181229884116,0.4387735169068584,-2.846944063956684,-2.8782447505838507,6.871549446698598,0.8404027112611424,0.4084477284096692,0.0,False,RUNWAY_EXCURSION,222,22.199999999998735,1,733368.5613056674,1325.4479552910311,4661.2662770960405,443.3118947676968,dry,0.9808643866004004,2.708404155876874,3.819667433833833,0.0,0.0,4.539592500417371,1015.851713482204,0.9869349679206308,,,,,79.30490843916931,0.4084477284096692,4.216383878353334,129.37501483721326,139.72501602419032,170294837,6.964678316453162,0.8127386628187884,1.6225356545837637,7.106530167977059,0.0,0.0,0.1225343185229007,0.0,0.0,-2.2199999999999966,-4.181163237003765,0.0,-0.3469064848023487,0.0,0.0,-14.018400857130064,0.0,-60.0,312407
-60.260425219374135,12.819386601112107,30.013837435755796,0.5033327423179702,-2.3984709931256294,-2.4231742464209725,5.471623479487189,0.8450421003251348,0.8479829018496616,0.0,False,RUNWAY_EXCURSION,271,27.099999999998467,1,701478.755789357,1330.9693735779572,4412.967615614786,364.6303778827167,dry,0.9939505882284984,1.0442405690534962,-0.9073142630211536,0.0,0.0,-1.6554306649675503,1014.24831283179,0.9889133372816276,,,,,99.46174552804872,0.8479829018496616,4.004973565503054,125.28356379806748,135.3062489019129,125773896,10.925889077087662,1.7024761279094842,3.1799332944607333,8.753264818049159,0.0,0.0,0.2543948705548984,0.0,0.0,-2.709999999999986,-4.948359815177486,0.0,-0.1224545676343366,0.0,0.0,-17.295569024624246,0.0,-60.0,312678
-59.84875608681672,13.36255977570548,30.180078936058717,0.5706369540892516,-2.7066317553106045,-2.723273404344542,4.806511279243949,0.8188936892359407,0.7612462977089081,0.0,False,RUNWAY_EXCURSION,268,26.799999999998484,1,743577.459217148,1326.4344467540934,4623.574208330857,375.349430270969,dry,0.9589814176221324,5.366618463660216,2.2055334176764863,0.0,0.0,4.475162092731593,1015.0160180226673,0.9888518784633844,,,,,96.845076433398,0.7612462977089081,3.910260889663455,130.31166112775875,140.73659401797946,1441526998,10.833704281857466,1.4890665448921456,3.1862811207909045,8.863270628017608,0.0,0.0,0.2283738893126723,0.0,0.0,-2.679999999999987,-5.317060556388104,0.0,-0.0872277453330651,0.0,0.0,-16.365164249966355,0.0,-60.0,312946
-61.97823554233116,12.832280746916243,30.01609980263922,0.4224979641816643,-2.818166544855993,-2.846763429280708,7.370411086356381,0.8169632476212373,0.5952687459241588,0.0,False,RUNWAY_EXCURSION,268,26.799999999998484,1,766816.0884925678,1329.186876795651,4715.487291266472,459.6190570435445,dry,0.9622971655168456,4.639809988343425,1.7726643886956204,0.0,0.0,2.561723218216512,1011.257031767495,0.9863787622884216,,,,,89.75563471806144,0.5952687459241588,4.463498429199841,132.14383021567207,142.71533663292584,721805890,9.553194415980292,1.4369530913336592,2.6700028099366477,8.53347413523505,0.0,0.0,0.1785806237772476,0.0,0.0,-2.679999999999987,-4.903430112993057,0.0,-0.3265825649175142,0.0,0.0,-16.44042794068349,0.0,-60.0,313214
-62.45409950487309,12.18077447704806,30.063044097284465,0.3950073864871417,-2.4487238888553144,-2.474694131895395,6.239314829004432,0.850762823510704,0.6591631534638651,0.0,False,RUNWAY_EXCURSION,253,25.29999999999857,1,681457.4446574491,1330.9210880960222,4719.63678656845,74.00679308879576,dry,0.9917402604375702,6.63237648751956,-3.934472145043044,0.0,0.0,-0.9353757648203392,1015.428410631682,0.997437204254942,,,,,90.3961734056336,0.6591631534638651,3.964431476503503,123.56593987208764,133.45121506185464,1231901275,8.77761876635991,1.4012046247138503,2.2829676454113987,8.082937389433676,0.0,0.0,0.1977489460391595,0.0,0.0,-2.52999999999999,-4.170881168417609,0.0,-0.2325222498045579,0.0,0.0,-16.26317345860892,0.0,-60.0,313467
-62.98593910069534,12.419021643887625,30.15051829787636,0.2526532815618215,-2.773390771183499,-2.7987071127817664,6.659324399466438,0.8521270650970049,0.5149254543860025,0.0,False,RUNWAY_EXCURSION,242,24.19999999999863,1,732464.0990035477,1326.850117149541,4460.368519099116,355.8355264290122,dry,0.9964057592135532,6.568689008614532,1.5498108793920171,0.0,0.0,-0.0511360720825013,1011.431175738296,0.9892512698291988,,,,,83.93271776247636,0.5149254543860025,3.664314959910708,128.55724699566855,138.84182675532205,322722697,8.193686210199049,1.2187031269282649,2.0816056786929105,7.754608464517475,0.0,0.0,0.1544776363158007,0.0,0.0,-2.4199999999999924,-4.147129762122947,0.0,-0.276518447098268,0.0,0.0,-15.545372008127634,0.0,-60.0,313709
-61.15344478431155,11.906966978739073,30.164116943951047,0.2615142102878028,-2.787941739551853,-2.8138353748066938,5.850977290974763,0.8237148905528408,0.6038327645640607,0.0,False,RUNWAY_EXCURSION,262,26.19999999999852,1,762241.0523938505,1328.7183343180498,4685.060420799664,175.42408355426664,dry,0.987727260254208,3.058219881933537,3.426041431995227,0.0,0.0,-0.0261426590443134,1011.6627894332933,0.994496286563364,,,,,89.88967721989751,0.6038327645640607,4.127828116192944,131.13501697530913,141.62581833333385,1846923786,9.2515027622961,1.6058873355820134,2.558268703108766,8.359494541736112,0.0,0.0,0.1811498293692182,0.0,0.0,-2.619999999999988,-4.127252889976561,0.0,-0.1866325769179555,0.0,0.0,-16.17586248950927,0.0,-60.0,313971
-62.18957355665238,12.348034803270568,30.037792025700877,0.2849553937073598,-2.689633602935864,-2.721360932878458,6.846802988768837,0.8426770513812545,0.6109957428301982,0.0,False,RUNWAY_EXCURSION,259,25.89999999999853,1,739478.2240584111,1329.2744510881057,4703.577696008215,193.53638504890856,dry,0.9700340799513126,4.413725774400499,1.0384402301711844,0.0,0.0,1.1329180045057043,1012.4147754942312,0.9939973339196964,,,,,90.67039975695396,0.6109957428301982,5.120290484387979,129.37359291045934,139.7234803432961,967096425,9.147909556425846,1.532095278899074,2.4718552498624007,8.266685745031662,0.0,0.0,0.1832987228490595,0.0,0.0,-2.5899999999999888,-4.387861838580036,0.0,-0.279866206700926,0.0,0.0,-16.533690064439472,0.0,-60.0,314230
-63.5269171430384,12.268597244720434,30.14865762374409,0.2351087496116549,-2.924059729235265,-2.950795673476289,6.854962284782244,0.8761538544659891,0.4378489286900731,0.0,False,RUNWAY_EXCURSION,252,25.19999999999857,1,742019.1901236791,1323.0123508576316,4610.844479606427,243.29790536580435,dry,0.9766730127019616,2.573119407348429,0.976004612429203,0.0,0.0,2.071944801586405,1015.758900380407,0.9925749620219568,,,,,79.03719807814849,0.4378489286900731,3.3630989200017325,129.5919907995617,139.95935006352664,1921983830,8.461992969413553,1.414849924984254,2.2715851330979,8.056177423729482,0.0,0.0,0.1313546786070219,0.0,0.0,-2.5199999999999902,-4.214517393888534,0.0,-0.2937982756875077,0.0,0.0,-16.834561603294574,0.0,-60.0,314482
-63.736919807947146,12.47307738614624,30.17518041522141,0.2312336992691315,-2.973364801702072,-2.999698253247717,7.002924162178195,0.8509474885200992,0.4190848470133232,0.0,False,RUNWAY_EXCURSION,242,24.19999999999863,1,749930.4034920644,1322.0039366098183,4718.725478169605,423.8919947640924,dry,0.9634219129105506,0.5502834713396085,1.51299793697735,0.0,0.0,2.844640907933784,1015.8229612941456,0.9874102822339988,,,,,79.11646963684416,0.4190848470133232,3.8135509797092304,130.450200376419,140.88621640653253,1710093347,7.758957411141629,1.2690940063298757,1.88408446659715,7.790067495875863,0.0,0.0,0.1257254541039969,0.0,0.0,-2.4199999999999924,-4.1833103993724245,0.0,-0.3960009480916525,0.0,0.0,-15.56553729453158,0.0,-60.0,314724
-62.8513665768567,12.499319521150838,30.038594503541184,0.2317886481994044,-2.772620541364053,-2.801457369560441,5.389140119461358,0.8467053523255276,0.5234680738952875,0.0,False,RUNWAY_EXCURSION,253,25.29999999999857,1,758594.3974101341,1330.2986896623606,4459.599609983051,428.3094616156562,dry,0.9965395774156742,2.535071218514512,-1.7591399564797388,0.0,0.0,4.865849604717316,1015.0924365671297,0.9873675480553584,,,,,85.86271629640704,0.5234680738952875,4.400448327284252,131.7038173778246,142.24012276805058,1514711733,8.557090579148497,1.0890565709093245,2.4494350769690683,8.10765540944753,0.0,0.0,0.1570404221685862,0.0,0.0,-2.52999999999999,-4.391882898714566,0.0,-0.1345798305647106,0.0,0.0,-16.15518190622043,0.0,-60.0,314977
-62.1260849999072,12.141739783070896,30.17148498742884,0.2463119786284653,-2.367488732035038,-2.401016091880982,5.618624967458132,0.8743823326714956,0.7149818375535375,0.0,False,RUNWAY_EXCURSION,261,26.099999999998523,1,672620.9550350669,1328.8072821717396,4685.938387885984,25.9069180368845,dry,0.9534597610359292,1.594348425974351,-0.1206175340701416,0.0,0.0,4.252660701784002,1011.2620743637026,0.9988565541452966,,,,,94.82584861063296,0.7149818375535375,5.62206843960178,124.12086224587814,134.0505312255484,495300371,9.4029303425351,1.4879789155225298,2.7505346975894907,8.456930682157044,0.0,0.0,0.2144945512660612,0.0,0.0,-2.6099999999999883,-4.2752335038343885,0.0,-0.1159647443350503,0.0,0.0,-17.437755940807982,0.0,-60.0,315238
-63.23119590302774,11.675967518509854,30.26431556220467,0.195925138983597,-2.8393508217514003,-2.8589268925797966,6.115514477685725,0.8562650081792391,0.4923907234571629,0.0,False,RUNWAY_EXCURSION,294,29.399999999998336,1,768271.7706485314,1331.572215911918,4318.472145370864,398.0943665078766,dry,0.9926649778204408,2.470093534790104,-1.263695726265992,0.0,0.0,3.824080180268849,1012.0733072059002,0.9881948365407094,,,,,82.30229800839354,0.4923907234571629,2.925082048614467,132.50259663610817,143.10280436699682,1647140547,9.479955467389956,1.8543597916204853,3.017014188272779,8.859951507988315,0.0,0.0,0.1477172170371488,0.0,0.0,-2.9399999999999813,-4.453388438114375,0.0,-0.1663330759655097,0.0,0.0,-19.030472561256524,0.0,-60.0,315532
-61.26439141387108,11.151910675898884,30.227380596189207,0.1878810849137845,-2.541224768886731,-2.560703003502262,4.566848543993473,0.8722350290927209,0.6384729728375191,0.0,False,RUNWAY_EXCURSION,271,27.099999999998467,1,703949.9365555678,1329.2977965198916,4548.85605738813,24.597162144725903,dry,0.9691052580471526,1.9082154882560476,-3.684307267237143,0.0,0.0,-1.358538508610854,1014.1781289313914,0.99888791437765,,,,,88.50246202880888,0.6384729728375191,3.041512678810516,125.57340267157812,135.61927488530438,111714892,9.64341311126217,1.890816851996272,2.9612571143740354,8.688634806303655,0.0,0.0,0.1915418918512557,0.0,0.0,-2.709999999999986,-3.74477169744385,0.0,-0.0604705422599294,0.0,0.0,-18.12481294995468,0.0,-60.0,315803
-59.456073016565405,11.93468824194372,30.13700609691825,0.2957183985579928,-2.5136238624527727,-2.534638452485747,3.968414812526632,0.8344887508286366,0.727878638109928,0.0,False,RUNWAY_EXCURSION,240,23.99999999999864,1,718733.8300959709,1330.8675185568493,4592.47200393504,132.6499871754142,dry,0.9745021260677336,3.295839760627807,2.655810735629805,0.0,0.0,-1.6892244664178957,1012.3569417065124,0.9957165255014696,,,,,93.60362411943444,0.727878638109928,3.42835617420711,126.92599595085969,137.08007562692845,1224268756,9.596651917235652,1.4955887301331336,2.8037682559976065,7.750419532137459,0.0,0.0,0.2183635914329784,0.0,0.0,-2.399999999999993,-3.798314224863724,0.0,-0.0309703858330773,0.0,0.0,-15.091580432805436,0.0,-60.0,316043
-64.62272013100714,12.679156139647592,30.061285056675004,0.2043244786048604,-2.979067903005737,-3.071323285070856,7.392012722205615,0.8675620766977467,0.3661980293874762,0.0,False,RUNWAY_EXCURSION,272,27.19999999999846,1,763245.9798673687,1325.125565942311,4205.474436651497,411.9892525764352,dry,0.9982199193293048,5.078085127491985,-1.382984064811815,0.0,0.0,4.524409096258328,1013.9343430778524,0.9878348074778484,,,,,75.14222428094588,0.3661980293874762,2.649660855467104,132.105381131399,142.67381162191094,868768460,8.576519616513954,1.431789685210677,2.464133020853015,8.646664789133304,0.0,0.0,0.1098594088162429,0.0,0.0,-2.719999999999986,-4.858554679165462,0.0,-0.363845678858908,0.0,0.0,-17.909286293509954,0.0,-60.0,316315
-59.82338075730403,11.751611941639773,30.294743911710327,0.2947627968115319,-2.50180606410519,-2.513233070925724,4.778769767821268,0.8384091868225869,0.6997000648119851,0.0,False,RUNWAY_EXCURSION,232,23.19999999999868,1,692003.4901136339,1326.276074233983,4546.605955057403,31.76723166004436,dry,0.978429481766764,7.598172920525497,3.99525531769657,0.0,0.0,0.6174601512303228,1013.042937631444,0.9986776777448452,,,,,89.42907390096038,0.6997000648119851,1.6869483705659327,125.00147265680144,135.00159046934556,2140277469,9.399714157828983,1.611005820692093,2.5026732008944816,7.081896654733691,0.0,0.0,0.2099100194435955,0.0,0.0,-2.3199999999999945,-3.5599209898487336,0.0,-0.0753898614771056,0.0,0.0,-14.673269759571044,0.0,-60.0,316547
-62.36911589133652,12.413605309454578,30.244388325330387,0.3310641521019419,-2.692285092130192,-2.708717958015099,4.984606142334036,0.8387034419138867,0.5450816877033162,0.0,False,RUNWAY_EXCURSION,223,22.29999999999873,1,719582.5426919902,1326.6199518695412,4251.864165393989,452.0152960949606,dry,0.9511744928329404,0.3174454291636044,-0.1965178759334001,0.0,0.0,-1.6491784065746184,1014.8596256110106,0.986378613820213,,,,,81.40691996516115,0.5450816877033162,1.303528832174674,126.85308829712768,137.0013353608979,426303516,8.066673423847616,0.9844610666186956,2.099762157258165,6.621083460853872,0.0,0.0,0.1635245063109948,0.0,0.0,-2.2299999999999964,-3.8181960090776577,0.0,-0.1052298652162334,0.0,0.0,-14.15119463193198,0.0,-60.0,316770
-62.40265367139046,11.646183114944057,30.27288963510874,0.2178160343311288,-2.573349908245512,-2.5860073142405606,6.031952200980741,0.8484157566940237,0.513828823471016,0.0,False,RUNWAY_EXCURSION,246,24.59999999999861,1,702474.036607017,1330.1389231187284,4779.92838838452,241.83944192984475,dry,0.9663174309139206,6.395764059644156,1.4302916701461603,0.0,0.0,3.4951330182144016,1015.3352664458066,0.9926584637066764,,,,,79.61578574924911,0.513828823471016,1.672397823278029,126.42662864129346,136.54075893259696,2032646511,8.39355896297778,1.5033858230861303,2.2086097375870595,7.512311939571319,0.0,0.0,0.1541486470413048,0.0,0.0,-2.4599999999999915,-3.70731788467942,0.0,-0.2042641910146906,0.0,0.0,-15.803086705959956,0.0,-60.0,317016
-61.12326654603189,12.442467190754188,30.22793708500673,0.2438068755260605,-2.61321687654378,-2.6299850862391203,6.517055856477154,0.8526463341550765,0.6763719558018977,0.0,False,RUNWAY_EXCURSION,245,24.49999999999861,1,693870.0239689039,1322.7405969047695,4260.131934561984,227.9527155211208,dry,0.9731943154726465,0.6084833265741629,-2.0344103985703765,0.0,0.0,1.049735748763312,1014.7861854763744,0.9929900848645264,,,,,90.19864027541176,0.6763719558018977,2.597388079012912,125.15595625418229,135.16843275451686,194890680,9.561198809832224,1.3434962197480196,2.698367006970748,7.73600825264394,0.0,0.0,0.2029115867405693,0.0,0.0,-2.449999999999992,-4.21440805547596,0.0,-0.1617780848749497,0.0,0.0,-15.83906228161648,0.0,-60.0,317261
-62.05334370740243,11.981610522219713,30.074226071084905,0.1153364519209075,-2.495521459295666,-2.5106612741465404,5.097355470045105,0.8839632579021982,0.5834624989699648,0.0,False,RUNWAY_EXCURSION,228,22.799999999998704,1,672449.6440339114,1326.5716361322172,4201.3380350389625,129.8709062421432,dry,0.9705760285383254,1.9224606802164708,-2.750305545630629,0.0,0.0,0.4933479174575739,1013.6842871105528,0.995812434471801,,,,,84.3723108620251,0.5834624989699648,2.2982882159895013,123.15728050656972,133.00986294709531,1338252684,8.617618459598612,1.0025500752399832,2.531681312101973,7.018429918905684,0.0,0.0,0.1750387496909894,0.0,0.0,-2.279999999999996,-3.636827764556208,0.0,-0.0591564616649825,0.0,0.0,-15.42267799671849,0.0,-60.0,317489
-59.04661500003211,12.049146373831755,30.01752217821428,0.3729027075489307,-2.449616754952842,-2.4699017140826074,5.303970749201079,0.8128288992073224,0.7522619502263979,0.0,False,RUNWAY_EXCURSION,230,22.999999999998693,1,675461.2605001164,1322.0900655688238,4293.626545945766,316.0475125113294,dry,0.9539519876787632,0.3701220563628684,1.0792021074118088,0.0,0.0,1.8253037807124004,1013.292549632298,0.990455519626206,,,,,93.91320566034771,0.7522619502263979,3.441555398679661,123.74113396181478,133.64042467875998,1246254308,9.491135340202888,1.446981804570451,2.588477617976788,7.3201100853691745,0.0,0.0,0.2256785850679193,0.0,0.0,-2.299999999999995,-3.710204835305031,0.0,-0.0796726414241726,0.0,0.0,-14.029120956490129,0.0,-60.0,317719
-60.73308251578471,10.675132864709516,30.358883240362708,0.226011714905451,-2.4645927424201437,-2.479577072226998,5.701923074310859,0.8743927739284656,0.6506498810236963,0.0,False,RUNWAY_EXCURSION,270,26.999999999998472,1,715395.6888338827,1329.8564411888717,4599.868906908398,260.582729872588,dry,0.9579268974150046,5.462396586616928,1.441380550990158,0.0,0.0,3.3613666055195197,1014.9632188302172,0.9921068319872878,,,,,87.1704469719982,0.6506498810236963,2.19162641420386,127.57822078235746,137.78447844494607,1930469648,9.866591759852838,1.956687110890973,3.080012644825988,8.476601370997415,0.0,0.0,0.1951949643071088,0.0,0.0,-2.6999999999999864,-3.4187538503760364,0.0,-0.0930568747434005,0.0,0.0,-18.09635964153959,0.0,-60.0,317989
-59.74705390144131,10.69182244359304,30.300390138660703,0.2244050588953594,-2.189121029904097,-2.202117500287071,5.353499452179043,0.8648146295666547,0.7996054181723622,0.0,False,RUNWAY_EXCURSION,267,26.69999999999849,1,681326.8618603462,1330.3972015678385,4786.537867731013,95.44255274361493,dry,0.9716279145430866,1.585686525675697,3.1450606539518624,0.0,0.0,-2.683745486916667,1015.5796301607576,0.9967867691756346,,,,,93.01215278754162,0.7996054181723622,1.6735383923310998,123.16829815827472,133.0217620109367,641445060,10.582232938398109,2.141484349223632,3.2240706782884523,7.833957653607311,0.0,0.0,0.2398816254517087,0.0,0.0,-2.669999999999987,-3.3913469925711555,0.0,-0.062783184489578,0.0,0.0,-17.644550969349805,0.0,-60.0,318256
-59.20523295504529,11.73859398678122,30.23004186468544,0.2917438276237228,-2.34992394624186,-2.362301508513396,4.739380736885643,0.8291320178964313,0.7430623072301614,0.0,False,RUNWAY_EXCURSION,239,23.89999999999864,1,689004.6024853853,1326.772674084256,4450.88386072821,340.41884935887015,dry,0.9849012730308224,7.29513142990861,-1.1300601209391,0.0,0.0,-0.1241161630660911,1011.559258226642,0.989678667716501,,,,,90.95674660628652,0.7430623072301614,1.9526014461990824,124.66138367503204,134.6342943690346,1937191049,9.921786336041992,1.358546636580905,2.999987038133172,7.316678827528278,0.0,0.0,0.2229186921690484,0.0,0.0,-2.389999999999993,-3.659211857774732,0.0,-0.0406090673282999,0.0,0.0,-14.93532956039567,0.0,-60.0,318495
-59.64858972608866,11.608788845026217,30.09335968259837,0.3284634706785176,-2.5760265504168918,-2.5920803162243318,4.82630608368625,0.8581464684569413,0.7576439063378757,0.0,False,RUNWAY_EXCURSION,291,29.099999999998357,1,735536.9899511758,1325.1361441348015,4380.984416676861,325.4559897860916,dry,0.9784755924654052,7.708046923510358,-3.0878524590856435,0.0,0.0,-2.495429835945564,1011.3197870922528,0.9900544251928088,,,,,94.16263233822052,0.7576439063378757,2.771717648953924,128.2860349864755,138.54891778539354,1443098010,11.608323496608708,1.797945095183375,3.770702544313677,9.199668539666044,0.0,0.0,0.2272931719013627,0.0,0.0,-2.909999999999982,-4.357368636498433,0.0,-0.0663868470723878,0.0,0.0,-18.918767090190983,0.0,-60.0,318786
-60.21619690744302,12.752997865853953,30.08868702376825,0.4107451196117882,-2.606227655108671,-2.632627640339863,6.969700942516092,0.8234841198933245,0.7667038380397457,0.0,False,RUNWAY_EXCURSION,264,26.399999999998503,1,735649.3862682804,1323.9214710874203,4667.84643531637,495.8048936920418,dry,0.9646940179067156,1.7131196342890531,1.97127018199413,0.0,0.0,-1.3211316355289568,1015.094979439286,0.9851298033027758,,,,,97.36338383539425,0.7667038380397457,4.646028888702478,128.31998953679968,138.58558869974365,1912112502,10.49246207081233,1.1409507108101564,3.13822265919917,8.682572909825788,0.0,0.0,0.2300111514119238,0.0,0.0,-2.639999999999988,-4.770742667283282,0.0,-0.2137160230777975,0.0,0.0,-16.275957719141314,0.0,-60.0,319050
-57.42644688385143,11.22128995181126,30.183989806244803,0.4371317418863742,-2.408590746805653,-2.4259299185307817,4.888622010484582,0.8313796223786774,0.863059386127702,0.0,False,RUNWAY_EXCURSION,252,25.19999999999857,1,715752.0902317103,1327.0621971140797,4723.341296367686,189.14417696464807,dry,0.977210298168254,3.519146309335211,-3.8354887599446656,0.0,0.0,1.047495447947174,1011.6930613938542,0.994109695519152,,,,,98.0976944178197,0.863059386127702,3.002766316071348,127.3077896027874,137.4924127710104,428456152,11.044396154173253,2.20483467277635,3.1384281077887097,7.8556221227463165,0.0,0.0,0.2589178158383106,0.0,0.0,-2.5199999999999902,-3.525685749113369,0.0,-0.0664855846314217,0.0,0.0,-15.816474423429598,0.0,-60.0,319302
-58.972383935367525,11.20994856503296,30.04888076974668,0.530836895519473,-2.3954856351347,-2.410930239689552,5.287376776573831,0.8565506769674269,0.820979659656075,0.0,False,RUNWAY_EXCURSION,269,26.89999999999848,1,733864.8207308472,1331.3179759904674,4536.804768070361,244.6487492576087,dry,0.9695357414827216,0.5478740218229845,-1.7495320437296265,0.0,0.0,-2.395205683742057,1013.475703521357,0.9924048266974698,,,,,95.45308674094667,0.820979659656075,2.536725706498082,128.02621730229458,138.26831468647816,1628312689,11.035981610487498,2.0802706419872665,3.284701633963023,8.535090000007655,0.0,0.0,0.2462938978968225,0.0,0.0,-2.689999999999986,-3.7559258552726815,0.0,-0.0833443364950904,0.0,0.0,-17.625451527942012,0.0,-60.0,319571
-56.72941100100157,11.249699262315156,30.1129463619994,0.352631903533974,-2.2147586601966687,-2.221226355971364,5.292473695482334,0.8368401349480474,0.9753861134127392,0.0,False,RUNWAY_EXCURSION,268,26.799999999998484,1,686389.9111082635,1326.154784529704,4401.080430614576,111.5872150476488,dry,0.9533911794723946,6.524676713638945,-2.184759996243079,0.0,0.0,3.4272267045412117,1011.1795192714068,0.9963878235129988,,,,,100.8224253339531,0.9753861134127392,1.5830036253235669,125.21285007755574,135.2298780837602,2023172498,12.564696628486542,1.900429959929052,3.694453345071469,8.242413290237815,0.0,0.0,0.2926158340238218,0.0,0.0,-2.679999999999987,-3.7685485084443497,0.0,-0.0741738978681587,0.0,0.0,-16.90129765243776,0.0,-60.0,319839
-2.9307206805490367,14.325661390897194,29.398218645279123,0.9833195922436336,-1.5172096569525644,-1.5123775489749542,3.539410895300206,0.8000848268358798,1.609252741936956,0.0,False,INSUFFICIENT_RUNWAY,900,90.00000000002387,1,674986.6930941868,1328.8112862989872,4335.88693141812,167.67394551996594,dry,0.9959174119564652,6.66646714358339,-2.688707827440107,0.0,0.0,-0.3522195114882436,1011.091867122786,0.9946851308825412,,,,,113.64642291989044,1.3203231014702794,0.8069832923811227,123.36637521323632,133.23568523029525,104360713,86.3571191312588,8.666035194449064,22.264659785231487,12.086377252696746,0.0,0.0,0.3960969304410844,0.0,0.0,-8.999999999999853,-20.52245742866424,0.0,-0.0015969180259938,0.0,0.0,-53.17695462793591,0.0,-50.0,320739
-58.64661920966636,12.195139636788626,30.06860308683449,0.4031292389026327,-2.549139803109802,-2.566550802099066,4.097987073495295,0.8472080473044908,0.8862788038054532,0.0,False,RUNWAY_EXCURSION,264,26.399999999998503,1,719912.908451237,1326.1379707081935,4251.765835406008,267.88448069869605,dry,0.9882515294529256,4.925171630134743,3.8406515060869832,0.0,0.0,1.8221395781950056,1015.3304858214068,0.9918472559916136,,,,,101.01636917281436,0.8862788038054532,3.0194814684320903,127.61895701357648,137.8284735746626,784068115,11.577633363264065,1.023828007662693,3.82482865917549,8.521676529646312,0.0,0.0,0.265883641141636,0.0,0.0,-2.639999999999988,-4.362495302316009,0.0,-0.0103965197993247,0.0,0.0,-16.847577588441222,0.0,-60.0,321003
-65.32489609358863,9.99628150729376,30.11437188507678,0.5694022818731194,-2.216604714553055,-2.232314437044197,3.593276192319804,0.8021065507486708,1.1919818785828724,0.0,False,RUNWAY_EXCURSION,438,43.79999999999752,1,711625.0676692255,1327.0542863536273,4668.348132919142,51.37926406168519,dry,0.9582285376261186,6.750021821942466,1.8551582790473096,0.0,0.0,-1.3373748529255094,1014.7272288571438,0.9980949463571182,,,,,112.53111775573296,1.1919818785828724,2.7178129656995864,126.2265991415973,136.3247270729251,1366900981,14.469325909793852,1.873701752232067,4.548341000097957,9.04673912351188,0.0,0.0,0.3575945635748617,0.0,0.0,-4.379999999999951,-4.863048006689077,0.0,-0.001831788361196,0.0,0.0,-26.37571864774889,0.0,-60.0,321441
-66.1352844166048,11.074834326687665,30.028254327756727,0.3514913980989426,-2.0153979680808933,-2.013793008147115,2.6513555576725314,0.8453365225626643,1.2739121737957362,0.0,False,RUNWAY_EXCURSION,476,47.5999999999973,1,730315.1862466729,1331.2236851905518,4398.454397252534,437.1137450008835,dry,0.9927807770961694,1.3764515278081468,-3.904237592690313,0.0,0.0,1.7824086392723917,1015.2870653356232,0.9869541952015436,,,,,111.13057725495494,1.2739121737957362,0.2610201393098244,128.53159828817616,138.81412615123023,226549387,17.723062807675138,2.005444878873462,5.840469912377433,9.683133077761369,0.0,0.0,0.3821736521387209,0.0,0.0,-4.759999999999943,-6.486925639229311,0.0,0.0,0.0,0.0,-30.522643106201457,0.0,-60.0,321917
-2.223530212628347,9.68601210159189,26.378324426775727,16.60861094180089,-1.005333480671314,-0.9632958960342376,7.822273212796667,0.7756653645731897,4.597102689927851,0.0,False,INSUFFICIENT_RUNWAY,1042,104.20000000003516,1,727980.4407872172,1326.0156849372522,4777.4028313016,387.0044048814056,dry,0.9556465489219512,1.2191045753983758,-1.5349141738115142,0.0,0.0,2.842983429934921,1012.6888974389508,0.9884240072157028,,,,,126.86738731339872,1.710261439247006,0.3971024332934902,128.72528941727367,139.02331257065558,1095352898,94.61091178561352,10.880795355789624,20.0414829311166,14.67443273372154,2.2748134518022494,0.0,0.5130784317741015,0.0,0.0,-10.419999999999822,-10.86213570114849,-14.109323047206631,-0.3346939065396044,0.0,-0.2564769386253041,-59.236415308925714,0.0,-50.0,322959
-36.54522265599901,10.908584035770788,21.99720125566826,7.481449468527513,-0.771736446927518,0.822484381433912,5.844484063973257,0.8431846525042482,14.442533631311704,0.0,False,UNSTABLE_AFTER_LIFTOFF,520,51.99999999999705,1,692540.1812153099,1322.186079802565,4380.578346528473,241.3689857285964,dry,0.9505443635596964,0.1518327738096951,3.8702357407483903,0.0,0.0,2.203069651834528,1010.3335132874704,0.9925448581072834,44.899999999997455,1807.4757230647092,,,142.13704483625042,3.6561029860182823,-168.91937738617509,125.56080943121538,135.60567418571262,1350999467,45.83946284527305,5.273996346527632,11.199611657740192,12.066775921154044,3.751513932508829,0.4057437616526985,1.0968308958054858,0.0,0.0,-5.199999999999934,-6.875394105116239,-0.4871506782358488,-0.0155227053425648,0.0,-0.4607522877983406,-33.1403382401678,0.0,-70.0,323479
-61.08319490729951,10.915922955360164,30.07402040570587,0.589780126910569,-2.1394234905107385,-2.153386699996396,4.991599207882919,0.8224900157076297,1.6120563192379225,0.0,False,RUNWAY_EXCURSION,523,52.29999999999704,1,749749.4398049474,1322.1541838722828,4571.934464335856,289.06796004617905,dry,0.9588216685250116,0.6241675745957487,1.4428355392750842,0.0,0.0,-0.1240085932325421,1010.6473194672606,0.9911663966537508,,,,,127.21289124210205,1.6120563192379225,3.3718987332435546,130.09927848439702,140.50722076314878,1640650566,21.77141497099815,2.471887147746469,6.881250391854894,11.778958113558296,0.0,0.0,0.4836168957713767,0.0,0.0,-5.229999999999933,-6.924367398325417,0.0,-0.0369030770192671,0.0,0.0,-32.27905195188394,0.0,-60.0,324002
-53.41787823470028,12.425966843018209,30.065439876120028,0.6871461768564899,-2.150924957786176,-2.158038970202792,3.362938867336456,0.8270190109391837,1.560640761789614,0.0,False,RUNWAY_EXCURSION,357,35.69999999999798,1,709352.32342199,1322.9614660630707,4560.190143933905,354.2670073346601,dry,0.9681487815296848,6.162903868201232,-1.1552325640862715,0.0,0.0,-0.0535964494588112,1010.6458112095108,0.9892688333254076,,,,,127.54446005087595,1.560640761789614,4.493633012246612,126.56138337312905,136.68629404297937,1991049240,18.659486414824684,2.670849454591379,5.782720952436076,10.925578811243096,0.0,0.0,0.4681922285368844,0.0,0.0,-3.569999999999968,-6.124717862023586,0.0,-0.0003549754325402,0.0,0.0,-22.229633258876248,0.0,-60.0,324359
-48.08094273893573,12.50894240739715,23.923589552228677,5.234399768852138,-0.3491530954856746,-0.9660358747633664,5.790189801454596,0.8558425164961246,11.962769457094224,0.0,False,UNSTABLE_AFTER_LIFTOFF,608,60.80000000000064,1,679730.2586711472,1323.4429892049684,4474.514109747011,258.07045995123804,dry,0.9747425027705984,4.405017955441189,-2.7472292313141806,0.0,0.0,4.2337806674143845,1012.3687944669276,0.9920548347522804,55.09999999999688,1910.926646265225,,,140.30903842270382,5.454972660906037,-257.2678521437624,124.70284239505008,134.67906978665408,880091737,46.14651764344816,3.691337189209221,10.962251071125577,13.115898524051614,2.478593231766937,0.3273721363209005,1.6364917982718097,0.0,0.0,-6.079999999999915,-10.570663690239993,-0.0866843127821009,-0.0764795177030893,0.0,-0.3422242571475056,-39.28335255525713,0.0,-70.0,324967
-53.156178836756425,11.446955043088929,30.032097354690208,0.8476993346939918,-2.0343863320880406,-2.039036270123787,3.277740270179947,0.831097751369282,1.9038204708330968,0.0,False,RUNWAY_EXCURSION,490,48.99999999999722,1,755387.3122771519,1325.3457778229529,4697.080363385489,211.2894027757185,dry,0.9822228085960564,5.15061630394638,-0.3312215494521218,0.0,0.0,-0.9935881092655938,1015.4783968599012,0.9934014218520296,,,,,135.70475262240873,1.9038204708330968,1.2563149599432677,130.07970545577737,140.48608189223958,945702738,25.649689776858555,2.5255832776978937,7.873177318671265,12.539273513491947,0.3524863823489382,0.0,0.5711461412499291,0.0,0.0,-4.89999999999994,-7.134006897962726,0.0,-0.0002277283601213,0.0,0.0,-30.63330062075205,0.0,-60.0,325457
-0.7346201104891108,11.878525351124305,23.4436929563816,1.5242364435688804,-1.5524833349162563,-1.5534079105213563,5.20461043231564,0.8382015457783623,2.03195541934258,0.0,False,INSUFFICIENT_RUNWAY,928,92.8000000000261,1,745260.8348292437,1330.5494967117293,4444.755774097718,455.0041441587811,dry,0.999748531322343,1.034735424283327,-1.123076155129826,0.0,0.0,0.4835915835609645,1013.9941970622972,0.9863920756097304,,,,,106.38251566613428,1.2494740905948447,0.2510673812906994,129.6315274842015,140.00204968293764,1018360727,88.25301852361832,4.828406845201817,22.032441893015264,15.01668978253183,1.120851871377024,0.0,0.3748422271784528,0.0,0.0,-9.279999999999848,-14.5489122524508,0.0,-0.0495813309109642,0.0,0.0,-58.482377670050056,0.0,-50.0,326385
2.76894918405295,8.886864180751955,23.772458644750632,3.7636405274415945,-1.5459880023390649,-1.5766324054178995,3.2292269430456795,0.8341551609238775,2.729853232970044,0.0,False,INSUFFICIENT_RUNWAY,1008,100.80000000003248,1,767067.0076816505,1331.8319505579727,4473.2862582578255,235.56992156740213,dry,0.9925606854345792,3.814841491861512,-0.0860899298519068,0.0,0.0,2.360936305899866,1014.794123312138,0.9927865878180588,,,,,113.9330691368616,1.3130860550206194,0.4688318682175385,131.88934466056418,142.44049223340932,2049967474,88.34592104169504,9.380371004929149,21.653861422252053,14.163407584742489,0.902166441010466,0.0,0.3939258165061852,0.0,0.0,-10.07999999999983,-8.845351756318797,-0.0039075030837419,-0.0001164301927934,0.0,0.0,-63.14132843748672,0.0,-50.0,327393
-107.5511579298281,95.49119677922488,400.616291627616,46.51298189909723,24.45999619900767,8.902511054733072,44.35748506479654,0.7260170755846836,415.3295679391576,0.0,False,ENVELOPE_VIOLATION,661,66.10000000000485,1,732678.4369681355,1327.258696056678,4687.758027585381,68.55613344833338,dry,0.9609459971387726,1.9648532555391969,-0.6310328605039359,0.0,0.0,-0.5015353359257384,1015.1484630125703,0.9876216377870404,46.39999999999737,1799.2863897523066,51.99999999999705,,107.91065824744776,343.07968137117007,-2498.238514877103,128.24006863071065,138.4992741211675,420376857,59.79145222332503,4.214266765680545,10.870141649002962,12.379327272206188,6.870412338992605,12.967413019471852,29.999999999999996,0.0,0.0,-6.609999999999904,-57.421351311948825,-55.1674422261774,-13.339685531830767,0.0,-26.829331910718004,-35.27636021783186,0.0,-50.0,328054
16.38175303013402,5.434173226256533,14.91147844194684,2.602179868805847,-0.6763685302218497,-0.7074975907948241,4.498079209446535,0.8205165227672111,2.6773826894206785,0.0,False,INSUFFICIENT_RUNWAY,1046,104.6000000000355,1,755506.4024916656,1331.6255086616886,4480.506055561467,1.478160727665323,dry,0.9623369477861644,2.4067916202107438,2.5123269197003486,0.0,0.0,0.6009609271588943,1014.9329829710272,0.9995710712407312,,,,,97.132746455769,0.9881168282644684,0.0275791808170566,130.48569338124142,140.92454885174075,1073518085,88.4719367018142,18.6008776959834,22.03229945959608,13.952524242690062,1.0431537581298462,0.0,0.2964350484793405,0.0,0.0,-10.45999999999982,-3.4320699589999566,0.0,-0.0450804609272975,0.0,-0.1001419898584029,-63.97818146677316,0.0,-50.0,329100
-71.34752838175442,9.303779268724869,30.27341611508949,0.4666393035951807,-2.79840635432332,-2.821715423927127,4.84358441672704,0.8171457012913184,0.6251223094060947,0.0,False,RUNWAY_EXCURSION,427,42.69999999999758,1,763312.6475040484,1328.016631934247,4325.967585836601,194.723758013646,dry,0.9728242626370044,5.12111895398711,2.718446945024857,0.0,0.0,-1.8745260423152332,1014.1025880802327,0.9939022107445552,,,,,86.88527058543966,0.6251223094060947,1.5163378340727365,130.648113177772,141.09996223199377,107014967,10.273130187860508,1.420451343252661,3.3566842734573124,7.98885532996738,0.0,0.0,0.1875366928218284,0.0,0.0,-4.269999999999953,-4.1068057563170015,0.0,-0.0401297990302915,0.0,0.0,-26.157250653766773,0.0,-60.0,329527
-64.598014071807,11.209041279017027,30.0730793861195,0.4096091915986528,-2.7230301546536637,-2.7455842218072504,5.419650901385592,0.8303582915452997,0.6833149061866948,0.0,False,RUNWAY_EXCURSION,330,32.99999999999813,1,761062.4318867085,1326.321129624742,4221.727408786189,154.4495140552138,dry,0.9914097333040764,7.026965954699858,-0.0479389502590885,0.0,0.0,1.7933720275235665,1011.6313032367892,0.995143603992046,,,,,92.3448400624559,0.6833149061866948,3.6620569407540415,131.44872938447062,141.96462773522828,913171518,10.400678815991457,1.2751492373814004,3.273941185698665,8.740051309649584,0.0,0.0,0.2049944718560085,0.0,0.0,-3.2999999999999736,-4.606895567805951,0.0,-0.0760331201046928,0.0,0.0,-20.509900404473445,0.0,-60.0,329857
-62.99089802949279,11.14872290798058,30.106518917481385,0.5731314969522203,-2.5107265391697458,-2.5326778567591,5.047282264981101,0.8425792308312289,0.814861249308457,0.0,False,RUNWAY_EXCURSION,331,33.099999999998126,1,730033.3022129342,1327.8544813576018,4320.698717422603,21.578106077024373,dry,0.9597127014147582,2.6630270756085546,-3.2171287305063343,0.0,0.0,-0.4002089887891609,1013.5363163235298,0.998985995801141,,,,,98.22287057376136,0.814861249308457,3.7797068043236592,128.13269900714516,138.38331492771678,2030045015,11.631776952891853,1.310842734888442,3.816588676705724,8.898465164263868,0.0,0.0,0.2444583747925372,0.0,0.0,-3.3099999999999734,-4.571257937836236,0.0,-0.0369006938666945,0.0,0.0,-20.97487130133224,0.0,-60.0,330188
18.119122809161247,8.383963735712921,19.72257036218417,9.017056467788404,1.519589940243662,1.3965801584380306,4.3958012150352594,0.8217943231264754,5.468390215084355,0.0,False,INSUFFICIENT_RUNWAY,845,84.5000000000195,1,705027.5564294682,1328.8096537929164,4370.790692718261,307.7304492021512,dry,0.9688751712426604,0.9502758968180104,-2.886904646018315,0.0,0.0,0.6709166138959466,1011.2128604718602,0.990637298330632,,,,,114.15286213536685,1.4564061726644013,0.8415847648648445,126.29811304265088,136.40196208606295,1331898245,86.88168603374677,12.59298879214067,20.69665973976742,12.531295997056986,3.2319804491414383,0.0,0.4369218517993212,0.0,0.0,-8.449999999999864,-6.599529610430904,-0.8019369826124767,-0.0147482917985391,0.0,-0.6767729236946926,-51.70942224595453,0.0,-50.0,331033
8.078659315966632,7.917710180091565,17.72254849324659,0.9834081048926168,-0.8494611157440151,-0.8256365105785161,4.95671952152092,0.8426971982676995,2.1020595544731293,0.0,False,INSUFFICIENT_RUNWAY,922,92.20000000002564,1,718540.326551745,1331.6557911555908,4254.416309837668,226.23010079379708,dry,0.9725940527431742,0.3622718640937172,0.3990754623864485,0.0,0.0,1.9705673783855435,1014.3134819565772,0.993044049573582,,,,,118.53234197727444,1.4877284716357906,2.6813835739269187,127.59378500298756,137.8012878032266,750782387,84.261025242395,12.236220563434347,20.380593211059256,14.14033877746018,0.9123971494081736,0.0,0.4463185414907374,0.0,0.0,-9.219999999999848,-6.422256000582594,0.0,-0.0547331698731655,0.0,-0.0870216931255211,-58.5142233056994,0.0,-50.0,331955
8.856540945358283,8.484064470740943,17.159045454336663,1.1944893951196278,-0.5384206966184142,-0.4914887014639481,5.038925959523696,0.8388935363223382,2.4017063987189005,0.0,False,INSUFFICIENT_RUNWAY,860,86.00000000002069,1,742275.9510534988,1331.4782848439145,4200.452796773593,76.33203229390162,dry,0.9955599681039358,0.4463850015754049,3.8718103716699863,0.0,0.0,0.0571186657275362,1015.6194401211212,0.997385148322606,,,,,103.32922204069926,1.0939202941256667,0.5578569219044205,129.17257926073643,139.50638560159535,2136953472,83.18528426732169,10.033755491344072,19.83107615425013,13.645436431139869,1.7236298100318,0.0,0.3281760882377004,0.0,0.0,-8.599999999999861,-6.878026772396922,0.0,-0.0723855499026081,0.0,-0.1384617851783059,-54.20194318948917,0.0,-50.0,332815
2.8011849611126323,10.849371915771696,23.25411000956795,3.1967361081006134,-0.9029852743414178,-0.7999307737554973,6.785762258355307,0.8539570881749087,2.5723289908869447,0.0,False,INSUFFICIENT_RUNWAY,868,86.80000000002133,1,672561.2170631203,1330.7530566252256,4253.313934952813,433.1927115624113,dry,0.998147001229868,6.900551966287874,0.183371846418574,0.0,0.0,3.9257384643835,1013.5864028681408,0.9871481285200128,,,,,107.06198658141612,1.1834176078627363,1.7625063170078192,123.90363599865874,133.81592687855144,1296558496,84.25534130928897,9.15655134373997,20.537682477382614,13.066633352054769,1.8428092394845017,0.0,0.3550252823588196,0.0,0.0,-8.67999999999986,-11.352366666569608,-0.0002706464496416,-0.1978253027569547,0.0,-0.1437017710939969,-56.03869365632652,0.0,-50.0,333683
-74.08425773030166,11.33457646240734,30.11359045146848,0.4461454294052886,-2.530897070549772,-2.5578122811279207,4.830215121537711,0.8656495769954395,0.6336880133378031,0.0,False,RUNWAY_EXCURSION,439,43.89999999999751,1,729639.2217598916,1329.3009300179472,4393.158593048809,375.2770177231649,dry,0.9598747339433829,6.412870363872571,1.7553212747156866,0.0,0.0,-1.4758721794065108,1013.8831092791075,0.98862210047056,,,,,86.8754636432191,0.6336880133378031,1.8461792492622564,127.8365904107229,138.06351764358075,2037841023,11.5382833022528,1.0430846701195056,4.102324447506645,8.674800177485203,0.0,0.0,0.1901064040013409,0.0,0.0,-4.389999999999951,-6.266609083618619,0.0,-0.0447811810091165,0.0,0.0,-28.93146646703932,0.0,-60.0,334122
-80.50880941055321,48.41030349906058,233.65013849343973,38.33551793035538,30.271033293866587,16.252866869143038,35.68277706639449,0.7712842500467093,321.32970735180004,0.0,False,UNSTABLE_AFTER_LIFTOFF,556,55.59999999999685,1,692563.8731588724,1329.522366963514,4563.1134942322005,375.1626239850006,dry,0.9869571226722283,1.5717823646830429,2.5128243340459195,0.0,0.0,3.422155581884047,1013.3981779427472,0.97964646651111,42.59999999999759,1640.9394182439478,48.79999999999723,,121.491885189661,321.32970735180004,2506.043257335075,125.63587479878709,135.68674478269006,35072563,48.63023974258167,4.475622240057371,9.408889506177,12.350282717097182,5.486956810685837,10.631197756612345,30.0,0.0,0.0,-5.559999999999926,-35.82626334599279,-26.41915639707609,-15.628697253353682,-4.263969436223149,-11.6794862025944,-32.1144255485243,0.0,-70.0,334678
-51.24163660668842,13.870318931132129,30.65105875468351,14.678625080234044,8.272865397490996,9.05730964466261,9.192266541871652,0.8109491264604656,85.83419153140582,0.0,False,UNSTABLE_AFTER_LIFTOFF,664,66.4000000000051,1,715813.0483010167,1325.57454743759,4720.167030251193,0.6314398035224267,dry,0.9960381672543704,6.654891987443262,3.225857131875434,0.0,0.0,1.572564992100581,1010.489712306669,0.9994772437597614,50.29999999999715,1925.191252568441,,,138.73738584371236,4.692343931115346,-540.1872037966903,127.50458589594584,137.7049527676215,987939413,59.333828152818405,3.719476811335032,10.814577334497,12.59088675431707,7.768635236863947,3.1370401453194465,1.4077031793346102,0.0,0.0,-6.639999999999903,-14.193792908319786,-7.099942586997989,-1.1131256843944777,0.0,-10.472797465903552,-40.49412557555799,0.0,-70.0,335342
-7.095753777049914,13.367750416500147,21.96951084681701,11.272083898704194,1.421850051588169,0.1667296918518816,6.929195551272692,0.8356675571865506,5.899994111683327,0.0,False,INSUFFICIENT_RUNWAY,942,94.20000000002722,1,708209.846851075,1328.5888890524468,4622.504749464677,249.20331741816156,dry,0.9659020801111016,3.524411188686344,-0.915943196180149,0.0,0.0,-2.644935922268508,1011.0269079195508,0.9922413836501492,,,,,124.7182483187257,1.575848831012138,2.966291445113036,125.86567766493,135.93493187812442,1793051917,91.47481827993862,7.266402296174997,20.473407803037155,14.568572860759277,2.526219591769171,0.0,0.4727546493036417,0.0,0.0,-9.419999999999844,-18.703593292040548,-1.752158677616999,-0.4591228241296687,0.0,-4.411624728394449,-59.13142973585096,0.0,-50.0,336284
-139.4485467521435,97.4650865612634,359.1081159256819,29.115358031310752,25.469792788049556,16.027387629886064,36.78277402455783,0.7505737325438152,357.1672096771419,0.0,False,UNSTABLE_AFTER_LIFTOFF,743,74.30000000001138,1,690690.2277804596,1329.8204832194142,4599.386212644534,356.1176391438398,dry,0.9796787478699056,3.723281372636024,-0.0842254501691517,0.0,0.0,-1.4429366746764831,1011.6986299438458,0.9797050932309448,52.69999999999701,1758.17611544249,60.20000000000016,,112.5132498540641,326.55933116110106,-904.5625668057534,124.51912441194008,134.4806543648953,1627210303,59.67753515353587,1.467203950236148,9.720630362087366,12.849664900476697,7.494327952678048,12.436373261277764,30.0,0.0,0.0,-7.429999999999886,-70.29171362737384,-26.94704726848212,-27.281488944631924,-6.600027090289433,-23.068431020240435,-41.475574381417445,0.0,-70.0,337027
-7.821294316027242,14.140061545943183,23.18558091135098,9.173248319438017,-0.7453954032618758,-0.8020006899364215,6.443340268098045,0.830411565393469,4.000544455460116,0.0,False,FAILED_ROTATION,842,84.20000000001926,1,691010.0975339522,1327.3289607752404,4203.767375204909,42.05844513578694,dry,0.9692791070684804,7.100788526554327,-1.4858001717518512,0.0,0.0,-0.1989402777580284,1010.844375146908,0.9983345177264448,,,,,137.46407952961576,1.908279174043628,5.076534192177107,124.87059330186943,134.860240766019,875079008,83.0969121974155,2.296891522227936,18.77671111670958,15.865989019303369,4.001249678084743,0.0,0.5724837522130883,0.0,0.0,-8.419999999999865,-18.70562319115752,-1.0713058676152198,-0.4105127096860829,0.0,-1.6048648114642527,-52.21922502205818,0.0,-50.0,337869
-82.5987620826069,21.131583109761017,88.26748427548736,13.018126426205212,10.991516322287518,10.594659447775122,24.668105328807325,0.7589690193487765,75.764453596809,0.0,False,UNSTABLE_AFTER_LIFTOFF,646,64.60000000000366,1,752150.2471633476,1327.9178201089746,4432.977365464102,323.74672950845087,dry,0.9762536792517094,3.515382051243521,-3.244709099824369,0.0,0.0,1.2634112674332083,1014.3028830649928,0.9900822435742652,46.59999999999736,1826.326947199589,,,132.29118213313058,6.046578649045898,-396.60522829785776,130.38528619875444,140.81610909465482,1068207104,60.07799846558283,3.614357702929728,9.870101903711015,14.069980569768902,5.624968496616373,2.7471537810419964,1.8139735947137687,0.0,0.0,-6.459999999999907,-27.283470072897817,-4.121913426936168,-13.083518719620608,-0.0533970554481211,-23.067536832077995,-36.34746048999071,0.0,-70.0,338515
-56.746140855978894,15.734771884977285,30.051476814569803,0.6072068605707198,-2.116156011263275,-2.1262963322327515,7.359100075946306,0.8743022194615117,1.2681161266640828,0.0,False,RUNWAY_EXCURSION,342,34.19999999999806,1,698970.7801329334,1324.2345409638194,4642.870621986701,34.570841287217824,dry,0.976514423996118,5.339892170359327,-3.2562902324576117,0.0,0.0,0.2662985615895215,1014.5630255301392,0.998578070238123,,,,,113.33582317767458,1.2681161266640828,2.461810888979965,125.4586706877832,135.49536434280586,902462478,19.9365064769304,2.205673351488242,5.664986360732755,10.97048367900303,0.0,0.0,0.3804348379992248,0.0,0.0,-3.419999999999971,-9.408155758346322,0.0,-0.29982037505214,0.0,0.0,-22.776249428734012,0.0,-60.0,338857
-196.5659752747092,97.72652170194829,320.4087507379856,42.10274474184539,26.28298046973113,14.406433430041728,24.695950846577915,0.7998886917505345,439.51528902626393,0.0,False,CRASH,760,76.00000000001273,1,703386.7727039084,1331.7203500879816,4441.561792024887,496.13295459062186,dry,0.9582651676896432,2.3418753688019773,-1.49188438519828,0.0,0.0,-1.4619940988876694,1015.1160529039626,0.9843025067692988,51.599999999997074,2147.514564660868,58.09999999999849,,153.43331704965402,28.2865342257158,-5540.436565969238,125.44252863413146,135.477930924862,1136689207,73.3234817848592,2.0886347311976703,10.278456223568178,13.97888775083089,11.456398316274637,13.478264041623245,8.485960267714738,0.0,0.0,-7.599999999999882,-90.09798028123484,-41.78413828287584,-18.13839707688163,-2.9431464132699885,-23.600285367833276,-45.492110968682326,0.0,-100.0,339617
13.202070601501134,13.760362161408407,26.98605309115502,8.129471908402163,-0.940576155057051,-0.8640453032995167,6.47460815261503,0.8307052623497411,9.102466328323402,0.0,False,FAILED_ROTATION,884,88.4000000000226,1,695941.6544248094,1328.948637033206,4732.274254928401,196.941818829995,dry,0.9927593737728244,7.50481310063913,-2.5822755812543847,0.0,0.0,-2.551812087930511,1013.4965816818838,0.9935516330252392,,,,,170.475691643481,9.102466328323402,29.96292632343227,124.63895022213288,134.61006623990352,494452712,93.96482026613664,10.21657553243948,19.386505602274404,15.562224979350455,5.726444046954059,0.0,2.7307398984970206,0.0,0.0,-8.839999999999856,-18.5981387847554,-1.3927411887705772,-0.3579317197879789,0.0,-0.0760379141385362,-55.12039011669828,0.0,-50.0,340501
-4.34158147096371,13.827040571573562,24.59954434433136,7.435976095282665,-0.8237276621702602,-0.7324139399878472,6.748488017772063,0.8635976000531617,3.75292726885192,0.0,False,INSUFFICIENT_RUNWAY,876,87.60000000002196,1,710190.1372540651,1324.2008497424197,4443.719631392392,325.91294232717405,dry,0.952569012822452,0.1547502192489656,1.0811995572077846,0.0,0.0,3.7366214014306,1011.9486225186558,0.9902244209129856,,,,,119.02636794515765,1.473281519405134,1.5299789893316529,127.38431868129496,137.57506417579856,1687461942,87.86606351989556,4.258837917116116,20.171322790116808,15.463613370665133,3.5057369290013125,0.0,0.4419844558215395,0.0,0.0,-8.759999999999858,-18.608872960879676,-0.4195155443032082,-0.2455866571729075,0.0,-0.5322419012793906,-57.48292338994474,0.0,-50.0,341377
-38.66550490568933,14.918086202562124,24.05465904844404,12.207115738212126,8.701064097354472,8.714428629458153,9.059414112758263,0.8265890544162998,62.84402070646837,0.0,False,UNSTABLE_AFTER_LIFTOFF,661,66.10000000000485,1,671685.6300717351,1329.29888742002,4241.809572419948,468.88843354163583,dry,0.9522344087315184,0.8869901685534298,1.698210635395745,0.0,0.0,0.0385859846902576,1011.9640698653534,0.9858510536864904,45.39999999999743,1868.4692041146084,,,119.02560877477224,4.68193702533739,-1108.4212582307173,123.09478591391108,132.94236878702398,166879142,63.83782963857954,4.4678109144091005,13.036210552475003,12.90130027566964,7.141285949152508,2.9726866877827383,1.404581107601221,0.0,0.0,-6.609999999999904,-16.345009402335126,-4.278604117102551,-0.959510625678238,0.0,-5.149742385504972,-41.08434350073807,0.0,-70.0,342038
1.6518791260383807,12.76471116336827,25.38980913925922,5.473565125422996,-1.6388154216624322,-1.6438422487858766,5.837608873218642,0.8402787493423539,2.985219363536487,0.0,False,INSUFFICIENT_RUNWAY,971,97.10000000002952,1,745677.2238457041,1324.5558560092952,4628.088886057273,139.6820535143273,dry,0.9659835689863542,7.494880653440019,1.1006437408167105,0.0,0.0,3.703810326709979,1013.900719915426,0.9955676830708406,,,,,136.72800867058345,1.824089103085612,5.37221074160712,130.3950767661866,140.82668290748154,890466655,92.12785199770984,7.587958916794742,19.83210638845061,18.52411201903623,2.2613672675428886,0.0,0.5472267309256831,0.0,0.0,-9.709999999999836,-17.57918371141955,-0.2090479277176619,-0.2322394384456174,0.0,-0.0620819081316083,-61.43619120870693,0.0,-50.0,343009
5.2676513940081975,12.578651634677374,23.75170898221853,3.2909421422307856,-0.7554071930678916,-0.7309010762811103,6.779533290988537,0.8604735073545269,2.887587932339443,0.0,False,INSUFFICIENT_RUNWAY,841,84.10000000001918,1,737853.8906081109,1323.5758063655726,4242.577393899662,475.87805884910966,dry,0.9963414031289776,1.7566557748711995,0.9603308764387092,0.0,0.0,2.458163943637365,1014.665494708956,0.9858763729880694,,,,,123.70120580513898,1.5391475102713912,2.021088380156044,129.38336212263528,139.73403109244612,605291690,83.89914481720746,11.930257350516,18.527898336619508,15.575922892245025,3.6864576467315104,0.0,0.461744253081417,0.0,0.0,-8.409999999999865,-14.785011456896322,-0.0011654283604506,-0.4541099461669645,0.0,-0.1576064593055268,-55.00588061166312,0.0,-50.0,343850
-30.399707734454918,16.516731218533952,28.34275828873351,12.50611955422196,6.926338712780177,5.483740270699277,7.775491824153733,0.8561982818313815,64.80073195310251,0.0,False,UNSTABLE_AFTER_LIFTOFF,699,69.90000000000788,1,733020.730080752,1330.8811129035282,4675.009895697929,488.7923976422213,dry,0.9502413407215292,1.0519575311986866,-0.2302148976206375,0.0,0.0,1.0004729005500297,1010.3509974222178,0.9853031953311878,60.30000000000024,2773.113799949793,,,144.20334616109238,5.693751647633235,-316.8725406182824,128.90944297419034,139.22219841212558,1577291459,68.55586637864546,3.523682140424843,14.087066874832,14.67718982315376,12.78844986016977,2.3412824732128463,1.7081254942899615,0.0,0.0,-6.989999999999895,-21.187653854617828,-3.01838084174555,-0.6078957904565216,0.0,-0.8328735360912379,-45.44456675627229,0.0,-70.0,344549
-66.73064139594409,15.11393414988405,30.00878810340377,0.6216698937736842,-1.833997730746126,-1.8628233631690152,7.178144172149508,0.8396659216262498,1.3684313171966664,0.0,False,RUNWAY_EXCURSION,491,49.099999999997216,1,694796.5545333864,1329.0990136670368,4668.049097580738,400.8948890258745,dry,0.9798577636181768,5.734121268232989,-1.2651703481299887,0.0,0.0,-2.7475261229245334,1013.4612602156508,0.9877962180094848,,,,,117.255240464025,1.3684313171966664,3.858086625131296,124.49585889190502,134.45552760325742,1609096917,21.460868050886084,1.3472114472172578,6.595997748232743,12.154301835068644,0.0,0.0,0.4105293951589999,0.0,0.0,-4.90999999999994,-12.462180410459151,0.0,-0.3126685858371354,0.0,0.0,-31.01470087621137,0.0,-60.0,345040
-49.37035938363108,1.684763541354094,1.7203732409947594,0.0223612795300693,-2.9959918850784075,-90.0,1.88280382125138,0.8234529026587015,0.0,0.0,False,FAILED_TO_ACCELERATE,301,30.099999999998296,1,764742.8445445418,1324.4095297898778,4717.459961932085,251.95439642240964,dry,0.9865851887068656,6.146533743533577,0.0187136982830451,0.0,0.0,2.1080419875915988,1011.317947902338,0.9923621766738104,,,,,7.909289991725244,-0.187229951945028,-0.071419403493167,131.8580872500758,142.4067342300819,1527167700,0.4454310275184767,0.4081038918529909,0.3263963707337199,1.094201587350839,0.0,0.0,0.0,0.0,0.0,-3.00999999999998,-0.0949296539192302,0.0,0.0,0.0,0.0,-18.53956260716785,0.0,-30.0,345341
-12.584036162309252,13.865669769914792,26.640412849845077,2.418534838527797,-0.896334851375125,-0.9000169876175903,7.812155531777873,0.8536547726228846,2.759895240153611,0.0,False,FAILED_ROTATION,994,99.40000000003135,1,762821.7094513134,1324.2009295541077,4250.748523497559,183.5749394244041,dry,0.969357735691223,7.236401146437947,-0.574710588574129,0.0,0.0,-1.1587232876762696,1015.128928725575,0.994195742274708,,,,,148.1853631173049,2.4098230600969544,4.658938758865876,130.70315028718,141.1594023101544,1985281331,84.33491085593086,7.913279988987541,18.95177124390783,17.814905278276758,3.6414047940092455,0.0,0.7229469180290866,0.0,0.0,-9.939999999999833,-21.233695264368784,0.0,-0.4305477924521205,0.0,-0.1836295570574392,-64.17538262757195,0.0,-50.0,346335
-62.2283344263827,18.402992160213163,30.01321088997326,0.6572288035128534,-1.9879571092694623,-2.0024175338597265,7.687087557435452,0.8767869490479668,1.226982493615992,0.0,False,RUNWAY_EXCURSION,420,41.99999999999762,1,748873.7985855974,1327.5574935534062,4389.676072662518,421.30012583601376,dry,0.9824578879800576,3.184428620520224,-2.5795733058014463,0.0,0.0,0.2817604652330692,1010.27905987914,0.9873604994258144,,,,,110.2336316412066,1.226982493615992,2.6380816176486555,130.1385518704101,140.54963602004293,2001582934,25.34376585240207,1.4415740159574804,7.68096103531133,11.464949873406736,0.0,0.0,0.3680947480847977,0.0,0.0,-4.199999999999955,-15.804605620947132,0.0,-0.3687048529029659,0.0,0.0,-28.154369477694885,0.0,-60.0,346755
-3.5433693378795468,15.4256131875311,28.243945430007955,1.2002258128882268,-1.0470666185772055,-1.047890866474477,7.698772469828874,0.8511755741147808,2.3541672218399867,0.0,False,INSUFFICIENT_RUNWAY,928,92.8000000000261,1,750711.1699952703,1326.549928465328,4611.50121645513,343.5342735079444,dry,0.993173485582856,4.186382817382873,-3.0779104458263964,0.0,0.0,4.215663942857455,1015.8646148416052,0.9897427894271298,,,,,128.89937121837977,1.6084066428704205,3.2964623045807078,130.82251471423598,141.28831589137488,396530695,91.74349343125664,8.73778140996881,21.14064992537692,17.484087516851513,0.85128979968996,0.0,0.482521992861127,0.0,0.0,-9.279999999999848,-24.5352416857908,0.0,-0.394612975546381,0.0,-0.0765903508402432,-59.6967484017066,0.0,-50.0,347683
-61.295318878279154,15.896704031366422,30.0670613239522,0.5226341453211283,-1.8236291249172607,-1.842305064071869,6.954221823527486,0.8597250022695443,1.1150023977662613,0.0,False,RUNWAY_EXCURSION,301,30.099999999998296,1,704123.6472118663,1331.6366742231826,4653.516634195125,454.2171466177736,dry,0.9545038057942602,3.882886375917048,-3.52918707696278,0.0,0.0,4.57993194984863,1012.791776562008,0.9865874341789406,,,,,106.44015515825464,1.1150023977662613,3.4656552279020403,126.9693027913816,137.12684701469215,246815950,14.660271777816469,1.079030244310223,4.410442141358041,9.695495530195004,0.0,0.0,0.3345007193298783,0.0,0.0,-3.00999999999998,-8.451584990813256,0.0,-0.3092478258859452,0.0,0.0,-19.704226474589564,0.0,-60.0,347984
-65.04552933525538,17.976716728975923,30.036857577351324,0.4722879210852854,-1.986800400457612,-2.0133393239835096,7.076621912640589,0.8997242895953627,0.9420864014915652,0.0,False,RUNWAY_EXCURSION,332,33.19999999999812,1,696609.1833420505,1330.4977954436235,4516.331225938555,382.7291322315874,dry,0.9694499962144834,7.40611192973096,2.0044629021961224,0.0,0.0,-1.7245276285314866,1014.4916570042832,0.9883792684172203,,,,,101.52106492398686,0.9420864014915652,4.673794446225177,124.81792658012289,134.80336070653271,284241473,16.18360972003623,0.9976592834745656,5.403744570470431,10.670632051412657,0.0,0.0,0.2826259204474695,0.0,0.0,-3.319999999999973,-11.921099813941751,0.0,-0.3066188225045915,0.0,0.0,-23.036082244650345,0.0,-60.0,348316
-61.32960775374568,15.556184725973823,30.001059128125043,0.3951479881621627,-1.796964666477878,-1.8221463626995784,6.462415999465963,0.8848799292838047,1.0919764440576358,0.0,False,RUNWAY_EXCURSION,309,30.89999999999825,1,702614.7394792442,1327.1557059438394,4790.870060335704,94.63832631773631,dry,0.95469226819657,3.661201097311218,-3.689794339194803,0.0,0.0,-1.3986185729530831,1015.7993250538416,0.9968160823677712,,,,,105.8848208915762,1.0919764440576358,4.648756408005692,125.34534635711604,135.37297406568533,1565548042,14.68977097884649,1.4465379524527575,4.572833005747879,10.232991246119862,0.0,0.0,0.3275929332172906,0.0,0.0,-3.089999999999978,-8.308490990849329,0.0,-0.223310304549912,0.0,0.0,-20.97753257473069,0.0,-60.0,348625
4.750940034786225,12.802893164346584,21.25654399234601,3.703283865431775,-1.4332602911783272,-1.4563698751539682,5.685295390058289,0.8205918279792921,2.73939587392411,0.0,False,FAILED_ROTATION,826,82.60000000001799,1,711168.5257548998,1322.5850180880768,4200.77816912812,143.68876177147277,dry,0.953725457368326,7.073581934822691,-0.101987003983766,0.0,0.0,-2.306975358780903,1012.756089410428,0.995326813969877,,,,,144.96987245513773,2.6144214565750588,-11.313664883028274,126.0951605219656,136.18277336372287,2083753425,83.67810611215573,6.484777047548795,20.03690762440305,13.891544414896591,3.939482780164469,0.0,0.7843264369725175,0.0,0.0,-8.259999999999868,-15.043669401106394,-0.0057071373576762,-0.0590101704456983,0.0,0.0,-50.69581767244486,0.0,-50.0,349451
-59.5710389523803,16.451340169759877,30.022529953869416,0.6510845129571453,-1.5776327242335748,-1.579124765432526,7.931703135555298,0.8903320854164892,1.5138073821823923,0.0,False,RUNWAY_EXCURSION,388,38.7999999999978,1,694082.9966641241,1323.9020929451171,4693.93551834692,355.8849943472838,dry,0.99727358883546,7.934023595796599,-3.2497693971969843,0.0,0.0,0.1004124422756431,1013.3923061302374,0.9892254883125876,,,,,116.89742911298424,1.5138073821823923,0.8979152871894414,125.05545975893634,135.05989653965125,1991627720,22.085295845814507,2.006544369087156,6.5806863880146285,11.681905299573724,0.0,0.0,0.4541422146547173,0.0,0.0,-3.879999999999961,-11.667875359098684,0.0,-0.2991049646619285,0.0,0.0,-26.53263274576437,0.0,-60.0,349839
