total_reward,centerline_rms_m,centerline_max_m,max_roll_deg,max_pitch_deg,max_alpha_deg,max_heading_error_deg,control_roughness,max_agl_ft,stabilization_fraction_after_100ft,success,reason,transitions,duration_s,level,mass_lbs,cg_x_in,runway_length_m,runway_elevation_ft,runway_surface,static_friction_factor,headwind_kt,crosswind_kt,gust_sigma_kt,turbulence_severity,delta_isa_c,qnh_hpa,density_ratio,liftoff_time_s,runway_distance_used_m,time_to_100ft_s,takeoff_time_s,final_airspeed_kt,final_agl_ft,final_vs_fpm,vs_est_kt,vr_est_kt,seed,cleanliness,rms_lateral_accel_mps2,rms_yaw_rate_dps,reward_profile,rc_progress,rc_centerline,rc_heading,rc_acceleration,rc_rotation,rc_climb,rc_altitude_progress,rc_stability,rc_success_bonus,rc_time_penalty,rc_lateral_penalty,rc_roll_penalty,rc_heading_penalty,rc_aoa_penalty,rc_sideslip_penalty,rc_control_oscillation_penalty,rc_premature_rotation_penalty,rc_clean_centerline,rc_lateral_rate_penalty,rc_lateral_accel_penalty,rc_yaw_rate_penalty,rc_roll_rate_penalty,rc_clean_takeoff_bonus,rc_failure_penalty,num_timesteps
-89.78914129441097,8.42824942342762,30.023472669632323,0.23423963167182613,-2.9152862876176338,-3.1045088125569467,8.898413728786513,0.9345907432411369,0.1975145860077987,0.0,False,RUNWAY_EXCURSION,505,50.49999999999714,1,759911.6917305741,1328.3224665802557,4313.600056892956,417.5299871186762,dry,0.9841131810373113,6.188102081851107,0.8844957350476021,0.0,0.0,-2.157429553522923,1013.2230511009454,0.9873858253978947,nan,nan,nan,nan,59.667142004189046,0.1975145860077987,0.6467507875769307,130.34884737133234,140.77675516103895,1826701614,0.2077252145396935,0.2766499979121931,0.6275690128310133,clean,16.890050039011797,6.012169897615841,8.842477343240372,8.204921131175842,0.0,0.0,0.00790058344031195,0.0,0.0,-5.049999999999937,-3.985874568163506,0.0,-0.31995023250253707,0.0,0.0,-36.88769537131386,0.0,6.833852384309105,-18.90593243219547,-10.941881741479104,-0.4891783275495015,0.0,0.0,-60.0,505
-94.51695995787188,8.828168184487668,30.226773275073604,0.33659046835546474,-2.8165934873884715,-3.0254602338555197,8.120268176258142,0.9407923784163298,0.14779537419246935,0.0,False,RUNWAY_EXCURSION,463,46.299999999997375,1,743787.0314516763,1331.0275539481065,4365.446669042305,284.4084112121386,dry,0.9913557921128475,0.4852314147639323,-0.6093074927547653,0.0,0.0,0.12603567639495594,1015.2763086725002,0.9913539766304669,nan,nan,nan,nan,55.695978534338344,0.14779537419246935,1.2149629555868025,129.34130324363167,139.68860750312223,1367864806,0.19747284919797056,0.25587012184031555,0.6581607464534576,clean,12.841800229172705,6.674506569243302,5.970961683660292,7.619377141468151,0.0,0.0,0.005911814967698775,0.0,0.0,-4.629999999999946,-4.009402696392992,0.0,-0.6836524966942963,0.0,0.0,-34.06561570473457,0.0,6.470549624636,-20.60969997819086,-9.528818146796603,-0.5728779982104946,0.0,0.0,-60.0,968
-129.0532768602278,11.479602941130779,30.123886605050497,0.3737841808243732,-2.5758592823970434,-2.582562804421588,4.471610381921013,0.9401535384005899,0.6271531298183675,0.0,False,RUNWAY_EXCURSION,764,76.40000000001305,1,703522.9651277519,1328.839897702939,4621.681278470207,186.92286434898082,dry,0.9721077133735512,7.103612316576638,-1.5129571478837165,0.0,0.0,4.966094785372673,1015.1583092741195,0.9942591837481243,nan,nan,nan,nan,84.96488009537894,0.6271531298183675,0.9784684895229745,126.85070130576787,136.9987574102293,1097657231,0.13342519199081546,0.30073421437561115,0.6874804266684725,clean,37.39364874174414,8.008837280926196,15.861476372233687,11.72641577056224,0.0,0.0,0.025086125192734704,0.0,0.0,-7.6399999999998816,-11.186766748457561,0.0,-0.021100551173835528,0.0,0.0,-56.21805138187539,0.0,6.708548410652307,-50.773922802946544,-22.18158843203285,-0.7558596450521567,0.0,0.0,-60.0,1732
-132.45956011982986,11.918321267424673,30.084186004645407,0.3081883159527617,-2.3654649528197664,-2.3797684086680433,7.083148942948153,0.9396820718698831,0.6613830483014453,0.0,False,RUNWAY_EXCURSION,591,59.099999999999284,1,670948.6036908766,1328.6705973395487,4388.940570888011,226.99940019748266,dry,0.9954663135591284,5.87308582896346,-1.8607016470028528,0.0,0.0,2.746680228790951,1010.9487119658162,0.9930426526332433,nan,nan,nan,nan,84.90274472756927,0.6613830483014453,0.9546295188849285,123.6659775332785,133.55925573594078,579362555,0.12450558245937697,0.3018506132341545,0.6651392843997993,clean,26.92991018280356,4.216889524815424,9.561471157341252,11.649370210749543,0.0,0.0,0.026455321932057806,0.0,0.0,-5.909999999999918,-9.327712407069606,0.0,-0.2825568457607604,0.0,0.0,-43.45505359935873,0.0,5.204730011575649,-53.724856876470085,-16.761568300011202,-0.5866385003761989,0.0,0.0,-60.0,2323
-95.23659269130493,9.280824422702146,30.123792572768547,0.2729154671162618,-2.757885567237014,-2.882417669953128,6.598877900835916,0.9339812667319851,0.24164096124849266,0.0,False,RUNWAY_EXCURSION,461,46.09999999999739,1,684565.9588685728,1323.004416621504,4755.921979330844,369.05642941420786,dry,0.9773200145236705,4.630224015696835,3.5150501456898344,0.0,0.0,-2.9901034950373706,1015.6584716145808,0.9887625552822586,nan,nan,nan,nan,62.73910671756887,0.24164096124849266,1.2981761885450638,123.38967303767663,133.26084688069076,661058651,0.18927629588015607,0.24070867813464225,0.5545499095363264,clean,12.91490221731091,4.3540530873867525,6.3175056737755035,8.555681908882908,0.0,0.0,0.009665638449939706,0.0,0.0,-4.609999999999946,-4.411959622875147,0.0,-0.17514280371852764,0.0,0.0,-33.608642833807814,0.0,7.337741318179324,-24.145665288536684,-7.499353138140264,-0.275378848211609,0.0,0.0,-60.0,2784
-96.250608054685,8.413665533308553,30.47741527980367,0.735450991353675,-3.0099447582467245,-3.222181305802945,10.88266072161307,0.9362425492030693,0.20342941519419355,0.0,False,RUNWAY_EXCURSION,529,52.899999999997,1,761573.0655605195,1323.108145316753,4573.664623625282,347.6486742192898,dry,0.9999175688165787,5.3716775715851774,2.015624526338634,0.0,0.0,4.725386798159645,1015.2257917427892,0.9896800620999469,nan,nan,nan,nan,59.9533814415498,0.20342941519419355,0.2888233291750453,131.92183741837215,142.47558441184194,87989972,0.19151672977909276,0.3574232046527728,0.8127243535127608,clean,16.197720366812433,7.464821810095017,7.969164078469391,8.316279457192337,0.0,0.0,0.00813717660776774,0.0,0.0,-5.289999999999932,-4.160865235186369,0.0,-0.35655946783797704,0.0,0.0,-38.778121810790545,0.0,14.457722396958427,-27.8432183214859,-13.102103236478833,-1.1335852690405055,0.0,0.0,-60.0,3313
-89.25811646026716,9.353695800003372,30.28595446966931,0.2029834202618693,-2.7290971813084828,-2.9324360103929346,6.341890296553601,0.9345642573721592,0.14581108683501043,0.0,False,RUNWAY_EXCURSION,412,41.199999999997665,1,699804.844560591,1328.0909317518938,4794.184935934899,490.7135842971677,dry,0.9864724952134308,0.26530990151486034,-2.0147861263708178,0.0,0.0,2.0802914517333946,1014.1641144101658,0.985447954692683,nan,nan,nan,nan,54.254857575278386,0.14581108683501043,0.8014748372124814,125.95241785686652,136.02861128541585,161576974,0.1906364707136505,0.17478196906151364,0.44111676260081367,clean,10.635072577738436,4.67767345205948,4.607385101911381,7.519380981503181,0.0,0.0,0.005832443473400417,0.0,0.0,-4.119999999999957,-4.005172172114256,0.0,-0.3341205383543924,0.0,0.0,-30.07130653167967,0.0,7.41843271015573,-21.801843212739445,-3.687379391808124,-0.10207188041272734,0.0,0.0,-60.0,3725
-192.67136254912808,14.102179689955346,30.066190844487465,0.7994254537759651,-2.3917858498365296,-2.403211957884835,9.367169256785164,0.9310016790543167,0.9447974344066665,0.0,False,RUNWAY_EXCURSION,988,98.80000000003088,1,739257.8467474552,1329.3934491611615,4220.295845909432,335.57892701143663,dry,0.9579766622081982,6.207168065088866,1.1302897008663475,0.0,0.0,1.1479598416228356,1013.6322782444207,0.9898744526350793,nan,nan,nan,nan,98.52330089538776,0.9447974344066665,0.49405045612667564,129.27996571507757,139.62236297228378,35492826,0.0745423937575422,0.4575151244877538,0.8325594516497397,clean,54.371761120270655,9.192485120059057,17.34228560357459,13.626025285901513,0.0,0.0,0.037791897376266696,0.0,0.0,-9.879999999999834,-21.831668260410623,0.0,-1.1938537718690923,0.0,0.0,-71.86075959446289,0.0,12.341969009361934,-85.80234808423357,-47.08052871831567,-1.934522156378299,0.0,0.0,-60.0,4713
-99.98634487958284,7.528231041636118,30.212977560241477,0.24865584210970998,-3.0515351750883406,-3.2042220779590034,7.829930980451016,0.9383327566100622,0.23091552196405019,0.0,False,RUNWAY_EXCURSION,557,55.69999999999684,1,768448.6937801141,1322.0432517784009,4259.527435190283,357.2906489556261,dry,0.9750934290351397,0.44088148873546107,-1.7230270469204,0.0,0.0,-2.6777387899176466,1014.9251431087181,0.9891314514576556,nan,nan,nan,nan,62.97277218544469,0.23091552196405019,0.9871206594603343,130.84983438659307,141.31782113752053,376383645,0.23170736485065868,0.2330350102819657,0.6176602338746737,clean,17.065613173813787,6.878095903513154,7.694961398307244,8.636817845927627,0.0,0.0,0.009236620878562002,0.0,0.0,-5.569999999999926,-3.50750714191703,0.0,-0.5138601950383966,0.0,0.0,-40.84796144744176,0.0,9.882337107225526,-29.67816667636423,-9.595257249296356,-0.4406542191906353,0.0,0.0,-60.0,5270
-117.56947083589458,10.350342183960118,30.37068751279299,0.4541027446877717,-2.626383062774951,-2.6341645601354156,6.315538474752165,0.9400430146267429,0.6356871392535197,0.0,False,RUNWAY_EXCURSION,692,69.20000000000732,1,702934.7786767635,1323.6498196044395,4497.810049457688,121.39934126762336,dry,0.9667019761825603,4.221811826761234,-0.12226883440761682,0.0,0.0,4.782439415194861,1011.7511972377669,0.9961299646295018,nan,nan,nan,nan,85.10492812548395,0.6356871392535197,1.0027651768422707,126.97118517643953,137.1288799905547,1746484539,0.15111743274069642,0.3469321307664756,0.675911497484634,clean,29.361089884959107,7.749695168469566,13.044447750313058,11.781179758978542,0.0,0.0,0.02542748557014078,0.0,0.0,-6.919999999999897,-8.237074628993835,0.0,-0.09152382024311248,0.0,0.0,-50.901273217799705,0.0,6.387215263570323,-36.341225650302405,-22.70764897757777,-0.7197798528380133,0.0,0.0,-60.0,5962
-91.31770994226792,7.457874695625458,30.346370293625043,0.3525204095698402,-2.654582189483738,-2.7016710430509328,8.097419062693621,0.9361313358151171,0.32614588710833914,0.0,False,RUNWAY_EXCURSION,492,49.19999999999721,1,673024.4466813009,1327.44975192401,4491.545391547238,276.4370063025522,dry,0.9703925162288535,6.937386367788818,-0.691911244003002,0.0,0.0,4.9917038467710615,1014.083245620708,0.9916870890899845,nan,nan,nan,nan,67.05132572212256,0.32614588710833914,0.9953925882843251,124.14184831070664,134.07319617556317,1394609702,0.22254152314422115,0.3047244182850769,0.7372823193626163,clean,17.519250290609655,7.217449554969816,7.867695584869664,9.12052769959004,0.0,0.0,0.013045835484333567,0.0,0.0,-4.9199999999999395,-3.0405542586688945,0.0,-0.42559202203244934,0.0,0.0,-35.96997873807908,0.0,7.9546859766363,-22.0105329065937,-13.937913453416051,-0.705793505637303,0.0,0.0,-60.0,6454
-115.58279571876686,14.297093508195395,30.09281486174331,0.3180960969908598,-2.9931739543499947,-3.237834010891144,6.435082672135578,0.9378784855871852,0.1544773798802055,0.0,False,RUNWAY_EXCURSION,478,47.79999999999729,1,756959.376405084,1323.3080751860134,4533.375060200454,94.30498428577411,dry,0.9788045142127508,2.8488336475650895,-0.03579333033712029,0.0,0.0,-2.6828430515164445,1014.5000851433923,0.9968474362508812,nan,nan,nan,nan,58.13442585777297,0.1544773798802055,1.0515068565552177,129.89400413544266,140.28552446627808,1960127675,0.0821975422156702,0.26960609012857123,0.6535284586642472,clean,13.319671201552724,1.6548446405142858,6.610092135472273,7.855827365849346,0.0,0.0,0.00617909519520822,0.0,0.0,-4.7799999999999425,-10.856276663315077,0.0,-0.1004069107194594,0.0,0.0,-34.98231297937859,0.0,1.2070840529847604,-25.607737151473128,-9.371945972885207,-0.537814532563745,0.0,0.0,-60.0,6932
-113.68426605554461,13.744825257859603,30.012750032645897,0.1447058886047379,-2.9155994522202127,-90.0,5.751719433311189,0.9439193621994707,0.018742297321693968,0.0,False,RUNWAY_EXCURSION,388,38.7999999999978,1,734442.3753293878,1323.4671037000192,4757.897506631876,123.62871137763487,dry,0.9814623535790652,4.5620128286259005,3.095022653825138,0.0,0.0,-2.8964157730563374,1013.760583709408,0.9959829272423528,nan,nan,nan,nan,45.288885429677386,0.018742297321693968,0.5311459042109945,127.94623327976059,138.18193194214146,1081530686,0.0963238146990447,0.16489748255997846,0.43344094563322966,clean,9.06875205086682,1.5493002528760091,4.009043457299794,6.176966483637156,0.0,0.0,0.0007496918928677587,0.0,0.0,-3.8799999999999613,-8.144560654578774,0.0,-0.20450603350086735,0.0,0.0,-28.715572339704252,0.0,0.9944488270335445,-31.48402317450531,-2.987983750252099,-0.06688086660933902,0.0,0.0,-60.0,7320
-104.87996247589416,13.083822372345125,30.12071417632284,0.1544489099847394,-2.7502244170030656,-2.8291823550586477,3.9399368418058405,0.9379082607437478,0.26347041345150046,0.0,False,RUNWAY_EXCURSION,516,51.599999999997074,1,681076.4770568088,1322.7970347632322,4682.365833362354,285.8699246488959,dry,0.9923732271962304,2.3258534508772755,-1.4657809653679088,0.0,0.0,2.215358868878149,1015.7100911319236,0.9913547720726218,nan,nan,nan,nan,62.72175922022492,0.26347041345150046,0.8388642562038306,124.18989089465731,134.1250821662299,1302740407,0.10735113663416353,0.18636584601378198,0.47339594244368555,clean,17.53473990895562,3.1560607235387015,8.981102262138776,8.605638540150435,0.0,0.0,0.010538816538060013,0.0,0.0,-5.159999999999934,-9.814687384608517,0.0,-0.006210409302351811,0.0,0.0,-37.808619628025184,0.0,4.562411415410846,-29.57289870379555,-5.213482382659932,-0.15455563423480967,0.0,0.0,-60.0,7836
-163.63447811243987,14.64413485341155,30.29651804972058,0.5956777779289645,-2.900277903071293,-2.90694661264147,7.2713075079415885,0.9398405116319845,0.6248054978266566,0.0,False,RUNWAY_EXCURSION,842,84.20000000001926,1,760151.322693728,1322.6381027854775,4770.490200709999,159.43929321847185,dry,0.9808292581707599,4.403782973384194,-0.753976962816199,0.0,0.0,1.8922543933966445,1014.017294343075,0.9949993954128511,nan,nan,nan,nan,86.3856971600609,0.6248054978266566,1.024196422636443,131.23774816585762,141.73676801912623,2084654369,0.0713701760394839,0.360391016786626,0.7083510764541624,clean,38.645473607908194,5.431753934375228,14.281938192567665,11.91296984772608,0.0,0.0,0.02499221991306628,0.0,0.0,-8.419999999999865,-20.063053031036468,0.0,-0.5507369588739662,0.0,0.0,-61.98045757188985,0.0,5.4461920171693015,-61.53597105090703,-25.685711206785683,-1.1418681126052355,0.0,0.0,-60.0,8678
-91.05141463603172,8.79448159199174,30.14386244983211,0.21698156144581973,-3.0257266506474276,-3.2890164124286025,7.160684259605341,0.930916980893971,0.09230344609244412,0.0,False,RUNWAY_EXCURSION,474,47.39999999999731,1,767601.8544086335,1323.417159931189,4570.808043416895,130.02386087424478,dry,0.9797820637692376,4.599437067989412,-0.46436549753469514,0.0,0.0,-2.0416265050078533,1010.0017948576111,0.9958112729949199,nan,nan,nan,nan,53.196916944590825,0.09230344609244412,1.0050391043070483,131.242050245375,141.741414265005,1566581934,0.20591094291133866,0.18296577269473382,0.48091811631099685,clean,11.579961111988144,5.47793800381113,5.521650607256152,7.29708858184868,0.0,0.0,0.0036921378436977656,0.0,0.0,-4.739999999999943,-4.073393074185763,0.0,-0.3655870304752347,0.0,0.0,-34.397199895662446,0.0,8.389176925316894,-20.94103031409782,-4.671768742102556,-0.1319429475724191,0.0,0.0,-60.0,9152
-105.83686179187964,10.857365573653594,30.122806631226346,0.254498460322966,-2.823293944804133,-3.0058212962095348,5.230777772219923,0.9311700373795173,0.2084816574059687,0.0,False,RUNWAY_EXCURSION,535,53.499999999996966,1,710752.0623633713,1324.2684765188517,4435.089599606195,401.8804722261964,dry,0.9518995325303484,3.678615560354306,-0.12909064981776996,0.0,0.0,4.620856328020833,1013.2663891758107,0.9881223141870774,nan,nan,nan,nan,59.267510289016975,0.2084816574059687,0.393456670560024,127.54456427066202,137.748129412315,1357791198,0.15401078848303293,0.20913905768033383,0.5306488778355168,clean,16.987072484416103,6.015123487656031,8.636324814661831,8.241346951321592,0.0,0.0,0.008339266296238745,0.0,0.0,-5.34999999999993,-7.007453016886405,0.0,-0.050512997286264114,0.0,0.0,-38.91069697743594,0.0,7.05391149649517,-33.99793009902709,-7.14212444513436,-0.32026275695622625,0.0,0.0,-60.0,9687
-96.03917613956182,9.919620434036618,30.0593725808242,0.14865202467638902,-2.836485280891769,-3.0792673584632424,6.745720749760867,0.9387809726156936,0.12460632939956895,0.0,False,RUNWAY_EXCURSION,430,42.99999999999756,1,721589.7471594431,1325.7426340475201,4387.939285762524,351.89355427415114,dry,0.9615518057470402,0.6674242605060448,-3.1516899872563884,0.0,0.0,1.211671494258006,1012.3524144946027,0.9894175034157233,nan,nan,nan,nan,53.93584320846156,0.12460632939956895,1.1022207686057683,127.82052730464227,138.04616948901366,1167425778,0.1793529414335622,0.17622956390967848,0.38726219913508,clean,11.365465874420654,3.7847526787236316,5.496168962922365,7.445130592751276,0.0,0.0,0.004984253175982758,0.0,0.0,-4.299999999999953,-4.70127932320038,0.0,-0.19265347419014883,0.0,0.0,-31.578397432309018,0.0,5.148473092763988,-24.59779445515578,-3.8548812686410034,-0.05914564082316342,0.0,0.0,-60.0,10117
-89.34118640153841,8.753055762486216,30.018612748998475,0.33582359892300456,-2.7282043332574535,-2.971123043773752,7.605452683498546,0.9428370920288371,0.13371562195493425,0.0,False,RUNWAY_EXCURSION,466,46.59999999999736,1,719687.7529626446,1331.9121904612102,4704.316026963573,87.54614444638925,dry,0.992750272613571,1.2255279971287827,0.7754970390139695,0.0,0.0,-1.9931548449386787,1012.9944579257966,0.9970552566638191,nan,nan,nan,nan,53.121381227640306,0.13371562195493425,0.7286289463865714,126.9028507553702,137.05507881579982,1202413557,0.20368480425810478,0.24000609562091868,0.694789336045381,clean,13.567888164294974,7.505201060369596,6.432652576690908,7.271492311736079,0.0,0.0,0.00534862487819737,0.0,0.0,-4.659999999999945,-3.967005454937334,0.0,-0.5740222950470305,0.0,0.0,-34.39074567124584,0.0,9.906579446790653,-21.40988813824974,-8.435333344066642,-0.5933536827520078,0.0,0.0,-60.0,10583
-97.05593000876038,11.37920706220046,30.070048987240874,0.1571564184667553,-2.8380408547078084,-3.0581240004662065,5.412981273085759,0.9356671329819675,0.16692780865878376,0.0,False,RUNWAY_EXCURSION,455,45.49999999999742,1,722437.2978910247,1325.7242240898038,4498.631871966969,310.0348630988831,dry,0.9742452189118692,1.5999557527915353,-2.7009422249176693,0.0,0.0,-2.687934946577312,1010.1587279614864,0.9905103934512549,nan,nan,nan,nan,56.53520396998933,0.16692780865878376,0.5037432289729971,127.16870779339784,137.3422044168697,2008052738,0.14406624639616944,0.18312324708660108,0.5229162606165284,clean,12.714362060662742,5.034027945064617,5.987607236995992,7.759075386330208,0.0,0.0,0.006677112346351347,0.0,0.0,-4.549999999999947,-6.546254531201878,0.0,-0.13475911868319726,0.0,0.0,-33.27051081836297,0.0,10.057648613160792,-29.34138281153964,-4.565009599201238,-0.20741148433196213,0.0,0.0,-60.0,11038
-101.5253544838119,10.503274613908822,30.143037231324783,0.17485487554391896,-2.7929713888254657,-3.052112086029552,7.033339458142635,0.9354280498989842,0.08332762323507836,0.0,False,RUNWAY_EXCURSION,380,37.99999999999785,1,739059.9593231854,1331.6265589476338,4583.491589513754,167.4835806856108,dry,0.9781193883353533,0.2280746468745427,-2.2927258531535157,0.0,0.0,0.3032898788804159,1010.1647033389817,0.9947519628831889,nan,nan,nan,nan,52.169973796164555,0.08332762323507836,1.792172522211466,129.2951628776338,139.63877590784452,595598245,0.16396304376324908,0.17993502492980634,0.43126851596821913,clean,8.122887055000241,1.7683630504522982,3.3021551026215423,6.954521068738703,0.0,0.0,0.003333104929403135,0.0,0.0,-3.799999999999963,-4.657903943752106,0.0,-0.3853792883184369,0.0,0.0,-27.816083723919867,0.0,0.8758668618737522,-22.052066101604115,-3.7467277393892733,-0.09431993044389056,0.0,0.0,-60.0,11418
-122.19493506267088,14.341731481787798,30.112302500433504,0.3803429463731612,-2.910857072827067,-2.9340419337165042,4.411424559654892,0.9436551039914286,0.49128346788083377,0.0,False,RUNWAY_EXCURSION,600,60.0,1,767447.9600546625,1324.0795920375801,4498.59106283004,118.67980094605979,dry,0.99216705760015,3.1866174658540025,-1.113115266796615,0.0,0.0,-0.1299988535543397,1011.3492801587007,0.9961599439993452,nan,nan,nan,nan,78.0053448917804,0.4909873100158393,-0.04679199182639593,131.5788221021739,142.10512787034781,1752032165,0.08222382273535903,0.24915423317845528,0.5891438059928334,clean,23.9827831335894,2.5717470136852514,10.5696651044519,10.72387244390894,0.0,0.0,0.01963949240063358,0.0,0.0,-5.9999999999999165,-13.712350793046877,0.0,-0.039457242930105246,0.0,0.0,-44.38798262219712,0.0,3.562687833250871,-37.75501833260284,-11.362553357284428,-0.3679677358959605,0.0,0.0,-60.0,12018
-90.96320904692865,9.748070772547804,30.342736621103096,0.17037524341463056,-2.7452722169378707,-2.8620231564380854,8.464220667416273,0.9353638307485749,0.25404367327081445,0.0,False,RUNWAY_EXCURSION,308,30.799999999998256,1,686633.4643172014,1324.277018916975,4639.705729515698,38.29309616680299,dry,0.9682452912953204,4.67459573071808,-3.027626001777179,0.0,0.0,-0.7585583756859178,1015.0099827449087,0.9985004457743436,nan,nan,nan,nan,66.31857111290921,0.25404367327081445,2.4435619287089416,124.09807040087333,134.0259160329432,1440696407,0.17136098689535265,0.2846676816795494,0.6189004868837601,clean,8.987135688167399,3.0608052192355784,3.307746264588513,8.376002738241699,0.0,0.0,0.01016174693083258,0.0,0.0,-3.0799999999999783,-3.2519626895858913,0.0,-0.3739795906438161,0.0,0.0,-22.566614234063284,0.0,4.67206554541314,-22.479638963461884,-7.3634446709011865,-0.2614861008496533,0.0,0.0,-60.0,12326
-85.45035902395517,6.703118083243605,30.524226672229158,0.9690720850924293,-2.77347924585826,-2.8782383461718593,16.034504948424427,0.936031449749099,0.30439985542989234,0.0,False,RUNWAY_EXCURSION,442,44.199999999997495,1,696204.3886861824,1324.5837534113753,4683.898002295315,470.07400282919696,dry,0.9722499195097608,5.1840523861949555,1.1115847679303785,0.0,0.0,-1.6753293058025465,1010.1772945532563,0.9858538958378867,nan,nan,nan,nan,66.14031555903416,0.30439985542989234,0.5931894683862815,125.05857581272586,135.06326187774394,5880883,0.1891465338032841,0.561787659678059,1.1576178103754404,clean,15.56191645230408,8.506510426422922,7.058530764515999,8.881067676962266,0.0,0.0,0.012175994217195693,0.0,0.0,-4.41999999999995,-2.206650231195009,0.0,-1.0462566487697007,0.0,0.0,-32.28074939168013,0.0,11.208461865267703,-20.896726327588123,-12.980881607263527,-2.8477579971486895,0.0,0.0,-60.0,12768
-92.94416417659346,9.398578248128535,30.415797146898,0.32274284781977103,-2.8688062531656486,-90.0,11.586013326368244,0.9382684784365402,0.02352761295566097,0.0,False,RUNWAY_EXCURSION,318,31.7999999999982,1,755680.8416004595,1330.2464823430407,4238.613358861366,28.890495285778638,dry,0.9996308089930156,0.7692790390897226,-1.9771357650684958,0.0,0.0,2.322431486244408,1013.3794468018235,0.9988016556448995,nan,nan,nan,nan,43.873938293014376,0.02352761295566097,0.4250818783187249,130.9894767570654,141.46863489763064,846428919,0.18184042080113946,0.2510537066992755,0.6191856160390343,clean,7.2589088707175495,2.960338378194937,2.6903878478867136,6.0337878187642975,0.0,0.0,0.0009411045182264389,0.0,0.0,-3.179999999999976,-3.1211089823788845,0.0,-1.177355649732457,0.0,0.0,-23.371490381997084,0.0,4.24048534984967,-18.95740097370778,-6.003743023690578,-0.3179145350179696,0.0,0.0,-60.0,13086
-102.02185660419323,10.600170434752586,30.102964958426245,0.1910494051992108,-2.9799831668659325,-90.0,8.825609944824455,0.9452838594242429,0.0072593985421463,0.0,False,RUNWAY_EXCURSION,347,34.699999999998035,1,761064.6343403088,1324.6808400471145,4285.871731830213,479.1185413089182,dry,0.9527826714149931,3.547831390006624,0.32944251401927716,0.0,0.0,1.3169131041908413,1014.896070206141,0.9857740039942812,nan,nan,nan,nan,42.956339341485126,0.0072593985421463,0.48743017044850845,131.1294492998361,141.61980524382298,1841261662,0.160760425036625,0.20141955146781282,0.5972402586084957,clean,7.247538187417111,2.592401464863993,2.1867290804676127,5.942292507066934,0.0,0.0,0.000290375941685852,0.0,0.0,-3.46999999999997,-4.3322415329215085,0.0,-0.8642417083570566,0.0,0.0,-25.693008466083594,0.0,3.971197799408837,-25.075436206003346,-4.273725646746285,-0.2536524592474892,0.0,0.0,-60.0,13433
-104.1491182693753,11.40530127725487,30.071592649497035,0.2306590151957021,-2.851773178926797,-90.0,6.308143552788164,0.9441177579721702,0.04363138495136809,0.0,False,RUNWAY_EXCURSION,358,35.79999999999797,1,740394.902557172,1328.3699106529627,4556.14053128589,417.04508577579884,dry,0.9620367172400923,4.429938250822287,-3.473032462536204,0.0,0.0,4.833513805208295,1013.0246811560639,0.9876997539109118,nan,nan,nan,nan,45.68931145447124,0.04363138495136809,0.6470500635675336,130.23990644761557,140.6590989634248,1190382222,0.14376383796283465,0.17700911989216284,0.5187276567490672,clean,7.691689415787258,1.872660817318041,2.7312976082021954,6.354690742902111,0.0,0.0,0.0017452553980547238,0.0,0.0,-3.5799999999999677,-5.174329022948074,0.0,-0.366152103952345,0.0,0.0,-26.516530109467244,0.0,2.191385107920067,-25.92752225857528,-3.284341459915991,-0.1437122620439132,0.0,0.0,-60.0,13791
-100.77460949240074,11.525690905927142,30.086475290554247,0.2587551087169177,-2.72910013975992,-2.8791434821022026,6.39004932205223,0.929094835225638,0.1179460142889539,0.0,False,RUNWAY_EXCURSION,385,38.49999999999782,1,688698.4354033461,1325.793671125474,4600.265691283965,22.1282770125627,dry,0.9628615283742757,1.057561451905042,-1.0292606853933397,0.0,0.0,3.873734829234947,1014.4828769336326,0.9989885735810209,nan,nan,nan,nan,53.54433707745639,0.1179460142889539,1.6103189153069586,125.31470911050707,135.33988583934763,72124473,0.14032900387640904,0.1879204674289348,0.5676655626816934,clean,9.42647602070499,3.059354033077487,3.92763170584212,7.339107165605505,0.0,0.0,0.004717840571558158,0.0,0.0,-3.849999999999962,-5.682666342300455,0.0,-0.36418581670527334,0.0,0.0,-27.905076240686935,0.0,3.6404975851960697,-26.039257674728923,-4.0728585239839425,-0.25834924499277756,0.0,0.0,-60.0,14176
-96.01873970217558,10.12453866252076,30.104533741761035,0.16315474285257858,-2.7910904781010033,-90.0,8.142643274003559,0.9309825395112455,0.055610425669527785,0.0,False,RUNWAY_EXCURSION,368,36.799999999997915,1,714316.3720160825,1326.951417303154,4419.707878477195,212.4673881888076,dry,0.9672852285287039,3.912202201479463,0.5700709378477908,0.0,0.0,0.3527418733877816,1010.4825816874234,0.9934489974047135,nan,nan,nan,nan,46.72698775667004,0.055610425669527785,0.503831514332127,127.10324719474357,137.27150697032306,1642588603,0.17303276102344106,0.1880891748593653,0.48928929664157006,clean,8.675945066712831,3.4747852822219776,3.214152804468118,6.442305648689662,0.0,0.0,0.002224417026781111,0.0,0.0,-3.6799999999999655,-4.191368021269664,0.0,-0.545228376251886,0.0,0.0,-26.70089319775101,0.0,5.508636601685132,-24.207788435609427,-3.9060017399670985,-0.10550975213084748,0.0,0.0,-60.0,14544
-101.85471727593156,11.911749455832577,30.034870349323654,0.13477209300784468,-2.6226177532345103,-90.0,5.493674287852654,0.9303952183412465,0.10310896604244135,0.0,False,RUNWAY_EXCURSION,391,39.099999999997785,1,676694.594326594,1330.257068312991,4729.927606968136,412.68289917886443,dry,0.9775982219286953,4.73665063368669,2.2130893301492915,0.0,0.0,0.40723583099284166,1011.8822069527226,0.987614640729547,nan,nan,nan,nan,48.457953366077994,0.10310896604244135,0.45229245948727126,123.63691093783999,133.5278638128672,1566923138,0.13417814635152409,0.14446384109383972,0.4345534330437775,clean,9.582535677093139,2.9251548383810735,4.061955022415147,6.691979110308764,0.0,0.0,0.004124358641697653,0.0,0.0,-3.9099999999999606,-6.164322451502703,0.0,-0.21600448630095676,0.0,0.0,-28.414373033011472,0.0,4.627611944223065,-28.83053661954067,-2.132252366269538,-0.08058927036898972,0.0,0.0,-60.0,14935
-131.48497426547337,12.651936911535987,30.009705772834323,0.3776727380160517,-2.707145822926073,-2.716979532648584,5.132663210439932,0.9339612731789677,0.6309897872210897,0.0,False,RUNWAY_EXCURSION,624,62.40000000000191,1,761784.491304394,1330.8545981892757,4655.886811090433,0.708732065139106,dry,0.9647105258509762,1.430248372805381,1.146111555187347,0.0,0.0,-1.4689389706067795,1010.689908051479,0.999608881985997,nan,nan,nan,nan,84.10924423258272,0.6277468835750284,-0.004034109471753311,130.83001392445993,141.29641503841674,1818006482,0.11126562185983553,0.2884848468945743,0.6807591008772167,clean,25.922631292977375,2.21908171522708,10.535805241125688,11.59270302372715,0.0,0.0,0.02510987534300114,0.0,0.0,-6.239999999999911,-11.098291194535078,0.0,-0.09650751161239875,0.0,0.0,-45.509600028258596,0.0,2.436626509732147,-44.86505754508033,-15.748893707770293,-0.658581936348621,0.0,0.0,-60.0,15559
-82.06069397223644,13.483607765739936,30.034525385190122,2.107207400507134,-1.3692956185885843,-1.3871736001649386,2.380914539509354,0.927274995325988,2.3774991858464887,0.0,False,RUNWAY_EXCURSION,552,55.19999999999687,1,670658.4563085662,1329.7926259686376,4740.589579179819,480.780396191989,dry,0.9663902081627006,3.243066627853362,3.9163867862538146,0.0,0.0,-2.8466691846965553,1012.8984939943886,0.9854138355763287,nan,nan,nan,nan,137.3912289428629,2.3774991858464887,9.75007580607393,122.32689378018787,132.1130452826029,377217572,0.0988070174916102,0.1965438960060533,0.4366836941017002,clean,36.153585795798904,3.8657395786162314,11.94040197661763,16.309365872543726,1.149008971436062,0.0,0.09509996743385951,0.0,0.0,-5.519999999999927,-11.150870940659761,0.0,0.0,0.0,0.0,-39.86724420302389,0.0,5.675974601719824,-34.18094586378466,-6.416362533352963,-0.11444719558127531,0.0,0.0,-60.0,16111
-77.99296210658062,12.899249821333349,30.231676282466374,1.1645360626520629,-0.799178364820521,-0.9808319479267258,3.2085244606006973,0.917808117911473,2.438897384441759,0.0,False,RUNWAY_EXCURSION,548,54.79999999999689,1,672474.798882411,1325.59186647603,4744.603930405256,274.2726678486122,dry,0.9529003014356021,4.767841096916156,1.9447555338100857,0.0,0.0,-2.104852915752536,1014.0010972789705,0.9914982335938881,nan,nan,nan,nan,143.3991397415426,2.438897384441759,48.7263621446916,122.58487079116324,132.39166045445631,191741830,0.1065116769294522,0.2551763638125204,0.49317941479834226,clean,34.93052622780959,5.234112822894913,11.566766981799125,16.161399840701193,0.9400105846865598,0.0,0.0975558953776704,0.0,0.0,-5.479999999999928,-10.131341553592927,0.0,-0.00010386841163174703,0.0,0.0,-38.97520228327932,0.0,7.042057416395282,-27.706974276029655,-11.480062295895328,-0.18863451289990696,-0.003073086136063696,0.0,-60.0,16659
-232.7735527140468,40.69728659575139,154.53997683582935,61.13004363680704,9.961581358597456,8.71281684045285,17.06087968511053,0.8770987881960152,288.29891083759827,0.0,False,LOSS_OF_CONTROL,751,75.10000000001202,1,689093.1969071417,1331.8071355887753,4410.996361321517,1.00277645928748,dry,0.9746506828778814,1.0896927343332585,2.9481443210281397,0.0,0.0,1.3346481301528454,1010.2332549296242,0.9912414324582149,67.00000000000557,2999.2113813707915,nan,nan,130.06928107581012,288.29891083759827,1743.2969279528309,125.06670460867842,135.0720409773727,1853662620,2.645067145155308e-23,2.146266279561931,1.5246191964054254,clean,71.47261290522071,4.881456487897862,12.422720545285832,16.36281991499587,10.688810616015962,7.2089171990719825,11.531956433503938,0.0,0.0,-7.509999999999884,-43.999665948119016,-27.817711863334154,-4.104368878891355,0.0,-9.954596247937598,-50.826938247141406,0.0,6.237519224559486,-81.16801843195924,-51.82220239106173,-7.7454259703964965,-8.631438061755834,0.0,-80.0,17410
-98.93900777785761,11.878662770963484,30.047849407813363,0.7795993324124019,-1.5175944347192012,-1.5350145827563773,4.32800097946445,0.9168928278087003,1.726551424820343,0.0,False,RUNWAY_EXCURSION,508,50.79999999999712,1,678011.4608696174,1330.4289498286107,4617.092627708466,367.73298246470836,dry,0.9729818271014645,5.826614456972229,3.79788614626921,0.0,0.0,-0.1887695269590175,1011.5534333565574,0.9888446071952851,nan,nan,nan,nan,131.0922593865587,1.726551424820343,6.491953007221216,123.64936797295299,133.54131741078925,47463574,0.11641318400048205,0.40745327779050966,0.6275865220090119,clean,31.450217397198404,3.936573696952241,9.895666362715037,16.32808518460199,0.16569330882300679,0.0,0.06906205699281373,0.0,0.0,-5.079999999999936,-7.964459516327457,0.0,-0.019309208589855367,0.0,0.0,-36.18914271150537,0.0,5.835670441790844,-38.426864595409036,-18.503090163445542,-0.4371100316544139,0.0,0.0,-60.0,17918
-102.03617556035525,9.850672716721254,30.563975704877546,0.6659526980394441,-2.3863643718811955,-2.405944511009252,7.049138968897177,0.9204354720449909,1.1000983254239713,0.0,False,RUNWAY_EXCURSION,447,44.699999999997466,1,748712.5408463789,1322.7665442064963,4238.476197841844,427.484850889213,dry,0.991750307013047,1.0952011015768512,2.354566130272594,0.0,0.0,3.2353718831096456,1015.9912205666099,0.987309901026183,nan,nan,nan,nan,108.36778091159866,1.1000983254239713,2.157957601809777,130.42091302193202,140.85458606368658,1162779115,0.1374624901204474,0.5210415340559609,0.8043553486203535,clean,23.637207810480405,4.42495014492776,7.884965603007762,13.779425362587444,0.0,0.0,0.044003933016958846,0.0,0.0,-4.469999999999949,-4.819442397607172,0.0,-0.16292931242057704,0.0,0.0,-31.939034919641017,0.0,6.659936894803843,-32.57392428545206,-23.665040314801033,-0.8362940792574484,0.0,0.0,-60.0,18365
-94.86280465655527,13.811405096723478,30.12706238108607,1.5932767417253724,-1.9330846656859986,-2.095608542992746,12.839056896897945,0.8981023261649376,1.5668463749124726,0.0,False,RUNWAY_EXCURSION,404,40.39999999999771,1,710361.8404987906,1322.0424692826648,4593.205031747665,474.3322798712563,dry,0.9888597216318431,5.148721419060636,1.111758653917387,0.0,0.0,-2.453993924403446,1015.8394738432077,0.9856559583583177,nan,nan,nan,nan,125.51082139561,1.5668463749124726,3.5993741476791286,125.79985521486634,135.86384363205565,172656923,0.05529747970427788,0.7453227322544899,1.1948028039868157,clean,25.54925945561071,4.919338819320253,7.491035124268181,13.587407090594906,0.0,0.0,0.06267385499649888,0.0,0.0,-4.039999999999958,-8.562775993478095,0.0,-0.47418278482254134,0.0,-0.5096244584355852,-27.98337315701902,0.0,8.364422022177532,-29.080311105769567,-21.536514067917157,-2.6501594560813304,0.0,0.0,-60.0,18769
-72.14367495890919,7.938663567080161,30.040802632646237,0.539206081801957,-2.1193039455981983,-2.1388882031487575,5.953609275734226,0.9030002306050684,1.1126719218221979,0.0,False,RUNWAY_EXCURSION,341,34.09999999999807,1,719329.8661395318,1331.0132457383454,4227.762213500966,258.37149400993667,dry,0.9915746706684423,1.0004942440025317,-1.471070153441679,0.0,0.0,0.16509535492828853,1015.2673334187367,0.9920695240984913,nan,nan,nan,nan,109.54857052012837,1.1126719218221979,3.8236654794562597,127.20621124780911,137.38270814763385,643626383,0.19339398394373764,0.44935677204112756,0.81204250675315,clean,17.393886121138156,6.0500245444174165,5.894016085872035,11.495648077447198,0.0,0.0,0.04450687687288791,0.0,0.0,-3.4099999999999713,-2.387847924207611,0.0,-0.13344971711795844,0.0,0.0,-23.81683037453139,0.0,9.572661226687789,-19.483254708814254,-12.58162534908544,-0.7814098175879619,0.0,0.0,-60.0,19110
-115.37985320511841,14.720041152278858,30.375747247773944,1.4756469245771755,-1.9474672037145784,-2.04944690014501,11.904743007534071,0.909712885816892,1.4046135489113567,0.0,False,RUNWAY_EXCURSION,432,43.19999999999755,1,717025.1016194718,1323.660651343244,4775.4222891276295,225.30850547736136,dry,0.9760078343408451,1.251230119531166,0.7516418716235451,0.0,0.0,-1.9430162508261333,1014.5836236739324,0.9929826173055905,nan,nan,nan,nan,121.30957270307623,1.4046135489113567,4.810144484865102,126.5797274990778,136.70610569900404,1033071480,0.04051170599484463,0.81902030547793,1.075803781247064,clean,26.332053411709936,3.610137043546962,7.136231900836208,13.68330460827421,0.0,0.0,0.056184541956454254,0.0,0.0,-4.319999999999952,-10.400621353189598,0.0,-0.7711862820272999,0.0,-0.1802430479153725,-30.418804078679692,0.0,6.226544219348172,-37.705702634665805,-26.74927646742437,-1.8784750668880807,0.0,0.0,-60.0,19542
-68.63222117037189,5.955882446784785,30.00635698013799,1.1188096714407358,-2.196381719733318,-2.231230465093835,11.969404465341157,0.9184509297987604,1.0197574017180955,0.0,False,RUNWAY_EXCURSION,333,33.299999999998114,1,707206.9674297555,1328.9341934766449,4658.034176315992,344.55558267050986,dry,0.9891168575481959,4.061894852390694,-0.8091942160441401,0.0,0.0,3.6286860823376257,1011.8300140924772,0.9896843219140454,nan,nan,nan,nan,105.58089098175134,1.0197574017180955,3.47943727470291,127.10044051741721,137.2684757588106,907713895,0.16902944550714377,0.7264930216980094,0.9192504894342663,clean,16.46404701491823,6.384238586624601,5.562697981811313,11.28811661097229,0.0,0.0,0.04079029606872383,0.0,0.0,-3.329999999999973,-1.3124838216370076,0.0,-0.9907434866683799,0.0,-2.360635531278628e-05,-23.738725975706377,0.0,6.983365075297759,-11.522718320624817,-13.412254110442978,-1.0485274146299197,0.0,0.0,-60.0,19875
-72.99778873152964,6.229080049321122,30.23274825246929,0.9361062407994939,-2.4806434074648447,-2.511056936766636,12.123502296399824,0.8899342270850606,0.8310907124229061,0.0,False,RUNWAY_EXCURSION,301,30.099999999998296,1,729116.4370346867,1329.0592245164994,4309.044668952612,452.820351621253,dry,0.9813967549353533,5.491315850121544,2.9061424914651997,0.0,0.0,-2.3553424516616106,1015.3517638493715,0.9863198194114908,nan,nan,nan,nan,98.26810389365082,0.8310907124229061,4.124571014986387,127.5023005625133,137.70248460751438,865948037,0.1574330722400959,0.7493550150544981,1.0156022088348695,clean,13.157801611874385,5.551136782774709,4.532310143020422,9.988047648704816,0.0,0.0,0.03324362849691622,0.0,0.0,-3.00999999999998,-1.2976925462795532,0.0,-1.148307581433306,0.0,0.0,-20.592895849288,0.0,7.0317097421448,-12.092072003488694,-13.881465170983052,-1.2696051370730825,0.0,0.0,-60.0,20176
-81.5406619273756,8.727342101889095,30.218603995575485,0.41456315191297954,-2.4255911993525325,-2.446783146510927,5.253544703481545,0.9147510035092072,0.9481070339006692,0.0,False,RUNWAY_EXCURSION,338,33.799999999998086,1,747214.2605931284,1327.8115775322246,4441.715525986697,433.59086457259934,dry,0.9644931913467202,3.008705477278075,0.1839950514455433,0.0,0.0,0.12287343073513401,1015.0280603989194,0.9869929653884782,nan,nan,nan,nan,101.01681681779029,0.9481070339006692,2.115912057863607,129.6540918075465,140.02641915215023,60816030,0.19632491526057091,0.28981697459367883,0.4942332360212389,clean,16.413982102757526,4.054346963165055,5.324628551056414,11.095737266335721,0.0,0.0,0.03792428135602676,0.0,0.0,-3.379999999999972,-2.860475228359026,0.0,-0.13120078335090013,0.0,0.0,-23.9560179859786,0.0,3.51333829014759,-22.296946349135748,-9.224679418811442,-0.1312996165581516,0.0,0.0,-60.0,20514
-69.91994350529933,6.419361708497682,30.371900539509085,1.2955698313829611,-2.351114546845752,-2.397312388509737,14.101157371882064,0.9133861133897743,0.942831490710887,0.0,False,RUNWAY_EXCURSION,324,32.399999999998165,1,713033.7447023183,1328.898435755182,4405.601623930362,188.2230719038195,dry,0.9626201005523157,0.37001854292408254,3.6638647292502493,0.0,0.0,1.9027012188305372,1013.5808323842148,0.9941479865676437,nan,nan,nan,nan,101.45728636224247,0.942831490710887,2.171599270797966,127.134989524828,137.30578868681425,11494707,0.1756423170602899,0.65114841066531,1.0387563566916072,clean,14.844484417378563,6.349978034140772,5.118096716635042,10.58812099708445,0.0,0.0,0.03771325962843549,0.0,0.0,-3.239999999999975,-1.4834953708029461,0.0,-0.8127999715260613,0.0,-0.01094855866310744,-22.972227486024558,0.0,9.814215303887025,-12.782709428051385,-13.774275346152754,-1.596096072832802,0.0,0.0,-60.0,20838
-73.09267341684429,7.186900497162566,30.165973779807484,1.1206853595110935,-1.9695988987159283,-2.0431591600456582,11.900406666137968,0.9019608578082806,1.225411179703542,0.0,False,RUNWAY_EXCURSION,321,32.09999999999818,1,692868.8177099719,1329.1709283110981,4408.768894796623,56.455219277172006,dry,0.9507392086056027,5.826504952209434,2.8997530107698015,0.0,0.0,-1.5536480933428525,1013.5438590312958,0.9979230343296605,nan,nan,nan,nan,112.62620219145613,1.225411179703542,3.548726793721375,124.57771222136351,134.5439291990726,266896303,0.17145719963118886,0.6248959921825707,1.0886942768958683,clean,16.1300096795537,5.676832178675185,5.265544931728036,10.80294474573149,0.0,0.0,0.0490164471881417,0.0,0.0,-3.2099999999999755,-1.8422382156347883,0.0,-0.42202592519967924,0.0,-0.017374113863019642,-22.347307463983977,0.0,10.311425470706519,-15.902433458154436,-15.93266645223463,-1.6544012413568299,0.0,0.0,-60.0,21159
-64.15021692936863,8.267973070448631,30.19943713643194,0.29404533108491593,-1.8312942122538904,-1.8339621341967522,6.074578704100548,0.90543259179121,1.9225187664931127,0.0,False,RUNWAY_EXCURSION,447,44.699999999997466,1,742685.452137774,1322.353278797306,4609.863589229217,180.23516901742664,dry,0.9708277930919234,3.6188759148787097,1.4965080625936888,0.0,0.0,-1.0155687677199694,1015.49203180235,0.9943122779086923,nan,nan,nan,nan,134.70738005047795,1.9225187664931127,2.020331882946369,128.97561942640598,139.29366898051848,17790419,0.20057914667175952,0.3439073940289573,0.6539670251343355,clean,29.857430977910155,7.524003560355332,9.166750801767705,14.868452927883059,0.22610572309615357,0.0,0.0769007506597245,0.0,0.0,-4.469999999999949,-3.395182475118635,0.0,-0.05460686710160957,0.0,-9.320886983680405e-05,-31.259620204614283,0.0,10.47227789021556,-21.254919854744724,-15.539261294126034,-0.36845565668109187,0.0,0.0,-60.0,21606
-50.28342496545059,6.902152107134905,30.105861164027345,0.8485640286098375,-1.4173004473275435,-1.4132427167163328,7.736368396410562,0.895180870068815,2.3279998752436484,0.0,False,RUNWAY_EXCURSION,477,47.699999999997296,1,727857.0459902526,1325.0676860927674,4524.446791640826,199.71126200005213,dry,0.9836797126706278,3.2651276262044506,2.0525680691478825,0.0,0.0,3.170528997003805,1012.9068222230384,0.9938071994285743,nan,nan,nan,nan,143.4125301312608,2.3279998752436484,14.85852603868123,128.77294538300103,139.07478101364111,1440154963,0.23034503652825297,0.3584349935713081,0.5887707158720193,clean,34.890848936085554,10.496883455435428,9.817556817795035,15.032964780993927,1.1858286039354056,0.0,0.09311999500974594,0.0,0.0,-4.769999999999943,-2.5249042966314197,0.0,-0.20176464595687094,0.0,-0.036638048083844806,-32.86046254793519,0.0,20.529140215499556,-24.139332263380314,-17.50476210177992,-0.29190386643767785,0.0,0.0,-60.0,22083
-63.49663302148681,8.955219739784592,30.091142010711135,0.9239883872840028,-1.5343141007250711,-1.5441164928980704,5.374205740114446,0.8894717533266421,1.9746772132940862,0.0,False,RUNWAY_EXCURSION,427,42.69999999999758,1,761746.832413191,1329.7123218545248,4509.858769411318,31.9507080993221,dry,0.9531041147845475,4.289402622691245,-3.6695479788731458,0.0,0.0,-1.0423357833842166,1013.2780347304476,0.9986422588105871,nan,nan,nan,nan,134.47953619613838,1.9746772132940862,1.2275148084929732,130.75677317008999,141.21731502369718,1128755548,0.17030141808497964,0.4528236093085502,0.8351853148560527,clean,28.370328988013256,8.354136607231881,8.863767070193516,13.970457760720251,0.0,0.0,0.07898708853176348,0.0,0.0,-4.269999999999953,-3.8048527967780443,0.0,-0.05046041160084415,0.0,-0.0004606185389882396,-29.110738586959428,0.0,10.748408036829634,-19.911697098905417,-15.75197920796539,-0.9825298522589554,0.0,0.0,-60.0,22510
-78.92474545574677,3.3055323831287526,11.37877579962852,20.759615609842605,-1.374677262833215,-1.404876937298258,8.445127033579281,0.8429735353015871,10.2754883874872,0.0,False,UNSTABLE_AFTER_LIFTOFF,591,59.099999999999284,1,760129.3891943253,1324.622424564215,4542.964810038961,230.62791764360156,dry,0.9777514162455344,3.3876824478621854,1.482138554444818,0.0,0.0,3.441580558968921,1014.5426973877727,0.9926993390425123,58.09999999999849,2480.9524945364838,nan,nan,172.14550876648488,10.246760351571282,-4.951837207433627,131.5518241809863,142.07597011546522,1389828892,0.09950125877252922,1.005206089496115,1.4267756246692551,clean,50.56311125506786,14.482777331955756,12.404835580038448,15.971750195269967,1.684216382987322,0.011955704960770716,0.40987041406285113,0.0,0.0,-5.909999999999918,-0.7175097447249439,-4.50967018881517,-0.24619379891046486,0.0,-2.459012543176495,-37.56208780756396,0.0,26.105546419473747,-33.83094668256327,-37.50543529572207,-5.43734311974467,-2.380609558342312,0.0,-70.0,23101
-167.60727461832414,23.781710517567248,115.49916919376729,39.97378750754091,-0.003928011344321982,6.733647095416177,8.752614670462297,0.833462904872782,77.27921894095964,0.0,False,CRASH,621,62.10000000000167,1,700002.7513383245,1331.9660662819651,4577.083782171233,75.69654506285222,dry,0.958145408403145,1.3455519904056423,2.1964286770967676,0.0,0.0,3.6001667259474432,1013.9361279273597,0.9971528802231305,45.29999999999743,1624.0724325346848,nan,nan,171.87921409862253,10.237541134474043,-613.5331440527887,126.31383422158362,136.4189409593103,552547096,2.8698682476203225e-12,1.9575855716112043,0.8790035361408688,clean,58.5642258567933,10.363026501796615,13.14067626157751,14.425128447237663,5.257675384022328,2.965256459339147,0.4095016453789626,0.0,0.0,-6.209999999999912,-19.887778132788608,-27.532774823437265,-0.42270015103953146,0.0,-7.349202099468876,-39.1912833239989,0.0,16.102430979282026,-48.06380616939713,-32.93377814486521,-1.6439292620060806,-5.599944046749677,0.0,-100.0,23722
-82.46488157332345,7.407418181101468,30.53402366984303,0.8155850603023119,-1.4839796858653522,-1.491091796347132,7.323558515519061,0.880855681433881,2.020401633644042,0.0,False,RUNWAY_EXCURSION,734,73.40000000001066,1,743784.5713332518,1324.8419758616621,4708.3088777765015,374.97061842294505,dry,0.9885136471445778,7.867036132766825,-3.329546702436138,0.0,0.0,-2.4913289775592107,1010.2758173762243,0.9885654129444957,nan,nan,nan,nan,119.29339259194671,1.5922567166767294,-1.5456946534585647,129.07082820278117,139.39649445900366,1321529463,0.17258850393268016,0.5815695402595865,1.2942485169022857,clean,65.45922723204298,12.250942393704097,16.467379636902322,15.574687609327011,0.882944615595617,0.0,0.06369026866706926,0.0,0.0,-7.339999999999888,-4.474940619614335,0.0,-0.2083456942976135,0.0,-0.21172176850852917,-49.351690043534326,0.0,9.123925619985013,-33.40439535393547,-42.12487104337927,-5.171714426277717,0.0,0.0,-60.0,24456
-127.09760634439436,5.753257708271653,30.733507644169126,1.5328395417421459,-1.5931771387782616,-1.640127323858398,18.192351358351463,0.849833706038536,1.8113078841293486,0.0,False,RUNWAY_EXCURSION,692,69.20000000000732,1,750640.2308426315,1324.3659416286287,4383.090359133239,148.95647717341294,dry,0.9574528314936892,4.848500738716287,-3.0388398414205557,0.0,0.0,1.1865209159477503,1014.5151072537138,0.9952533692029883,nan,nan,nan,nan,130.71237243689126,1.8113078841293486,2.92755755892518,130.22341311578154,140.64128616504408,1640795441,0.04804956046983147,1.3229848983978592,2.629808228959357,clean,50.72114600172768,11.986860244735777,13.240093619206448,17.963879304528874,0.0,0.0,0.07245231536517388,0.0,0.0,-6.919999999999897,-2.545020242932082,0.0,-3.323676319329331,0.0,-6.637880477891649,-44.5415844152349,0.0,10.923790445308,-41.63133897972933,-49.5479122375024,-16.858116447821953,-0.00029915482399840986,0.0,-60.0,25148
-106.28736207393186,5.366205106557176,31.122786022207006,1.511587298584421,-2.2075316217098515,-2.2289164381896303,21.50902092054288,0.8518396400801562,1.046702044655433,0.0,False,RUNWAY_EXCURSION,566,56.599999999997294,1,742305.0209707044,1323.129731421182,4560.609358506204,143.29845023337052,dry,0.9564614191213393,2.1463149275105495,0.0005902127144388203,0.0,0.0,-2.395158520106425,1013.9942933536626,0.995389952033249,nan,nan,nan,nan,107.71056807282548,1.046702044655433,5.57280281073,128.7274094563726,139.02560221288243,823941273,0.030894907652448813,1.4816292494952863,2.408932826651627,clean,34.55507086510444,10.229477408059402,10.370702615741209,14.40957955963373,0.0,0.0,0.04186808178621729,0.0,0.0,-5.659999999999924,-1.8109583334480475,0.0,-4.648766760920462,0.0,-3.2826977263670494,-36.71764802911009,0.0,10.68609183710235,-30.708346697406586,-32.783452797880045,-10.968282096226815,0.0,0.0,-60.0,25714
-232.31382127418223,9.739005972236066,24.248304799331297,1.8355781297555192,-2.64346333437132,-2.670450071308603,10.76642134463759,0.816621706182353,0.8287255780968934,0.0,False,INSUFFICIENT_RUNWAY,1239,123.90000000004419,1,734211.5343953952,1326.695480465894,4394.930414569135,67.49623937237659,dry,0.9901575560480842,5.162509810622405,-2.40559771141687,0.0,0.0,-0.609453407086618,1015.875706105935,0.9976491928754456,nan,nan,nan,nan,65.70539630092028,0.29750313653173066,-0.33409161608821236,128.3041335956651,138.56846428331832,989821580,0.0753942352134915,1.1245538457569142,1.7888627750995214,clean,87.41433005158848,14.89419619067065,25.59126522343087,12.873923497837959,0.0,0.0,0.011900125461269251,0.0,0.0,-12.38999999999978,-13.0574406720514,0.0,-1.7769802215901869,0.0,-0.17734517353198104,-76.27341540762983,0.0,11.400428737373867,-107.73626828904511,-104.2882202123334,-18.80019512436084,0.0,0.0,-50.0,26953
-83.19217982088955,5.313444126797142,30.749349587938298,1.3048220467092324,-2.2302249001565833,-2.215640528059276,18.819886603073172,0.9116558613224024,1.1942365655349931,0.0,False,RUNWAY_EXCURSION,727,72.7000000000101,1,745380.009169032,1330.0076042006772,4252.464761686895,412.20349892502,dry,0.9675086759018107,0.08253495044384618,-2.0082152613219226,0.0,0.0,-2.9007633143044584,1010.1108473966567,0.9874821103271504,nan,nan,nan,nan,110.936039356203,1.1717640339772402,2.0486857079383647,129.12709647109494,139.45726418878255,2141492029,0.11468607878221714,0.9563782406002166,1.505821946763385,clean,51.00721685598301,15.279726491513362,16.002351949414024,15.202728156871322,0.0,0.0,0.04687056135908959,0.0,0.0,-7.269999999999889,-2.2805738368009556,0.0,-3.7078999518640186,0.0,-2.1869128194291916,-51.23444401469308,0.0,13.670825024666485,-30.050276514526143,-31.00678549648179,-6.665006226901382,0.0,0.0,-60.0,27680
-88.92397100190277,6.0940357638551435,30.056122628861395,1.2057532137931437,-1.8772614682852355,-1.8327117111231515,15.621358017157918,0.9070370639274696,1.6085063972217881,0.0,False,RUNWAY_EXCURSION,668,66.80000000000541,1,689851.842212994,1327.2464764540823,4392.077036586094,286.13122259906527,dry,0.9764776638128275,3.476282101926853,-0.8780995761920072,0.0,0.0,2.2680948729926866,1013.8150792174189,0.9913037283809446,nan,nan,nan,nan,124.51349717305239,1.6085063972217881,0.5860801006333283,125.11551393719151,135.12475505216685,1728701086,0.14407984948116995,0.8198233291350885,1.4511077844590503,clean,46.89639052207786,12.180008239712542,13.621973687877597,16.624630178868866,0.0,0.0,0.06434025588887161,0.0,0.0,-6.679999999999902,-2.7564108470316895,0.0,-2.4705267573067524,0.0,-2.2647869228770063,-46.830935626682965,0.0,16.094136249333683,-36.071861911918965,-31.313843631490204,-6.017084438354297,0.0,0.0,-60.0,28348
-121.69036319342356,6.670634784232577,30.089664472399008,1.4015123128705378,-2.0479126147550617,-2.0545399895588425,13.908908718255919,0.9176867237193975,1.3063116829107457,0.0,False,RUNWAY_EXCURSION,695,69.50000000000756,1,722691.0539094578,1331.9397581561861,4353.573548131379,193.3672279823654,dry,0.9650548192917774,6.325019070228036,-2.4227290924773976,0.0,0.0,4.216024849677368,1014.7639592981302,0.9940360811233659,nan,nan,nan,nan,108.54223825631932,1.2347542702165981,-2.3697085949861396,128.42750954977245,138.70171031375426,2106327850,0.05818992121046062,1.2345592148414417,1.9016213248692113,clean,46.81189820972035,11.98558144780171,12.585927376056324,15.399549044315055,0.0,0.0,0.04939017080866395,0.0,0.0,-6.949999999999896,-3.4361856727896063,0.0,-2.4937006336130656,0.0,-2.0015895469610863,-49.49734428977743,0.0,12.472118019267208,-44.62527988217595,-40.04938227687204,-11.941345159203074,0.0,0.0,-60.0,29043
-124.72169912990282,11.320713076214286,30.83939577763506,43.151953813055094,-1.4641444554844083,0.03342676336355197,24.934867492342395,0.8732654942446446,7.744278985429617,0.0,False,RUNWAY_EXCURSION,664,66.4000000000051,1,723420.229942625,1328.786408040169,4333.842000099369,325.62775086848313,dry,0.9630575156243719,4.577671899208634,3.384861976333206,0.0,0.0,2.5398635017625883,1012.7713778169662,0.9900084615609013,nan,nan,nan,nan,141.81795902821153,7.590055932663915,-13.015896759926182,128.2494012660006,138.50935336728065,815020182,4.523463341781233e-05,1.8443663573137286,1.6336673663179708,clean,50.044199477192635,9.160216345996707,13.31239550031004,17.54409524246562,4.150908808728613,0.0,0.30360223730655655,0.0,0.0,-6.639999999999903,-9.455252620426174,-13.913639942999563,-4.069930831327633,0.0,-6.4702132815404445,-44.31752451004817,0.0,9.701585704426908,-46.36756346351565,-27.357782744348803,-6.743634282302341,-3.603160769820789,0.0,-60.0,29707
-225.78515868897273,20.943965504125902,127.47665965187716,42.2850697308414,2.885747874466096,4.587997522933725,21.67314514775663,0.8646791446125708,23.883593209629964,0.0,False,CRASH,907,90.70000000002443,1,709961.7534237285,1329.3073244150125,4368.098497836068,427.7172853018972,dry,0.9980502143763699,2.244468190970905,3.913827001566024,0.0,0.0,-2.7471325149476256,1011.8295820620576,0.9867745257667855,86.90000000002141,4129.555776970657,nan,nan,144.30066019949638,9.734954415027858,-1042.259493107711,125.94871582421399,136.02461309015112,1472190200,7.720909748338852e-13,1.5223469666179956,1.23667331619454,clean,87.19141580489965,7.104963768307463,18.554080626443334,16.686768549245382,8.352153735812925,0.6005362268502148,0.38939817660111414,0.0,0.0,-9.069999999999851,-30.262349865088527,-21.653123569343038,-5.573732765546732,0.0,-3.234120367807532,-59.847352443390264,0.0,12.051403933976811,-78.65889049023939,-58.420079030336765,-5.40211760105286,-4.5941133783030255,0.0,-100.0,30614
-72.05128878038106,13.99648799927101,30.010247493009523,0.6263497754150241,-1.8593680568818973,-1.8673728388375526,3.638664629781416,0.8990097402101492,1.5119709473638636,0.0,False,RUNWAY_EXCURSION,502,50.199999999997154,1,691999.8813981393,1323.4495055460272,4782.41180071436,204.8521295498375,dry,0.951745399986104,0.27774926487625873,1.6821165857767943,0.0,0.0,-2.297153641085279,1014.0768853254363,0.9935575022654853,nan,nan,nan,nan,118.75346018202109,1.5119709473638636,0.3465137030437049,124.30529138070744,134.24971469116406,2040324894,0.08749847215449048,0.27210580873202433,0.490199243948734,clean,32.01015689552324,6.784573158410304,11.189717139340177,14.269784462526813,0.0,0.0,0.06047883789455453,0.0,0.0,-5.019999999999937,-10.926960167721791,0.0,-0.00205400977521756,0.0,0.0,-34.78667284820132,0.0,9.373109053137524,-22.872208720455806,-11.912510056577247,-0.21870252448220232,0.0,0.0,-60.0,31116
-70.35040191212255,7.576410896822334,30.27122309819865,0.5655291356845378,-2.4468932467399744,-2.478302707917838,8.073235349468357,0.8966463887817645,0.778250684523698,0.0,False,RUNWAY_EXCURSION,378,37.79999999999786,1,747180.4593744794,1325.7648619712054,4416.644698788167,496.2905111083062,dry,0.9720260654835953,7.896840778891399,-1.4390864600169637,0.0,0.0,3.96595443877601,1015.5417687318626,0.985373029731996,nan,nan,nan,nan,97.37044994574502,0.778250684523698,5.140178959912802,130.47949988442224,140.91785987517602,1396850658,0.20890949958264476,0.3850536187476649,0.5191707336186265,clean,16.33286395730928,5.606216939878635,6.62394266497508,12.140876593887919,0.0,0.0,0.031130027380947913,0.0,0.0,-3.7799999999999634,-2.410884087254504,0.0,-0.25845296815636176,0.0,0.0,-26.084668982760984,0.0,7.011103828061248,-13.233518405135653,-12.164334076410672,-0.1646774038974525,0.0,0.0,-60.0,31494
-63.04949454914462,9.595164755885023,30.16906926238596,0.5329390143995164,-2.225062463815822,-2.227568917780116,3.147235729423007,0.8850697726011277,1.173174832312327,0.0,False,RUNWAY_EXCURSION,398,39.799999999997745,1,729772.6675561804,1322.6742599096308,4342.314853205542,375.29487786647775,dry,0.9698496150746124,5.479605677845412,-0.4019589011942122,0.0,0.0,-1.2692469519925256,1014.3766183451336,0.9886299046578501,nan,nan,nan,nan,107.58561482487364,1.173174832312327,0.8072193407323347,127.86323116127451,138.09228965417648,1804554973,0.18434890499941706,0.19888822580772142,0.4029346210555631,clean,22.298182289369098,7.056920792005557,7.995619040241019,12.333672588742507,0.0,0.0,0.0469269932924931,0.0,0.0,-3.979999999999959,-4.07141558929401,0.0,-0.00012075715628354102,0.0,0.0,-26.997392776391184,0.0,11.214361900822928,-24.064816084488545,-4.802170816537751,-0.07926212975038023,0.0,0.0,-60.0,31892
-70.81317880045809,9.540192676088935,30.05573568356529,0.5125280234774952,-2.387805019088638,-2.405323011804404,4.729226107043277,0.8651771631069529,0.8984943677996284,0.0,False,RUNWAY_EXCURSION,334,33.39999999999811,1,744685.9130404697,1331.146595783616,4450.152350429182,335.25198064961774,dry,0.9714425387677308,4.219664200924415,0.5531942148310329,0.0,0.0,2.4898336366163125,1011.5010238536638,0.9899361569293703,nan,nan,nan,nan,99.21004402771729,0.8984943677996284,2.1782242354228565,130.19123934079553,140.6065384880592,1478428095,0.17976648785852933,0.28225901904408035,0.4364148788218666,clean,15.740765945854793,4.702604011108088,6.027500923383186,10.829139282971244,0.0,0.0,0.03593977471198513,0.0,0.0,-3.3399999999999728,-3.37767803146277,0.0,-0.035138019114115696,0.0,0.0,-21.953695429984847,0.0,6.318174361510828,-16.74474531719161,-8.937346749058685,-0.07869955318615693,0.0,0.0,-60.0,32226
-63.70986119879509,12.88522308023878,30.003108243362604,0.6140439469524804,-1.7845011404964053,-1.7940371538660957,3.339219356537011,0.8685000878010454,1.8752019883566504,0.0,False,RUNWAY_EXCURSION,502,50.199999999997154,1,728167.6681787529,1325.8240095859182,4730.509394744519,313.88465396087827,dry,0.9850215464907891,5.1088182074800095,-0.35594687320941265,0.0,0.0,-0.6458637534153864,1011.8193557877664,0.9904112608462536,nan,nan,nan,nan,131.98091038987903,1.8752019883566504,0.910340915706751,128.02271704712774,138.26453441089797,1511830742,0.10690637223195533,0.28578491327274336,0.5718358299008487,clean,36.976945098546075,7.160678714170021,11.514310990962331,15.033128090180579,0.0,0.0,0.07500807953426601,0.0,0.0,-5.019999999999937,-9.260727206823791,0.0,-0.0006002161227875581,0.0,0.0,-33.13005749311431,0.0,13.945384065487051,-27.87650773906334,-12.771446688020875,-0.3559768945302351,0.0,0.0,-60.0,32728
-159.5004646642704,45.57234161258227,164.51600740245547,60.17903853662104,21.925362379532064,12.526247825321262,11.076840144727143,0.8030786729319308,286.7222844151303,0.0,False,LOSS_OF_CONTROL,656,65.60000000000446,1,755003.5584104252,1331.868168763979,4518.511612146725,178.95931983965184,dry,0.984648955560021,6.6732798448676505,0.7469429694891958,0.0,0.0,-0.2310389811023823,1015.9553809499881,0.9860806542526553,53.39999999999697,2290.3661333895107,nan,nan,125.34966483638571,286.7222844151303,2546.860585822736,130.18864360255247,140.6037350907567,835202397,1.4224033674554087e-25,1.913949585514886,1.4307940468162381,clean,64.16128303167946,5.66220141167806,13.378692163954863,14.788296999152172,6.365725963129761,7.254324169247224,11.468891376605212,0.0,0.0,-6.559999999999905,-51.0081198039259,-22.76126672299677,-1.4818001054125052,-1.1867655526756793,-2.3629390958715546,-39.71552073129203,0.0,8.182439430269538,-43.22508365499915,-31.432837165767523,-5.807298250260507,-5.220688126784685,0.0,-80.0,33384
-102.59300968738427,16.547557055899244,30.005484187160853,0.557852967320911,-1.6692046092514414,-1.6783376104923249,4.9345297450715675,0.8609734709893556,1.9116006132170469,0.0,False,RUNWAY_EXCURSION,533,53.29999999999698,1,690904.6431957093,1324.5828280438252,4246.445334723987,165.60254036167177,dry,0.9983343235557207,4.104118810730679,1.1966570405455164,0.0,0.0,0.303883081554166,1014.2579390894293,0.9947459707578932,nan,nan,nan,nan,133.84185093381862,1.9116006132170469,1.6070821963239368,124.75955867090873,134.74032336458143,1879383516,0.046836478291966195,0.3980076446724373,0.6655664533003034,clean,44.310211847498785,3.718164795904061,11.260538862567767,13.380545246943528,0.6516940060416548,0.0,0.07646402452868183,0.0,0.0,-5.329999999999931,-16.216326280913567,0.0,-0.08879741512610068,0.0,0.0,-34.583893009110156,0.0,3.5173082280638286,-39.96951485033207,-22.685368308686453,-0.6340368347639393,0.0,0.0,-60.0,33917
-67.51754747538709,9.451271785352189,30.20922553080013,0.4908759072086229,-2.360914662931417,-2.3860877175164132,3.6858131338882565,0.8487780276272031,1.1692673785713055,0.0,False,RUNWAY_EXCURSION,384,38.399999999997824,1,744591.5161219658,1328.3597730637598,4526.705270353086,484.7778448961024,dry,0.971981324718146,5.1218143603421415,-3.84659848015368,0.0,0.0,-1.8174077567851752,1012.4697715561857,0.9854160741228968,nan,nan,nan,nan,112.79125681903707,1.1692673785713055,3.73228893015094,129.152907844002,139.48514047152216,290117534,0.18569923614465028,0.2206905867900683,0.3802167144805656,clean,20.939929553809346,6.021790112431572,7.427747094883081,12.898037338661114,0.0,0.0,0.046770695142852224,0.0,0.0,-3.839999999999962,-3.8112656367186917,0.0,-0.004095324707197207,0.0,0.0,-24.524752071232367,0.0,5.1503114605783615,-21.736490640385725,-6.019143661496131,-0.06638639635326996,0.0,0.0,-60.0,34301
-152.661188693871,11.482170145761705,65.92754186451286,38.38412200535893,2.9194182205938093,1.8189858582828302,21.499566310645744,0.8419630115376713,29.50401792386583,0.0,False,CRASH,579,57.89999999999833,1,700854.2891945445,1329.117843554678,4776.478933006908,161.2443235600643,dry,0.990429716645093,0.7997736626323766,3.096124508099911,0.0,0.0,-0.9336092577234165,1014.973531530505,0.9946715998979008,51.69999999999707,1943.032826537281,nan,nan,151.76869963060554,8.189887252512364,-833.2822380653557,125.34063966057286,135.3678908334187,1243185673,9.048645830677329e-06,1.4780418080285924,1.3489355513055206,clean,47.43697002435295,7.752097737443898,11.896024775128346,14.58930129838733,4.403671676648152,1.018093566979542,0.3275954901004945,0.0,0.0,-5.789999999999921,-8.334364608070576,-15.157337834827661,-2.817106484886022,0.0,-1.2216458608373264,-36.60143452211421,0.0,12.330729517489004,-41.692051907274866,-32.62002616272923,-4.857300280249167,-3.324405119411386,0.0,-100.0,34880
-79.59442499760158,7.768450952007709,30.6620381888699,18.09304357254576,-1.341475820300648,-1.3969212038770766,2.635871516120056,0.8327470707475756,5.585715641774925,0.0,False,RUNWAY_EXCURSION,628,62.80000000000223,1,762099.8262789581,1328.5860295879866,4363.628478405769,133.80117782943697,dry,0.992714856139291,7.787579049327216,-3.0739993539129555,0.0,0.0,0.2927824850428893,1012.6548520128597,0.9955768551315191,nan,nan,nan,nan,146.73352587290105,5.585715641774925,15.693281996142687,131.13113877090873,141.62162987258145,1549384411,0.0753357482449324,0.5510834568945332,0.9778632586404471,clean,55.900771861820566,8.488988794304161,14.895500022459759,15.947492754725912,1.5165192746917284,0.0,0.223428625670997,0.0,0.0,-6.2799999999999105,-4.211007262408296,-4.879828054970551,0.0,0.0,-0.0008650433105948591,-39.07764347204849,0.0,13.77203066436773,-34.965627793646824,-38.455040441930194,-2.2402727783214416,-0.22887214900577108,0.0,-60.0,35508
-87.06505896674284,12.196712034488458,30.278961014711893,13.973730416163505,-1.2071972579909023,-1.2233282366097689,4.540488601545552,0.8366472209041762,5.022497460929401,0.0,False,RUNWAY_EXCURSION,660,66.00000000000477,1,706756.8155804661,1323.5335624577579,4242.4480399524045,188.88926105002446,dry,0.954256861658458,3.6115099348671738,0.881359985967404,0.0,0.0,-1.0436283674500721,1010.5837753677077,0.9939464184407755,nan,nan,nan,nan,145.79978211193895,5.022497460929401,35.91421304503282,126.11624875226646,136.2055486524478,1815655708,0.06511151323792479,0.43789623301030534,0.6170186333596267,clean,57.051888169626984,6.299538901132365,15.551490912244889,15.118786184467814,1.6190711176236205,0.0,0.20089989843717596,0.0,0.0,-6.599999999999904,-10.909050859830602,-1.5285683439694944,-0.01765748569449093,0.0,0.0,-41.23745453377421,0.0,11.45241037652353,-43.122116969220066,-30.2528753345328,-0.4445070768268097,-0.24691392295040324,0.0,-60.0,36168
-72.97501707460685,11.867271295885885,30.05910501612272,0.5851165368198711,-2.729962997629034,-2.7360885556502708,4.351985637075632,0.8303511700171836,0.92070132818057,0.0,False,RUNWAY_EXCURSION,404,40.39999999999771,1,753319.1740945588,1322.7567592277424,4581.259840840201,234.346705671357,dry,0.9525466739390003,2.6067118014097774,-2.746634311832441,0.0,0.0,-1.8604089268056745,1015.7534941767813,0.9927337487864123,nan,nan,nan,nan,99.44567758196418,0.92070132818057,0.14126556177778582,129.68773776528795,140.062756786511,1128189815,0.1250105009969923,0.3107354645060684,0.45898128769748375,clean,21.525032931984768,6.5520379735529275,7.595513802758929,10.385300853818856,0.0,0.0,0.036828053127222794,0.0,0.0,-4.039999999999958,-6.3217977462337185,0.0,-0.022343498795977676,0.0,0.0,-25.078350593014836,0.0,10.212176692798373,-21.3763343835611,-12.351069914498423,-0.09201124654383051,0.0,0.0,-60.0,36572
-64.17096549048718,11.61583540947563,30.18278476218715,6.403479882160627,-1.3283948150675562,-1.360181898050589,4.364372240917062,0.8399533613451885,3.253688504826755,0.0,False,RUNWAY_EXCURSION,560,55.999999999996824,1,676666.480420182,1325.6955791127693,4688.232158534734,321.5681525382317,dry,0.9509981006060717,6.953964430523606,-2.4350427298955064,0.0,0.0,4.840431681801765,1012.9334429287545,0.9903272857047182,nan,nan,nan,nan,133.5721944300432,3.253688504826755,15.261824946283049,124.51577695559084,134.4770391120381,806201099,0.10720337422719613,0.4257886198028772,0.6589484903621868,clean,44.62943865772713,8.642703220506034,12.601765158482259,14.427316234695157,0.6049864693606914,0.0,0.13014754019307015,0.0,0.0,-5.599999999999925,-8.395497118401734,-0.08880810947304661,-0.012556863111157508,0.0,-0.004231812872111446,-35.27476205559285,0.0,18.350535595005425,-30.83015101230633,-22.693557893136525,-0.6177887405688697,-0.04050476099428923,0.0,-60.0,37132
-57.325288784128254,11.13710637765582,30.002596194417947,0.6629141514941492,-2.5520321040112566,-2.5679658134343173,2.5769793592548274,0.8491999354637626,1.0043197353944038,0.0,False,RUNWAY_EXCURSION,647,64.70000000000374,1,750863.0863741322,1326.5236423092106,4659.479808698109,346.49160495046635,dry,0.9540687487286212,1.4672227206080821,1.3205779020749104,0.0,0.0,4.233929263857925,1012.4672365606597,0.9896647296036923,nan,nan,nan,nan,99.27926370692005,0.920776307495828,-0.9265395617303795,131.0591733171024,141.5439071824706,666239354,0.14770079796264832,0.22347222103978917,0.648243340439955,clean,43.947155860876904,10.529912211145088,15.265132243227528,13.353359956534726,0.0,0.0,0.03683105229983315,0.0,0.0,-6.4699999999999065,-8.916748287588067,0.0,0.0,0.0,0.0,-41.47340857439266,0.0,19.856318186187586,-33.04893103124709,-9.617960442414097,-0.7869499587578158,0.0,0.0,-60.0,37779
-59.49173095832182,7.565152205189597,30.228874372233886,0.6161335941210891,-2.2962834161917782,-2.3163709728938793,6.143364412438905,0.8474243281888848,0.9461026270076616,0.0,False,RUNWAY_EXCURSION,431,43.09999999999756,1,691957.9431553226,1330.8642086095542,4536.818725989041,227.65906743099112,dry,0.9675054611202732,6.04606313192653,1.019461967554332,0.0,0.0,0.10412891590940632,1012.1814242252475,0.9929604823506464,nan,nan,nan,nan,97.54461876814037,0.9151519926590765,-0.899353808506973,124.93934469103158,134.93449226631412,908297867,0.21425672723527425,0.3561932203891524,0.7707309207969737,clean,24.177000275571807,8.963728246586838,8.404168976267043,11.406408170959283,0.0,0.0,0.036606079706363065,0.0,0.0,-4.3099999999999525,-2.7407542799546945,0.0,-0.13860563651230662,0.0,0.0,-27.644649286525624,0.0,18.504167431873075,-22.681879847471677,-12.578930903159254,-0.8889901856625912,0.0,0.0,-60.0,38210
-73.54280607179204,7.835655962745661,30.373243756495466,0.5231164370926216,-2.370281044115659,-2.390324113905843,9.36154579062295,0.8214001805598029,0.9012706620640074,0.0,False,RUNWAY_EXCURSION,345,34.499999999998046,1,677768.0207985884,1325.366602553122,4416.194167296779,284.2870130478178,dry,0.95291269803912,4.028182510659616,-3.1492075490138465,0.0,0.0,4.75450374823229,1011.8099513989832,0.9914523444962059,nan,nan,nan,nan,94.84078826047502,0.8697278415980918,-1.277049079228334,124.66796647283988,134.64140379066708,1043323488,0.18298726420576777,0.4962311265512428,0.9491745973101597,clean,18.4300422369511,5.57245225844532,6.0359024636788465,9.45764322683362,0.0,0.0,0.03478911366392363,0.0,0.0,-3.4499999999999704,-2.35357100071628,0.0,-0.35820036185629806,0.0,-0.00013645140868475395,-21.335993096068663,0.0,9.277264697641401,-17.85566010091311,-15.86565002574038,-1.1316890323028315,0.0,0.0,-60.0,38555
-58.27260081625136,7.11405637906801,30.13477702444892,1.1359207469890744,-2.815228382816469,-2.8436933171350747,9.004071755817693,0.8361394868238372,0.5103599620994146,0.0,False,RUNWAY_EXCURSION,461,46.09999999999739,1,711543.2071423316,1324.9991153518424,4293.99183341779,122.02315751127763,dry,0.9662193544056641,6.940600771025348,2.36610018952746,0.0,0.0,-2.9974223334959325,1014.6563586544809,0.9960159958088055,nan,nan,nan,nan,76.1840797748127,0.45860516135607554,-0.4560673523508463,125.8579303793603,135.92656480970913,1543657888,0.18684966986190046,0.5601453831203969,0.9747812279535173,clean,17.954723673390376,9.663082352452196,7.455993838008411,9.188412320761286,0.0,0.0,0.018344206454243023,0.0,0.0,-4.609999999999946,-2.592346328206816,0.0,-0.5946798441079801,0.0,0.0,-29.244019397132806,0.0,21.056105987922113,-12.14466718414212,-12.343881046849223,-2.079669394800952,0.0,0.0,-60.0,39016
-43.68131126594224,1.6060562574930124,1.6657851125124257,0.00472367914577205,-2.8082256541553896,-90.0,1.043136917483637,0.6858206394634903,0.0,0.0,False,FAILED_TO_ACCELERATE,301,30.099999999998296,1,717025.6745017827,1326.5108496257496,4320.814245689384,82.81643229202373,dry,0.9705078649633084,7.841228015846595,-0.03304078452797565,0.0,0.0,-0.28098607690312694,1015.7383283810562,0.9972120560294673,nan,nan,nan,nan,12.402591004017484,-0.16952208497589538,0.32404993187914233,126.87459832022995,137.02456618584836,1910160578,0.9778372937176685,0.037631924715765895,0.060262084548221094,clean,0.631660066057165,0.5859688090654144,0.4671017960614275,1.7022471179208465,0.0,0.0,0.0,0.0,0.0,-3.00999999999998,-0.08626715859688563,0.0,0.0,0.0,0.0,-14.828892835287856,0.0,0.9409439045688656,-0.00018707850379620717,-0.08388588722741327,0.0,0.0,0.0,-30.0,39317
-34.10679025007543,0.6496586154859234,1.862365596580331,0.0292682134778662,-2.7069136059885044,-90.0,1.6532976742646492,0.7060156452695396,0.0,0.0,False,FAILED_TO_ACCELERATE,301,30.099999999998296,1,689269.3899488986,1327.291198913961,4231.608004162786,282.6463351945323,dry,0.9613737140698749,4.583583300611018,3.187700705784547,0.0,0.0,1.457100746035767,1014.5555140473713,0.9914291643892241,nan,nan,nan,nan,15.032710881594573,-0.14614098690185529,0.020587302665431295,124.84236245677555,134.8297514533176,156652360,0.9874604502318803,0.07636727817323495,0.17055836997396664,clean,2.661225093930594,2.5975371881803078,1.9339929718653923,1.9785828039829754,0.0,0.0,0.0,0.0,0.0,-3.00999999999998,-0.014115439035466795,0.0,0.0,0.0,0.0,-15.650065716421894,0.0,5.74062591924376,-0.08676965635828901,-0.2576537638394282,-0.0001496516233885759,0.0,0.0,-30.0,39618
-40.18285750083076,1.5842433582048872,1.9896126717667806,0.014565075291692256,-2.8744616109603256,-90.0,3.2520794055197073,0.6914093395734284,0.0,0.0,False,FAILED_TO_ACCELERATE,301,30.099999999998296,1,755013.6346847629,1329.6314275690577,4300.1366505431615,85.49065172561804,dry,0.9851288110935857,0.2683180560884635,-2.1405407173164868,0.0,0.0,-0.7342769776288627,1014.816477696131,0.9971489518132393,nan,nan,nan,nan,11.704795802798875,-0.16892327686579733,0.025809426762992693,130.14865686604156,140.56054941532489,2005843176,0.9738684262549857,0.06819668154267834,0.22494500447810478,clean,1.7357920427153484,1.6391641938174564,1.0134835149427162,1.6030416626298778,0.0,0.0,0.0,0.0,0.0,-3.00999999999998,-0.08393977026921177,0.0,-0.0004769256739154817,0.0,0.0,-15.291309067479238,0.0,3.086786740955261,-0.6572186356464841,-0.21813920540918577,-4.205141337974052e-05,0.0,0.0,-30.0,39919
-274.3914565980101,13.540791767060957,30.235786272044717,1.206380378072412,-2.8947776714961244,-3.0548127515099024,7.066324734980552,0.602968693277522,0.4554214923899451,0.0,False,RUNWAY_EXCURSION,1556,155.60000000001534,1,721136.3172525659,1322.252854072113,4558.695728887509,197.47931532132833,dry,0.9556243814320149,5.528531092577532,-1.101757820278657,0.0,0.0,1.4222839608240827,1014.5360442843088,0.9938898911938134,nan,nan,nan,nan,61.64736533875036,0.22929154005743158,-0.13524326271397769,127.6892176993725,137.90435511532232,1141051469,0.0533488000753512,0.7988739200496917,2.114511804679091,clean,86.99451360826961,4.759267998715601,34.15272545915482,10.84143492619509,0.0,0.0,0.00917166160229725,0.0,0.0,-15.559999999999713,-31.699703650264215,0.0,-0.4148726681653477,0.0,-0.019673975003494753,-65.93513668206941,0.0,3.999435992226036,-96.3469504347564,-111.89110333025152,-33.28056550366106,0.0,0.0,-60.0,41475
-113.89401765253425,9.016864622417541,30.500408229019225,1.2235051384284414,-2.2069635301433497,-2.1746431631294483,20.846748910698135,0.7546984715365106,1.458732174707393,0.0,False,RUNWAY_EXCURSION,477,47.699999999997296,1,708125.5407103137,1328.9312426550007,4798.66701114718,274.6376042830458,dry,0.9829874280888286,2.2398552417370716,1.3807382680959797,0.0,0.0,-0.37468029856358065,1011.9861144058351,0.9915769502835446,nan,nan,nan,nan,108.60305548182558,1.1706199283525507,-0.9393271285651927,126.29769146717203,136.4015067845458,768359333,0.03084778197469954,1.369926707231694,2.4620505839443974,clean,35.67959456019652,3.997393676634177,8.30977419340369,11.690718928258436,0.0,0.0,0.04682479713410202,0.0,0.0,-4.769999999999943,-4.309103923807269,0.0,-5.184718994464205,0.0,-7.00116446877018,-26.53743201875306,0.0,4.80973967339593,-31.80833050489808,-29.16243185758131,-9.654881713283014,0.0,0.0,-60.0,41952
-123.30663445302426,15.245499928272867,30.085876256677416,0.9958071055004691,-2.3292594099629955,-2.3427495744982143,6.05428509285561,0.8420253009042907,0.9682195399762463,0.0,False,RUNWAY_EXCURSION,498,49.799999999997176,1,692171.4096175607,1330.9151757992495,4432.8737152098765,271.85679630606353,dry,0.9562507560276776,5.53996396362506,2.940870062444846,0.0,0.0,3.8534469640705025,1014.6274266692261,0.9917901235474962,nan,nan,nan,nan,102.88132317886642,0.9682195399762463,2.051600921057748,125.61696772665061,135.66632514478266,1444696807,0.03291511866628063,0.8896889759254776,1.9762521702329636,clean,33.311635353334715,3.1011475652336284,9.759774983509582,10.76835831907583,0.0,0.0,0.03872878159904985,0.0,0.0,-4.979999999999938,-12.860864832817557,0.0,-0.10154897844014178,0.0,-0.16247589282437158,-31.68588022918073,0.0,3.2431601036443767,-33.47207914691727,-30.59437032720371,-9.672220152037609,0.0,0.0,-60.0,42450
-172.5275090692126,15.99922257424792,30.044645047956312,1.126458197988947,-2.644550326278308,-2.659359994548425,7.890787139557855,0.8400629028024587,0.7493851824908404,0.0,False,RUNWAY_EXCURSION,631,63.10000000000247,1,712417.9818532631,1324.454032589945,4387.891964329022,87.02415714705192,dry,0.9800222543772142,0.9585149624643501,1.7470897356203974,0.0,0.0,2.1937397479581495,1015.0205756439788,0.9970985961799897,nan,nan,nan,nan,95.06926150509284,0.7493851824908404,2.736576102161834,127.05361717969609,137.2179065540718,1227350964,0.014820094476042578,1.1949960009060339,2.52329348835531,clean,37.22687237109322,4.368592644191425,11.324336187534943,11.80550188741016,0.0,0.0,0.02997540729963364,0.0,0.0,-6.30999999999991,-17.94670028895383,0.0,-0.5343143143355586,0.0,-0.08294059531466035,-39.9688487457261,0.0,3.827722641272067,-42.19689005786072,-53.44965778580549,-20.62115842001696,0.0,0.0,-60.0,43081
-106.62347527754613,12.468664584287154,30.64679922362308,1.5160265060411209,-2.703588222982439,-2.7188922839763663,11.517474519623129,0.8441587150754294,0.6231174577518175,0.0,False,RUNWAY_EXCURSION,544,54.399999999996915,1,703686.1727221365,1324.9031047920976,4284.159792169636,178.73622633377673,dry,0.9587261016796517,5.387305703044686,1.6406363182375077,0.0,0.0,1.8331485851017986,1011.6298555488125,0.9944266494889833,nan,nan,nan,nan,82.37333104960081,0.5587501027430051,0.6190817958215611,126.40546698866378,136.51790434775688,546762614,0.02687001478184161,1.219744890407194,2.14361576057079,clean,28.260729401096636,8.902206863947114,9.109779506920859,10.207491273187141,0.0,0.0,0.022350004109720215,0.0,0.0,-5.4399999999999284,-9.397152500489828,0.0,-1.208922220090449,0.0,-0.1940772196107881,-34.54317934155643,0.0,20.77674811082175,-28.614739230953806,-32.0119283845391,-12.492781540388833,0.0,0.0,-60.0,43625
-74.14283506404969,8.607447588849116,30.03931415800874,1.1579931313770933,-2.92599225483963,-3.0548257560973537,9.97813561498383,0.8363544740513257,0.4448172655752103,0.0,False,RUNWAY_EXCURSION,340,33.999999999998074,1,752596.5604699275,1326.2184686565488,4406.4863373876,179.20613158085231,dry,0.9844620625915577,5.31783903154128,-0.24884165868291452,0.0,0.0,1.040698928465229,1014.5485885028426,0.9944275633011896,nan,nan,nan,nan,75.530812013167,0.4292470659154901,0.07535602840290423,130.35798438833777,140.7866231394048,691209253,0.1203175667261987,0.7727512804873793,1.6007104738404263,clean,14.080606246033966,5.595666140321765,5.549275548928076,8.81610326794835,0.0,0.0,0.017169882636619612,0.0,0.0,-3.3999999999999715,-2.7988858175807474,0.0,-0.44774937949712756,0.0,-0.00789911366677467,-21.45469602325591,0.0,10.94897334413473,-17.85612656746726,-9.260731829522522,-3.924540763062833,0.0,0.0,-60.0,43965
-59.2280578358863,6.3840055704169645,30.53738918927443,1.1710574964930571,-2.5033708661844547,-2.52976480615171,14.55758364305164,0.8542027247880372,0.8941399367753888,0.0,False,RUNWAY_EXCURSION,351,35.09999999999801,1,702769.8311160677,1328.9464005823518,4282.337494364736,413.1496241203308,dry,0.9879310678052848,4.9203356784946015,3.6766346982982543,0.0,0.0,3.236835522265861,1013.3769891345161,0.9877121678350635,nan,nan,nan,nan,97.93791987820039,0.8839385848966685,-0.2661437211291684,126.51930170386545,136.6408458401747,1545136976,0.16296245311368682,0.7011673837910273,1.1915567694354312,clean,16.39889759318699,7.369497848291866,5.932848600413033,10.638440267436984,0.0,0.0,0.035357543395866754,0.0,0.0,-3.509999999999969,-1.5894655578014787,0.0,-1.001434632221105,0.0,-0.15024204001340152,-22.87092223917596,0.0,15.880998323115628,-13.236382463303453,-10.878099401745462,-2.2475516774658044,0.0,0.0,-60.0,44316
-58.44452026028651,5.848288233258452,31.06503197968321,1.4952694891619747,-2.7992145636457666,-2.8659257928861734,15.943054797519853,0.8387082234750526,0.8704133038430655,0.0,False,RUNWAY_EXCURSION,356,35.59999999999798,1,755524.3589500495,1324.9590246857497,4623.709413720035,428.6473733584243,dry,0.9875200920009894,4.4338579660844735,-0.5630500035292361,0.0,0.0,-0.5969034113348917,1015.1839587794049,0.9871202398449899,nan,nan,nan,nan,100.64917560771691,0.8704133038430655,1.6304374405037336,130.20020671140622,140.61622324831873,1276249595,0.12004796127226981,0.8969362935582802,1.3201837260706435,clean,16.744160752314937,7.339279865986275,6.218499730304335,11.325699795023763,0.0,0.0,0.034816532153722615,0.0,0.0,-3.559999999999968,-1.3528979102555398,0.0,-1.5164037633927496,0.0,-0.20444499808564517,-22.547877738876718,0.0,12.659492702290686,-12.300137488900962,-8.272823412816832,-3.0118843260318062,0.0,0.0,-60.0,44672
-65.9681403283201,6.491614908721811,30.2719380036121,1.160038785395606,-2.3809940422277593,-2.4000620557192236,19.54468846615387,0.8448598857448089,1.1466486828693974,0.0,False,RUNWAY_EXCURSION,379,37.89999999999785,1,688050.0566045413,1325.8497455937666,4749.969478853962,55.44829731352624,dry,0.9535378349492301,2.1555534219461245,1.4636343216585552,0.0,0.0,-2.2398586516491736,1013.556873001379,0.9979540788636282,nan,nan,nan,nan,109.89079050308293,1.1466486828693974,0.8685441417773276,123.99424350276978,133.91378298299136,1083230752,0.1394995628959667,0.8096122159897015,1.6056846046571946,clean,19.38289999715457,7.054642205338505,6.673016369149184,11.556121977373369,0.0,0.0,0.04586594731477588,0.0,0.0,-3.789999999999963,-1.7746070336299768,0.0,-1.3761519487121583,0.0,-0.8966120596966416,-24.264601891490514,0.0,9.615650597007047,-16.663436473925085,-8.194456075739385,-3.336471938463781,0.0,0.0,-60.0,45051
-99.39530940167359,8.53976062313927,30.405071437256687,1.1757297392711692,-2.0070468756649418,-2.010619584429728,27.414838152513724,0.8143124898660531,1.4543098137055495,0.0,False,RUNWAY_EXCURSION,515,51.49999999999708,1,701442.5260856273,1327.3881692989462,4753.419306165094,343.90727712893744,dry,0.9940486674598058,6.2291954923809145,-2.096856651447603,0.0,0.0,2.368686545368707,1015.3942738878745,0.989645217861405,nan,nan,nan,nan,122.85777375317743,1.4543098137055495,3.5644506078234883,126.08589753841424,136.1727693414874,725658830,0.053277863787696854,1.1811648351136728,2.055187057635131,clean,36.656087456580714,7.416700727671289,10.057268577432684,14.182684570651693,0.0,0.0,0.058172392548222006,0.0,0.0,-5.149999999999935,-4.173074269196423,0.0,-3.186320173356463,0.0,-3.6505320988071777,-31.55449122593949,0.0,10.581121520479734,-34.027206431678486,-29.89897220710369,-6.706748240956122,0.0,0.0,-60.0,45566
-122.21578392465277,9.647334178225094,30.68166476947983,0.9421624337794918,-1.6200619073955491,-1.6252944719248765,26.257459175380745,0.8311794421432033,1.7605812641569685,0.0,False,RUNWAY_EXCURSION,604,60.40000000000032,1,685093.6031803135,1326.6065695996836,4500.766956401809,217.21206049259362,dry,0.9793106534378272,3.1909598358900935,-1.8535835883017162,0.0,0.0,1.5194997839174613,1010.3554740516234,0.993286928488577,nan,nan,nan,nan,120.06295043330441,1.5945087460966931,-3.8181503701665243,124.7354874995561,134.7143264995206,1633503581,0.046677768640162355,1.1704617470633083,2.0426263072622306,clean,45.04209704329079,8.907301329049076,10.707208033474329,14.85449253942959,0.0,0.0,0.06378034984386778,0.0,0.0,-6.039999999999916,-6.2461020305328265,0.0,-6.763230135926725,0.0,-9.276772910432737,-37.66971239138829,0.0,15.495593959536471,-42.226118158489456,-40.6606865389502,-8.403635013556215,0.0,0.0,-60.0,46170
-86.29434920790933,10.66380617619011,30.27189694681308,1.6103822359852284,-1.1870549153234697,-1.1496735658759556,7.804103481680211,0.8218590171742405,2.263011482890164,0.0,False,RUNWAY_EXCURSION,653,65.30000000000422,1,717400.2870758999,1328.9273880605726,4343.874871181526,128.42763148164295,dry,0.9746187088924032,2.850379887303194,2.2302700631751162,0.0,0.0,1.6619776716559684,1010.8925003571745,0.9958503215282077,nan,nan,nan,nan,138.71520027136583,2.263011482890164,10.667365210676092,127.64013010878473,137.85134051748753,840995399,0.10082293009634849,0.6928187340153159,1.2571726399801062,clean,53.49487692321587,9.512543241787082,13.178190039950419,17.01633801607471,2.2174054457500176,0.0,0.09052045931560658,0.0,0.0,-6.529999999999905,-8.25078285474086,0.0,-0.4511860590667999,0.0,-1.516657812888983,-40.06688276261619,0.0,20.26136436943692,-42.933529857120185,-37.549948841340374,-4.766599515666134,0.0,0.0,-60.0,46823
-72.00655168768418,8.907347205160152,18.991589985398534,0.6832093199624243,-1.8374950365401812,-1.8565418175982176,4.233942688314073,0.850013143051352,1.9638302267278576,0.0,False,INSUFFICIENT_RUNWAY,997,99.7000000000316,1,759564.4943519675,1323.4135077451006,4713.440556930882,47.63976204664433,dry,0.9658639867816843,5.595596481790173,-0.3107736167297728,0.0,0.0,-2.693210077891959,1014.8270988248664,0.9981899004011955,nan,nan,nan,nan,130.62912305014453,1.8003494375193583,0.39012639598940524,130.09400264998885,140.50152286198798,704750836,0.29636677230626857,0.5130852199541439,1.1153082266268866,clean,93.19159728538914,11.214715436318727,24.029498622720062,17.688061845639318,0.12431346645612878,0.0,0.07201397750077423,0.0,0.0,-9.969999999999832,-8.78920130339717,0.0,-0.013265533682001302,0.0,-0.06278520501094789,-63.804039652168214,0.0,20.397737709026856,-46.212891103200455,-55.41418038387626,-4.458126849399395,0.0,0.0,-50.0,47820
-115.54225800579354,11.508683710218461,25.983152325244887,0.9532967740519238,-0.8416678461751393,-0.8473955639586018,6.203440475894372,0.8659862485509635,2.2736960514854445,0.0,False,FAILED_ROTATION,974,97.40000000002976,1,712769.3165834672,1324.395741376039,4653.819704425743,304.6718670890094,dry,0.9588077499666064,1.9309523465043492,-3.795132955227915,0.0,0.0,-2.3358822658258926,1010.079951361703,0.9906079271878617,nan,nan,nan,nan,139.3444916817911,2.2730465079628743,-0.3560889437035897,126.39772231082553,136.5095400956916,1911849612,0.11771257208448394,0.6836001979996792,1.471341140269051,clean,91.93995568971884,12.72187882270234,21.75894742426623,18.135095367203622,3.41090116244475,0.0,0.09092186031851489,0.0,0.0,-9.739999999999837,-14.334011769173316,0.0,-0.20781930484770494,0.0,-0.9220509298504772,-64.0234945908024,0.0,22.5992425471174,-66.09150560392553,-71.5092985533971,-9.371020127567238,0.0,0.0,-50.0,48794
-50.7127339308335,10.925954283348814,26.601355225315093,1.1883747914268206,-0.712869279863243,-0.7373145843747025,5.275218613231705,0.8490336381225071,2.4181909098374206,0.0,False,FAILED_ROTATION,990,99.00000000003104,1,718961.4458692799,1326.8704269238165,4346.406014083398,117.99015784109301,dry,0.9601107447170614,3.4074232332981733,-2.732460030805322,0.0,0.0,2.655029988687888,1010.4890042821443,0.9961536027732516,nan,nan,nan,nan,143.20080090902607,2.4181909098374206,8.295903981746457,128.02322089454967,138.26507856611366,566779217,0.15695944429997968,0.48267591171129415,0.9246179367413164,clean,86.53243431704573,13.465008107777571,23.650075769181004,20.218193906308073,1.1547067807025897,0.0,0.09672763639349685,0.0,0.0,-9.899999999999833,-13.131412470201113,0.0,-0.06071570517277981,0.0,-0.06477992089997969,-63.550276570006105,0.0,19.373488639220806,-33.85362242299958,-41.64004363105423,-3.0025183671286353,0.0,0.0,-50.0,49784
-95.48675672649573,5.92952691624929,30.423272830424608,0.9553135971188701,-2.390358216840687,-2.4182058250212934,8.892672449212853,0.8417735668196193,0.9087025016225141,0.0,False,RUNWAY_EXCURSION,805,80.50000000001631,1,700853.7747309236,1325.1054588029165,4210.995974395411,127.89858407970527,dry,0.9689365571913368,4.804030676715858,-2.4763109233600593,0.0,0.0,-2.879059687818798,1010.3179180481688,0.9958388051457542,nan,nan,nan,nan,92.22715202850499,0.7228226061158409,3.0362026155137656,125.20285573326808,135.21908419192954,487817217,0.17259473332824637,0.6942250836969245,1.3010674348517255,clean,55.5993713019964,18.75835595934838,17.24597484496511,13.485999017548028,0.0,0.0,0.02891290424463357,0.0,0.0,-8.049999999999873,-3.144803111963611,0.0,-0.6084532080720672,0.0,-0.03205291717636946,-51.31641371703101,0.0,25.918492499786385,-43.04951604489741,-54.94323066168757,-5.3793935935557915,0.0,0.0,-60.0,50589
-121.54379840310366,6.545282549151427,30.07566643341377,1.6805919750475338,-2.023141534886077,-2.0573902518719285,12.021890107640207,0.8025254130624597,1.3357376312407183,0.0,False,RUNWAY_EXCURSION,913,91.30000000002491,1,717770.2366533037,1330.5573377183898,4736.1393299475585,104.01688075209908,dry,0.9825877456291,2.816251826859083,-0.5307283937911174,0.0,0.0,0.005498464369133593,1015.2548018895261,0.9965752064867001,nan,nan,nan,nan,100.64177151889966,0.9735379711613632,0.23563627868544046,127.03384387067888,137.1965513803332,1533673821,0.10102631146439219,0.9913412617549028,1.7768110194668478,clean,72.33914678085678,18.80772076171767,19.24224445728423,15.65407234926245,0.0,0.0,0.038941518846454554,0.0,0.0,-9.12999999999985,-4.345953410092279,0.0,-1.1686606915540978,0.0,-0.45516282454062074,-54.33929565081792,0.0,25.15620331711536,-55.523276984626364,-74.3722566229691,-13.447499404408987,-2.199917577579614e-05,0.0,-60.0,51502
-132.87019713062378,5.788548828915696,14.761935080124426,0.9518396952079774,-2.1465876309745195,-2.1633395496456194,7.680514368213785,0.7179998697615271,1.065952215927048,0.0,False,INSUFFICIENT_RUNWAY,1137,113.70000000004273,1,674209.6945240296,1327.4747596914392,4386.224976845017,43.89071065672756,dry,0.9933808183820633,3.0671604476790595,3.3749988639721513,0.0,0.0,0.5753653963704899,1012.2405811701526,0.9983217149390687,nan,nan,nan,nan,75.80336209988623,0.4720645154656964,0.012817465886421076,123.42379087166533,133.29769414139858,1338284201,0.33073077276383134,0.7933275312410977,1.4163268785107668,clean,86.84273882012646,22.24212557314671,25.901512001215448,14.194580702825485,0.0,0.0,0.018882580618627954,0.0,0.0,-11.369999999999802,-4.2330885898189825,0.0,-0.2924472536997896,0.0,-0.049835464526481306,-59.44575624527094,0.0,26.50932157346384,-86.22021000991018,-87.00302226647148,-9.964998552320715,0.0,0.0,-50.0,52639
-37.137851643672136,7.521405893541585,30.20577629731122,0.8200270508146501,-1.5948466284593688,-1.596803344872273,2.8956998260016675,0.8053115464543295,1.2835764315896654,0.0,False,RUNWAY_EXCURSION,939,93.90000000002698,1,683881.9327002143,1327.8420111197568,4328.563735683623,209.8072803261214,dry,0.9589153569659667,7.529903486153636,-0.9764330922205309,0.0,0.0,1.7991704467294767,1015.9051865149521,0.9935154328863184,nan,nan,nan,nan,107.33178847298564,1.2835764315896654,0.17188662416723233,124.34424762929703,134.2917874396408,104252791,0.22295157702065138,0.3041317681659386,0.652662811724906,clean,78.1071264291214,20.82424132046008,23.850963876028235,14.234943041820996,0.0,0.0,0.051343057263586504,0.0,0.0,-9.389999999999844,-5.902298030206949,0.0,0.0,0.0,0.0,-56.10983463635988,0.0,26.791455116861304,-42.68542168587879,-25.821768114052126,-1.0886020187295435,0.0,0.0,-60.0,53578
-96.52669639834821,10.281552825634872,30.257299366830463,0.8780885800590177,-1.4992819728481233,-1.5070604103285454,5.1040399412071755,0.8135530628023425,1.627040166794913,0.0,False,RUNWAY_EXCURSION,919,91.90000000002539,1,766135.9921464014,1326.1234493992156,4642.360388857939,80.06030045969781,dry,0.9825938632586607,5.5761892657285355,1.2905222257499829,0.0,0.0,4.243407572555348,1011.514928719562,0.9973005530258549,nan,nan,nan,nan,117.73493000447853,1.6145373844156978,-0.8869047847572986,132.44981615560084,143.0458014480489,180421576,0.13359386725009276,0.5096047197353805,0.8511619990647263,clean,70.54938103764296,12.009205852519395,20.468291159662762,16.33030965328097,0.0,0.0,0.0645814953766279,0.0,0.0,-9.189999999999849,-10.794199099700956,0.0,-0.10930024567953597,0.0,-0.015942736922701164,-55.41144663362356,0.0,15.819392852040906,-50.785681642117694,-43.34180398427855,-2.119484106548079,0.0,0.0,-60.0,54497
-79.50370637044446,9.37990412365096,30.363201379717555,1.3047517440839362,-1.7007043850595387,-1.7199204271610176,9.87929674529911,0.8599177465292352,1.5393891259803354,0.0,False,RUNWAY_EXCURSION,906,90.60000000002435,1,723819.2240180887,1325.5060721196533,4516.88200112384,284.15515226880007,dry,0.9892532601547147,0.9553669003214917,-0.366013422047915,0.0,0.0,-2.5342357858461373,1011.5674944975477,0.9912266355214023,nan,nan,nan,nan,111.7985012769027,1.4152050134307501,-1.5752922663189928,127.23585082604212,137.4147188921255,809899613,0.13437031704133512,0.6062586104612603,1.110346495801665,clean,74.75966856809332,15.917359688689176,21.20066608319862,15.676605006779244,0.0,0.0,0.05660820053723003,0.0,0.0,-9.059999999999851,-8.85691520446767,0.0,-0.6178085653289656,0.0,-0.4617076542030005,-58.983035473363664,0.0,25.323760283713685,-45.32308912101653,-44.94316951544372,-4.192648667631552,0.0,0.0,-60.0,55403
-110.09282803052366,10.122565407033276,30.77776691954679,1.3569379355257967,-1.4634121238773756,-1.4740993193417709,10.482258866964584,0.8477895375490606,1.6108704179241045,0.0,False,RUNWAY_EXCURSION,939,93.90000000002698,1,736788.9222430078,1322.021161072689,4736.259501629334,284.6040693892942,dry,0.9682344805955111,7.479890619595422,1.839128738996139,0.0,0.0,4.306090032124774,1012.2988067867363,0.9914229878235697,nan,nan,nan,nan,112.85569859353163,1.434162128424589,-1.1788871880607665,129.85189837951899,140.2400502498805,1788089690,0.13166287335212698,0.5087360906035948,0.7942662374911607,clean,84.45719960445531,13.38409509203425,21.011588391743068,14.259197184350057,0.0,0.0,0.057366485136983524,0.0,0.0,-9.389999999999844,-10.690653807118569,0.0,-0.97146411578204,0.0,-0.0037268150084646995,-60.27396375585674,0.0,15.424290555259525,-67.19055005100233,-48.46503489529954,-1.701171903434099,0.0,0.0,-60.0,56342
-101.3115783915431,10.346065794684778,30.597867100559213,0.7033207213618726,-0.883972676050057,-0.8882485319744763,8.24831837306269,0.8404473195792523,2.050245858698645,0.0,False,RUNWAY_EXCURSION,996,99.60000000003151,1,673663.8595624976,1324.186193320416,4420.607175647359,472.57020430898484,dry,0.9918833330205609,3.3015541978062073,1.26396924043422,0.0,0.0,3.6777069727112375,1014.5341741397316,0.9859992770540957,nan,nan,nan,nan,129.11433699215743,1.991401382468041,-1.1602063657607786,123.89458713857772,133.80615410966394,860813095,0.14235248818432047,0.4057296545873779,0.7485716986742202,clean,87.99126191719968,11.2196858713855,21.618119026308843,15.266474055322591,3.15778066965604,0.0,0.07965605529872184,0.0,0.0,-9.959999999999832,-11.845879235359378,0.0,-0.3460450599280054,0.0,-0.05046195137208996,-63.23187757212467,0.0,12.747284420425085,-64.5639133998347,-41.72663860304158,-1.6670245854780361,0.0,0.0,-60.0,57338
-87.28454377615449,9.621469874407895,19.160269846418633,6.018978524757668,2.513928487855426,1.8091235753524713,5.887690181361096,0.8100050642288029,11.04897033737717,0.0,False,UNSTABLE_AFTER_LIFTOFF,703,70.3000000000082,1,692860.5629044164,1324.7942868542445,4435.571218302177,468.75479490405706,dry,0.9680032425869578,7.870143243957923,-3.6078471174275237,0.0,0.0,2.2794396245634854,1012.2991400688071,0.9857946986793675,68.3000000000066,2764.333504934974,nan,nan,139.5413082170062,10.71027999928043,-91.51023022142958,125.48435792849077,135.52310656277004,1690280743,0.25790887523721795,0.4623918742220606,0.9858808542173246,clean,57.783433105799716,9.985850439052124,15.993175310837247,15.700538404046922,2.3931389901618854,0.2429052783689397,0.4284111999712173,0.0,0.0,-7.0299999999998946,-7.230955092058829,-0.10820054115108274,-0.02368425860274087,0.0,-0.004701003233531224,-42.23123580581581,0.0,11.465330337487153,-33.52767889730506,-38.047280546875406,-2.5497516245866003,-0.5238390722506092,0.0,-70.0,58041
-104.2477020054585,11.14824643650083,26.552325812149387,2.768437297532104,4.460982603813942,3.6311194533551188,5.249344984577118,0.837560371356752,13.188836769137993,0.0,False,UNSTABLE_AFTER_LIFTOFF,652,65.20000000000414,1,676235.8291225974,1322.2654595142278,4234.09169789328,359.056565917069,dry,0.9599193897921224,1.3929792679042858,3.1619806864591387,0.0,0.0,-2.2414622550494974,1010.8993544486353,0.988729957463801,62.60000000000207,2528.762455795337,nan,nan,132.88020872360042,12.273072633017875,-125.8655486144523,123.0862324182906,132.93313101175386,679605935,0.1489117185038041,0.4886713039287594,0.9875882759482556,clean,53.07815955454884,8.339333115914414,14.233438289934988,14.378381291309218,5.150568238031971,0.353736077806789,0.49092290532071503,0.0,0.0,-6.519999999999905,-9.003641765893068,0.0,-0.05412620969846722,0.0,-0.027474510760157365,-40.977753292566064,0.0,9.393795147282352,-42.41367909416217,-38.61324110566836,-2.040646060600418,-0.015474586258771406,0.0,-70.0,58693
-99.05085304239029,8.84745668322132,30.063638900397102,11.218410025834286,1.6719887027558777,1.5765537518829311,6.688255394020281,0.8332040020204542,5.0083224454793935,0.0,False,RUNWAY_EXCURSION,764,76.40000000001305,1,768182.5250870785,1326.2655627458796,4347.051147598442,427.5513885607824,dry,0.9997612011966787,2.989355738020233,2.8126528546149383,0.0,0.0,2.5001213240091635,1011.2028223629871,0.9871954468845561,nan,nan,nan,nan,145.51127197043877,3.883986556536229,-63.85439853231284,132.2510463086786,142.8311300133729,514041964,0.09716671097200574,0.6847295268639142,1.1901939741535472,clean,69.74455444118146,14.269092064443212,17.103279364091804,16.844845978008628,2.9496451543348843,0.0,0.15535946226144934,0.0,0.0,-7.6399999999998816,-6.644889130863216,-1.6871090463975107,-0.1369137583984546,0.0,-0.005950580973496877,-47.70150977610471,0.0,20.962416133398907,-62.234555929511494,-49.975173767937115,-4.336049998265628,-0.7178936516579154,0.0,-60.0,59457
-125.45036393570757,10.15150028734411,22.837340729128627,18.45695910815832,2.5474573932009363,1.8686207668706127,5.502525395438285,0.7829399922924588,13.206545572066148,0.0,False,UNSTABLE_AFTER_LIFTOFF,782,78.20000000001448,1,684263.3820559705,1327.1582442423341,4466.7633019955265,355.9277074910419,dry,0.9580411166959342,3.32156874462215,1.2132577361872712,0.0,0.0,1.1091389413557398,1015.8838791162963,0.9889201345181443,75.7000000000125,2995.3203627235002,nan,nan,141.49202759768048,12.791046518196197,-160.13697867087865,124.23213452351605,134.17070528539733,1700138881,0.05374871913917877,0.8812763877725306,1.8826526072147027,clean,63.08075966233331,14.253882109286991,17.933677343112457,15.48513889915645,2.4393104111259616,0.3861025936088849,0.5116418607278479,0.0,0.0,-7.819999999999878,-8.954157024627444,-1.6440668424217875,-0.09393107561718361,0.0,-0.043812289336657435,-45.538470707971385,0.0,23.341600301400167,-56.87393720943885,-56.625919612212016,-13.600582971955857,-1.6875993828778546,0.0,-70.0,60239
-50.560761950280906,2.9546944010359333,14.564695714285676,6.1889493431168985,0.8220785917338116,0.46004698379167286,4.641397942910059,0.7954725935685932,9.316700832226587,0.0,False,UNSTABLE_AFTER_LIFTOFF,417,41.69999999999764,1,671243.1749897298,1322.215704425078,4446.044223020414,7.118592996624429,dry,0.9968650060854354,4.9400712438164005,3.2624131074522267,0.0,0.0,-0.382698330971432,1011.4307664779088,0.9991423981264264,39.799999999997745,1347.1434525488758,nan,nan,144.44531612128768,9.316700832226587,62.97435371192954,122.99667489428886,132.836408885832,1882235552,0.5597717808280557,0.43375275835170674,0.7768597790864168,clean,28.78665460137701,10.90406999973274,8.967124916381263,12.816054604664162,1.3777531740571562,0.22004307884749283,0.37266803328906345,0.0,0.0,-4.1699999999999555,-0.40450014716277344,-0.022552349309694446,-0.019908820702208535,0.0,-0.09479024891795185,-24.64053785049584,0.0,19.87525371374555,-17.121506008961838,-15.78865755682492,-0.7676585766517654,-0.8502725133483608,0.0,-70.0,60656
-101.98329161951027,6.239749091409419,27.698388578245215,13.203321486586486,7.153601822795662,4.605341578323234,8.063296597204522,0.8115827258146563,54.4604719769776,0.0,False,CRASH,579,57.89999999999833,1,732782.0938772471,1325.4467131432264,4661.2662770960405,443.31189476769674,dry,0.9808643866004005,2.708404155876874,3.819667433833833,0.0,0.0,4.539592500417371,1015.851713482204,0.9864738467715497,51.69999999999707,1975.8434235840268,nan,nan,143.93206169658725,16.580573977295842,-1685.612264715037,129.32327454502592,139.66913650862801,170294837,0.15062903161866975,0.5781802946077043,1.2525812278133053,clean,48.431295229854555,12.289782394263542,12.791223644404504,15.460813856198401,5.072608881278759,1.9674697413620366,0.6632229590918334,0.0,0.0,-5.789999999999921,-2.504784154560908,-2.491020498449775,-0.2275960227330633,0.0,-0.11948303129352182,-35.13221169432299,0.0,19.283635255318778,-38.81885973347476,-27.821925989495252,-4.024999663650532,-1.0124627933016321,0.0,-100.0,61235
-93.87595033777528,13.757307508703676,22.60058624939086,22.12176840245278,4.987490327131964,3.6018176218951043,6.3660953733494265,0.8143341611812746,25.03927703551534,0.0,False,UNSTABLE_AFTER_LIFTOFF,717,71.70000000000931,1,700805.1211114916,1330.9731890576259,4412.967615614786,364.6303778827167,dry,0.9939505882284984,1.0442405690534962,-0.9073142630211537,0.0,0.0,-1.6554306649675503,1014.2483128317901,0.9883390272263488,67.90000000000629,3050.5798585838315,nan,nan,140.13309058699096,20.534006140626786,-481.4106656070774,125.2233940327451,135.24126555536472,125773896,0.02996334925811368,0.634411742037422,1.1690815880539682,clean,65.61331112940694,8.096819123750203,16.937700230260067,15.652174196508948,4.062652684694486,0.8512857189438547,0.8213602456250713,0.0,0.0,-7.169999999999892,-15.077992954493098,-4.216502665534828,-0.08426541202045715,0.0,-0.25331453545483973,-43.732458270042386,0.0,11.497357585388949,-37.85539346330132,-33.40333977303057,-3.4960727242515004,-2.1192714542246858,0.0,-70.0,61952
-93.72793443500112,11.857422399641274,30.30859632403915,13.676550015759934,4.712183806528538,2.9789246090831583,4.363558008514758,0.7967416029184674,8.033186186443686,0.0,False,RUNWAY_EXCURSION,832,83.20000000001846,1,742658.2610087973,1326.433746761166,4623.574208330857,375.349430270969,dry,0.9589814176221325,5.366618463660216,2.2055334176764863,0.0,0.0,4.475162092731593,1015.0160180226671,0.9886441556409323,nan,nan,nan,nan,142.21004796511622,8.033186186443686,157.38007612933757,130.2310916557699,140.6495789882315,1441526998,0.06469909863367679,0.5228105020888814,0.652886099771795,clean,84.05934886438584,10.498771154891694,20.494131090545697,16.538481997742135,8.602713812806659,0.0,0.32132744745774744,0.0,0.0,-8.319999999999867,-12.997547075738238,-4.3400037610206095,-0.01279230283664297,0.0,-0.31967010824501696,-49.21352327505067,0.0,12.940337015403589,-61.1107228747024,-46.771782052050945,-0.938501036276642,-3.1585033323124208,0.0,-60.0,62784
-63.4193512633568,13.582750459116905,29.730411217675115,6.954961945331178,-0.8278022571177429,-0.9096515790777989,4.457110930769786,0.7624500547384971,3.639452609159605,0.0,False,FAILED_ROTATION,937,93.70000000002682,1,765763.357504105,1329.1898831982792,4715.487291266472,459.61905704354444,dry,0.9622971655168457,4.639809988343425,1.7726643886956204,0.0,0.0,2.561723218216512,1011.257031767495,0.9862913970428963,nan,nan,nan,nan,142.88709215574633,3.639452609159605,26.684022674448684,132.05309158539401,142.61733891222553,721805890,0.07899239666512968,0.3926557075113188,0.7369686624982802,clean,93.67041940077331,9.301537173550837,23.45700612197065,18.03266489651523,0.6369971249861747,0.0,0.14557810436638413,0.0,0.0,-9.369999999999845,-19.20757445582867,-0.12735384996107776,-0.015851837253799857,0.0,-0.033784585716486785,-52.03576898037862,0.0,11.335825713459608,-50.7764809965862,-36.878587343650686,-1.5351672039364737,-0.018810545666598576,0.0,-50.0,63721
-252.4375812021644,23.936089777094413,102.63613684188662,57.057961242874704,19.68985813299814,8.7344149908638,24.23546959835983,0.7263020263931855,355.1756458238811,0.0,False,CRASH,645,64.50000000000358,1,680879.6272252162,1330.9244156637221,4719.63678656845,74.00679308879576,dry,0.9917402604375702,6.63237648751956,-3.934472145043044,0.0,0.0,-0.9353757648203391,1015.4284106316819,0.9969592356893735,48.29999999999726,1805.4165659158734,nan,nan,129.66289615534018,16.975417181126602,-4367.525163515767,123.51354210607167,133.39462547455742,1231901275,2.3898061604526614e-12,1.713889114476848,2.398669537403822,clean,55.41236921756327,8.905515233614997,11.154948222630239,13.864043552405802,5.835933073941903,8.613915083380311,0.6790166872450643,0.0,0.0,-6.449999999999907,-36.00275750287782,-42.677323758635026,-5.815339688189761,0.0,-18.860779538484593,-34.57656721777929,0.0,9.85602128913367,-49.887684046830366,-46.906160477906575,-17.407843312680033,-8.17488801869542,0.0,-100.0,64366
-50.73113811838675,6.605433355899532,30.062986768991504,0.7831383881628646,-1.1101537858844563,-1.2100600330495868,9.02762476949156,0.839437081049456,1.9945700753943925,0.0,False,RUNWAY_EXCURSION,471,47.09999999999733,1,732001.041163491,1326.8500223348815,4460.368519099116,355.8355264290122,dry,0.9964057592135532,6.568689008614532,1.5498108793920173,0.0,0.0,-0.05113607208250137,1011.4311757382959,0.9892083236681919,nan,nan,nan,nan,134.8357112492236,1.9945700753943925,4.082305961050512,128.5166041486808,138.7979324805753,322722697,0.196092686469433,0.5660678301467608,1.3191072475381014,clean,32.098223370435235,8.78868949265936,10.12165567387732,15.524374498851351,0.21548828155088007,0.0,0.07978280301577571,0.0,0.0,-4.709999999999944,-2.283394907206378,0.0,-0.31330268327040567,0.0,-0.38583721404562044,-29.911942293100722,0.0,7.638773569183443,-12.595028586312566,-11.024529989743561,-3.974090134280793,0.0,0.0,-60.0,64837
-84.06022153629438,9.863280283878455,30.344528960661297,1.7607158120490012,-1.2057542941805564,-1.2113089230225162,8.137174789147446,0.8064429805976403,1.9528593788266733,0.0,False,RUNWAY_EXCURSION,622,62.20000000000175,1,761751.9664243582,1328.7194375816357,4685.060420799664,175.42408355426664,dry,0.987727260254208,3.058219881933537,3.426041431995227,0.0,0.0,-0.026142659044313454,1011.6627894332931,0.9944569754920302,nan,nan,nan,nan,133.55110175685726,1.9528593788266733,5.179204552218053,131.09293934897966,141.58037449689803,1846923786,0.05776725987066942,1.0699985572910626,1.8498691343111047,clean,48.62703748216845,9.568755536022245,12.755695682008621,16.017133377372232,0.0,0.0,0.07811437515306688,0.0,0.0,-6.219999999999912,-6.723425925565655,0.0,-0.6314589519881313,0.0,-1.2219099967068259,-37.48372091831927,0.0,12.786194644853621,-30.078824291457046,-32.52102087241367,-9.012791677421927,0.0,0.0,-60.0,65459
-54.26922012984804,7.1972133041487325,30.124188338051546,1.2405450085072247,-2.0813228194373887,-2.174724763058946,10.425642665087832,0.8027708724948576,1.0340609024796379,0.0,False,RUNWAY_EXCURSION,406,40.5999999999977,1,739276.4528443428,1329.2750718555542,4703.577696008215,193.53638504890858,dry,0.9700340799513126,4.413725774400499,1.0384402301711844,0.0,0.0,1.1329180045057043,1012.4147754942312,0.9939852532609104,nan,nan,nan,nan,100.51231218064831,1.0273874581811526,0.16225631493982817,129.35594151319435,139.7044168342499,967096425,0.11596932931160046,0.884626702211593,1.5460577700472236,clean,22.733462067098085,9.117794893801893,8.027963159037231,11.3891213420164,0.0,0.0,0.04109549832724612,0.0,0.0,-4.059999999999958,-2.336750112693189,0.0,-0.49547711098732367,0.0,-0.15363790043545145,-24.199437307531618,0.0,15.331820781541333,-12.32050329613357,-12.17235045993461,-5.172321683954427,0.0,0.0,-60.0,65865
-29.764475500072557,5.472203107714732,30.48009624778151,1.7107272125679611,-1.2346354797530017,-1.2067044653554628,11.275388687050794,0.8122461023462567,2.3710283528236573,0.0,False,RUNWAY_EXCURSION,458,45.799999999997404,1,741556.6450380504,1323.0098635661666,4610.844479606427,243.29790536580435,dry,0.9766730127019615,2.573119407348429,0.976004612429203,0.0,0.0,2.0719448015864055,1015.758900380407,0.9925261538450529,nan,nan,nan,nan,136.19722231268435,2.1274967593229235,-2.4787259701761677,129.55159327105116,139.91572073273525,1921983830,0.21154550894799745,0.5529780345143773,1.2130433576220574,clean,32.39253120267346,11.915842476503483,9.435194463292435,14.76016998824374,0.4983022095796417,0.0,0.08509987037291696,0.0,0.0,-4.579999999999947,-1.5238681264726561,0.0,-0.7584149400380756,0.0,-0.5808601175159751,-27.929843940812802,0.0,22.01768290430382,-10.959908120615227,-11.15016599061318,-3.3721463500956417,-0.014091028878416722,0.0,-60.0,66323
-57.50350529798804,6.148864259121083,30.084091620965097,5.182357725284051,-1.3463423346336423,-1.323057664052841,10.500910701770758,0.8067839822188468,3.129436779341461,0.0,False,RUNWAY_EXCURSION,453,45.29999999999743,1,749394.8386532357,1322.0003661076662,4718.725478169605,423.8919947640924,dry,0.9634219129105506,0.5502834713396085,1.5129979369773499,0.0,0.0,2.844640907933784,1015.8229612941457,0.9873425810216288,nan,nan,nan,nan,136.4335480591504,2.7784700545560668,-73.02504570947374,130.40361137418736,140.83590028412237,1710093347,0.20011119977895972,0.5230361136035704,1.330018979448946,clean,31.239461686363114,9.106572320501167,9.013629371986822,15.192288165711016,0.39235326661417563,0.0,0.11113880218224262,0.0,0.0,-4.529999999999948,-1.9030294277471993,-0.04016096766887195,-0.554622755919516,0.0,-0.5792111199066522,-27.171758759795097,0.0,14.628901415609189,-25.141668440006494,-13.53655775598887,-3.562716422976348,-0.16812467694674935,0.0,-60.0,66776
-108.48282453121523,46.68740312245358,186.78084773235756,60.31356666053339,26.95163589451392,11.806711773631461,22.562562922769544,0.7292825839211869,475.30130952849044,0.0,False,LOSS_OF_CONTROL,558,55.799999999996835,1,757825.7647094779,1330.3020353928198,4459.599609983051,428.3094616156562,dry,0.9965395774156742,2.5350712185145117,-1.7591399564797388,0.0,0.0,4.865849604717316,1015.0924365671297,0.973909190017113,46.299999999997375,1747.9828957961604,nan,nan,112.89535603216467,475.30130952849044,2300.034386327389,131.63707715601274,142.16804332849375,1514711733,3.5037850474476944e-30,2.197513416876064,1.6787328558942032,clean,46.57054471843506,11.914106994580047,10.605470002337844,15.016473980963855,3.3847122599162227,9.316724519860026,19.012052381139615,0.0,0.0,-5.5799999999999255,-28.170963498740687,-27.28796869532346,-7.454554242936364,-0.5957343579103639,-4.529777668637525,-30.102825599867035,0.0,18.731096857417523,-21.05927343144836,-22.551425837679123,-8.380817552775671,-7.320665360546797,0.0,-80.0,67334
-209.3993880746418,66.32147058188248,296.22272255799203,60.9382663942574,16.3656052468377,14.33340260686358,25.010570488118084,0.5717025508647002,154.56689837500593,0.0,False,LOSS_OF_CONTROL,728,72.80000000001019,1,671932.9147827905,1328.8091327774387,4685.938387885984,25.9069180368845,dry,0.9534597610359293,1.594348425974351,-0.12061753407014164,0.0,0.0,4.252660701784002,1011.2620743637026,0.9948425293710583,55.89999999999683,1364.0136982729016,nan,nan,143.61492983011928,140.25318411369997,-103.8614577165286,124.05736288611237,133.98195191700137,495300371,5.798127226038862e-63,2.445113065125508,1.4868784282351288,clean,48.366728711925845,10.312258598601973,9.352520028026536,12.367139450075566,7.46125129387491,6.667745167781674,5.610127364547998,0.0,0.0,-7.279999999999889,-36.73690353807054,-47.91815427237866,-17.12833848013027,-2.488388813823016,-12.89060505293277,-29.603246739437715,0.0,18.676603694847874,-40.287233695497314,-34.362428616123935,-7.043867616012831,-12.474595559916773,0.0,-80.0,68062
-127.05966675076905,36.10369397142719,155.71678586794377,60.77844891120938,18.14460520811193,10.4652269190167,15.366253466785308,0.6021257109301428,187.16611060178343,0.0,False,LOSS_OF_CONTROL,700,70.00000000000796,1,767567.9293602798,1331.5764085236915,4318.472145370864,398.0943665078766,dry,0.9926649778204408,2.470093534790104,-1.263695726265992,0.0,0.0,3.824080180268849,1012.0733072059002,0.9828639946707246,58.09999999999849,1658.2863450038162,nan,nan,120.64662949085185,187.16611060178343,-16.652970294052416,132.44188754099613,143.03723854427582,1647140547,6.798300926647946e-22,1.873851600231495,1.3458182473900238,clean,49.26523158834662,10.994672174827759,10.611227525705202,13.110284735154286,7.4676796102519365,6.606878400062665,7.486644424071336,0.0,0.0,-6.999999999999895,-26.92231679720901,-29.791849900283243,-2.817715808518265,-0.011772817390133257,-6.639071617943091,-29.332104327647993,0.0,18.212823892182804,-29.629694471469122,-24.23404016722932,-6.624416472778275,-7.812126720903151,0.0,-80.0,68762
-160.01459194347797,60.30655533993593,253.21705575717812,60.54633315721552,18.183004799553302,7.563649069577851,20.705988863711326,0.6241508887271684,347.2929159423968,0.0,False,LOSS_OF_CONTROL,660,66.00000000000477,1,703274.4997308693,1329.3000033628612,4548.85605738813,24.597162144725903,dry,0.9691052580471526,1.9082154882560474,-3.6843072672371426,0.0,0.0,-1.3585385086108541,1014.1781289313914,0.988744600207904,53.89999999999694,1315.8375408968327,nan,nan,118.0920054001595,347.2929159423968,626.2991976073264,125.5131446538645,135.55419622617367,111714892,5.4296386837887915e-49,2.3389823415061355,1.396567301144912,clean,42.609886058621626,8.590539912884745,8.320024900162265,11.899301730484549,8.36024129201759,10.219370113454815,13.891716637695868,0.0,0.0,-6.599999999999904,-32.29869162754588,-34.30974404085974,-9.216730054555683,0.0,-8.230941997565173,-29.129339659018786,0.0,12.62216193492675,-37.2145298224631,-23.902494369928835,-6.600844488057949,-9.024518463730855,0.0,-80.0,69422
-100.99916467933791,7.346176953565769,47.08189084761135,60.13721034119222,8.99328352708126,7.665365027929567,25.86083453236675,0.6623913843397031,67.29566901521468,0.0,False,LOSS_OF_CONTROL,579,57.89999999999833,1,718150.7713872362,1330.8706585526072,4592.47200393504,132.6499871754142,dry,0.9745021260677337,3.295839760627807,2.655810735629805,0.0,0.0,-1.6892244664178957,1012.3569417065123,0.9937650592800916,53.499999999996966,1388.1086223298762,nan,nan,141.3613953480375,67.29566901521468,39.64136857204487,126.87450239432071,137.0244625858664,1224268756,1.216743778121289e-07,2.0107053995485464,1.2600816857652424,clean,32.96851746785111,8.182433100428474,7.823545036472356,11.867964671256402,7.709497169060558,2.472881273706621,2.6918267606085875,0.0,0.0,-5.789999999999921,-3.471832985262821,-15.039436900243055,-6.222330148733575,0.0,-2.6659145301997302,-27.363089434196585,0.0,14.783476148182924,-25.07927801988204,-15.15192921978072,-4.975927524246602,-3.739567544359856,0.0,-80.0,70001
-119.32721607709203,4.534135246165125,13.590430583624894,60.994357894885454,-1.3120873797521855,-1.3791677075033582,14.430064405906757,0.7114986887004512,7.101945627669693,0.0,False,LOSS_OF_CONTROL,633,63.300000000002626,1,762674.4363246169,1325.1241612529298,4205.474436651497,411.9892525764352,dry,0.9982199193293049,5.078085127491985,-1.382984064811815,0.0,0.0,4.524409096258328,1013.9343430778523,0.9876553690689489,nan,nan,nan,nan,140.77397837005526,6.653918043146234,-100.95481665521618,132.0559094539864,142.62038221030534,868768460,4.707635526358794e-05,0.5612235814444336,0.9272900573456077,clean,39.560660000050106,9.059424993060324,9.130679372188593,13.169828585032567,0.6672703072963027,0.0,0.26615672172584937,0.0,0.0,-6.3299999999999095,-1.4459395642796868,-19.578567450348128,-0.7678425151148964,0.0,-0.6779800361006962,-32.539670370967016,0.0,10.493215418102118,-30.732150081119396,-22.875486377253385,-2.405019917407492,-4.321795161957213,0.0,-80.0,70634
-150.499480580752,31.17825011726446,184.75294684922574,46.57265298910117,7.197835867798555,4.633026002206078,19.126227948240878,0.7182768846862015,58.82340636879618,0.0,False,UNSTABLE_AFTER_LIFTOFF,640,64.00000000000318,1,691388.9109787804,1326.2754307326718,4546.605955057403,31.76723166004436,dry,0.9784294817667639,7.598172920525497,3.99525531769657,0.0,0.0,0.6174601512303228,1013.0429376314441,0.9983955268180527,53.79999999999695,1370.5190320609004,nan,nan,138.47509310526803,10.373493676453869,-1065.8996493400025,124.94595244441064,134.94162863996348,2140277469,6.718369295607717e-24,1.8049401983600781,0.9932849471505714,clean,40.565093756278046,8.374766811148238,7.937084815007294,12.167016374405424,8.419472510211813,2.216560464665159,0.4149397470581563,0.0,0.0,-6.399999999999908,-20.839476660431913,-27.359971155222265,-7.9413900949302665,0.0,-10.402272560306423,-33.55791470341447,0.0,15.366615654870003,-33.25205201347827,-26.730974947590287,-2.9403757308381038,-6.536602848184057,0.0,-70.0,71274
-59.937021828256505,7.216494921912117,30.160824530171713,0.9097009919163286,-1.4304973256273195,-1.4615944218527817,4.497187298869774,0.769611116918785,1.8524284827905717,0.0,False,RUNWAY_EXCURSION,538,53.79999999999695,1,719082.5596194232,1326.61968761945,4251.864165393989,452.0152960949606,dry,0.9511744928329405,0.3174454291636044,-0.1965178759334001,0.0,0.0,-1.6491784065746184,1014.8596256110106,0.9863407671197314,nan,nan,nan,nan,127.13498056596448,1.84469721699503,-1.5780856779640828,126.80901036713911,136.95373119651023,426303516,0.2290077241738497,0.31548201355962735,0.5221955308585252,clean,25.07379566515705,8.139218054745564,7.693187075713009,11.951203859827965,0.0,0.0,0.07378788867980123,0.0,0.0,-5.37999999999993,-3.1130950932661174,0.0,-0.021096242021858724,0.0,-0.03092958897271729,-30.589117968352422,0.0,16.773346349073183,-17.359329438087915,-12.725209780468456,-0.42278261028353153,0.0,0.0,-60.0,71812
-220.9930897476882,74.1437066897492,316.56219699844337,60.13587007109753,12.671721775474515,10.001163016604512,21.70228627005576,0.7025169677386,143.10839119167187,0.0,False,LOSS_OF_CONTROL,730,73.00000000001035,1,701768.9559492506,1330.1420768546673,4779.92838838452,241.83944192984475,dry,0.9663174309139206,6.395764059644156,1.4302916701461603,0.0,0.0,3.4951330182144016,1015.3352664458066,0.9895773726003061,58.899999999999125,1735.3932752949956,nan,nan,137.5412225067896,107.81760637734331,-1259.1600478841451,126.3631648369373,136.47221802389228,2032646511,1.5277040510631226e-71,2.1206365051323104,1.3723637419787154,clean,52.27476535812163,8.384864115300408,8.895377876553857,12.726240611143329,9.867473057579058,4.900509211231481,4.312704255093735,0.0,0.0,-7.299999999999889,-44.0784427137411,-40.75441925536871,-13.849372638285724,-1.5028973581884652e-08,-12.34586893101499,-37.44528233148675,0.0,14.93381880707933,-43.80346713058687,-41.039705867973154,-6.7944480664725715,-9.87783608983164,0.0,-80.0,72542
-53.21670990386056,8.273111085598822,30.073023846399067,1.1705418881322596,-1.1999396334754475,-1.2257210908244842,3.0821412570271423,0.8484567706838195,2.2614776005874546,0.0,False,RUNWAY_EXCURSION,455,45.49999999999742,1,693371.4654685367,1322.7375342439514,4260.131934561984,227.95271552112078,dry,0.9731943154726465,0.6084833265741629,-2.0344103985703765,0.0,0.0,1.0497357487633119,1014.7861854763744,0.9929454120456652,nan,nan,nan,nan,137.32542399102732,2.2169171135636248,-4.937159923180694,125.11098473488663,135.11986351367756,194890680,0.21442104481614907,0.23707802769767797,0.3984186047753388,clean,28.90146726814779,8.673365810069145,8.799239169581472,13.452971143722884,0.8212629754993009,0.0,0.088676684542545,0.0,0.0,-4.549999999999947,-3.460243000085493,0.0,-2.564008915581823e-05,0.0,-0.0023853852292907464,-29.13379768607885,0.0,14.74975355067647,-23.182570872013567,-8.268157555629958,-0.10626636697381164,0.0,0.0,-60.0,72997
-58.14507800704774,8.053299398921109,30.21166722999806,5.15696538564614,-1.3686666967490015,-1.4235692966341693,2.6940436348867203,0.8247163917866073,3.4835446185196304,0.0,False,RUNWAY_EXCURSION,381,38.09999999999784,1,671995.9864982909,1326.5713469482037,4201.3380350389625,129.8709062421432,dry,0.9705760285383254,1.9224606802164708,-2.750305545630629,0.0,0.0,0.4933479174575739,1013.6842871105528,0.9957279929704222,nan,nan,nan,nan,145.98753386476375,3.4835446185196304,13.13525734309863,123.11573044017847,132.96498887539275,1338252684,0.20304564067925537,0.2515780329703185,0.3496969681592434,clean,26.42623832079083,6.922067464517586,7.970029827194719,11.65269266829263,0.8211226268605322,0.0,0.13934178474078526,0.0,0.0,-3.8099999999999627,-2.7455550545000706,-0.09275777526091518,0.0,0.0,-0.006115799182191102,-23.48721148444262,0.0,8.355392566566367,-22.433093217351047,-7.77977131238753,-0.05791156680047854,-0.019547056086363312,0.0,-60.0,73378
-51.84692140273464,7.932403618793259,30.120672013138087,0.918959576762204,-1.011136112374141,-1.0449714871248683,4.155030675239964,0.8497200382749238,2.1496729262165104,0.0,False,RUNWAY_EXCURSION,400,39.99999999999773,1,674997.879434783,1322.0866949350532,4293.626545945766,316.0475125113294,dry,0.9539519876787633,0.37012205636286843,1.0792021074118088,0.0,0.0,1.8253037807124004,1013.2925496322981,0.990415185006389,nan,nan,nan,nan,134.49196560554492,2.1496729262165104,5.659925783120894,123.69868212985232,133.5945767002405,1246254308,0.21468892411852875,0.30236980558563004,0.46905443566711513,clean,27.689195198254932,8.212022321656654,8.094982410459851,12.543360194434182,0.9588345670082763,0.0,0.0859869170486604,0.0,0.0,-3.9999999999999587,-2.796578985397529,0.0,-0.017002673569526883,0.0,-0.01164457550004572,-25.643162432955403,0.0,13.844990860551897,-19.04924404556555,-11.607048126518302,-0.15161303264272175,0.0,0.0,-60.0,73778
-54.05322538424001,6.736797350900758,30.169373885541567,0.764526371730471,-1.4921429292065944,-1.5191583889026656,5.804216227529858,0.7984029111616746,1.714027234774619,0.0,False,RUNWAY_EXCURSION,408,40.79999999999769,1,715116.9983244053,1329.8575543816107,4599.868906908398,260.582729872588,dry,0.9579268974150046,5.462396586616928,1.441380550990158,0.0,0.0,3.3613666055195193,1014.9632188302173,0.9920762613856318,nan,nan,nan,nan,126.0395577936163,1.714027234774619,3.467597420304571,127.5533685898747,137.75763807706468,1930469648,0.23403200659691495,0.35262297386865865,0.6104576818018512,clean,22.468121021477373,7.919851876233437,6.8008995756914645,11.68765066969128,0.0,0.0,0.06856108939098476,0.0,0.0,-4.079999999999957,-2.057427880802024,0.0,-0.10913375257054038,0.0,-0.0008718142207722653,-24.035651081348238,0.0,14.594529735630916,-15.994848360659896,-10.812592685487363,-0.5023137772666251,0.0,0.0,-60.0,74186
-47.90561467463384,7.41560279097717,30.53513545969932,1.3507850916037016,-0.9138746403569391,-0.8868236761135975,4.994708824183125,0.8295100571020791,2.245714739714785,0.0,False,RUNWAY_EXCURSION,368,36.799999999997915,1,680976.0239556384,1330.3989518013827,4786.537867731013,95.44255274361491,dry,0.9716279145430866,1.5856865256756967,3.1450606539518624,0.0,0.0,-2.683745486916667,1015.5796301607576,0.9967459348886406,nan,nan,nan,nan,139.37033571953725,2.185528036583065,4.246223046474196,123.136582344366,132.9875089319153,641445060,0.22115258215827763,0.29404739933085383,0.3704426545888104,clean,25.270573381442965,8.202651507767865,7.199717306875976,11.453708331610631,1.0122697256530189,0.0,0.08742112146332265,0.0,0.0,-3.6799999999999655,-2.248527625478423,0.0,-0.06452757398184705,0.0,0.0,-22.802942098969464,0.0,15.11849130557787,-16.25140283162235,-11.164308089204836,-0.038248381775413065,-0.0004907539931887064,0.0,-60.0,74554
-53.20442576342565,6.701150175129324,30.276280526588828,0.5824338479556352,-1.5785208053741788,-1.597659271652414,7.283871981188976,0.8239634795512594,1.6289790087337224,0.0,False,RUNWAY_EXCURSION,329,32.89999999999814,1,688723.341814729,1326.772581248954,4450.88386072821,340.41884935887015,dry,0.9849012730308224,7.2951314299086105,-1.1300601209391,0.0,0.0,-0.12411616306609119,1011.5592582266419,0.9896529390865256,nan,nan,nan,nan,125.39787012317412,1.6289790087337224,3.8706093949140907,124.63593687597724,134.60681182605543,1937191049,0.21215489913553848,0.46823485286952904,0.5978284861239743,clean,20.128568393857105,7.245144863890037,5.8720825882914145,10.957669541740461,0.0,0.0,0.06515916034934892,0.0,0.0,-3.289999999999974,-1.6415423441455743,0.0,-0.2944358456593631,0.0,0.0,-20.147378867025854,0.0,12.465983883836623,-13.499626324346258,-10.741678087238826,-0.32437272697480934,0.0,0.0,-60.0,74883
-48.880123717755,7.997183044028971,30.17622626143785,0.9796113253761417,-1.4343618392141606,-1.4542946435388073,3.912706943436611,0.8584320181116621,2.0573302224768213,0.0,False,RUNWAY_EXCURSION,388,38.7999999999978,1,735200.5565587729,1325.135291220116,4380.984416676861,325.4559897860916,dry,0.9784755924654053,7.708046923510358,-3.0878524590856435,0.0,0.0,-2.495429835945564,1011.3197870922529,0.9900163556764445,nan,nan,nan,nan,139.96376740238688,2.0573302224768213,5.790438159979701,128.2566927215986,138.5172281393265,1443098010,0.22135792763900197,0.22284699106006434,0.2589454470464219,clean,25.629652589155977,7.995884590838938,7.7925359217499155,13.37141618110634,0.44902555435557945,0.0,0.08229320889907281,0.0,0.0,-3.8799999999999613,-2.7571683795783715,0.0,-0.007897641797893935,0.0,0.0,-25.167860428669687,0.0,13.696799185793424,-20.078879052772585,-6.005573580691268,-0.0003518661444537719,0.0,0.0,-60.0,75271
-44.042945587247594,7.976440904225101,30.02207890911048,1.076050327515199,-1.3987954330175247,-1.4138450397997993,4.188295605219196,0.852415968645822,2.300006030893485,0.0,False,RUNWAY_EXCURSION,393,39.29999999999777,1,735271.1563543631,1323.9198874652216,4667.84643531637,495.80489369204184,dry,0.9646940179067156,1.7131196342890531,1.97127018199413,0.0,0.0,-1.3211316355289568,1015.0949794392859,0.9850852458686173,nan,nan,nan,nan,141.14685772527457,2.300006030893485,19.453128006589004,128.28699780219412,138.54995762636966,1912112502,0.22416673226923656,0.22173714691168003,0.2909745367989383,clean,27.156360580577278,8.475638239099895,8.08959326015033,12.73811919003523,0.6989763683983587,0.0,0.09200024123573937,0.0,0.0,-3.92999999999996,-2.778230948105331,0.0,-0.011762571240672828,0.0,0.0,-25.332382524350717,0.0,16.980920148032407,-20.204970777774495,-6.013321514591942,-0.001653621108967775,-0.0022316576047255584,0.0,-60.0,75664
-128.59702540818918,34.456355868529236,137.91978779004683,62.03457194769053,6.6686353408076675,-0.06759914173265297,9.886154561751862,0.7882233066613448,137.701699850756,0.0,False,LOSS_OF_CONTROL,553,55.299999999996864,1,714964.6704789589,1327.062265614298,4723.341296367686,189.14417696464807,dry,0.977210298168254,3.519146309335211,-3.8354887599446656,0.0,0.0,1.047495447947174,1011.6930613938542,0.9903509268170438,47.699999999997296,1881.4686777747022,nan,nan,168.46507552046808,130.5575658576333,-1188.0626189433817,127.23774282592308,137.41676225199694,428456152,8.757228512300972e-19,1.6057343638819093,0.6604057138422471,clean,49.85492270444535,9.020250437663654,11.52322807516982,11.733209476359438,6.571155940561702,4.940497287068658,5.222302634305334,0.0,0.0,-5.5299999999999265,-27.466793531055146,-25.059009741045617,-0.1453732959197278,0.0,-9.637090306461696,-32.561419321476876,0.0,14.633956303182512,-35.19285792384475,-20.966371255628886,-0.7342711749829238,-4.803361716529867,0.0,-80.0,76217
-117.8670694135961,4.992394784549021,12.897228525115974,60.80249838474319,-1.4089963308899047,-1.4423148711902507,5.220670403538635,0.7797749153025745,6.894189801109974,0.0,False,LOSS_OF_CONTROL,569,56.89999999999753,1,733354.9113361235,1331.3209783246573,4536.804768070361,244.6487492576087,dry,0.9695357414827215,0.5478740218229845,-1.7495320437296265,0.0,0.0,-2.3952056837420566,1013.475703521357,0.9922436603400304,nan,nan,nan,nan,133.36587685442947,6.315341880645406,-97.84343397021836,127.98173151079641,138.22027003166014,1628312689,5.926420683187697e-05,0.3650227006259669,0.7333755900468839,clean,42.00137386352173,9.2042758328602,9.628048449519186,12.189320035352482,1.285083973439404,0.0,0.2526136752258162,0.0,0.0,-5.689999999999923,-1.575751026071867,-22.752638735534624,-0.11162662203936975,0.0,-0.16698578499582437,-32.9849375060341,0.0,12.064715033072915,-32.83604340309239,-23.836771206356524,-0.8919246559572532,-3.6458213365057976,0.0,-80.0,76786
-116.1315416121813,91.2018314038126,400.6197729046098,54.907492030004775,39.036417190616945,9.39344864355594,59.53698931541341,0.6994722968419979,905.6632595350699,0.0,False,ENVELOPE_VIOLATION,546,54.5999999999969,1,685457.669511036,1326.1536350130305,4401.080430614576,111.5872150476488,dry,0.9533911794723946,6.524676713638945,-2.184759996243079,0.0,0.0,3.4272267045412113,1011.1795192714069,0.9705599183589807,39.69999999999775,1425.6373423036534,nan,nan,116.09902116075997,905.6632595350699,4231.841157405094,125.12779034179665,135.13801356914038,2023172498,1.327055210959691e-108,2.1835091834948632,1.2448699399478347,clean,46.41098449917948,9.993323416933935,10.136304828492412,12.37251742158298,3.2787719193532454,13.814296356070308,36.22653038140278,0.0,0.0,-5.459999999999928,-37.99614676572789,-43.07939150837442,-16.132523011970513,0.0,-15.131630916727033,-28.142759778248134,0.0,13.867013161811158,-30.497235987702073,-25.97911002102252,-4.092095028210857,-5.720390579024044,0.0,-50.0,77332
-75.78158593582013,4.261530123842224,19.794285264909213,61.72135816771317,-1.059336156600714,-1.0324463116472662,5.720603878165415,0.7968694859625355,7.231696085840184,0.0,False,LOSS_OF_CONTROL,523,52.299999999997034,1,675242.5347787392,1328.810600023295,4335.88693141812,167.67394551996594,dry,0.9959174119564652,6.66646714358339,-2.688707827440107,0.0,0.0,-0.3522195114882436,1011.0918671227861,0.9945420512203589,nan,nan,nan,nan,135.54036423998784,6.2242711314081305,-114.28950958915308,123.38975291191024,133.26093314486306,104360713,2.9739342207380598e-05,0.5811716300636829,0.7933205461226424,clean,47.25015717067995,12.933803074207258,11.462404795248371,11.574868004457793,3.1513493453477444,0.0,0.24897084525632532,0.0,0.0,-5.229999999999933,-1.0553349105694336,-22.131394758189494,-0.10306086428794761,0.0,-0.40095747918726954,-31.123154368873298,0.0,23.317076013235525,-24.655430472008096,-15.15777059186887,-0.9377314368999509,-4.925380302368687,0.0,-80.0,77855
-76.1862300310183,7.956642836978419,53.857991514061496,61.322461736368126,25.404087669873867,8.766441943859425,30.72612952369355,0.7836459833390634,352.2375863622154,0.0,False,LOSS_OF_CONTROL,562,56.199999999996976,1,719289.3660487817,1326.1372234264445,4251.765835406008,267.88448069869605,dry,0.9882515294529255,4.925171630134743,3.8406515060869832,0.0,0.0,1.8221395781950056,1015.3304858214068,0.9817345510365983,49.19999999999721,1688.2759747562739,nan,nan,142.5775197848695,352.2375863622154,4575.632259920336,127.56367736206755,137.76877155103296,784068115,6.938834175259567e-08,1.8492741173585947,1.4945900747568066,clean,43.68358215332016,8.052400413363848,10.884705379712226,13.083310987558944,3.1345865464348632,6.159660674813644,14.089503454488616,0.0,0.0,-5.619999999999925,-3.9532432069116523,-13.273135191008905,-3.564899768412589,0.0,-0.13078416708260177,-32.914475826075375,0.0,9.297396074315095,-19.946259512603838,-16.07686155927937,-5.423508611121667,-3.6682078725297558,0.0,-80.0,78417
-56.67782970229724,6.686512561176915,46.91590905844812,60.439679378671606,22.5881809295857,8.0996525821145,27.888260440615966,0.7893824670489561,268.66553260959347,0.0,False,LOSS_OF_CONTROL,482,48.19999999999727,1,711135.4895875143,1327.0543237268275,4668.348132919142,51.37926406168519,dry,0.9582285376261186,6.750021821942466,1.8551582790473096,0.0,0.0,-1.3373748529255094,1014.7272288571438,0.9902668647936272,41.899999999997625,1485.1580099804535,nan,nan,147.82567661261524,268.66553260959347,3757.613962503693,126.183171491618,136.27782521094744,1366900981,5.9226571337044134e-08,2.1802194119136864,1.2086661750316716,clean,38.79784844427525,9.485043759115598,10.332095624006875,13.271975419018828,3.1203789661037336,5.676514348197833,10.746621304383739,0.0,0.0,-4.819999999999942,-2.3944394456927065,-14.117783981765463,-3.300008019571887,0.0,-0.0901149006500031,-28.61364152492112,0.0,15.11498041183309,-12.208484109449545,-10.230386878061807,-3.5909598794317565,-3.857469239687942,0.0,-80.0,78899
-66.35514997990224,7.409725344623359,52.052953616344084,61.017226016296064,25.74944506482351,9.006510087781672,29.516166524981696,0.7703116599861215,341.88361232989587,0.0,False,LOSS_OF_CONTROL,502,50.199999999997154,1,729796.5650662011,1331.2266867018009,4398.454397252534,437.1137450008835,dry,0.9927807770961694,1.3764515278081468,-3.9042375926903126,0.0,0.0,1.7824086392723917,1015.2870653356233,0.9771853732789035,43.299999999997546,1642.7090333874407,nan,nan,143.15162457553012,341.88361232989587,4249.004974442417,128.48595289497908,138.7648291265774,226549387,5.2280647763809485e-08,2.0166904206198826,1.3825072058740726,clean,42.246512243963494,10.749076293562657,10.746222990118426,13.555233892195114,2.7763921155724347,6.381028734706562,13.675344493195832,0.0,0.0,-5.019999999999937,-3.062424766749154,-14.175927215884567,-3.195945775985235,0.0,-0.12208886410742925,-28.663915917146664,0.0,18.05368838348762,-24.85549278807297,-16.982890349227894,-4.504372994525967,-3.9555904550045655,0.0,-80.0,79401
-65.15222974465405,5.991023868648769,33.73247101189711,60.45570982170519,22.53409970705737,7.656236714451334,25.76745823264251,0.7929686899875039,309.06615762575234,0.0,False,LOSS_OF_CONTROL,682,68.20000000000653,1,728032.1153158485,1326.015754802325,4777.4028313016,387.00440488140555,dry,0.9556465489219511,1.2191045753983758,-1.5349141738115142,0.0,0.0,2.842983429934921,1012.6888974389508,0.979627600703453,61.500000000001194,1733.4346759444209,nan,nan,146.7218686420833,309.06615762575234,3883.100109164547,128.72985801571593,139.0282466569732,1095352898,1.0277905407329591e-06,1.7712435814575347,1.111638186691714,clean,43.979359315459966,11.477277500395891,11.937332471782458,15.293898038700886,2.828104961726478,6.013405381151857,12.362646305030093,0.0,0.0,-6.819999999999899,-2.719843810044283,-14.465634478232786,-2.8280728985485153,0.0,-0.014899055886883875,-40.52452439412965,0.0,20.929208104658535,-23.792331406265426,-11.359978472009264,-3.407771125296898,-4.040406183146602,0.0,-80.0,80083
-150.63845083882978,84.37068894115833,404.14996383309534,59.959054264311405,14.098562954451547,12.111006694743754,41.20714180951142,0.7648869442535855,261.22450464388635,0.0,False,ENVELOPE_VIOLATION,669,66.90000000000549,1,692282.9535260551,1322.1842911212716,4380.578346528473,241.36898572859639,dry,0.9505443635596965,0.15183277380969518,3.8702357407483903,0.0,0.0,2.203069651834528,1010.3335132874704,0.9872446361525928,51.599999999997074,1663.899778366894,nan,nan,120.32162925617989,187.60139965807807,-567.6632897012224,125.53748896739236,135.58048808478375,1350999467,2.3654892323380574e-106,1.8182737849975847,1.2350448895983024,clean,51.40691391544905,11.53812469816585,11.48758928771652,14.555364398082643,4.58774502426717,7.011051704410271,7.5040559863231255,0.0,0.0,-6.689999999999902,-37.79475837422224,-38.414024136866104,-18.423791381986394,-0.6660636373083986,-10.284852159461408,-38.44203161335284,0.0,20.783677603025748,-36.35659545788193,-29.085094039173978,-5.008286139221257,-8.34747651679548,0.0,-50.0,80752
-213.49641993938417,76.66096886022007,236.24092421272914,35.61146602483394,16.531163793271915,7.13049112508453,9.740861467674637,0.8214410371940446,275.5094154192437,0.0,False,CRASH,720,72.00000000000955,1,749165.3904623562,1322.1504060740024,4571.934464335856,289.06796004617905,dry,0.9588216685250115,0.6241675745957487,1.4428355392750842,0.0,0.0,-0.1240085932325421,1010.6473194672606,0.9904231757186338,53.19999999999698,1814.7622454755463,nan,nan,167.70105499392724,27.1810580089508,-2890.8534727724773,130.04859541774505,140.45248305116465,1640650566,2.5768592838841772e-48,1.8932451512036401,1.1612801894249791,clean,63.205585605149906,12.491655456423883,13.62592724611631,15.823756337328152,7.0445910523716675,7.870673172129785,1.0872423203580244,0.0,0.0,-7.199999999999891,-52.43582773640545,-48.93635399691737,-1.305838409939954,0.0,-12.766014751863594,-44.80864146306216,0.0,19.470849941428927,-41.78386044884005,-32.33639756819781,-4.7350794599106365,-7.8086872355535615,0.0,-100.0,81472
-203.11226920860395,79.59980199650555,259.4267512193118,60.17256381472059,15.984523209702402,6.242515805388119,15.124405969539286,0.7509143496683613,276.8023259654258,0.0,False,CRASH,647,64.70000000000374,1,708668.8329511418,1322.957571014589,4560.190143933905,354.2670073346601,dry,0.9681487815296848,6.162903868201232,-1.1552325640862717,0.0,0.0,-0.05359644945881126,1010.6458112095108,0.9883560119770555,50.199999999997154,1770.2636860918888,nan,nan,166.81726352909095,33.02044783311629,-3972.938395723487,126.5003950996499,136.6204267076219,1991049240,3.856630556426188e-58,2.089770292467268,2.592405578657979,clean,56.610629390074585,11.82404403228919,11.371222394291085,14.69896068213031,3.689448927069181,7.312642977841453,1.3208179133246516,0.0,0.0,-6.4699999999999065,-46.139970744620285,-44.50976988660619,-3.9242058181138493,0.0,-11.506139051034545,-36.06849842848514,0.0,15.001290637135412,-31.47467435353659,-29.97648160921631,-6.173326708318002,-8.698259562828715,0.0,-100.0,82119
-201.82850102842667,104.47411899587583,397.5043232763225,60.04817387519188,19.664562387058695,7.436289841014619,32.06999824281584,0.7711568953791962,336.7047537072831,0.0,False,LOSS_OF_CONTROL,691,69.10000000000724,1,679491.6743063111,1323.4417402608042,4474.514109747011,258.07045995123804,dry,0.9747425027705984,4.405017955441189,-2.7472292313141806,0.0,0.0,4.2337806674143845,1012.3687944669276,0.9897549708137986,53.699999999996955,1658.293382250979,nan,nan,144.61290509944433,85.76741114328064,-6549.673906897452,124.6809552131383,134.65543163018938,880091737,3.5938532818462334e-115,1.7719405059017759,1.173994832658553,clean,52.407116524211055,10.83944887409501,11.328353094851455,14.686518365899909,4.519517661935884,8.123400856752626,3.43069644573123,0.0,0.0,-6.909999999999897,-47.90501617140035,-51.65232881608272,-17.660674996773157,0.0,-12.382588834259657,-40.0451996432528,0.0,20.092298746924,-31.156260473405073,-28.268066944506906,-4.225608473581419,-7.050107245565583,0.0,-80.0,82810
-223.17702891478393,88.79840358264562,252.70201183321956,56.597069748194336,17.474597359105154,10.030175495852585,18.94121839891186,0.7458659855554808,266.84481132701336,0.0,False,CRASH,660,66.00000000000477,1,754868.9288156754,1325.3446418357826,4697.080363385489,211.28940277571851,dry,0.9822228085960564,5.1506163039463795,-0.3312215494521218,0.0,0.0,-0.9935881092655938,1015.4783968599013,0.9923549895407192,48.69999999999724,1852.291982870232,nan,nan,147.81191834174118,37.73762403316428,-4973.587172176096,130.03506428991935,140.4378694331129,945702738,1.1790781966061497e-61,2.563821690471933,2.401021109794451,clean,60.780299363539946,13.036365658070942,12.408290874540254,14.910992770299655,7.577607555831415,6.884014957962779,1.5095049613265772,0.0,0.0,-6.599999999999904,-56.32299696937502,-55.92299025111424,-7.079661942627301,-1.875748009525188e-05,-6.940147301080792,-36.57424097612609,0.0,24.153925002627727,-41.348841356340046,-35.78538799281682,-11.55016803630781,-6.313576475714504,0.0,-100.0,83470
-177.5614707780847,104.88916434871244,400.9821176878762,41.89848229587191,27.18146366578139,10.455012115994414,26.191903900939586,0.7470792401884441,409.6956534187214,0.0,False,ENVELOPE_VIOLATION,698,69.8000000000078,1,745191.5650181499,1330.549826657717,4444.755774097718,455.0041441587811,dry,0.999748531322343,1.034735424283327,-1.123076155129826,0.0,0.0,0.48359158356096454,1013.9941970622973,0.9790065700216862,52.099999999997046,1725.2173217061752,nan,nan,142.16521118743353,257.4795917979679,-2955.913594399195,129.62550290886736,139.99554314157675,1018360727,1.35750346465161e-114,1.6575745047940385,1.9145263876395413,clean,55.728041672057515,13.525683489376627,12.134077731678218,16.176690719332047,2.8837529978355922,8.98483235934685,10.299183671918716,0.0,0.0,-6.979999999999896,-50.211378908311396,-53.41932882397234,-20.75716321899395,-0.015383130162334542,-10.633237157489313,-38.895262613522966,0.0,21.449251398759774,-39.60911106924062,-32.468350717309754,-8.124003604052437,-7.629765575334609,0.0,-50.0,84168
-141.1104556857832,89.49208790548639,403.11958278789365,40.138282748835564,27.52288277591788,15.982746361696716,36.95601909880314,0.7366758998897337,382.1387202176745,0.0,False,ENVELOPE_VIOLATION,660,66.00000000000477,1,767010.7999606415,1331.832304650678,4473.2862582578255,235.56992156740213,dry,0.9925606854345792,3.814841491861512,-0.08608992985190689,0.0,0.0,2.360936305899866,1014.794123312138,0.9857681451695294,50.899999999997114,1839.7678498642229,nan,nan,129.1648251054926,245.1391713758078,-1690.9269660334867,131.88451240000404,142.43527339200438,2049967474,3.159582798499698e-106,1.6484601217453736,2.2361551434753073,clean,53.48400144304721,14.74399259852384,12.181848208859433,16.472093501268652,2.579733793318889,8.694187928952697,9.805566855032323,0.0,0.0,-6.599999999999904,-39.927410899685505,-44.863349575152895,-20.134122391539176,-5.540677245397151,-10.173417272655591,-36.26346002934958,0.0,29.892253971745383,-34.28485099498723,-28.377042009955094,-6.409683153895556,-6.390120413913735,0.0,-50.0,84828
-183.50680882651994,94.91409202231486,403.35430558840903,45.66809169547877,23.307907017459534,12.606166203634816,33.8680664138858,0.7420259621870064,324.2668637651699,0.0,False,ENVELOPE_VIOLATION,631,63.10000000000247,1,732536.6814904676,1327.2587461177657,4687.758027585381,68.55613344833338,dry,0.9609459971387726,1.9648532555391967,-0.6310328605039359,0.0,0.0,-0.5015353359257384,1015.1484630125703,0.9918615444066726,49.099999999997216,1732.0284756586198,nan,nan,121.89429258107268,197.28630272170068,-1758.0671065882052,128.22766236171293,138.48587535064996,420376857,1.2824061510247266e-109,1.4788186833767394,2.3146826661557296,clean,50.134273023309994,10.505799420281166,11.26914183566653,14.56259500829919,4.719537276506388,7.580884033164247,7.891452108868025,0.0,0.0,-6.30999999999991,-46.119446898419824,-43.615609526526455,-19.792418076523365,-1.115723648230322,-13.377635136215137,-34.91080203443029,0.0,13.981005296573825,-41.66258437952951,-35.43254301490784,-6.493266737411914,-5.32146737699419,0.0,-50.0,85459
-181.98650304289743,88.18604594889676,400.43757359885575,40.25933783110185,17.52016651172331,13.097183226339594,43.70811805240752,0.7458955484172165,303.8982229919526,0.0,False,ENVELOPE_VIOLATION,618,61.80000000000143,1,755473.2696827108,1331.6257115227304,4480.506055561467,1.478160727665323,dry,0.9623369477861644,2.4067916202107433,2.5123269197003486,0.0,0.0,0.6009609271588943,1014.9329829710272,0.9929751908879177,46.59999999999736,1796.7785105768128,nan,nan,128.9588115072627,227.51595699754793,-560.5274217603026,130.4828321182943,140.92145868775788,1073518085,1.006105288405102e-104,1.7995484893736982,1.6151959173508594,clean,53.041153794395896,11.517543249790895,11.181239525492293,14.946939455439274,3.880991714318845,8.126785751879055,9.100638279901917,0.0,0.0,-6.179999999999913,-39.55928730048552,-53.54945345277103,-20.052995734309675,-1.8513976057457022,-12.100054745152256,-34.11286343463662,0.0,16.18675507701528,-46.82002877998317,-36.01708750476241,-6.971412983352631,-2.7539683499313483,0.0,-50.0,86077
-159.34664358377336,107.35828842449574,402.12771723153656,32.21941971753229,14.450912859745205,13.217169526107563,21.454807082493705,0.7350082921565461,259.1613359552647,0.0,False,ENVELOPE_VIOLATION,649,64.9000000000039,1,762576.9696645341,1328.0176127055195,4325.967585836601,194.723758013646,dry,0.9728242626370044,5.12111895398711,2.718446945024857,0.0,0.0,-1.8745260423152335,1014.1025880802329,0.9863452757187463,47.199999999997324,1807.9371502890667,nan,nan,132.62668169091813,259.1613359552647,1563.9908490909704,130.58513892212466,141.03195003589462,107014967,1.9063561664473985e-115,1.3573724704265602,1.2009763633271229,clean,57.993045500568215,11.838227026596298,11.17524013640433,14.85166645503719,6.533278456797839,9.670253761980952,10.36645343821059,0.0,0.0,-6.489999999999906,-52.758843278924815,-33.84153476862264,-15.560142435154411,-3.204277487443321,-13.500862333437876,-34.82162832622721,0.0,17.946857866332554,-42.10500997993544,-38.721774735315066,-4.233103591534876,-4.484489289105203,0.0,-50.0,86726
-634.677151137155,207.36713780644556,401.53699069093716,58.61270674613012,14.31477637150272,10.297014386612116,27.93118752914128,0.7226325849260461,917.8191629163939,0.0,False,ENVELOPE_VIOLATION,1243,124.30000000004382,1,759061.2161150017,1326.3193398269325,4221.727408786189,154.4495140552138,dry,0.9914097333040764,7.026965954699858,-0.047938950259088564,0.0,0.0,1.7933720275235663,1011.6313032367891,0.9927453000097082,45.399999999997426,1627.5943851864774,nan,nan,200.01551359122223,83.53907970947685,-1335.289644848668,131.27579322669143,141.77785668482676,913171518,2.6350672217829395e-215,2.780771302421719,2.316173214670135,clean,169.93793306805043,9.11196752502806,17.39314970928315,13.809190617919088,33.74581528590586,33.79497162338916,3.3415631883790446,0.0,0.0,-12.42999999999978,-291.2622075235464,-129.76764697351655,-24.011109577105568,-0.004207302702633601,-55.95982093215413,-65.4692378154239,0.0,9.306125088926,-141.9299340607139,-120.29198612411739,-18.80780892171984,-15.183908013033145,0.0,-50.0,87969
-185.13390058412236,97.05619794140995,401.3910870282406,29.54379559266785,21.774919470610868,13.378712852065863,16.094485186733078,0.7349220845602489,453.89979905539246,0.0,False,ENVELOPE_VIOLATION,788,78.80000000001496,1,729169.9911576482,1327.85549303281,4320.698717422603,21.578106077024373,dry,0.9597127014147582,2.6630270756085546,-3.2171287305063343,0.0,0.0,-0.4002089887891609,1013.5363163235298,0.9861015806377008,59.29999999999944,1587.8700591134834,nan,nan,138.4520727611856,443.0563790874739,2680.4988029773835,128.0569140409404,138.30146716421564,2030045015,2.944262308955803e-108,0.9923616070493271,1.29099242356111,clean,57.45550951278003,10.80603874895646,10.969866166623657,13.880031779264193,7.227407679894981,12.30992389293092,17.722255163498957,0.0,0.0,-7.879999999999876,-58.80642955381256,-39.6560774031731,-8.044371193846622,-2.4588966721791574,-14.822896625776849,-42.51829294044754,0.0,13.62480075354817,-52.321504915270786,-44.43215669799977,-5.289969443187907,-2.8991388359246346,0.0,-50.0,88757
-200.76257037441135,83.81994198821081,403.6914652625805,37.68935230314397,23.499466929293934,12.096775262564394,31.53446848329361,0.6564955269515295,492.12328767497723,0.0,False,ENVELOPE_VIOLATION,728,72.80000000001019,1,704967.6825520743,1328.8098074893087,4370.790692718261,307.7304492021512,dry,0.9688751712426604,0.9502758968180105,-2.886904646018315,0.0,0.0,0.6709166138959466,1011.2128604718602,0.9829136490953191,54.29999999999692,1368.2556612606825,nan,nan,150.60788719638234,268.7405621597632,1082.9129655677766,126.29275004781366,136.39617005163876,1331898245,2.922777604827067e-103,1.6365003121177784,1.6039485222681058,clean,50.83640430480121,8.520942044367567,10.167321826202556,12.363290110886823,4.636120881428503,9.900798453713412,10.74962248639053,0.0,0.0,-7.279999999999889,-48.63926079942944,-48.90279652208933,-14.66177854497292,-0.8376527764214373,-11.60621677309429,-34.31219704306795,0.0,11.359038276183236,-53.2246952344041,-37.882164909261505,-6.993399504056507,-4.955946651587005,0.0,-50.0,89485
-173.0172551064594,86.58510657740231,403.2910309525365,38.21412469775215,32.059794999499815,13.556436468849297,36.39875504167961,0.6464683930467626,526.206289197422,0.0,False,ENVELOPE_VIOLATION,716,71.60000000000923,1,718569.8769421306,1331.6555996913357,4254.4163098376675,226.23010079379708,dry,0.9725940527431742,0.36227186409371726,0.39907546238644853,0.0,0.0,1.9705673783855433,1014.3134819565771,0.988700960906918,52.999999999996994,1311.646666739246,nan,nan,145.9430767939896,151.98053883150845,-1430.5224975960532,127.59640866045928,137.80412135329604,750782387,2.056092363208992e-104,1.5230578793194443,2.012000318319606,clean,46.970798517911795,10.656742543693904,9.498569147252079,11.999914943256108,6.155310118230278,9.43097047473128,6.079221553260328,0.0,0.0,-7.159999999999892,-48.57917933596297,-47.48839470191637,-18.189711217615145,-3.4135586108910507,-4.736799689861996,-33.239750332892996,0.0,15.44509934738653,-31.647027607112896,-30.421543023565015,-9.61618590680313,-4.761731325559969,0.0,-50.0,90201
-218.65579103328437,78.60862500629945,401.56613268917573,49.99338254997874,38.88377080039222,10.799691626650835,56.37332544331586,0.6875636477020254,694.8652471259461,0.0,False,ENVELOPE_VIOLATION,798,79.80000000001576,1,742024.13489012,1331.4798046118772,4200.452796773593,76.33203229390162,dry,0.9955599681039358,0.44638500157540495,3.8718103716699868,0.0,0.0,0.05711866572753621,1015.6194401211213,0.9899051547932777,60.70000000000056,1535.1240483700167,nan,nan,142.97540796675656,258.02280497889296,-5590.674252332181,129.15066658628305,139.48271991318572,2136953472,2.546454925230774e-101,1.8148028281187254,2.8834990699522045,clean,49.67091510722477,8.109522731379933,11.453282110060082,14.696687505129171,2.281605232594133,11.19142448083782,10.32091219915574,0.0,0.0,-7.979999999999874,-48.07284083846258,-53.42446679705854,-20.057526883259087,-0.1134508935404083,-9.159736940010013,-40.09884810029382,0.0,8.980603746645043,-51.82729638347052,-39.84642161653869,-10.535119090450525,-4.245036603226139,0.0,-50.0,90999
-186.2832749768483,92.12416533176554,400.3940729640437,44.02050604003592,39.20607766048046,9.668158875761403,62.27460527213369,0.7448890463639332,791.0297063854914,0.0,False,ENVELOPE_VIOLATION,620,62.00000000000159,1,672326.4881433966,1330.7543669275008,4253.313934952813,433.1927115624113,dry,0.9981470012298681,6.900551966287874,0.18337184641857407,0.0,0.0,3.9257384643834996,1013.5864028681407,0.9705028051560498,43.999999999997506,1300.273986429403,nan,nan,123.59838999802291,587.3415727674383,-4771.146177125592,123.88201246168836,133.79257345862345,1296558496,4.1094757679061984e-107,1.7475752209503577,3.447890097650561,clean,43.95173066300154,9.457189139697675,10.748639521543703,13.003631808499126,2.2645532103494634,12.391588794866385,23.493662910697527,0.0,0.0,-6.199999999999912,-49.73241140545015,-52.2044781119916,-18.07471644675303,0.0,-11.82426325941778,-34.39616630917011,0.0,16.020306673911083,-48.209619525550174,-35.4622290787264,-9.919285184032297,-1.5914083783226343,0.0,-50.0,91619
-182.8740118849563,85.05067881886694,400.67548873020047,55.12788878700632,39.82550985471728,9.79767016028676,50.36139691398164,0.7369850642578573,700.9452399048118,0.0,False,ENVELOPE_VIOLATION,620,62.00000000000159,1,728810.4671723214,1329.3035464818895,4393.158593048809,375.2770177231649,dry,0.9598747339433829,6.412870363872571,1.7553212747156866,0.0,0.0,-1.4758721794065108,1013.8831092791075,0.9770557732065621,44.0999999999975,1545.861876452964,nan,nan,149.85832823553648,399.14577149658754,-6146.527778952002,127.76396872391537,137.9850862218286,2037841023,2.2736208655623164e-105,2.1771939526559527,3.353288424368899,clean,49.68987792428461,11.430453485961019,10.627154065224826,14.236459333797878,2.355031259215417,11.465090055033206,15.965830859863493,0.0,0.0,-6.199999999999912,-38.878768935428184,-54.41057110529581,-18.71215577795244,0.0,-13.404188929375904,-34.19380141004473,0.0,17.752065390412884,-48.54497600693841,-36.4236341498065,-9.97776119760215,-5.650116746304901,0.0,-50.0,92239
-178.95699798867787,94.0827894857646,402.4895232430049,57.71025734700211,41.29307727573297,9.671224789852209,47.1524423923474,0.7416683026760534,787.1049542243106,0.0,False,ENVELOPE_VIOLATION,597,59.69999999999976,1,692256.4811236167,1329.5234870043314,4563.1134942322005,375.1626239850006,dry,0.9869571226722283,1.5717823646830427,2.5128243340459195,0.0,0.0,3.422155581884047,1013.3981779427473,0.9717140284770478,41.69999999999764,1354.1899171572006,nan,nan,119.67883935262417,600.8724514759779,-5578.023865076203,125.6079901841094,135.65662939883816,35072563,2.1997463947163064e-110,1.6440848432172392,3.1483116804276183,clean,46.027558373078506,8.074382438844985,10.279765856068666,13.500103296002548,2.3757714259157376,12.778836500415153,24.03489805903911,0.0,0.0,-5.969999999999917,-43.52210492764781,-55.67937344920529,-18.1837782062421,0.0,-16.630794256293434,-33.01676775941048,0.0,6.15390538261135,-33.249000562008234,-31.465422944108795,-9.428857784116227,-5.036119431621277,0.0,-50.0,92836
-200.6422196753257,86.37050337212614,402.7614658398048,47.23087802573356,18.131624549605576,7.3761581006758545,26.7302257990912,0.7896147933074674,471.1480217547016,0.0,False,ENVELOPE_VIOLATION,674,67.40000000000589,1,715589.0322185673,1325.574101197801,4720.167030251193,0.6314398035224267,dry,0.9960381672543704,6.654891987443262,3.225857131875434,0.0,0.0,1.572564992100581,1010.489712306669,0.98998040038873,48.99999999999722,1740.4198375480162,nan,nan,148.290843938606,332.3390346904499,-943.5513972759554,127.4846328418824,137.683403469233,987939413,2.3837029656154472e-105,1.8111854844049775,1.8708532529708268,clean,59.0263267012529,7.002096584565534,11.393478857206176,15.131650656154196,13.117168604310033,10.5009876052698,13.293561387618,0.0,0.0,-6.739999999999901,-41.09835922632131,-50.64709496819021,-18.06520707930122,0.0,-10.299359422152651,-39.83955446791414,0.0,4.947620799076879,-52.95403195633876,-47.84013133153677,-9.351845577850154,-8.21952684117304,0.0,-50.0,93510
-198.72224109255973,22.597525445049623,55.17863039262068,21.41331602428961,10.577097640459904,5.105417489909435,10.280114829077647,0.8085519199491177,329.4691436992778,0.0,False,CRASH,630,63.00000000000239,1,708218.8630881123,1328.5888688245184,4622.504749464677,249.20331741816153,dry,0.9659020801111016,3.5244111886863436,-0.915943196180149,0.0,0.0,-2.644935922268508,1011.0269079195508,0.991294923323009,44.0999999999975,1524.8205885668076,nan,nan,156.39418961936695,33.827551770943444,-4646.59016032689,125.86647886190424,135.9357971708566,1793051917,0.00015891963447166608,0.8195363009950257,1.302175442463248,clean,57.68824498120963,6.316501047268267,10.670845934489318,14.131554309146283,5.540803701516065,10.253370969536137,1.3531020708377366,0.0,0.0,-6.29999999999991,-35.745370936776595,-8.262399582104514,-1.4005185340264388,0.0,-10.788041428485505,-37.88039944725832,0.0,5.561048394512734,-62.674554584103916,-40.68020019105058,-4.748026152069308,-1.7582016451999105,0.0,-100.0,94140
-232.28068670100393,94.90232950218278,401.4278227530679,31.879673009947727,15.973478229878275,8.062462539258377,28.71141388985481,0.8147045840194452,487.1941424888883,0.0,False,ENVELOPE_VIOLATION,715,71.50000000000915,1,690570.463701159,1329.820972369463,4599.386212644534,356.1176391438398,dry,0.9796787478699057,3.7232813726360234,-0.08422545016915173,0.0,0.0,-1.4429366746764831,1011.6986299438458,0.9785992943273888,50.899999999997114,1770.8817560941634,nan,nan,126.3716849344783,364.77334401124887,-1957.030132239627,124.50832828061155,134.4689945430605,1627210303,1.239231500752717e-107,1.4238343739129986,1.9319986649655836,clean,61.17387845823437,5.565745158372197,11.83876292602319,15.487553194094122,9.64038185576131,12.137574610662536,14.59093376044998,0.0,0.0,-7.149999999999892,-52.16546077135337,-43.142223012588076,-19.888410610019726,0.0,-9.37029525385867,-43.54751619914805,0.0,4.752231006396243,-64.80026661725735,-60.799724965187984,-11.504656179991091,-5.099194061592242,0.0,-50.0,94855
-434.67716808295705,140.94870321016225,367.44386035670317,60.00050595498786,22.937210207701195,6.380210011950272,29.758274243856537,0.7095146766635386,1242.929675740689,0.0,False,LOSS_OF_CONTROL,923,92.3000000000257,1,690554.1328814697,1327.3291779841145,4203.767375204909,42.05844513578694,dry,0.9692791070684805,7.100788526554327,-1.4858001717518512,0.0,0.0,-0.19894027775802847,1010.8443751469081,0.9625448149085069,43.09999999999756,1579.5090430947453,86.20000000002085,nan,139.99927220387093,1242.929675740689,1250.9461033027287,124.82938842482254,134.81573949880834,875079008,1.2589054496804286e-132,2.5946328543715174,2.7956317896591063,clean,109.43779403738226,9.62182567914821,12.170045047208363,13.744614375800328,28.072987521865436,34.46426293583326,40.0,0.0,0.0,-9.229999999999848,-130.12394722214432,-125.21828493617657,-44.298530944205694,0.0,-29.606491585928154,-48.04890615006505,0.0,14.905667170880953,-98.48362548526049,-91.05178629889738,-27.212077138735232,-13.820715089661208,0.0,-80.0,95778
-155.38668055892697,109.20261236571226,401.4298750405523,28.031288808414267,15.928812429136585,7.782607919971444,41.78981417488626,0.7153673467409872,721.051354760148,0.0,False,ENVELOPE_VIOLATION,685,68.50000000000676,1,751747.6213557076,1327.9183116809495,4432.977365464102,323.74672950845087,dry,0.9762536792517094,3.515382051243521,-3.244709099824369,0.0,0.0,1.2634112674332085,1014.3028830649928,0.9695752659477569,43.89999999999751,1669.2935579925656,nan,nan,141.33131921450726,721.051354760148,2183.7177965610244,130.3503839245234,140.7784146384853,1068207104,6.650263928397664e-116,1.1729534095811605,2.1515935714286014,clean,70.6927563040931,11.120327121172865,11.992092042546272,14.435707346998248,19.52276438793849,20.730844219338426,28.84205419040591,0.0,0.0,-6.849999999999898,-56.91463730414514,-36.48331603073463,-22.243823303695656,0.0,-22.614616052913675,-35.87005580996144,0.0,19.587036388944608,-60.60263304641561,-43.027652744894944,-11.400246834949465,-6.303281432653049,0.0,-50.0,96463
-85.8797175468075,2.929266533852884,7.045788623688233,15.5282362731885,9.607617363733553,6.149948718632028,8.874724756347492,0.8066189436035024,111.66206139935221,0.0,False,CRASH,528,52.799999999997006,1,698498.1203805524,1324.2326696328234,4642.870621986701,34.570841287217824,dry,0.9765144239961179,5.339892170359327,-3.2562902324576113,0.0,0.0,0.2662985615895215,1014.5630255301392,0.9978038078383578,41.69999999999764,1464.0557844097675,nan,nan,166.0825355758953,27.7891579871169,-2312.904495415737,125.4162445276547,135.4495440898671,902462478,0.3757121179866148,0.511243787035742,0.9824471010028135,clean,46.01468516814667,13.207739787197541,10.562967128405639,12.990985865271913,3.770468060792034,4.297472144671728,1.1115663194846757,0.0,0.0,-5.279999999999932,-0.5033953423458953,-4.752893546498964,-0.5452314661826375,0.0,-2.1251180921375656,-31.741988748520587,0.0,18.504683253529716,-29.594489853862218,-17.287062610435992,-2.1673939035639007,-2.3427117107596795,0.0,-100.0,96991
-70.03811423651145,6.9803583992792175,30.11846147235852,2.464594472254441,1.6682756389695836,1.1165449078905934,8.128512007152251,0.8265075819468712,3.547091606242418,0.0,False,RUNWAY_EXCURSION,639,63.900000000003104,1,703643.6723613369,1331.7186266925073,4441.561792024887,496.13295459062186,dry,0.9582651676896433,2.3418753688019773,-1.4918843851982801,0.0,0.0,-1.4619940988876694,1015.1160529039626,0.9850215327816728,nan,nan,nan,nan,142.30776757452432,3.547091606242418,121.46899307391519,125.46543438237177,135.50266913296153,1136689207,0.2119491674287507,0.4358203344155929,0.6820428754713762,clean,42.28382111450715,9.967718800987285,12.472678664405572,15.562260559995115,1.6081549727060307,0.0,0.14188366424969667,0.0,0.0,-6.389999999999908,-3.4595036401495403,0.0,-0.44593522539077957,0.0,-0.0002952754736542458,-39.5625119472754,0.0,16.648005613351184,-29.182883756786136,-28.816944483073144,-0.8334261093343245,-0.031137189230438123,0.0,-60.0,97630
-157.38143811669363,18.567415572164236,76.22153861825913,13.745062037408736,10.396991332126222,6.4027001045164695,7.817870412876451,0.7886599345250169,224.40756939157157,0.0,False,CRASH,629,62.90000000000231,1,696213.5346077878,1328.9478760658205,4732.274254928401,196.94181882999501,dry,0.9927593737728244,7.50481310063913,-2.5822755812543847,0.0,0.0,-2.551812087930511,1013.4965816818838,0.993137610986825,36.69999999999792,1347.0039136290313,nan,nan,161.26914902015935,23.198124522073925,-2728.4211282356096,124.66329389478078,134.63635740636326,494452712,3.740418786620545e-05,0.933848814260381,1.0761553282786176,clean,66.44469698397397,6.780495799475912,10.379520953988596,11.53262909571808,11.236438148954221,9.474942697187288,0.9279249808829637,0.0,0.0,-6.28999999999991,-22.04454412947632,-7.25657185874402,-1.2530327036757358,0.0,-4.7660762510937325,-36.58746232486323,0.0,6.497026543936057,-58.25871374571732,-34.72570036476945,-3.145706963015275,-6.327304979455039,0.0,-100.0,98259
-124.93132042416357,9.223387226525716,50.606215760661165,19.252406808848512,9.070007835663704,5.520138195160277,9.104123824921142,0.8224396545005673,154.7947938406312,0.0,False,CRASH,569,56.89999999999753,1,710324.0939973369,1324.2013776212502,4443.719631392392,325.91294232717405,dry,0.952569012822452,0.1547502192489656,1.0811995572077846,0.0,0.0,3.7366214014306003,1011.9486225186558,0.9897024613256278,38.199999999997836,1430.1967398577535,nan,nan,145.6427053224981,19.682675687137476,-2188.677599970288,127.39633179088266,137.58803833415328,1687461942,0.004116930785907049,1.0628716146328359,0.7715023679450518,clean,56.299530975213386,8.83412534478026,10.246823849415836,12.016867265586106,6.619144113901812,5.9224356845815604,0.7873070274855045,0.0,0.0,-5.689999999999923,-5.378369569824342,-11.701993447899332,-1.1632149025540688,0.0,-6.505128673483607,-34.94518860270475,0.0,7.0095049938333105,-35.54615937818112,-28.429486840121932,-0.6457431753764931,-2.6617750888156237,0.0,-100.0,98828
-204.15540319181565,27.018197842984623,79.97170256604392,34.32279647867383,13.346640488060089,7.505629855136345,7.235418134702757,0.7988587071937793,184.60047595894372,0.0,False,CRASH,565,56.499999999997215,1,671640.8094613678,1329.2990408316887,4241.8095724199475,468.88843354163583,dry,0.9522344087315183,0.8869901685534298,1.698210635395745,0.0,0.0,0.038585984690257646,1011.9640698653534,0.9854670281108476,33.39999999999811,1166.494825870025,nan,nan,173.6511868262005,17.953899594200266,-1985.7312077373804,123.09067887690433,132.9379331870567,166879142,2.667333655258716e-08,1.5228452545970117,1.1617901953884755,clean,57.61928408387923,7.207029397949155,11.354399307485691,10.501271641601486,5.342343250853738,7.086913434533064,0.7181559837680062,0.0,0.0,-5.649999999999924,-33.35573178640903,-35.39114442496145,-0.31096809049059965,0.0,-11.01029084716054,-33.36751123182827,0.0,10.72218624170139,-50.307241251388895,-37.573209740552635,-2.465469642222867,-5.275419518572518,0.0,-100.0,99393
-176.27840104838197,17.65242772689459,93.51382891592203,38.94471251060497,12.363837796368623,7.595082607168642,11.821043863847613,0.7683772066588048,325.9075670552462,0.0,False,CRASH,713,71.30000000000899,1,745736.4465388535,1324.556050111099,4628.088886057273,139.68205351432727,dry,0.9659835689863542,7.494880653440019,1.1006437408167105,0.0,0.0,3.703810326709979,1013.9007199154261,0.9947419834917951,39.099999999997785,1444.139376592946,nan,nan,161.201916060954,30.51118400040491,-5147.5700951771505,130.40025474001283,140.83227511921388,890466655,6.226621281742302e-08,0.9590045759254496,1.7374475177560618,clean,78.63652452625583,8.620600741754874,12.106737019247209,12.707277396616815,10.030452530219168,13.225817531191879,1.220447360016205,0.0,0.0,-7.129999999999892,-17.742444052096808,-24.943246401144144,-1.9313617933436684,0.0,-15.162286159560217,-40.32021793797583,0.0,9.57264936684371,-59.64463054834685,-40.812581641278015,-7.3060145021581375,-7.406124484623136,0.0,-100.0,100106
-245.79983835430244,35.252323715418825,172.24248273679035,43.001379909083745,12.205534762875166,7.446973311591635,18.190121802758526,0.7303950230920675,224.0009363884759,0.0,False,CRASH,807,80.70000000001647,1,737678.0144071893,1323.5749899739276,4242.577393899662,475.87805884910966,dry,0.9963414031289775,1.7566557748711995,0.9603308764387091,0.0,0.0,2.4581639436373655,1014.6654947089559,0.9855788035275674,56.79999999999745,1493.949330560107,nan,nan,153.73172895144987,11.908970390173806,-1987.427752660319,129.36794117639388,139.7173764705054,605291690,7.102446078018399e-22,1.5747169413832596,1.5085539300756745,clean,64.34861588702891,10.443924446387905,13.64154271855696,13.311178879119964,12.645855757790313,8.110025604326221,0.4763588156069549,0.0,0.0,-8.069999999999872,-52.80274753600994,-44.51195782682822,-2.1264366458934663,0.0,-20.696398621048825,-43.17554542950402,0.0,11.212802787716042,-49.43494823271205,-43.04652563691816,-6.896769770203605,-9.228813551716582,0.0,-100.0,100913
-264.6996136670531,69.4001207385901,299.4391065009658,29.477358030866707,17.66553759436015,10.321476307440227,40.85897978313008,0.7532678094481525,647.3347297391285,0.0,False,CRASH,843,84.30000000001934,1,732684.3852602814,1330.8828945604723,4675.009895697929,488.7923976422213,dry,0.9502413407215292,1.0519575311986866,-0.23021489762063752,0.0,0.0,1.0004729005500295,1010.3509974222178,0.9848630724409773,45.69999999999741,1547.2670385417737,nan,nan,173.21438506572545,20.962068426977225,-2512.0580656680786,128.87986468499773,139.19025385979756,1577291459,5.198766570634229e-61,1.8877238412766044,3.4518673446168693,clean,83.91025684936186,12.026921737261926,13.866577693179856,13.890536039048296,19.328135941729922,21.132599539759482,0.8384827370790613,0.0,0.0,-8.429999999999865,-58.95805140558961,-30.998973355018276,-14.017468051573426,-0.011192951496218614,-27.426338861626423,-46.97471694567762,0.0,14.115681075147569,-75.98552956215327,-53.69712936402534,-17.967073299015553,-9.34233148344368,0.0,-100.0,101756
-130.2719291699717,23.542156001188363,76.36395785903385,8.309867890244407,24.185144589909566,16.135477241665793,8.282172153526984,0.7413300085975378,578.2449934374489,0.0,False,UNSTABLE_AFTER_LIFTOFF,718,71.80000000000939,1,694315.9747185787,1329.1004665265934,4668.049097580738,400.89488902587453,dry,0.9798577636181769,5.734121268232989,-1.2651703481299887,0.0,0.0,-2.7475261229245334,1013.4612602156507,0.9710237160165762,40.99999999999768,1279.2611111777194,nan,nan,109.94057831860626,578.2449934374489,1403.2836167954006,124.45279553335743,134.40901917602602,1609096917,1.960598061363472e-05,0.5820710507770802,0.992094886719658,clean,66.5843241555251,5.40815311849544,12.943708946910236,11.8529030351812,13.813366959347928,22.615575762118173,23.129799737497965,0.0,0.0,-7.179999999999891,-40.06274169788279,-1.8216413165840124,-0.7761413563398047,-8.964578764705713,-15.036770692286387,-38.816732263599675,0.0,6.5447272545714235,-72.5573114800123,-33.80079242974763,-2.551025117949522,-1.5967530205103162,0.0,-70.0,102474
-184.68897724754473,20.81573872609719,88.4332148533509,24.548276191134395,18.28596090900903,8.330664613340574,10.811213141955486,0.7725657764374181,563.4365854179391,0.0,False,CRASH,679,67.90000000000629,1,763651.0267193948,1324.4058261065827,4717.459961932085,251.95439642240964,dry,0.9865851887068655,6.146533743533577,0.018713698283045144,0.0,0.0,2.1080419875915988,1011.3179479023381,0.9911356868525222,40.79999999999769,1520.7515743711435,nan,nan,138.45199240254658,42.3032183363174,-5886.273901280625,131.76392721167798,142.30504138861224,1527167700,8.912339550075042e-08,1.7402114382696339,1.6485870903305448,clean,64.99045982103787,8.244628571617316,14.514639577954785,13.442754169666674,8.520512676038766,16.920710074865962,1.6921287334526927,0.0,0.0,-6.7899999999999,-24.584126919467057,-23.444430806490484,-1.0014502308240736,0.0,-16.874549101579607,-38.74826194409014,0.0,5.646822186278518,-53.64176697782648,-46.076398396419705,-3.772917048970212,-3.7277316327888554,0.0,-100.0,103153
-108.05212220691536,32.4826601879444,115.49517171005941,16.840084740297293,29.344847692375602,16.186777947508595,5.374372642040566,0.7007238755852883,653.3464506818275,0.0,False,UNSTABLE_AFTER_LIFTOFF,563,56.299999999997056,1,762999.1735862547,1324.2015805831422,4250.748523497559,183.5749394244041,dry,0.969357735691223,7.236401146437947,-0.574710588574129,0.0,0.0,-1.1587232876762696,1015.128928725575,0.9752960997507084,40.699999999997694,1468.9247880344549,nan,nan,93.8256544221313,653.3464506818275,294.09003025897135,130.71835290420785,141.17582113654447,1985281331,7.857389917682719e-11,0.6399258623366049,0.8800773643955131,clean,48.61694054131524,9.482300020795929,12.303249554784344,13.376077111595468,5.418740349248805,14.197553633469443,26.133858027273092,0.0,0.0,-5.629999999999924,-38.41186629687674,-10.154737195160045,-0.04716693005567671,-4.6447058026151185,-14.735253725520064,-28.623391973723898,0.0,7.920439918760533,-39.698944637350955,-29.99005126925478,-1.6999849616434657,-1.8651785719572784,0.0,-70.0,103716
-87.51450985759033,26.299965220701942,99.41513441048966,13.878150420595379,26.6000854987741,16.19590010503647,3.337117717465424,0.6911453549156644,511.54195787545086,0.0,False,UNSTABLE_AFTER_LIFTOFF,533,53.29999999999698,1,748562.2481913068,1327.5577255813193,4389.676072662518,421.30012583601376,dry,0.9824578879800575,3.184428620520224,-2.5795733058014463,0.0,0.0,0.2817604652330692,1010.2790598791399,0.9726720553600617,40.09999999999773,1430.9920295277172,nan,nan,93.26507141802372,511.54195787545086,-34.91865879492025,130.11147859383937,140.52039688134653,2001582934,5.97430485756612e-08,0.60563538363818,0.6968814749655525,clean,44.624878193843664,9.95871150471219,12.343923938026066,13.174570262710326,3.599324086734567,11.390266362473673,20.461678315018037,0.0,0.0,-5.329999999999931,-27.00360076366966,-5.099895496043768,-0.0009100602652538418,-4.425966099857517,-14.311697659902043,-26.56312212785809,0.0,9.20475311291956,-35.956425113298685,-20.544701982273406,-0.8428052465453962,-2.1934910843145463,0.0,-70.0,104249
-132.516926600059,7.812877539891253,23.075799466020563,53.24425079881673,21.031896111001014,8.60310440430723,12.52215005041702,0.770219722934224,373.9862060055002,0.0,False,CRASH,619,61.90000000000151,1,750825.8488344698,1326.5499972078746,4611.50121645513,343.5342735079444,dry,0.9931734855828559,4.186382817382873,-3.0779104458263964,0.0,0.0,4.215663942857455,1015.8646148416051,0.9890191594334403,41.59999999999764,1501.021074969461,nan,nan,135.0224304939826,26.906266051783746,-3382.0048819051112,130.832506573837,141.299107099744,396530695,3.2141874566236165e-05,1.497471432591097,2.1843330161506533,clean,57.05166709118655,11.641817663470093,13.13309332951523,13.85416000360006,3.9911367166650717,9.113394856888746,1.0762506420713438,0.0,0.0,-6.1899999999999125,-4.198268147290634,-22.476905637745848,-0.9704636836248908,0.0,-0.13921235789216588,-35.07645625912262,0.0,13.710726074346208,-43.33562557636239,-32.172403521394465,-5.871245324153684,-5.658592470215326,0.0,-100.0,104868
-187.57358309102102,18.58194146642565,94.76863812933821,28.16609252623257,20.360158775820697,9.402823169383485,15.427939273296234,0.7597067620708222,538.1358629329229,0.0,False,CRASH,639,63.900000000003104,1,703561.836406753,1331.6403767174675,4653.516634195125,454.2171466177736,dry,0.9545038057942602,3.8828863759170478,-3.52918707696278,0.0,0.0,4.57993194984863,1012.791776562008,0.9854193803194956,36.999999999997904,1260.241649372297,nan,nan,142.99668266830818,42.10821949816511,-7042.270016187193,126.9186391323468,137.07213026293454,246815950,1.1415249312750538e-07,1.2749813203861236,1.5859390208703619,clean,57.54466331434796,9.315900469723287,12.98680964288089,12.295843745736484,4.625036584721173,15.69561565272663,1.6843287799265991,0.0,0.0,-6.389999999999908,-19.912039897865256,-37.21468288674587,-2.818635496308931,0.0,-2.70050785832479,-35.51272782234995,0.0,10.164035702825897,-53.36470580443072,-42.27277469709131,-7.7035747544130695,-3.9961677663792723,0.0,-100.0,105507
-86.26764612659971,26.0477440846476,86.99931642866653,12.793976590293045,19.964729639533815,16.02997478673368,5.350320402720883,0.7827036556715196,535.5722085847708,0.0,False,UNSTABLE_AFTER_LIFTOFF,603,60.30000000000024,1,695994.8863325547,1330.5008826578014,4516.331225938555,382.72913223158747,dry,0.9694499962144834,7.40611192973096,2.0044629021961224,0.0,0.0,-1.7245276285314866,1014.4916570042833,0.9728757609362778,35.99999999999796,1246.208746028873,nan,nan,117.32320144639925,535.5722085847708,1044.6624156794198,124.76287979626618,134.7439101799675,284241473,9.923947916774051e-07,0.5407043588961428,0.5639448321514966,clean,54.485506361679036,9.747330953983822,14.06850638137068,11.688943876938998,8.518301962476585,18.553112456456777,21.42288834339083,0.0,0.0,-6.029999999999916,-33.30624543406286,-2.468860282386636,-0.010257811022074721,-9.830492018874494,-2.285017146735177,-34.91280336520895,0.0,13.851654280804198,-50.770610950622014,-27.844572624044446,-0.473577638066111,-0.6714534726774581,0.0,-70.0,106110
-84.84136743383782,17.360596321227014,46.87832312668166,24.9239054206362,23.602896990062746,16.02457267287066,8.342350201180103,0.7524664684914156,940.8536351135295,0.0,False,UNSTABLE_AFTER_LIFTOFF,598,59.79999999999984,1,701966.0126253626,1327.1558498405884,4790.870060335704,94.63832631773633,dry,0.9546922681965699,3.661201097311218,-3.689794339194803,0.0,0.0,-1.3986185729530831,1015.7993250538417,0.9695417225399361,35.09999999999801,1239.8733292925137,nan,nan,95.15178188829974,940.8536351135295,1042.2061272511141,125.28746707713655,135.3104644433075,1565548042,0.000776839684570773,1.0356318137347158,1.3542667258068024,clean,56.57249702268195,9.438208038980672,11.070559990135207,10.924142739185484,16.791751059871086,23.229824469603848,37.63414540454119,0.0,0.0,-5.979999999999917,-20.025711351989262,-10.228585937187777,-0.7381669119340186,-4.399907980456908,-6.165211284500639,-33.06409045059827,0.0,10.970458198460054,-54.24376868932526,-45.497839302640934,-4.911226100169766,-6.218446348493649,0.0,-70.0,106708
-193.5962593719862,59.32817774246322,204.64876195823186,17.17573041926374,23.414987843468552,7.866955635275698,17.516143842290997,0.7433432281812035,1330.915953393314,0.0,False,LOSS_OF_CONTROL,750,75.00000000001194,1,710762.8313876452,1322.5824980726593,4200.77816912812,143.68876177147277,dry,0.953725457368326,7.073581934822691,-0.10198700398376603,0.0,0.0,-2.306975358780903,1012.7560894104279,0.9761088837254045,37.499999999997875,1253.4770108956438,57.59999999999809,nan,166.12030724183174,661.3660259369753,-8390.645940466888,126.05918916479894,136.14392429798286,2083753425,2.808506984763647e-32,0.9667989078843741,2.256385803163352,clean,76.85314405373774,7.475344074899238,11.748169231394307,11.666077482541109,18.455033622656273,26.627032003706976,26.454641037479,0.0,0.0,-7.4999999999998845,-65.12138188296427,-16.40108952463125,-7.479955805980536,0.0,-16.38895788023491,-40.94374932996993,0.0,7.48755417297428,-73.05014048582426,-41.551158198482675,-18.9091907227749,-13.017631220511172,0.0,-80.0,107458
-241.5275007770705,58.03634930286571,231.30301474091524,30.807317684045852,30.28827440680338,6.029229467718827,11.784149581596559,0.7002514525787402,1023.6939331661604,0.0,False,LOSS_OF_CONTROL,701,70.10000000000804,1,693497.8631557197,1323.899479109776,4693.93551834692,355.8849943472838,dry,0.9972735888354599,7.934023595796599,-3.2497693971969843,0.0,0.0,0.10041244227564317,1013.3923061302374,0.9816808257207551,39.99999999999773,1470.6097371288151,60.10000000000008,nan,168.74972810822925,262.3567653137841,-10009.01840754153,125.00273582765762,135.00295469387024,1991627720,2.261314579195814e-38,1.21388175032313,2.113877951352549,clean,69.22847655986526,7.810954234078488,11.643455501243132,12.117734198569643,16.59508688114098,19.775525661885055,10.494270612551384,0.0,0.0,-7.009999999999895,-56.123004936990775,-57.94447229657438,-2.5162064990096193,0.0,-29.349137323242363,-35.85263449675561,0.0,5.877456040844145,-60.051082874839466,-46.53424757572974,-14.546392261543208,-5.1432822025621,0.0,-80.0,108159
-228.95637638574135,45.493145551887544,193.49131410966157,40.23388746842786,15.503995771505528,3.566047301029484,17.77975125725458,0.7130254651342083,513.286302263884,0.0,False,CRASH,619,61.90000000000151,1,691204.787549085,1324.8834484074962,4349.353160634284,248.2396135745577,dry,0.9858864782740918,5.913217722051692,2.2310997980169263,0.0,0.0,-0.7102886825202708,1015.279822592941,0.99104738804445,39.69999999999775,1433.9694731717575,nan,nan,158.04961971747358,45.06969299200131,-5729.991696480348,124.50438929681357,134.46474044055867,1435036778,4.050689456634339e-28,1.7479734812002827,2.664612527993885,clean,60.571651242568606,7.552913215054641,10.169919338344494,11.737726019176137,10.689734834703424,11.884435077924074,1.8027877196800515,0.0,0.0,-6.1899999999999125,-36.02518085272451,-38.8556965379489,-4.309473088555759,0.0,-19.87172160430717,-32.21557980159827,0.0,9.243617158223644,-50.67671372166132,-43.28761296069649,-13.774776615494519,-7.402405808428687,0.0,-100.0,108778
-166.7182367209047,19.28693637890086,78.21131381869316,28.697133031127397,15.87292141211168,7.061894309932158,8.890274162950524,0.7806175717136319,321.04397482316745,0.0,False,CRASH,551,55.099999999996875,1,724916.8472081666,1327.1905061629875,4580.278680868042,135.68991598695186,dry,0.9505745698855486,2.9366842877977417,3.7431088460358923,0.0,0.0,1.169692646737297,1012.449040105576,0.9947640125192152,37.699999999997864,1352.30749485385,nan,nan,168.69494455381496,32.146349636308685,-3752.169834964073,128.09945874065048,138.34741543990253,2078605664,3.996556975222135e-06,0.9956660331424703,1.2002289286377295,clean,53.61165502992439,8.964010034777882,11.154023595307486,12.012454574854697,5.190798977466231,8.123034961494087,1.2858539854523445,0.0,0.0,-5.509999999999927,-19.313933359274255,-24.77523834719301,-0.3766855896454527,0.0,-8.010756311937108,-31.775818524988583,0.0,9.265053505580616,-45.12824186661497,-32.18445541861055,-3.807111441076533,-5.442880526421594,0.0,-100.0,109329
-211.2917527584312,19.485934508903043,51.103861751316806,32.729228578307016,23.350208759682243,12.534556220383806,15.525762542979447,0.7583117103678824,584.9108340779082,0.0,False,CRASH,739,73.90000000001106,1,767630.4690369545,1330.3820415496614,4458.14358310175,160.4624831672201,dry,0.9922910774976331,6.6382607189175555,3.908742791142175,0.0,0.0,0.30437860773347936,1012.5284854133234,0.993917826402491,39.599999999997756,1437.5724679903929,nan,nan,143.0768485727279,36.02927563024167,-4159.928047527867,131.61695296484908,142.146309202037,1871024368,4.693555144204641e-06,2.0131354334682063,2.028119115823268,clean,73.12560091518255,9.374757089351334,12.085133423232836,12.994691595588524,3.420643563657701,14.356233894179995,1.4411710252096666,0.0,0.0,-7.389999999999887,-31.177723853711772,-24.976371185765732,-5.693290906998317,-1.549697878392404,-6.085704498056589,-41.13959708516329,0.0,12.137889832316842,-74.75918522144414,-47.36984551780383,-5.554007645956195,-4.532450303857214,0.0,-100.0,110068
-87.68715832570274,12.011769629767796,34.62341795410817,18.96017162221059,34.11211342509047,16.050814202397603,10.114787590635522,0.7009083457760039,966.1917442881534,0.0,False,UNSTABLE_AFTER_LIFTOFF,572,57.19999999999777,1,763273.1272398238,1326.3634494202383,4606.456537272685,469.93613072990763,dry,0.9946025132558662,6.939702317314787,1.0227145648889735,0.0,0.0,4.321742259471709,1014.9377203569189,0.958913365748723,39.99999999999773,1493.1596020479217,nan,nan,102.3055340992155,966.1917442881534,2865.8800987398217,131.99668755014397,142.5564225541555,31581548,0.014795442662547053,0.9903404815823649,1.2931647246402036,clean,51.24237405693105,9.326349499962745,10.936427956116626,13.115839189445147,5.026448456448113,16.804440656922594,38.647669771526125,0.0,0.0,-5.7199999999999225,-9.169961412587336,-12.245399225068013,-0.7462204223275996,-4.217092293470598,-11.604153896618193,-29.00946335561981,0.0,14.546826122272334,-52.813645799531145,-41.90379645372382,-4.282662500812936,-5.621138675567496,0.0,-70.0,110640
-137.91851969205894,33.4717782086013,106.89904536099682,60.18653332817668,32.93576289137419,13.054466597728887,8.30719100957869,0.7223603299051893,942.7459530105217,0.0,False,LOSS_OF_CONTROL,582,58.19999999999857,1,712622.1986620735,1323.571825221857,4238.661938260541,275.9910220381197,dry,0.9511870628071594,2.2285301681991116,1.196850442544687,0.0,0.0,-2.000035280659281,1013.454737236329,0.9642314988363038,38.7999999999978,1395.7442399448635,nan,nan,81.02572136821723,942.7459530105217,-9.334973950011971,126.24818127370358,136.34803577559987,256059213,1.233771539060206e-14,1.5788203016340772,1.2671959680461435,clean,53.48842065212323,8.240549778221315,10.632576233145903,12.10496195605305,6.248037245881007,16.33016736756119,37.70983812042086,0.0,0.0,-5.81999999999992,-36.98417099256317,-29.778915223039068,-1.0877917176652092,-2.638991215165634,-15.527092340124376,-31.081516720048466,0.0,15.913140295528763,-47.485287478731905,-35.84390146920871,-4.283234543466388,-8.055309640980818,0.0,-80.0,111222
-71.79165809650293,23.44364906844037,71.84575293404609,46.33814860880243,45.133330726737604,11.20791298379376,5.957156865013764,0.7494879051797062,953.402710336305,0.0,False,LOSS_OF_CONTROL,505,50.49999999999714,1,690794.0489096891,1323.5066117407464,4277.701967831293,437.648450971804,dry,0.9773179220067031,1.0669430508648485,-2.125259273335873,0.0,0.0,-2.46531520342812,1011.8373257491361,0.9592248586650108,36.49999999999793,1214.902127011843,nan,nan,104.91171361181661,953.402710336305,4879.318769646797,124.29773430850744,134.24155305318806,1854652970,5.6083564628199995e-08,1.3327853947574508,0.5908599309409477,clean,42.10131489156934,8.483588596619276,10.580389152856487,11.35057012488949,3.497218649898514,13.369783483354587,38.1361084134522,0.0,0.0,-5.049999999999937,-25.709485928324153,-15.211798775503423,-0.08121376241557607,-0.2776800437385149,-3.91574079079508,-27.824552551497266,0.0,11.013053451408448,-25.8062210520282,-21.66625030890473,-0.5227523133479244,-4.257989333996405,0.0,-80.0,111727
-57.04820234147195,12.817598244683152,33.60041621021899,10.22568280226417,38.48807442114893,16.05317141271743,12.937656049664135,0.7165126319842752,536.0109874000141,0.0,False,UNSTABLE_AFTER_LIFTOFF,546,54.5999999999969,1,739747.5048477963,1330.283158364809,4628.029995964896,140.0846021608987,dry,0.9624008782934452,5.9626520688360305,-0.11361994193351821,0.0,0.0,0.6589639027536816,1013.1451392630986,0.9800485363056954,44.29999999999749,1561.4219853981451,nan,nan,110.83979591508019,536.0109874000141,4008.5027838625274,129.2444918445889,139.58405119215604,176863876,0.049540111833635964,0.5901029935836912,0.9798230905650704,clean,43.86050439253067,8.64059081330031,11.094137585502509,12.978722768183307,2.5693250528210263,9.9238618804968,21.440439496000565,0.0,0.0,-5.459999999999928,-9.96697670223435,-1.2418724486949906,-0.4452843642090522,-5.434409390496756,-3.2363751643547523,-28.574790151709017,0.0,12.602585395356009,-30.674604431022118,-20.986786798263346,-2.3415095216832316,-1.795760752995518,0.0,-70.0,112273
-314.12250115144155,128.3819753610426,352.959569605925,46.70429884912191,22.352716953071212,8.139075123429924,25.376840576260857,0.7200531034598255,555.5504764186724,0.0,False,CRASH,766,76.60000000001321,1,676638.270530101,1323.3984472650213,4322.903375924659,285.80053568774326,dry,0.9762344510111879,1.8252204697371575,1.933886617225058,0.0,0.0,-1.9765216891822242,1010.7699977498029,0.9911267336079489,49.89999999999717,1212.836707972322,nan,nan,159.88348374712288,3.659405620825339,-1796.5791477231458,123.18776785544087,133.04278928387615,2107100303,6.380593072525182e-116,2.629218843947807,1.7152642368019901,clean,59.50086014192206,7.7069727202079195,8.779353301144399,10.36981143765538,13.258957521235198,13.904908892426267,0.14637622483299906,0.0,0.0,-7.659999999999881,-73.35461941953503,-72.34912919286705,-15.296919213937137,0.0,-12.627159544818124,-40.05878918701857,0.0,12.684700339395961,-56.560245605972554,-40.966493047035364,-9.123625389153355,-12.477461129923856,0.0,-100.0,113039
-229.08574284435133,46.88084324130424,217.48221016493133,33.202804595951235,31.544485456745065,10.637699766774293,21.668115008949446,0.7080502722252776,883.0793757185152,0.0,False,LOSS_OF_CONTROL,677,67.70000000000613,1,738822.2491690429,1327.8658239170632,4231.460141465563,428.740737891828,dry,0.9578476063264635,5.335033972455162,-3.418151947651142,0.0,0.0,-0.738207854967948,1014.5562638380483,0.979521640072093,43.299999999997546,1306.053712491011,nan,nan,151.95264454516095,262.3794692339534,-7879.923691812776,128.76119334457343,139.0620888121393,1776774048,5.307308195506412e-32,1.2004487465687959,1.7134862653305167,clean,55.07611726701051,8.85682197529157,9.757800148868094,11.794465167349207,3.0364233178754105,15.180525488252515,10.495178769358153,0.0,0.0,-6.7699999999999,-39.30281619531588,-36.689586175033874,-11.479048080185237,-0.025832478222268078,-21.448180993531174,-34.758406489649886,0.0,13.158361477612564,-59.63987122237935,-45.975981559672256,-10.363248661224265,-9.988464600754158,0.0,-80.0,113716
-159.3445979261047,112.68430574933018,401.0642594935385,45.21391816438388,30.38389912857581,7.311085294885488,29.065182942777913,0.6959928793636654,669.5005496012201,0.0,False,ENVELOPE_VIOLATION,567,56.699999999997374,1,706856.1843023481,1324.369166850484,4705.4560430894035,314.68991963819985,dry,0.9866137836204674,4.458163984222593,-2.6402314392085167,0.0,0.0,1.9277673672644093,1015.8789681890846,0.9756023775186566,36.299999999997944,1218.259979770822,nan,nan,114.0333457990361,519.9118513099965,-3704.428166098556,126.44526055386122,136.56088139817012,2055593207,4.226050119553249e-120,1.6894715297718839,1.2009490649192258,clean,48.175222679725294,8.966716162426815,9.421395448203667,10.993763647448695,5.740714017192779,13.994516060432638,20.796474052399862,0.0,0.0,-5.6699999999999235,-48.022353141339174,-37.305314119382174,-21.53566881084346,0.0,-17.72138198497102,-28.4311936136368,0.0,14.729161525354126,-40.667734750492556,-29.70418027305209,-3.788065642619873,-9.316669182951063,0.0,-50.0,114283
-270.5639795081705,149.64634566804585,366.3093240634097,30.67747141569872,34.80645160247779,10.806064448043836,19.99727155356127,0.6708257740029941,779.1232209235942,0.0,False,CRASH,605,60.5000000000004,1,687320.0257937837,1325.7263263904129,4758.297866648807,425.8426819080006,dry,0.9908970499865276,5.1024537015512115,-0.39057508724806445,0.0,0.0,-2.5901667826309955,1012.3846576614483,0.9864015719873402,33.39999999999811,1153.9222489405872,nan,nan,148.042862996805,24.112787283995374,-5511.461828040474,123.92418414152579,133.83811887284784,773786671,1.7839525486956303e-135,1.8197827920478398,1.4443890107152404,clean,52.58230202682281,7.714024929693279,8.907083945010712,10.240013515715257,10.06592518649885,14.54213719505307,0.964511491359809,0.0,0.0,-6.0499999999999154,-79.11260252562901,-36.84800495725614,-12.693590180773437,-0.1357485787444528,-17.59918883511531,-29.098393633661132,0.0,12.157248741427017,-53.39034466277735,-39.48349118874822,-6.249588072155853,-7.076273904889895,0.0,-100.0,114888
-51.194581796813814,10.562460422898862,27.513123182670025,20.406315948270134,40.75513530636458,16.14506005459216,5.7737332651904,0.7179164678890203,628.3665803143385,0.0,False,UNSTABLE_AFTER_LIFTOFF,491,49.099999999997216,1,755228.3991077482,1330.6674101549984,4302.6004720992005,263.1016195852045,dry,0.9943960601849047,5.505794838869331,1.8019212229671395,0.0,0.0,1.8622670844850084,1014.9513369236471,0.9739859656379904,37.699999999997864,1356.7935587445843,nan,nan,115.60407921109783,628.3665803143385,4811.491031725556,130.74512891436447,141.20473922751364,319468283,0.026541378936954827,0.985984341952284,1.0004525313691288,clean,41.859410456738495,9.415771048632193,10.457449891080753,12.336107510275532,4.042490599648914,10.90787717967869,25.13466321257355,0.0,0.0,-4.90999999999994,-6.086521662331633,-9.883399237890266,-0.05796492645884129,-3.986289497661883,-5.461493574949467,-25.7205918191106,0.0,18.52016045522318,-28.842770419079535,-21.30003798411112,-2.1521099258132854,-5.467333103258489,0.0,-70.0,115379
-52.92081394947413,14.648253484430809,71.41989584786698,25.788785390251785,42.01378327407,16.304137182087423,5.15363473313348,0.725080859876866,552.0691982880356,0.0,False,UNSTABLE_AFTER_LIFTOFF,442,44.199999999997495,1,696379.111863731,1330.853755365841,4533.737995796053,370.9449205247425,dry,0.976403858201878,0.33577678920975274,0.8542111496189486,0.0,0.0,-1.8184327111289598,1014.0250828215179,0.9727390057581665,33.299999999998114,1169.0340520455716,nan,nan,110.31861893625083,552.0691982880356,4348.43343875565,124.8055565950909,134.7900011226982,1109958447,5.582175847803011e-05,0.9864366521442816,0.8501884881686261,clean,37.064828607830805,9.20921608095505,9.438332528317806,10.520262439478898,5.387183182123262,10.067905228547792,22.08276793152142,0.0,0.0,-4.41999999999995,-9.87821099623647,-13.802232914783275,-0.03803152178682806,-2.5381929582065617,-6.3318555291504826,-23.287073392296413,0.0,15.510308497058116,-24.391662677893827,-12.558541297871477,-1.3168508922144466,-3.638966264867648,0.0,-70.0,115821
-102.93733827173108,46.749763441281495,141.48533668358104,25.040495166199616,26.37895661320287,16.105511246685857,4.973399971235526,0.7159839497250862,786.193598222797,0.0,False,UNSTABLE_AFTER_LIFTOFF,503,50.29999999999715,1,682805.1370889005,1327.405855230049,4753.316968357711,87.33437284549412,dry,0.999020957153033,4.195482946558406,-1.8111713107856366,0.0,0.0,3.6419391196286535,1011.0612179391211,0.9746320049171915,32.99999999999813,1137.671808939023,nan,nan,94.3768544897206,786.193598222797,1710.0296618372483,124.93873261785191,134.93383122728008,2088704472,3.3704649312753046e-18,1.115444904174278,1.079193980334313,clean,44.42679582298575,8.419204846430086,10.869038203721008,10.455816847145531,8.210274802022553,16.180348375706302,31.447743928911894,0.0,0.0,-5.029999999999937,-38.33595200715561,-16.15416623465427,-0.04430632337417242,-3.4394502268319767,-10.795286483307354,-25.918918549007973,0.0,9.412192538112981,-36.95206050507151,-28.18294719345181,-2.6414598453348015,-4.8642062685775596,0.0,-70.0,116324
-379.35420295687794,106.9106245470416,376.8263741920226,29.59371439627644,7.053151160400874,1.5092760057649963,27.327084862044668,0.725413740558615,540.380100868604,0.0,False,CRASH,702,70.20000000000812,1,700869.4867178751,1324.626909509335,4388.8605567396,7.01833860989054,dry,0.9764622697262992,5.2406302336401485,-3.637107496700908,0.0,0.0,1.7983357172972374,1015.724282117547,0.9983321303770004,33.999999999998074,1187.921110966673,nan,nan,201.75482269256605,37.618359194298435,-5618.925341025981,125.89015152674163,135.96136364888096,788603697,2.72284116738661e-106,1.932100235544683,2.420664609045682,clean,83.24804993223373,7.076047873487817,9.666907593190306,10.643548280170835,12.487116304148687,15.061894425546296,1.5047343677719374,0.0,0.0,-7.019999999999895,-120.51387538901375,-46.63833965374735,-23.836972921674555,0.0,-41.01886377791839,-37.243098882200684,0.0,11.888014660234845,-74.0131426935504,-52.81304510611182,-15.429812785744584,-12.4033651836999,0.0,-100.0,117026
-449.5752493345415,75.11920443498148,210.73266562898988,46.159618828957264,18.429892069128545,12.075073579370981,16.464854205356712,0.6829211865354733,1053.905075742742,0.0,False,LOSS_OF_CONTROL,969,96.90000000002937,1,726382.9488664062,1327.7621306862213,4662.42646289281,8.652168963370233,dry,0.9613077159136317,2.6874970846116852,-2.679291668356513,0.0,0.0,-1.9372622268157862,1011.5796070676583,0.992252103670188,38.49999999999782,1409.3727428555542,79.30000000001536,nan,158.9353735666588,243.0215970445178,-8901.699173699957,127.59335403963546,137.80082236280631,1911122052,2.1559551868001007e-43,2.094486111237425,1.6613933277250441,clean,102.98852109601026,7.758164922193197,14.817066898949463,11.666225753996398,15.177957009667333,32.04761421536295,9.720863881780748,0.0,0.0,-9.689999999999838,-136.19489265901768,-103.46832104417604,-14.18640163667663,-1.983676861566573,-43.25459789483424,-47.932042001803175,0.0,14.118892412443968,-106.51409690049351,-85.85102133807497,-13.0077451372222,-15.787760051079253,0.0,-80.0,117995
-54.39607618509059,9.427144562484727,30.12085689587488,1.4373280918868514,-1.0268568566040257,-1.1012036613939546,2.8264246924272465,0.7980244515647351,2.0700179981801057,0.0,False,RUNWAY_EXCURSION,355,35.49999999999799,1,752169.3923269517,1324.7319120498107,4474.326477688286,174.7350573721238,dry,0.9505534681012041,0.8487019128276767,1.1095298537341964,0.0,0.0,3.6242824831317355,1015.4947637195828,0.9945438208448079,nan,nan,nan,nan,140.03722917496412,2.0700179981801057,10.579248737753009,130.84082574971444,141.3080918096916,824272794,0.18993745749639002,0.17510623877205608,0.2567262485801562,clean,22.285083267646353,6.119279317811769,7.0730530462814265,12.420559292242439,0.19541575796921998,0.0,0.0828007199272042,0.0,0.0,-3.5499999999999683,-3.5054693759672,0.0,0.0,0.0,0.0,-21.045179443227745,0.0,8.685920189973734,-20.006180475951325,-3.1494405222051856,-0.0019179595913443156,0.0,0.0,-60.0,118350
-55.180972308173324,9.291808696239768,30.231248110467234,1.120544145707764,-0.8120642337758698,-0.8874158581505728,3.2267144991241272,0.8130596553798737,2.2696856465104247,0.0,False,RUNWAY_EXCURSION,339,33.89999999999808,1,696745.4982921625,1323.6262038853408,4214.406376793642,486.0077677122621,dry,0.9807762607176667,3.775099614370504,1.9099524974273954,0.0,0.0,-0.23886200802675273,1014.8977538700663,0.9854064440344772,nan,nan,nan,nan,140.91026219654105,2.2696856465104247,19.252717812133795,125.1284198627636,135.1386934517847,1766034346,0.18792458009664958,0.23137013139764373,0.32307315817423893,clean,22.392499370666197,5.946393535949698,6.785946641856818,11.071273877311501,0.6319339829196077,0.0,0.09078742586041695,0.0,0.0,-3.3899999999999717,-3.2520536999231395,0.0,-0.0003108287265213893,0.0,0.0,-20.528365660425237,0.0,8.709133247485966,-17.77703930291684,-5.857131056756291,-0.004039841475550563,0.0,0.0,-60.0,118689
-142.70425403896365,19.34346486434695,41.59366701627587,9.066724951679872,14.201959820569888,11.262504418508051,9.886509269964726,0.7471338565232324,151.73088028200885,0.0,False,CRASH,610,61.000000000000796,1,732853.5918110125,1328.1820118085773,4619.586572315035,443.6250835469412,dry,0.9594324381827285,6.201922223203151,3.323005435706967,0.0,0.0,4.91906628262832,1013.6962709014053,0.9867936886506047,43.79999999999752,1635.0932689957797,nan,nan,118.62092233986131,5.268271664353108,-1992.8688102672454,129.55090866710444,139.9149813604728,493018052,0.006659354717373874,0.5343778310443279,0.6457410351968486,clean,53.518226816430854,6.135465365642086,12.122957396490285,13.166874102824131,4.544348786207543,5.90012115161273,0.21073086657412704,0.0,0.0,-6.099999999999914,-25.36038623383523,-0.8516469466568906,-0.7329194611287395,-0.7779828210115387,-0.3809046650491993,-33.3417489095091,0.0,10.72822270962098,-55.31577288797049,-25.236195583430824,-0.7229725575156393,-0.21067116825822801,0.0,-100.0,119299
-285.22935351966146,48.01800775752885,233.83948837033006,23.862666892666162,32.36721497877493,13.502047131394251,32.380387309592294,0.7748776640863032,1757.2097703256904,0.0,False,LOSS_OF_CONTROL,1014,101.40000000003295,1,694103.7610922741,1322.8854758177251,4494.446557905783,79.00057656047005,dry,0.9843706642300684,4.815848794015938,-1.5610517935346562,0.0,0.0,-1.7256115486080548,1013.4386151565443,0.9631387507444874,38.899999999997796,1552.689047218946,78.1000000000144,nan,166.2109714104793,1178.8038806468292,-8665.528772758495,124.65774291224584,134.6303623452255,1030766217,3.5234237768438417e-35,1.067196276752894,1.4663081352979928,clean,112.02579552914148,6.380736527904179,17.10036374001108,10.994217040229348,22.585798251347022,41.31245089691128,39.999999999999986,0.0,0.0,-10.139999999999828,-119.46932315658283,-30.080899277296567,-15.902448461685253,-3.36823929172194,-23.227835795927128,-57.66406345366931,0.0,10.159690798674037,-105.087699596689,-86.35179492588404,-6.836935398074675,-7.659166946346787,0.0,-80.0,120313
-65.52029508675479,10.603230692539112,30.0405794481879,0.8836048322239933,-1.633865934060959,-1.6753005065880864,3.3139701667389976,0.8281291945360194,1.8103555904033612,0.0,False,RUNWAY_EXCURSION,335,33.4999999999981,1,741320.7163431202,1323.2852395382276,4613.770580552031,225.31136723220456,dry,0.9657469387383159,4.7525034079705915,-0.44515679769370875,0.0,0.0,1.9952409871216243,1011.7776880609631,0.9930666908269731,nan,nan,nan,nan,133.44345286367152,1.8103555904033612,5.455450743769781,129.76842461429987,140.14989858344387,701897158,0.15573385729027953,0.27238625469325256,0.4775347878612328,clean,20.450298947117602,5.146305222637999,6.517184168917887,11.630307188574205,0.0,0.0,0.07241422361613446,0.0,0.0,-3.3499999999999726,-4.184838652770353,0.0,-0.0007757957198018635,0.0,-0.0008860617367027977,-20.715879114323435,0.0,7.716942491134325,-21.522221430985937,-7.122986196283824,-0.15616007693291162,0.0,0.0,-60.0,120648
-59.269181542723956,9.361332110980985,30.076132428548014,0.4433842927900213,-1.4584397401445195,-1.4981391872319827,3.9084738387759863,0.8159260497179528,1.8107878449325483,0.0,False,RUNWAY_EXCURSION,313,31.299999999998228,1,672862.9144785904,1324.0737917683946,4429.2224486250025,116.22286424271155,dry,0.9613363543839909,3.7362225873501123,-3.6938891953093,0.0,0.0,1.108044315904272,1010.7979572408285,0.9961830909853359,nan,nan,nan,nan,133.9172191185394,1.8107878449325483,7.007507412061429,123.50218136035332,133.3823558691816,499017044,0.185432791082057,0.26630091735453293,0.3600418947593091,clean,18.55959550427523,5.324826122040099,5.783365679570121,10.74832446482463,0.18283084115532683,0.0,0.07243151379730192,0.0,0.0,-3.1299999999999772,-3.0477345192469114,0.0,-0.007719469969941927,0.0,0.0,-19.027636434039415,0.0,8.453313961718173,-16.311709409545628,-6.843401438875817,-0.025668358427142556,0.0,0.0,-60.0,120961
-70.34812250553681,9.430173589842838,30.230824796017075,0.5750578960137773,-1.7614110780572276,-1.8002911534214818,4.746759459917666,0.8366316853223087,1.397600163251468,0.0,False,RUNWAY_EXCURSION,287,28.699999999998376,1,704215.5793324192,1324.8690000192857,4336.989966879063,402.98271125716883,dry,0.9861837243855517,4.143296264083224,0.7611049546533648,0.0,0.0,0.481048214798796,1010.7220038300137,0.9878728687820529,nan,nan,nan,nan,119.61126193516971,1.397600163251468,5.9289830072515315,126.21450389230307,136.31166420368731,1917029159,0.17689589588340351,0.31362854791606587,0.4841979094282262,clean,15.130063643467576,3.852689120461297,4.964939040159078,9.745706963306402,0.0,0.0,0.05590400653005871,0.0,0.0,-2.869999999999983,-2.8358206576912672,0.0,-0.037019121700316064,0.0,0.0,-17.98847735942326,0.0,4.068805580717783,-16.20296618386977,-8.09462485958175,-0.13732267791266017,0.0,0.0,-60.0,121248
-70.20458979465158,8.803494321775416,30.25772546891617,0.5823621200387613,-2.1108290322186893,-2.1379416402398075,6.300849751662002,0.8130435728489006,0.9972951219351387,0.0,False,RUNWAY_EXCURSION,266,26.599999999998495,1,739069.4513024044,1327.632724550951,4486.126399424114,185.54677811693472,dry,0.9607040820800359,7.28703466266751,-3.9749936130275643,0.0,0.0,2.487626903664254,1015.7304822071841,0.9942363426305704,nan,nan,nan,nan,102.98618712224375,0.9972951219351387,4.575647501523914,129.42855108838424,139.78283517545498,1722025429,0.17811940969613735,0.41108734054817836,0.6523737847387769,clean,12.025894351400929,3.9089629290111514,3.9430802415664967,8.808193508208756,0.0,0.0,0.03989180487740555,0.0,0.0,-2.6599999999999873,-2.2906002516399453,0.0,-0.16037702656440714,0.0,0.0,-16.18085405563034,0.0,6.552062651119243,-14.583951156034118,-9.249322609758734,-0.35757018120804707,0.0,0.0,-60.0,121514
-59.173544966575136,7.270867745715627,30.314298473124666,1.0608541902649624,-1.7205472516545641,-1.7562694567661348,7.832510828962086,0.830447506235207,1.341826929168164,0.0,False,RUNWAY_EXCURSION,279,27.89999999999842,1,681688.3472624011,1322.2470880161995,4469.37455800494,69.45553746724536,dry,0.9909292176349286,6.59673965111775,2.838352813513329,0.0,0.0,-0.0470334818806295,1012.0850160570619,0.9975551427839968,nan,nan,nan,nan,117.61598005864393,1.341826929168164,7.548697796548112,123.98212902558903,133.90069934763616,299909236,0.1908045890854256,0.5152740020363622,0.6873023727691542,clean,13.942241923648146,5.534993590024073,4.368800444630878,9.4651734464476,0.0,0.0,0.05367307716672656,0.0,0.0,-2.7899999999999845,-1.6388310510463235,0.0,-0.3426180224517554,0.0,0.0,-17.400970871236833,0.0,11.981011133976008,-12.045379864487671,-9.864632979390558,-0.43700579385548205,0.0,0.0,-60.0,121793
-72.43890156463763,9.310879873908497,30.165669214615107,0.9528572866566151,-2.2389515705914493,-2.27476620111261,7.499977512146632,0.8035097730268412,0.8520508668405,0.0,False,RUNWAY_EXCURSION,256,25.599999999998552,1,722552.7543820838,1329.9424985391195,4334.940057695047,281.76771450741444,dry,0.9686911329620811,7.777643685657767,-3.5501030704882512,0.0,0.0,3.7892654883301216,1014.6020524659409,0.9915017700968887,nan,nan,nan,nan,98.17160941766038,0.8520508668405,3.347082627351412,128.33170222330253,138.59823840116675,1983265915,0.12268836111155042,0.694788958211985,1.2069141119276268,clean,11.234866015467727,4.160962539900315,3.6888069104673207,8.235082808184627,0.0,0.0,0.03408203467361999,0.0,0.0,-2.5599999999999894,-2.4659195456385232,0.0,-0.2725548756237383,0.0,-0.008134570608980173,-15.339532738695596,0.0,8.231993407154109,-14.147285729064661,-11.418108343546802,-1.8131594773070652,0.0,0.0,-60.0,122049
-70.94338873510722,8.74206771307054,30.177074297346255,0.6757647192845707,-2.1572577741927472,-2.194459372034499,6.918824840622341,0.819693657819943,0.8777884240619755,0.0,False,RUNWAY_EXCURSION,248,24.799999999998597,1,721851.9526824974,1328.250251368362,4391.417123744524,313.0221597351443,dry,0.9717280236581081,1.390543989963028,0.0239481090775433,0.0,0.0,3.237243561240347,1014.3522881045466,0.9905846995320101,nan,nan,nan,nan,99.71691806214939,0.8777884240619755,5.752602698556082,128.16390046304028,138.4170125000835,2085146283,0.1728735597954506,0.45988358432351056,0.7509165328323404,clean,10.43699816666361,3.8197272316294892,3.3066650188920574,8.166345236736037,0.0,0.0,0.03511153696247902,0.0,0.0,-2.479999999999991,-2.1058988310197524,0.0,-0.25096596909946234,0.0,0.0,-15.174059061011981,0.0,7.27360221761905,-13.884487307978093,-9.589828559220237,-0.4965984152804451,0.0,0.0,-60.0,122297
-72.08316170351999,8.736881718209732,30.33480689840174,0.738662591103391,-1.872485472620979,-1.8986878567747358,6.202414028183963,0.8310794649300752,1.1822484578366357,0.0,False,RUNWAY_EXCURSION,270,26.999999999998472,1,674569.942912672,1324.4823649826847,4746.9832312628505,344.88989992302845,dry,0.9532682934449354,3.276429450184308,1.1863695475165992,0.0,0.0,4.794096552542239,1012.1157411736065,0.989718870056385,nan,nan,nan,nan,110.4898676314094,1.1822484578366357,5.072848822505911,124.36310764504513,134.31215625664876,571510407,0.1786103318461798,0.4106686124325553,0.7341429843988311,clean,13.329601207751832,4.4031296629044405,4.125180651811268,9.030450636285957,0.0,0.0,0.04728993831346546,0.0,0.0,-2.6999999999999864,-2.2899930647396234,0.0,-0.13521603698511309,0.0,-7.959708392116585e-05,-16.867438185443728,0.0,6.233053737485326,-15.746101926866416,-11.015786044937569,-0.4972526820159241,0.0,0.0,-60.0,122567
-143.70326416176547,12.976158053085445,24.28220152441111,6.580485045197447,4.061255752310704,3.5168482795175815,3.541773667737198,0.8124646465157903,7.895573297083388,0.0,False,UNSTABLE_AFTER_LIFTOFF,684,68.40000000000668,1,739755.8810823396,1330.8320734020376,4406.377267085991,261.62194855707537,dry,0.9945833712877107,2.779041194438734,-1.5149935621673256,0.0,0.0,-2.7751127989462896,1013.9652037390852,0.9917489927927982,64.50000000000358,2782.491085478876,nan,nan,137.37692995210773,5.877459628277791,-221.74811140418998,128.4225683112015,138.69637377609763,915743486,0.10898936870067137,0.5327273982619939,0.7316673605974728,clean,60.42694602009646,3.7604808379936134,15.778767402468967,15.02450395721183,3.1553227199504925,0.0850076827342079,0.23509838513111167,0.0,0.0,-6.839999999999899,-12.796931514217738,-0.3264107526285784,-0.0014024926721902583,0.0,-0.5039986692426013,-41.30624725677827,0.0,3.284207297171638,-73.83289620088887,-38.588128597355684,-1.0642629536878199,-0.1933200270510664,0.0,-70.0,123251
-446.4899051013218,56.42273349198837,164.0415629553726,35.16534959114477,28.84215117709773,14.739793321150556,14.668776026856348,0.7022180330462581,1317.574623481831,0.0,False,LOSS_OF_CONTROL,1025,102.50000000003382,1,698851.555032293,1330.187962142216,4286.808090354494,451.20974916706075,dry,0.9646046767050223,5.35099193711042,1.0817262914758072,0.0,0.0,1.04839167960366,1015.8610883094411,0.9637427221390735,43.79999999999752,1760.1442691762595,83.10000000001838,nan,138.92039944893722,797.7033347905701,-8267.113465747902,125.53765997717595,135.58067277535002,1157352826,8.355256795280303e-26,1.626472178675932,1.6472974005403196,clean,109.30588184819625,5.321363214745491,14.114604190695703,13.068618171781223,9.355327968749023,34.63550129175233,31.90813339162278,0.0,0.0,-10.249999999999826,-114.71838105508243,-98.76876296758287,-5.8900343417153715,-11.455696936811748,-38.62988964461767,-51.559010271372166,0.0,8.257335906492207,-132.20116219059565,-107.26756064914781,-13.08784817620293,-8.62832485222558,0.0,-80.0,124276
-76.85571021708998,7.543209564881007,30.224807840908877,0.9826355948217813,-2.7070265426064886,-2.7295523657555494,10.522985953063799,0.8360839864354076,0.5355929585974195,0.0,False,RUNWAY_EXCURSION,270,26.999999999998472,1,755702.7722980684,1326.822886462186,4401.227986667314,260.0040868681878,dry,0.9545670229272671,5.590579386506639,1.865749682150084,0.0,0.0,2.6742470874419215,1010.6212882300534,0.9921249654020889,nan,nan,nan,nan,83.46508765182536,0.5355929585974195,3.7736348339485737,131.24941610775107,141.74936939637118,1411099204,0.18005276734542724,0.5494625391382426,0.8223637150830551,clean,8.452741691490383,3.428534171036924,2.972938606982364,8.068741471165787,0.0,0.0,0.021423718343896784,0.0,0.0,-2.6999999999999864,-1.7070003161913694,0.0,-0.7219772547108451,0.0,0.0,-16.926320460883424,0.0,5.056731200411145,-12.2230439203164,-9.91075706148467,-0.6677220629337579,0.0,0.0,-60.0,124546
-74.46020726807039,7.747592521695839,30.084283714545595,1.0882572158425514,-2.23749193121997,-2.271337283867304,10.921923524844322,0.8422950727910529,0.6713463613193653,0.0,False,RUNWAY_EXCURSION,246,24.59999999999861,1,676595.4323698165,1328.3144395521101,4690.950609241093,378.7850172928607,dry,0.9874731967764223,0.5633763209078682,-2.332545797240475,0.0,0.0,2.6182843130014968,1013.1580222007275,0.9886718801257959,nan,nan,nan,nan,87.41006167049655,0.6713463613193653,3.236770467274983,124.02243138311354,133.94422589376262,950804459,0.16941310590055478,0.5915961206676867,0.8030120655507005,clean,8.95674332940733,3.474645759272336,2.9197722568857087,7.7245555545745175,0.0,0.0,0.026853854452774616,0.0,0.0,-2.4599999999999915,-1.6406885234478192,0.0,-0.6751836059363613,0.0,0.0,-15.662618159221289,0.0,6.779611442783293,-13.536444293996935,-9.813695179216849,-0.5537597036271128,0.0,0.0,-60.0,124792
-69.90699283102842,7.949173440368455,30.354363825761986,0.9563944467760273,-2.163122837763929,-2.196178330092032,8.060301429366895,0.8444594062098488,0.9515539679383522,0.0,False,RUNWAY_EXCURSION,269,26.899999999998478,1,674217.4606435859,1322.6656354905845,4403.968957579087,92.71892123125019,dry,0.970082540347075,2.8694007893504176,-2.3713350731021547,0.0,0.0,-1.8147129932396124,1013.9234282219805,0.9968596265379664,nan,nan,nan,nan,101.67041634335658,0.9515539679383522,4.391411463285486,122.81054029886785,132.6353835227773,319457530,0.1781289907834656,0.5102762269346125,0.8625577820141759,clean,11.010525786548081,4.411343275879279,3.6687161722286064,8.910372781297903,0.0,0.0,0.03806215871753409,0.0,0.0,-2.6899999999999866,-1.8886597117312154,0.0,-0.3245985929268952,0.0,0.0,-17.147582780890307,0.0,8.907082907663767,-12.729724229828385,-11.317710223176103,-0.7548203748107097,0.0,0.0,-60.0,125061
-78.5725441164175,9.313081011821282,30.03895901821422,0.5868423663590768,-2.4415087457727687,-2.474198033074937,7.008276013674323,0.8232465300668952,0.6983803225804195,0.0,False,RUNWAY_EXCURSION,248,24.799999999998597,1,720751.613000467,1329.1149877524467,4700.935813718005,421.0256383719035,dry,0.966299772671114,1.047148838510335,2.619982736610531,0.0,0.0,-0.23217348601259857,1012.0256968125266,0.9873498669996161,nan,nan,nan,nan,89.64614818813986,0.6983803225804195,2.4161603957632316,127.44773050214965,137.64354894232164,1999344461,0.1602875361186145,0.47435244559782874,0.8932272657267026,clean,9.458778054245418,2.9962875878238533,3.0527306338770908,7.778207882393804,0.0,0.0,0.02793521290321678,0.0,0.0,-2.479999999999991,-2.3899891697023374,0.0,-0.22317997214236462,0.0,0.0,-15.252542446933532,0.0,4.567508871204786,-14.936285109748315,-10.363024648052944,-0.8089710122862017,0.0,0.0,-60.0,125309
-81.49098411154655,17.638297830417375,30.030678700502055,8.129079944640246,-1.157607771643155,-1.2189433755540806,6.369918926478803,0.8257876466653455,3.92228227886406,0.0,False,RUNWAY_EXCURSION,446,44.59999999999747,1,685622.8710269219,1323.4571949850515,4399.7647588764985,141.38896712445091,dry,0.9603976120894326,0.28055568468734116,3.875222839493762,0.0,0.0,-0.780867449688226,1012.2315429505719,0.9953728299469161,nan,nan,nan,nan,143.7379917416947,3.92228227886406,26.09286992678861,124.17196694120713,134.10572429650372,1486119655,0.02848183717682862,0.48036918511497995,0.7219431638636908,clean,33.83718142121504,4.426522129255711,9.241274653599513,13.004392593717622,0.7990420169388687,0.0,0.15689129115456238,0.0,0.0,-4.459999999999949,-15.41720660645665,-0.2253062210823598,-0.12218901222357857,0.0,-0.0012968893140176876,-27.645758896851866,0.0,7.372678237142335,-22.328459790969994,-19.258178212645756,-0.8054650100819273,-0.06510581494400232,0.0,-60.0,125755
-71.8236741550826,7.888198097202714,30.39658600516974,0.861046193807583,-2.3930929266035665,-2.4319609658334773,9.349981166761602,0.802760437130928,0.7804355122125344,0.0,False,RUNWAY_EXCURSION,248,24.799999999998597,1,726382.3211771566,1326.9575345693322,4533.710248233681,450.15670732564047,dry,0.9661074541861516,4.248020079397677,0.3419348274766407,0.0,0.0,0.7220181886429913,1014.5667399645683,0.9865406312707541,nan,nan,nan,nan,94.14690300822951,0.7804355122125344,3.855622808310546,127.99583779769324,138.2355048215087,86996089,0.16878489607416214,0.5644059182693849,0.9500190972087477,clean,9.792664148027644,3.9861725441397344,3.067668328168873,7.977620135384605,0.0,0.0,0.031217420488501374,0.0,0.0,-2.479999999999991,-1.714607774081856,0.0,-0.5068452545050738,0.0,0.0,-14.889465143677576,0.0,8.32206885476592,-13.09589224293772,-11.430089320000103,-0.8841858508555707,0.0,0.0,-60.0,126003
-73.65950667229058,8.078684460079831,30.262071262594766,0.792970030580197,-2.2473021466561054,-2.2762073532041485,8.91589834140259,0.8248728486696878,0.8065983537805437,0.0,False,RUNWAY_EXCURSION,250,24.999999999998586,1,695542.4815352047,1327.763275481387,4600.57981856527,148.437733335606,dry,0.9537651479576497,6.72450828877879,-1.0700423520559723,0.0,0.0,1.872896607279361,1011.6010398874024,0.9953033288278684,nan,nan,nan,nan,92.0813273626385,0.8065983537805437,1.7014498242314957,125.68230202875546,135.7368861910559,1748708618,0.1682380425802169,0.5567993279203105,0.9721013073032067,clean,10.182970023261813,3.9597488493642374,3.1552058104842167,7.569259564318132,0.0,0.0,0.03226393415122175,0.0,0.0,-2.4999999999999907,-1.8129206279315369,0.0,-0.43892994354212317,0.0,0.0,-15.534510854438278,0.0,7.006619816237151,-13.39487931106505,-10.919362905001645,-0.9649710281287438,0.0,0.0,-60.0,126253
-73.6862726114364,7.977484454031786,30.732435174109582,0.8031089311870078,-2.4530613790644757,-2.4865571891288716,10.038784416657968,0.8270043200916717,0.6620520837122754,0.0,False,RUNWAY_EXCURSION,246,24.59999999999861,1,740416.6597253246,1329.3973379254653,4637.9251638513615,42.49444736588648,dry,0.973205958367845,2.1246913173925996,3.06038330032744,0.0,0.0,2.2266842901480413,1012.8994378801583,0.998391256302731,nan,nan,nan,nan,89.39633600380378,0.6620520837122754,4.762163790339127,129.66912614303982,140.04265623448302,1571971334,0.1661748379151433,0.5493004890337698,0.7911980540318327,clean,8.962943153905385,3.6235849517373087,2.85199237201162,7.951471840762274,0.0,0.0,0.02648208334849103,0.0,0.0,-2.4599999999999915,-1.7395003911913811,0.0,-0.6381163623660865,0.0,0.0,-15.299302727072387,0.0,7.316746487950174,-13.50346625301565,-10.267600608399569,-0.5115071591065959,0.0,0.0,-60.0,126499
-70.12709684646072,8.169050210329392,30.259753513243496,0.7886274588581165,-1.9171090514715816,-1.9570116396880561,7.944345015705395,0.8326137740800094,1.064583656710397,0.0,False,RUNWAY_EXCURSION,262,26.199999999998518,1,678742.3026384561,1326.4780436361084,4229.508961717636,489.76213560567726,dry,0.9795576595294887,4.550098483949679,-3.7154867510037226,0.0,0.0,4.794660610503814,1011.5662357281964,0.9855894974530524,nan,nan,nan,nan,103.98334723870067,1.064583656710397,4.302525191655224,124.78111924844261,134.76360878831804,393575409,0.18908839939603186,0.4279809452313847,0.5922784389507543,clean,12.44103041295428,4.440871531373568,3.7638196399129096,8.457940310544345,0.0,0.0,0.04258334626841589,0.0,0.0,-2.619999999999988,-1.942682878976363,0.0,-0.2785096293859984,0.0,0.0,-16.38142841239913,0.0,9.014570232348323,-14.967417062440557,-11.9206823238377,-0.1771920128228043,0.0,0.0,-60.0,126761
-72.91827161856548,8.499415266959678,30.40839745322061,1.1415954555868497,-2.2517945015844587,-2.277960321647944,8.247131371807834,0.8138145853311586,0.8209941228072068,0.0,False,RUNWAY_EXCURSION,260,25.99999999999853,1,735492.1235186442,1331.6307842884858,4799.117844096535,65.2008476807508,dry,0.9765416332948659,2.2359203555239118,3.81519905128829,0.0,0.0,-1.2535551541429566,1011.8477014079477,0.9976934553421314,nan,nan,nan,nan,93.63547182630916,0.8209941228072068,2.85652570119602,128.52712969511424,138.8093000707234,1319356500,0.16960417751498047,0.49188507191915043,0.7931388852227809,clean,11.386875541744438,3.66587038398885,3.745483234128673,8.03592615998346,0.0,0.0,0.03283976491228827,0.0,0.0,-2.5999999999999885,-2.0869350632065657,0.0,-0.33824776975725185,0.0,0.0,-15.740344252295989,0.0,5.329575322271702,-15.163344267040701,-8.590275513819735,-0.5956951594746702,0.0,0.0,-60.0,127021
-57.833837448412886,9.230125105642319,30.280322004248873,0.8359622519091889,-1.4233133849964668,-1.4332619342208164,3.76166026443444,0.8074009476991617,1.830378728356557,0.0,False,RUNWAY_EXCURSION,343,34.29999999999806,1,736457.2834660026,1325.1674448094832,4611.568750151202,43.57913711104694,dry,0.9502755621251263,2.6649506959387645,3.4531700940465218,0.0,0.0,-2.8429653348595307,1013.9863330803524,0.9982959259395382,nan,nan,nan,nan,127.90416859993267,1.830378728356557,1.5321995965913793,128.1193590349654,138.36890775776266,1077333835,0.1915395703683349,0.2012583698738548,0.2794637211890813,clean,21.364293438985207,5.993749747779273,6.382641383350941,10.950911392371886,0.0,0.0,0.07321514913426228,0.0,0.0,-3.429999999999971,-3.246884094085819,0.0,-0.004822128194393516,0.0,0.0,-20.53101743228146,0.0,10.42426442821725,-21.659393590596878,-4.1478113327757,-0.002984410317474551,0.0,0.0,-60.0,127364
-64.65069509648615,8.010033040844906,30.02346100327813,0.8740441244432374,-1.599501347673817,-1.6286594377366221,4.41204322077102,0.8012398113439116,1.8004851700475797,0.0,False,RUNWAY_EXCURSION,351,35.09999999999801,1,765645.8969597367,1323.7909512445874,4749.521170075982,332.8315544267158,dry,0.9855009095590257,6.215167306243851,0.5180476130703564,0.0,0.0,-0.34842459122287917,1012.7890192902914,0.9898787567802633,nan,nan,nan,nan,129.0952406903003,1.8004851700475797,3.528027657314876,131.2809946165434,141.78347418586688,60914157,0.22068116487386194,0.2490016564893475,0.2638743798486734,clean,20.726292380307314,5.081106499359223,6.2735682295216435,11.75336186497806,0.0,0.0,0.07201940680190314,0.0,0.0,-3.509999999999969,-2.5022645433016564,0.0,-0.03316933699380156,0.0,0.0,-20.935671978527083,0.0,3.3304824829332227,-17.624808016721115,-7.27997905419886,-0.0016330306450365463,0.0,0.0,-60.0,127715
-65.6777121081176,7.913715116311077,30.496834699497306,0.7572878149810027,-1.4732497879430515,-1.507530261171249,5.583714429562548,0.8128366121019933,1.634380533932415,0.0,False,RUNWAY_EXCURSION,306,30.599999999998268,1,676892.214679156,1325.755210963778,4419.415188902011,431.22579808854016,dry,0.990475716253921,0.7739412476389766,-0.8889193014145222,0.0,0.0,3.32383939173926,1014.5414449240316,0.9871778596439329,nan,nan,nan,nan,123.4132049862201,1.634380533932415,3.226639247636882,124.1153342041382,134.04456094046927,1991575180,0.19787138003332294,0.3878128682281358,0.4648459619376384,clean,17.16041549673749,5.05051330478586,4.932420745193923,9.990179583611758,0.0,0.0,0.06537522135729662,0.0,0.0,-3.0599999999999787,-2.129314156032435,0.0,-0.11811314208730088,0.0,0.0,-18.550691492790428,0.0,5.769739209888182,-15.037349046921035,-9.648047126076353,-0.10284070578462222,0.0,0.0,-60.0,128021
-55.62713398257264,9.8912029826831,30.12704291114333,0.747714676639283,-0.7725593127841339,-0.7797463997625759,3.809543142606242,0.7888269162039017,2.1197935286350003,0.0,False,RUNWAY_EXCURSION,343,34.29999999999806,1,680793.61537695,1328.9822129461713,4202.921116166764,499.62146705014425,dry,0.9889166701554727,2.776150357185969,-1.8257746770249468,0.0,0.0,0.5191318860843923,1013.9868251957078,0.9850585009950464,nan,nan,nan,nan,134.48518192366978,2.1197935286350003,2.8184697961148863,123.90605825639624,133.81854291690794,1544512700,0.17697105995791992,0.2060775620474707,0.3065195401774265,clean,23.746068478446485,5.609041536712941,6.890735485872518,10.966890858925753,0.7640200006968079,0.0,0.08479174114540003,0.0,0.0,-3.429999999999971,-3.7286347200567973,0.0,-0.005819386707454381,0.0,0.0,-20.027337545899318,0.0,9.430396238197861,-21.32937589614595,-4.587133565028504,-0.010777208732377211,0.0,0.0,-60.0,128364
-233.55705818157134,58.34101187697454,220.46695546690117,25.210277067418755,40.07800560702542,16.036640600252827,12.942603648355941,0.6978077440298811,1654.3015919846698,0.0,False,UNSTABLE_AFTER_LIFTOFF,774,77.40000000001385,1,740164.7846674128,1329.782407511281,4720.135879934079,68.78984315559377,dry,0.998912450637143,4.446235604602554,1.9509298480807078,0.0,0.0,1.544693938393082,1010.7812884720198,0.9504679127913288,36.099999999997955,1315.809929498124,69.10000000000724,nan,113.35688951063787,1654.3015919846698,5186.52484528925,129.63034294103807,140.00077037632113,666191121,1.4429742379087198e-36,1.8150839287471883,1.2957255138245565,clean,88.8577527691279,8.334503305407573,14.894292309068492,11.43734714481276,23.670110298753972,31.90169836757659,40.0,0.0,0.0,-7.739999999999879,-97.98145332016612,-60.86945052632926,-3.9305193133423484,-5.401442219403155,-20.856599796238715,-38.987627395100034,0.0,16.041879934503577,-82.8450727728362,-64.74123077703322,-5.774943952388265,-9.566302237983157,0.0,-70.0,129138
-204.9745724595344,53.44886100163263,183.39542438611156,60.059432349785354,28.390448747667147,10.012419430465764,14.688839952311369,0.7553648849093231,1109.3429299885283,0.0,False,LOSS_OF_CONTROL,845,84.5000000000195,1,762611.5731834037,1325.1820797497655,4354.0342390776295,422.10795953348827,dry,0.9934258256494114,1.1433464752263731,0.05163477250796866,0.0,0.0,-0.8935032717751596,1015.2435503712765,0.9554823027999093,38.99999999999779,1444.58174896653,82.80000000001814,nan,109.67526746935592,1109.3429299885283,2715.347683436062,130.73813737995027,141.1971883703463,34341977,1.8117143089994994e-30,1.501900768723915,2.385477968185083,clean,104.93606684550286,8.838292942609696,15.783773746366862,12.435116088558674,17.518009480703576,28.411767235910595,39.999999999999986,0.0,0.0,-8.449999999999864,-115.1324689685639,-27.261065467293264,-3.542019121425912,-3.2423206668223047e-06,-9.717889318997884,-46.688653536957126,0.0,16.01591651231221,-80.85485108807748,-52.33872167306704,-19.04316535854888,-5.8846775362454125,0.0,-80.0,129983
-449.36911864538166,88.51365311407245,229.13965639457186,51.43882424405418,18.798436599993046,10.036252286947402,27.10046389998,0.7181115226467119,729.7057987520736,0.0,False,CRASH,839,83.90000000001902,1,720750.2430895299,1329.2873844571686,4284.50060363907,381.19372616660456,dry,0.9599788590799705,5.247834887136345,1.7112726819043833,0.0,0.0,-1.7502597607134014,1011.7473915229125,0.9878818048948752,34.79999999999803,1248.6190887495516,nan,nan,150.6185856183782,19.77120467386743,-2764.170768000345,127.12865409092231,137.2989464181961,196017830,4.650578986579517e-55,2.3966705044909298,2.1511184425998278,clean,93.04892613265567,9.03108351365423,11.672264035010253,11.091419693254934,17.66069960888471,21.668760230467733,0.7908481869546969,0.0,0.0,-8.389999999999866,-139.16778566762517,-97.59462179676291,-27.09786678760374,-4.8354043823451315e-05,-19.40471674691114,-43.71845271254399,0.0,16.9549830981485,-85.25004368386116,-77.36179548428684,-19.173039253430243,-14.12973265734234,0.0,-100.0,130822
-394.9253316865968,132.75042953173647,305.35329658561744,33.89732422302358,17.564291326583586,10.011141865440779,29.177581485773185,0.7452400698042572,468.91406826813324,0.0,False,CRASH,797,79.70000000001568,1,732495.9137604561,1328.5875438764965,4550.88641461588,431.98281405743876,dry,0.9879494415720542,1.5718497820477877,-2.3395081755373437,0.0,0.0,-2.745328211986801,1015.7311086968552,0.986735853112931,35.399999999997995,1258.9065242484157,nan,nan,176.54911522295987,7.206573669197837,-183.93290755648283,127.6863734716259,137.901283349356,1627687382,5.559176281721854e-102,2.072499334559179,2.9327839096260018,clean,92.71857766011463,7.993066691879704,11.313621748042184,11.160298743003322,18.08015737422872,16.020955777432107,0.28826294676791336,0.0,0.0,-7.9699999999998745,-138.97770978852486,-48.89277257450456,-29.34123333300712,-2.4794887246696523e-06,-17.80736150624331,-43.38096815111862,0.0,13.751230301109453,-78.14911956505453,-65.13710916947063,-27.791303632138593,-8.803922729623137,0.0,-100.0,131619
-727.2292539042954,111.87434064386547,401.95106843912447,41.76119706718859,16.463532734278157,10.946729146925234,52.1901730924308,0.6824288840975353,807.8941886154101,0.0,False,ENVELOPE_VIOLATION,1298,129.8000000000388,1,728776.7883515193,1323.2867237163498,4288.227569027635,51.56366171860288,dry,0.9850764767577589,6.124002605988482,-2.1193774643621914,0.0,0.0,2.3665720411465916,1012.4536653382064,0.9781706381116414,37.19999999999789,1324.8664603889415,nan,nan,155.31185521313694,694.8599016604874,866.9203975894017,128.7051515020092,139.00156362216993,320704861,2.2981024432974886e-122,3.0481572325102086,2.809382326729908,clean,165.3041575525794,8.939893251648362,15.454100130704497,11.830731573583774,36.12632331640159,41.37203735648073,27.79439606641949,0.0,0.0,-12.979999999999768,-291.93094486353823,-169.80929099354717,-50.647229871155886,-0.19376662235621941,-61.40819187978233,-63.69648895925214,0.0,14.7751345984847,-153.01750354085993,-130.65669146587618,-34.92817707859798,-29.557742475627986,0.0,-50.0,132917
-471.90293624201104,114.30049942936783,402.8149164071893,51.41031184622402,15.889818739083577,11.50512087981957,46.94954475816356,0.7353439106560231,743.1465567386069,0.0,False,ENVELOPE_VIOLATION,1093,109.30000000003923,1,748777.0341698944,1327.241032903769,4627.831185572954,319.31444549037974,dry,0.9722174266744427,0.3849898481753051,2.515336886671111,0.0,0.0,3.9579926055349537,1014.8233969981978,0.9736492779534509,43.59999999999753,1461.6282684931243,nan,nan,148.85443715487526,590.6245659263683,-3208.067396538018,130.66327201475642,141.11633377593694,1101140972,8.145249938653949e-125,2.846577519328509,2.1905485872041126,clean,130.55056368835088,8.973784972475741,13.760415001820084,13.642208429080203,27.523554288316113,26.83658373507667,23.624982637054718,0.0,0.0,-10.929999999999811,-199.32449525760856,-85.68572657645197,-42.94331118282334,-0.1828858844790622,-39.6820221498489,-58.9990267915875,0.0,11.736342114549137,-114.54023893697482,-88.08360982241199,-22.52108169913172,-15.658972807415266,0.0,-50.0,134010
-269.66369853636144,88.97694141644074,401.34780879162116,41.01245978154749,24.992727107671612,11.571466946681712,54.68170558726683,0.767777072394662,1074.987706057265,0.0,False,ENVELOPE_VIOLATION,838,83.80000000001894,1,736966.8774087927,1330.9642897325411,4279.847565557938,294.56491410768837,dry,0.9889380433316611,5.02213228859978,-0.546038989381127,0.0,0.0,-0.7682469425845921,1011.8052931010233,0.9600816398074378,39.99999999999773,1484.5343553365894,79.40000000001544,nan,125.2359615130379,1074.987706057265,655.0908730821186,128.76739002593985,139.06878122801504,1929953604,3.051398568727697e-106,2.1902218032057497,1.5950607167976423,clean,90.23896629835403,9.834920020038107,14.3711052711268,12.97970814986151,15.692645424036181,33.886383061181675,39.99999999999999,0.0,0.0,-8.379999999999866,-96.23326314549288,-77.72049535062557,-28.307635137470115,-0.42962811279030355,-19.415294222030838,-47.57491457475784,0.0,12.934528661582442,-85.6736776566981,-64.68999618879684,-7.66795385638034,-13.509097177497882,0.0,-50.0,134848
-173.3842463635637,32.47606767471066,113.45910259595286,39.27571321354871,7.504935159174397,6.0061784381071455,12.521110595458763,0.7775825518115724,332.89989045507406,0.0,False,CRASH,665,66.50000000000517,1,757037.8587244086,1330.0630524541698,4546.007904575196,202.54021244721747,dry,0.9506997031859953,3.2978593555803837,0.39989716086182137,0.0,0.0,0.8381003815484043,1014.9684345513402,0.9935366301453913,42.99999999999756,1430.8551044059154,nan,nan,166.51460232590316,7.205879257354923,-1070.2231907804849,130.6692200030946,141.1227576033422,1995236120,1.2626120768276363e-13,2.053387704324248,0.7175341020494238,clean,64.31813354585421,11.978246945922855,13.585738635943812,13.233411745652386,12.26921536395279,11.359646765689025,0.2882351702941892,0.0,0.0,-6.649999999999903,-33.026963520768945,-36.310102286449236,-0.35212695376634795,0.0,-5.353563390065005,-38.3647331598503,0.0,16.756210017357205,-49.209675933093955,-40.4430002925043,-0.8259561396675239,-6.636962878063893,0.0,-100.0,135513
-156.71535377703827,21.112410318740984,74.69709001519037,42.695057467351596,5.52652534385811,2.288226303368915,7.58502661070819,0.7923885600434415,278.878689673719,0.0,False,CRASH,612,61.200000000000955,1,691384.7603229228,1323.4367812988364,4204.149002794245,116.53118626403774,dry,0.9773327104977921,2.2578857865346826,2.5788779376944433,0.0,0.0,0.3076598672223927,1015.2314461955283,0.9959463528872444,36.19999999999795,1217.405809291157,nan,nan,188.05565309513378,9.635976375598318,-2819.54411307482,124.74386496385841,134.7233741609671,575371960,7.575886800861751e-08,1.5948509191102098,1.2867288412611346,clean,63.1864919758838,6.861461282894167,12.855325563633883,11.227454122383836,9.39003750153043,10.74861194659624,0.3854390550239389,0.0,0.0,-6.119999999999914,-24.463600421506417,-19.459569960286267,-0.11683704934185894,0.0,-5.062111585327157,-35.9915400805724,0.0,5.825910477124194,-47.186723716980815,-30.548258646566026,-3.7931207020314353,-4.454323539496001,0.0,-100.0,136125
-100.02394569540647,7.776570055148214,21.836054150928003,19.20550152740459,6.10261391915302,3.339026594648577,5.630384659718207,0.8122936687055653,180.51311196505998,0.0,False,CRASH,507,50.699999999997125,1,700602.2329308816,1328.178598383087,4758.313691430585,75.43119545154303,dry,0.9548834905070525,2.2754975904572907,2.4108573083163103,0.0,0.0,0.45007870344040857,1014.6040186769206,0.9966563575013878,35.99999999999796,1219.1812758860644,nan,nan,162.67901831958739,26.46015943724511,-3653.755930061272,125.6424739642634,135.69387188140448,141911080,0.11805477771610318,0.5145097100126109,0.9997175807656187,clean,46.42734266367658,8.496956420923441,10.874856867039663,11.635226887866223,6.202901687874606,7.0022180265426295,1.0584063774898085,0.0,0.0,-5.069999999999936,-3.406760689341374,-3.3628875418658764,-0.009195678282393364,0.0,-0.7439882937157116,-30.61615617969151,0.0,8.688295042507121,-37.02029963617271,-17.201659894000876,-1.8786327421414812,-1.1005690141144484,0.0,-100.0,136632
-132.79619678520754,20.40939975646449,92.44629381416784,24.961144326882337,8.1023733243942,3.6184693254628786,6.222724892737937,0.8033209643101258,294.3315956740419,0.0,False,CRASH,599,59.89999999999992,1,736677.3396879191,1329.0061890958557,4312.645960552435,188.5432569642222,dry,0.9871531566997358,4.542604078014262,2.17412819074847,0.0,0.0,4.265137930297642,1015.3240227510429,0.9937268220202568,40.699999999997694,1501.0926791935956,nan,nan,152.29385667916137,17.008218853958425,-4056.5692482191575,129.6394075643758,140.0105601695259,1062733147,3.3161770209924916e-07,0.9864402128965704,0.8834403408232262,clean,57.85130567151668,12.169015868830371,12.457660871071328,13.240901052278645,12.926177889816474,10.171895425561312,0.6803287541583432,0.0,0.0,-5.989999999999917,-19.18456181792898,-22.701354156034206,-0.19811742935146942,0.0,-4.022960924556075,-35.86474133557319,0.0,15.59954992934782,-42.36228680802944,-28.734587331988575,-1.818283406784138,-7.016139037542141,0.0,-100.0,137231
-109.94621771816311,14.989432158902579,69.38285419069798,14.034798071357576,5.1911172145977815,3.1185472267403447,7.169595395826761,0.8166877824957196,206.0128539393084,0.0,False,CRASH,543,54.29999999999692,1,702016.9984456308,1325.4815357223922,4635.0207087834015,370.5826374578617,dry,0.9544389306718271,6.099273324766636,-0.09054761832194114,0.0,0.0,4.312612407027936,1013.3482657259448,0.9886164601342793,36.39999999999794,1255.2188511500533,nan,nan,155.7144789716784,13.151081207324694,-2572.0875869912447,126.68652232447818,136.82144411043643,1806715099,0.0003855005397408756,0.6777630542203146,0.9058646700484679,clean,51.834003850669966,9.912253818403773,10.947447477715842,11.629525909141314,7.949662634120806,8.086052045031991,0.5260432482929835,0.0,0.0,-5.429999999999929,-12.894613773303604,-4.782778610189616,-0.2525303129710095,0.0,-0.8856050159643851,-33.14860138337739,0.0,10.679899746912328,-36.052973974075805,-24.73667541703103,-1.5563560944572101,-1.7709718670818753,0.0,-100.0,137774
-113.17906319583587,17.189504668973502,76.7348363310758,24.41431475031098,4.412579373717951,3.367382373605026,7.344823216736954,0.767697838002985,236.30713648035595,0.0,False,CRASH,550,54.99999999999688,1,714674.542723048,1329.578713022759,4397.134064812968,494.3760642446741,dry,0.9790221068582161,3.5940387293154386,3.133018538570223,0.0,0.0,2.9191227201404457,1010.0947470171242,0.9850881065109833,35.299999999998,1284.6764623454233,nan,nan,160.3253252261849,10.920453116126566,-3146.333503719352,127.7238366282688,137.9417435585303,1341434674,2.0949931040937996e-05,0.8299438824474492,1.265260831749329,clean,55.87597151886477,12.601780518643542,10.942065036747604,11.526264168234272,5.1182596241998235,9.302246847228844,0.43681812464506486,0.0,0.0,-5.499999999999927,-15.484131556559602,-15.894285383792488,-0.3597934862059292,0.0,-4.117876046750025,-31.0540948492536,0.0,20.06573762842057,-30.594938338081825,-26.07247145378003,-4.160586780829262,-5.810028767567645,0.0,-100.0,138324
-89.45378277196683,17.327125922544308,73.24381260985938,21.35122081352464,4.250229465426537,3.405825869286021,6.553408265182832,0.7566657250108006,167.34691787632516,0.0,False,CRASH,546,54.5999999999969,1,750736.4111945551,1331.5834337042857,4616.65517198104,246.05579154948066,dry,0.9687237912077654,6.780868912835371,2.517194258128523,0.0,0.0,0.5552140570986692,1015.3925060218776,0.9920975665953412,37.29999999999789,1337.4784322091334,nan,nan,164.97534377157092,13.182999671882158,-3060.045370896955,130.03338373798763,140.43605443702666,143215702,5.302934763020221e-05,0.8119876016249642,0.9464681614635125,clean,53.94632485713064,13.715456485544948,11.419638875839384,12.263704477992901,4.638566381654335,6.5329792112690495,0.5273199868752865,0.0,0.0,-5.459999999999928,-16.050023841026857,-10.615261722184783,-0.2427634722304968,0.0,-4.204342938316694,-30.482180645023366,0.0,23.22897258631644,-21.035752607021575,-20.72922873692737,-1.8066206373768594,-5.100571034481789,0.0,-100.0,138870
-304.5669062032408,79.33728434081813,403.3082032257575,56.54575529025993,25.349383756188843,9.108234946883004,32.36826934031596,0.7125749069218679,759.0372182597218,0.0,False,ENVELOPE_VIOLATION,859,85.90000000002061,1,714224.9761075184,1331.719980125401,4733.779433318833,276.3268100416276,dry,0.9500858983973535,4.855961560074473,-2.0450616399432997,0.0,0.0,2.3547733997561053,1013.8955931052176,0.979689009701575,40.19999999999772,1316.6189525287448,nan,nan,150.37405288636566,416.4425036883641,-2765.077966172794,127.32049620317603,137.50613589943012,1396231712,3.5412628064237914e-104,2.401895797828787,1.6506479398143825,clean,91.21416775998664,9.176434352128283,13.884983503534468,12.326532686953879,13.335469342115571,21.68114407240656,16.657700147534563,0.0,0.0,-8.589999999999861,-83.05800288645855,-90.36121357924111,-14.67283619592868,0.0,-34.310318458713475,-44.55794963802678,0.0,8.606734436181016,-74.34578396843823,-65.48094038042642,-10.576615123346143,-15.496412273501049,0.0,-50.0,139729
-290.0805077484456,86.43166920666684,401.1328133967007,43.338347105850026,29.954436341191787,10.370153872145183,27.051564645681122,0.7048213962453468,881.9287893570992,0.0,False,ENVELOPE_VIOLATION,824,82.40000000001783,1,732631.3589384523,1331.9550713804447,4641.334869226936,25.109383375530758,dry,0.9935639321626614,4.580467311173852,-2.421328388586721,0.0,0.0,2.8664855914512435,1011.2381127642058,0.9812572247088971,35.199999999998006,1267.4243469711732,nan,nan,145.93874879596112,613.8007046749519,621.1550741799737,129.2336529227207,139.57234515653835,739400048,3.605276248909788e-105,2.264806097453305,1.6722246109324577,clean,93.19143539736271,12.767803635864686,14.777173658636071,11.445194092466203,16.862665177098467,23.11960171911987,24.552028186998086,0.0,0.0,-8.239999999999869,-94.03388884047254,-92.977681614547,-14.4649730090849,-0.00805985513015384,-26.185905564948076,-41.81139160310119,0.0,20.339928030071693,-74.52219504459708,-77.04786839280236,-11.405846419836728,-16.43852730154213,0.0,-50.0,140553
-138.66296220533707,85.86957120902687,400.1309351176953,29.79731937238108,33.55995544492643,10.177045240855957,40.02475880323658,0.7367103003443928,1276.3142740203032,0.0,False,ENVELOPE_VIOLATION,872,87.20000000002165,1,743200.754332287,1327.648548297134,4746.059064189569,126.30349202744084,dry,0.995722919650675,3.641373285515641,-2.670859772008411,0.0,0.0,1.2635069655060303,1013.8943454657489,0.9594272183462021,35.69999999999798,1301.2700756450013,83.80000000001894,nan,119.76539641333937,1276.3142740203032,4587.250030343312,129.63339813193804,140.0040699824931,485792374,1.2805971363529372e-101,0.9972183337348642,1.3368430150214412,clean,109.1318910062314,6.447544345328443,16.739274401073114,11.513579815270301,12.97288732912422,32.014247415732,40.0,0.0,0.0,-8.719999999999859,-65.45714430807519,-48.31391390241473,-12.878089475509478,-0.0004948168745209757,-9.560716570108465,-46.881085319981324,0.0,5.862524979920467,-68.07677226017387,-55.241053281182985,-6.559301194165777,-1.656340369529152,0.0,-50.0,141425
-468.96733209662636,91.32317954487031,404.3993964824481,50.609900792816056,24.98782360430117,8.089409454486905,64.24351102383568,0.6918192908462684,863.2431585263337,0.0,False,ENVELOPE_VIOLATION,1095,109.50000000003939,1,733632.0784497019,1325.944613584151,4488.782118197622,296.49808970597127,dry,0.9866232324568026,6.151096562909753,-1.7747769099630353,0.0,0.0,0.9242565710654693,1014.5507923746067,0.9662507375098014,38.399999999997824,1372.4608378452335,nan,nan,153.79859242922748,863.2431585263337,387.78326723804264,128.67902308222327,138.97334492880114,924059490,1.975737343067551e-110,2.5639857613703256,2.164878907394184,clean,134.32278184047013,5.781492485424062,15.543561503220452,12.636818916667234,27.166470382746212,25.924457441055793,34.529726341053355,0.0,0.0,-10.949999999999811,-150.58918194339282,-126.55485743598362,-30.644378429583575,0.0,-20.3435339580191,-54.396305306529236,0.0,7.310540630016527,-142.26493845212042,-105.22156794404067,-22.341372106118943,-18.877046061489455,0.0,-50.0,142520
-129.95756117225977,95.38040143686698,402.80622916817606,33.95469314081891,30.17107353487154,12.382898213861695,54.052591363191596,0.729277089265916,1178.314168413992,0.0,False,ENVELOPE_VIOLATION,716,71.60000000000923,1,688753.0149169526,1330.4423666722678,4290.768719348287,19.60890130422116,dry,0.9854452534165369,3.5633493731349013,2.3284895882092695,0.0,0.0,2.0124110979199177,1010.3095807561169,0.9652933559611815,34.19999999999806,1179.8795995644177,68.90000000000708,nan,116.77378697905458,1178.314168413992,3976.7832304232757,125.17738755829288,135.19157856295632,1875379230,2.057965093812155e-108,1.271880973918189,1.4289616380819934,clean,80.03745660823328,9.031219267666472,13.18975138732738,11.116413410143075,11.80214668032993,33.62851902924619,39.99999999999998,0.0,0.0,-7.159999999999892,-57.01021073072601,-43.81716680275726,-17.298398722523686,-0.606882904788449,-1.7635769536034251,-37.93381560430441,0.0,9.374931929541104,-62.771941921028805,-47.73329975577412,-6.640650541914046,-5.402055547325531,0.0,-50.0,143236
-333.9986860279859,40.128944999560744,94.72217195452207,60.5858332393133,18.643198324501117,9.942377025752764,20.74238819140467,0.6291454144153159,1105.7763436581376,0.011764705882352941,False,LOSS_OF_CONTROL,983,98.30000000003048,1,737868.6989220604,1327.4385144910677,4731.351632234607,8.164252509245573,dry,0.9673416289076272,0.40532728992079203,-1.553131749339102,0.0,0.0,3.5295314876728705,1013.8779384639262,0.9787391574875889,36.299999999997944,1349.8495424513399,81.40000000001703,nan,175.80133422136308,720.9820162182787,-2200.147820593074,129.6732725679948,140.04713437343437,2074602520,1.1873844176674602e-16,2.5181197258432553,1.9005744432359726,clean,122.79369413706621,4.524511947999882,15.870842604533102,11.759481016799368,19.472373776861176,35.454407810995185,28.839280648731144,0.2,0.0,-9.829999999999835,-137.20839778621269,-55.11673366672347,-11.437133374354516,0.0,-18.807065220902107,-43.052229542314855,0.0,6.129045965992508,-123.38113343431442,-73.60912341951662,-15.498770019509763,-11.10173747311369,0.0,-80.0,144219
-488.2229860250302,167.86802243395798,398.1659683935842,60.27924519837984,31.65064189097835,7.1586592210573405,44.20642456623227,0.6623132301718458,2415.7730389552785,0.0,False,LOSS_OF_CONTROL,1167,116.70000000004512,1,691483.178359874,1322.2303965697079,4294.995961946495,369.5548241123945,dry,0.9914059681315407,0.1863191203719845,-1.7742379860060637,0.0,0.0,-1.244192218311193,1010.8897936438937,0.9203383895771069,40.39999999999771,1608.4486667224594,82.40000000001783,nan,142.12399992634238,2415.7730389552785,1024.7540795817683,124.68360795827876,134.65829659494108,302913355,3.493443952099768e-170,3.043217223658439,3.218863435923027,clean,153.98503850167677,10.172629116636502,19.101140074587146,11.159696619775673,14.474274079576922,50.82168488424248,40.00000000000003,0.0,0.0,-11.669999999999796,-184.89313305427896,-100.9178673948023,-40.74769408842743,0.0,-51.93542809910536,-55.08500077593562,0.0,13.448457367689356,-116.93549077267461,-107.99513709322851,-31.338870237777808,-19.867285152982483,0.0,-80.0,145386
-86.39246617761212,12.112892591418394,48.67872180350646,12.73388437712647,11.232354201187999,5.025170471178119,5.862781351115447,0.7403478798074037,141.43954731609148,0.0,False,CRASH,638,63.800000000003024,1,750200.1920816771,1324.99620572249,4308.8577062439745,381.8195675938206,dry,0.9608414359876166,7.384528120579043,0.45273839817142214,0.0,0.0,3.0605143158105106,1010.1847342401051,0.9885003240966903,50.699999999997125,2028.931418760026,nan,nan,155.3373987656451,4.714860944349482,-970.5318748349514,130.8857897324821,141.35665291108066,1207383686,0.010056110132380159,0.7364662585815309,0.9708285763057484,clean,59.415562336372375,11.468276112438753,13.82317831561096,13.415964427755148,11.889454384266855,5.081331534098895,0.18859443777398077,0.0,0.0,-6.379999999999908,-10.400971389125585,-4.111486843182776,-0.11708271312497424,0.0,-3.0721153398563668,-34.64418208656855,0.0,12.280572005788995,-32.73640947216978,-18.244354830967506,-2.749412425089324,-1.4993846316331427,0.0,-100.0,146024
-477.8107831049162,43.867170268096885,245.35905211426004,48.87773641326347,18.936796292972847,6.552398201870917,40.45740450379766,0.6675925696092798,1212.6612749611288,0.0,False,CRASH,1172,117.20000000004552,1,706596.4109239787,1324.0323027000807,4570.953397198454,274.86314493952625,dry,0.950380630560892,5.32355599486505,-1.4651734540832724,0.0,0.0,-1.0724189767117274,1014.2175854424626,0.9912388826563171,44.699999999997466,1315.5438989962674,90.00000000002387,nan,186.9245502839557,12.08146587495088,-3599.9670224762954,125.86951871422356,135.93908021136144,1635307037,5.605537504856902e-40,2.0380385464655,3.0770279196129238,clean,152.29323054522155,7.473987520701955,16.509488016279565,10.812475917889836,12.964685020357859,30.604458755349754,0.483258634998011,0.0,0.0,-11.719999999999795,-96.66213360163863,-108.4662542669735,-26.397796268125287,0.0,-46.16824340632116,-56.52911837603605,0.0,6.637091592850887,-117.55179062249358,-103.29437006191644,-30.355424502030218,-18.444328003028353,0.0,-100.0,147196
-257.2625306529925,34.23660677324301,136.89491002691406,60.006681891968114,24.92207289173158,9.096079936258372,38.389752823385194,0.7000836333327742,632.30901452355,0.0,False,LOSS_OF_CONTROL,1154,115.40000000004409,1,722111.368268411,1327.058374901567,4259.5168301448175,201.6619898456729,dry,0.9605716096574712,3.1431393068808653,-2.057503354964128,0.0,0.0,4.526843301281948,1012.1005408525147,0.9758498954152632,70.70000000000852,3564.297907642578,nan,nan,156.51370774629967,632.30901452355,3078.6944882491816,128.61310730316794,138.90215588742137,555907480,1.409451277018311e-19,2.3327133223048864,1.9905105636255633,clean,139.38375687384539,12.603171970958943,21.149974051128126,13.322182228502944,14.217177826939142,22.20306301228209,25.292360580941995,0.0,0.0,-11.539999999999798,-80.97694436805871,-60.06651927078182,-24.550667225938923,0.0,-16.678657215989592,-57.35810986489684,0.0,6.859208575510127,-85.43224075038509,-67.75669441120064,-16.009506798865672,-11.92408586698154,0.0,-80.0,148350
-98.29849332367684,10.84509221123445,34.104753700573454,15.11661187420199,18.64718522518268,8.991687647459688,8.63070792045435,0.730398515080194,523.7514561258156,0.0,False,CRASH,866,86.60000000002117,1,766608.2708481881,1330.7340504488825,4789.052103737263,5.213922387755032,dry,0.9644441382458272,2.2887954048096484,-2.7828310596775543,0.0,0.0,0.7852193340554292,1013.0159413757051,0.9991523821647794,52.099999999997046,2292.229365942502,nan,nan,163.21254468225325,11.503649461870696,-3049.380974280774,131.6071968323991,142.13577257899104,585528511,0.044271833571399286,0.6610426732248462,1.4735207260185155,clean,97.0923849912408,14.533568289664984,18.74632612381903,13.488509147806694,20.22131609365309,14.353508059524657,0.460145978474823,0.0,0.0,-8.65999999999986,-11.317275301197133,-4.539103364118763,-0.870269440575073,0.0,-14.530218295326863,-45.815318484452916,0.0,22.61910526115738,-60.79683322070022,-40.162581125444945,-8.423634808644518,-4.698123228556979,0.0,-100.0,149216
-56.94176252152164,8.318080921177947,25.052273933455133,16.46999545701251,16.782299516640233,7.965702871754888,8.725169352791525,0.733215326434886,211.52242699730294,0.0,False,CRASH,884,88.4000000000226,1,758816.3933018271,1324.0436356544244,4201.52216088973,157.0260299200555,dry,0.9817348810748708,0.9435096032019219,-1.981467819787726,0.0,0.0,-0.14443430933912538,1013.5575886518492,0.9946986888651348,76.60000000001321,4073.8762517297414,nan,nan,146.6367669840064,12.073570923723452,-3794.625694318605,130.69090490237554,141.14617729456558,518994643,0.13058242727709368,0.42397851900069855,0.8698535499926895,clean,97.6656861679245,14.354648601276361,22.01470864501815,14.028125731851851,8.096886729125645,5.889040635789922,0.4829428369489438,0.0,0.0,-8.839999999999856,-6.796041740750869,-6.931835703570197,-0.32822270005983506,0.0,-6.476045672180266,-46.564030711547254,0.0,16.747476082768234,-32.18229407234091,-22.44394084315759,-3.072203284352469,-2.586663224265894,0.0,-100.0,150100
-81.58874199928923,6.629113569224631,21.03964910064818,13.339752066590325,13.047020022261265,7.03750317027172,8.528056747292977,0.7510956945914065,182.02659800504324,0.0,False,CRASH,559,55.89999999999683,1,714121.6283855437,1327.5788601165666,4218.170590558166,496.3794776150803,dry,0.9748754204725157,7.691786983818845,3.951426705644468,0.0,0.0,1.7410064644806615,1014.4691161917189,0.9851519507629,37.99999999999785,1456.5153137200125,nan,nan,156.228638891914,4.8391140353105015,-825.1762603215977,127.1407697452464,137.31203132486613,450152621,0.1596097809497054,0.7701455580990737,0.8990886495722256,clean,54.63844366674921,12.004780034091818,12.102014666710566,11.437349852249335,7.914473351097291,6.351735210601726,0.19356456141242084,0.0,0.0,-5.589999999999925,-2.7294818903273423,-4.252420624961793,-0.4298872707833761,0.0,-4.79637151702478,-30.678486038577475,0.0,12.009193354904676,-27.347549679941345,-18.70013095684826,-1.751354207507751,-1.9646145111341164,0.0,-100.0,150659
-97.94601954612331,4.902201892211944,11.772756715298673,12.984718234802294,11.737808228346358,5.579091129329437,11.921148185007045,0.7582590330456863,484.5188374733619,0.0,False,CRASH,844,84.40000000001942,1,717414.4545863479,1329.9539796956706,4301.099415100394,9.236647801687592,dry,0.9825337607236705,1.806045043558763,-2.2631136035474237,0.0,0.0,2.3639005875692636,1010.5895389553409,0.9990869700993307,37.499999999997875,1449.2533527013918,nan,nan,170.45195802500783,9.906876692987982,-2686.6087820700227,127.81502463891296,138.040226610026,1907219570,0.2849850728185992,0.7161896780748491,1.618177080569784,clean,104.80835555418818,17.615349545956043,17.08287199882135,11.581157931605388,15.074461302336402,19.654801182096076,0.3962750677195175,0.0,0.0,-8.439999999999864,-2.2536284869837053,-9.48126525475682,-2.438263268306618,0.0,-13.76275073180837,-46.92061927100879,0.0,27.068146447897707,-55.85506701241618,-52.49540834976808,-10.887569398490093,-8.692866803204506,0.0,-100.0,151503
-323.2197098670446,27.5807177281118,118.91047873328259,60.64712132513004,13.592955425200365,6.133657421770925,22.05854977846543,0.727191387993911,559.1552850593157,0.0,False,LOSS_OF_CONTROL,1199,119.90000000004767,1,695379.4020219799,1326.2571889727858,4484.491382152422,255.00941524555952,dry,0.9582168769800384,1.1557521713452443,2.989619031012091,0.0,0.0,3.378827301870027,1010.2778243350874,0.983725401018203,33.999999999998074,1252.3206863890746,nan,nan,169.31707260288707,298.74777858534935,-1994.983337899042,126.07588951834417,136.1619606798117,469485974,7.09512563180256e-16,2.1664208192450993,2.095607984817567,clean,162.38883951162168,11.96732445537847,17.561161851484304,10.475536028124267,35.20550023971299,32.32818993470435,11.949911143413965,0.0,0.0,-11.989999999999789,-87.42314423470475,-58.430885715362614,-13.90808940592352,0.0,-24.502711747034265,-63.01787889058767,0.0,12.086055019884697,-128.0743238542182,-115.01932176961323,-21.274978936548894,-13.540893497372178,0.0,-80.0,152702
-275.26856840854487,141.54662297403246,329.19697674631664,52.21295881712989,33.56204397973951,13.181297872123615,48.13116886899906,0.7239860467975353,1249.9988208804807,0.0,False,LOSS_OF_CONTROL,726,72.60000000001003,1,684633.3321839429,1330.3409373560478,4788.195386605816,124.10834646303398,dry,0.9909125569122702,3.07972310286136,-2.4611021325068925,0.0,0.0,-1.7927476436432146,1014.8165501329817,0.9673164096923232,32.49999999999816,1141.103987921111,61.200000000000955,nan,113.72463498658614,987.5068475201971,-5932.770024951159,123.70581919956136,133.60228473552627,485050903,4.386092797347602e-118,1.9657674711167432,3.4302665923529863,clean,72.8187256066144,10.504130470851322,11.08674784439123,9.902792099922575,17.178230138534055,25.658281261664296,39.50027390080791,0.0,0.0,-7.25999999999989,-115.74958172669382,-50.047941501652396,-25.179265164437993,-2.6115350296100144,-19.904765666181923,-38.46030539987605,0.0,18.484021769437568,-62.61452199098688,-50.52463008896543,-19.868589098174613,-8.180635834188156,0.0,-80.0,153428
-369.53918085043017,91.87310835119366,231.56263230750494,38.78238060973078,23.063781259783152,5.157347911846581,35.90124938123684,0.7145754337370942,1311.200601891575,0.0,False,LOSS_OF_CONTROL,991,99.10000000003112,1,746348.2627635698,1325.0897166448053,4600.413750492642,270.37857697121507,dry,0.9905524594054455,5.081761764058968,3.732853106608786,0.0,0.0,-0.3559574944257333,1015.7964416046934,0.9661595463993325,36.89999999999791,1340.1900838427844,83.40000000001862,nan,158.57627028239864,887.5804131214779,-6291.725100111748,129.42229791944658,139.7760817530023,269386935,8.569539425101932e-55,1.5933811852149018,2.7174943717187507,clean,121.28682999607899,10.959837226045948,15.403814170311106,11.451370892406223,26.802868569871272,29.719424298188372,35.50321652485915,0.0,0.0,-9.909999999999833,-186.81494564588974,-38.82453841251218,-24.994109366128388,0.0,-31.002198793492028,-51.11942040580155,0.0,18.28406354570246,-96.16388308236982,-78.15662359526907,-30.113955504292196,-11.850931268137707,0.0,-80.0,154419
-92.36276244828713,20.988720620477483,45.6222293476291,9.348358853331,3.27611348889726,2.635335781515943,9.008884404236861,0.7913709067407171,158.7704235073868,0.0,False,UNSTABLE_AFTER_LIFTOFF,651,65.10000000000406,1,764564.9632206,1326.0453781326164,4243.691490448021,397.65163054719875,dry,0.970845033038046,5.936745102099179,2.842772645625135,0.0,0.0,-0.3839168583540662,1013.5670169057246,0.9874594358584229,37.99999999999785,1428.7708517644255,nan,nan,165.39792306438895,20.51901801751825,-1075.8233618858837,131.12984605766925,141.6202337422828,267479193,0.003121676033285783,0.42313297046690446,1.9390646654027222,clean,72.49948831010303,11.206486275796077,13.19990775017574,12.004043903764877,9.200080101854955,6.448118988965343,0.8207607207007307,0.0,0.0,-6.509999999999906,-31.86474244757571,-1.7257543486914628,-1.1023862284386454,0.0,-7.477974580775505,-38.09020569544292,0.0,13.479083007139826,-38.87171624897304,-23.72098083353983,-10.222227818824459,-1.6347433045259743,0.0,-70.0,155070
-183.11033157065916,32.189003995205056,101.44286625411874,17.404692451331563,12.639900117520288,3.8948839110610503,17.76626213862261,0.7199861161886933,3350.3250537589065,0.25925925925925924,False,UNCLEAN_TAKEOFF,1544,154.40000000001643,1,701103.2026124587,1322.7050141698373,4670.72463581906,164.85980989980825,dry,0.9950464248019482,3.3602392892747996,-1.9483567228489327,0.0,0.0,3.1618068552674705,1010.0246054803298,0.9018331792812836,34.99999999999802,1216.156611089653,108.60000000003868,nan,151.21716285946303,3350.3250537589065,3933.9594777965876,126.56243714099627,136.68743211227599,1671748609,1.3307374189775245e-09,1.0250863877417105,2.0845080796938715,clean,235.79233814052904,15.160542629395755,20.847023795976703,10.615555722537664,31.08139682262539,78.6374591322447,40.00000000000001,11.899999999999974,0.0,-15.439999999999715,-115.42426421407973,-29.498117188725494,-15.125240891299773,0.0,-40.62870362159572,-80.1632773851382,0.0,23.795869243744338,-156.81173938268338,-119.92001266774739,-31.106343276875336,-16.82281842956402,0.0,-30.0,156614
-273.47171942174555,29.644404247455995,150.73615292435213,12.38372395708695,12.723785113488576,11.49098996270317,24.80145572745966,0.7309501325730046,332.5263360126051,0.0,False,CRASH,1515,151.50000000001907,1,711096.0740609879,1330.7767314678224,4265.91668160306,158.4239682778696,dry,0.9762747072476677,0.4262142448573174,-1.1529468085511536,0.0,0.0,4.965564064025851,1013.1232472926873,0.9949265418639853,33.39999999999811,1169.6288210232296,nan,nan,130.13447680599543,5.856679565677439,-1187.6554439042673,127.65952583294758,137.8722878995834,619185585,9.681019152259289e-15,0.732473895745768,1.2502319816080203,clean,189.55577873284201,13.791655510680656,19.999443174213507,10.860118324933476,39.88001411933247,24.26989179897185,0.2342671826270863,0.0,0.0,-15.149999999999721,-86.42322651045663,-10.189726216497114,-15.702056950607876,-0.7434502321504598,-32.11237068820404,-79.73312790759877,0.0,21.422397867228764,-139.12990153315326,-97.85525130659713,-8.514306066580794,-7.931868720727114,0.0,-100.0,158129
-579.5676293212277,67.36800855645188,405.8519656228785,51.357331356535695,25.249065453525283,13.201717060513412,61.995462864699064,0.6818598109058801,1173.9416167437985,0.0,False,ENVELOPE_VIOLATION,1730,172.99999999999952,1,692912.1997627934,1331.1674425185672,4606.7140753767235,49.96500272397403,dry,0.9789146326100251,4.525184649660664,-0.03430939601325367,0.0,0.0,4.397234250189589,1015.4217899609393,0.993312007789058,31.7999999999982,1085.6097734296875,134.1000000000349,nan,163.40231539063643,170.06407339870034,-5408.307415355162,125.75192735749049,135.81208154608973,1722230529,2.8175216777787956e-99,2.406563581931175,2.2088157991503836,clean,210.845577705166,18.336046679081228,27.8618334162658,10.286083204600624,59.41257107670812,50.701000582334096,6.802562935948054,0.0,0.0,-17.299999999999905,-148.0580998537994,-168.93825025709066,-42.16298025887439,-9.135743926907777,-49.518166850195364,-83.62744850724152,0.0,21.606334154081644,-172.83448338503732,-171.24833485313314,-35.252721173652965,-37.343410009477616,0.0,-50.0,159859
-394.8606789426702,28.470345569041196,80.01488644455554,59.52155517253422,19.435836835777287,13.336254892075772,31.06015961480829,0.7207714971047001,922.4709499969706,0.0,False,CRASH,1726,172.59999999999988,1,675770.5492848324,1323.4073500188124,4564.531636539409,37.44681006730338,dry,0.9933777703417096,5.618022621245377,2.9676120057409556,0.0,0.0,0.5585220344194175,1013.5734455777659,0.9975673565603205,31.499999999998217,1099.3236473457464,nan,nan,133.7988599707655,32.976530473200334,-5034.544907028637,123.48170212890716,133.36023829921973,1258689696,5.856429117412929e-12,2.064895035432772,2.529558369588121,clean,217.46962483601092,16.172400390963986,26.08886087768763,9.710945552513104,58.47468853887335,39.90294522111377,1.3190612189280135,0.0,0.0,-17.2599999999999,-131.15467328764757,-50.6985596081013,-24.829743101268072,-4.187729142148759,-53.948061818446455,-91.16883001435171,0.0,14.399849341294278,-175.93838239986485,-107.28512402427705,-9.820057737831085,-12.107893786114953,0.0,-100.0,161585
-368.29818053168424,38.435652022927755,128.83615252810884,37.12239974734173,14.398553272951464,6.303440466650007,19.804086972265047,0.7708687974524252,736.3223845631601,0.0,False,CRASH,1233,123.30000000004473,1,724572.4534496816,1322.3439315682608,4486.740344773173,371.87747473200506,dry,0.9807645859386004,2.300878468605961,-2.0935427234552004,0.0,0.0,1.7362509831739672,1010.4599871590359,0.9881759117246836,36.799999999997915,1397.871501913816,nan,nan,218.76597459223944,23.836941314342823,-3188.2505152337517,128.32047106925864,138.58610875479934,1843405230,1.1021241006345423e-15,1.5146855151010539,2.5677908590091274,clean,166.74813040605582,6.4004335167156485,21.765401568081938,11.53357705820524,40.51254394897572,32.51257320226902,0.953477652573736,0.0,0.0,-12.329999999999782,-98.6577346668585,-67.02317772021003,-11.784551544032926,0.0,-27.165674253507543,-69.86256977748957,0.0,4.106068444576591,-122.99743050668201,-100.38254292802226,-24.440984849905004,-18.18572008242717,0.0,-100.0,162818
-458.5882452802797,70.28434450155561,403.147017516282,52.77119075870673,14.389181985299063,7.333460870485593,36.38999816699339,0.7587187846226677,1101.0859641150817,0.0,False,ENVELOPE_VIOLATION,1445,144.50000000002544,1,711331.8175094455,1327.8657207706872,4217.5238056884045,244.31850199403948,dry,0.9717707042606651,2.7176203289705843,-1.3077259439441171,0.0,0.0,-2.23835029870943,1015.6305626558776,0.9705569867947054,34.19999999999806,1185.2926036739266,113.10000000004226,nan,166.23998173045268,752.990390690564,956.114594234962,125.94616549579173,136.02185873545508,1189900291,1.6357885613010003e-101,3.1962566954490654,2.1699047256043897,clean,201.60530897019206,9.443611235547555,19.595920034115245,10.7354793822735,52.764984647217126,51.245490358360804,30.119615627622522,0.0,0.0,-14.449999999999736,-165.21961863428558,-102.75560393662217,-37.14576290179393,0.0,-29.309970002989424,-80.53064975904483,0.0,11.21854031769148,-166.66607574839907,-147.52755046056578,-24.279838606471674,-27.432125803123174,0.0,-50.0,164263
-392.9074832689656,169.46053163962674,400.3582321318781,29.17341853241481,18.21328588834198,6.873549219833529,35.58312046270549,0.753557893130383,1715.7159394811868,0.0,False,ENVELOPE_VIOLATION,1103,110.30000000004003,1,680405.4686108314,1323.4673068640352,4258.1430378246205,433.56581014268477,dry,0.9530543331193161,2.4141208604961157,-0.6359939873918581,0.0,0.0,0.18641792397180357,1014.9138968811661,0.9794906270483632,32.399999999998165,1111.3286103829178,74.10000000001122,nan,238.01106609357993,260.3918597589665,-1326.6219280330754,123.74277034474547,133.64219197232512,1641032421,2.246197753943911e-167,2.018831620086623,2.215661670776403,clean,144.78093048389937,6.010761830998241,18.28067536906161,10.051867378262953,26.032491004202242,42.34310027351436,10.41567439035863,0.0,0.0,-11.02999999999981,-180.34258181527977,-64.09933735606958,-30.3620909540438,0.0,-15.81765645607276,-60.9551811011939,0.0,3.911502168706146,-119.56354824584919,-93.40463785651104,-21.46107330636128,-7.698379076586448,0.0,-50.0,165366
-498.9980198481961,80.432876704212,402.697596614044,44.531304693960166,23.727007579953494,7.563254203437061,34.981647895012856,0.7443603939833342,1160.3507103397787,0.0,False,ENVELOPE_VIOLATION,1313,131.30000000003744,1,692710.8909068702,1326.6252006046861,4249.860313503239,242.8421676497477,dry,0.9615780036401027,0.240473927730684,-0.9764554234089662,0.0,0.0,3.7099304490885654,1010.8519395309893,0.9670069547897416,33.39999999999811,1173.4566402124854,120.50000000004728,nan,155.9113629027182,901.1905386608342,-4442.467106703922,125.86942783462396,135.9389820613939,1738840649,5.599669349175877e-102,1.7529781354062774,2.636477587996039,clean,172.13130570601058,8.978575315240201,22.246933791309804,10.718237780000159,40.726811513240236,43.130953226527474,36.04762154643338,0.0,0.0,-13.129999999999765,-210.76007286107534,-96.61549446595532,-25.34892659306464,0.0,-37.42780272893696,-71.21059487590179,0.0,17.72188225370285,-152.8120442392696,-135.33852569294265,-36.4289806578175,-21.627898865695094,0.0,-50.0,166679
-661.733109901908,71.81978911043562,237.32385879173884,35.75257076570142,21.524218868711507,7.98038278291983,21.871213417756493,0.7200966143956782,1143.9740794282682,0.0,False,CRASH,1641,164.1000000000076,1,713768.2888696471,1330.8346090251114,4592.023320167406,37.73055964231459,dry,0.9612147628534352,5.623353612678925,-1.6587466265746702,0.0,0.0,2.863028577643549,1010.0461998883072,0.9981766017814232,34.99999999999802,1238.40769222752,140.20000000002935,nan,206.11163370619522,12.73820386562064,-5237.77472103517,127.6335969636099,137.8442847206987,131069158,9.87696969479957e-47,2.082061723275968,2.9444585191545762,clean,224.67556578516633,9.145075964738405,22.567728766093484,11.423218538701311,37.208314117379146,48.80459832776831,0.5095281546248039,0.0,0.0,-16.409999999999766,-192.1010984186774,-119.03677436252514,-22.193150358016123,0.0,-57.93929817440047,-85.67102976669253,0.0,8.13106788529694,-195.1131669980107,-161.71472651451168,-42.76600447705782,-31.252958371780206,0.0,-100.0,168320
-294.2005367903372,49.28066060846194,168.98452362585724,19.79516222655695,15.073725820945539,6.919221986637116,14.910290145154832,0.7799763987850712,915.809610311911,0.0,False,CRASH,1328,132.80000000003608,1,672127.5141669649,1326.0766486818143,4772.941883317055,220.67000337126942,dry,0.9953606140963359,1.347782761184268,-2.8358106430026075,0.0,0.0,1.5522343176593454,1010.1770385311439,0.9930895996206494,31.899999999998194,1096.8424937480809,nan,nan,192.03940958276365,4.527248082208416,-2049.2452052410185,123.56736912250379,133.4527586523041,1203612941,8.210902381925324e-23,1.1316260220332586,1.443067068943064,clean,175.06450120859012,14.052401850682662,21.439934998824068,9.9458271309356,38.04403856571906,36.23710886834522,0.18108992328836937,0.0,0.0,-13.279999999999761,-94.51253224151017,-39.0111259336177,-4.645686354187575,0.0,-20.879448468556703,-76.18158010346436,0.0,23.148627711115243,-139.15850987092446,-103.428104343371,-10.616578904297361,-10.600500827904957,0.0,-100.0,169648
-338.6790077023294,29.492275591181304,107.50633976131724,60.616866017834994,13.776250083431096,7.041727713441292,30.398939024395943,0.7601057845706833,924.691387760385,0.0,False,LOSS_OF_CONTROL,1532,153.20000000001752,1,731928.5648892754,1322.7675288596754,4292.625126227729,291.80574671884085,dry,0.9864088421630243,1.6945699257238092,-0.2358888919128681,0.0,0.0,4.755327770423589,1013.7613433652662,0.9881533523214447,39.29999999999777,1478.3208551578632,nan,nan,176.56267318439845,109.58729901484571,1781.462689731083,129.4287949866045,139.78309858553285,976358674,6.712514435732628e-15,2.1369981326121867,1.4447932831352825,clean,207.18626222206157,10.431798101138995,25.01204861643058,12.620232283664125,58.86673074235873,46.469068378824154,4.383491960593814,0.0,0.0,-15.319999999999718,-117.94716655700499,-31.77103479702882,-13.331760196059367,0.0,-24.52073019557066,-84.90498958029244,0.0,13.085872088255577,-187.03465845260837,-134.696564612005,-13.337589438772543,-13.8700182663105,0.0,-80.0,171180
-419.71159849259044,34.68469544413034,155.06708891656072,54.125502603315006,20.809764980847223,7.454113096925898,41.30543646747431,0.7767128832976117,882.597760005363,0.0,False,TIMEOUT,1801,180.09999999999306,1,711834.8728893442,1329.8996905016165,4654.877625515178,364.366597404923,dry,0.9996099198860406,2.4279020796458033,-2.361593037492985,0.0,0.0,2.2644473609971465,1014.2014856055016,0.9662714298504573,38.399999999997824,1430.198225110815,nan,nan,123.68992192270485,800.2739520980882,-599.397786931685,127.06835420895793,137.23382254567457,619379841,3.497093760693825e-21,2.1694492299100236,2.2195663499073737,clean,246.91169087309905,26.914081703578233,25.456346605373383,12.487909957889807,56.58192701581263,51.56680898406291,32.01095808392351,0.0,0.0,-18.010000000000016,-152.87775489463843,-153.74334334755576,-21.523715861417152,0.0,-50.53145221842352,-103.06198907944338,0.0,37.80420926981238,-188.90580081139876,-147.2341419629165,-35.63509159517114,-27.922241215173788,0.0,-10.0,172981
-161.1781724910753,13.240357215798658,31.805341350782555,18.75591146605305,14.04462864233064,8.080705071030735,13.020998524959742,0.7666566344824707,391.20002952980167,0.0,False,CRASH,902,90.20000000002403,1,704088.9868399556,1331.8916420912822,4280.965587138042,201.52039569182517,dry,0.976638433201076,4.849373805471496,-2.0912700927178682,0.0,0.0,-0.11212096896952684,1010.1026538011866,0.9935497910295156,34.79999999999803,1198.943798863782,nan,nan,152.5045616502349,6.756098399217933,-1508.7700497558076,126.11205684209921,136.20102138946714,971614501,0.020994404749435692,0.8016552622262796,1.4097391741194922,clean,104.89173905542464,12.625926510383552,17.884385827700864,11.336827503154712,25.71585386254437,16.09943225414456,0.2702439359687143,0.0,0.0,-9.019999999999852,-17.569663044462253,-14.44636067740845,-2.524711688119559,0.0,-16.2752765812803,-50.64127454430999,0.0,22.260874459447265,-87.15554996168702,-59.58927422822434,-7.373930469699687,-7.6674147046508985,0.0,-100.0,173883
-42.02265315220151,5.2319350265815645,14.943086180773275,10.282369366335557,14.784267600482053,8.196636769330837,6.991809942552546,0.7881495663530255,169.77232184842353,0.0,False,UNSTABLE_AFTER_LIFTOFF,755,75.50000000001234,1,713287.125218305,1328.4273355283833,4364.108860924246,343.19373464986336,dry,0.9772307929170705,7.178271992858127,1.3088871697489606,0.0,0.0,-1.208807776526541,1011.2417913492037,0.9890328111028636,38.199999999997836,1422.7561744433501,nan,nan,161.46817246848659,19.343724360261035,-780.618179070692,126.61988779200914,136.74947881536988,886688143,0.4191708314433599,0.40860883495136624,1.3156292643369738,clean,83.12878906065143,14.772954240531748,15.88219837320069,12.081257896921693,19.084669320120796,10.046067838277766,0.7737489744104483,0.0,0.0,-7.5499999999998835,-2.2963026458211266,-2.1678748592882604,-0.5188482838599058,0.0,-4.250534898943788,-44.000728616369734,0.0,14.86499993875727,-44.33524969448224,-27.13547344904899,-5.874411673114483,-4.527914674144604,0.0,-70.0,174638
-181.40241490619348,11.386712236355581,39.739631351243425,18.33362249591965,21.81710248238609,9.11905000331216,19.652881837591636,0.7690462593095362,400.67316647923815,0.0,False,CRASH,1006,100.60000000003231,1,684123.0996522887,1324.4479582387653,4248.179662555155,334.54737700761484,dry,0.976782950274058,5.948922590702469,0.3208650296470701,0.0,0.0,0.5039117702298306,1015.3480323442178,0.9887545247496502,36.799999999997915,1349.3437644788792,nan,nan,132.92015735751238,39.554350847175215,-4986.049493345176,124.12211650724501,134.05188582782463,1056188272,0.012533897509193651,0.9401636385748291,1.5460165461657578,clean,111.6614317593411,13.517283776458576,16.176178479362203,11.640113068352132,29.80112332711523,22.77846828874432,1.582174033887005,0.0,0.0,-10.05999999999983,-14.492795427432373,-9.752016663013368,-8.980817663730122,0.0,-28.73016838669068,-56.748085425440834,0.0,17.32125880427422,-88.47796816132096,-73.14507849703224,-11.400392551103128,-4.093123667962816,0.0,-100.0,175644
-108.4067929852105,10.931923521990608,27.466252116838504,15.211628776226846,16.336480413983345,9.081475888004693,6.91168431472901,0.7739196704928699,305.28097376658945,0.0,False,UNSTABLE_AFTER_LIFTOFF,822,82.20000000001767,1,673693.8410756097,1326.4997207688568,4675.538009094263,182.8895469832027,dry,0.9764159482682461,7.778126883243969,-0.4778065916738172,0.0,0.0,-2.7317985028539793,1015.6735642323763,0.9940810343723733,37.499999999997875,1323.5675268479163,nan,nan,129.84840260396305,5.328759113221935,-107.07732006302919,122.46044517766923,132.25728079188278,1756901406,0.06065971405169709,0.7455637497116961,0.9049890037844802,clean,85.5820362695151,11.093147775369443,16.10601978940873,11.757731949626512,16.329130937925203,12.132910011807752,0.21315036452886787,0.0,0.0,-8.21999999999987,-10.914968272679532,-6.396994515924871,-0.4779116027319536,0.0,-3.369108207350448,-46.62052734880129,0.0,13.099028051409716,-71.05845216316932,-50.76818341063518,-2.376836142992966,-4.5169664705150865,0.0,-70.0,176466
-78.25900383099643,5.669411135736422,16.946315747804128,12.536181329026368,13.998651065305909,8.894013702132103,12.228438307018623,0.8035861945414906,171.1288746731121,0.0,False,CRASH,696,69.60000000000764,1,735081.5381102328,1331.700322528853,4510.978380266485,211.01155942907766,dry,0.9727410104758676,1.9488703128131633,-2.144023115149659,0.0,0.0,-2.6914716408111072,1012.4608033846971,0.9933234067218198,40.99999999999768,1510.8511205750247,nan,nan,129.7238987959763,3.513103933292257,-902.0974355483738,128.13003557519852,138.38043842121442,1772735651,0.22992624561957195,0.7313077095100236,0.7485480182871386,clean,68.9475286776843,13.600646552940796,14.970982793512613,13.231564928575562,7.3429930135981785,6.903908599071851,0.14052415733169538,0.0,0.0,-6.959999999999896,-2.4856652164116073,-2.1497049770113277,-1.7020475341961583,0.0,-6.163219782816116,-41.55287395503917,0.0,23.543343213739636,-42.180768817268316,-20.780668734636436,-1.2338590388795336,-1.7316877111919904,0.0,-100.0,177162
-124.2802875353672,13.278487600811134,34.28742230833821,13.22576430677617,12.165712908348999,7.707845357720486,8.709654389599448,0.7715740000784506,218.822181602258,0.0,False,CRASH,724,72.40000000000987,1,765173.3902517327,1325.7599899199877,4340.603742763077,383.04239906225905,dry,0.969311138303741,3.6136968331853394,-3.626308710070271,0.0,0.0,-0.6195325882397311,1012.5718260855705,0.9883423480816169,49.999999999997165,2072.1228767341804,nan,nan,130.31168810000102,3.949121238823352,-1144.0814624931934,131.19271868165157,141.68813617618372,1345412382,0.027529610565707126,0.7902570729524877,0.6643035733587723,clean,71.65751408780348,10.010606227336101,15.27166866052219,14.952002191694097,10.741669417616366,8.136987819168027,0.15796484955292894,0.0,0.0,-7.23999999999989,-14.18382229628709,-4.697545892969257,-0.9189304303066989,0.0,-1.3003070740051974,-41.218726323018785,0.0,7.542579815223791,-58.5627551755642,-31.820132510493675,-1.0293479329860757,-1.779712968652791,0.0,-100.0,177886
-209.33657317989707,61.15616852271807,203.45577734035894,39.80627230100236,33.63158333944845,7.639000255364189,28.888345735697467,0.7417192103041244,1054.9219631017877,0.0,False,LOSS_OF_CONTROL,890,89.00000000002308,1,687999.6059649761,1324.61165906153,4707.716300660661,301.65980631164706,dry,0.9870632222821875,6.4523229827581305,1.8885138116448488,0.0,0.0,4.106145579310895,1015.5058284044111,0.9610925260012136,44.29999999999749,1727.5555813072365,88.00000000002228,nan,97.03900034061552,1054.9219631017877,2276.5738556828296,125.23781960441241,135.25684517276542,1525331520,1.5538340693964304e-34,1.3854414477524768,1.560558336241747,clean,109.8419578507539,9.262960034169618,14.759405967900877,12.605532883185912,13.773634288224372,21.462646422087072,40.000000000000014,0.0,0.0,-8.899999999999855,-83.80024877506776,-31.786113885598855,-7.666747119571977,0.0,-19.03317696295746,-48.635378716528535,0.0,15.324289210842702,-83.16714177290817,-60.74239591044982,-10.289984795521757,-12.345811898455798,0.0,-80.0,178776
-118.16344071131628,11.617715451007818,27.128880013228045,10.027217565425108,9.340675275453037,9.441480192075792,10.950910003788236,0.7910850587494531,127.80040155699339,0.0,False,CRASH,951,95.10000000002793,1,670622.3853338859,1330.5578852475662,4794.086117125975,94.65590314058325,dry,0.9995998312502458,7.826579161536255,1.4296182040351435,0.0,0.0,-2.500667625609358,1012.9438728055785,0.9966969831204171,40.89999999999768,1486.5790306169508,nan,nan,133.89270849057706,4.391620728167354,-1305.1438682853059,122.39501390861842,132.18661502130792,2059603553,0.09260248528048291,0.6107573431965265,1.0893905281517118,clean,103.59286659600531,10.993079126120444,18.814346690327113,13.054571590943441,37.1839362252123,10.199947850300747,0.17566482912669318,0.0,0.0,-9.509999999999842,-14.261968666428569,-3.888352699544191,-2.4264872766675816,0.0,-11.501485663287736,-55.690717399286434,0.0,18.199229277643425,-81.18585379233276,-45.7503384851513,-4.316340022096238,-1.8455388921995652,0.0,-100.0,179727
-69.21043381901501,13.325721700053307,21.95741158257277,0.9573337236055055,-1.2658689179489286,-1.2739931479060411,2.4034640581556643,0.8002644697443844,1.5720505699480327,0.0,False,INSUFFICIENT_RUNWAY,938,93.8000000000269,1,749084.8835619013,1327.82053767,4265.6761699358285,325.17322541193266,dry,0.9812334674213395,7.879432824307812,-2.1818313323326124,0.0,0.0,4.503209894849936,1011.7094861510086,0.9902707295748207,nan,nan,nan,nan,116.17559234466822,1.5720505699480327,1.0382985270942235,131.01319525069374,141.49425087074926,1367752506,0.16161137116453805,0.22674460319422507,0.3789171514803184,clean,84.67286939826668,7.186964223148737,24.35678571324474,14.678670847300962,0.0,0.0,0.06288202279792128,0.0,0.0,-9.379999999999844,-18.507246397775624,0.0,0.0,0.0,0.0,-56.04164007950681,0.0,9.95249269997475,-61.14641041728967,-14.942789303494628,-0.1030125256821092,0.0,0.0,-50.0,180665
-71.62316613815665,16.493974539122682,28.46875941572103,9.545511793064156,5.052675236435335,3.83312400027189,3.5313638549940167,0.8187541468158798,24.910259923218945,0.0,False,UNSTABLE_AFTER_LIFTOFF,622,62.20000000000175,1,767281.4279399475,1326.3195543175077,4307.813696866927,28.612154331726146,dry,0.9789166368601635,7.734547390204603,0.5588586693980293,0.0,0.0,4.711358543363989,1010.0506020422068,0.9985308010832711,57.89999999999833,2503.2851615955765,nan,nan,148.82911472631096,10.494116104243105,-995.4111807197419,132.75093870164193,143.3710137977733,793289931,0.04286158607624229,0.36362118164945145,0.5424547684182902,clean,56.16647452137976,6.457902756003541,15.207165168655363,15.49235710508891,4.549996590727909,0.8084619687648998,0.41976464416972387,0.0,0.0,-6.219999999999912,-18.80176044138613,-1.2458636498496698,-0.0008626865541829529,0.0,-0.002892710322472962,-38.05749780126663,0.0,11.038130895973842,-29.460177874818026,-17.22373742996689,-0.46871424916252613,-0.2819129455939112,0.0,-70.0,181287
-128.27131000939994,15.474970006313926,29.501176831542097,15.970638282184892,10.438712474377033,5.351814817215765,11.880172482479527,0.8001513380329517,173.46987514770558,0.0,False,UNSTABLE_AFTER_LIFTOFF,676,67.60000000000605,1,687640.660058015,1323.4367172162047,4385.975063627821,494.79805553022595,dry,0.9590051178643235,4.038651015199092,-0.2801404517769308,0.0,0.0,1.9372322620932056,1014.4349371372401,0.9852428512225893,45.29999999999743,1888.7092023871664,nan,nan,154.22940048053155,3.3739768455223498,-607.0890737724606,124.8055129941908,134.78995403372608,176283768,0.020945875913086748,0.7733821610596743,1.2534570209367362,clean,69.40205604493957,8.210125782572478,13.699348058064485,12.410288124960116,12.996751065427183,6.418117401112281,0.13495907382089364,0.0,0.0,-6.7599999999999,-17.98721055185661,-8.356805824443661,-2.2389425943215584,0.0,-16.417404880192237,-40.217087097878135,0.0,14.889735180891122,-54.34721870960895,-40.93672684647711,-4.84819740412101,-4.323096832288143,0.0,-70.0,181963
-37.93086955790619,11.50428121024085,26.43348876053882,0.9652878399836999,-0.9750928279636821,-0.9727700652507495,2.5614539876510176,0.8116222293111445,1.6672132279893503,0.0,False,INSUFFICIENT_RUNWAY,922,92.20000000002563,1,697052.1527668576,1331.597262789075,4405.629064604148,292.13360980081245,dry,0.9609718974753685,5.964919085295678,-2.52066836537765,0.0,0.0,3.414013590214444,1014.166037334945,0.9911757613455118,nan,nan,nan,nan,119.04408163284602,1.6628950455062181,0.5577619503391684,125.99283616587164,136.07226305914136,1186724181,0.1750013382667173,0.212554879456194,0.4524926291348508,clean,87.59703203664839,11.435481350222664,24.19140226805685,13.41128163306422,0.0,0.0,0.06651580182024876,0.0,0.0,-9.219999999999848,-13.558367138165009,0.0,0.0,0.0,0.0,-55.99478443099667,0.0,18.151636510725282,-50.924789999443526,-12.824613576661392,-0.2616640131766326,0.0,0.0,-50.0,182885
-67.3078689895281,11.137176921815005,30.05162517416444,0.9617319588099383,-1.0672256891660303,-1.0985650992485498,3.197721508261112,0.8257282491152483,1.6859716181185433,0.0,False,RUNWAY_EXCURSION,384,38.399999999997824,1,732499.8510875154,1331.1433991878062,4595.166204541472,242.69208546336208,dry,0.9526654000826424,3.1080438010750964,-0.23301793037751972,0.0,0.0,2.9418261920222886,1011.3890250231059,0.9925926297904741,nan,nan,nan,nan,126.41954685506168,1.6859716181185433,7.363706152433043,129.22913715180587,139.56746812395036,497074429,0.14091279539934154,0.3041234151169556,0.5324743774583962,clean,24.884049015673263,5.385788043143005,8.051943962768155,12.374496031864442,0.0,0.0,0.06743886472474173,0.0,0.0,-3.839999999999962,-5.2922329509465085,0.0,-0.00014699594637802442,0.0,0.0,-23.8565909067716,0.0,9.592168115128631,-25.071343061998874,-9.350721347817158,-0.25271775934980484,0.0,0.0,-60.0,183269
-51.61577413049177,10.475505275432797,30.084529123234,1.0891032694050187,-0.3576728860304033,-0.46060382375998465,2.588158082864325,0.8203615893402864,2.3012953862606196,0.0,False,RUNWAY_EXCURSION,384,38.399999999997824,1,721226.0578337002,1323.1880215770368,4545.368496372723,344.62044383221814,dry,0.950108737976943,7.876525964472806,0.873336206689578,0.0,0.0,0.5140378125690734,1014.6532791226766,0.9895419022050254,nan,nan,nan,nan,140.01107193250402,2.3012953862606196,27.29170890795082,127.48937772991835,137.68852794831182,1275442510,0.16504958314133,0.1756238829721861,0.3390339099752887,clean,26.35780638612427,6.670936735096025,7.942484717255105,12.837590156219965,0.5600590103048593,0.0,0.0920518154504248,0.0,0.0,-3.839999999999962,-4.682078326426467,0.0,0.0,0.0,0.0,-23.59904122271496,0.0,13.801516098654698,-24.24961157110148,-3.464487773998172,-0.0430001553560784,0.0,0.0,-60.0,183653
-60.53063745407966,10.829620180057514,30.120839824818223,1.206624681318969,-1.0841556000590253,-1.1070868017728066,3.748982443804515,0.8172910540318035,1.8886962168675154,0.0,False,RUNWAY_EXCURSION,386,38.59999999999781,1,754072.2268661018,1324.2015354776659,4426.897836004225,419.5056448047435,dry,0.9506337662554443,4.522798376354982,2.958468589178543,0.0,0.0,-2.2252698312288617,1012.3968848822319,0.9872684820187364,nan,nan,nan,nan,129.50962232972736,1.8886962168675154,4.371841786134922,129.8846175463576,140.2753869500662,55205953,0.15112258816935478,0.2519974974824758,0.3929550357989545,clean,25.17521487457901,6.331310167383275,7.777810801326719,12.820480790545538,0.0,0.0,0.0755478486747006,0.0,0.0,-3.8599999999999617,-5.030037763589246,0.0,-0.002945012207033025,0.0,0.0,-23.618919151110504,0.0,9.264188211734341,-23.238268124235823,-6.1106865540617274,-0.11433354311891253,0.0,0.0,-60.0,184039
-60.803353949763526,9.820987716696338,30.163093037842227,0.8548364334208461,-1.3095579473757712,-1.3383733694985234,5.672812174370581,0.8436767475112623,1.7069534032957563,0.0,False,RUNWAY_EXCURSION,368,36.799999999997915,1,715040.5203148227,1322.688590257621,4253.994976843717,364.2204222663935,dry,0.9814369787663267,4.800468845167415,-0.1401539687203579,0.0,0.0,-1.0436135520521193,1013.3254432298626,0.9889330519320733,nan,nan,nan,nan,122.8684944138287,1.7069534032957563,1.5013009886446227,126.68146198470913,136.81597894348587,1821691497,0.17384659596892957,0.2589373454410129,0.42727759536102305,clean,24.298696546748808,5.779161729054732,7.474190867279222,11.439475219686424,0.0,0.0,0.0682781361318302,0.0,0.0,-3.6799999999999655,-3.943806922354682,0.0,-0.03420063297687338,0.0,0.0,-23.56403275118306,0.0,8.429696157155721,-20.667528724938027,-6.259527588410566,-0.14375598595698996,0.0,0.0,-60.0,184407
-55.63687053749517,9.750998041205246,30.313163126501063,1.0274159377986236,-1.1832737317536084,-1.213943578089024,5.589486778820731,0.8526292509965964,1.9367218835968174,0.0,False,RUNWAY_EXCURSION,429,42.89999999999757,1,762731.5088289472,1328.5160643891052,4507.5612795584075,330.26477005743624,dry,0.9515585428050186,7.738399085744368,-2.962387800156162,0.0,0.0,-2.043919034253891,1010.1897926269878,0.9898936483271822,nan,nan,nan,nan,130.19376731485247,1.9367218835968174,1.29661060076117,130.81233182168228,141.27731836741688,2028429921,0.17287556989677982,0.26695751649243615,0.49818306058314216,clean,30.240109136705247,7.874382743261911,9.119279509888994,13.18862883160053,0.0,0.0,0.07746887534387266,0.0,0.0,-4.289999999999953,-4.532240226780387,0.0,-0.027604570669700353,0.0,-0.00012453483453499236,-27.670390544897803,0.0,16.42387626292334,-26.927494210832656,-8.901189260274931,-0.21157254892896538,0.0,0.0,-60.0,184836
-56.575461599338304,13.170826759323385,30.02401231063672,0.9090062182931915,-1.4204516504871798,-1.4427433271484327,2.745291908887583,0.8623719444828911,1.708045126759572,0.0,False,RUNWAY_EXCURSION,449,44.899999999997455,1,730716.627599728,1331.9502558666181,4470.80934481212,221.27191523281525,dry,0.9890708267766822,1.2043453747435047,1.7296987799017258,0.0,0.0,2.4253868246283954,1012.8770168389312,0.9931923967059273,nan,nan,nan,nan,125.05315963696603,1.708045126759572,1.8909783552237869,128.86243575803965,139.17143061868282,312402043,0.10469086575426671,0.22004256873761446,0.4852287103381088,clean,33.211555623379915,7.486114837888148,10.103951236997565,12.242947774902214,0.0,0.0,0.06832180507038284,0.0,0.0,-4.489999999999949,-8.654259356480543,0.0,0.0,0.0,0.0,-29.305353059255875,0.0,16.060433942632816,-26.209742990143123,-6.887918052841616,-0.20151336148809335,0.0,0.0,-60.0,185285
-274.2168702627258,30.96931641656865,79.03413851606379,18.287426903472543,11.891617760104069,5.689666585625542,12.14392975126574,0.8069210382794099,181.4357456622231,0.0,False,UNSTABLE_AFTER_LIFTOFF,954,95.40000000002817,1,719345.7988482835,1323.4044028536669,4602.239073468908,313.9696256392442,dry,0.9797077640920631,3.4147708240152763,3.8551444139559723,0.0,0.0,-1.504219838525879,1013.4255624348422,0.9902058023510901,51.99999999999705,2349.552305570456,nan,nan,166.30001803855387,7.530817233810296,-364.49612871371835,126.95403012828079,137.11035253854325,1759114057,1.9014435860054277e-07,1.019098477523314,2.0634668736422066,clean,116.8140173492927,7.786310343435389,18.025210858999895,13.193256084084906,20.00750692416447,11.962317812162988,0.30123268935240916,0.0,0.0,-9.539999999999841,-80.4733649208504,-21.831209905633756,-2.4719736377530177,0.0,-27.09589506882244,-57.280399799958154,0.0,6.2351254168673185,-99.09285478045066,-76.15474130714402,-17.91208684515988,-6.6893214753113055,0.0,-70.0,186239
-86.8964467122974,12.152791731346214,27.995926728308817,15.198859868031196,4.050500309151697,3.483105359872687,4.874488864349767,0.8613977428714563,8.791969009270929,0.0,False,UNSTABLE_AFTER_LIFTOFF,618,61.80000000000143,1,677620.4607195513,1327.2812940666045,4411.872961234924,472.4299921416363,dry,0.9655154531169494,6.110354005736439,-3.7813325665994872,0.0,0.0,1.5031478176600634,1013.9114164458163,0.985746983448578,57.89999999999833,2626.136155761217,nan,nan,140.32800976582604,6.8364774239899475,-109.61476344661045,123.83207846407501,133.73864474120103,872974300,0.07550281709700253,0.3310390722289426,0.5371598817597353,clean,57.56957136719056,9.14701802919179,14.331693302328713,13.425916092291729,5.162371853827852,0.19934108917622675,0.27345909695959786,0.0,0.0,-6.179999999999913,-10.14140381809609,-1.7024381599781762,-0.02516474367106698,0.0,-0.8204151723271719,-40.45108906741546,0.0,11.373620186017293,-51.71438524177346,-15.949092508832354,-0.44401002066715933,-0.9514389965197636,0.0,-70.0,186857
-39.05899621875453,10.886920661709276,18.907614608492374,1.2657119201000813,-0.6834317317725035,-0.6775405733313568,3.694154254352533,0.8669692333678755,2.2589778483038003,0.0,False,INSUFFICIENT_RUNWAY,912,91.20000000002483,1,741523.5915976637,1329.147834478534,4761.770670395924,357.1455102783623,dry,0.9808139228208052,4.870153920680744,-2.4994452423832083,0.0,0.0,-1.3136578214597279,1013.327176977083,0.9891360247542418,nan,nan,nan,nan,129.36171746299982,1.885143983013279,1.9728955698036188,128.9452997708978,139.26092375256962,89514544,0.274486264089335,0.26179867924775396,0.37706569382091654,clean,94.4892382278759,9.214378097732542,23.425840809967138,15.364745979359677,1.964971280306545,0.0,0.0754057593205311,0.0,0.0,-9.11999999999985,-12.010537538094392,0.0,-0.005573633230296094,0.0,0.0,-60.22449588913461,0.0,11.26081277503476,-47.91199765571204,-15.467726248033904,-0.11405818414590413,0.0,0.0,-50.0,187769
-15.15602684925014,4.533301593602464,11.918183819300019,1.0571425642751657,-1.058364345943796,-1.0618980449232913,3.871094445746814,0.8628782939051052,1.6396986031204364,0.0,False,INSUFFICIENT_RUNWAY,952,95.20000000002801,1,681021.0485612223,1329.4464956038528,4597.435137382807,66.5086195475329,dry,0.9758270382979541,1.99616422488885,0.9056453070959654,0.0,0.0,1.953771781163109,1014.0044637681531,0.9976544998555635,nan,nan,nan,nan,114.20110269354517,1.4752847855148872,1.307675223892808,124.23323919663454,134.17189833236532,1954121989,0.6863428579967236,0.27026724424870213,0.4243678253450834,clean,91.20970911656273,20.16770778824502,24.76257536634753,12.269007845992897,0.0,0.0,0.059011391420595485,0.0,0.0,-9.519999999999841,-2.1738204242564207,0.0,-0.0046891007110559865,0.0,-4.195212436076698e-06,-62.517805295982726,0.0,19.62235896144964,-39.71313384902357,-19.04519968841362,-0.27174476566829164,0.0,0.0,-50.0,188721
-117.412932452413,13.287531786713718,36.85527005314067,14.974123990685689,9.69667363234178,4.452546748645099,13.536359737524172,0.8037830175166154,172.36256404521174,0.0,False,CRASH,830,83.0000000000183,1,671427.2456043707,1323.2349605015306,4646.350993642357,19.197938774380475,dry,0.9704812178119179,0.362058831082507,-2.079880382894518,0.0,0.0,4.502147595057392,1010.7812162627906,0.9988728790448802,38.29999999999783,1427.1025392155032,nan,nan,135.67976891280796,7.40364368732018,-2073.3739741786644,124.09307424573274,134.02052018539138,2020595744,0.0260903424347188,0.591856412368764,1.2960841268164678,clean,93.70126558581437,16.176802402095536,16.17796367768863,11.406264983377197,30.64461390223954,13.378751574859821,0.2961457474928045,0.0,0.0,-8.299999999999867,-16.282617312869956,-10.540916280465689,-2.6988689607593193,0.0,-19.574707678726995,-49.53322360527716,0.0,22.004606823325304,-57.022285285102946,-46.03952282354857,-6.241713440080252,-4.9654917624743025,0.0,-100.0,189551
-25.2473256303692,10.632110223885087,24.342144121078363,1.424016086939873,-0.3507997207524055,-0.34963033337976007,3.699214376180889,0.841402877384346,2.699904675367236,0.0,False,INSUFFICIENT_RUNWAY,862,86.20000000002085,1,759303.3241902234,1322.1651554014436,4774.460700458418,401.7466887942704,dry,0.9963148458810291,6.927949367274543,-1.3088940821402542,0.0,0.0,2.3900778851610953,1011.0870673446958,0.9879830447920956,nan,nan,nan,nan,132.0759534688612,2.310431729123252,-3.1159712928083128,131.4671306776868,141.98450113190177,92485438,0.21700563796297176,0.28173100175995375,0.3805005838697722,clean,94.5624371175517,15.883368925214166,21.214236392921297,15.039608948607025,5.045424917587026,0.0,0.09241726916493014,0.0,0.0,-8.61999999999986,-10.826889317185504,0.0,-0.003822624609252712,0.0,0.0,-54.641856541716564,0.0,28.703895924085753,-59.83692804782957,-21.783405337657044,-0.07581325650259754,0.0,0.0,-50.0,190413
-54.108450453695795,7.646098096221588,30.0636327275906,1.572094270525716,-1.0854989297542494,-1.0788839454448174,5.265017615073343,0.8277719106318617,1.715914319932267,0.0,False,RUNWAY_EXCURSION,523,52.299999999997034,1,728820.3941264136,1331.738575103591,4707.520565229586,197.73504372133704,dry,0.9634843068121978,7.834180867805981,1.6558044200885864,0.0,0.0,0.9014509709245555,1015.3979175830235,0.9938340816802923,nan,nan,nan,nan,117.58564142630962,1.6848963731798676,-0.953813518487916,128.19777517984102,138.4535971942283,1274239748,0.20814746148829247,0.39126888541964383,0.8187302528146044,clean,39.7658927710407,9.121549299476682,11.540572640804527,12.853457035748058,0.0,0.0,0.06739585492719473,0.0,0.0,-5.229999999999933,-3.397339202083744,0.0,-0.0669003733398475,0.0,-0.002078530541517522,-32.41353766414356,0.0,9.77348169759254,-18.919900118725966,-15.84117315911737,-1.3598604094318405,-1.0295901583737069e-05,0.0,-60.0,190936
-18.240010580778495,6.658877474186041,30.323148505922454,2.307741189916586,-0.3358062872664913,-0.37303807840443104,7.554050542319735,0.7984716580230848,2.831608878651707,0.0,False,RUNWAY_EXCURSION,838,83.80000000001894,1,715831.1721998228,1325.7539128396397,4441.691585228004,274.8407241608607,dry,0.9506461863477488,6.367653336697627,-3.755071830013653,0.0,0.0,4.248045173746611,1015.155805148358,0.9916632521706678,nan,nan,nan,nan,139.65486929607056,2.831608878651707,30.6493916918725,127.79885760692218,138.02276621547597,1766748282,0.23555787679927964,0.32078657125027604,0.5373155024308347,clean,88.34670623980631,16.11732512803728,19.766019139935395,14.17647936038044,2.8346184721642853,0.0,0.11326435514606824,0.0,0.0,-8.379999999999866,-4.128607115910472,0.0,-0.49322750589079556,0.0,-0.2969570196742836,-49.430705050907875,0.0,18.384076154889282,-34.01495219621482,-20.722999124757106,-0.49673248738500186,-0.014318930397188828,0.0,-60.0,191774
-361.70423030551405,130.75074036004915,400.10419266178275,20.63575733125327,12.375743432480022,4.517005040891877,12.244242944486151,0.7508601508599376,416.69444953601203,0.0,False,ENVELOPE_VIOLATION,970,97.00000000002944,1,747980.3828856854,1325.593435962819,4481.55722164783,371.2064489283618,dry,0.9928678711179343,3.647710834529171,-2.2814355712898426,0.0,0.0,0.6904581811246295,1011.9243637305544,0.9768496329395256,42.099999999997614,1648.5158593612161,nan,nan,151.4308796086935,416.69444953601203,1014.7197556975696,130.04716154026573,140.450934463487,1696194208,1.6269173305335684e-130,1.0926366401149845,2.8076045457691077,clean,120.79430190833384,8.855800625844777,17.810188357934372,12.90268534271445,31.00770006553072,23.2042623941431,16.66777798144048,0.0,0.0,-9.699999999999838,-186.0616971896817,-44.00074980147386,-3.6830549299381934,0.0,-47.41850706133685,-53.346716727691835,0.0,15.626321367154556,-91.27751526714057,-76.45916924816855,-25.835621477513286,-20.790236645664784,0.0,-50.0,192744
-100.21174453122241,4.863544530140004,12.921072023235029,14.948907877052507,12.644588176611322,6.463465037057006,14.995443208709606,0.7913077806984927,177.05564097244672,0.0,False,CRASH,540,53.99999999999694,1,713332.1541762304,1323.8408652080527,4297.794665994178,384.6453697091975,dry,0.9521337139884638,5.599872787970147,0.375996528600572,0.0,0.0,4.163017300867622,1014.9396818530208,0.9884347851107451,37.89999999999785,1374.9255125582563,nan,nan,140.54508364503016,5.554525221255403,-2196.9542370404056,127.57061496360376,137.77626416069208,892030427,0.294876090351807,0.5592463908955988,1.5398274076908722,clean,49.215563256816,10.98649241174589,10.181911217519175,11.932190883044864,10.048686941549487,6.731508237696381,0.22218100885021455,0.0,0.0,-5.399999999999929,-1.4192439237992858,-6.15315633051368,-3.241170825308924,0.0,-10.984498086799789,-31.553411164034692,0.0,15.070802583124006,-25.97202154967413,-21.7965666359099,-6.32445344008026,-1.7565591154477822,0.0,-100.0,193284
-126.97761927683229,6.902962624930883,16.814331533665076,13.381316609188804,13.51548629076109,10.81203218060326,19.74494742262054,0.7520824351195214,157.2311954102376,0.0,False,CRASH,571,57.09999999999769,1,736639.569706833,1329.856337488799,4798.628090874658,86.98168029674281,dry,0.9652951917131298,7.31497200369049,-1.1752402457961355,0.0,0.0,0.9459694057100565,1013.2199850514993,0.9969746347093489,40.5999999999977,1587.4276773892207,nan,nan,116.55514316080014,4.587002341006794,-1764.9422731966754,129.0320074139439,139.3545680070594,1846657787,0.05680674617830068,1.332443939819562,2.6247231512990536,clean,51.66483692615214,11.119702168526224,10.401742964313964,12.469388951551487,4.418059332100164,6.058352656713547,0.18348009364027165,0.0,0.0,-5.709999999999923,-3.0231844337423333,-6.365165739689937,-5.760777838991329,-0.0797047380314528,-12.997257481309635,-31.595722563002248,0.0,18.79395023063831,-35.15311918470576,-25.010048721918373,-12.711104744794707,-3.681047154282523,0.0,-100.0,193855
-65.0716862063269,2.2332832323355754,4.93430932091652,13.193278975407866,10.587746740724505,5.140795280605143,16.013338984505936,0.7874995942642222,141.93217413123588,0.0,False,CRASH,548,54.79999999999689,1,765521.724571495,1323.7076165532012,4645.202773997683,50.16303799196581,dry,0.9751501941087715,5.918816561072825,3.208098612980438,0.0,0.0,0.8517402853176552,1012.5428520224278,0.9975609421149116,40.79999999999769,1552.8934405741356,nan,nan,135.13041038678335,21.219815744733644,-2892.761716663333,131.55975925558914,142.08453999603628,1781990488,0.47175164245489354,0.5044379249127864,1.8702154611201836,clean,50.100266127076914,14.823749646198236,10.732246898493534,12.639536546319226,9.904596597111645,5.4882047894604655,0.8487926297893449,0.0,0.0,-5.479999999999928,-0.3036866210795019,-3.118027550631246,-3.345938934282765,0.0,-10.683686981176946,-31.852009598150662,0.0,24.11060497915749,-16.53540009577607,-12.835470235283234,-8.179427567473846,-1.386036836079524,0.0,-100.0,194403
-113.68612593877526,11.162402594672336,28.327228640396676,19.49111110094907,10.508528446503952,5.67477588819524,11.528549439382926,0.784399831295013,258.7784118597842,0.0,False,CRASH,790,79.00000000001512,1,711756.1357002454,1323.590806499907,4417.005727597492,125.86385586260162,dry,0.9922429127244622,7.237242295438247,0.4054938145084517,0.0,0.0,1.6927918681169292,1010.888692466075,0.9955871128426819,36.49999999999793,1351.6015533676928,nan,nan,146.9191009444596,13.74823977943305,-2462.748361739864,127.14403205044731,137.3155546144831,243444659,0.042138222932814565,0.6783642748707044,1.2417066804754413,clean,92.71345620479892,13.604916868340396,14.568754331544213,10.978905629994157,24.331033199794252,12.859132671697123,0.5499295911773223,0.0,0.0,-7.899999999999876,-10.937043670175859,-12.045033404487016,-2.039503624612236,0.0,-15.828063388458657,-45.67143790335266,0.0,22.687282888665024,-61.99832959361559,-38.58869971965978,-5.428038401260917,-5.543387619163132,0.0,-100.0,195193
-148.92177129419147,15.244855972064906,44.96800385587648,17.025329992268425,11.6052497141009,6.903159976828978,15.746372080799008,0.7721692933449669,262.0466625222589,0.0,False,CRASH,840,84.0000000000191,1,736751.754587938,1327.4337005710274,4494.2744623214685,81.10175776994582,dry,0.9580183510233996,1.0948364908696586,0.8274585739086118,0.0,0.0,3.672776762129349,1010.6095561085016,0.9964601487718754,37.59999999999787,1373.396863469194,nan,nan,172.58769845707886,29.47478866281152,-2654.977126580139,129.81631265154581,140.20161766366948,21377256,0.007319966803920119,0.5759907103190334,1.9151799857803085,clean,99.81825283021496,11.784172383870601,13.993065943141815,11.962716435564856,28.122592823578426,12.843109675022118,1.1789915465124574,0.0,0.0,-8.399999999999865,-21.691192470173615,-11.391455187516307,-6.37753752851317,0.0,-32.08393982383021,-47.836588651354276,0.0,24.417641564232028,-68.3026240262696,-39.00307888542602,-13.794161720107683,-4.1617362031369645,0.0,-100.0,196033
-453.8663770403633,75.68437018716975,405.4969674485156,44.20135202640268,25.944696728478554,9.844167261449103,41.642844821051796,0.7670106964746138,552.6200474001243,0.0,False,ENVELOPE_VIOLATION,1312,131.20000000003753,1,718928.6921568977,1331.7494779646759,4540.888712101769,328.9144762828101,dry,0.9639284388545561,1.7795615164693324,-2.6830509980432464,0.0,0.0,4.845120439944451,1012.239770734179,0.9846710901991933,47.49999999999731,1840.6487706533615,nan,nan,151.51294255001926,194.6931611609951,1086.0711702102328,128.39029328340064,138.6615167460727,219536274,3.337186302171447e-101,1.9988457446787389,2.649294690569807,clean,163.55990067414712,9.195493190402118,20.204076509396643,13.009359723225236,44.13209857963413,30.728006137008077,7.787726446439789,0.0,0.0,-13.119999999999765,-197.9015408597025,-60.5475374574252,-23.466899479800297,0.0,-42.01581521327578,-74.43646038618772,0.0,11.218789756202538,-146.92679680981755,-96.11634674886996,-29.297814043267056,-19.87261705847094,0.0,-50.0,197345
-159.8825111831702,14.26466329058878,36.211321632141654,19.16320868356972,9.463664111088212,3.8392537068731056,17.090473823916906,0.7805949306488037,236.41078320353512,0.0,False,UNSTABLE_AFTER_LIFTOFF,800,80.00000000001592,1,697233.0816756608,1322.8951705099482,4268.230590853603,212.7743672251587,dry,0.9912540623411656,2.582426229317214,3.408570215454863,0.0,0.0,0.968835492038548,1015.4419970249363,0.9932724814524255,34.699999999998035,1250.590069857046,nan,nan,164.84526896817061,5.583587807107648,-105.07588137291698,125.40083030953667,135.43289673429962,783930654,0.012940871462498768,0.7478489326973354,1.5608109683801696,clean,95.32811271022763,8.657978099932981,11.733501870144995,10.761228970527133,28.684030175920363,14.034781393907274,0.22334351228430432,0.0,0.0,-7.999999999999874,-18.087166115010774,-21.231281020900887,-9.49619832969483,0.0,-36.1999449916237,-46.09136159082227,0.0,13.6324235666133,-69.48597623833741,-49.30539562543004,-9.335260770609008,-5.705326800298218,0.0,-70.0,198145
-199.88883452481423,24.889725126940203,49.303355884472936,12.375027099240688,11.400723549550383,6.507408955743878,10.526107863220004,0.7988736843508574,188.72317833552853,0.0,False,CRASH,803,80.30000000001615,1,690856.6306580756,1327.7613243175342,4547.806208929745,420.3899724584057,dry,0.9896211173608738,1.5877291418904962,-3.205265773701627,0.0,0.0,-0.6032146287674651,1011.1048058903797,0.9866288380028481,35.399999999997995,1186.2967713659455,nan,nan,161.01958931331313,24.94034007058474,-1181.728056337204,124.75297852111382,134.73321680280293,235553100,0.0004952202983385431,0.4739938350781778,1.1926797494113237,clean,88.43649476635453,8.445068544699705,12.411409764701975,10.703172615023238,24.431227467655408,8.645879541681836,0.9976136028233903,0.0,0.0,-8.029999999999873,-55.27302541848829,-6.029280734667147,-2.3445126205606845,0.0,-20.28570133752591,-47.37917374429146,0.0,8.058765814860132,-72.01552907878569,-44.674424580686406,-4.686324255964253,-1.300494871643594,0.0,-100.0,198948
-169.48972050160967,12.257269523591464,28.987180894028796,19.353544441462606,11.544990264225985,6.994486665029169,11.063591181108722,0.7779559641008308,209.38637601347614,0.0,False,CRASH,744,74.40000000001146,1,693633.890485182,1330.0130191280396,4305.274812630369,394.5846781009261,dry,0.9659224306132302,6.192919533341569,-2.1444996681373207,0.0,0.0,-1.876145375604712,1014.1193048917504,0.9878906257520945,42.89999999999757,1506.4484679747814,nan,nan,139.50858360535935,5.4864025542261174,-1827.08053132184,124.54097379811827,134.50425170196775,168856718,0.029320585315625525,0.7849266437449803,1.2317330708298193,clean,73.97114234031135,9.031711461112288,13.543638811163765,11.130762839669911,21.57349577428158,8.767651052021787,0.2194561021690439,0.0,0.0,-7.439999999999886,-12.419894243714376,-20.533435320972355,-1.929390676651799,0.0,-25.250315208327297,-42.7562521414941,0.0,10.360086992267785,-57.69653907813879,-39.75716716846622,-5.203359912661917,-5.10131212417976,0.0,-100.0,199692
-252.70688408115674,43.14545767424707,151.010567911408,40.56527219882141,10.847672377456034,4.425491595812648,15.136563896770747,0.7451054148945797,395.37393220011427,0.0,False,CRASH,693,69.3000000000074,1,701912.1138170057,1322.626061890831,4351.606944996524,418.05149059796787,dry,0.9722304173218416,7.6777608552567385,-3.4658743068580664,0.0,0.0,3.424615237083949,1014.498688422433,0.9866364564640407,42.2999999999976,1579.9441112268398,nan,nan,161.61166874947776,33.548974598153336,-5176.940725498282,126.412862805946,136.5258918304217,555678126,9.137985168893883e-20,1.208355376158704,1.3731088757354362,clean,71.3933976252983,7.919836457779014,10.725498994978576,11.940683032011348,14.534751467470201,13.845845203161856,1.3419589839261363,0.0,0.0,-6.929999999999897,-69.72257933706054,-41.81336090775382,-6.5828660350645665,0.0,-31.74434371593854,-37.9564855017863,0.0,10.693828380228158,-60.592206162944485,-30.76361472853124,-4.75847491966116,-4.238752917268976,0.0,-100.0,200385
-36.64944174992813,13.856908282958873,47.588758374869286,7.139603588369264,10.080332941322482,6.675464265292249,8.183548949121112,0.8443688695409143,151.96128498131577,0.0,False,UNSTABLE_AFTER_LIFTOFF,699,69.90000000000788,1,755228.1270984402,1328.2778149004776,4332.546751369207,380.4928702367736,dry,0.9688605038833894,5.450170416060455,-0.1946218998051359,0.0,0.0,-2.374691435774854,1011.7527130372484,0.9883779270200662,46.499999999997364,1813.2384777003365,nan,nan,154.43904830159653,2.832154436711562,-641.8172303012439,129.99152167096668,140.39084340464402,1401479130,0.01594019042106059,0.4021501744723567,0.9890480257971964,clean,71.18640072108369,14.351880864080925,15.549579867101762,13.657194772462661,17.54287882045258,6.392770905226813,0.11328617746846567,0.0,0.0,-6.989999999999895,-14.913080122941285,-0.4657179221510358,-0.4367695776239532,0.0,-1.1808089874780148,-44.45974245050685,0.0,24.60405432831859,-41.463037335936164,-15.574374147889065,-2.963343501144496,-1.6006141604524737,0.0,-70.0,201084
-112.87919406176718,9.004440321016414,25.233258332498863,17.86316901095068,3.637204059179846,0.733865557939434,10.30855332931005,0.8395566929142008,93.92420221498617,0.0,False,CRASH,605,60.5000000000004,1,679202.8324293281,1327.7946040326021,4405.991320647034,121.77536197668071,dry,0.989837148618066,7.121807395833892,3.909173365727969,0.0,0.0,0.8828264021464038,1015.044147724811,0.9958115091692735,48.89999999999723,2176.074029278824,nan,nan,147.63734291682258,9.289033603942357,-1072.3403392386294,123.7746339040981,133.67660461642595,1125662722,0.08378771726592744,0.6412627883891863,1.3700197581892104,clean,60.72299842467749,10.74397997794852,12.14391816551328,11.660728123796476,8.44385503606197,3.5191529777352657,0.3715613441576976,0.0,0.0,-6.0499999999999154,-5.450374113813492,-10.155306274601832,-0.9526180530315247,0.0,-8.86318247908205,-38.3429604550258,0.0,14.768058619585268,-33.45096659507746,-25.81654519480403,-4.695516667125387,-1.4759768986815225,0.0,-100.0,201689
-139.18759474651802,23.4942458338694,78.39222395968704,8.635405232050582,11.292133179271838,7.084877335387097,8.503111697072493,0.8361196916844831,288.7659661500389,0.0,False,CRASH,776,77.600000000014,1,745625.2923434146,1325.0810892206161,4656.979777123589,104.9078009316845,dry,0.9557615177590619,5.32942420315371,1.5208223132155814,0.0,0.0,0.9535946312169292,1010.513948217472,0.9958970186085992,44.699999999997466,1587.527747445169,nan,nan,143.1341659642707,23.482180682138136,-3499.7994683129073,129.99201997039626,140.39138156802795,588086460,7.207805086552435e-06,0.9962793397058353,1.134050832926766,clean,76.71837606118193,11.178800035328175,13.87993040646877,13.28894049261268,24.526841168884662,12.172283891146908,0.9392872272855195,0.0,0.0,-7.759999999999879,-43.5365730056431,-2.1181196078334534,-1.1086142327810546,0.0,-9.86416050102846,-48.61145785379373,0.0,18.311691450221815,-54.021541837087234,-38.89597963090405,-3.265725511732203,-1.0215732988446473,0.0,-100.0,202465
-70.9510121400769,6.6078654072559075,18.110437231097627,11.296975775066104,8.148671706360995,7.5358012957202085,9.41877493281721,0.8361171815213964,125.52704118042482,0.0,False,UNSTABLE_AFTER_LIFTOFF,793,79.30000000001536,1,763415.9757034346,1326.2824842856305,4618.015477713594,130.97623383411062,dry,0.9598232876532333,0.024965343590704236,3.2623072578864973,0.0,0.0,0.18833690323178676,1014.8021301005049,0.9952975400575058,46.19999999999738,1750.1487471053936,nan,nan,160.38998051340832,17.839099403235963,-870.3003342750202,131.08165581263884,141.56818827764997,2041104818,0.3108214520948202,0.42641531453535925,0.5559590439604146,clean,83.40299017934444,16.549376029979534,12.7708457567218,13.93882912997907,10.577604340436002,4.864851696657269,0.7135639761294389,0.0,0.0,-7.929999999999875,-3.8472734439605074,-5.072788912025467,-2.650787034335619,0.0,-19.60366977724356,-49.850088307804874,0.0,23.425888995473546,-51.32198937380016,-24.766448214769873,-0.6033801477903634,-1.5485370330671926,0.0,-70.0,203258
-131.0296239757224,14.670718953530692,37.284786885467106,13.589722682200202,8.252779664200173,5.32996259683229,6.861401795294796,0.7984849217909955,85.49942720518843,0.0,False,CRASH,592,59.19999999999936,1,688539.0211873503,1331.7309501287511,4688.276105667069,2.2065874789772844,dry,0.9926697006326375,7.364248693710039,1.335513034192919,0.0,0.0,-1.9160942115459125,1012.1122146754464,0.9993361651785367,45.8999999999974,1923.8269672918113,nan,nan,128.46893772366982,7.330153014359617,-1072.5488087536185,124.19704743862943,134.1328112337198,1508933830,0.02191797784240166,0.5652228669135289,0.9170304640301117,clean,56.41181012562447,7.960642541134729,11.41638283295518,11.717953250252252,6.5121212573072835,3.208328182895849,0.29320612057438783,0.0,0.0,-5.919999999999918,-14.157350756798111,-4.4779664437253075,-0.5739128732680018,0.0,-7.816041042957596,-35.18159925505727,0.0,8.129322360899035,-42.17809274410266,-23.44118324628212,-2.0029647484728894,-0.9302795367013248,0.0,-100.0,203850
-119.91836685643831,15.808128957665666,42.285446212760206,9.480391494241532,9.403349873130185,7.074050822413582,9.958439572136752,0.8329590655383328,125.00758005355027,0.0,False,UNSTABLE_AFTER_LIFTOFF,771,77.10000000001361,1,721126.2307907747,1324.8297314433628,4557.672729746491,322.1563737155204,dry,0.9539560039334268,5.3521128539667115,-3.3989145968492336,0.0,0.0,1.9810256963911668,1015.4791129452792,0.9899183594334326,39.89999999999774,1501.5221229809633,nan,nan,156.22026103735567,13.745769942268453,-809.9781198827343,127.75209269280005,137.97226010822405,1362392980,0.013254626266155442,0.6136664192955237,1.2127831322088671,clean,83.12721197565268,12.40290402404455,13.351461076696129,12.3692542812635,22.102411772944322,6.776998642496334,0.5498307976907435,0.0,0.0,-7.70999999999988,-21.407837957847452,-2.0939116550133403,-1.792399916878682,0.0,-11.096110551196215,-48.27073973902555,0.0,14.680168301662178,-75.33745340689559,-40.78882870115616,-5.064836887782277,-1.7164889130923304,0.0,-70.0,204621
-134.9557619327372,17.92639409451863,67.68798978765187,11.267560537932969,9.4590264747413,7.091123133160907,12.485587405695135,0.8123795381988851,155.371055224273,0.0,False,CRASH,659,65.9000000000047,1,679641.8886460987,1326.274197872203,4208.216206589591,104.14857419925289,dry,0.9792190698456019,6.577297667092226,3.4018835357764554,0.0,0.0,-1.0775420610023687,1015.0208183236593,0.9960719443542388,36.69999999999792,1258.55395574669,nan,nan,142.31062454432228,17.042940363874138,-2314.901088176109,123.39544974345935,133.26708572293612,2026798130,0.00036102854507817433,0.535522965793119,1.398943467635408,clean,65.59752176390815,12.16373575218946,10.952648827869709,10.676967031014723,17.68705246656594,8.47232120060941,0.6817176145549608,0.0,0.0,-6.589999999999904,-22.716287082264394,-2.8901805960581157,-2.892274022337854,0.0,-11.638010895290101,-39.8839996754297,0.0,16.429460979365892,-47.28396351450717,-35.100775336321725,-5.9017502129451955,-2.7199462336608224,0.0,-100.0,205280
-148.71713403258173,25.192998024289526,79.4157273235413,29.391090761440942,10.395912761510882,5.867485373440928,9.543199583435882,0.8045751896403879,157.012782982759,0.0,False,CRASH,678,67.80000000000621,1,748914.8342376263,1322.191939472551,4588.739250886267,80.70427648952416,dry,0.9528676677111594,1.611834799076231,1.167629642409794,0.0,0.0,-1.9220306133894312,1014.5231296103561,0.9965879596243068,42.49999999999759,1608.3783467022104,nan,nan,148.43431720086429,23.119329485060277,-2930.701098167164,129.3725272685534,139.72232945003768,1686949517,3.646317145349004e-07,1.1178631788112854,1.7537258208967048,clean,68.23227906800865,13.07420165900926,12.5540717145138,12.214942756166408,15.91080970597527,7.714545982645816,0.9247731794024132,0.0,0.0,-6.7799999999999,-43.983550489386076,-18.584215722731486,-1.317523912511,0.0,-8.656211741562675,-40.60951908142675,0.0,23.12530336928094,-37.83187837263331,-34.172062066634716,-7.796655558364102,-2.7364445223340126,0.0,-100.0,205958
-207.78021721798274,37.086969228809274,79.16565078790863,17.39315437633893,12.86724066668177,9.57937773081232,12.706787671504369,0.7787739075160965,210.53868908700127,0.0,False,CRASH,777,77.70000000001409,1,750265.7276529821,1324.259270774582,4348.147302070817,202.22337812757112,dry,0.9803576455151131,6.429750575904232,-2.566749069539285,0.0,0.0,-2.534100902809379,1010.7125125105252,0.9935759084205436,40.19999999999772,1583.0796484957941,nan,nan,130.14628109400542,4.0020023719862365,-1262.9622743769075,129.59424317929472,139.9617826336383,272337652,1.829340492802819e-08,0.7383598992606706,1.5262332642489689,clean,84.18456576595585,12.104439946679669,14.796190384554219,12.147510658471242,20.563256193615846,9.492070763743504,0.16008009487944508,0.0,0.0,-7.769999999999879,-84.90325332065306,-8.341218294871,-3.287169887066041,0.0,-20.852405886340637,-44.73218983704018,0.0,16.76231903808991,-53.42307241304064,-40.924956596559085,-8.449936155452129,-5.306447672949196,0.0,-100.0,206735
-140.29467334737157,14.742225459499634,70.83373776711062,14.003539807076283,12.544026832335357,6.1611409054068185,15.566676457262275,0.806255855077413,203.50030538946623,0.0,False,CRASH,604,60.40000000000032,1,755644.0013122335,1323.1650636987144,4617.636953042191,420.7739126820201,dry,0.9962788407277117,2.167196612040578,-1.5580990005021822,0.0,0.0,-2.5206726415369705,1013.504868066434,0.9867617115442984,40.89999999999768,1597.4466716195036,nan,nan,147.29191086263276,17.87854911497243,-1945.922508937248,129.88167648446193,140.2722106032189,79354821,0.0003517581797120987,0.6149398644037619,1.5353777670032152,clean,59.82221855534243,9.119734308035468,12.081330516616722,12.625132607464653,11.394261214061522,7.03389830425895,0.7151419645988987,0.0,0.0,-6.039999999999916,-13.779866224851999,-7.602347269536524,-2.846932947276163,0.0,-12.728254664666498,-36.18184221894334,0.0,7.991402919634275,-41.150613611253604,-30.719941279521283,-6.595254319330099,-3.4327412020047516,0.0,-100.0,207339
-171.79919854443236,17.948943393651795,40.50200316563507,15.552200330631388,24.57348557639875,15.802084449165985,16.37421568308773,0.7359072858444002,548.0584010889327,0.0,False,CRASH,655,65.50000000000438,1,714631.2158016037,1330.477615309147,4563.90302694573,438.62358084077437,dry,0.9841672081270958,5.48570999479782,2.658909356827911,0.0,0.0,1.7834562004885663,1012.8067820085381,0.9867440432642265,38.399999999997824,1460.6993693218626,nan,nan,126.38462355438995,6.919235389897665,-3148.747630936237,127.29977746478517,137.48375966196798,1857097247,0.0029034372896038743,1.0850107803085942,1.8939462251541053,clean,62.18743449614114,8.644112416013781,11.284168636721832,11.902472854849295,6.5079765124192805,12.054719931152281,0.27676941559591794,0.0,0.0,-6.549999999999905,-23.446421406808703,-5.280269612223815,-5.9630705016813135,-12.72080990477644,-25.149991550563833,-35.50761203339449,0.0,14.72104294426963,-42.535336545469775,-29.516873984887216,-8.985367352029957,-3.7221428597598605,0.0,-100.0,207994
-61.965265861922,10.478122321124399,52.17823393107731,11.613254215236871,13.20748553314861,6.546976566770132,12.081907724338908,0.8154184433571174,199.10925065421623,0.0,False,UNSTABLE_AFTER_LIFTOFF,596,59.59999999999968,1,742057.0132560715,1323.3489303497372,4443.03197827344,444.1241660728275,dry,0.9861256644616773,6.045619234748995,0.4339047582817601,0.0,0.0,1.1069897322566726,1013.2384549523827,0.9866456189014996,40.99999999999768,1621.6045389388885,nan,nan,147.03407931809917,4.001599600715622,-806.0562234311811,129.54048636909403,139.90372527862155,875830023,0.011832106427239223,0.5587986074339117,0.870193031020433,clean,58.81605942467328,13.151003980351138,11.554618815740167,12.659571878156857,11.880835607222215,6.819259736618373,0.1600639840286237,0.0,0.0,-5.959999999999917,-7.270607137373492,-2.48978080628923,-1.5544037198820393,0.0,-4.888922375902385,-36.163084594277315,0.0,18.81325480369573,-35.06682340084849,-27.895072651663845,-1.7371267018247265,-2.7941127043467446,0.0,-70.0,208590
-150.9601750420551,42.57247246820429,136.84959557765592,15.75435094506418,8.202671984338517,6.828650748668733,8.108723944961083,0.7862801633592567,154.58752091880913,0.0,False,CRASH,639,63.900000000003104,1,720718.6263405867,1323.4637575624602,4308.022287265501,226.84622071883126,dry,0.9769916424096475,4.18288773252172,1.0937598299104914,0.0,0.0,-2.941597943520981,1010.5088853667097,0.9923014675323641,38.199999999997836,1457.2348297354497,nan,nan,150.13826195433063,21.807353251556634,-2739.2700807430133,126.93890558278642,137.09401802940934,127698292,1.1089253838153641e-15,0.6480648957081249,1.3598696799263805,clean,65.49991026214987,12.578393259580471,12.631530333192252,11.508811491174079,16.744841443028214,7.496065574088229,0.8722941300622649,0.0,0.0,-6.389999999999908,-49.16600062216511,-6.520969320569708,-0.8214920820189167,0.0,-16.508975745805497,-37.1218189921347,0.0,23.180175475786797,-45.47187392957541,-31.255329246220757,-5.510770484188469,-2.7049665884381984,0.0,-100.0,209229
-139.37833117908463,16.54284539786517,74.51712054907706,13.047247642251357,26.297059184858824,7.735810774362259,14.214711777683897,0.7893665648766803,530.5254699802127,0.0,False,CRASH,637,63.700000000002944,1,741614.7706123092,1328.538927892297,4294.386525648797,466.6599300997927,dry,0.9593291892967287,3.8834772805229445,1.3098300352435763,0.0,0.0,-1.987962075085341,1010.772679633603,0.9855493847315824,41.99999999999762,1630.2655776872248,nan,nan,149.45026543242557,14.333210221404272,-3523.055523468266,128.96421985735617,139.28135744594468,1023419372,5.198029628399648e-05,1.1699715782649536,1.703819459475349,clean,61.21834207471215,11.64480820611949,11.34942585046677,12.893855560747188,10.103798976678847,11.29013532421352,0.5733284088561681,0.0,0.0,-6.369999999999909,-17.557704720161418,-6.002810074043366,-4.146305317055146,0.0,-19.267968499853293,-37.4043942759282,0.0,21.748675075562314,-46.41813892053547,-30.867550426518772,-8.60584690943065,-3.55998151291452,0.0,-100.0,209866
-178.36365143375647,40.7195535375024,150.29720591802874,24.324978995236158,18.395997251529568,6.659951540081382,14.131878803644398,0.7861999339316977,470.86564158718534,0.0,False,CRASH,629,62.90000000000231,1,693475.8984229473,1327.8207469461324,4313.061104439656,463.8597445922724,dry,0.9747444248423814,7.111945303456625,-0.7456046627737494,0.0,0.0,-0.9424222454504303,1012.9431617992532,0.9857071506293386,37.19999999999789,1401.6677153841456,nan,nan,155.0729920336083,13.003593726618476,-2119.4713509338235,124.802096742884,134.78626448231472,817698439,6.185562781020616e-18,1.237508292769463,1.8197860167550155,clean,62.97297325640416,10.800728341802364,11.935671113481297,11.119133116183066,13.893774265301872,13.120602252768581,0.5201437490647256,0.0,0.0,-6.28999999999991,-42.568982760872835,-18.50407383047109,-2.72631469501198,0.0,-19.492072021128628,-36.5403824247663,0.0,22.474705781116793,-49.76513547437721,-33.469104154134634,-9.79569541172071,-6.049622537395391,0.0,-100.0,210495
-121.31079549151936,31.559046340406713,123.78205290841477,17.58766511283404,15.553214869362774,7.160478666353917,11.721125274026138,0.803485035471487,237.88118584299247,0.0,False,CRASH,608,60.80000000000064,1,724791.828032789,1328.4743283231774,4762.341152100537,455.36392758765066,dry,0.9633789485216919,3.4720347883577407,-2.6445294977869565,0.0,0.0,3.6961540166786397,1013.6852428982503,0.9861505759516684,42.69999999999758,1770.4303162232106,nan,nan,132.63238416323958,14.308777263128547,-2467.8210583499226,128.5679906225285,138.8534298723308,925758967,6.1737734015409504e-12,1.047126212729309,1.162706815283153,clean,59.212861348297785,13.566154386420042,13.098725453109976,12.324315528470553,6.1706483510045045,7.22462451276405,0.5723510905251386,0.0,0.0,-6.079999999999915,-33.1362929068375,-7.27022071318015,-1.528531974378474,0.0,-9.593936142202358,-36.37190696133625,0.0,27.345114541336017,-31.481466918915316,-26.650353963514092,-3.4066761946736004,-5.306204928409514,0.0,-100.0,211103
-154.0194901183409,46.5004925893455,173.10616919754605,15.425897935066619,14.85881244846275,6.98787646050958,12.693781066824053,0.7961724552549684,245.1007084955104,0.0,False,CRASH,609,60.900000000000716,1,729393.437491375,1331.2445488318135,4398.5610027634475,347.9332584510029,dry,0.9715689147773512,1.404377286308553,-1.575715524803603,0.0,0.0,-2.903701729570394,1013.8484632954468,0.9889219534369689,40.99999999999768,1633.02660591047,nan,nan,134.40091394203856,15.74951170074769,-2563.1171096294006,127.49853597463512,137.69841885260593,922932768,2.814844823328364e-22,0.846080867127362,1.2084327965645554,clean,59.165564714634726,12.262128386430899,12.528865555588062,11.739855135506065,6.938833807646231,7.480987996970125,0.6299804680299057,0.0,0.0,-6.089999999999915,-43.98549532274083,-9.738294320529068,-2.0077757348693424,0.0,-14.201057713278809,-35.94236739592153,0.0,22.014012252572652,-36.01962283206015,-29.97317158291662,-4.182739489042733,-4.639194044360429,0.0,-100.0,211712
-223.45137862488724,61.9443556122295,246.81723615420327,19.89646928541729,21.496648110730366,13.564185373126046,14.086838835268141,0.7279865490440864,294.6150051308076,0.0,False,CRASH,812,81.20000000001687,1,744536.0795877166,1330.6575584316654,4414.627385601949,304.3852366818445,dry,0.9755813656932727,6.198634058257557,-1.1290903750952457,0.0,0.0,1.9787824479545861,1014.1683341750273,0.9904692625048916,51.599999999997074,2331.6329335379482,nan,nan,135.92120817378054,12.551688000988861,-2733.5411185902117,129.89249110392788,140.2838903922421,674631158,1.9173293919689612e-42,0.8566907908331302,1.6296052642161487,clean,84.03493766603839,15.92634524545071,15.828211356842912,13.305661759510624,7.424669865828994,10.297737609054133,0.5020675200395477,0.0,0.0,-8.119999999999871,-72.46617815469509,-27.14730866422836,-3.7178626437664577,-4.392892084955985,-42.92873729649968,-43.407671092247064,0.0,25.810145320526583,-50.053046148205354,-34.775959069156315,-8.471215584652898,-1.1002842297712832,0.0,-100.0,212524
-179.2620458765769,44.70315917068643,152.07448606173006,14.85464542445056,17.635497011990797,11.364485557735096,13.780449944533652,0.7505562687982138,284.75850462803555,0.0,False,CRASH,797,79.70000000001568,1,680182.7647367653,1330.053454442067,4327.425495993339,46.47142259908576,dry,0.983312960196094,6.3311193783443755,-3.9397466813164077,0.0,0.0,-1.8842822454658137,1014.5919069594892,0.9978762382875074,47.5999999999973,2161.6619806730223,nan,nan,131.7499562212908,12.808721546551354,-2029.6372995630113,123.29701785061022,133.16077927865905,1049796407,2.402906500809014e-18,0.6665868290095128,1.4776720902966376,clean,83.51715986624521,15.673730190158484,15.242838199647887,10.716088762077023,14.321845228129064,11.583661905644602,0.5123488618620505,0.0,0.0,-7.9699999999998745,-67.61916764888812,-9.876493319250082,-3.6645890891107573,-0.6717754354578096,-33.07375986807685,-43.52931707221934,0.0,29.596492049082908,-52.16105166535425,-31.9396635210687,-7.54748328764031,-2.372910032357224,0.0,-100.0,213321
-165.81126740788267,34.751745064651,127.32308441038936,20.350135431936437,17.326469739862123,9.585973550999803,10.796526844711451,0.790166230236644,327.55959851058503,0.0,False,CRASH,842,84.20000000001926,1,761262.6772039158,1330.4150492345138,4208.972526788983,230.4773470541729,dry,0.9803529540338274,5.268054179628664,3.4063019228838027,0.0,0.0,-2.236296149496604,1013.5586865970711,0.9922557639054238,56.699999999997374,2672.134707300721,nan,nan,148.18078585455424,21.026473926224526,-2990.367695920333,130.42507403956768,140.8590799627331,1055562759,7.4986740335428e-13,0.6960304049055912,1.299346138908708,clean,89.98526241949409,12.778140513151232,17.26215179105266,13.204816635733234,12.719919591776069,12.374088123868447,0.8410589570489824,0.0,0.0,-8.419999999999865,-61.30996612480891,-17.618799708598814,-1.8402902330636874,0.0,-34.71868631561001,-49.03310785304029,0.0,20.442498249571745,-42.22698200987425,-22.40897190292514,-5.647762015317604,-2.194637526339993,0.0,-100.0,214163
-95.65582439638386,20.941961723086163,105.14181785552526,17.036410426269747,7.73059904570759,4.577627688791076,12.630379861080247,0.825901114152938,124.71242924881312,0.0,False,CRASH,792,79.20000000001528,1,733274.1654228682,1327.6191209018361,4291.2557286111605,144.4777908549631,dry,0.9833043411650656,2.427231060067866,-0.319037479130587,0.0,0.0,-1.1109799099740583,1012.3446971925731,0.9946667132636334,63.800000000003024,2954.499592917854,nan,nan,154.36440678020503,25.272811871717607,-2749.454519277697,128.3335602080755,138.60024502472157,2096936868,5.906164134355487e-08,0.7683600902028032,0.9109778694375562,clean,82.02825542425346,15.322978439595982,16.64791552809011,13.00109021309779,9.735017152305389,4.84265087556556,1.010912474868705,0.0,0.0,-7.919999999999876,-23.410851537956983,-9.47446727104626,-2.0874869193105727,0.0,-6.6415619279692555,-49.02462490117025,0.0,21.260254300202522,-29.77239495024623,-22.521988938070116,-3.0399786635124726,-5.611543695081152,0.0,-100.0,214955
-62.78083002571875,18.576639982854445,72.90481508096049,10.153643465307281,6.342879559370283,3.663702633895206,9.224401031941328,0.8438150174291439,99.83580170709348,0.0,False,UNSTABLE_AFTER_LIFTOFF,716,71.60000000000923,1,698961.3383349632,1323.4465260870688,4289.695557267561,239.20166172344344,dry,0.9864374005698114,7.971523198546602,1.7359703441564118,0.0,0.0,-1.3347991607774299,1014.6863148597138,0.9922246931271499,52.39999999999703,2440.3736081780644,nan,nan,155.77851715483303,13.287580418801042,-830.9045685365514,125.10150809461217,135.10962874218114,1487642552,0.00014136406290974376,0.5516172698864702,0.6391433726593573,clean,77.41749547328972,11.769245393043548,13.983666882150471,11.270219343066605,12.89780171747688,3.9045736204341064,0.531503216752042,0.0,0.0,-7.159999999999892,-25.033031269582892,-2.19101874989678,-1.3750907721889014,0.0,-2.408505637478381,-45.44313682878062,0.0,23.808104964204116,-42.00180508203956,-19.537984189764018,-0.8377662321084045,-2.37510187429629,0.0,-70.0,215671
-55.00100894963355,9.64899779965743,37.18440868455765,15.882262949003714,22.963345923896394,16.077041795585842,16.31602259015411,0.7701798745198933,199.40396374080632,0.0,False,UNSTABLE_AFTER_LIFTOFF,824,82.40000000001783,1,701995.0667998013,1329.448943006496,4222.161795861513,222.65760079877495,dry,0.9668072855297691,3.1231697157182827,2.9644858494241393,0.0,0.0,-1.2602880361478688,1010.3419098736952,0.9872807057934555,69.70000000000772,3508.344836548116,nan,nan,103.15182983984802,199.40396374080632,171.59503804417028,125.65828276123229,135.7109453821309,1665784141,0.054332680513500084,0.3148850440413396,0.9551008173308057,clean,84.7188789244794,12.33380781353892,18.441272282924018,12.513965317875897,5.558153627389758,7.821394830916789,7.976158549632251,0.0,0.0,-8.239999999999869,-8.524111403904694,-9.811436371645874,-4.719418883876832,-8.553820621102409,-20.68556080216886,-47.39540442522071,0.0,18.60698067374763,-25.050343091484653,-15.878981951959263,-3.411480565904135,-0.7010628528707357,0.0,-70.0,216495
-72.82907097658993,7.528460468595898,15.58276392686225,12.384534450955481,18.308126393087395,11.71244334864421,16.054057554231047,0.783310150050129,190.58771071903374,0.0,False,CRASH,965,96.50000000002905,1,747937.391096623,1327.9435092160898,4751.013624407958,464.61924842072,dry,0.9611312280159963,4.836210179780361,-2.8747068020888116,0.0,0.0,4.2618552246301205,1015.278038413372,0.986116913888597,78.50000000001472,4124.524187167513,nan,nan,111.60325551593178,7.1698506928559596,-2610.3378887479835,130.62863894953117,141.07893006549367,17257121,0.29976346352451255,0.3973937169840191,0.8722872256809485,clean,103.9801287706167,14.090785556704665,20.66331437768788,14.06066851384051,6.561784239463896,7.4669985939852,0.2867940277142392,0.0,0.0,-9.649999999999839,-6.077110770139866,-3.465358630248853,-5.052505148827308,-1.4646591350280909,-19.482907264286833,-56.33012978583013,0.0,19.438894507238178,-37.4437062576927,-16.350936144914748,-2.925452524761951,-1.1356739021103988,0.0,-100.0,217460
-42.877032885509585,9.89904995924078,23.454364551161348,6.482421130038518,1.7576323861868546,1.126715063429011,3.8037020164366995,0.8617942327628513,14.75472225940564,0.0,False,UNSTABLE_AFTER_LIFTOFF,746,74.60000000001162,1,741456.9089102065,1326.5148515864626,4355.231802521872,261.1276634006021,dry,0.9821134600480368,2.3884922386982064,1.6071380934615163,0.0,0.0,3.029847504759542,1012.8118901524946,0.9918177826543618,70.3000000000082,3713.2581671129883,nan,nan,154.49757944623857,9.923589698430817,-340.80697916581016,129.94512968101833,140.3407400554998,663266135,0.2279700757134594,0.2859402560439651,0.3641829084400069,clean,80.16022983223068,12.604973047496769,17.833327467602,13.466768942845862,6.250639509962447,0.4500584284660089,0.3969435879372324,0.0,0.0,-7.459999999999885,-8.122380867919613,-0.2294992010651645,-0.009931585117298821,0.0,-0.019555377641910232,-48.81851739534853,0.0,22.371694909878254,-43.67625370392,-17.814286209496395,-0.13270060695776464,-0.12854366446166857,0.0,-70.0,218206
-422.00680389595954,125.74434172191393,311.7318097022096,25.674761486527604,20.65024228276399,11.414286830641208,17.55995556053386,0.7773236350221683,445.8325957076886,0.0,False,CRASH,1231,123.10000000004491,1,715461.6420039763,1330.7667721651112,4318.267952786645,27.849447514107673,dry,0.9969237688025927,3.6834688030694487,-2.4896881359890424,0.0,0.0,4.980145871543443,1012.0517013983476,0.9981269365431923,74.40000000001146,3976.0378455878567,nan,nan,160.78776154547785,24.95104445889048,-4279.662563087274,128.12174853877505,138.37148842187707,2112488123,1.8410789907205223e-96,1.0063036923607893,1.5410275951172936,clean,148.02970760800295,14.994064408604455,17.98237040027264,12.983564974098826,19.437763567536756,16.29899014437002,0.9980417783556117,0.0,0.0,-12.309999999999782,-170.9026428227309,-30.564837165974897,-20.21332381569795,-0.44354049088547454,-54.94346278221172,-70.50143648808002,0.0,23.46193610022296,-114.17142129624415,-81.15989504731873,-13.007281157864346,-7.975401810414731,0.0,-100.0,219437
-177.38926957608862,21.394939046683163,67.3612795603965,19.221662801763088,13.515802796493173,9.724917196655552,19.5284753424772,0.7871904611370706,184.76289599101952,0.0,False,CRASH,1008,100.80000000003247,1,748474.5503783587,1329.3726061392679,4534.24478672662,160.28981399295088,dry,0.9868689630333842,7.85771706857597,3.3111577140005495,0.0,0.0,-1.9336723289451045,1011.6182237977241,0.994125960639666,75.7000000000125,4045.126881543903,nan,nan,162.17439054413774,27.44407833204906,-2133.3970262081893,129.5174205932319,139.87881424069045,579470083,6.504885084008368e-05,0.7044176129024562,1.2386703698071595,clean,115.90747157261394,13.567007063645974,19.96714860120245,13.686920268437497,14.820277534896041,7.727186823866031,1.097763133281969,0.0,0.0,-10.07999999999983,-47.921361902601575,-10.244143530017093,-12.94297980545844,0.0,-22.14636396136448,-59.10027196396947,0.0,18.363806024578384,-68.07396843648881,-41.40218014980671,-7.346166563476144,-3.269414285426967,0.0,-100.0,220445
-148.37407593602833,36.330253133769325,124.42916586679891,7.702727631752006,7.364068704683345,8.730006825212511,8.993141797808304,0.8249561085638891,199.40005583757457,0.0,False,CRASH,883,88.30000000002252,1,758509.5814597015,1328.5296348935258,4582.6391856152695,129.8035544495445,dry,0.9885438989265838,5.174871148284601,-2.299928004626516,0.0,0.0,-2.9386238109002765,1011.0896691762907,0.9949836470658864,52.799999999997006,2437.3644604835376,nan,nan,134.47718084668827,28.240748613290776,-2462.851549518979,130.18768617462302,140.60270106859286,1095136094,2.4660625335938487e-12,0.4596479215619929,1.0967168202133213,clean,102.20136791956692,14.818938379068227,18.71905929726963,13.174781086087766,20.06621760548614,8.416478935616817,1.1296299445316293,0.0,0.0,-8.829999999999856,-76.24901459756822,-1.2542880845613895,-0.9826627939324601,0.0,-5.007618194885161,-54.577847968080015,0.0,19.94953822688817,-61.020484414503855,-33.34461789161611,-4.5519837502672305,-1.0315696351285257,0.0,-100.0,221328
-242.73892155060622,48.103369990569995,144.49650523282955,17.216664760240413,9.64949661206979,5.5430206287828385,15.831276277329295,0.7914463290111812,264.47059865855624,0.0,False,CRASH,738,73.80000000001098,1,702859.0976262123,1326.973304251356,4544.36694399185,39.12717222928169,dry,0.9923118207809349,2.822090253952296,1.9723866266891443,0.0,0.0,4.697901892376429,1014.7174987167402,0.9975666151473724,38.899999999997796,1536.3450566529914,nan,nan,160.42771114368318,32.60697895110466,-3366.9103113088668,126.76034310295844,136.90117055119512,1853536523,1.4309207979697774e-18,1.0387668385326578,1.3757357868385733,clean,82.96512173682241,11.212071045478133,13.286261345104204,11.155912377163665,15.23440758309496,9.940740034617638,1.3042791580441748,0.0,0.0,-7.379999999999887,-90.6401993803547,-17.00850258206105,-4.9302561489959835,0.0,-21.176155048943613,-43.53168147264444,0.0,16.396304701919355,-60.384888491774625,-45.18608759772017,-6.447949057812774,-7.548299752542585,0.0,-100.0,222066
-671.1930896441397,99.87942836036878,298.0590321855287,45.254874076176804,12.182537593875288,8.472579933574254,27.931284393818856,0.7708122229454587,608.2847844650726,0.0,False,CRASH,1504,150.40000000002007,1,705664.8684892207,1329.7719546941928,4491.916223873663,139.70586537224128,dry,0.992311766925648,3.4830751879886215,-0.8131617990197761,0.0,0.0,-0.49744338747391303,1011.8884423213622,0.9954837072953394,40.299999999997716,1583.039296081147,nan,nan,131.67638828153423,1.8518379367112914,-1048.4372485518895,126.05725243430142,136.14183262904555,1371385240,2.2986374051924964e-78,2.3794998366285998,2.460363301044428,clean,204.02560624722327,15.952522724784592,21.78442279516247,11.564464121007532,53.92558831867238,39.65577414570343,0.0740735174684886,0.0,0.0,-15.039999999999724,-236.59853840032733,-125.18564279983217,-39.12811112467426,0.0,-49.17017847585963,-85.70950232469559,0.0,22.355583650382087,-173.51324394379705,-157.0292686770818,-33.00793761177898,-26.148701806495037,0.0,-100.0,223570
-497.9061387390299,56.52679281062704,173.69034021534904,36.59056823188938,17.33978487454667,9.298430150349839,24.253561261071738,0.7453271010960315,502.0972093934575,0.0,False,CRASH,1514,151.40000000001916,1,764050.2771695127,1325.9842065074863,4404.92752509157,254.00702715451024,dry,0.9597404681510915,0.3926842245038831,1.2774713780642126,0.0,0.0,0.6623108781336136,1010.1772521098627,0.9916374975831066,53.99999999999694,2426.8479140972518,nan,nan,150.34280887199208,21.519975951330537,-4840.794290859908,131.5439305424326,142.06744498582722,1892592741,3.2768362717312924e-27,1.3877826893333762,1.8945033414762718,clean,192.4952823478747,11.08373765570449,23.181276810974236,14.582677527615965,46.72742504644551,30.00873840381978,0.8607990380532028,0.0,0.0,-15.139999999999722,-168.6654589923768,-66.20974741852595,-28.432527673354066,0.0,-68.88040634705914,-82.6725266778421,0.0,8.715651573698114,-144.07873710449837,-109.96991566073972,-22.65182008102843,-18.860587187789527,0.0,-100.0,225084
-227.19440226787282,25.68383807680537,58.86162658563225,13.038239948207856,7.928124946830791,7.121210512026791,12.142810936697398,0.8205593624673545,306.01131801329524,0.0,False,CRASH,1060,106.00000000003661,1,757461.7237317573,1322.1296617625887,4409.570799496556,258.41118833498973,dry,0.9843122981766342,5.283783600299162,2.8804998545614695,0.0,0.0,1.2382256446342828,1012.0357117066264,0.9920615992469148,51.79999999999706,2233.5444215682746,nan,nan,129.81056913635263,2.551910250474748,-603.1536249429159,130.9856268278019,141.46447697402604,353044762,4.4288134689870416e-05,1.0812856827316226,1.618291987282527,clean,125.65433219594021,15.801321108260224,19.617867154801633,14.645501137983885,25.813101863113246,14.714188133177938,0.10207641001898428,0.0,0.0,-10.599999999999818,-77.69323451743217,-9.561383485352072,-3.535535354135474,0.0,-20.06146242071171,-65.11683516525605,0.0,19.62605545678516,-89.25521918971774,-72.78517333884379,-11.561549761592989,-2.998452494910041,0.0,-100.0,226144
-447.7466852884238,61.42790871621811,141.7353720670315,60.44404805437214,17.74487709010284,4.024525437976274,17.665612872589247,0.784124275562164,1070.5225691680491,0.0,False,LOSS_OF_CONTROL,1412,141.20000000002844,1,670583.5880826706,1323.8077404481248,4430.658673999216,223.08497039376496,dry,0.9831909823382061,7.254204819598671,1.595730460218813,0.0,0.0,4.280707207687011,1013.1820442348726,0.9628781311834614,45.99999999999739,1913.254470867571,139.8000000000297,nan,203.8994516793481,1070.5225691680491,2017.657378906363,123.82119535482217,133.72689098320794,1096733868,9.970747483276099e-28,2.1245985803864125,1.8395995917063583,clean,215.16927072746475,17.06575944590776,21.044802195637445,13.32144867452702,40.12680127337242,39.992185237327234,40.00000000000003,0.0,0.0,-14.119999999999743,-255.31461978090576,-88.83973841556826,-9.408837260266695,0.0,-41.56987330679875,-81.7986900336583,0.0,26.204901556702602,-142.15472880598537,-103.4490524113478,-20.36490937869904,-23.651405006132375,0.0,-80.0,227556
-858.9732828837696,110.55238363316731,303.7853600967257,60.13402736666906,19.729998357484785,5.828190818626182,20.56493147535214,0.7820319022419269,840.2177909385771,0.0,False,LOSS_OF_CONTROL,1781,178.09999999999488,1,713396.1480197115,1325.839307672874,4535.807447549868,492.8638969896854,dry,0.9656874258926953,5.026828146556175,-3.7290456908605427,0.0,0.0,-1.2571566966152954,1013.2508059280053,0.9791171796450432,58.999999999999204,2788.129910715657,nan,nan,176.34416090055873,211.19231883917206,-7378.40286508771,126.49330666451374,136.61277119767485,1364944092,3.631908156892812e-89,2.6808116999913345,2.1421558644536747,clean,250.90508054790433,10.832826704282935,24.795243883432484,14.238607987358137,56.7874447395353,50.38666117064889,8.447692753566892,0.0,0.0,-17.809999999999985,-330.37072679500795,-176.94106120015635,-24.38120488273285,0.0,-85.8087795733742,-103.2400608692554,0.0,12.61471572141947,-211.7145639065308,-180.5676973636485,-38.81755379302874,-38.32990800817547,0.0,-80.0,229337
-193.5905800282075,22.892428986329403,76.3553824818133,18.674192243830046,10.431824663119007,9.755951651154797,15.96649772519358,0.7797418737135836,296.02352460867365,0.0,False,CRASH,1182,118.20000000004632,1,765180.8301044182,1326.8678837718103,4419.648920389009,451.2798569569193,dry,0.980639519677527,6.8105165471642355,1.7651653605309185,0.0,0.0,-2.5559846740546535,1014.1419706694238,0.9863060465893905,62.10000000000167,2959.9877993376977,nan,nan,126.3449543285816,2.766068695149727,-1107.3188164678984,130.64957483674638,141.1015408236861,739369451,2.5588083425495003e-06,1.373640598189064,1.001928000385154,clean,138.60096963193945,22.34029035334537,23.4532435417994,15.045155310062203,30.265972342558314,12.042362863664264,0.1106427478059711,0.0,0.0,-11.819999999999792,-57.423056168824466,-18.507147464682937,-6.492350733030102,0.0,-27.76293603155762,-68.03556072230892,0.0,38.74147257667686,-97.82076910512784,-73.55532330855695,-5.1070659370418285,-7.666479924926276,0.0,-100.0,230519
-408.9696195436968,39.05739879650927,100.75482328582808,17.681266128749826,9.981279072500334,8.064452186604031,16.525945363304594,0.7858377270661436,483.2391949880828,0.0,False,CRASH,1542,154.20000000001662,1,712256.3545682239,1324.7123796035582,4708.514587465361,477.1648715121177,dry,0.9979283359222483,0.9896650249975858,-0.15917952726179463,0.0,0.0,1.1850379338372825,1013.9742396957536,0.9855020900508515,44.99999999999745,1856.022759679036,nan,nan,133.62438840415413,10.44133223838702,-2779.7428442216183,126.88375046295174,137.03445049998788,1233058892,3.2241490674699674e-11,1.226010789078025,1.402429204120035,clean,197.04203315833107,19.8511806884838,33.055082153765575,13.24734560367601,54.955200601930244,25.013979568974097,0.41765328953545655,0.0,0.0,-15.419999999999716,-189.3508183844722,-32.92276938989858,-3.1470162125685817,0.0,-26.717348979673826,-89.4080902569645,0.0,23.28448186532688,-160.0022331469681,-135.83389852881484,-13.831998814312348,-9.202402760043364,0.0,-100.0,232061
-149.20660065979263,41.712351356463465,115.75851464452167,23.191395127033843,12.193528714380598,6.919586152767158,15.660746672693133,0.7874754441114771,746.4112946107598,0.0,False,CRASH,806,80.6000000000164,1,710899.8070501506,1325.3776810375252,4481.126833956275,483.7844679803823,dry,0.9956342652298269,1.4903753940044933,-0.2564282332106478,0.0,0.0,4.8427019396338,1015.7398551080335,0.9854154095624797,43.79999999999752,1865.354271999387,nan,nan,164.39847095342776,13.188187018867154,-3200.758498776973,127.45067504326762,137.64672904672904,2136568735,8.595564576309107e-14,1.3299011459413614,1.2322151960616137,clean,90.29680841719598,17.35983486691676,13.765174870279258,12.476805184962709,28.428787190041163,21.834454252017792,0.5275274807546766,0.0,0.0,-8.059999999999873,-66.66125246602334,-17.370533013213745,-6.9118778869979405,0.0,-24.628779872445268,-46.85860522175642,0.0,31.529245874473137,-47.57714008319969,-37.298272003805835,-5.4805610855120275,-4.578217163479168,0.0,-100.0,232867
-160.56197959476697,53.802962798410626,244.91124596711373,60.8213220898069,12.457022269772674,6.589334009245101,32.023132789251065,0.7571489295572628,559.132526081312,0.0,False,LOSS_OF_CONTROL,793,79.30000000001536,1,694379.6445386643,1326.3500518040846,4595.246029398038,483.05592320432845,dry,0.9986036742088996,6.820403050688668,3.0787317551171656,0.0,0.0,-1.6339431360888739,1010.0773731331055,0.9814490865751491,42.69999999999758,1732.5801584059845,nan,nan,173.4008776259278,139.3445380702026,-2155.8040201243257,124.9097788149466,134.90256112014234,1581761357,5.022483475608545e-44,1.9243474862484313,1.9853357618264906,clean,92.54607029985053,16.540688000194077,13.416663248409888,12.422414049514181,18.339994501164455,17.648033756974755,5.573781522808105,0.0,0.0,-7.929999999999875,-52.353329286165646,-37.061558792562025,-11.018715446182238,0.0,-22.09236317125411,-44.302806991452556,0.0,26.300416359843382,-49.80266081800399,-38.98315848769565,-11.440118904966289,-8.365329435243014,0.0,-80.0,233660
-635.6586070812674,86.8145047299574,257.31507166744143,37.493067272297154,13.787409836367654,6.598284365619108,16.350275709632786,0.7508475993786302,1425.0167353919064,0.0,False,TIMEOUT,1801,180.09999999999306,1,727520.5319467646,1325.029992215421,4607.055143390036,328.78667046281726,dry,0.9925151186580969,7.213743819226618,-3.4824308623790423,0.0,0.0,3.693705100341676,1014.1998715253281,0.9499586996027143,42.19999999999761,1700.2781187659668,151.00000000001953,nan,171.94491620573183,1425.0167353919064,1712.411134923945,128.77655534564883,139.07867977330073,678483596,2.583815820362932e-60,2.790176553833374,1.819210604311355,clean,277.6566710477076,19.173016781971064,29.02909600388675,12.81842261629721,58.74859571227003,70.62897124984553,39.999999999999936,0.0,0.0,-18.010000000000016,-327.8575214133162,-145.45735879539842,-17.041268554931854,0.0,-111.2358595515245,-98.51312884809701,0.0,30.282697305703877,-211.94564657814584,-177.63872214934113,-27.259227732999687,-29.03734417518938,0.0,-10.0,235461
-391.8015768570297,145.88266852413773,401.1316524314616,47.73824828583584,11.979606012013221,6.28410838457127,13.859210208141105,0.7302999925079398,1442.2924158959593,0.0,False,ENVELOPE_VIOLATION,1265,126.50000000004182,1,715953.8157699853,1323.4636501555508,4431.861191393394,248.751174460413,dry,0.9732610194566739,1.586546730029717,1.2158671425852838,0.0,0.0,2.8850157992851546,1015.1743832990253,0.9519286869486513,41.199999999997665,1652.9832596581327,101.10000000003271,nan,219.92906072119362,1429.5976216863307,-323.12251655081894,127.51039412983525,137.71122566022208,137321580,2.632895958627298e-146,1.7137453537618568,2.318240191353027,clean,198.62093259395652,14.01944657414775,18.5507065781805,12.239147391084582,30.862536728856444,44.893495725495264,40.000000000000036,0.0,0.0,-12.649999999999775,-247.20095919025394,-47.25151509336197,-10.22852781461843,0.0,-44.19714046424677,-67.08851779249811,0.0,20.561525117653844,-133.4248271246826,-118.52525105780913,-23.418888210174792,-17.563740818757562,0.0,-50.0,236726
-817.6681666599584,119.6226930749203,315.53847572653893,33.49151899547144,12.719510270512583,4.4405017501817134,22.44465353129393,0.7167943763375489,3345.2364676259417,0.0,False,TIMEOUT,1801,180.09999999999306,1,685444.6499349036,1331.5454518297288,4727.972415089266,221.5457476177362,dry,0.9636371525550488,0.7495228512974634,2.359600847350707,0.0,0.0,-0.6892019645165073,1013.9643136272806,0.899162791678877,39.69999999999775,1566.824118552017,94.3000000000273,nan,147.3724110692576,3345.2364676259417,560.6077875020582,124.0694797080144,133.99503808465556,392371845,3.295639522314164e-95,2.179307243930474,2.369229399503352,clean,307.8291271590546,11.958492314058148,22.44425845577116,11.880548126098951,30.173897646722093,92.3929912174685,39.99999999999996,0.0,0.0,-18.010000000000016,-426.5599009041145,-168.1975851865112,-32.64022582038319,0.0,-101.64203946409891,-93.05871174304173,0.0,17.17558509730573,-227.96815465538836,-200.04924754811847,-33.94570880694734,-39.45149254782274,0.0,-10.0,238527
-38.31178550148448,9.684298530456175,30.06286694173413,8.633972560392852,-0.6549548470363359,-0.6740859818585851,6.725083771197146,0.8267740749177486,4.321049662828045,0.0,False,RUNWAY_EXCURSION,483,48.29999999999726,1,720380.988866579,1323.558903562308,4603.099652722255,470.07966649790393,dry,0.9578869073352855,1.5328587478912823,2.8872789947359476,0.0,0.0,0.9866019958272076,1010.2885363723781,0.9858850703675387,nan,nan,nan,nan,148.194902227483,4.320049170429797,-1.4108939292882638,127.7940790488802,138.01760537279063,584160036,0.15312617914297955,0.18613064752336855,0.6038133694847488,clean,43.908634182618705,8.073232696565759,10.859949050104351,11.651689337174982,2.502662827267814,0.0,0.1728019668171919,0.0,0.0,-4.8299999999999415,-5.033162574115432,-0.5078186695322998,-0.06813201252015315,0.0,-0.9671505838187127,-29.8068912194905,0.0,11.70250662900241,-20.430387919455693,-4.942885689111165,-0.4914451846457872,-0.10538833834592037,0.0,-60.0,239010
-409.89452068250546,79.07800615747618,405.10560730246493,47.94810108376745,10.962917613501562,5.960075757623073,47.446327856036525,0.7509276916346482,1210.9500125798245,0.0,False,ENVELOPE_VIOLATION,1258,125.80000000004246,1,735805.2615981139,1324.9955024914004,4439.032668534201,322.3672966978344,dry,0.9933672675075885,4.487443034960662,-2.1392100076809912,0.0,0.0,0.28295348296571987,1013.9000747163956,0.9599283538965522,41.49999999999765,1661.7879805517014,106.30000000003685,nan,148.840778041658,1057.8259256726128,-1719.5367778091693,128.76774570913383,139.06916536586456,1889996323,3.31216019826667e-103,2.1095364163507107,1.8340287385374259,clean,167.86020637603332,15.230125813422399,16.373220303174833,12.419099387366288,39.413380845571105,39.415222466432745,39.99999999999999,0.0,0.0,-12.579999999999776,-210.79750519312248,-75.79140438358249,-39.96276236643849,0.0,-41.55255121851162,-68.80132740802766,0.0,18.97209860947644,-124.9836169216003,-95.48238203013571,-18.640406401065334,-20.985918561497222,0.0,-50.0,240268
-794.1193609061663,71.6608325527933,405.33985747349254,49.324291058619494,21.048090239963027,14.702202744414285,51.14874108031227,0.668345334620742,2859.3569808740067,0.0,False,ENVELOPE_VIOLATION,1758,175.79999999999697,1,762093.1795543485,1329.9833331621178,4286.065517517401,246.24713660317983,dry,0.9705168258320305,1.3100538205917784,-0.9281359113506671,0.0,0.0,-0.47403674834202114,1015.2765953054432,0.9174848335848798,43.89999999999751,1755.6092587392875,105.80000000003645,nan,144.65681883952698,2650.781777346284,772.0496683093747,130.7869539950197,141.24991031462127,581917524,3.375162613115898e-101,2.6542051917049383,2.4118472053973177,clean,265.64748332468884,9.609868862927597,22.08308587455547,13.764821144226223,34.08896538158889,85.39089340323275,40.00000000000006,0.0,0.0,-17.57999999999995,-303.1481395433675,-212.85072808894205,-42.53540533661853,-7.276440531609746,-111.85922956004718,-83.8427011661941,0.0,10.69417402845067,-208.34011498451318,-169.48625199750433,-34.09568863348496,-34.38395308355096,0.0,-50.0,242026
-786.8566101569647,58.12278771295936,129.65346167866147,36.20787500992503,24.08695607858934,15.366025765591518,31.733616567574572,0.7519550444173864,1648.5674587494132,0.0,False,TIMEOUT,1801,180.09999999999306,1,724997.3959215255,1324.1811020366285,4272.85639972681,2.6094699762280182,dry,0.9774768052589088,6.266492519004404,0.24947385579945847,0.0,0.0,2.5839471048224762,1011.5834095563981,0.9658503034559688,40.5999999999977,1608.5140057810934,156.90000000001416,nan,135.16223043508145,1178.0107613165478,-5498.413770171351,128.47423303205628,138.7521716746208,1744476983,5.298473759944348e-22,1.8905024279261822,2.785677235968174,clean,273.901609761843,7.626012749448082,24.569551525341357,12.303196441217292,45.55621744440532,67.94591452970525,39.99999999999997,0.0,0.0,-18.010000000000016,-407.1636148129394,-157.8671159242228,-23.562221519892663,-15.316343366402581,-64.61582648937329,-98.97456098449706,0.0,12.261622393264494,-222.10377037642678,-174.9948031918914,-47.3322667061953,-31.080211630340912,0.0,-10.0,243827
-57.707778657364436,8.768802504653719,30.387860361209288,0.9711801374028358,-0.8158663061159385,-0.8259386326494588,4.122519680404877,0.8503030956879593,2.481319794729245,0.0,False,RUNWAY_EXCURSION,493,49.299999999997205,1,763017.8459223752,1323.4872114636141,4624.703166352247,466.55765603932934,dry,0.9655454939602354,0.14065897023721252,2.3024345976626766,0.0,0.0,3.64441455976643,1010.0706438743124,0.9861628087191376,nan,nan,nan,nan,143.95494187651786,2.481319794729245,1.593560838638668,132.13891840278924,142.7100318750124,588053790,0.19136374043351562,0.3020352082991628,0.46385873273847733,clean,42.92642233302573,6.681298904166261,10.840882809844407,13.551148198782439,1.3891023100771522,0.0,0.09925279178916983,0.0,0.0,-4.929999999999939,-4.211967266805699,0.0,-0.01686805334645224,0.0,0.0,-31.646887791832125,0.0,12.302864525043878,-30.742341647960306,-13.796305391264374,-0.15438037888445474,0.0,0.0,-60.0,244320
-97.67177962264948,3.349705990951647,8.70594343774842,7.834519469310914,13.169827869628152,6.76427409542481,14.844753391787986,0.7941220950940356,155.90625212765332,0.0,False,CRASH,511,51.0999999999971,1,677813.0981537212,1326.8114354012132,4790.829228541092,455.0368826308769,dry,0.9708715645955234,7.654863073601986,-1.958809282529986,0.0,0.0,2.147235003188544,1012.3874339542782,0.9861476852449041,36.19999999999795,1363.2326055819567,nan,nan,125.41692735330035,11.880691941066516,-2741.6265755998006,124.08058785604453,134.0070348845281,1434281576,0.6596828549101132,0.316877814816349,1.180112760232026,clean,45.56890789767167,11.472479692106349,9.045525600955067,10.75238434801417,8.108103215259632,6.090700480760788,0.4752276776426575,0.0,0.0,-5.1099999999999355,-0.637076771710297,-0.9780129971439211,-4.1204634687113195,0.0,-15.710890821448844,-30.053496000136832,0.0,15.129535862446595,-28.881446135451075,-15.195315471780567,-3.2669482092934996,-0.3609945218300015,0.0,-100.0,244831
-58.35513007368741,14.245999481147459,30.06729786040443,0.846031407719589,-0.6470595362617918,-0.6352877511392436,2.2181318625445,0.8713157055554571,2.4761949646181876,0.0,False,RUNWAY_EXCURSION,477,47.699999999997296,1,694454.5461117239,1328.7169954733758,4515.566506440146,70.4650381052318,dry,0.9633689306499557,2.3431233755628096,-0.329310412460011,0.0,0.0,0.5480285213907896,1014.4151463494355,0.9974967846833452,nan,nan,nan,nan,141.93674948156112,2.4553986575017177,2.2526155986268392,125.12288409690674,135.1327148246593,1131487508,0.08633961744187783,0.18390527128221168,0.30842836415685543,clean,43.54917198016516,5.476528303755973,11.382962227528058,10.691108143187037,3.2198183752505147,0.0,0.09821594630006876,0.0,0.0,-4.769999999999943,-10.75627056449325,0.0,0.0,0.0,0.0,-31.775347701827428,0.0,11.398436995628062,-32.08522221460474,-4.765225668335767,-0.019305896240924793,0.0,0.0,-60.0,245308
-558.069973611909,56.43905143167451,112.05632614317422,29.63752487528813,35.862857209643124,16.10954428116231,15.128828355205005,0.7719439831646997,1785.0264608931136,0.0,False,UNSTABLE_AFTER_LIFTOFF,1595,159.5000000000118,1,704667.1797974443,1331.9953990488145,4258.580173791258,337.4637126514102,dry,0.9696470680935434,1.5795051751331561,3.651335728822008,0.0,0.0,0.78135937347351,1013.0917109432776,0.9391583853294203,40.5999999999977,1548.2556502463506,149.7000000000207,nan,82.90790011090557,1785.0264608931136,2422.991559365601,126.1728081179865,136.26663276742545,2058177601,4.124269455135637e-18,1.3271339183003241,2.7577302759895272,clean,224.44945637672893,9.290981326936379,26.699590720858453,12.441474167526327,50.47555688397819,62.855822482190014,39.99999999999996,0.0,0.0,-15.949999999999704,-334.386767978626,-46.775804004904046,-8.52662557889593,-3.4027373344819147,-39.00552829755933,-89.92142349643844,0.0,13.833543497667087,-194.27315659919265,-130.7734211414744,-45.62970408539795,-19.471230550816617,0.0,-70.0,246903
-160.19802728020284,12.841523882302626,25.212076526707527,10.632568243284549,13.605303322049751,11.150901472530009,14.236510331640174,0.7539643091494748,187.70064425878292,0.0,False,UNSTABLE_AFTER_LIFTOFF,931,93.10000000002634,1,755712.0565496729,1325.06695625152,4317.046458238854,323.5110852154875,dry,0.9536099490393994,5.3866567993641725,1.7105189659728288,0.0,0.0,1.8508047828713252,1012.3885764637917,0.990093627962832,49.59999999999719,2243.339204404785,nan,nan,123.0323214685753,6.336198971397835,-761.151087820782,130.94983218681725,141.42581876176263,1216325249,0.10959518746423642,0.2772811283334927,0.6983277222545576,clean,102.56615399844365,8.011227574100722,13.183622600727015,13.1841207701822,9.36333648911196,7.561323141815024,0.2534479588559167,0.0,0.0,-9.309999999999846,-17.0584787624429,-8.164866605097028,-11.991452544042001,-0.4070424827597937,-61.8792431743964,-51.465005324388216,-0.0323577821415001,8.389849710120142,-72.28925512933591,-18.065810750674874,-1.4599294601621589,-0.5876675081181566,0.0,-70.0,247834
-62.89614216526666,15.140806184140848,30.01731551960387,3.0359205784328176,-1.3563745335042925,-1.2443609455621132,1.7815391477748248,0.8587034328689565,2.7400751634208405,0.0,False,RUNWAY_EXCURSION,491,49.099999999997216,1,725676.4059440163,1322.5626580311748,4291.05829229191,498.478379939544,dry,0.9796444341849799,6.170739193046054,0.8207947015765513,0.0,0.0,4.631453402282535,1010.1839662277297,0.9852972254779667,nan,nan,nan,nan,138.3077135950174,2.732114027281284,-2.4453422352246434,129.075505438112,139.40154587316098,1987956916,0.07185281567077316,0.13025528255022006,0.24264740750156905,clean,44.51502480582205,5.837843677267093,11.674587729310346,12.12938018056126,2.5913161170412407,0.0,0.10928456109125137,0.0,0.0,-4.90999999999994,-12.506534427300823,-2.636616925925341e-06,0.0,0.0,0.0,-32.063962607190135,0.0,8.132395910662495,-36.28723943457226,-2.0336956196100093,-0.002298911134727781,-0.08224151059740142,0.0,-60.0,248325
-80.79603303650721,9.188406450527076,22.34851849327357,21.50620486158978,3.9248287747242157,2.86932197868375,3.1995091105158497,0.8202011124885813,29.32779932808637,0.0,False,UNSTABLE_AFTER_LIFTOFF,429,42.89999999999757,1,713816.3476012471,1330.6353513941506,4294.4551031773,347.6718148343659,dry,0.9773396639027093,0.3159627146286921,-2.7882089695775685,0.0,0.0,-1.5582297491305255,1015.6420331763835,0.9892549654411008,36.49999999999793,1382.4964220826523,nan,nan,160.42153756072435,6.499461594455397,-362.9092100860166,126.31518327216689,136.42039793394025,2065840828,0.03342580889981798,1.0492311960854594,0.957943296260728,clean,36.65306202161979,5.581402679483143,9.464827944003984,11.233586158265481,4.513044988999376,1.0161709417154074,0.2599784637782167,0.0,0.0,-4.289999999999953,-4.024344757770839,-9.053486931330863,-0.00016032554903196768,0.0,-0.5435848431873935,-26.37368640249854,0.0,8.500151707152245,-25.977577122825302,-14.255281783618862,-1.7955038471275815,-1.7046319276163886,0.0,-70.0,248754
-59.749130069176104,10.942003601104132,30.38783904465582,2.9983224837731366,-0.004837724981633934,-0.11591255220201192,1.8963617076304629,0.8458551608801075,3.7273393592255957,0.0,False,UNSTABLE_AFTER_LIFTOFF,439,43.89999999999751,1,710347.5575187099,1326.0456508571094,4305.162883225133,281.6294115688396,dry,0.9526179724840644,1.2072734037590154,3.4637417024824906,0.0,0.0,2.0942816636298502,1010.7631253229987,0.9913822860198912,43.499999999997534,1880.756987459131,nan,nan,150.92434561328565,3.7273393592255957,86.00955647397825,127.11399677162605,137.28311651335613,1606851424,0.1496877139888475,0.138800481983718,0.30216923056481093,clean,37.6856601867767,6.667232106558401,10.194137680308854,11.325206733720778,2.480162186073602,0.026268239167318772,0.14909357436902393,0.0,0.0,-4.389999999999951,-5.840038599120754,0.0,0.0,0.0,0.0,-28.020910595443763,0.0,11.196972233030992,-28.98988451940917,-2.067307479924915,-0.02296934092027907,-0.1427524743628334,0.0,-70.0,249193
-130.07682788620298,17.072835001774507,54.00677234725898,14.133677671580806,13.851905709278162,6.72297736813587,9.994179002833594,0.7951818338681345,2089.36287863572,0.08882521489971347,False,TIMEOUT,1801,180.09999999999306,1,672955.4791312435,1331.2516023012276,4266.4843167736135,264.7414585225588,dry,0.9788839532155552,2.9114734719931983,-0.7151416732303582,0.0,0.0,4.3964763308449974,1013.0893010981441,0.9409802337098416,68.00000000000637,3428.013641200324,145.3000000000247,nan,155.74817558632708,1818.4436814679952,-50.51793427489834,124.07021225192938,133.99582923208374,1349431587,0.0016223665524193378,0.812081325647396,1.3094706500992492,clean,255.44062610345338,16.80766247040483,37.501763405805704,13.628509480754118,36.55808570154506,64.1770000802458,40.0,3.1000000000000014,0.0,-18.010000000000016,-58.32872585456321,-16.36980710947747,-3.171288301505345,0.0,-21.90454474509043,-105.78022140307341,0.0,17.45372877233764,-214.22919359173721,-146.49990390252543,-12.50405363151685,-7.946465361254177,0.0,-10.0,250994
-100.88346832378971,18.402838026351517,42.68615639202706,9.537358736547631,18.389250561774606,12.34499867966066,9.17948432255614,0.7697396798308587,1275.7960052842914,0.0,False,TIMEOUT,1801,180.09999999999306,1,706589.2992630154,1328.5030731813106,4650.896010343184,123.25876811945552,dry,0.9904413718307453,1.8343891492613515,-3.1168208760077527,0.0,0.0,-0.9307793489640668,1011.9868613633095,0.9592231633918865,62.20000000000175,3213.038588989441,171.8000000000006,nan,103.58607256942722,1275.7960052842914,739.0428963180034,126.03861666077358,136.1217059936355,1848342201,0.007038481269267976,0.5937667935514497,0.8111847605689436,clean,226.04503160145816,13.18817902669326,33.475742689149286,11.606258112400127,46.94630776661903,62.03684852853257,39.999999999999936,0.0,0.0,-18.010000000000016,-67.77051886787308,-4.510598175560629,-3.685608352906198,-4.67346852870978,-15.39250904715185,-100.58219318029492,0.0,17.635458757796805,-202.6721960540737,-118.4270384430811,-3.6257715121795893,-2.4673926446035828,0.0,-10.0,252795
-82.91354015403164,13.479013339650018,30.229002437863976,1.8319137372400427,-0.6815933209214687,-0.698932981163635,4.549327853056604,0.8173759593782082,2.1353572008157187,0.0,False,RUNWAY_EXCURSION,626,62.60000000000207,1,734805.3105864107,1328.4551524327921,4610.145045497662,130.38139363483165,dry,0.9558128125058161,5.3833254020195325,-2.915548295735035,0.0,0.0,4.271567261977887,1015.6522203253992,0.9958329886699462,nan,nan,nan,nan,128.91224114807642,1.8810964308278244,2.8218062906416286,129.4550865664874,139.8114934918064,2139873756,0.08195151605590427,0.4649941358130342,0.7056912706828108,clean,60.24605119736487,8.005053457529264,13.658889657583986,13.127636108916942,0.27732221047513106,0.0,0.07524385723311308,0.0,0.0,-6.259999999999911,-12.637117686905544,0.0,-0.040984854938179355,0.0,-0.053286682038319856,-38.585892862996744,0.0,13.395996807945743,-44.10763711646932,-29.023296706812676,-0.9915175409195205,0.0,0.0,-60.0,253421
-76.61835319883565,18.975575406682598,28.96203860739699,4.100107400983654,2.620288224526629,1.9510237983322085,3.7503434565857776,0.7362169672755683,4.348674052097351,0.0,False,FAILED_ROTATION,857,85.70000000002045,1,765424.5463939246,1331.4246004936208,4276.8554038603015,366.3130327689381,dry,0.981975160869838,5.614338097214972,-1.7929236940936977,0.0,0.0,0.38667297133189127,1010.0873354754691,0.9888685698690092,nan,nan,nan,nan,145.46198648395273,4.348674052097351,141.43869955595443,131.60519313609893,142.13360858698687,530743582,0.027008655372471907,0.37022674138998235,0.6857944615394488,clean,84.60118569244838,6.459653028666115,21.954687429952166,16.9690151599533,2.046787866664308,0.0,0.1739469620838941,0.0,0.0,-8.569999999999862,-34.28689999406617,-0.00227703454428985,-0.0031008875501561525,0.0,-0.00014679396499896134,-45.89961293849181,0.0,6.3310296424976915,-44.32308914807534,-30.812453203792,-1.2215401369560983,-0.035538843660483266,0.0,-50.0,254278
-66.42403769412746,10.800081686892469,30.36980570987547,28.077951419396044,-1.2159903778755965,-1.2752972751689318,13.95330844648919,0.8121370288568571,6.1810884196663665,0.0,False,RUNWAY_EXCURSION,444,44.39999999999748,1,729806.5748952099,1323.4645136071147,4599.287580619824,214.31087543548523,dry,0.9601676073910802,5.644576812689069,3.012361525194248,0.0,0.0,4.768646085177485,1011.0081983393354,0.993308288258441,nan,nan,nan,nan,140.624597445795,6.1810884196663665,25.602758497070397,129.4198354779301,139.7734223161645,1208033236,0.01995367189732986,0.3295387523920241,0.6661172514529348,clean,37.49239721436357,6.356395600566932,8.827967312476979,12.248174048641348,0.6345767593776435,0.0,0.24724353678665467,0.0,0.0,-4.43999999999995,-5.754327045881806,-9.606224631181606,-0.7874737706968467,0.0,-0.8851123709918695,-26.914470782134096,0.0,9.641617384137314,-25.627383117572656,-5.818130479344259,-0.7217710917805548,-1.3175162608941504,0.0,-60.0,254722
-98.2527228872889,11.719428535587594,30.17919717892153,1.4293102764373957,-1.2544858560165657,-1.283638585985925,5.400013409631343,0.7831002691274332,1.8925821045423277,0.0,False,RUNWAY_EXCURSION,646,64.60000000000366,1,729858.6711181871,1331.976448841881,4336.873158600498,453.7812734681866,dry,0.9641111870458844,4.967605392127786,-1.725208446588169,0.0,0.0,-0.7695855435420711,1013.6072625532917,0.9863431667243641,nan,nan,nan,nan,121.55716561955484,1.663383748635738,1.609998937912458,128.0306350892996,138.27308589644358,303324670,0.11208263648439992,0.4665239734528953,0.6409293629404703,clean,59.052285019107856,9.618042593762302,13.839188767951754,13.057747356356765,0.0,0.0,0.06653534994542944,0.0,0.0,-6.459999999999907,-9.85831926218679,0.0,-0.10715439140673078,0.0,-9.236349612650398e-05,-37.47727271955532,0.0,10.188257337664025,-55.67474580666128,-33.81728772838287,-0.6799070403873686,0.0,0.0,-60.0,255368
-49.93336776702844,9.76238448957216,32.85521174202188,4.149772358897452,2.7546144567263053,2.482427049385911,2.9845542624658963,0.8072175874682561,7.32480682360881,0.0,False,UNSTABLE_AFTER_LIFTOFF,462,46.19999999999738,1,741328.4836092608,1330.3701982441812,4670.20006342622,268.17708901596444,dry,0.9694190847179454,0.6537014822881453,-3.142954724573264,0.0,0.0,1.8520879423730152,1015.11525474441,0.9916656458306314,43.69999999999752,1845.7002251247795,nan,nan,147.92080375827427,6.805573487104482,-55.290328934303474,129.52363257191075,139.88552317766363,225336197,0.14085081947471184,0.2361409987292904,0.3539357374251035,clean,39.528027453943324,8.54863820918304,10.63162250597571,12.600923573364147,2.4944697776314775,0.09912782999846045,0.2722229394841793,0.0,0.0,-4.619999999999946,-4.892279747341601,-0.013590029426992773,0.0,0.0,-0.006932295517934101,-27.71628851585378,0.0,13.510523130046325,-22.429338607723917,-7.833936110980361,-0.06041497537528733,-0.046142904435178766,0.0,-70.0,255830
-84.54579984151611,11.985797263872222,30.220125918567124,29.354513066752528,-0.6567157743419173,-0.7000463185253021,18.37560785813982,0.790704980820811,6.251535489904569,0.0,False,RUNWAY_EXCURSION,454,45.399999999997426,1,678618.8959386738,1324.4426050096097,4677.568700259036,210.7464286209604,dry,0.9805008162902323,5.9584658015020535,2.9124182064288466,0.0,0.0,1.5902705943537674,1010.0477600919698,0.9933385374830666,nan,nan,nan,nan,133.88634806198263,6.126105888094173,-10.405391760892826,124.17873662425369,134.113035554194,1438946863,0.011335527263794108,0.5596710707915469,1.1500983375306095,clean,40.0368454242014,5.030727471570251,9.205392679260678,10.60993350568174,1.7385919959562628,0.0,0.2450442355237669,0.0,0.0,-4.539999999999948,-7.246815396332625,-12.921012938847346,-1.307129047813457,0.0,-1.564888443586567,-26.710273991781857,0.0,6.958621078932143,-24.250729940158532,-15.003107380836632,-2.996134594312328,-1.8308644989729745,0.0,-60.0,256284
-99.32308601591035,14.003235172090463,30.052900984440225,21.045437452538902,-1.0193661398845797,-1.077745742521052,6.5242151456247,0.7898512486016973,5.3065029496222,0.0,False,RUNWAY_EXCURSION,530,52.999999999996994,1,757941.3587828927,1326.826252066128,4585.652003090562,401.1327128997852,dry,0.9692857681868089,4.835220812394554,-3.0746561266686845,0.0,0.0,-2.1916356593882362,1012.8473756693783,0.9877362469594779,nan,nan,nan,nan,129.73113781103177,4.885944426475646,0.21450550846033423,130.1961040534271,140.61179237770128,102092473,0.02731573702283794,0.3574158844239501,0.41628243836800494,clean,48.229420019890284,6.318980070181514,10.868070731065913,12.536116826461026,0.680778767671109,0.0,0.19543777705902582,0.0,0.0,-5.299999999999931,-11.54755727788687,-26.965782642713716,-0.2782839940012868,0.0,-0.13202405784813998,-31.118549004757714,0.0,11.761114478502241,-36.341911115366194,-17.720559100096708,-0.07050168372486064,-0.43783581034581176,0.0,-60.0,256814
-81.45894252135582,10.16961964147479,30.301735455312013,1.5418536157287035,-1.4790222956430448,-1.5056373768929958,6.271062448626594,0.780192012772148,1.7581525597888685,0.0,False,RUNWAY_EXCURSION,567,56.699999999997374,1,723057.56974862,1322.211129255175,4347.313059894463,440.0195644373555,dry,0.960356438541854,4.032681762181636,3.271627132170823,0.0,0.0,4.124922696949554,1013.1765283073667,0.9869628883255137,nan,nan,nan,nan,115.36750472530719,1.468179614407859,-1.7367424189104774,128.54063553575835,138.82388637861902,1534631621,0.13533396726040978,0.505615525610104,0.6793109676080851,clean,50.150303824345315,7.6567703286283795,12.22985333944913,11.457726712196981,0.0,0.0,0.058727184576314345,0.0,0.0,-5.6699999999999235,-6.515533310093005,0.0,-0.18791211275884212,0.0,-0.0009643094909620296,-32.5743670916569,0.0,11.608392644980679,-45.11035420388868,-23.842078184557508,-0.7195073430863813,0.0,0.0,-60.0,257381
-290.2962807088893,46.105060001073745,169.84922175889193,41.289024110421266,24.016561509480805,7.478748786706097,23.744557021899418,0.7597254566874474,1423.4024652025787,0.0,False,TIMEOUT,1801,180.09999999999306,1,678247.9816176913,1325.3139971308685,4215.1115781611725,137.59424060476073,dry,0.9688780045551593,4.648421620545998,-1.9610342331310862,0.0,0.0,-0.9063473928856798,1012.5768532373386,0.9605178362581985,36.49999999999793,1349.3245731889806,164.40000000000734,nan,139.866484217654,1215.4384115177977,-3620.702163233567,123.45431234916214,133.33065733709512,1762818387,1.1589764445079763e-24,2.0091609561081865,2.0060505011646876,clean,265.958183241025,17.662573413814936,32.9765904145481,11.502827619419705,47.86117265045228,63.12128464488832,39.99999999999997,0.0,0.0,-18.010000000000016,-144.43121400051368,-95.37579461882075,-22.207490227905847,0.0,-35.64113876569519,-99.60493168579235,0.0,20.798914170113772,-182.08481911415035,-130.98584706770254,-29.605592026723265,-22.230999355844073,0.0,-10.0,259182
-201.13488545185768,25.220292042147268,154.5293769215637,35.20940328376317,18.066910634973265,6.547762229515761,14.856723790642777,0.7565555530532206,1092.6085492792172,0.0,False,CRASH,1711,171.10000000000124,1,750427.4839253818,1324.1943471833417,4513.781755186315,220.58993474706733,dry,0.9547426478784578,0.9844861464247359,1.6933360683030498,0.0,0.0,1.8836577417231766,1014.6765799098018,0.9924499514415338,40.99999999999768,1596.068651760551,146.70000000002344,nan,215.36956158208858,27.607363449397752,-3384.219045743736,130.3513503622923,140.77945839127568,358743432,2.2107600665055577e-16,1.4138874783621695,1.361125746914176,clean,259.2094488160369,21.45689874358163,32.49197139349272,13.40264792203046,42.97667420899311,42.22361145673853,1.1042945379759337,0.0,0.0,-17.109999999999875,-78.32009686244193,-38.98731783974391,-6.645414936283926,0.0,-23.693516411914008,-94.02322052727739,0.0,24.595065512714843,-150.04577111814874,-104.75411225756675,-12.626421003476281,-12.38962708656508,0.0,-100.0,260893
-241.08819006162034,22.558262262906155,61.68728479884061,21.908353525329026,19.06671786762711,8.989771651711344,16.388494067777312,0.736149244764744,1193.877453903197,0.0,False,TIMEOUT,1801,180.09999999999306,1,715422.097377489,1326.04970320043,4438.146900044943,365.6351457339583,dry,0.9721320682877894,2.4306311290063354,0.9901093544345683,0.0,0.0,3.7661567392882676,1010.4474069284963,0.9680729501881468,38.49999999999782,1484.2582622320438,157.10000000001398,nan,134.33106142170445,740.756585316128,66.25792401359895,127.95408977599345,138.19041695807294,1461111207,4.34224963029397e-05,1.0404820640498171,1.4010798846626533,clean,248.95056978311516,20.92533207105422,36.26289774742155,12.41130590704444,43.441427267360574,50.62067848248977,29.630263412645135,0.0,0.0,-18.010000000000016,-101.50207271766251,-47.79368984281827,-8.263982100283277,0.0,-49.20661904920089,-95.48021848118195,0.0,22.647338579077616,-187.0690182544476,-161.28475549627342,-15.54700997834236,-11.820637391613285,0.0,-10.0,262694
-173.05263654537143,12.359588864889334,31.36296378763098,14.39430333012559,12.96125906503154,10.147125504814332,14.008640344738271,0.7915968398170131,250.90169109544166,0.0,False,CRASH,1197,119.70000000004751,1,760879.3415554735,1331.439945379536,4330.909562496093,84.26194164268541,dry,0.9736454908524435,0.457441621217729,-0.8448222014593418,0.0,0.0,2.499265309176292,1014.2743857261837,0.9970200384439714,44.79999999999746,1840.6009424603367,nan,nan,155.269148678958,6.19650036602232,-1462.6986402974371,131.42124265363177,141.93494206592231,849452775,0.047533880682885825,0.612017050567141,1.5704027665858695,clean,147.22901400200675,17.57654375537839,22.920309654944578,13.770337221526612,34.745790677397046,17.601845056198545,0.24786001464089125,0.0,0.0,-11.96999999999979,-20.317005108909818,-8.053709576697809,-4.562148992176392,-0.0010923102194483193,-35.17835398856725,-69.73716126825475,0.0,24.011860127921572,-112.16115301255151,-71.37186420742843,-12.93822229483757,-4.865486295740953,0.0,-100.0,263891
-126.25018546600826,16.187751681847704,45.169120209488185,40.77191523215792,14.567400228993149,9.980112199603953,26.16391659315087,0.747795923515622,805.0898629465546,0.0,False,TIMEOUT,1801,180.09999999999306,1,683529.8362476688,1323.9172945256641,4786.685785378661,54.57966569905132,dry,0.9803355231859687,1.7052088627267672,2.045353922045427,0.0,0.0,-0.7184187837798302,1015.7717733408994,0.9973015388215457,33.799999999998086,1211.5111118049049,nan,nan,138.74079055642736,25.100081579139086,-3135.2884238996066,123.77949235819385,133.68185174684936,1918513088,0.00010291554902687609,0.9690408496943816,1.5672561666833944,clean,233.61580730664497,19.496558190867994,36.23324242014288,10.263968189109312,60.825742388295424,53.725708748044646,1.0040032631655726,0.0,0.0,-18.010000000000016,-52.437776825356494,-25.95571027352561,-5.599779570919734,0.0,-16.67129779155491,-97.498788898491,0.0,20.644070903776097,-183.04773590735672,-124.83859403636926,-18.569884643119376,-9.429718929358433,0.0,-10.0,265692
-325.3690217248253,26.043782529924435,88.54124037583885,23.73200784974013,12.027783601451606,9.21706779862347,14.827188600337704,0.7546152292751985,349.3859127075493,0.0,False,CRASH,1773,177.2999999999956,1,760475.9195635412,1328.0551592178338,4766.948793626929,341.7352645827743,dry,0.9772604582045563,1.2442451905255432,2.8793692531632074,0.0,0.0,-0.3390632998474432,1012.9612476654455,0.9892815522132588,44.79999999999746,1843.0548636274411,nan,nan,162.17481308131835,13.6068616863854,-3491.4157617650244,130.82801481506343,141.29425600026852,1954759372,1.1491824411479301e-07,1.0724475648531062,2.1017804745129505,clean,243.92367707139374,23.137876935580366,30.095933728513533,13.345333927587616,48.898884194154256,39.72382457373961,0.5442744674554194,0.0,0.0,-17.729999999999972,-103.16459034134226,-43.12579830130632,-11.18921904147125,0.0,-45.257228357447374,-97.25936088054291,0.0,30.96784505283304,-165.29079790363122,-123.74953039796881,-35.763528863225176,-13.476617589143357,0.0,-100.0,267465
-41.19356281131854,6.4579729189279425,16.603562856989907,15.396030922420296,8.497410475840601,5.091173712514185,8.09990657606498,0.8034756999703777,74.16481030008737,0.0,False,UNSTABLE_AFTER_LIFTOFF,670,67.00000000000557,1,749148.3454651666,1322.5596845342438,4539.407645882135,9.716352280292162,dry,0.965225715055974,6.803604936317864,-2.618193997346808,0.0,0.0,3.1228781742497906,1011.0121297462613,0.9992174680028953,46.79999999999735,2087.016016921319,nan,nan,164.4213755622091,5.272191512646829,-998.7339443898156,130.75446862358243,141.21482611346903,1240184092,0.25503773807409164,0.42168611324479804,0.9192647325050455,clean,72.97798161134563,13.533657109910381,14.984976933049737,12.24481411071084,16.381513805671702,5.1034070717060045,0.21088766050587357,0.0,0.0,-6.699999999999902,-3.104736392052944,-3.8488102095023713,-0.2925657037675932,0.0,-1.248308650480453,-39.99136000128854,0.0,20.299968627979485,-44.22155063041122,-23.084821118320903,-2.3978761344584387,-2.040740901915442,0.0,-70.0,268135
-34.5955904725868,6.07877904765061,15.451413650765211,2.070242323826699,1.9813362013876594,1.870704779159702,2.885320823695667,0.8253617159693346,3.8832342854963144,0.0,False,UNSTABLE_AFTER_LIFTOFF,521,52.099999999997046,1,712908.0858032083,1325.015404066651,4352.2382212128505,316.5140411515914,dry,0.994509511726835,5.5377477341256,-0.5736226272039779,0.0,0.0,4.648137331228664,1013.8140257424704,0.9904639586681842,51.29999999999709,2391.320637233221,nan,nan,139.34979560035438,3.4826963916886484,-32.717678589873756,127.70931181382856,137.92605675893486,1205598967,0.5671488811803331,0.18584164792034125,0.3705650087089507,clean,48.188362009011904,10.171048201236728,12.51419004871679,12.097349993862801,4.37543391825914,0.010178109575266093,0.13930785566754597,0.0,0.0,-5.209999999999933,-2.139084444887924,0.0,0.0,0.0,-0.0032585579025290333,-32.00779016409507,0.0,15.170010049834525,-22.62976259902353,-5.088020467376271,-0.1005751712505648,-0.08297925421553864,0.0,-70.0,268656
-80.28113639292624,9.37187883304247,24.136198384151996,5.635705703975959,1.134088084850654,1.2688419654341552,11.55227758158314,0.8011853416518466,4.124980342448623,0.0,False,INSUFFICIENT_RUNWAY,820,82.00000000001751,1,762990.4095824038,1328.6283195974506,4257.468084243322,413.7993262882738,dry,0.9678037693248556,1.0202782313134504,-3.760660953512066,0.0,0.0,2.339868910254732,1010.8584218167553,0.9876479646899474,nan,nan,nan,nan,114.85136875507177,1.445028407418988,-0.9353727966725955,131.78945293147692,142.33260916599508,1525958284,0.1129269730248317,0.918902184952771,1.7273809558329016,clean,84.77906623831981,12.744401703909784,18.067495819657836,13.832460468663621,3.249975974996293,0.0,0.05780113629675954,0.0,0.0,-8.19999999999987,-8.002481394023123,-0.1212379678999281,-0.9816819284721079,0.0,-2.8426154624719113,-48.805492042959706,0.0,19.84740077572164,-58.20988529341796,-45.70868385187217,-9.876587843574942,-0.11107272579938837,0.0,-50.0,269476
-16.002136936855642,7.234495410605049,19.266943014391064,3.1633271661183087,2.377145112587002,2.372403385975311,3.28080140442189,0.8140533479818348,3.530957349851363,0.0,False,FAILED_ROTATION,791,79.1000000000152,1,759867.4743571632,1331.9522837106097,4328.508409519021,66.836098561267,dry,0.9978585675215781,5.7468034222814905,-2.8755352629929627,0.0,0.0,-2.126623947284928,1010.7380604298905,0.9975800301030171,nan,nan,nan,nan,153.81983053454132,2.8478973415843996,24.849710086792847,130.51221762379492,140.95319503369853,1241966919,0.4125691550459156,0.29054401163821797,0.613754006045816,clean,85.802667917294,14.987551428249716,19.90607316661229,14.76196104004119,6.255524567549678,0.0,0.11391589366337589,0.0,0.0,-7.909999999999876,-4.599921973581976,-7.263738116044483e-05,-0.00027480263810782666,0.0,-0.007824532110003078,-47.93459357636447,0.0,22.12128623862425,-47.54189838236431,-21.014600765902763,-0.8570892534282424,-0.0848412651188961,0.0,-50.0,270267
-97.02367793775935,12.721829881114509,34.869217516491915,12.273773730627944,4.1196401537899,2.533910495660562,6.662314400383422,0.8269290813775821,60.30045093087555,0.0,False,CRASH,535,53.499999999996966,1,683886.9265386271,1322.9711498114864,4298.610610058872,52.436858250700105,dry,0.9809902477449517,6.774026721118984,1.6436028106532556,0.0,0.0,-2.4720811212882596,1013.8910055472797,0.9976550239563365,44.29999999999749,1918.2366722675874,nan,nan,133.4295371848116,14.61178545950996,-1466.4549800459117,123.54797728314402,133.43181546579555,1601735538,0.03733710772982473,0.6605091601576416,0.5833779310655699,clean,50.26849551181512,11.229853887818768,11.954751855363742,11.58928405731099,5.355147319095565,2.175164499599401,0.5844714183803982,0.0,0.0,-5.34999999999993,-9.620783467261063,-5.946428987470281,-0.17676516477399307,0.0,-2.9439578845442105,-33.063290488609724,0.0,19.595349107692474,-29.157283361803756,-22.113640158884287,-0.6382083229274068,-0.7658377585610197,0.0,-100.0,270802
-25.73731077896486,4.306480719006776,10.558971244067848,11.8757869186955,6.717148854691644,5.1774756169574925,11.21449737489171,0.8111683313781817,76.137814429694,0.0,False,UNSTABLE_AFTER_LIFTOFF,773,77.30000000001377,1,747372.3072365762,1331.2021916636722,4203.402333985899,424.43980497824714,dry,0.9553636050961423,4.148440259699077,-3.018650036458584,0.0,0.0,4.460566835581271,1013.7435977723021,0.9870504988278517,44.899999999997455,1797.3376332792695,nan,nan,175.94037987593993,14.867362463677864,-1015.8126994452585,130.72246496170192,141.18026215863807,416890512,0.43149769197253696,0.485012739923093,1.594944980180118,clean,88.99989074704702,18.131786265511305,15.519719167471125,14.285980509655584,17.584563886536266,4.970622544135215,0.5946944985471135,0.0,0.0,-7.72999999999988,-1.5928761099550994,-2.6271489600720717,-1.4304836092296376,0.0,-7.50899024435039,-46.49174364359262,0.0,27.452387687396474,-32.71945104840828,-32.878659716727526,-8.735170887205921,-1.5624318657233645,0.0,-70.0,271575
-64.64574826321056,12.807437298782443,31.13718984341324,10.491780086506644,4.512440521107595,2.3518828762670196,8.468274431025591,0.8109047310089503,76.59200500507853,0.0,False,UNSTABLE_AFTER_LIFTOFF,635,63.500000000002785,1,680010.2293458661,1328.0102256386128,4248.784906750316,256.8271830543867,dry,0.9854700213189397,4.350249562207597,0.7050672757890233,0.0,0.0,1.8493098115857656,1013.0032831265711,0.9918471869596157,43.999999999997506,1831.5075304978882,nan,nan,174.1363273190307,11.75800790974904,-292.8093477607292,124.17997434841892,134.11437229629246,1679665482,0.07061805208509471,0.3986551820364644,0.7921957892422483,clean,66.52074631878321,11.983841965363418,13.395722758224188,12.69848412489499,10.738953333005579,3.1013509415497826,0.4703203163899614,0.0,0.0,-6.349999999999909,-11.573259539224969,-2.0116477867021993,-0.6561999952823202,0.0,-2.3710561420530194,-38.2379191928182,0.0,17.481248590624404,-43.386507529175,-23.60913348201317,-1.3708024068645257,-1.4698905379124563,0.0,-70.0,272210
-64.7274402180994,5.375025885394765,13.010873448074554,16.812614265150696,6.5933509335940315,3.245437086073609,13.355713641337635,0.8084055914041447,105.87506555445933,0.0,False,CRASH,596,59.59999999999968,1,679747.2418672837,1326.6954285944437,4273.58703984949,203.29432551192278,dry,0.9913310150412944,0.6464706007125747,-2.028727416877652,0.0,0.0,0.41544563534450507,1010.000463367253,0.9933815450065143,39.69999999999775,1555.484456002818,nan,nan,170.243436680011,11.048901832916442,-1431.0270883135713,124.03261219784038,133.9552211736676,1129624176,0.2748226505405691,0.4429966102941455,0.988434976187968,clean,62.721217760308754,11.911730554292866,11.610682308953391,12.283402945961978,9.061496972133071,4.659074700118503,0.4419560733166551,0.0,0.0,-5.959999999999917,-1.9132198164581786,-4.734057988962634,-1.8370566566454967,0.0,-7.717229815493517,-35.69168092962265,0.0,20.00775116622917,-23.6094299439242,-12.300070804028211,-2.28730803983216,-1.3746987044466612,0.0,-100.0,272806
-18.25961575588042,10.65449022784377,21.990039171736125,7.92721397629826,3.857250306970165,3.881655101334384,4.73571412155829,0.8141558966995066,4.397758096236032,0.0,False,FAILED_ROTATION,816,81.60000000001719,1,761581.4742746133,1327.537486213806,4382.5978141984215,391.6878252885559,dry,0.9729946603199147,4.283395547279312,-2.961157073602766,0.0,0.0,-1.5844758953324032,1015.8579230662016,0.9881046149569614,nan,nan,nan,nan,146.75072840274726,2.536504924009762,4.358983155123539,130.45311593917154,140.88936521430526,1614599411,0.20555326083352213,0.3151774333797435,0.33080234759769483,clean,87.07424880354938,12.92191541926075,20.537868908474916,16.086820271761145,6.861622264263635,0.0,0.10146019696039049,0.0,0.0,-8.15999999999987,-10.292313356046469,-0.7637343319914471,-0.025811869093305507,0.0,-0.028777077606890984,-49.28609469611642,0.0,20.043721827333684,-42.09513988655991,-21.031326870268064,-0.10160143496881895,-0.10247392483283137,0.0,-50.0,273622
-101.99757808339882,12.79359288562772,35.629664894303765,9.945258371489428,4.205473009148103,2.3610815340023277,9.850210309090897,0.8080104614297544,61.128690605042834,0.0,False,CRASH,536,53.59999999999696,1,707274.050815599,1330.440961690026,4518.25630593184,280.5582699120505,dry,0.9669531415229985,2.507305763725168,1.9722560647591774,0.0,0.0,1.8541872871753542,1012.9546831728495,0.991186551853612,43.999999999997506,1824.6306115818627,nan,nan,149.09607350189094,11.002807223250272,-1275.3046180882154,126.64900303874401,136.78092328184354,1124067516,0.044428684183116636,0.5651857828866144,0.8118702888899625,clean,50.28474835696435,9.57289120178901,11.794336925291066,12.025526356675437,5.8705469828965535,2.2100327900127317,0.44011228893001175,0.0,0.0,-5.35999999999993,-9.74781623809186,-1.6895287371341312,-0.6130750747121442,0.0,-4.603315814383238,-32.09803226989062,0.0,16.10299354769506,-30.282842314988912,-23.377738496610043,-1.432653007153956,-1.0937645806881762,0.0,-100.0,274158
-60.133460902234525,9.512497861620885,38.867923617169325,16.170578897396975,3.572113151212194,0.7877466781590329,9.933815635321894,0.8069317993507081,26.005095770715798,0.0,False,UNSTABLE_AFTER_LIFTOFF,544,54.399999999996915,1,709433.228871295,1325.6653624189894,4740.336955341472,456.59804864353777,dry,0.9910412695464879,0.6566461962717822,-0.8020985483393508,0.0,0.0,-0.11921488454366269,1015.058761262282,0.985933123230245,48.89999999999723,2166.8405019446823,nan,nan,145.35128210476293,13.705891485058316,-711.9210434169313,126.2787901761237,136.3810933902136,658332664,0.029902672786240536,0.741032641156693,0.5884847447705714,clean,50.99001592314562,12.511232505316132,11.623168853643904,13.184468085975732,4.587571245134538,0.7203987973936925,0.5482356594023329,0.0,0.0,-5.4399999999999284,-5.469473652070447,-7.822233360988654,-0.7143422836589028,0.0,-10.012330880858329,-32.587348733645825,0.0,19.3151362401094,-19.826343403233675,-19.507576096672597,-0.5955698575160263,-1.6384699437113885,0.0,-70.0,274702
-69.71262907304367,11.314907916003802,33.36120238502447,10.407184745801645,1.7550896224158334,0.6526949635003577,9.038011269095836,0.8178265863154306,74.94732912859104,0.0,False,UNSTABLE_AFTER_LIFTOFF,581,58.09999999999849,1,679480.5474646953,1326.5143306067157,4682.706373604905,438.91051744064686,dry,0.993089906904683,4.892093655490095,-2.75999923962794,0.0,0.0,-0.04333626873781604,1010.4478534644536,0.9866601884634674,44.49999999999748,1808.9192589471563,nan,nan,152.33088550053415,6.803706682254244,-782.6296603491936,123.88222589079315,133.7928039620566,190987832,0.055010018487483936,0.7097575027357526,0.6670908670375318,clean,55.77775485830564,12.19534941521102,11.794356687805115,12.978643216186505,6.015207060496182,2.7949347953828245,0.2721482672901695,0.0,0.0,-5.809999999999921,-8.264863222975771,-3.9451116013846557,-0.6939613470543257,0.0,-3.037555122389011,-35.43187109587304,0.0,17.56463769884835,-31.44391569874168,-27.18981225254273,-0.9184330374720349,-2.3701376941362495,0.0,-70.0,275283
-268.03322933983725,17.38358636540415,40.42829436184525,18.383180668840176,18.659208829629613,6.917798344231387,20.78204294455562,0.7502218750542745,624.7986828230169,0.0,False,CRASH,1799,179.89999999999324,1,744933.5083588911,1322.7649580124462,4463.7561763577905,255.09104527237088,dry,0.9779608287603418,5.094281802839155,2.8820251070874057,0.0,0.0,-0.7505643458940776,1014.3945993924591,0.9911645266684388,46.89999999999734,1828.5206603550494,nan,nan,150.98490775287178,34.795768437931144,-3960.1888590733633,129.3001514331691,139.64416354782264,1128218302,0.001911085384873047,1.2250074110578386,1.7405480183608149,clean,238.47693325216065,20.300239175409455,32.29564574575623,14.631290045168624,49.70199477423064,40.41088873363923,1.391830737517223,0.0,0.0,-17.990000000000013,-60.40423842081265,-31.08111856814004,-16.9842143119205,0.0,-45.81602255522647,-97.90626719409254,0.0,23.11441368960232,-169.5646757694157,-119.22015054590842,-20.79984409002522,-8.589934037777029,0.0,-100.0,277082
-91.82426977641448,12.12943169931448,32.63795557489369,12.754485775577777,8.300692300927327,6.301497316412913,5.677676991192666,0.8163940069245822,141.5587553089532,0.0,False,CRASH,579,57.89999999999833,1,706510.2027891116,1326.3793035473136,4623.830473805578,409.13606828503106,dry,0.9576517355992866,1.6621334516503623,2.6691428401997035,0.0,0.0,-2.99881430035866,1015.3753166701638,0.9874772743585831,39.99999999999773,1485.5751752569104,nan,nan,136.189318165967,4.157936012323489,-986.2822971176433,125.3673067887858,135.39669133188866,2108705875,0.04025941911635226,0.7748774198966256,0.8631475016274259,clean,54.081951966693104,9.732286534344176,13.247797922159313,12.414940783773114,14.326996375124057,5.48813202372722,0.1663174404929382,0.0,0.0,-5.789999999999921,-9.464920292076215,-5.652524674820973,-0.0688593874071151,0.0,-5.921542456581934,-35.13212088699453,0.0,18.297493948555665,-31.862384102030994,-20.870781448768167,-1.6518972332438553,-3.1651562893601892,0.0,-100.0,277661
-10.663109225970572,6.479205275613879,12.569630375041916,1.226693854156432,-0.7948666325153767,-0.7853661516143737,3.622341921920718,0.7574616330192679,2.0561884657882388,0.0,False,INSUFFICIENT_RUNWAY,935,93.50000000002666,1,699490.6059556294,1322.4219302993636,4278.90728028037,279.161992562305,dry,0.9688305464349635,1.4155434225504964,-0.7068714199991888,0.0,0.0,-0.5874127709111088,1015.8683582174032,0.9914581096441547,nan,nan,nan,nan,83.28954370209308,0.7186660244201448,-0.14538343051903269,125.23888858652825,135.2579996734505,76953176,0.5824144083599959,0.2640680665303821,0.4609630410115837,clean,84.68068147309738,13.108005229304608,23.97457921495727,13.177019640162879,1.4386124051289948,0.0,0.028746640976805876,0.0,0.0,-9.349999999999845,-4.361266048701381,0.0,-0.004728230492626915,0.0,0.0,-51.90898434664855,0.0,19.762623263700288,-37.03581865970497,-13.663918512871543,-0.5086612948796478,0.0,0.0,-50.0,278596
0.27389668392108746,5.065079780929251,9.911544261085922,1.348666343840048,-0.8716380128112315,-0.8694591856863269,5.518435794867593,0.7674439548230924,1.986485255986679,0.0,False,INSUFFICIENT_RUNWAY,981,98.10000000003032,1,762863.3876179411,1327.835001243096,4474.728995219987,407.3426571430493,dry,0.9679065210170908,3.725440361067351,1.3576770549102188,0.0,0.0,-2.6773303531676147,1012.006175476818,0.9876396186424675,nan,nan,nan,nan,86.81758743643648,0.7192585079017704,0.8205325462863655,130.56141858112568,141.00633206761574,1227062707,0.628491626581865,0.415416955748915,0.7697931278989091,clean,88.44516744132818,18.46086474469355,25.432629866863397,13.993520425722622,0.0,0.0,0.028770340316070918,0.0,0.0,-9.809999999999835,-2.7963986174024362,0.0,-0.0601370026535784,0.0,-0.0011864177867848304,-55.5896931902098,0.0,22.315483757283996,-25.953011130803894,-21.68249172411639,-2.5096218093139586,0.0,0.0,-50.0,279577
-77.01867664560339,15.263198439425855,30.032640734095818,0.9107254743443992,-1.5749861735672,-1.5723159337013781,3.018323952840826,0.8012962566183567,1.1609031180544207,0.0,False,RUNWAY_EXCURSION,622,62.20000000000175,1,700015.2034277921,1329.4685545439193,4373.499207688837,380.1127493373324,dry,0.9837488379998611,2.634038740423035,1.4447031014407612,0.0,0.0,2.083298785448121,1013.3423402222968,0.9886052934068026,nan,nan,nan,nan,94.7961366950523,0.9994585634057103,-0.5749315551238965,126.02306791665859,136.10491334999128,960169880,0.0627954951340891,0.38184693665586755,0.7369199234716542,clean,45.41376432333487,9.47451896192145,14.429537403831327,11.309386877530136,0.0,0.0,0.03997834253622842,0.0,0.0,-6.219999999999912,-16.100485660667037,0.0,-3.228047123174794e-07,0.0,0.0,-37.37498334103849,0.0,19.754972478916997,-35.16500735999938,-21.532614307133098,-1.0477440420315127,0.0,0.0,-60.0,280199
-10.40008309338247,8.32042974819948,14.804493860264465,1.2519111757802572,0.30905783974996737,0.31138793995445413,3.7422798345543433,0.6917363956867711,2.472281667400864,0.0,False,INSUFFICIENT_RUNWAY,953,95.30000000002809,1,686010.422852435,1328.0035171793893,4455.279960134231,426.1804946121171,dry,0.9525509388870266,5.911119941573268,1.2810852590795951,0.0,0.0,1.2175790051472397,1012.7742701206189,0.9872572269758352,nan,nan,nan,nan,85.60592539493716,0.7306631762274378,-0.24132985233052295,124.60479355064606,134.57317703469775,13762970,0.46047104137477424,0.2174873237472657,0.49650252225720926,clean,88.46365471337218,12.37201168676156,24.852603706161563,13.935243670255472,1.1201729183117513,0.0,0.029226527049097516,0.0,0.0,-9.529999999999841,-7.330640254285655,0.0,-0.002652721126458544,0.0,0.0,-47.03432383823744,0.0,17.204316676539754,-40.67885141210337,-13.281849059384326,-0.5189957066965967,0.0,0.0,-50.0,281152
-48.926920853257684,11.403576843756168,30.09130759005842,0.5532163275215168,-1.9813826675859643,-1.9808977259724474,2.1976595400203194,0.8126480884541611,0.9683989142048404,0.0,False,RUNWAY_EXCURSION,612,61.200000000000955,1,738934.2824592972,1326.3315084504097,4645.118311713886,367.2426642298708,dry,0.9789504073641885,6.801025953934669,2.2149505974203083,0.0,0.0,4.139357618826372,1014.1664123089837,0.989080684410856,nan,nan,nan,nan,89.8757477741204,0.8768861924008888,-0.3387576772963996,129.8839790367448,140.27469735968438,1167302081,0.14609936382256686,0.1163629465964489,0.2045616274660045,clean,43.66458387361975,10.445238375888776,15.015342721356857,10.071712493938536,0.0,0.0,0.035075447696035544,0.0,0.0,-6.119999999999914,-8.842826408538723,0.0,0.0,0.0,0.0,-37.007980907632984,0.0,17.993661362126552,-32.37252861282745,-1.8075266020456036,-0.0016725968392614268,0.0,0.0,-60.0,281764
-25.48948026711924,9.971876027884147,23.728500313398897,8.466753339184429,3.096684722676003,2.065717735266268,5.251524750053086,0.8204441002709012,75.00110855962998,0.0,False,UNSTABLE_AFTER_LIFTOFF,981,98.10000000003032,1,729039.3214062083,1331.580417989624,4274.623644033525,23.068226946331592,dry,0.9743890592840374,6.97732129856786,0.799018508119691,0.0,0.0,-0.3648024805053476,1011.3037912125244,0.9986621597409171,84.30000000001934,4267.519281248,nan,nan,169.93770917303524,10.187802127053779,-296.56328929483783,128.19458240260713,138.4501489948157,1659251524,0.21187455178811182,0.2374876566125379,0.6258762419253264,clean,106.89001664624409,11.010790053277342,25.407890636234217,15.436597060542502,5.779925476909191,2.85086828243465,0.4075120850821518,0.0,0.0,-9.809999999999835,-10.838775955188463,-0.8476629849739528,-0.00708964713901691,0.0,-0.3734224425183825,-59.99594402095482,0.0,16.75148246670834,-38.37010790620367,-17.483951408175777,-1.6577115170590315,-0.6398970923384147,0.0,-70.0,282745
-114.53863037987634,15.742409123543101,49.193407046227826,13.737930731962537,7.703696901394267,5.537362624104874,10.19145302258252,0.8005485531648481,110.41764105988845,0.0,False,CRASH,658,65.80000000000462,1,672428.7124672447,1326.0463403403498,4543.831534756097,57.466331344363965,dry,0.9647841572908089,2.094274533477603,1.7361983802490775,0.0,0.0,3.7533507552190404,1011.1586529766632,0.9978198035160821,41.29999999999766,1517.2152111004357,nan,nan,129.36980685953503,5.567183736236231,-1136.2521981815428,124.0034592793125,133.9237360216575,1592403293,0.004457047322058498,0.7290861067163334,1.0833278007731952,clean,63.95967432006942,8.441425087087454,14.129881670478468,12.566585878216822,15.741454485182677,4.346884576883161,0.22268734944945104,0.0,0.0,-6.579999999999904,-18.118647424284738,-4.231141679012615,-0.6572407560157838,0.0,-11.580343004855319,-39.07038396836859,0.0,14.147821611732052,-44.60407303764909,-18.00088344836037,-3.2990143373140257,-1.9533177031150355,0.0,-100.0,283403
-121.46230684512327,13.423482312879864,29.002989889995852,18.256949082770735,16.154216259917376,12.41892678629159,12.70979809841289,0.7655014814085125,441.4667786544021,0.0,False,CRASH,1797,179.69999999999342,1,763096.323923562,1331.8988340972687,4278.391813321851,233.1090275071248,dry,0.9634058990120257,0.6725261037197194,2.6805274957896965,0.0,0.0,-1.0738640189232553,1010.0262580597348,0.9925804568819016,76.90000000001345,3821.7055931436958,nan,nan,140.47059856647473,8.117426250140198,-2649.3850894538446,131.0758496954316,141.56191767106614,2100809622,0.039099291006661256,0.4715980716546357,1.2313660808551659,clean,226.76331463447403,19.324771077788327,38.32896582725246,15.712316060968925,42.07765814788747,32.52031068394701,0.32469705000561233,0.0,0.0,-17.97000000000001,-35.977912188371654,-7.4867472018183845,-4.012297151942179,-2.9123041073949714,-25.25149578036567,-100.27908751933931,0.0,23.398868552668812,-137.9326099550818,-72.99683116429172,-10.66882099095663,-4.425102820551772,0.0,-100.0,285200
-114.35206223282344,15.5512896116906,39.09684541521839,14.730682125221751,10.448591258143868,10.587984721546029,9.071369005631912,0.7780289009310176,344.22547516627066,0.0,False,CRASH,1746,174.59999999999806,1,680158.7943120379,1329.4333848781018,4534.012427002772,260.97066655389534,dry,0.9759344644820738,5.946922501515779,-3.605939843393207,0.0,0.0,-1.958367970413435,1014.5196963077358,0.9917901527497353,35.49999999999799,1307.6407309610338,nan,nan,157.02776204214132,5.476262845923827,-1618.2659413923197,123.28327709157728,133.14593925890347,1136182736,0.016862884617063947,0.4028542030396105,1.2841671291574384,clean,217.12523058835404,20.47582961026627,35.20597880545881,11.104923695351834,51.597675518460534,28.999107267068997,0.21905051383694038,0.0,0.0,-17.45999999999993,-46.91746606581514,-4.186660037541285,-2.4185042024564583,-0.1159094053502927,-16.50853046795751,-98.90201857168707,0.0,24.627744561307466,-140.11089726307063,-62.666026034753024,-11.632913842816597,-2.788676901478528,0.0,-100.0,286946
3.0597448787508768,6.709734696868985,12.481685596005015,0.9235892634651927,-1.3973514294291813,-1.3964152551816142,2.890202693015597,0.8263078197113517,1.582381022257863,0.0,False,INSUFFICIENT_RUNWAY,1030,103.00000000003422,1,765585.0181842649,1324.9092213138013,4761.200503143366,52.94553021975956,dry,0.9635480927509338,6.3459320533986,3.9513177479286674,0.0,0.0,-0.5643235817358772,1010.0797298162556,0.9980680395256237,nan,nan,nan,nan,107.24580766643989,1.0987265977921368,3.7423029699234966,131.40240020784125,141.91459222446855,1266736239,0.586635543494104,0.21324540298410344,0.34900972239558675,clean,94.16611542934734,17.762992368658512,27.541316808986032,11.97007211975181,0.0,0.0,0.04394906391168552,0.0,0.0,-10.299999999999825,-5.152350654826497,0.0,0.0,0.0,0.0,-63.93753715053737,0.0,27.82435255143009,-33.68434054131897,-13.03515311261471,-0.13967200403671923,0.0,0.0,-50.0,287976
-31.402899186736324,13.885688244113984,30.016753786029078,1.0155425935878453,-1.408811565577492,-1.4100512186083833,1.792506246465102,0.7796012409868691,1.4950697419965024,0.0,False,RUNWAY_EXCURSION,875,87.50000000002188,1,735439.5685947667,1325.2862680505013,4451.418590704947,137.91068884391905,dry,0.9979409061642599,0.299128268905144,-1.640364858016214,0.0,0.0,2.642351727739264,1012.4381993666831,0.9956286386989409,nan,nan,nan,nan,104.53209703903529,1.0266230525013782,-0.5112765440095757,129.3544911423534,139.70285043374167,2074068892,0.09265654201237482,0.19022513348952777,0.31855385832620997,clean,79.72924071866956,11.002388427028215,23.166708433001986,11.187772525161504,0.0,0.0,0.0410649221000551,0.0,0.0,-8.749999999999858,-18.745643973459416,0.0,0.0,0.0,0.0,-50.74696563177591,0.0,18.764990313806944,-27.788881373557214,-9.214105264065918,-0.049468283646291,0.0,0.0,-60.0,288851
-30.433996418078447,9.853669938468153,15.744994457446772,1.217675672326773,-1.6913467920564744,-1.692087453597136,5.232481928899614,0.8181646539368592,1.3716952246662117,0.0,False,INSUFFICIENT_RUNWAY,981,98.10000000003032,1,759419.9000082656,1323.3025666509939,4321.402991350124,384.9231532914622,dry,0.9900445264298438,5.371586252089506,-2.4111369669376366,0.0,0.0,1.893622022590975,1013.517410395085,0.9884974000276948,nan,nan,nan,nan,85.40636735715131,0.6158710391000568,0.3154851957541993,131.20724816673018,141.7038280200686,686511085,0.3245661234139755,0.41453564608476906,0.6868332364133544,clean,85.39643879803826,11.82746157464154,24.847946896915282,10.084287973070058,0.0,0.0,0.024634841564002266,0.0,0.0,-9.809999999999835,-10.583334426933558,0.0,-0.09488979412636081,0.0,-0.008685807473340773,-60.30386357560042,0.0,22.63449048932032,-33.19662939910125,-19.2187159800905,-2.0331380083024313,0.0,0.0,-50.0,289832
-104.58180298563886,33.14813635925962,80.88395940265725,13.294484472800445,8.223042359773915,4.55920463711124,8.88374609256718,0.7946352901203694,2096.2174376127386,0.0022172949002217295,False,TIMEOUT,1801,180.09999999999306,1,693277.0465890177,1326.4482786937062,4744.7061430382155,290.8692400066535,dry,0.9643937832311059,5.912918378043581,-3.2662000536550377,0.0,0.0,3.070747999623369,1013.3574788904756,0.9330565960792042,40.89999999999768,1488.5559335159012,135.100000000034,nan,190.361923507153,2070.5277518465346,488.9721777838807,125.6272971072831,135.67748087586577,1714768789,1.1985035838174436e-07,0.7716785052120955,1.0666901513380467,clean,291.7335203067733,19.964533666412535,32.137737824959686,12.380485787397044,31.272206371952098,67.00499566196363,40.00000000000001,0.1,0.0,-18.010000000000016,-163.7511863133019,-8.589636868236514,-3.065740046714099,0.0,-21.414620513102697,-105.35293813561441,0.0,26.986726990750643,-173.5481196137165,-112.12555771318041,-7.921346217111118,-2.3828641748667785,0.0,-10.0,291633
96.86622802171095,13.18078562658755,28.452630885035934,7.783475348011095,12.614573654181074,5.723814597981955,9.472329421366494,0.7829519439027064,1296.2207306680389,1.0,False,UNCLEAN_TAKEOFF,1598,159.80000000001152,1,682264.7758048099,1326.9357108813197,4596.438966668511,96.30455868512117,dry,0.9734010397331053,3.0775702067605044,-3.5395779653780903,0.0,0.0,0.3783150383539473,1011.1713590916535,0.9595698421703666,78.6000000000148,4164.364816719467,154.90000000001598,nan,170.15887762136512,1296.2207306680389,4019.4339310737714,124.18212922259767,134.1166995604055,402669752,0.08922812932775559,0.39889890794449434,0.9859756742719611,clean,210.69992224585718,21.159187305151022,33.14198207483561,12.511926055274623,52.05322903771644,51.65160880699023,39.99999999999998,4.999999999999998,0.0,-15.979999999999704,-30.84727881722485,-2.1710409500097976,-2.238847291226625,0.0,-9.736854970437031,-91.46969180490694,0.0,33.15994823223751,-115.12527789381453,-57.13654169019999,-6.197728556991083,-1.6083137615386016,0.0,-30.0,293231
-10.026654958816817,15.772823694561987,36.80035378130417,12.413968894693632,14.808636169075118,5.531016185807937,7.325901991468919,0.7707604682652451,1455.9311862962927,0.9101123595505618,False,UNCLEAN_TAKEOFF,1709,170.90000000000143,1,687797.7801139153,1324.123665746154,4770.155819755309,414.40070156227057,dry,0.9695914685192052,7.436775949056967,1.0021658041263843,0.0,0.0,3.014428682143496,1011.258568397996,0.9466021826722935,44.99999999999745,1746.469833965616,162.10000000000943,nan,169.89653596297356,1455.9311862962927,2361.9558354718683,125.24754534251596,135.26734896991724,777213504,0.019489272415877893,0.5658903998321728,1.0340947121567248,clean,233.65102617302801,19.12939825698588,35.63119704544799,12.256934611407512,54.26840612576558,59.04876739556616,39.999999999999986,8.099999999999987,0.0,-17.089999999999872,-47.240931346138694,-8.490010664548015,-1.4117689056936216,0.0,-4.805256305469211,-95.70032287360796,0.0,26.60321866602477,-179.01901923698642,-105.14190892951416,-6.696000670321151,-3.120384300759406,0.0,-30.0,294940
-63.75533032639151,27.928370206009145,54.63894939061047,10.0143087570557,7.532748202167972,3.9963915081153676,10.313551201701303,0.7646785850799731,1976.3181741517687,0.12886597938144329,False,UNCLEAN_TAKEOFF,1521,152.10000000001853,1,725747.0502944167,1330.5069799012492,4663.2191950129545,388.3166679658213,dry,0.9928114741159516,2.292592709794186,-3.779496690027669,0.0,0.0,-0.9063680229723206,1011.6117391973587,0.9320770387893419,38.29999999999783,1422.6991489573834,113.4000000000425,nan,197.73933804086298,1976.3181741517687,4038.4185337783756,127.76494177065715,137.98613711230973,1444239948,9.5852599904584e-05,0.5179106343859675,0.993734885144344,clean,253.08186583696425,15.469173114240437,26.771550995394165,11.98696486526895,28.576899834987746,65.95730425223647,39.999999999999964,4.999999999999998,0.0,-15.20999999999972,-131.81896273949923,-11.078582028113154,-2.8837718605109686,0.0,-17.3995502497112,-84.33774124567256,0.0,23.345631877365435,-156.0404629094566,-78.8439855750721,-5.489904273159163,-0.8417602216510783,0.0,-30.0,296461
-122.4238492302962,22.37583813785286,67.06317874819098,11.12992422604459,21.651535988471093,12.765616680710412,9.645192515782163,0.7474367201008356,1017.9187288769108,0.0,False,TIMEOUT,1801,180.09999999999306,1,743724.0715426179,1322.9271039530165,4638.114571996935,467.2894752132598,dry,0.9726648910640673,1.0161317856686969,2.8527833928154687,0.0,0.0,2.7845755785771154,1014.256706301157,0.9682320351903028,42.3999999999976,1705.3207104501353,141.70000000002798,nan,113.38249186207342,630.2402107755797,-859.3984069128888,129.9961322230746,140.39582280092057,1244721829,8.485070587612242e-05,0.7686409517845556,1.2407888581078959,clean,250.5962018122286,20.204534743310013,32.96407865638069,12.977893753606429,64.19007866052252,54.61525930615921,25.20960843102321,0.0,0.0,-18.010000000000016,-96.27542830571241,-9.662763928634876,-4.092487399276901,-3.116640973547648,-42.22821453069577,-97.04087324737411,0.0,37.261730035373354,-192.0782907692136,-132.36736953681506,-11.538386578518377,-4.0327793591061605,0.0,-10.0,298262
36.4803023837797,12.582555935221293,31.22513775579621,17.573071432273395,7.621465595585092,3.9810444749338845,8.8057015143929,0.7598002289944887,1727.3124442454325,0.45871559633027525,False,UNCLEAN_TAKEOFF,1028,102.80000000003406,1,685494.405507671,1326.260108453323,4592.893527493601,33.9952976266289,dry,0.9639214605988918,7.768742266043354,3.0025840594369195,0.0,0.0,-0.7385617989445814,1012.8413792747111,0.9489900292048167,36.89999999999791,1348.240125662302,92.00000000002547,nan,207.06326407840524,1727.3124442454325,5246.006157827302,124.132085112729,134.06265192174732,418989947,0.037739934138553734,0.5676366768659863,0.9871666915496997,clean,152.177820614044,15.171651648026804,18.422846221207767,11.746573418532492,21.614447257823347,45.226966765744955,40.000000000000036,4.999999999999998,0.0,-10.279999999999825,-18.083743761237347,-13.559272200158413,-2.254334228657922,0.0,-5.32623705783527,-57.190032860423464,0.0,18.84825067405895,-92.70551811134453,-55.01023181189184,-3.8370853688476405,-3.4817988152606554,0.0,-30.0,299290
45.47454803408138,10.407143879028672,29.23203439447924,10.544176087038174,6.852767580191408,3.994949227738059,8.64297434560373,0.7641480982734195,1424.079397588955,0.9803921568627451,False,UNCLEAN_TAKEOFF,969,96.90000000002937,1,682726.633363108,1325.3810088218543,4487.980587469063,22.609828615840932,dry,0.979816026048311,3.9879860092502986,-3.9638937688626426,0.0,0.0,0.911510591835909,1013.7125403911745,0.9581203074926997,37.39999999999788,1408.7290137481411,91.90000000002539,nan,199.63090593142005,1424.079397588955,5115.407977070311,124.18293906536873,134.11757419059825,1415983256,0.10252235101978058,0.5460076635306879,1.02463849234564,clean,139.45650811626,13.793652429715737,17.683300904548133,11.544090838496492,23.97618705298067,37.0735473356161,40.0,4.999999999999998,0.0,-9.689999999999838,-11.661230640391205,-4.666815160533505,-1.5870135875743354,0.0,-6.138662078894118,-53.95735203486187,0.0,12.808482458582057,-71.32724476671282,-61.4230001713885,-4.365505317034553,-1.0443973447256643,0.0,-30.0,300259
9.576929411078414,16.625892077262677,46.61561233480093,12.995035379901807,7.393471946984744,3.8229063984178318,13.103116343984983,0.7421445878043176,2719.363253822417,0.3860294117647059,False,UNCLEAN_TAKEOFF,1322,132.20000000003662,1,736858.0639539117,1324.414945531036,4759.061363062078,368.9786996812378,dry,0.9873243130305036,2.909448595282675,-0.993684273686736,0.0,0.0,3.1020846462862774,1015.266849438846,0.9132789172371613,39.599999999997756,1548.0804357693619,105.10000000003589,nan,179.88852082360486,2719.363253822417,3303.389829547302,129.40084904118788,139.75291696448292,1240575301,0.005353955399551749,0.688255413863465,0.9796386920237634,clean,212.89547775181163,14.190603307114017,21.57008575366724,12.04269794504284,28.433059846613787,66.01021138294855,39.99999999999999,10.499999999999979,0.0,-13.219999999999763,-40.60306887736073,-13.16036075384874,-5.431518637144744,0.0,-14.062595285842347,-70.60042138269161,0.0,18.821431614465258,-132.8100923057722,-88.24847681720678,-4.810644219406736,-1.9394599113080706,0.0,-30.0,301581
23.579264425052628,16.11025496992767,37.45929461088555,16.766569962199963,8.437532792997487,3.520110690737322,8.455802307194102,0.7265727767426112,1448.8855675789139,0.7575757575757576,False,UNCLEAN_TAKEOFF,868,86.80000000002133,1,705409.7450898032,1330.0447617978327,4758.915177844927,27.780780362288148,dry,0.9537480098499083,1.6388407170717043,-0.49524843333499247,0.0,0.0,0.9373727232421212,1012.4614674068616,0.9572760489935656,36.49999999999793,1347.694755485833,80.30000000001615,nan,207.6488010514136,1448.8855675789139,4966.334413338229,126.31264342262004,136.41765489642967,1976691419,0.009681267126911952,0.7571623265400406,1.1010319898894354,clean,121.67316301942975,12.89604569349874,17.246820937752354,11.488906957037724,22.747260034290715,39.32825039194078,39.99999999999998,4.999999999999998,0.0,-8.67999999999986,-25.031221510021844,-11.089744033829462,-1.467856519101326,0.0,-5.600395342546119,-45.6219410342915,0.0,21.11430019971807,-79.7081353265365,-53.05587727792072,-4.375050867757899,-3.285260896608482,0.0,-30.0,302449
27.4680725986201,18.281516513769535,43.57568162492896,9.626825479973112,7.151534959960324,4.936655690839592,10.402379462212513,0.7567362940078184,1429.4026760816569,0.8771929824561403,False,UNCLEAN_TAKEOFF,954,95.40000000002817,1,714212.1785748424,1329.0616762053235,4526.08949651231,17.416244991300456,dry,0.9688771837659955,5.738258886985742,-0.013397972759755739,0.0,0.0,0.7196930542398414,1015.0785425762011,0.9580982600609499,38.59999999999781,1419.5520999505661,89.80000000002372,nan,212.10242448587198,1429.4026760816569,5363.098875836244,126.88654705338024,137.03747081765067,1293298782,0.006737554545218185,0.5810482630715138,1.0476895716184982,clean,134.32544207201647,13.346653344037513,20.696806880072035,12.57499863642878,20.902238120283304,42.892295286667085,39.99999999999999,4.999999999999998,0.0,-9.539999999999841,-35.42666768058218,-3.344732424255405,-1.1215793959387528,0.0,-3.334652072999139,-52.707362220430284,0.0,23.532960797012475,-90.80002446689456,-53.301112842207964,-4.08379293968898,-2.143398494899102,0.0,-30.0,303403
81.9361033351935,14.86812512756274,32.2141342089951,8.49527236245611,6.8019776889908234,3.8129530054703435,6.668954629676958,0.7472487686460447,1323.2409170918722,1.0,False,UNCLEAN_TAKEOFF,867,86.70000000002125,1,744051.0270580823,1325.4885322545827,4414.320521111963,265.7484220345394,dry,0.95521876673145,4.332014206472153,0.7472811241415913,0.0,0.0,-1.5942919548751604,1013.0504369984843,0.9537380751606582,39.599999999997756,1515.3880495389626,81.80000000001735,nan,197.20873178762355,1323.2409170918722,4287.902516602845,129.11929474129607,139.44883832059978,1899189787,0.049589946916621205,0.36788603004337395,0.629051451678177,clean,116.14814150346909,11.106742234703017,19.8235115126135,12.20930100612256,17.980976584628873,37.37501550414613,40.00000000000001,4.999999999999998,0.0,-8.66999999999986,-21.29555694992045,-1.6724617346015012,-0.26943534534839436,0.0,-1.4989870958458333,-47.01504824047234,0.0,16.362763689352583,-56.00488462326412,-26.075721347185354,-0.8235142814003639,-0.7447390818032773,0.0,-30.0,304270
-1.6636099560476225,8.367568770862016,14.09726262242799,1.2358318529281151,0.8503401858535883,0.8377129538569436,2.35508656555172,0.8017278958958209,2.8746160366906963,0.0,False,INSUFFICIENT_RUNWAY,879,87.9000000000222,1,741870.9403013443,1330.3312874470264,4362.500803299215,128.69572380827265,dry,0.9725516972698786,1.208429556367598,-2.5406796259604496,0.0,0.0,0.4544540056382482,1014.2962778304081,0.9958643864609462,nan,nan,nan,nan,99.56030714346589,0.9470692967268803,-1.3003917467138848,129.310581828275,139.655428374537,2066787853,0.4746274753423846,0.18538863593846475,0.2936816305428218,clean,86.1986988962933,10.155341200431856,22.825830731304144,13.739563378398213,1.6611658311435757,0.0,0.03788277186907524,0.0,0.0,-8.789999999999857,-6.838249563528628,0.0,0.0,0.0,0.0,-52.52427446650668,0.0,15.352829534649207,-24.729219001875354,-8.700441612165939,-0.052737656060266654,0.0,0.0,-50.0,305149
-144.87121930523102,80.96159626926942,400.53283979433826,30.413316714566516,32.87060105821847,7.749384565290481,32.40385496822203,0.737066830959205,3179.04028124641,0.10727969348659004,False,ENVELOPE_VIOLATION,1044,104.40000000003533,1,722148.4057859647,1326.0329299367395,4696.828385446706,286.4132416878792,dry,0.9762751188865069,4.389903640839596,1.9503353087848052,0.0,0.0,2.969713038578335,1015.4698427476603,0.9030903190513806,39.89999999999774,1518.944331480263,78.40000000001464,nan,107.68671546033676,3179.04028124641,1237.9592011176999,128.0608286451618,138.30569493677476,188070709,2.5056938410302422e-99,0.9766776764463551,1.2387292109633277,clean,134.90408091537864,12.994411077893039,17.428655421938064,12.422637551725922,17.136545500551218,60.37683359029708,39.99999999999999,2.800000000000001,0.0,-10.439999999999822,-88.14718268641627,-43.373582785475804,-23.806995670704804,0.0,-11.606555477588062,-55.71961203000825,0.0,23.31059161500229,-99.75059503595308,-72.6998788220192,-7.179574956994753,-3.520997512854612,0.0,-50.0,306193
96.02198662511202,13.681856166923358,35.224615940187874,7.342044421974137,7.628979332236249,4.520637624834092,4.8531282406443355,0.7484885665290808,1332.367448379638,0.9803921568627451,False,UNCLEAN_TAKEOFF,943,94.3000000000273,1,740328.5276477066,1329.5103825355063,4779.596888175398,145.16641925839374,dry,0.9889490510211804,3.3393078447974913,-0.945885824411484,0.0,0.0,2.146441899823909,1010.940145777055,0.9574489019254993,40.79999999999769,1600.0628425304471,89.30000000002332,nan,201.95175384795067,1332.367448379638,4465.728221272656,129.7690616528653,140.15058658509454,155188475,0.05384708602449739,0.3290181687431524,0.8509934061500127,clean,127.77639629874471,15.207196698822548,22.154300632563405,12.647796993761837,26.69138127596672,39.62630464438796,40.00000000000001,4.999999999999998,0.0,-9.429999999999843,-19.613686271839235,-1.0504040318172747,-0.07511393598303867,0.0,-1.639979004578715,-51.03832478599245,0.0,24.967955562763855,-71.23148612423394,-31.262465922393663,-2.297835020122293,-0.41005038493761364,0.0,-30.0,307136
1.9935068851069175,8.08445600323992,30.231298621206026,1.3665013859466433,-0.7276297758934647,-0.72362273689639,3.326764739287545,0.806405051890958,2.2315613745485052,0.0,False,RUNWAY_EXCURSION,785,78.50000000001472,1,751925.2877529901,1331.9621614875548,4603.747194932912,119.90317728898864,dry,0.9925926378674331,1.7188198137515531,-1.1893434956832016,0.0,0.0,2.7235987188833493,1011.5023144277208,0.9961311953429632,nan,nan,nan,nan,112.2052240700205,1.2047504513518845,0.45225923769848464,130.87504504771152,141.34504865152846,1079200426,0.2229081527481086,0.16422490258940753,0.32743000855794935,clean,76.37248261457786,14.872732846545993,20.0400355427097,12.975849892597703,1.3619522311580745,0.0,0.04819001805407548,0.0,0.0,-7.849999999999877,-5.700707406848087,0.0,-0.00030680055564348666,0.0,0.0,-47.00300730843316,0.0,23.37596080598105,-20.590609792790772,-5.858274297986242,-0.050754684086496055,-3.6775817012426435e-05,0.0,-60.0,307921
-63.771546155956955,40.86603401124029,111.5059436694343,16.009871964495677,10.613349802680544,4.828035044334842,13.404363215533907,0.7519084395079996,2206.3136041069592,0.49344978165938863,False,UNCLEAN_TAKEOFF,1154,115.40000000004409,1,726593.2204405948,1326.8732599466234,4350.5862733437725,202.0616257730753,dry,0.9605250078410724,5.982151630866005,3.5088379018225004,0.0,0.0,0.9902656871151638,1015.6890729427303,0.9313006763312589,38.69999999999781,1443.2959894169833,92.60000000002594,nan,182.19227401657696,2206.3136041069592,3280.4289775601587,128.00306110272328,138.24330599094114,1073683462,2.368940837562291e-12,0.8457273497216139,1.236494485011604,clean,171.89333989715462,14.445748339330176,22.44632425751355,12.069117830096708,21.70030654341948,51.65581591559183,40.0,11.299999999999976,0.0,-11.539999999999798,-120.19003489946853,-13.042289091292306,-4.6854921045847595,0.0,-8.299964125862882,-62.95913783948078,0.0,25.097414871919952,-103.60167879402383,-69.7864516536272,-7.159119682282163,-3.115445620358854,0.0,-30.0,309075
-48.52135811206239,0.36324643339536744,0.4323869546634772,0.005087121648148041,-2.887936157854878,-90.0,0.7822590945415079,0.8802396227355017,0.0,0.0,False,FAILED_TO_ACCELERATE,301,30.099999999998296,1,736393.2192770608,1325.3863511988955,4588.654408057081,314.93727712002084,dry,0.9555671842721176,6.9534622471074465,-2.089417849662333,0.0,0.0,3.0122359034384454,1014.1675255105336,0.9905645380125153,nan,nan,nan,nan,4.896197244391809,-0.1828516810874703,0.013743544972717459,129.4101529584926,139.76296519517203,1191879034,0.9981623526325849,0.02674390054028225,0.05949422825921833,clean,0.7836236003057915,0.782801711475383,0.585354357699404,0.6763169012443822,0.0,0.0,0.0,0.0,0.0,-3.00999999999998,-0.0044129265981901165,0.0,0.0,0.0,0.0,-20.24683947270648,0.0,1.9131231688142363,0.0,-0.0013254522968601343,0.0,0.0,0.0,-30.0,309376
-10.08680148531473,21.05041498994143,44.49951051196367,12.059881921591831,7.288524434682668,4.54509368462992,7.063456461840656,0.8037910702429725,1419.4352927236177,1.0,False,UNCLEAN_TAKEOFF,1122,112.20000000004154,1,696522.2309448505,1328.6883692201427,4309.581241882593,358.9655797167009,dry,0.9633194624379705,2.98127703506254,-0.5519117026207785,0.0,0.0,-0.8487310628714582,1014.8971435410464,0.9484851490559156,54.49999999999691,1630.7659587222772,107.30000000003764,nan,183.9689333449045,1419.4352927236177,5164.902462895872,124.97583163348007,134.97389816415847,1597937168,0.0028759443679277842,0.45860757438647437,0.759077379898065,clean,134.51660394425002,11.552885692972222,20.66312827677828,12.125617577014246,20.90519027791865,35.31507679004443,40.00000000000001,4.999999999999998,0.0,-11.219999999999805,-55.242289749010986,-3.5254942214501854,-0.7160699048636474,0.0,-3.330660703008247,-66.83740299156702,0.0,16.914276663192567,-85.3244044812871,-48.179410760436426,-2.0747618428066925,-0.6290860530532543,0.0,-30.0,310498
-48.65702845893604,0.41450048942363404,1.1377713367976559,0.00680625163945533,-2.780908792859581,-90.0,1.984925123187399,0.885279684367766,0.0,0.0,False,FAILED_TO_ACCELERATE,301,30.099999999998296,1,695047.8388910274,1323.7749983512745,4638.803387425344,14.296339289332494,dry,0.9788812573688185,0.5993868233925301,1.2995953441008101,0.0,0.0,-2.246107501918484,1015.7694501351235,0.9992063452811691,nan,nan,nan,nan,13.137348481464034,-0.17240707209860062,0.3283377850042912,124.486024101196,134.44490602929167,677186466,0.9941724945352973,0.0566828606631664,0.09557728222761383,clean,0.6842541616671581,0.6793989347810505,0.47516445616650305,1.6167651740885896,0.0,0.0,0.0,0.0,0.0,-3.00999999999998,-0.0057461119306069005,0.0,0.0,0.0,0.0,-20.433955314243754,0.0,1.5562276488931501,-0.014076561875031628,-0.20506084648303774,0.0,0.0,0.0,-30.0,310799
-51.86203031701536,1.5729667846045492,1.8792389301469372,0.0036110062941078574,-2.8893058626522246,-90.0,1.431370846094856,0.8908247516664823,0.0,0.0,False,FAILED_TO_ACCELERATE,301,30.099999999998296,1,725328.5014547791,1323.1644228608488,4431.770397190384,138.64148704904565,dry,0.9523247825512619,5.372183153346856,3.8923430165844315,0.0,0.0,0.29766722106891486,1013.0149779527992,0.995597356268937,nan,nan,nan,nan,4.300626278882824,-0.1846741429455392,-0.03188020678121184,127.90683156225025,138.13937808723028,380591526,0.9780107020931964,0.03359444564069339,0.07260126538315916,clean,0.3379817790583337,0.3047244600545102,0.24779304616997094,0.5933994339703051,0.0,0.0,0.0,0.0,0.0,-3.00999999999998,-0.08274906401624692,0.0,0.0,0.0,0.0,-20.56065120509818,0.0,0.4283301291289666,0.0,-0.12085889628298524,0.0,0.0,0.0,-30.0,311100
-86.98650279734454,35.42442592085481,66.43354271005562,9.721776260050097,9.211038050793125,6.257813336750734,7.458670143213738,0.7183592000449053,1415.6921961194016,1.0,False,UNCLEAN_TAKEOFF,1073,107.30000000003764,1,688501.7647127125,1331.5861582878122,4266.490401637641,317.1747832341328,dry,0.991143637206723,2.7259687961320225,-1.022661304087979,0.0,0.0,1.8500565959555955,1011.4702394683192,0.9502205717818561,35.59999999999798,1218.7982472376355,102.40000000003374,nan,194.2071700323528,1415.6921961194016,5327.779018019145,125.04772727005631,135.05154545166081,1460534081,7.588824280421601e-07,0.4866497499031613,0.9770047462746712,clean,163.67142909413053,8.466489754489539,18.77840549477295,11.138945078927442,26.826718398041574,42.513946380270454,40.0,4.999999999999998,0.0,-10.729999999999816,-145.3430450049658,-3.828600830103773,-1.6090611441524156,0.0,-9.643344841138752,-55.03998944983223,0.0,10.07859714999629,-94.7939317403134,-57.74318128216233,-3.965768826747438,-0.7641110285557711,0.0,-30.0,312173
-9.610976142124606,8.017093031945155,24.84827374257349,1.3160942575261076,-1.1686726301587687,-1.1768294224151599,2.2205474801341065,0.8097183148917401,1.9736407128744986,0.0,False,INSUFFICIENT_RUNWAY,957,95.70000000002841,1,752906.2414759395,1329.2551268819552,4691.634919592697,380.1560433509067,dry,0.9996819235892666,5.371534875355156,-1.0223587043972895,0.0,0.0,2.197217232908395,1013.2580993176226,0.9886215906404522,nan,nan,nan,nan,111.07046080707505,1.3179288095118977,-1.7677118639948297,130.72842471571565,141.1866986929729,833366960,0.3096171588415942,0.18894964967716746,0.347279752656816,clean,92.9054494911592,19.483240075063474,24.863240561534088,13.614341202413781,0.0,0.0,0.05271715238047584,0.0,0.0,-9.56999999999984,-6.834445345944493,0.0,0.0,0.0,0.0,-57.60902651045714,0.0,23.499564097005628,-49.843295662501504,-10.058195742512389,-0.11456546026522585,0.0,0.0,-50.0,313130
27.160674746199298,15.35144527501899,29.305668406805538,9.8161801212686,10.578475185529875,4.176127425622354,13.129856078456385,0.7827771738643031,1301.5825467570176,0.8333333333333334,False,UNCLEAN_TAKEOFF,1043,104.30000000003525,1,721943.2520822,1326.0399803786167,4396.23453140615,461.8261679958124,dry,0.9831168561344108,7.256843718046608,-3.8178441778702705,0.0,0.0,3.2184420939571705,1011.0100779210272,0.9496121787159948,40.5999999999977,1512.8315299046972,98.40000000003056,nan,182.5010793972441,1301.5825467570176,4164.200602959747,128.37954480788176,138.64990839251232,1996560372,0.04585455203199741,0.5005646150593674,1.3561172588330916,clean,142.43553511722232,11.902154116735895,22.438167827253462,12.553088839418859,21.517537175429393,43.26099675215247,39.999999999999986,4.999999999999998,0.0,-10.429999999999822,-27.311171947697172,-2.0543612390530783,-1.7797553327526638,0.0,-9.94521739026229,-59.767924116350535,0.0,8.79393671050001,-81.43930727080537,-47.471655925678164,-7.647994499395085,-2.8933540705176517,0.0,-30.0,314173
28.702445344541466,17.036532159505697,40.423040052980554,6.710614261778011,7.861205974631088,3.8321643711205975,7.821824386490734,0.7919590043421427,1361.474176703921,1.0,False,UNCLEAN_TAKEOFF,960,96.00000000002865,1,696846.9635786219,1325.9425325535901,4580.642478511426,322.01480223325444,dry,0.9610773760562463,4.652432247248979,-2.8612840208624992,0.0,0.0,-1.736627651001351,1015.0521603979039,0.9510079863840194,37.699999999997864,1392.68117151367,91.10000000002475,nan,171.46685320018554,1361.474176703921,4544.298153182573,124.80211884282886,134.78628835025518,135067053,0.016278280642098242,0.4173525239728749,0.8045675678848084,clean,133.86160374958342,10.186749401057401,19.944788026347304,11.067443290643693,20.36735831772514,39.30431506348292,39.999999999999964,4.999999999999998,0.0,-9.59999999999984,-30.959298988999645,-1.1296445032503344,-1.250443581904314,0.0,-6.2483168911031,-55.911389337447055,0.0,12.481065734661097,-87.12599423685319,-38.8040049304145,-1.914648654777123,-0.5671371142091758,0.0,-30.0,315133
-155.29995969011156,16.656508968866497,35.678847446404596,14.85553596436683,14.090624991579865,11.236510166101242,9.085899660229781,0.7581683805436331,491.55182700676147,0.0,False,CRASH,1364,136.4000000000328,1,763042.965943488,1328.4845886129174,4599.994016095484,281.02350327249127,dry,0.9737848956872482,4.4049796531475645,-2.936558605652262,0.0,0.0,0.09378286951760373,1015.1592094703605,0.9912642837136184,41.399999999997654,1631.2202069751088,nan,nan,139.09542821609904,6.55483038588892,-1890.1224826337893,131.0050926898227,141.48550010500853,1522979205,0.013822609125101179,0.6234165343047152,1.0664597750329345,clean,171.24974231061526,12.696310828306107,29.261486398762894,12.963638174916047,36.604252587220834,31.638971452455536,0.26219321543552704,0.0,0.0,-13.639999999999754,-42.04746588498055,-7.352778306274714,-1.0509017738566964,-0.5457505015767423,-17.663939682501763,-74.83820145518638,0.0,15.016383427189808,-130.93130942704167,-66.1112251560947,-5.993706941799073,-4.817658955699018,0.0,-100.0,316497
23.119562310097916,13.971731239121157,30.31511291775066,7.841214865947293,6.143454152213642,3.3783892217498335,8.91328654839126,0.7691523172986618,2459.71015729018,0.17525773195876287,False,UNCLEAN_TAKEOFF,1526,152.60000000001807,1,679690.7300586402,1327.5963649190683,4537.634597715167,293.53216152720404,dry,0.988749723001872,5.118837891886528,-3.9970402625837673,0.0,0.0,4.909537219513184,1011.6100604501424,0.9228168527578884,34.99999999999802,1220.4149635625756,113.9000000000429,nan,182.85966119591484,2459.71015729018,3325.9422520011417,124.89004453663593,134.88124809956682,1558817284,0.06107608957440024,0.514961534139992,0.8184827561718828,clean,229.4282264812453,16.398051355582272,31.968328196836485,11.248426118218127,27.87341786318896,83.98192751624757,40.00000000000003,6.799999999999992,0.0,-15.25999999999972,-33.09881687184725,-3.080607293300518,-1.3693426270135722,0.0,-11.71271814169997,-84.83765370391278,0.0,14.713389022356012,-161.79876478925613,-93.12978262800584,-3.201656338635569,-1.8028618499023707,0.0,-30.0,318023
-15.682352242406807,7.839425270903522,16.622870813179336,1.190711570700993,-1.1885450999624614,-1.1872045184755589,2.5010719660964695,0.783599742975151,1.7506115027831584,0.0,False,INSUFFICIENT_RUNWAY,950,95.00000000002785,1,685833.2101872329,1323.5818647975755,4342.266596319904,185.60091950869594,dry,0.9542898334258685,2.674373943125083,-2.8024614121362488,0.0,0.0,0.9041670877323833,1011.238836423252,0.9942151277677426,nan,nan,nan,nan,83.48322914373628,0.6053851498883773,-0.6444823567854563,124.61570821280715,134.58496486983174,582027100,0.4591754247401005,0.2024217499837641,0.35132770755788556,clean,86.01982703423805,16.68571124689729,24.84540438605884,10.796265348834782,0.0,0.0,0.024215405995535073,0.0,0.0,-9.499999999999842,-6.487084349908525,0.0,0.0,0.0,0.0,-55.46381360955127,0.0,16.902970228914114,-38.72791367679663,-10.652300323887884,-0.12563393320114027,0.0,0.0,-50.0,318973
-7.515687691881247,3.5847905161010183,7.554304624886193,1.743288202771961,-0.8051332886652782,-0.7266850244685721,2.8416986036836525,0.7837067590349343,2.3547930657066445,0.0,False,INSUFFICIENT_RUNWAY,972,97.2000000000296,1,681112.4525523505,1324.311683848672,4783.037491615077,204.26173185807085,dry,0.9643579176722126,7.647802242391723,-3.1152199563616407,0.0,0.0,0.04917520989131052,1015.8309722110735,0.9936407121685041,nan,nan,nan,nan,84.644180212322,0.6531019700607885,-0.9846001553263406,123.72168869814382,133.61942379399534,188480101,0.7764610980566631,0.30456791746951706,0.5464473067870553,clean,94.98129752096453,23.322934494542068,25.337481202595153,10.266348900615828,2.2989242679939155,0.0,0.026124078802431425,0.0,0.0,-9.719999999999837,-1.3878780887874018,0.0,0.0,0.0,0.0,-56.68204424421893,0.0,27.871710957414507,-46.435640350994184,-26.850298912329613,-0.5395982450568931,-0.005049273422628561,0.0,-50.0,319945
-30.1387150438203,7.443966610787651,18.04940203027798,1.4592667267186625,-0.7433185310677356,-0.7449763115881352,4.434068039071748,0.7689852570621378,2.2889688765924348,0.0,False,INSUFFICIENT_RUNWAY,936,93.60000000002674,1,754654.198656954,1328.9547454080403,4775.662427300109,297.330953444988,dry,0.9603973115146338,2.7805548899001353,-2.716230910930688,0.0,0.0,-2.546380576992753,1010.1951992902635,0.9908693808633467,nan,nan,nan,nan,106.0444533622742,1.1161620967320687,2.620624247405452,130.00318333512405,140.40343800193398,683416592,0.40180780590925713,0.3995859928312531,0.6041772509426899,clean,94.7709238013938,16.825649020954497,23.130458607530674,13.640672585865921,1.7523111041649764,0.0,0.044646483869282744,0.0,0.0,-9.359999999999845,-5.762914445862233,0.0,-0.019986775150658512,0.0,-0.010389709808218687,-52.74819290002885,0.0,19.978465549720553,-54.76725331970815,-26.514591989512915,-1.098513057248669,0.0,0.0,-50.0,320881
36.55595302505076,12.118707037002089,30.508601398026695,14.02827999563182,6.484940987802308,2.968250962881037,10.599368189946514,0.7692942362839132,1363.30140521377,1.0,False,UNCLEAN_TAKEOFF,904,90.40000000002419,1,673298.9959700084,1328.4452571413533,4624.51663233053,277.1276721068237,dry,0.958602784257984,0.6285234953419554,-3.7670452391224756,0.0,0.0,-1.5260985932642992,1013.4891303376222,0.9522560602771265,33.5999999999981,1214.0249718108485,85.5000000000203,nan,170.34011310978468,1363.30140521377,3968.75774383506,122.81500339337518,132.6402036648452,848452982,0.059455670214463685,0.525800478922036,0.7479788811523279,clean,123.43841699471554,15.560009147888564,16.767268347862117,10.06823497453286,18.55911900605934,36.27187746033672,39.99999999999999,4.999999999999998,0.0,-9.039999999999852,-14.751578496090055,-8.065425430009228,-2.943969094629629,0.0,-12.83996989587167,-50.51448718304596,0.0,21.204151956678885,-74.75611574902999,-44.764161677624074,-1.2088945471347725,-1.4285227895866444,0.0,-30.0,321785
44.78936575172628,10.213232064724616,26.3511790751081,16.391315105872284,14.470526687891349,4.749132948569966,10.698797553632408,0.7720766780508356,1260.0733061146293,1.0,False,UNCLEAN_TAKEOFF,1235,123.50000000004455,1,708211.4129341907,1330.7666099861233,4475.887164647485,349.67136405874544,dry,0.9900711710787846,4.417805672594329,-0.4958539783088445,0.0,0.0,-1.3636715239303792,1010.8227952580191,0.9531672955268173,36.19999999999795,1306.8381820018105,118.60000000004663,nan,161.88470301908754,1260.0733061146293,3807.8075479570857,126.16066113269702,136.2535140233128,2103281005,0.09507817652081625,0.4306431724944954,1.229391168826013,clean,158.93141680823607,16.087157643506544,21.37359472107115,11.353371879097143,34.850425950009644,43.086626126788616,39.99999999999997,4.999999999999998,0.0,-12.349999999999781,-14.313664985753322,-8.4052473844296,-4.3160508251009055,0.0,-19.49986554029564,-69.25548499568416,0.0,15.133863400523493,-92.28269451923747,-40.1315099218286,-7.581346511548319,-2.89122609362722,0.0,-30.0,323020
-48.945113735665586,8.8487827543686,30.223640577778294,1.0240577122121044,-1.0830581226262679,-1.0793050184777289,3.9022942591972667,0.7741122724963172,1.945917476112811,0.0,False,RUNWAY_EXCURSION,697,69.70000000000772,1,757282.371648033,1326.0977962079633,4394.480044470762,403.15278969439873,dry,0.9658476380841732,0.8463067438100973,1.1507632854543375,0.0,0.0,1.2021812342527696,1011.6843146001654,0.9879165752260978,nan,nan,nan,nan,106.6463363666109,1.1124911463044782,0.576919836907166,130.98470393073725,141.46348024519625,1875875565,0.18906401677565626,0.32299580178565207,0.5841459988562048,clean,62.923783282638645,14.785586372584492,16.861167841975714,12.757663292238584,0.0,0.0,0.04449964585217919,0.0,0.0,-6.969999999999896,-6.063974055011751,0.0,-0.0023945669162281844,0.0,0.0,-39.58001457830552,0.0,22.443835042787317,-46.73817600099743,-18.7739382925575,-0.6331517199538162,0.0,0.0,-60.0,323717
-34.03906854007822,8.072930860587888,17.01665366301484,0.8920753826717093,-1.1577085924524058,-1.158188237453976,3.680942027105384,0.7127211055931326,1.6197422704856024,0.0,False,INSUFFICIENT_RUNWAY,968,96.80000000002929,1,686030.1986208496,1323.4254899726795,4281.618100533883,54.81032426820964,dry,0.9936023887488105,0.9619155791192942,-3.2006731391363035,0.0,0.0,3.427646318144051,1014.124073015583,0.9980312315459579,nan,nan,nan,nan,80.04230453708189,0.5435780036811337,-0.6970093640054742,124.9982609525832,134.99812182878986,496254106,0.4183235217451776,0.3085211600607801,0.5405280162553074,clean,85.20848375910333,18.52025507646429,24.594905025799843,10.683027786501079,0.0,0.0,0.0217431201472453,0.0,0.0,-9.679999999999838,-7.009633541564189,0.0,-0.004618714385753065,0.0,0.0,-50.63434620720025,0.0,31.92669124450092,-59.59203781271482,-27.46107302107967,-0.6124652556499207,0.0,0.0,-50.0,324685
-16.666762635367057,14.727570551631151,24.664260431474688,0.9855016086890107,-1.0122640105077905,-1.0059273681525682,1.4714570678128818,0.7736106414056271,1.7859690839548534,0.0,False,INSUFFICIENT_RUNWAY,907,90.70000000002443,1,689678.4144732106,1323.8159351824602,4279.746946225734,287.1085553506861,dry,0.9999276331573074,0.060215601382924255,-0.60668430027531,0.0,0.0,3.7205013731314116,1011.0412396986618,0.9913499315051115,nan,nan,nan,nan,89.69060845530191,0.7343743887144569,-0.8987622531989281,125.58413275539095,135.63086337582223,1014257249,0.10945425808791566,0.16626412616955444,0.2829397310010839,clean,85.03381370751637,8.417309340570155,24.286434367906402,10.740119314081383,0.0,0.0,0.029374975548578243,0.0,0.0,-9.069999999999851,-21.858834473157604,0.0,0.0,0.0,0.0,-51.34515992392381,0.0,16.20040089883329,-22.046692855538378,-7.01802986321198,-0.03549812399159073,0.0,0.0,-50.0,325592
-71.60340895533459,7.327716834689897,16.691425645206408,1.0257596116567074,-0.7933084226286232,-0.7914892734769784,4.361274012341502,0.8103139728433232,1.8941927749308434,0.0,False,INSUFFICIENT_RUNWAY,1029,102.90000000003414,1,715517.4058764523,1331.9094555506847,4706.842388835174,362.1763850580481,dry,0.9809352819040178,6.8505828276354945,-2.0364406731469704,0.0,0.0,4.63876059268298,1011.6270998226186,0.9892376989615992,nan,nan,nan,nan,78.87188525158815,0.5412341023085787,-0.381935288159152,128.07898047636,138.3252989144688,1288245593,0.4366924994834169,0.3787491559052841,0.6696800922290034,clean,93.15202136020532,17.768265459933428,26.174743943764227,11.57512397065662,0.0,0.0,0.021649364092343106,0.0,0.0,-10.289999999999825,-6.1391779550744845,0.0,-0.014152745573873096,0.0,0.0,-61.93349190941404,0.0,26.149674954261762,-84.81276390899465,-31.77716741349605,-1.4781340756943162,0.0,0.0,-50.0,326621
-5.427670318420255,5.460750458462639,11.915343105013385,1.0308708073947133,-0.8762456874425968,-0.8795257186571394,1.92401672114104,0.8224065114517464,1.960630894433553,0.0,False,INSUFFICIENT_RUNWAY,888,88.80000000002292,1,757299.2504166279,1331.1742228878843,4266.4975877888155,11.259804598691526,dry,0.9899322555845722,1.026116203115575,-3.681828305952894,0.0,0.0,-0.41215386322347847,1015.6838071796493,0.9992896069290155,nan,nan,nan,nan,96.09539174717828,0.9717293764662607,0.20843780830574588,130.36283020829305,140.7918566249565,1959840678,0.6654572886741364,0.1994786363931992,0.3562594848003631,clean,84.46092850977168,16.306274984654927,23.419711359094503,12.315860418598007,0.0,0.0,0.03886917505865038,0.0,0.0,-8.879999999999855,-2.942219829533854,0.0,0.0,0.0,0.0,-54.406791747547295,0.0,16.07441388430803,-31.211656700230854,-10.361800254925551,-0.24126011766834082,0.0,0.0,-50.0,327509
-28.517077249652665,7.6031177064502735,17.054645954452415,0.8306898803165806,-0.9063379525046944,-0.9068977213671411,3.119247557217719,0.7979571191527892,1.7528156080429653,0.0,False,INSUFFICIENT_RUNWAY,958,95.80000000002849,1,678343.0289923351,1327.6942319904392,4418.902973157594,194.68837006179584,dry,0.9729714646430202,5.892281938487244,2.0252291749028837,0.0,0.0,4.489025829863781,1011.9695241090283,0.9940043422984506,nan,nan,nan,nan,98.70942152249796,0.9871465592368338,3.122824774872335,124.65447521002334,134.6268332268252,289993663,0.44789743029638707,0.2772125667374848,0.5412037790986156,clean,87.79514918635873,12.31415340002249,25.45199547946269,12.002124586010375,0.0,0.0,0.0394858623694734,0.0,0.0,-9.57999999999984,-6.153276456232879,0.0,-2.0810453081886254e-05,0.0,0.0,-56.79238897862955,0.0,14.66830576031793,-41.567400000651546,-15.734015582706414,-0.96118969552075,0.0,0.0,-50.0,328467
-32.66604550813487,6.1772806714469635,14.350807720382107,0.9490717534456046,-0.8325306842569952,-0.8228585643121571,2.8167547987337325,0.8230145821760019,2.0660719054062326,0.0,False,INSUFFICIENT_RUNWAY,952,95.20000000002801,1,768467.4387881835,1329.0463489018462,4626.03273523661,90.14807182331968,dry,0.995424102863031,1.631312688124913,-1.5061516309085796,0.0,0.0,4.863285314345242,1012.7753325453153,0.9970300080637757,nan,nan,nan,nan,103.98761411467036,1.1553369441373746,1.5108189421187923,132.70907462091247,143.3258005905855,1644794485,0.5599062023911704,0.2896791050499197,0.4609146260121157,clean,91.44106874797826,16.827902541504887,24.800531494776244,13.511935718537526,0.0,0.0,0.046213477765494955,0.0,0.0,-9.519999999999841,-4.036352695792034,0.0,0.0,0.0,0.0,-58.36661311316414,0.0,23.497090742043532,-56.41440612860091,-24.14193453859345,-0.3114817545899177,0.0,0.0,-50.0,329419
-53.73580758336267,9.657013886541336,20.328376601977524,0.7538918020721015,-0.8683328760347406,-0.8650118375397459,4.142391923387247,0.8293061931748804,1.8667302499889615,0.0,False,INSUFFICIENT_RUNWAY,887,88.70000000002284,1,713952.5683445032,1329.9991171449349,4343.048681201426,291.71282735149214,dry,0.962091328266215,0.05393812480837923,-1.4871344721439193,0.0,0.0,1.2378442065450503,1011.823107712141,0.9911339066934997,nan,nan,nan,nan,104.17565960642824,1.2717639378515173,-0.7985338239599216,127.18131551687476,137.35582075822475,1986944590,0.3003568634209842,0.30753843151069754,0.47487748366617266,clean,86.36280571444499,14.02324806670535,22.331966974741604,11.250867079549417,0.0,0.0,0.05087055751406066,0.0,0.0,-8.869999999999855,-9.191085840078202,0.0,-0.009909218624326642,0.0,0.0,-54.98644883245012,0.0,18.64674921572565,-61.6582239077573,-21.361001982733647,-0.32564541039961353,0.0,0.0,-50.0,330306
-91.61361297045491,10.692226228114524,21.369005739533335,1.2110100430900939,-0.9020007088619327,-0.9005131268769717,8.741883026444766,0.8251942546917451,1.715367925531723,0.0,False,INSUFFICIENT_RUNWAY,941,94.10000000002714,1,679662.7534668555,1330.3339057743137,4540.370982942996,419.21657225618117,dry,0.9966662111802136,1.7904433264588357,-1.297139072243512,0.0,0.0,-2.724929147888476,1014.8312847487597,0.9872639166363769,nan,nan,nan,nan,101.97876782355782,1.14374222090089,0.5746828201316134,123.05426132552192,132.89860223156367,1965643235,0.17074666862503127,0.6801630465391078,1.0603135823857113,clean,90.06081660050903,12.465600963994115,22.231847866989643,11.610289801538162,0.0,0.0,0.045749688836035605,0.0,0.0,-9.409999999999844,-11.953178145789169,0.0,-0.5323710587882364,0.0,-0.4758603993919269,-58.26464794926399,0.0,20.370630561061844,-74.6349490400078,-39.176388070202755,-3.951153789938762,0.0,0.0,-50.0,331247
-33.21181791268505,16.852802749985752,27.644237782595162,0.9171921008101681,-0.9482158581378409,-0.943630451497504,1.3488590238031795,0.8200529915410507,1.7983077957266005,0.0,False,INSUFFICIENT_RUNWAY,949,94.90000000002777,1,698375.5307773948,1327.8391308675452,4485.522203719037,467.0004835138337,dry,0.9811651639421595,5.362661329859718,-0.4057278131388635,0.0,0.0,4.465321369532435,1014.255310322148,0.9862226339638757,nan,nan,nan,nan,94.67007057255708,0.8410926380908563,-0.6384038745837728,126.3339806032337,136.4406990514924,594949505,0.058309151875630315,0.1357854440013823,0.2827101975772221,clean,89.24441706342158,7.9676819691292895,25.460403697307125,10.936561875747302,0.0,0.0,0.033643705523634236,0.0,0.0,-9.489999999999842,-29.948010615877877,0.0,0.0,0.0,0.0,-58.18680636742302,0.0,13.349534574171368,-28.29013352380806,-4.241302341932561,-0.047807948944042944,0.0,0.0,-50.0,332196
-24.6154670845923,10.37165667303673,18.100501229966245,1.1247282620602348,-0.4492448494433698,-0.44715885327775867,5.885255395842504,0.7966330779666927,2.3137065257776044,0.0,False,INSUFFICIENT_RUNWAY,904,90.40000000002419,1,742878.0783133765,1331.962166503129,4644.265369707044,62.01056133187116,dry,0.9949713420314914,2.648217027775509,3.6463318630884856,0.0,0.0,2.690899479466548,1015.9314010729449,0.9978004637397131,nan,nan,nan,nan,118.10830632062034,1.7374400324673758,-2.629733518505253,129.79414627589938,140.17767797797134,273595878,0.29684064216494443,0.31677023635483537,0.6787202505275658,clean,92.49323845077042,9.355332129273705,23.3151313754003,13.833404075565914,1.1148147424345718,0.0,0.06949760129869502,0.0,0.0,-9.039999999999852,-10.804935664176233,0.0,-0.012850861071207784,0.0,-0.0869354369839026,-53.359002769084086,0.0,13.965380039153255,-42.82136437484371,-10.8596706262932,-1.7775057660363855,0.0,0.0,-50.0,333100
-53.13298211894836,10.170333846113088,20.068281660701896,1.0807361760072098,0.032115043549663685,0.026369951130388557,6.265144074334144,0.8134704023039118,2.439457052966816,0.0,False,INSUFFICIENT_RUNWAY,833,83.30000000001854,1,695632.6956081645,1331.802891495851,4232.909214343133,80.72339068349443,dry,0.9990219278528011,2.92969267025326,-1.4532887487737423,0.0,0.0,-0.5164314597654638,1011.3962493910494,0.9972175404855463,nan,nan,nan,nan,115.18126312882332,1.5828823529877099,0.5853528411759257,125.18430876109096,135.19905346197825,1275194774,0.22727356297602838,0.5593684968297722,0.8788325646707943,clean,84.20100416239507,8.871897764752404,19.56957312835633,12.470493891855693,1.9893434359296884,0.0,0.06331529411950843,0.0,0.0,-8.329999999999867,-9.573547802331191,0.0,-0.26468484362169054,0.0,-0.40639872542483907,-50.46250594430723,0.0,14.60754497375575,-45.82815203310046,-27.44159086579296,-2.5992745555339454,0.0,0.0,-50.0,333933
-26.774746918642737,11.881842666218322,19.161431743542593,1.0120356502949133,-0.8349123428053613,-0.853652770796182,1.4892958435544936,0.8120733569231696,2.0413175096613543,0.0,False,INSUFFICIENT_RUNWAY,838,83.80000000001894,1,737309.5945967775,1323.9299752543159,4207.563994343512,193.69725760666267,dry,0.9736531833240578,0.6302007171045414,-0.7352980021668136,0.0,0.0,0.08614253609429046,1015.9056088338623,0.9939213096498098,nan,nan,nan,nan,130.79158305902058,2.003096982475512,3.6936070653516673,128.72807336809524,139.02631923754288,157975135,0.23998283972246454,0.1904394434110898,0.2893569125658831,clean,83.43382478115423,6.385998922537527,22.042083920474152,13.704093868348146,0.20374818831954727,0.0,0.08012387929902037,0.0,0.0,-8.379999999999866,-13.145257683479334,0.0,0.0,0.0,0.0,-50.659353495223094,0.0,11.393499096494663,-32.68397093810208,-9.122894657968919,-0.02664280049657335,0.0,0.0,-50.0,334771
-42.778553074203174,11.66703731534691,23.135633346699503,1.9703479797464774,-0.5246922977551134,-0.48627192821155096,4.844993477906713,0.7662967575308441,2.4826883973653224,0.0,False,INSUFFICIENT_RUNWAY,865,86.50000000002109,1,734681.8852950932,1324.5723289387147,4502.914597124729,59.24050927482105,dry,0.995759811953919,2.184087612896958,-0.13025817966441355,0.0,0.0,4.458904183787796,1011.9131160912857,0.9978882318875517,nan,nan,nan,nan,127.00777224798081,1.9578924683326164,0.32147032279478793,129.72468039138764,140.10265482269867,279162560,0.19919861151369944,0.2524688650779884,0.3279923334068151,clean,89.41431674387772,8.50660329543302,21.5365331815845,14.191853249954498,1.5299906554559972,0.0,0.07831569873330475,0.0,0.0,-8.64999999999986,-13.082621350645343,0.0,-0.05597755234193404,0.0,0.0,-48.77937569102328,0.0,11.474348365021577,-51.15316999232843,-17.765232540216434,-0.02413713770781857,0.0,0.0,-50.0,335636
-39.35517654820046,5.43895336935596,11.619676679638582,2.8661731705204287,3.8807273020114277,3.956356975250332,1.8753910946464418,0.8061127792458114,4.995027627289389,0.0,False,UNSTABLE_AFTER_LIFTOFF,424,42.3999999999976,1,733713.6703305254,1329.7145763270887,4486.912997158882,81.15160350852751,dry,0.9684538141812804,5.061550841951224,1.8393720503928623,0.0,0.0,4.781183375746362,1012.3987999158558,0.9971685429198178,40.699999999997694,1626.7616760352926,nan,nan,136.9044271736454,4.679649419783104,-11.385651378682091,129.6794275678995,140.05378177333145,151024479,0.6684806855066013,0.16358362142873528,0.25723122993008657,clean,34.03152193824056,7.7668834287920285,9.893225649230587,12.229121301604442,3.4747375028303558,0.01974137677813549,0.1871859767913243,0.0,0.0,-4.239999999999954,-1.3936509590786788,0.0,0.0,0.0,0.0,-25.266286035346667,0.0,10.932132341854082,-13.68416295889858,-3.289754264547752,-0.010470080382722614,-0.005401766067580982,0.0,-70.0,336060
-34.085422863827446,2.8904290060739752,7.590689885702265,8.71261572078365,6.776680586325091,5.179289174104721,5.8478432468768045,0.8234312053312332,30.83656489102592,0.0,False,UNSTABLE_AFTER_LIFTOFF,456,45.599999999997415,1,711105.047661894,1327.8667643965377,4448.424686207385,31.230485354674432,dry,0.9910159653214597,4.776133156390653,-0.4620841795598589,0.0,0.0,0.5191733747082914,1011.7306180499609,0.9983804116004225,38.69999999999781,1501.1181340945586,nan,nan,135.04395260992504,11.998406718906878,-962.7223525491052,126.77552729125257,136.91756947455278,452892285,0.6051462680098707,0.4364313817433939,0.574925767706168,clean,38.69805337028249,10.934170398333636,10.507335668133042,11.75662630836136,5.552967476494216,1.0225290349521765,0.47993626875627515,0.0,0.0,-4.559999999999947,-0.4232987118504588,-0.7190584666823531,-0.05300063984425479,0.0,-0.29764513440270773,-27.947168095118816,0.0,14.540718576952022,-12.531820137229264,-10.102159346828333,-0.5001342453827708,-0.44347518875367337,0.0,-70.0,336516
-64.16205522724573,10.786601455354711,27.679803930624853,2.000768663305179,0.7473149106303884,0.7009113771884233,6.11973667825639,0.7930375657528693,2.642088453420115,0.0,False,INSUFFICIENT_RUNWAY,839,83.90000000001902,1,672733.6167760157,1330.2175276438506,4320.029932050863,374.6100873468705,dry,0.9688702641982062,2.117102494585244,0.5213053983026774,0.0,0.0,3.3860750075803194,1015.7551268666339,0.9887731883195371,nan,nan,nan,nan,127.17707168664089,2.074572865300638,-2.1007993914681755,123.67274261640192,133.5665620257141,1865850388,0.16981233159653722,0.32211878715175213,0.5894306945938244,clean,85.81997767751533,11.198061845234854,20.002840759782426,12.804342340342412,3.3470856373464026,0.0,0.08298291461202563,0.0,0.0,-8.389999999999866,-10.846477425848686,0.0,-0.15328995458184932,0.0,-0.03647638184017462,-49.108536870331896,0.0,17.226527435298998,-70.98554289115799,-24.106112405386735,-1.016658824787713,-0.0007790834424011255,0.0,-50.0,337355
-60.5150260432729,11.066791610208627,30.210102780808995,1.3467050358350279,-0.8323810301544271,-0.8313995238966893,3.9244328820229293,0.7735620573464544,2.0200276894887566,0.0,False,RUNWAY_EXCURSION,626,62.60000000000207,1,749487.9577436226,1328.8635421354002,4558.302882389338,276.66264414966105,dry,0.9909578982073695,3.64061542967565,-3.157421974843176,0.0,0.0,0.12009808298179614,1014.3397463579092,0.9915346865889324,nan,nan,nan,nan,112.72475229821161,1.5239357380968954,-1.4326350754650186,129.89462876838192,140.28619906985247,1444535965,0.1456929156438657,0.23906321787851606,0.37249524386527433,clean,57.47364798967301,9.02724697422275,15.203793173421172,12.019476415394216,0.0,0.0,0.06095742952387578,0.0,0.0,-6.259999999999911,-8.518738524045421,0.0,-0.002760549312055259,0.0,0.0,-35.45584949108316,0.0,12.45912154609603,-45.001520810177745,-11.462324711410215,-0.05807548557510235,0.0,0.0,-60.0,337981
-52.816903989806505,11.29860914824997,30.126991658644638,4.717249148990014,-0.6774915079917836,-0.5380259055823137,4.668393196697559,0.8127551298804476,3.2998037153540736,0.0,False,RUNWAY_EXCURSION,736,73.60000000001082,1,753723.791282967,1328.4194614122048,4607.395140042854,118.48986109632797,dry,0.9639757198425284,5.446521346998755,3.5215857646566633,0.0,0.0,0.4454949150771572,1015.2022705391923,0.9961171024823763,nan,nan,nan,nan,139.41052493528815,2.3214403184607875,2.3111709109790013,130.27928987214514,140.70163306191677,1361654911,0.1322423419155539,0.2692325199223174,0.4883446671263535,clean,72.52114823060745,11.834792189960142,17.726775428717144,14.544942805827992,2.7772033175569466,0.0,0.09285761273843156,0.0,0.0,-7.3599999999998875,-10.439634061344409,-0.025417868786431416,-0.016205490535089094,0.0,-0.01058950485206308,-44.27559642090933,0.0,20.593812485328232,-53.75570093529458,-16.449524319857417,-0.34939327250170893,-0.22637418646136495,0.0,-60.0,338717
-69.06643507952921,10.275424489809353,30.082226926224244,1.1454918411106432,-1.053293982906612,-1.047575379740005,3.229657171955081,0.807347327877439,1.774684998622483,0.0,False,RUNWAY_EXCURSION,513,51.29999999999709,1,721241.9890073711,1327.2518845981735,4260.951970442098,31.66395950698081,dry,0.9801586911484264,1.201436276860103,1.4702900915877293,0.0,0.0,2.864620156589667,1011.8135865383265,0.9986805673050555,nan,nan,nan,nan,118.83993463425821,1.6273274298398732,0.216572336337979,128.18831501150376,138.44338021242407,2116130273,0.1638075665302849,0.25897603448170353,0.4310815304623769,clean,43.448479228435275,7.479136079480132,11.86992407421188,10.958086597416932,0.0,0.0,0.06509309719359493,0.0,0.0,-5.129999999999935,-6.018307861409104,0.0,-0.00011602201968752197,0.0,0.0,-30.724264134444933,0.0,7.970755317907625,-37.20785890784381,-11.673290156703935,-0.10407239175298631,0.0,0.0,-60.0,339230
-61.1618762526413,12.871341885111287,30.05457426400692,1.320787234973659,-0.734107586045815,-0.7251759842582848,2.7718738776857763,0.7671592798982532,2.041383365944796,0.0,False,RUNWAY_EXCURSION,615,61.500000000001194,1,689515.686864848,1326.5381765672441,4437.100882955329,253.62137250802658,dry,0.9985081217069122,6.349712166604329,2.28072794166178,0.0,0.0,3.0026996035062243,1011.9815987726478,0.9922673658958853,nan,nan,nan,nan,118.09337294679526,1.7570632028268278,-2.407918629314665,125.35653105438072,135.3850535387312,1066379591,0.10880109013087733,0.2444074665627499,0.36342319378354554,clean,58.56342304242455,7.749788513706639,14.988259524315037,12.359034269585383,0.9131656444495526,0.0,0.07028252811307312,0.0,0.0,-6.149999999999913,-11.320881864767035,0.0,0.0,0.0,0.0,-34.492753338976875,0.0,13.351616213182993,-45.113301631815204,-12.032124872704669,-0.048384280154525554,0.0,0.0,-60.0,339845
-61.10714521234199,10.088935308611877,30.07615752226699,1.2788293589697537,-0.982707379178906,-0.9828433908277897,2.7298590919208143,0.7965436593195743,1.810846933265168,0.0,False,RUNWAY_EXCURSION,529,52.899999999997,1,703564.5022220601,1325.9327749437493,4594.464077327188,434.84689130288064,dry,0.9550463873058861,2.6737546335108737,-3.9521733783628763,0.0,0.0,3.7321760754566373,1010.1776001254799,0.9870809605736103,nan,nan,nan,nan,124.63121090173136,1.7644561095610811,3.3771058566431655,126.89884447989614,137.05075203828784,85898467,0.1688081933281486,0.25093532591571754,0.35750479676225483,clean,46.105871312442154,8.128674430579911,12.339747216972436,11.880490912863516,0.0,0.0,0.0705782443824433,0.0,0.0,-5.289999999999932,-5.982791076095223,0.0,0.0,0.0,0.0,-31.197247557967493,0.0,11.159868729753828,-38.734392967989194,-9.511783154479199,-0.07616130280501078,0.0,0.0,-60.0,340374
-52.32124438470637,9.230611628616566,30.07883146777142,1.0748319395141366,-1.1863211988799294,-1.2180877642085874,2.988297754642119,0.7964889653640151,1.6703440496116855,0.0,False,RUNWAY_EXCURSION,478,47.79999999999729,1,726741.0229262464,1325.3124779649586,4628.850058368593,286.01300255481334,dry,0.989480437962601,3.6648432584568447,-0.4223535653735184,0.0,0.0,-0.27888972585908967,1012.075828268319,0.991241539893254,nan,nan,nan,nan,124.17512073402261,1.6703440496116855,5.654520128155589,127.96262491028486,138.19963490310766,351206811,0.18890759453257577,0.2581686171471736,0.36107418300086724,clean,38.31269367862314,8.968876146815488,10.711753710544379,11.946693578463814,0.0,0.0,0.06681376198446745,0.0,0.0,-4.7799999999999425,-4.5252892573702175,0.0,0.0,0.0,0.0,-28.224292285935363,0.0,13.548269975519606,-28.74409060228229,-9.532061482053452,-0.0706116090159665,0.0,0.0,-60.0,340852
-79.11121219802098,11.565633206072578,30.022343820665984,5.740669476042618,3.3704307578004142,3.293117175381457,5.119239626782604,0.8308728452461459,5.175020158909888,0.0,False,RUNWAY_EXCURSION,640,64.00000000000318,1,684649.2870914226,1328.0813498958755,4443.425814292618,237.24426351761014,dry,0.9516813637409648,0.023283389610333494,-1.6751479152034636,0.0,0.0,-2.408271026654682,1011.6610781306775,0.9925981200728932,nan,nan,nan,nan,118.67448332484733,1.5088156428722925,2.7481753803592923,123.76680520972772,133.66814962650594,558975054,0.10962846329705112,0.4448191820438772,0.714926288042357,clean,60.40855361034981,8.702770879838251,15.356850895153643,11.882424988785212,3.3913387311010177,0.001622367475325799,0.06035262571489167,0.0,0.0,-6.399999999999908,-9.512097525860174,-0.19719388648701022,-0.042913698201381315,0.0,-0.16847423049704474,-39.767892387287645,0.0,14.56844500402112,-52.59313622296931,-23.634374892319165,-1.1306261357508411,-0.03686232108717801,0.0,-60.0,341492
-60.02456296851735,13.812936422069928,30.06347871886918,0.7694925394463519,-1.077643734026149,-1.0650329829014054,2.535450246383926,0.8278855845542017,1.8586512660612584,0.0,False,RUNWAY_EXCURSION,710,71.00000000000875,1,728443.7472022236,1323.2262338473067,4567.709313091721,470.9896591119563,dry,0.9914256425378705,1.2135445489469028,0.882254882138318,0.0,0.0,4.210287701086173,1012.9452073325301,0.9861075342191244,nan,nan,nan,nan,106.3849119759349,1.2281759352961785,-0.2757486202822612,129.05208050737144,139.37624694796116,1446831539,0.09149521119024187,0.24651838257046657,0.6257740235850492,clean,65.43554748948198,6.786209371115741,17.970141033209778,11.594869075044206,0.0,0.0,0.04912703741184711,0.0,0.0,-7.099999999999893,-15.051780105122639,0.0,0.0,0.0,0.0,-43.99439459002801,0.0,13.274185141231484,-36.117618913600715,-12.199871386704492,-0.6709771205563182,0.0,0.0,-60.0,342202
-69.67581996995168,13.985237419016661,24.893630440349078,1.2224671564128748,2.0498505283572133,2.0681862105028093,3.01240280104422,0.8128815193307257,3.2577989227021646,0.0,False,INSUFFICIENT_RUNWAY,898,89.80000000002372,1,716761.11805661,1328.9227049912126,4534.752931276972,48.00569727059906,dry,0.9865075474346375,0.21584678494924692,0.5623507500506593,0.0,0.0,-0.6651994198136055,1013.5140343471696,0.9981848374201618,nan,nan,nan,nan,117.53106414069737,1.586814161368494,1.609212152333157,126.90553580331657,137.0579786675819,766760084,0.11652766028450533,0.3148028321941577,0.6389759713545649,clean,90.32619000357444,6.2174317076741525,23.338934313649585,12.560193646186795,2.5691452809161626,0.0,0.06347256645473955,0.0,0.0,-8.979999999999853,-19.515222818700508,0.0,-1.1563160038634468e-07,0.0,0.0,-54.39096842879369,0.0,9.239647315617855,-53.35507171318688,-26.83682157689793,-0.9120845885183955,-0.0006655622960792133,0.0,-50.0,343100
-51.774886507372194,13.68424103051729,30.022921970454618,0.8823834583061054,-1.0114253068942245,-1.0141862053503186,2.886597638156163,0.8326394799402204,1.9654550329288654,0.0,False,RUNWAY_EXCURSION,590,58.999999999999204,1,749307.9468063927,1322.411041337176,4568.636768490419,2.4830881054460074,dry,0.961346747926992,4.776561240766513,-1.9776700656401194,0.0,0.0,2.107022902106997,1010.6152407620231,0.9995236756640142,nan,nan,nan,nan,121.51740742470527,1.643982242219682,-2.4354370424787852,130.56579065695695,141.01105390951352,682937139,0.09563792121220105,0.2080978973799347,0.5049034040346956,clean,54.01833751427587,6.3389772228919465,14.547231653188655,11.825665130285099,0.0,0.0,0.06575928968878722,0.0,0.0,-5.899999999999919,-12.2758318914403,0.0,0.0,0.0,0.0,-36.97292256997283,0.0,11.613772174032542,-26.84397326192131,-7.915419634146217,-0.27648213425435164,0.0,0.0,-60.0,343690
-49.92703170070592,10.247035380451944,30.00340120764696,3.7402121640762482,-0.7809620447720663,-0.791758557435799,1.9827443078419582,0.8132422300138838,2.9266238066424535,0.0,False,RUNWAY_EXCURSION,485,48.49999999999725,1,766571.9013104474,1326.6153613045592,4764.486336177185,379.9025670970037,dry,0.9610168052853181,0.5910616790366046,-3.1108726958515707,0.0,0.0,1.8469826952319757,1010.8924402394797,0.9885845211910488,nan,nan,nan,nan,134.6644081069437,2.3906801294971842,-32.54425834701646,131.9840651125762,142.5427903215823,240915549,0.16687911747921616,0.16157703903216852,0.35262804087972,clean,40.392072361264134,6.6244758520049505,11.213430747384102,13.39776955404666,1.5015868211378838,0.0,0.09562720517988732,0.0,0.0,-4.849999999999941,-5.658426781421494,-0.004814843707569277,0.0,0.0,0.0,-29.348822258448223,0.0,7.778641595026142,-27.252282767053853,-3.6822730301320705,-0.10003030963269909,-0.033985846353717555,0.0,-60.0,344175
-53.69272843606842,10.812290824933662,30.272796666419584,5.20883926452159,-1.0900933036955391,-1.1086725491370673,2.269699627502795,0.8057978480255016,3.3160145929824125,0.0,False,RUNWAY_EXCURSION,435,43.499999999997534,1,749458.8083530779,1329.041845586232,4409.496651653574,346.10577734418683,dry,0.9563338806308728,3.975060072104153,-0.742048545993077,0.0,0.0,4.255855584790389,1012.3684616914237,0.989614792181647,nan,nan,nan,nan,140.19518603272812,3.3033490111225774,-11.139474129651319,130.9478584931085,141.42368717255718,1526602881,0.1446846259332913,0.18776335833533112,0.46542392269049226,clean,35.887840686744035,6.833016781303558,9.981948719923967,12.424223379804774,1.479677241388703,0.0,0.1321339604449031,0.0,0.0,-4.349999999999952,-5.650438922675658,-0.06533424570526526,0.0,0.0,0.0,-26.08029499627516,0.0,11.227249676868048,-30.605113634046447,-4.566420232155425,-0.22230255052738476,-0.11891430116107012,0.0,-60.0,344610
-52.94603562642739,10.366761050666302,30.13627246402689,4.67901592255999,-0.8323400175339738,-0.791901414380337,3.0507888439863162,0.8106798640312661,3.1792273820656476,0.0,False,RUNWAY_EXCURSION,429,42.89999999999757,1,715204.0578343315,1330.115721383866,4712.639311616044,191.5021077804332,dry,0.9983322612072485,7.752282401270956,-3.0252416834505915,0.0,0.0,-2.0338673472540094,1011.9324480727462,0.9939418852292649,nan,nan,nan,nan,134.14172597763974,2.1968587454231,13.308170984006686,126.56428913910493,136.68943227023334,52580666,0.1535208496398512,0.2525130718756849,0.5319637793946551,clean,35.753717464456074,7.022441908229678,9.682282609208132,11.001765173304873,2.186230415305551,0.0,0.08787434981692406,0.0,0.0,-4.289999999999953,-5.122724019823501,-0.029499390417989484,-3.942021974095225e-06,0.0,-0.01220847434083945,-25.809623801523117,0.0,12.851357977914308,-28.95701639270705,-6.603573261413342,-0.37752551802760237,-0.32953072438752107,0.0,-60.0,345039
-80.03682117509787,13.321490165332857,30.046417171107223,0.9654419529069336,-0.9504740075356649,-0.9379188549549339,2.8722544051525216,0.82612159210304,1.8818150488716583,0.0,False,RUNWAY_EXCURSION,598,59.79999999999984,1,691775.5488624519,1322.022725807213,4676.267894743586,370.49634413567776,dry,0.9780509427608298,2.583735963185041,3.2578496356662887,0.0,0.0,-1.1506822719190763,1015.094646556727,0.9887617651588415,nan,nan,nan,nan,112.79660689714264,1.3106270428283437,-0.955571798187087,124.47168091046076,134.42941538329762,988605540,0.09194235050791974,0.38573405322522886,0.7967438358751818,clean,53.125192060600355,6.290607295094573,14.237667055172697,11.254896866239287,0.39311272629214533,0.0,0.052425081713133655,0.0,0.0,-5.979999999999917,-11.791370659398435,0.0,0.0,0.0,-0.00017028500049113358,-37.08794989094628,0.0,11.739006033211528,-37.91594285907926,-23.119113965206633,-1.235180633790268,0.0,0.0,-60.0,345637
-50.03082144096757,9.487161710712641,30.073500857322976,10.308200760704926,-1.4400632186905034,-1.501417257603359,3.4661609210567996,0.8018451809883118,4.389074803245819,0.0,False,RUNWAY_EXCURSION,415,41.49999999999765,1,747770.5592555432,1329.779346206156,4581.372641044571,191.13026037407255,dry,0.9558319951256352,5.304789574844043,-1.2855125851638118,0.0,0.0,-1.900796648912502,1013.3425586338333,0.9938966520053559,nan,nan,nan,nan,144.7231982249492,4.373003347010979,-9.06316055005803,129.35373417134159,139.70203290504892,1598640627,0.14144778440849462,0.24541345301695333,0.6641954544649908,clean,33.71857146276292,7.292810042472121,9.433969127930894,11.512284378476718,1.2755241667560173,0.0,0.1749201338804392,0.0,0.0,-4.149999999999956,-4.150287609995888,-0.9640201568864972,-0.00011141525815924659,0.0,-0.10292635444616098,-24.613239516655064,0.0,14.875862731037945,-26.18216981174567,-7.191256242464878,-0.7782129094836137,-0.18253946734871668,0.0,-60.0,346052
-55.55927791018881,9.882524694363788,30.014845769565085,7.800560815277092,-1.4246495607945835,-1.4499149131835907,2.356161530007598,0.8159478384341441,3.4986522605180426,0.0,False,RUNWAY_EXCURSION,397,39.69999999999775,1,720696.3616368887,1326.424129429488,4742.861181284071,400.6606698247367,dry,0.9729063966979075,4.138417959921618,2.582335161329245,0.0,0.0,-0.06217380465935918,1014.2453688295772,0.9878623100467233,nan,nan,nan,nan,133.71879908273218,3.434107213887046,-14.120728409040488,127.34089226512509,137.52816364633512,1089783226,0.15404720223235877,0.19788914542840205,0.6631557749887352,clean,29.60824087160328,6.430512958672811,8.573025292228015,11.347403975640374,0.9581074515712926,0.0,0.13736428855548186,0.0,0.0,-3.9699999999999593,-4.3080805389866565,-0.451156889722775,0.0,0.0,-0.01695343481380867,-24.20342544135534,0.0,12.544534165132502,-26.522051499729727,-4.763028693375195,-0.7783713461067654,-0.1453990695023019,0.0,-60.0,346449
-50.07331492161461,9.415924762102803,30.3012331569555,5.7137843102683,-1.5420702991171782,-1.5796952510036961,2.266500525374876,0.8093575115870083,3.2867250050450707,0.0,False,RUNWAY_EXCURSION,402,40.19999999999772,1,725018.6965043494,1331.6952785364902,4401.9756384674565,237.24107088969404,dry,0.9788531791765169,0.7891691203058908,-0.7737423246297417,0.0,0.0,0.7736970171081161,1015.8225198783583,0.9926514500938289,nan,nan,nan,nan,136.52421377274464,2.847918507857031,-35.94603574037407,127.80800436666418,138.03264471599732,1475383483,0.17164526505501193,0.2117357878350461,0.3068002503160562,clean,32.00408801002417,7.188609219176814,9.023543644414346,11.171046398204002,1.4185032827077004,0.0,0.11391674031428109,0.0,0.0,-4.019999999999959,-3.9601305476092734,-0.16870285037684823,0.0,0.0,0.0,-24.2433767086034,0.0,13.417659969973162,-26.129806479444255,-5.7750508763572075,-0.05125146904832342,-0.06236325498976497,0.0,-60.0,346851
-59.04353403020001,9.385222445133293,30.30017848871747,3.011951618060869,-1.4991564898906928,-1.499619924388299,3.7248380681970903,0.8058460022773117,2.591594364649282,0.0,False,RUNWAY_EXCURSION,444,44.39999999999748,1,754906.5446370833,1328.1176660097624,4256.989875827554,70.37492297781934,dry,0.9849999575719791,0.13529309894727515,3.8670366165879195,0.0,0.0,-1.3129759689231388,1013.3981451255082,0.997507733227142,nan,nan,nan,nan,138.78600246678866,2.531628946580625,-16.118357193291608,130.0992922326965,140.50723561131224,1695794246,0.18124881012582758,0.23110509452572006,0.275551494668152,clean,34.74765933858145,6.821677751585878,9.561930198455451,12.790493255299232,1.2370155513485066,0.0,0.10126515786322493,0.0,0.0,-4.43999999999995,-4.345398417001931,-2.0841668116402924e-07,-0.0041763617724971305,0.0,0.0,-26.59372223856534,0.0,8.466388365383525,-29.683044554609964,-7.696863921344494,-0.006452321988257166,-0.00030562501810824365,0.0,-60.0,347295
-56.61553751073794,9.516937058807995,30.02500665685185,3.382073075003458,-1.3629219573066362,-1.3573855418908565,3.0525327615550664,0.8249146091515878,2.6613868729643215,0.0,False,RUNWAY_EXCURSION,433,43.299999999997546,1,725873.5611250016,1330.2979298555856,4430.97054219869,6.778419292847005,dry,0.97375217976858,4.150866901606617,-1.5318877066768697,0.0,0.0,1.7153788502475242,1014.8599723073951,0.9993717315120201,nan,nan,nan,nan,136.01199991002827,2.3584108685055654,-22.582268196068878,128.15229494684505,138.40447854259267,482945970,0.18375550505146881,0.18684880747419264,0.20711506842307675,clean,34.47825089584356,6.8551475835818065,9.67538336633507,12.462165468163185,1.5208073234036747,0.0,0.09433643474022266,0.0,0.0,-4.329999999999952,-4.357523932767613,-0.000937064657487001,-3.2900944074875553e-06,0.0,0.0,-26.703621599569253,0.0,8.191278341461055,-29.736847982983893,-4.754673872627827,-0.005340945752795227,-0.003958235813256912,0.0,-60.0,347728
-56.41402371795999,9.870096449350207,30.001038165951055,1.1615835950276734,-1.4810299124871193,-1.489752977002969,2.8946684152302513,0.8323463008558155,1.8309541712661712,0.0,False,RUNWAY_EXCURSION,417,41.69999999999764,1,710832.2975172186,1326.8195395259065,4311.855975250481,96.37230421519199,dry,0.9888656848355021,4.665068149823777,2.021488794047645,0.0,0.0,-0.787318581387777,1015.9755297137151,0.9967526208983021,nan,nan,nan,nan,125.58365561234974,1.7495699926137291,-2.4377158510276864,126.1995839450463,136.29555066065,199169391,0.18111615268358455,0.1692774378267693,0.30313023777142156,clean,28.436794865080017,6.6935003335990135,8.386203601766168,11.037231979477166,0.0,0.0,0.06998279970454918,0.0,0.0,-4.1699999999999555,-4.513737914935704,0.0,0.0,0.0,0.0,-26.024090271374945,0.0,13.06883572974315,-26.00800047919519,-3.372488808183326,-0.018255553640882896,0.0,0.0,-60.0,348145
-71.96202565523402,18.44140186952601,30.01257000339018,2.452214633064876,-1.7056129064429757,-1.7167661726022019,2.2717410644706066,0.8116534699848925,2.29510712844629,0.0,False,RUNWAY_EXCURSION,674,67.40000000000589,1,732080.3865124129,1324.6010777840709,4459.223508651047,177.69608720191542,dry,0.9979806396235096,6.065114356362938,-3.201138400785814,0.0,0.0,4.271182744144018,1014.4528847182227,0.994480379198832,nan,nan,nan,nan,123.13405711386405,1.5414173583538968,0.9833103762852247,129.29110492532146,139.6343933193472,121012640,0.03115739325694285,0.301875236530982,0.5497449380914439,clean,65.64173729848514,6.423306201785088,16.856332370009422,11.899215324045535,0.0,0.0,0.06165669433415583,0.0,0.0,-6.739999999999901,-25.46861046262255,0.0,0.0,0.0,-0.005063368895911786,-40.61033517313171,0.0,12.828064599010045,-34.998398648251346,-17.430211907928445,-0.38496040312385355,-0.03475817894940758,0.0,-60.0,348819
-53.311007614913976,10.31574533603382,30.11819522233238,5.816460822535238,-1.4447149020675563,-1.4661702756191834,3.222468820189499,0.8149772335028811,3.329395065853518,0.0,False,RUNWAY_EXCURSION,423,42.2999999999976,1,713641.3178939279,1326.505034146294,4430.448133117417,86.69893451224524,dry,0.9884962177031739,2.2793256887200437,-1.8965304124808724,0.0,0.0,0.6467360187817608,1013.1789091313398,0.9970380781192378,nan,nan,nan,nan,136.98131540396733,2.1310144131187627,0.6826513430317682,126.93864273176749,137.0937341503089,1242874421,0.15124101234978285,0.2396185942125841,0.4589992998645929,clean,33.728710405914654,6.718182702827585,9.418547278327742,11.456682394775548,1.8017279398037964,0.0,0.08524057652475056,0.0,0.0,-4.229999999999954,-5.001486286381464,-0.12127409374914153,-2.7499870912808486e-05,0.0,-0.1154935738060338,-25.872852685136408,0.0,12.929816294260442,-28.98036574925223,-4.641476798681696,-0.2321279010968683,-0.2548106193737416,0.0,-60.0,349242
-49.04589724906667,9.912872563048525,30.16346033694109,2.1190076224083936,-1.2142626978467541,-1.224706047573434,2.431132475333947,0.807068122350253,2.3630718434352502,0.0,False,RUNWAY_EXCURSION,390,38.99999999999779,1,701745.6378384172,1331.4308681072139,4279.739333926449,497.69995239943256,dry,0.952119989418037,1.834159497218029,2.616721364453635,0.0,0.0,2.2829737118006346,1014.0413446977738,0.9852054502767172,nan,nan,nan,nan,133.76907065727784,2.1124347787873603,-27.030219880850535,126.17862124647917,136.2729109461975,567020276,0.17855815757887344,0.13524889197703172,0.38040402799931616,clean,30.44123023963577,6.880430394496472,8.589549239072534,10.945145968351977,1.3712595830917917,0.0,0.0844973911514944,0.0,0.0,-3.899999999999961,-4.258151839553745,0.0,0.0,0.0,-0.000571985209811719,-23.420221621070006,0.0,10.732826731346435,-24.56392656268686,-1.7687367528994513,-0.17451941259404152,-0.004708622199225672,0.0,-60.0,349632
-51.46082321791025,9.138870749528497,30.188889405686616,1.13500954027442,-1.563341368218899,-1.5771750287124613,4.434917641925328,0.8095128433844624,2.0900170956335273,0.0,False,RUNWAY_EXCURSION,425,42.49999999999759,1,765519.7271712786,1327.3132931865043,4279.314711233083,363.4333724527489,dry,0.9964939925645484,2.536574285126507,-2.486265172403537,0.0,0.0,-2.4268655770788774,1010.953734735788,0.9889116039459904,nan,nan,nan,nan,135.6403903885829,2.040174124166242,-1.8368744143022298,130.91398501555165,141.3871038167958,423558823,0.19427088107543242,0.20653364007788122,0.3766063578069348,clean,32.07956218280968,7.256107259617691,8.976922733172605,12.554996651922716,0.8629169303105901,0.0,0.08160696496664976,0.0,0.0,-4.249999999999954,-3.94395082167219,0.0,-0.01642760249093431,0.0,0.0,-25.702509656706397,0.0,13.5672574191572,-27.352697580596796,-5.433088439585585,-0.14151925881546445,0.0,0.0,-60.0,350057
-55.71580955929416,16.610849550292937,30.005420975317058,1.8386902053730798,-1.5179436223183231,-1.5310620012738316,2.230343387167213,0.8250771219112569,2.1878078314255163,0.0,False,RUNWAY_EXCURSION,557,55.69999999999684,1,714128.4858761234,1325.3240768889257,4571.836523793099,352.55355505018144,dry,0.964123377615978,7.647023216936742,-2.5353816487520198,0.0,0.0,-2.3297240833896957,1014.3712979812053,0.9892211806297274,nan,nan,nan,nan,122.92615744359715,1.560560831759517,0.07053082594158155,126.2516337164858,136.35176441380466,1578280308,0.05179855765479177,0.1883248171788105,0.3148803306009072,clean,49.78173756219603,7.031256925171548,13.275037477643314,11.103972202232407,1.0201712094257605,0.0,0.06242243327038071,0.0,0.0,-5.569999999999926,-17.076402198870465,0.0,0.0,0.0,0.0,-34.47702738391746,0.0,12.766448261139807,-27.595720563001144,-5.984969759400378,-0.047627431968381005,-0.005108293215464941,0.0,-60.0,350614
-46.86553736898894,8.808335688252734,30.260979141392617,5.426048761907734,-1.2537769133306695,-1.3339606086610327,1.6827856486759765,0.7842857306620048,3.793819182703942,0.0,False,RUNWAY_EXCURSION,428,42.799999999997574,1,709822.5356286252,1331.7992988534186,4706.5441129353885,473.2453337721026,dry,0.9839306002558796,4.938022650261763,-1.5057007898851742,0.0,0.0,4.315425168262758,1014.6388020446619,0.9859689574094501,nan,nan,nan,nan,149.98592287376331,3.793819182703942,8.069049365540373,127.30844438414495,137.49311993487655,1735460458,0.185350480058885,0.23586096007023297,0.1857862748377821,clean,36.30772107128392,7.218309931392702,9.826332854433922,11.452539902873957,1.862910793467111,0.0,0.15175276730815765,0.0,0.0,-4.279999999999953,-3.6896823123881353,-0.12330356598292287,0.0,0.0,-7.770153352100939e-05,-24.723953384439174,0.0,10.651995235263044,-23.39499301499052,-8.11663316526897,-0.0005080631865603544,-0.007948717221932937,0.0,-60.0,351042
-51.949798817418454,8.710197683676212,30.110932398396777,8.60367431980862,-1.946903524408103,-1.9797725360907008,3.2050288630130943,0.8105126379811016,3.4103830970962576,0.0,False,RUNWAY_EXCURSION,394,39.39999999999777,1,698779.7289711891,1322.6286524053871,4595.570002145397,334.80511787503036,dry,0.9710607489091742,7.0787458361537885,-3.2103343019338477,0.0,0.0,3.7309183444379714,1014.4534525352814,0.9899109402347717,nan,nan,nan,nan,131.71782170547445,3.4103830970962576,5.660939718673745,126.19952663662146,136.29548876755118,2049571150,0.16824871743071138,0.25097170187302487,0.3541345542670847,clean,28.114054510409797,6.908696056702938,8.272676461442085,11.709358879225064,0.5035756240304572,0.0,0.13641532388385028,0.0,0.0,-3.93999999999996,-3.3213124681505635,-0.44258255018450654,-9.504245990873961e-05,0.0,0.0,-23.748631313394004,0.0,13.346839835610853,-22.9438968600878,-6.400994072403961,-0.08770512371408232,-0.05619807832869639,0.0,-60.0,351436
-56.650301522782584,9.322496799345583,30.107657242392676,4.6007496352484445,-1.3027467337046374,-1.2651872759644458,2.376379682568446,0.8275854107117201,3.115106646753304,0.0,False,RUNWAY_EXCURSION,458,45.799999999997404,1,693331.1854964405,1322.303221644653,4581.008882848788,439.31362105553393,dry,0.9783456675993193,3.539033686547697,3.9297634370514514,0.0,0.0,-1.111376601966998,1010.556416257988,0.9867152718762184,nan,nan,nan,nan,139.13671550293233,2.3700398169975188,-36.41399508045318,124.89959840589687,134.89156627836863,1049788868,0.18477327317191605,0.15806370343249324,0.44893886493318647,clean,32.39692207989731,7.041652278216094,9.257362649484525,11.232185811593,1.6682696660201093,0.0,0.0948015926799008,0.0,0.0,-4.579999999999947,-4.42269972564493,-0.028892043203602665,0.0,0.0,-0.01601038186936786,-28.34100289019114,0.0,11.059908929106363,-28.29883972826248,-3.3140051611495918,-0.29673559845851766,-0.10321900100025364,0.0,-60.0,351894
-112.06802766229308,5.9712728710755565,15.246692525134819,10.88939993469738,6.785412187048017,2.9619847519033105,9.322299225684462,0.7721028811900857,75.95525201959146,0.0,False,CRASH,491,49.099999999997216,1,700539.7216696861,1329.8166422770987,4436.865526798228,148.6199761143236,dry,0.9707156977039539,7.259274342293342,2.727602032056948,0.0,0.0,2.6436366442895842,1010.990230933996,0.9948067674763938,36.19999999999795,1303.3744168403541,nan,nan,148.37492748027498,18.142186472041146,-1371.5004403717676,126.33862319793357,136.44571305376826,1122282163,0.3020486912432431,0.6283446197860366,1.1583647181567607,clean,45.10389968183679,8.552138527133367,8.836101079298867,10.592787155216177,7.728377330863078,2.8192978682118226,0.7256874588816473,0.0,0.0,-4.90999999999994,-1.9452383281237635,-2.8731604534587234,-0.738171154319376,0.0,-6.905980672592709,-27.909263730709377,0.0,8.284651876118243,-32.48535305019635,-20.985121018204758,-3.26146981923253,-2.697210413015469,0.0,-100.0,352385
-100.09448382027357,8.465220845493162,25.257261125308226,14.36084819477739,11.443131781674762,5.840807608796941,13.68458717905796,0.780847663162676,142.18717308459185,0.0,False,CRASH,652,65.20000000000414,1,679504.9774475917,1327.4412619334812,4629.358492439599,271.5970737895377,dry,0.9693251287877694,2.4556563487565555,1.3776894855713606,0.0,0.0,2.39259566662596,1013.4157937795234,0.991156760615356,37.19999999999789,1484.3864660604083,nan,nan,160.6856594793575,21.716250007972974,-1965.7698208670636,124.22476397126316,134.16274508896421,2123207060,0.11334334570792476,0.674759069947375,1.2748642121971798,clean,71.81604798765115,11.242112107972366,11.899952716025675,10.096418261932456,16.10964895031289,8.827547762113705,0.8686500003189216,0.0,0.0,-6.519999999999905,-5.191366278206411,-4.381320413296635,-2.3483289055563588,0.0,-9.274980915712035,-37.37333223522256,0.0,17.738534328321585,-55.21127683142135,-23.08343017516057,-4.701959815491573,-0.6074003648542678,0.0,-100.0,353037
-52.04544655795141,9.560817690445486,30.29650715788799,5.7321064961841035,-1.292950894664293,-1.181478826371499,3.566079801029591,0.8233929798412252,4.0890640660135205,0.0,False,RUNWAY_EXCURSION,429,42.89999999999757,1,689489.7413550034,1326.1420665004418,4457.180390290257,465.96688410877164,dry,0.9882970458367387,6.72773225798771,-3.5641156918637393,0.0,0.0,2.827130278853403,1010.6740857784386,0.9860871674390497,nan,nan,nan,nan,144.7674634716908,4.0890640660135205,16.35675490526708,125.39740657837864,135.42919910464894,1081734387,0.16937345236687426,0.19711780767797246,0.47507092243304044,clean,35.270742911088576,7.031714689554251,9.617137384176543,11.04685358633366,1.7748397587123028,0.0,0.16356256264054092,0.0,0.0,-4.289999999999953,-4.357173530706921,-0.20660197807426534,-0.00021650658695590436,0.0,-0.20462502783519454,-26.341828768562035,0.0,10.715256064634087,-26.68388411539811,-5.13123141313207,-0.27494982323473227,-0.17504235156110667,0.0,-60.0,353466
-42.6358429205043,7.876235744519587,21.49582052759054,16.707784640208335,4.323581155848094,3.219430062862321,7.4444046102865675,0.7638967916116879,16.92212350124411,0.0,False,UNSTABLE_AFTER_LIFTOFF,472,47.199999999997324,1,765923.2039166559,1331.8799740946436,4497.363401776052,3.4376457551631434,dry,0.9626657447564254,7.124069690306169,1.2598764294793305,0.0,0.0,1.1702743793291255,1011.9406111012823,0.9993556967513847,41.899999999997625,1694.994927407812,nan,nan,141.71673076760212,6.774134133876117,-599.2509761998606,131.70592781043922,142.24240203527438,392867797,0.16016385238021236,0.4352838891403168,0.5552215213044943,clean,41.24002203800761,10.057299181463332,10.222218336034867,12.295747702522506,5.072531316445431,0.5132845188884799,0.2709653653550449,0.0,0.0,-4.719999999999944,-3.253395805059229,-4.155204471347856,-0.15024269340190097,0.0,-1.4219814602524008,-26.436154727671784,0.0,20.2400895523088,-22.319752800160682,-8.605048514952587,-0.290722063426059,-1.1954983952579152,0.0,-70.0,353938
-90.874181653389,13.36900975599944,30.54328542906294,14.705059917598009,-1.3128234231001281,-1.3207380008433298,11.759984789330742,0.7651918316019416,4.390682961347963,0.0,False,RUNWAY_EXCURSION,542,54.199999999996926,1,737115.0394070061,1322.3031455747944,4235.348524362212,62.491487665999436,dry,0.9746454778116374,6.205980924975657,-0.9528009570332228,0.0,0.0,3.4885317545660124,1015.591298814374,0.9977988511480654,nan,nan,nan,nan,127.00842801260386,1.5283291707159066,3.056118553226419,129.48855640640127,139.84764091891338,549260787,0.03798255461197629,0.672533179593372,1.1771930272071056,clean,48.624072587310195,5.155770043811156,11.455409211241198,12.998285939125523,1.8785015025668417,0.0,0.061133166828636135,0.0,0.0,-5.419999999999929,-10.76354318288405,-4.045717636737923,-1.1152486905816053,0.0,-2.682444613333838,-30.23895467422209,0.0,3.0497397566791813,-37.62199609963215,-17.47021490015458,-3.7635590477974703,-0.9754150156078998,0.0,-60.0,354480
-141.15553007248917,17.49549045076286,29.926661443622447,12.932710057827542,3.6625626809319702,1.9618639702408422,7.538889941668833,0.7832083249986832,34.8177146558949,0.0,False,CRASH,755,75.50000000001234,1,720560.4067347529,1329.1622853820147,4215.2533790699745,18.215617632405813,dry,0.9935419630442442,2.072905905749171,-0.008186369514296743,0.0,0.0,-1.109231097080925,1013.2894616571444,0.9986366723942938,70.00000000000796,3751.631869921504,nan,nan,161.28754312025467,15.650264919780525,-1139.4361888563324,127.15721693201017,137.329794286571,2068067855,0.021901031827258798,0.5313446469699463,0.9183106066118079,clean,82.49772138197825,5.717225373284134,17.26138029152165,11.449653508395341,9.702447003656493,1.2295333957205081,0.6260105967912213,0.0,0.0,-7.5499999999998835,-25.677733390568267,-3.5753855998765456,-0.08702243846466716,0.0,-0.7800025188273283,-43.32553156401708,0.0,3.331180557074453,-56.839535986846045,-31.51963362263444,-2.245460607675536,-1.3703764520008246,0.0,-100.0,355235
-87.97541992920085,15.304196859421218,30.139158457040534,4.322387610500396,-0.7156089292943872,-0.7196310700591021,3.9422375974284956,0.8044139014872337,2.5237598698512045,0.0,False,RUNWAY_EXCURSION,634,63.400000000002706,1,688234.1997480731,1325.9805273785482,4228.045917111779,218.173855985059,dry,0.9519773436354174,4.077469889521608,2.468660033203709,0.0,0.0,-0.10233501391299704,1014.3947477881721,0.9932160084474916,nan,nan,nan,nan,126.0714346171079,1.677979398836726,1.5738483633472988,124.42211963962987,134.37588921080027,92794862,0.054920316728930565,0.46834671152854723,0.8546419588105948,clean,61.84606720871446,6.17838284922001,14.838798906485879,11.508011171999602,1.996925539604455,0.0,0.06711917595346913,0.0,0.0,-6.339999999999909,-16.499387990950687,-0.015108896266059116,-0.012469812276354391,0.0,-0.04453236116296795,-37.76203289473876,0.0,6.234917350649457,-41.33897706497519,-27.073070086350697,-1.4948414878176064,-0.06522153728959854,0.0,-60.0,355869
-46.399338651228575,7.251536238006081,23.210480611699193,4.36588095646,2.1417895085174803,1.413875863553315,3.251439683758767,0.7657446831445016,33.117024288006775,0.0,False,UNSTABLE_AFTER_LIFTOFF,503,50.29999999999715,1,756949.1760690738,1331.8065043349511,4371.626942298436,107.45932075991266,dry,0.9963538353578649,4.646358929959515,-1.492164853345018,0.0,0.0,-2.5888907516451,1012.041138278754,0.9963672374811099,38.7999999999978,1488.3224557403246,nan,nan,151.60532743474877,3.51092461879108,-342.0068127513689,130.07223252516837,140.47801112718184,1719956238,0.34967499446494615,0.19834788490687053,0.4637629489213414,clean,47.353743905852205,5.528455272820517,11.320091780255753,11.706421308990569,4.928565214910967,1.1483294604364878,0.14043698475164268,0.0,0.0,-5.029999999999937,-2.9389048043323376,-0.03887018376189927,-0.0003819737827909812,0.0,-0.17477578612387515,-28.17331660758643,0.0,2.106475143654392,-18.638360784110894,-5.35907729158955,-0.21025874317926976,-0.06791154843401831,0.0,-70.0,356372
-57.43627048135398,14.455892117011988,30.109872521540197,4.863715856115601,-0.5237625349505417,-0.5157721706070831,3.688973761433655,0.8035089237228875,2.811825004328597,0.0,False,RUNWAY_EXCURSION,636,63.600000000002865,1,729293.6250604969,1327.839491952696,4639.21454939467,59.10734819119013,dry,0.9870312099298713,6.869597958467064,2.385950420419898,0.0,0.0,-1.0076599907325212,1012.3510867118264,0.9978556119449485,nan,nan,nan,nan,129.85127321921817,1.7857254926850885,0.6877827847515761,128.00738827104618,138.2479793327299,1390493182,0.07672797417109853,0.22318427350717093,0.501531217320457,clean,63.47425965698357,8.26687317807353,15.409772750673694,11.778822524183724,3.157436852506825,0.0,0.0714290197074035,0.0,0.0,-6.359999999999909,-14.767412394174048,-0.061979799889587336,-0.003931207910511997,0.0,-0.003962858969276295,-37.9205822118609,0.0,8.32847672845954,-38.196534844048635,-10.305202594627378,-0.2922582944419533,-0.011476986019747452,0.0,-60.0,357008
-83.85880186160114,7.505156821896093,16.543837197778146,10.291230735679541,8.627538975488248,6.2399178804510385,5.849527778131843,0.7756745622305932,139.07622643831704,0.0,False,CRASH,661,66.10000000000485,1,729072.5862283771,1331.4591805862324,4777.171514534082,46.62213928925391,dry,0.9916674690136378,2.844236143543421,-0.03224159838990959,0.0,0.0,-1.4264550694233913,1012.8497498762953,0.9980473728997842,42.799999999997574,1871.6706961535217,nan,nan,143.86647681612902,7.625024944226176,-2016.99117953805,127.86313183116935,138.0921823776629,1033499046,0.3149072979246583,0.4420764050180655,1.1384974765488671,clean,71.52885693760287,10.878358075744245,14.082133331623828,11.095442848275807,11.367616812312978,5.951501443310001,0.3050009977690445,0.0,0.0,-6.6099999999999035,-4.136933051883172,-1.4655404032427217,-0.20652577002405748,0.0,-1.727606935683247,-37.640915643125695,0.0,10.537618030804847,-35.6883320529668,-25.34139497534695,-3.8541637779127265,-2.9339177288593348,0.0,-100.0,357669
-34.589969521612886,10.021179727821297,38.0680112819175,6.2180540882039805,5.799186277325392,3.151192377130158,8.251787723536484,0.7616322019556225,118.27424822226556,0.0,False,UNSTABLE_AFTER_LIFTOFF,596,59.59999999999968,1,700378.366846302,1328.495616714069,4747.98322790463,384.74617459004395,dry,0.9624955156934493,1.1173388265264643,3.712235297427079,0.0,0.0,1.5223655711729949,1011.129340486105,0.9878175868165301,36.39999999999794,1427.5122617724476,nan,nan,158.5280710517444,23.06758408190626,-1088.6116809133568,126.07161765813284,136.15734707078346,1789927145,0.06792633242169148,0.5339373267364039,1.0931276865203832,clean,63.91697450454328,14.46265585861618,11.820165817732095,10.74884110524731,10.96973044288176,5.817382805281707,0.9227033632762508,0.0,0.0,-5.959999999999917,-6.650303301092082,-0.49919689417405083,-0.6288587433558801,0.0,-4.313927675797987,-32.96972843476193,0.0,22.281643507234474,-27.295034150444764,-23.546508569421484,-2.912137557373488,-0.754371600004176,0.0,-70.0,358265
-32.689627286534375,13.047466608187301,30.164611389540855,5.829123614924141,-0.7580752481298962,-0.7538543681617551,3.0766458791799707,0.7968142749527082,2.8809912396521042,0.0,False,RUNWAY_EXCURSION,651,65.10000000000406,1,681986.37037375,1322.627987046969,4690.982410652476,131.77755643178014,dry,0.998314367308333,3.3638223431276506,1.7365280866285828,0.0,0.0,4.217448515659988,1012.6144972448229,0.9957870709787519,nan,nan,nan,nan,117.78962473611907,1.514615472140406,1.3437877806949494,124.89097995673666,134.8822583532756,1747051098,0.09981145350982704,0.16224769554518517,0.39788120666070925,clean,63.08819834026279,8.556273451561173,16.303914790560594,12.23345823291345,2.3906361377535,0.0,0.06058461888561639,0.0,0.0,-6.509999999999906,-12.313765173837503,-0.1169679721987857,-1.0714315789065964e-05,0.0,-6.98069494727478e-05,-38.1877171599155,0.0,15.408972894357786,-28.65327241647561,-4.66779998167883,-0.162726554842076,-0.11933597261568944,0.0,-60.0,358916
-14.439774006881578,12.960441410899618,30.060305030508168,6.434507822013946,-0.2899271030835725,-0.31106691329501834,3.134034010310524,0.8123841282922898,3.0793100236048474,0.0,False,RUNWAY_EXCURSION,714,71.40000000000907,1,680375.8253118956,1325.9440103826498,4760.078073319443,121.86744471377237,dry,0.9991835142542775,7.355326321058589,-3.521000705360769,0.0,0.0,2.6442735836155444,1012.7236239884141,0.9960448670041635,nan,nan,nan,nan,130.595828013725,1.9452081492160005,3.225282552115516,124.40065836668981,134.352711036025,944888642,0.10022385506904319,0.16228981912009866,0.3160958557624874,clean,74.0190668023253,12.546702312361738,17.84747551024128,12.186601246575597,4.265732198138841,0.0,0.07780832596864007,0.0,0.0,-7.139999999999892,-13.325861297518685,-0.24473572888517747,-4.584562395847293e-05,0.0,-0.017634130552128542,-43.0721378866483,0.0,21.426217361605676,-27.39914359294881,-5.291029555460476,-0.07990960372940314,-0.23888012273158976,0.0,-60.0,359630
-39.72234235631929,5.985523321335808,23.540167004096382,6.152497844010309,-0.3514558628841344,-0.5197568299402837,5.660353051932301,0.7737421298720429,7.144513891470453,0.0,False,UNSTABLE_AFTER_LIFTOFF,447,44.699999999997466,1,728019.2808856639,1328.9787528117647,4352.293830799461,63.44932049041718,dry,0.9665418948485585,3.483874606947669,0.48822566602330886,0.0,0.0,3.6588308668335703,1013.1623226092263,0.9976019759803371,41.09999999999767,1747.999842560889,nan,nan,157.63865857602391,7.144513891470453,60.18873389030347,128.87893176531625,139.18924630654155,1294608165,0.3646724467468575,0.2227489185490185,0.7392157336936293,clean,39.78314115836538,9.505286021210125,9.918082774492376,11.207834865710002,2.605354594508491,0.14857425735571467,0.28578055565881816,0.0,0.0,-4.469999999999949,-1.7793823083693239,-0.19191931258670974,-0.015634382231262702,0.0,-0.5955183374060804,-25.322675951262383,0.0,11.009990188975419,-13.708000006745579,-6.606024199029646,-1.0394767421550437,-0.4577555328095832,0.0,-70.0,360077
-71.85135703631445,5.528793338658885,14.993981481059224,8.33374402511968,7.5261775898736,5.7421597495187156,5.429232611430325,0.7853553011344927,29.571206727161496,0.0,False,UNSTABLE_AFTER_LIFTOFF,691,69.10000000000724,1,758081.9082887465,1327.0041661402863,4774.660520646378,382.8560395420646,dry,0.9666787684429373,4.736863598819315,-0.5715648842204217,0.0,0.0,-1.4303116910601021,1014.4231429157107,0.9883215044153011,57.69999999999817,1834.6119593814906,nan,nan,141.315092002926,3.8488922710164957,-419.94197251211074,130.28008611798612,140.702493007425,1640037303,0.471633105834837,0.3403697610598274,0.6551708992159354,clean,51.840591461338526,9.184137766964053,12.63069875613141,12.179438774255916,7.888453257419985,0.978962840020942,0.15395569084066008,0.0,0.0,-6.909999999999897,-2.3469090050094232,-0.6363598819630532,-0.05034743280977277,0.0,-1.864267879028448,-39.82168982861482,0.0,8.318446095939118,-38.507967169843894,-12.94685152540343,-1.051894130678161,-0.8897548258739613,0.0,-70.0,360768
-131.70748895346026,19.414029693949757,49.32292748685066,16.39541984917088,7.118231306353941,4.224044443771281,11.387549737262098,0.7847707025109467,178.0299034929419,0.0,False,CRASH,790,79.00000000001512,1,711237.8425985193,1324.1688308120465,4234.9367546565945,283.17566885292155,dry,0.9880995553899874,3.5476483776092964,-0.3728252148653608,0.0,0.0,0.1433150114001709,1010.8824698535825,0.9912270108570382,43.89999999999751,1889.488068520038,nan,nan,148.58171860293962,5.269123998769089,-1353.444678464762,126.75793878939575,136.89857389254743,1406861771,0.00128322865833427,0.8160281516955049,1.1172125748873134,clean,91.16395976355315,6.42863178645948,16.746774575098236,11.502309070465792,21.365800807200024,10.540574509907751,0.21076495995076416,0.0,0.0,-7.899999999999876,-33.08384374183054,-8.905176175662175,-1.7097959654663462,0.0,-2.307979315341091,-45.51270320571406,0.0,5.17261770887652,-54.085040739664485,-33.04554237731176,-4.194167166455786,-4.09467344752513,0.0,-100.0,361558
-74.24473868270083,13.859601240425368,28.75656918779844,10.737776321817957,7.334613056582384,4.218538885023755,6.4763853625580285,0.7869068297806455,69.79037932270279,0.0,False,CRASH,888,88.80000000002292,1,737884.7470675854,1323.6888064547504,4771.294749900657,377.4597762670636,dry,0.9631324126378246,6.018968455745275,-0.7692807638650856,0.0,0.0,0.16999029519073972,1010.1664178379325,0.98834907783682,81.10000000001679,4524.514825203967,nan,nan,160.03615490232323,10.590908071473848,-1422.4449420095636,129.16235883481687,139.49534754160223,1042672248,0.07384485280614783,0.2544967697657702,0.7118222525636011,clean,101.69785476398391,10.717572041721668,22.519910392203148,13.057768315649446,13.020289645613063,2.5873613415766483,0.4236363228589548,0.0,0.0,-8.879999999999855,-18.952736592301935,-1.0172837676612239,-0.07194309649681131,0.0,-1.0161484110854377,-51.27380552641302,0.0,19.145951601203187,-61.27016674087432,-12.481260461730628,-2.0151126714196606,-0.4366258395272267,0.0,-100.0,362446
-34.82638043147797,8.293341300969699,23.33424687622432,4.2259425944413085,2.6773279485474353,2.477627523055149,3.942372302812672,0.8337688687594708,5.82709985878477,0.0,False,UNSTABLE_AFTER_LIFTOFF,533,53.29999999999698,1,747461.9205697175,1327.6652302966297,4353.929118690205,48.90408203038638,dry,0.9564009887181527,2.418158195878214,-0.2227116224463459,0.0,0.0,0.635334147425124,1011.7856270584489,0.9981251975416651,50.29999999999715,2368.3678686983185,nan,nan,144.3029011550259,3.170298968191126,-137.2167994222962,129.99858870635555,140.398475802864,1962135971,0.31368905309027273,0.1791241368365857,0.38777405905580714,clean,51.13690656597694,11.343293459879202,12.037818300349208,11.79334532721643,4.669388766272486,0.05840411248906926,0.12681195872764509,0.0,0.0,-5.329999999999931,-4.0732754216687885,-0.01937815610105031,-0.010674265931207499,0.0,-0.03972046913914229,-33.454392280405834,0.0,19.334329921389834,-27.483526447463074,-4.7908113710571705,-0.10336235690452612,-0.02153807510797006,0.0,-70.0,362979
-28.810169792158923,13.099900228015345,30.050801590540942,4.450025866279857,-0.9881136787374643,-0.9860323457313297,3.9109630278531884,0.828490340872177,2.9462319618264416,0.0,False,RUNWAY_EXCURSION,538,53.79999999999695,1,764688.6823862845,1322.0835177384727,4207.939649185842,238.16840386773785,dry,0.9718183368086971,4.424226358807048,3.654143910281998,0.0,0.0,1.0401551445940012,1010.8485447286675,0.9926560888030349,nan,nan,nan,nan,140.61329807647442,2.341515566923249,0.3370563170567742,131.6411978686661,142.1724936981594,1895794837,0.10315884436130912,0.16392338580781654,0.3518513998949015,clean,50.8106898150496,9.902490594388837,12.673793195339227,12.653278609778667,3.479232485135877,0.0,0.09366062267693002,0.0,0.0,-5.37999999999993,-10.258308184374291,-0.02017289676043126,-0.005527233330991743,0.0,-0.003094481326861037,-33.3103190165228,0.0,21.49842212188754,-26.82356015910028,-4.042291390507103,-0.056370260065867255,-0.022093614426931096,0.0,-60.0,363517
-41.33096743267517,13.828895656138076,30.13843600158614,2.9947089194900363,-0.6291457040532389,-0.6285744066653745,3.2687438660672705,0.8108941860601101,2.676955405829233,0.0,False,RUNWAY_EXCURSION,668,66.80000000000541,1,691478.5369552041,1322.2364167854478,4751.767336829037,495.7164277277429,dry,0.9811774265790932,2.4833085208984826,-3.957398998867281,0.0,0.0,1.7113534518295692,1010.6841908511974,0.9852423292847812,nan,nan,nan,nan,129.88988873899976,1.9645850486154472,1.7037625321827221,125.33649944832118,135.36341940418689,140167151,0.09187251076642557,0.1662474620072533,0.2902579000639831,clean,65.09960238812296,9.570994867356921,15.87027626903024,12.272861728854785,3.7975577365661617,0.0,0.07858340194461784,0.0,0.0,-6.679999999999902,-14.194135687295649,0.0,-0.0009038271007802217,0.0,-0.006500163461991387,-40.24830313304336,0.0,12.700977768305744,-34.49778872083535,-5.0632486061615785,-0.030567175965956688,-0.0003742789917502811,0.0,-60.0,364185
-35.32372418240109,8.696315056987425,22.166958997830292,3.2251868775056822,3.6915756010851273,3.5029932924368072,3.4785529544696634,0.8161957885742191,5.562554508244659,0.0,False,UNSTABLE_AFTER_LIFTOFF,625,62.50000000000199,1,707773.1749017036,1327.5036108565387,4490.19582487244,179.76364245844823,dry,0.9801947193191606,5.819518339302784,2.1855681674748313,0.0,0.0,0.541775370702644,1012.1393150434955,0.9942875827108963,59.69999999999976,2687.1803318471493,nan,nan,138.985705250503,3.5173964715131376,-95.81112112190235,126.45758822341794,136.5741952812914,1174906484,0.32926980287431035,0.11714178670012575,0.2711063793676182,clean,56.4941573935954,10.267785544325056,13.846171203131643,11.848131707208939,5.873951946723031,0.06418678251425866,0.14069585886052552,0.0,0.0,-6.249999999999911,-5.251798303499043,-0.00014995148695644275,-0.0022444783247137137,0.0,-0.02797195018155974,-38.179109830777655,0.0,9.662906745267215,-21.73846779643122,-1.9924111529796424,-0.017183946900246716,-0.06237395344610682,0.0,-70.0,364810
-75.93018052460931,10.649121823457905,28.963336101876216,14.516442037951265,1.7084504902653288,1.339779235005401,4.094162870459084,0.7948401722494722,60.683721556905596,0.0,False,CRASH,848,84.80000000001974,1,726116.1399022649,1327.3636407693868,4508.222661264228,457.12717891508794,dry,0.9899781595112125,7.097015236502633,2.660181932286025,0.0,0.0,-2.514026307263612,1011.6619070157667,0.9860006041527527,71.10000000000883,2523.562456148905,nan,nan,160.46185186036888,7.363040766126915,-1269.4848345408695,127.4361331262131,137.63102377631014,1793123513,0.09785468333563045,0.27900625149918934,0.38084925702088585,clean,71.55184233743478,11.962624111999371,16.785335414835128,13.037828229512604,6.4847802455923995,2.290813557477478,0.29452163064507697,0.0,0.0,-8.479999999999864,-10.685157630888737,-1.6520615785221717,-0.028220921231534864,0.0,-0.15115338982240595,-49.61807995548355,0.0,12.693064735257012,-32.50824352117943,-7.172101294396137,-0.17838379657994038,-0.5575886992591893,0.0,-100.0,365658
-33.79793867838974,13.218987854387953,30.097676107706125,2.005137895791518,-0.5019696559468086,-0.5028895771639071,2.334927459035996,0.8108615739410429,2.53072981720409,0.0,False,RUNWAY_EXCURSION,686,68.60000000000684,1,739270.6726379868,1323.9944794512382,4442.950505733073,101.49540862175449,dry,0.9884930110704963,7.724829242177035,-0.34680934244001316,0.0,0.0,2.0454791539942203,1013.8715429503889,0.9966297247568352,nan,nan,nan,nan,142.46792627580942,2.4575566275670013,1.9389403703412622,129.46619387020402,139.82348937982036,181316223,0.10608869755880289,0.11585494727404569,0.19986359813353768,clean,65.87710302744983,9.177926380115684,16.42691647528697,13.334093398700633,5.300589004072056,0.0,0.09830226510267996,0.0,0.0,-6.859999999999898,-13.319196107510763,0.0,0.0,0.0,0.0,-41.21766679003979,0.0,10.888124939667433,-31.562198578986525,-1.9401356149814268,-0.0013646746885980247,-0.0004324025778229489,0.0,-60.0,366344
-24.32066215989567,14.308336424915266,30.093815311460695,3.2384692329715987,1.8167539635847998,1.2461844345079598,2.7138893055180198,0.8014624777301868,3.904774052784461,0.0,False,RUNWAY_EXCURSION,754,75.40000000001226,1,707260.0745010872,1324.874038633924,4592.737519855968,9.165228627832978,dry,0.9728919908437661,1.6465363214890054,-1.374018214900647,0.0,0.0,-0.7746891765982609,1013.0524018013524,0.9992454723182037,nan,nan,nan,nan,147.24366920916688,3.904774052784461,135.06465285486567,126.0663358536915,136.15164272198683,819940996,0.08459739724672335,0.1250711949727766,0.2891995774935285,clean,74.23665439625617,10.804061510323473,17.576508821884666,11.544657993024188,7.708766889314727,0.0,0.15619096211137856,0.0,0.0,-7.539999999999884,-17.151698044601307,-0.0004797184219947857,0.0,0.0,0.0,-44.76727984186813,0.0,18.749897901686857,-32.8869101390501,-2.6641716640556172,-0.06498996859360934,-0.021871257906301268,0.0,-60.0,367098
-42.91318594426784,0.17090816952918028,0.4161183147955305,0.004245327638461271,-2.7303860356565357,-90.0,0.6605608828002892,0.6929979408500195,0.0,0.0,False,FAILED_TO_ACCELERATE,301,30.099999999998296,1,712904.9344680302,1330.5165726979799,4491.05585411254,136.10684985391163,dry,0.9780617576868236,4.618228810560282,-0.39847260466125656,0.0,0.0,3.582017515362674,1011.4616558281857,0.9957093616029354,nan,nan,nan,nan,6.130274290122445,-0.1673209236031994,-0.0026091156015639605,127.62446471254599,137.83442188954967,1092418183,0.9988028365308239,0.028330148042984664,0.03276742586035515,clean,0.8087758391732627,0.8102818976356253,0.6030337279436843,0.8469421665435307,0.0,0.0,0.0,0.0,0.0,-3.00999999999998,-0.000976898925106258,0.0,0.0,0.0,0.0,-14.963074036131948,0.0,2.0033813649167884,0.0,-0.011550005423666033,0.0,0.0,0.0,-30.0,367399
-30.475160317999215,10.71738635955837,30.064063742973985,3.3792660058753516,-1.0047929889176124,-1.0052855035305,3.4195292303470026,0.7901571942727534,3.0089416223388525,0.0,False,RUNWAY_EXCURSION,729,72.90000000001027,1,740992.0863357484,1322.8390703600185,4582.482239194128,354.75042942390064,dry,0.9956681687664535,7.899439829227618,-3.253780837870892,0.0,0.0,4.9230593875147015,1013.8603353261882,0.9894214916436399,nan,nan,nan,nan,141.06555070722484,2.307805859541645,1.7231165455503472,130.25861456973547,140.6793037353143,699103886,0.1585972215891652,0.10444168325425665,0.22931995753057838,clean,59.49683005355806,11.911959273778914,14.642389149931914,13.623969949883609,4.327138344706454,0.0,0.09231223438166586,0.0,0.0,-7.289999999999889,-9.303852000783879,-0.0012245226124629929,-0.0015423834404293404,0.0,-0.0001739492510527913,-42.524380939353314,0.0,18.222031702692952,-32.02353221220422,-1.6279600135447205,-0.014202748202107424,-0.004922257540531331,0.0,-60.0,368128
-64.86742385697093,16.00138707084014,31.606188844904654,9.308954351376943,8.751884510023292,4.690114979827376,9.725460742781745,0.8013595426543448,93.0793290559468,0.0,False,CRASH,914,91.40000000002499,1,757441.6242919468,1325.443801424879,4743.698603061802,276.5527283429549,dry,0.9813053708402836,5.955918733006705,-0.32951425537416634,0.0,0.0,-2.9243815798120947,1013.738006958681,0.991058093439858,82.10000000001759,4570.534948129586,nan,nan,158.70101324313939,14.900059071695637,-2364.445907651443,129.92920212870973,140.32353829900651,1493268086,0.036123672610907064,0.4649016267505931,0.6681193024162422,clean,104.83011626654799,11.447409650935706,22.369173318514257,12.71116975548124,14.516000652194087,3.5369519839320995,0.5960023628678264,0.0,0.0,-9.13999999999985,-26.002730089604096,-1.4471573556691955,-0.28691614223315637,0.0,-2.1476910468642227,-54.22228290889999,0.0,20.050545745754473,-48.79194026507001,-11.43654708856403,-1.142392916152768,-0.30713578014082127,0.0,-100.0,369042
-0.9632786044211343,13.823280520251824,26.08568806632781,5.139993209904332,1.4340056745050174,1.1735523131507068,4.528962682906962,0.7924783213767522,3.337193354903377,0.0,False,FAILED_ROTATION,767,76.70000000001329,1,694717.0137131877,1323.1061325151152,4258.317242454995,395.1229610606848,dry,0.9928740052761613,4.238432959132737,1.3417482452304719,0.0,0.0,3.3705301374846304,1010.7937974296058,0.9881672808426851,nan,nan,nan,nan,141.27380263934919,3.337193354903377,63.061126360336104,125.98186784953334,136.06041727749601,2134656235,0.11403532796699394,0.14886960647619876,0.3705143966732207,clean,84.04527014796635,9.723150833882293,18.840074265822096,11.743096084416548,8.659395440222992,0.0,0.133487734196135,0.0,0.0,-7.669999999999881,-16.28452507666524,-0.12651874138772073,-0.04510614195850233,0.0,-0.13713624060442986,-44.678243997960756,0.0,20.497035939262794,-30.94669476880827,-4.56668773471767,-0.12373681982250795,-0.026139528265328293,0.0,-50.0,369809
84.76022055142553,17.75207133301383,35.34341586212925,9.201157071830032,5.041772914615749,0.6432507929018457,9.84054323657315,0.7840113754833816,1658.747272191621,0.28095238095238095,False,UNCLEAN_TAKEOFF,1294,129.40000000003917,1,718810.3005406158,1331.2915301074036,4371.644803909973,146.67721308129506,dry,0.9872546732666382,2.5878582709575424,-2.7757091952519737,0.0,0.0,-1.2394794082925458,1011.9498658266494,0.9476680835626429,41.59999999999764,1703.0153872468477,108.5000000000386,nan,178.11405027169346,1658.747272191621,2747.7541274208966,127.05789948351214,137.22253144219312,781393582,0.021588274886014676,0.2180704970326621,0.8331900839589722,clean,186.85174400819852,15.79558674952153,23.964515221218164,11.302013671555537,20.376371248374593,58.05994416072913,39.99999999999998,5.899999999999995,0.0,-12.939999999999769,-45.30955904182885,-4.568718040909182,-3.568021964636014,0.0,-11.982180178441318,-74.19083015583053,0.0,22.75464461433052,-96.19700828042987,-17.693301106002643,-2.8066214782894843,-0.9883588761331354,0.0,-30.0,371103
109.02415191689488,16.29739714008363,31.088737351114403,4.830480290269726,4.242462883918425,0.1700010986896812,4.987383514813133,0.7846545228845531,1433.7418628051953,0.45871559633027525,False,UNCLEAN_TAKEOFF,974,97.40000000002976,1,712975.248394991,1329.5463512617541,4779.960370861351,366.41083780062576,dry,0.9737760109618474,7.868346432391864,-0.9574048737858529,0.0,0.0,0.940896741799703,1014.0654844619622,0.948195962425295,38.899999999997796,1538.413586952773,86.60000000002117,nan,187.41733220010155,1433.7418628051953,3253.0081853769752,126.88848772516931,137.03956674318286,1677593828,0.04832535657442134,0.23040236150219467,0.6021504838062116,clean,136.7777737658765,13.127745165495195,23.479460531796725,11.016465432767914,14.525930234852163,46.42490174344234,40.00000000000001,4.999999999999998,0.0,-9.739999999999837,-28.74437994994715,-0.18430634444289407,-0.04148163230541972,0.0,-0.5718070922112375,-56.19146664667955,0.0,16.11803551369895,-54.51863714788245,-16.375060232458093,-0.9663479274056896,-0.11267349770211205,0.0,-30.0,372077
102.04312844681847,15.530899881354445,35.436316429931665,8.368579718634448,20.993877590085024,7.0400053491486165,7.306233887290096,0.7214604365369658,1391.51141420693,0.32160804020100503,False,UNCLEAN_TAKEOFF,1769,176.89999999999597,1,746574.5334363381,1322.9843171468854,4590.362953760549,201.02083131929516,dry,0.9737061660080559,6.574948429206568,-1.470015102122459,0.0,0.0,1.3731283658358722,1011.8973775684958,0.9540920262500804,76.90000000001345,4380.357646961091,157.10000000001398,nan,164.2678062658489,1391.51141420693,1740.9909880394953,130.08007215562088,140.48647792807057,251580340,0.03495585350773124,0.3290390579589352,0.7082546565329245,clean,230.40645353741135,20.663401842871046,43.29554207587973,12.103836919722875,59.448032396593185,60.39348148860065,40.0,6.399999999999993,0.0,-17.689999999999966,-47.4109397377241,-2.5732885210009546,-0.40823891623534997,0.0,-5.025374628717258,-90.73466558349483,0.0,29.598035736899256,-150.17559095955227,-53.20564547639835,-2.4855001188608847,-0.5564116091742067,0.0,-30.0,373846
321.821537950823,5.551323913590427,11.613910198272364,8.050626794768762,9.63524540725258,1.3203247087683265,5.997105872944133,0.7737801423610282,1633.8633675431217,0.625,True,SUCCESS,797,79.70000000001568,1,704506.2374239452,1329.5625855963383,4756.837986963284,49.73744281253617,dry,0.9772354173167817,0.5594968935853828,2.7237505174187158,0.0,0.0,2.1719649355152173,1013.5266040859296,0.9516705376810133,40.499999999997705,1677.3867873444542,71.00000000000875,74.70000000001568,163.90820042291412,1633.8633675431217,4360.899361358802,126.43449529077047,136.5492549140321,1042678770,0.5198904791197794,0.358088555034788,0.721429484083303,clean,102.28570736556995,13.231559961813376,18.795455436014166,11.03615250497148,14.273317823820019,36.5229051752278,40.00000000000002,5.4999999999999964,127.86111111110675,-7.9699999999998745,-2.7290340181444357,-1.0178343765513087,-0.15428135243142369,0.0,-1.3296984334920912,-44.96454278641118,0.0,8.503514134486487,-45.08853515798715,-28.906763000008603,-1.1969442290245915,-0.8141240761027663,77.9835718679669,0.0,374643
64.00775711010897,11.226020306233979,28.640094643150253,10.762654535691789,11.633866098365669,3.3572406247084308,7.56153417764764,0.7834028706266498,1323.3121239605937,0.37593984962406013,False,UNCLEAN_TAKEOFF,828,82.80000000001814,1,711383.6232019069,1326.2345671314145,4776.143332174754,170.60334478527085,dry,0.9817065070260531,1.067549516874629,0.14205698968788605,0.0,0.0,-1.0463359506206045,1010.217933403328,0.9565007876821745,41.99999999999762,1791.2139987502771,69.60000000000764,nan,173.03408505998348,1323.3121239605937,3110.742041770062,126.55069929236782,136.67475523575726,11507716,0.1133990246852974,0.3173291236229564,0.8643073602931954,clean,105.80384320543851,11.15711563141531,18.522943884407983,11.220667795191616,10.305966698910764,34.07972673331225,39.999999999999986,4.999999999999998,0.0,-8.279999999999868,-11.59416493626993,-2.482783135009931,-0.3451468226518322,0.0,-0.6807805752990985,-47.539270202406115,0.0,10.134811211808081,-57.438823650669256,-21.173672547372153,-2.0916548555286076,-0.5910213251679814,0.0,-30.0,375471
60.265180536652124,12.411817567393596,27.43352112649222,5.81743372813386,7.001637588879867,0.19511347548906915,5.842988751167376,0.8056734202920494,1270.2085682409863,1.0,False,UNCLEAN_TAKEOFF,869,86.90000000002141,1,692270.6303190558,1324.8901859744358,4229.544622295353,230.5814196247753,dry,0.9555775085717824,6.625607557766619,-1.9103689299832993,0.0,0.0,4.783350896274437,1014.2395451633867,0.9571559425561328,44.39999999999748,1992.8191566690346,82.00000000001751,nan,168.3389422581946,1270.2085682409863,3589.96843659882,125.84990169451414,135.9178938300753,907587570,0.1194622242487631,0.3662166693944679,0.7076223338356735,clean,113.18970088044418,11.926578335906461,19.458240625975794,11.239302370338578,16.298160812656086,35.713843130424685,40.00000000000004,4.999999999999998,0.0,-8.68999999999986,-14.874693790946692,-0.3558302866391548,-0.19378819896811753,0.0,-0.6891268329805671,-51.74920244737343,0.0,17.12319534620644,-64.40819596504504,-37.11345068732912,-1.2175275977762603,-0.39202515824080936,0.0,-30.0,376340
-10.528250966185686,14.907605189490257,33.96046195765665,13.311243945865161,23.897251480908288,15.795123095569336,12.499633379759741,0.7057625789036033,3426.4018123444594,0.03333333333333333,False,TIMEOUT,1801,180.09999999999306,1,726919.4945679443,1327.6196464103884,4573.2044812019285,37.516403357278186,dry,0.9563260163275399,5.452006123567914,-1.9159283271051653,0.0,0.0,-0.3324736027833195,1014.6215108234923,0.9020626943761348,41.399999999997654,1753.1035677816767,84.20000000001926,nan,126.4724399560312,3426.4018123444594,848.5199556886066,127.8057904301171,138.03025366452647,30122969,0.027860134283926214,0.5592997631827099,1.2429255014307115,clean,231.52789017959384,23.047460751686717,36.88833867424712,11.374191603018287,15.800876509413568,104.07948270816284,39.99999999999997,3.2000000000000015,0.0,-18.010000000000016,-44.47203146297511,-6.268769867916705,-4.342808970971912,-46.490557741717105,-20.241351620409326,-90.04994007371178,0.0,32.551701491118635,-162.16025291490485,-91.00005278784785,-12.142705485685621,-3.8197219572855516,0.0,-10.0,378141
77.93388210214752,15.515674244682456,34.95963183889936,5.653631511675927,13.664934132471053,7.75723742659949,10.255107509636856,0.748945578294874,1364.6729562956723,0.30120481927710846,False,UNCLEAN_TAKEOFF,1643,164.30000000000743,1,753482.4609663634,1323.6671666189382,4595.063623541728,181.08764003838957,dry,0.9950225228284652,6.307661756041504,-1.5294045368369495,0.0,0.0,0.16082568375437223,1011.795719531425,0.9552286639563897,43.299999999997546,1798.289311904029,147.80000000002244,nan,182.2294627703247,1364.6729562956723,3190.4640458624426,130.41315962173667,140.8462123914756,1884478975,0.04045731638736478,0.31280493514218344,0.8419838480251581,clean,227.74918430610853,19.127464914326723,35.939151783368125,12.420128116278796,37.566473581953844,64.38026189973021,40.000000000000064,4.999999999999998,0.0,-16.42999999999977,-43.94772110665002,-0.36985276326758404,-2.06600232318389,0.0,-7.3547361538346445,-88.47172122739224,0.0,26.623018900825215,-144.78763881007427,-53.30870651869463,-3.5907095927263133,-0.5447129046177441,0.0,-30.0,379784
-11.097022904413578,2.064057146971479,9.206917875710628,9.647821589015026,4.58522195613697,3.8410432377585892,2.3054616746421095,0.7990151271951415,12.297156200370011,0.0,False,UNSTABLE_AFTER_LIFTOFF,478,47.79999999999729,1,760576.8642581475,1324.6412359261976,4521.722438462235,142.90447308360217,dry,0.9919376878343822,4.678661798614144,-3.274287409611219,0.0,0.0,-2.0118235362040506,1011.2027340198155,0.9951365878386128,45.19999999999744,1859.0032013927232,nan,nan,139.85169599454107,10.461529616226755,-247.16025105307187,130.56931553392036,141.014860776634,2081748799,0.6608780190659754,0.24023587291858484,0.3195305075737451,clean,39.996988064504016,13.487513981480058,11.567272655358549,13.62012756309622,4.374463508239272,0.28838938514287005,0.4184611846490703,0.0,0.0,-4.7799999999999425,-0.2262709612278679,-0.3352063780655161,0.0,0.0,-0.014351906118154269,-28.34818161482077,0.0,23.99486533471601,-9.193777873979776,-5.4609081802395165,-0.15125928003349431,-0.335148387114541,0.0,-70.0,380262
-22.001945574988852,6.234819632927407,19.297901508861738,6.045395485583036,4.2610607011595985,3.9698794894711438,2.4883176645545957,0.79571880763965,6.302468249162587,0.0,False,UNSTABLE_AFTER_LIFTOFF,568,56.79999999999745,1,741106.2074372882,1322.5248107093958,4214.382865531728,287.9337310842381,dry,0.9618416272472002,1.7785820143601594,-2.628113696931029,0.0,0.0,-1.0545436185152255,1010.8416573010261,0.9910831951237737,53.79999999999695,2447.136743534692,nan,nan,139.25228013175396,4.318472558130168,-168.8155849081289,129.12567558273412,139.45572962935285,186433517,0.45187406385940226,0.13872901417950348,0.3104606456373875,clean,52.65343538237957,13.098482723892085,13.962787074628734,13.231160668866346,5.123807425610574,0.06492668658321928,0.17273890232520667,0.0,0.0,-5.679999999999923,-2.4533166984130936,-0.04333906809079094,0.0,0.0,-0.06663736973638963,-33.26813894833188,0.0,19.809736407115142,-25.774708674458267,-2.7099008321106517,-0.042784558884381034,-0.08019469636427046,0.0,-70.0,380830
66.28102093352382,13.988809617624641,28.68103227317988,6.414576818311358,7.95366484493682,3.3861497584621763,8.628409915014887,0.7847502657953567,1224.9838830026843,1.0,False,UNCLEAN_TAKEOFF,980,98.00000000003024,1,735806.7187005939,1326.6203401716284,4626.817775636412,124.91088019860163,dry,0.9990654899382128,5.1593210367036875,2.520781315876008,0.0,0.0,-2.5159054690270253,1014.3743956953609,0.960396878854624,40.39999999999771,1513.0844510802153,93.10000000002634,nan,185.9097408223296,1224.9838830026843,3004.4799084610017,128.111626572394,138.36055669818552,1756702899,0.0828810130676619,0.33844412154231657,0.9894432404391799,clean,125.37758189150098,12.878130049593162,23.269706279306565,12.326724601584042,23.4834167301899,37.346814802630036,40.0,4.999999999999998,0.0,-9.799999999999836,-21.308117625309414,-0.3542151332405238,-0.5019126355331177,0.0,-2.905858064312378,-56.490982778152365,0.0,18.740386428293533,-73.21690904396583,-33.23296608884596,-4.149143774282278,-0.18163470593167233,0.0,-30.0,381810
-17.41643302660279,2.2114687407901705,10.59260770530924,12.428943228279365,3.0247139758999926,2.3631687866906304,1.6551849919059387,0.8030503572998466,13.584425111804961,0.0,False,UNSTABLE_AFTER_LIFTOFF,455,45.49999999999742,1,761607.620689318,1327.1935190156914,4570.426791403387,108.84608170346493,dry,0.9788738078087196,3.4290022156637043,-2.202150370228114,0.0,0.0,0.64672413218325,1011.2348469976708,0.9962054564970977,41.69999999999764,1634.6556534266633,nan,nan,151.72084613919594,9.004628428655423,-441.370024779211,131.261252969751,141.7621532073311,1521317695,0.52698593968598,0.3094382045768398,0.3211306095057123,clean,37.39143101483331,12.588780935157681,10.72345671087368,12.896088008694223,3.5689184286095346,0.38091252828818367,0.36018513714621714,0.0,0.0,-4.549999999999947,-0.2472466962365431,-1.2196126303387893,0.0,0.0,-0.020923957779350192,-27.211833119535477,0.0,22.830253874033854,-8.474649563604421,-5.322544106458803,-0.10637522988001231,-1.0032743604060474,0.0,-70.0,382265
106.76248734049726,11.960222342180739,30.367818200311195,5.821506588108765,7.249719688908363,3.057549712064652,4.142095516157702,0.7886282466492949,1262.061349612211,1.0,False,UNCLEAN_TAKEOFF,969,96.90000000002937,1,711727.5988729469,1326.401179021079,4547.606108090775,30.370410187991247,dry,0.9900088376805516,2.893164318920686,0.4688404835257227,0.0,0.0,2.9072370981321933,1015.9465187435826,0.9627435453823286,39.99999999999773,1501.9429446723555,92.00000000002547,nan,173.8909949860208,1262.061349612211,3477.8931886851133,127.09002602038986,137.25722810202106,645939060,0.11352560895120944,0.27009086706518914,0.6264198287849019,clean,120.03318323895138,15.486024068907508,23.837311899059372,12.068663059134737,24.839668412488955,40.421344963706275,40.000000000000064,4.999999999999998,0.0,-9.689999999999838,-15.401384889076988,-0.6190805446914895,-0.01926967659822909,0.0,-1.166599852202312,-56.14478447073734,0.0,30.212843201320073,-67.50826608533843,-23.599986917102424,-0.8540199916822248,-0.13315907564096605,0.0,-30.0,383234
103.25995466505923,10.512342753644813,29.06513203388152,6.448881790070018,6.7733425454346605,2.0092388909696655,7.376241589601681,0.7957197527842488,1178.4467156396772,1.0,False,UNCLEAN_TAKEOFF,925,92.50000000002586,1,765301.5122612333,1325.4121519448597,4589.701383291536,411.8193020918648,dry,0.9847696073516519,2.896242978357342,-1.4534173160956412,0.0,0.0,3.2408880308080406,1010.7612141657265,0.9544443001685918,49.49999999999719,2117.8455021567706,87.60000000002196,nan,161.61516960591217,1178.4467156396772,1587.6098138905343,132.19979211905508,142.77577548857948,1694696649,0.14711929509963645,0.32629541922046684,0.7666422853971173,clean,114.8846320138785,15.510111472861855,21.41131112053248,14.030976071733596,18.878414421620963,37.87302284833151,40.000000000000036,4.999999999999998,0.0,-9.249999999999847,-11.357905434150055,-0.35915149228854176,-0.34167704123495535,0.0,-1.1179453664686505,-54.070618258196184,0.0,30.697265918620552,-60.97663300136736,-25.069393159612353,-1.6693793158193928,-0.8130761333819652,0.0,-30.0,384159
-18.401739841275685,5.310857426582749,22.018077505107513,10.072790205320164,3.958566475406729,3.0780139300332237,7.537764896535265,0.8080262978333644,19.684319943775165,0.0,False,UNSTABLE_AFTER_LIFTOFF,517,51.69999999999707,1,765642.3897899338,1329.2109148637608,4417.827740935491,327.1767247069318,dry,0.9903327471256574,1.4962755708727062,3.6430494683754358,0.0,0.0,1.1544863297778063,1012.148050559693,0.9898073760639311,46.09999999999739,1883.8911793596337,nan,nan,155.7083440980856,11.684225814554793,-519.1491037784729,131.66469426069804,142.1978698015539,2066547046,0.3430403765119123,0.2858722552572359,0.5848804822480645,clean,45.560981184070734,12.955013397451621,11.907250874607604,13.784046789755585,4.056272228535241,0.609945427106722,0.4673690325821919,0.0,0.0,-5.169999999999934,-1.6202324238930985,-0.9627261131776356,-0.09006183459665174,0.0,-1.6700862988941403,-31.081065499331014,0.0,24.152420811450135,-17.51230266904714,-3.1100605317331493,-0.5751150520751611,-0.10338916408749975,0.0,-70.0,384676
-18.655039223356262,5.8988850076708665,22.80566687844047,6.425164484019913,4.063754144304072,3.426623683251868,4.509196224196715,0.8347037572454842,12.655584988008627,0.0,False,UNSTABLE_AFTER_LIFTOFF,513,51.29999999999709,1,741959.0153157676,1330.9518445395133,4240.417824032707,87.42359486283318,dry,0.9765153802795684,4.36086077070292,-2.2762993183908042,0.0,0.0,4.577162985029829,1014.2665033720795,0.9969998377037148,43.499999999997534,1707.5273068028048,nan,nan,142.16209460301698,4.621252542487994,-193.9174305366757,130.24054823610913,140.65979209499787,1716261155,0.38891524813313233,0.14715663004817772,0.4757334663749212,clean,44.54931244975689,12.97193433456941,11.666092771341674,13.25404427064964,4.386277885288351,0.3278794982497119,0.18485010169951985,0.0,0.0,-5.129999999999935,-1.9834201270222753,-0.20819741645420936,-0.024202453333348344,0.0,-1.8280319004606178,-32.161528632123336,0.0,27.28396966589474,-18.756391531398442,-2.7223829230949024,-0.40229911414982955,-0.06294610276915576,0.0,-70.0,385189
143.88356093109928,16.249627909275286,28.406980681000004,5.828368255467717,6.589230544854986,3.7694488681414873,7.432413339261442,0.7928841557189529,2324.118257819212,0.18973214285714285,False,UNCLEAN_TAKEOFF,1558,155.80000000001516,1,720665.5770702004,1322.6272937956314,4785.10068368174,268.622975480628,dry,0.9587648648033378,3.8387661737244354,-2.655059773741692,0.0,0.0,0.4389475325593324,1014.7249791605835,0.9260847448408177,42.599999999997586,1587.9520676181062,111.10000000004067,nan,177.2533360498236,2324.118257819212,2286.543251925285,127.41875221195548,137.6122523889119,1487200419,0.05562643093846606,0.2717910025502237,0.5701487048245835,clean,226.58912994135193,15.403996662188955,33.459585567081426,12.851544753767769,17.65714176530807,81.93333001948392,39.99999999999999,8.499999999999986,0.0,-15.579999999999712,-45.71005937798466,-1.1314306043746456,-1.378252762469773,0.0,-6.823029187859139,-90.69465660110683,0.0,27.401792386976666,-90.23422594841934,-37.04014308022233,-0.9930731543027013,-0.3280894483196937,0.0,-30.0,386747
16.523727668584286,13.408890635526511,24.190221643472142,1.0471049110936672,-0.6119245877513604,-0.6177045931869529,1.2498086377845214,0.8242408375176346,2.2904415017954847,0.0,False,INSUFFICIENT_RUNWAY,860,86.00000000002069,1,723644.5553185572,1325.4236469090536,4592.448662161756,114.52190171689197,dry,0.9635351164845016,5.498850965556825,2.7789256945821306,0.0,0.0,4.913854339325433,1012.6303526545441,0.9962992007490518,nan,nan,nan,nan,137.06732795046318,2.1625026776439853,3.96877333189134,128.80095844683322,139.1050351225799,692105470,0.14707852656637635,0.12354177547671728,0.2240471169563276,clean,90.96655562503327,14.836214175390692,22.851368583144037,14.591050346907895,3.6002238123283536,0.0,0.08650010710575959,0.0,0.0,-8.599999999999861,-17.18073103832656,0.0,0.0,0.0,0.0,-52.72497226784528,0.0,26.70783156125126,-25.708438901844524,-2.8963555990943095,-0.005518735466073906,0.0,0.0,-50.0,387607
-5.209744053579939,3.611815629007642,11.525486139198655,4.849739119147618,9.74093440116551,9.274831112738228,3.6382750213668147,0.8049875021801556,23.943979545630754,0.0,False,UNSTABLE_AFTER_LIFTOFF,581,58.09999999999849,1,741945.4776807947,1331.0490041176981,4491.159741917512,146.79149317697397,dry,0.9882208271250608,2.702890951055279,-0.9587753952006324,0.0,0.0,0.19396505843411482,1011.0924158775218,0.9952398484889142,41.49999999999765,1615.4998842065156,nan,nan,121.84746056727886,3.7495614078555377,-470.9075599817902,129.46333487919628,139.820401669532,1302388738,0.7031701405535514,0.2348792080599568,0.412203484933995,clean,53.3167660913164,14.467606052201832,13.834296798192737,12.255417346533294,5.555763440736454,0.7424136705553219,0.1499824563142219,0.0,0.0,-5.809999999999921,-0.8421409169050431,-0.07228865241895448,-0.0026743140621272115,0.0,-0.36405831946305883,-34.52806749642414,-1.3817801425346633e-06,28.698461743377056,-14.579184342016719,-7.818709781596134,-0.11798583026450396,-0.09534061787633638,0.0,-70.0,388188
8.431168673722532,12.9743917354175,27.39727630446294,1.330728663394971,-0.7288461889795491,-0.7507991561557842,1.6527105844213528,0.837028555478938,2.6089261722785295,0.0,False,FAILED_ROTATION,827,82.70000000001806,1,673599.3826017772,1324.5909680403524,4273.325491900623,145.31316655704595,dry,0.9801127063228062,3.435772934580826,-2.19230716887628,0.0,0.0,1.4153641048578054,1013.9506307301637,0.9953337793338357,nan,nan,nan,nan,140.51391851950285,2.6089261722785295,3.828208530427064,123.44301746275941,133.31845885978018,1710769617,0.13303431035975016,0.09857596315830588,0.15807090094297643,clean,84.9770951693277,16.136385958204304,21.958689521378826,13.446162378627648,2.8340959454438175,0.0,0.10435704689114106,0.0,0.0,-8.269999999999868,-15.468101491962871,0.0,0.0,0.0,0.0,-51.83737683214232,0.0,26.783923047962162,-30.751910597332653,-1.4821083621074793,-4.3110567561480905e-05,0.0,0.0,-50.0,389015
223.94694423971228,14.18746664805379,30.916412981685475,10.983085892641544,11.360884484215616,5.032903341387103,9.962501353707891,0.7824208770064368,3652.479846636095,0.09742895805142084,False,UNCLEAN_TAKEOFF,1559,155.90000000001507,1,679968.6946955053,1325.8765585267006,4638.111692948297,339.363665733255,dry,0.9815289970442145,7.801615649970864,-2.3614975388766997,0.0,0.0,2.7715692678713424,1012.0530579732279,0.8890058580847319,37.0999999999979,1348.4612158527043,82.10000000001759,nan,187.22796606518602,3652.479846636095,4223.015057572267,124.43185241533207,134.38640060855866,1534632091,0.06003507521241566,0.22676314558431987,0.6948362135720101,clean,250.95020408180562,24.64154450754314,36.97794095821083,11.08915999329719,20.064700739231313,97.70018131903073,40.00000000000002,7.19999999999999,0.0,-15.589999999999712,-34.86689813532745,-2.3387036621012736,-1.1124501820407304,0.0,-4.850272116723263,-89.02616464257186,0.0,39.81498566591785,-99.31983625852111,-24.851673944167192,-1.9323393234141695,-0.6034347604581443,0.0,-30.0,390574
12.10224613993897,9.115801436717229,19.501002707760023,3.1250012840200814,-0.5661755724864062,-0.5673553992597612,1.7130306261331463,0.812390777325098,2.8544537512100874,0.0,False,FAILED_ROTATION,851,85.10000000001997,1,699973.2553771716,1325.8606655659955,4450.399941837876,491.81490595471604,dry,0.957055538290776,0.2189269103404703,3.7307875677825226,0.0,0.0,4.678104179915123,1010.6820906966198,0.9854715336321618,nan,nan,nan,nan,142.19032042580557,2.8544537512100874,29.65082665910975,126.74785065462717,136.88767870699735,483889143,0.349876304384379,0.16170888738574038,0.2635311584974151,clean,88.52039288169838,15.40235668226217,22.573770582909273,15.407538834157613,1.5332829384461903,0.0,0.11417815004840341,0.0,0.0,-8.509999999999863,-7.857362032715687,-1.899353130654583e-05,0.0,0.0,0.0,-51.19654706786646,0.0,15.401108476925568,-22.923378531302614,-6.3461595233805035,-0.014650741461337309,-0.0022655162506889717,0.0,-50.0,391425
15.66088847661851,10.16748069817414,22.379392265186215,1.0329962265241068,-0.482221873432101,-0.49011106104382096,1.2620059422800225,0.8088676748293511,2.4722489452672107,0.0,False,FAILED_ROTATION,806,80.6000000000164,1,766328.1058528718,1324.799860893931,4335.358088976793,262.2048999638423,dry,0.9560794322692316,5.959689921359711,1.9559966550155665,0.0,0.0,4.971640086288389,1015.1227532782763,0.9920567622838187,nan,nan,nan,nan,143.11900503553582,2.4722489452672107,2.17251110937565,132.39537804837954,142.98700829224993,884788597,0.275428944907659,0.11122803351824806,0.1821138848933104,clean,86.37224271959956,15.020808000920667,21.244465833860858,14.759283118884683,2.2220075106695116,0.0,0.09888995781068848,0.0,0.0,-8.059999999999873,-9.25804410896461,0.0,0.0,0.0,0.0,-48.297805204333855,0.0,21.942945060879506,-28.38468636269368,-1.99920063896435,-1.7411050417611858e-05,0.0,0.0,-50.0,392231
117.82634975200219,20.484334431602523,41.868776029428645,13.709254990449343,12.948815450250894,5.088627547131036,11.88282677257648,0.7852812855350654,3691.150281304445,0.1400560224089636,False,UNCLEAN_TAKEOFF,1419,141.9000000000278,1,682253.997443449,1330.847120089608,4597.070942060222,87.46840855633303,dry,0.9697917423443796,4.433684574161047,3.9924420719898706,0.0,0.0,-0.10215189227974264,1014.9009650564393,0.8936463064157675,37.19999999999789,1391.0585302195477,70.60000000000844,nan,179.49710545994463,3691.150281304445,3369.3792691198196,123.8495167944862,133.75747813804512,778050398,0.0043853416047598985,0.31291031170394235,1.169265732799065,clean,218.28848218452362,18.090213712106554,32.694009652901336,10.821726860636263,19.845399761595786,95.37338743232999,39.99999999999997,9.99999999999998,0.0,-14.189999999999742,-66.15818790367126,-3.9263614134853277,-1.9628518787454245,0.0,-7.365839330319497,-81.83893976511025,0.0,22.83554600958915,-102.06823591827333,-32.6612478112225,-8.053228271930474,-1.8975235689231895,0.0,-30.0,393650
74.29250169393933,13.784461945633923,33.42518098875223,8.02479438542134,11.49299711719232,4.810231449332826,8.246873499382986,0.7807452744174441,1772.0425858486715,0.2304147465437788,False,UNCLEAN_TAKEOFF,1174,117.40000000004568,1,754315.0734660135,1324.1983747005559,4442.63400651781,179.1761894633821,dry,0.9586375232667464,5.323448975922842,1.955923237152736,0.0,0.0,3.9143775617995145,1014.8846406707758,0.9445381211391028,41.59999999999764,1664.7078637558313,95.80000000002849,nan,184.15710955843846,1772.0425858486715,5091.503456407935,131.13183408002877,141.62238080643107,1491964129,0.05458726330040601,0.4313432854480905,1.035256671163873,clean,170.8295281748909,14.980298424151115,22.186993227582185,12.631209188396406,26.99692609016772,55.43901747604766,39.99999999999996,4.999999999999998,0.0,-11.739999999999794,-24.785930354151024,-1.262388671914816,-1.7221661630597478,0.0,-7.314455500739944,-67.02221545567491,0.0,26.029169954261985,-93.7519028551547,-56.2674753742608,-4.930531587978933,-1.0035748786223233,0.0,-30.0,394824
160.47421500492942,10.51741355332169,30.023802002417753,8.025497926353102,13.3360629237868,5.318931459899773,7.80523395759011,0.7567397434618816,2689.5624249725493,0.10638297872340426,False,UNCLEAN_TAKEOFF,1321,132.10000000003672,1,715073.8122432812,1331.327273565629,4306.094600987507,59.4844641533262,dry,0.9791303648314805,2.6822129379847945,-1.2041306340875146,0.0,0.0,2.3714861794710274,1011.4970844544939,0.9222900362824172,46.19999999999738,1978.292007378202,85.20000000002005,nan,195.15597843424146,2689.5624249725493,3688.279181397703,127.55075534981196,137.75481577779692,896462994,0.13466308026399698,0.2724036846012947,0.6862908035399307,clean,199.4807367642804,22.938101441255533,29.38559107428301,12.4568087842821,20.00649173556268,82.30323830929913,40.000000000000014,4.999999999999998,0.0,-13.209999999999763,-16.235968883550758,-0.9270705386080421,-0.8777009632328673,0.0,-4.567864095259025,-72.524593117853,0.0,18.241371858148856,-96.84900877630781,-32.23011471841632,-1.644403633944471,-0.2714002350098001,0.0,-30.0,396145
-11.232878562293529,10.387322441366008,25.99773166663477,3.4137628945621667,0.44756688597573935,0.29869645924247884,1.5320953471043854,0.8007463404617591,3.658789482007421,0.0,False,FAILED_ROTATION,806,80.6000000000164,1,723181.8523359355,1324.2545603162387,4407.402724609076,483.3855319002495,dry,0.9986784941054511,3.666242829182795,-3.3060145403778205,0.0,0.0,-1.5775035081179292,1014.4123514701989,0.9853957171632877,nan,nan,nan,nan,143.94297971910615,3.2864824295537574,-20.926724151850724,127.21389095980368,137.39100223658798,900767155,0.21164878784593102,0.15307355932714153,0.2752552994167472,clean,87.24290289171071,13.684001626944097,21.228532992205565,12.843552592616026,7.390300290197697,0.0,0.1314592971821503,0.0,0.0,-8.059999999999873,-9.66272808952558,-0.0010653635485515006,0.0,0.0,-2.3509953702154092e-05,-47.61161934239366,0.0,12.61500994647209,-45.97250602905411,-4.983013020765957,-0.05132877111549166,-0.026354073264542255,0.0,-50.0,396951
-6.00025985886996,3.4512921797227287,8.541443317364578,2.937369309042315,-0.173404136180071,-0.3482833395794576,1.8370257275263422,0.8410917336822337,4.213235343022404,0.0,False,UNSTABLE_AFTER_LIFTOFF,557,55.69999999999684,1,711613.1823224032,1324.3298599629973,4671.299289318626,146.44194582470254,dry,0.9796995951960177,2.2513123358323934,-0.8683630739377204,0.0,0.0,-2.5051521082960493,1015.9856756170407,0.9952095477077373,55.19999999999687,2689.175678354846,nan,nan,146.3973450730548,3.6011322648678856,3.8539852495873905,125.89027570237124,135.96149775856094,1162669085,0.8131493740179099,0.14659271934520965,0.2402031748158509,clean,53.63916086823928,13.84290303689347,13.896445319016728,11.673500583479996,4.82489904869593,0.01703241387875611,0.14404529059471557,0.0,0.0,-5.569999999999926,-0.7371844071519005,0.0,0.0,0.0,0.0,-35.21135970018647,0.0,25.620210785297374,-14.914478236384765,-3.1577731106134515,-0.0057183710607517655,-0.06194337956880029,0.0,-70.0,397508
26.845357724497042,18.272532751287276,44.17619754431208,9.179993317056978,8.020114402116402,3.6732598960446183,15.829484000924527,0.7845318677578618,3213.568291844762,0.13828238719068414,False,UNCLEAN_TAKEOFF,1613,161.30000000001016,1,692980.9439608526,1323.287950799845,4409.079291931438,239.60691290329817,dry,0.9601910723520872,6.9920039749164165,3.176587180843704,0.0,0.0,3.160020360784004,1015.5238659909741,0.903489556361143,45.49999999999742,1998.9705299705836,92.70000000002602,nan,162.23927124865082,3213.568291844762,2856.570201341676,125.48565386100782,135.52450616988844,1244199845,0.0068414416899561245,0.5357735643025981,1.379752286392323,clean,258.5534543286325,16.3240942302758,29.271889900953386,11.479317388837927,26.09136472046812,94.71862606042392,39.999999999999986,9.499999999999982,0.0,-16.129999999999722,-59.83969288065492,-4.115254117837062,-5.728426578949594,0.0,-18.02391170868132,-92.81158952171432,0.0,20.963459603735075,-154.18441603321804,-83.66300035280754,-14.537298407757334,-1.0232589072076212,0.0,-30.0,399121
-15.705135215374725,3.0523258238325637,8.528602996488974,5.995447990630997,2.047060722998993,1.901807052630565,1.1462616860451653,0.8424371965439977,5.3001740177739975,0.0,False,UNSTABLE_AFTER_LIFTOFF,472,47.199999999997324,1,725753.2224210041,1329.890084786969,4725.448706775918,496.05022712756,dry,0.9742794628124453,4.8784673712457005,-0.4722445516238474,0.0,0.0,2.0495181000769858,1014.5868615591735,0.9851486083722172,45.799999999997404,1811.0264721169683,nan,nan,146.34775203854377,5.3001740177739975,62.039159629445244,128.23276300312642,138.49138404337654,241836004,0.7700538035755183,0.16097570672022596,0.19362289302051927,clean,37.32723666539793,11.83672203812259,11.257722705844442,14.305024647433907,3.2084788597929763,0.06165580426157925,0.21200696071095987,0.0,0.0,-4.719999999999944,-0.4886087850269092,-0.02834357454176606,0.0,0.0,0.0,-29.85420868546691,0.0,21.851197257685282,-7.895131395408987,-2.2892102391316516,-7.098569820812222e-05,-0.48960648934993956,0.0,-70.0,399593
116.6874162669036,14.973544748056359,36.7652290921585,10.47640648375689,9.591416442108368,2.379232316836611,13.50107890851238,0.7810974825244779,3352.2774730429273,0.08650519031141868,False,UNCLEAN_TAKEOFF,1553,155.30000000001561,1,669734.1170745912,1322.0236093382375,4368.306110289234,409.4049219109261,dry,0.9557153055641153,4.086693983199281,-0.15994176893880674,0.0,0.0,2.860587051706455,1011.6473686099101,0.8951508746302748,45.99999999999739,1857.526963336725,97.60000000002992,nan,181.15884078038593,3352.2774730429273,4177.764441196266,123.53551073936066,133.41835159850953,1986310577,0.028486720943586587,0.47441246159105777,1.3614611521371514,clean,249.41635577526458,16.492516245361774,30.615347973525378,13.35429763109162,23.39796639125051,91.02562875863126,39.99999999999994,4.999999999999998,0.0,-15.529999999999713,-38.6881707473486,-5.0547069362119785,-3.2670122802063477,0.0,-11.83788783813028,-88.77346478243186,0.0,21.493691673641884,-120.74060293508842,-47.88448385126821,-11.244048628797032,-1.088010182381064,0.0,-30.0,401146
154.5266042408596,13.286843271500413,37.5943556779986,8.575414120454903,9.142100533975118,1.4403047889123608,7.272834248960835,0.7739951454166053,3942.4573631956882,0.11255411255411256,False,UNCLEAN_TAKEOFF,1654,165.40000000000643,1,732700.5556994561,1322.9752965736752,4204.686162028213,13.899041285488245,dry,0.970600014659635,1.4215583605991897,3.16510689791679,0.0,0.0,-0.9912364845595594,1013.1429990746311,0.8885752780236618,60.900000000000716,2916.060441348249,96.20000000002881,nan,184.0500040949069,3942.4573631956882,3947.9651034090703,128.25954977340083,138.52031375527292,873913746,0.045188263148105375,0.3416534315212792,0.8931692285899641,clean,270.1844104217776,16.98935923338283,34.31555085046353,14.516444559079979,21.756505491753863,93.22118314290788,39.99999999999994,7.799999999999988,0.0,-16.539999999999786,-32.444166401869175,-2.7545806384195344,-1.1759580348767682,0.0,-5.468192377753319,-93.47606839591953,0.0,15.386033246550133,-120.36916421789145,-51.40195431930116,-4.850124977626558,-1.1626733413987242,0.0,-30.0,402800
91.35682291394028,14.662601444436174,44.31965576732236,7.011372786713004,12.654892534880439,3.978068616711699,8.798587886612872,0.7942937446910013,1557.419033970773,0.7586206896551724,False,UNCLEAN_TAKEOFF,1202,120.20000000004755,1,723258.8230064665,1328.4757067045252,4690.766525006249,346.63281104606205,dry,0.9641428398559421,5.401809357352474,-2.744876163026689,0.0,0.0,-0.6632048347403119,1015.3065771569458,0.9449953723303751,79.80000000001576,4007.6972954670423,102.90000000003414,nan,155.7419037278434,1557.419033970773,3337.0445055099285,127.36731929901408,137.55670484293523,376807921,0.020500567802374216,0.29820341280776996,0.931761052770327,clean,143.9211191563451,18.560620621159444,26.664615026519584,14.676153352264972,27.071669605927397,37.43723563630583,40.00000000000003,13.199999999999969,0.0,-12.019999999999788,-28.713360122699427,-1.1717759089420914,-0.9937204427331489,0.0,-2.5664394033599587,-70.2959215033972,0.0,22.925201468532777,-83.09917517710427,-19.725592669985897,-4.227333737589345,-0.2864729873022364,0.0,-30.0,404002
-8.213598743372373,9.059896726890985,36.397686621507695,61.677719186396324,22.457824906213478,7.354797895978734,13.403268491561064,0.7807993443975833,1921.013328206425,0.010344827586206896,False,LOSS_OF_CONTROL,1106,110.60000000004027,1,727643.5926145011,1331.9212867374022,4542.322626023991,467.99842375157255,dry,0.9884696934366721,2.579891462887252,-2.217068388570728,0.0,0.0,3.9411966844747246,1015.9787271408518,0.9555110600810784,57.39999999999793,2368.7815351589866,81.70000000001727,nan,182.23332893723514,1087.650711006333,-10020.272631976895,128.72919949429257,139.02753545383598,645726,1.5417698912875083e-06,1.352857808243697,0.919286007790751,clean,124.26548080571955,21.316142669283376,26.12270427353008,15.305759452790769,20.1178480992199,39.39784144697867,40.00000000000001,0.30000000000000004,0.0,-11.059999999999809,-10.086932438259396,-22.04083567923686,-1.7907149235019642,0.0,-9.039016511098536,-63.502073103651234,0.0,27.684072018948335,-71.90224928608092,-43.11116091996423,-3.718921099026619,-6.471543549022135,0.0,-80.0,405108
29.564562246084243,20.380840863327848,52.77819165990239,11.447071361574148,12.975301954653714,4.777833842622801,9.239582104232946,0.7913234801275333,3234.4947925559163,0.1443932411674347,False,UNCLEAN_TAKEOFF,1395,139.50000000002998,1,673107.2579388773,1328.1422150139454,4335.318996802088,432.8433293929731,dry,0.9544948639059241,1.8817729251144355,2.272519023129372,0.0,0.0,2.0190670906791564,1010.1879995550664,0.8973756984933163,47.199999999997324,1758.8542814658838,74.50000000001154,nan,172.7957484401211,3234.4947925559163,2833.922437290172,123.75631753985478,133.65682294304318,933735438,0.001515972478211142,0.42952733205300603,1.0068330839894488,clean,203.38786069733803,18.042497662199718,26.050899560627183,14.926779176018023,23.10523977479747,76.20061113228438,40.00000000000002,9.399999999999983,0.0,-13.949999999999747,-64.38369451592555,-6.198505435507813,-3.3599679965745004,0.0,-11.98583563380688,-81.5084111355194,0.0,22.25653660331975,-122.42700914609861,-63.51548581348819,-5.468415536765928,-1.0085371468118234,0.0,-30.0,406503
56.00038387480342,12.308905929705395,35.624899411241095,4.4849102245825865,10.16488588400676,3.2562159361576044,5.876744446891384,0.810140434362703,1318.4215847787073,0.2958579881656805,False,UNCLEAN_TAKEOFF,1041,104.1000000000351,1,757717.3706201132,1329.1655626387121,4361.599103427188,19.221587750635926,dry,0.9529863647505653,5.615296342118453,-1.623006174295878,0.0,0.0,1.0542575555118265,1012.6181690266814,0.9612413677975176,62.80000000000223,2759.694862138549,87.30000000002173,nan,184.4270360110046,1318.4215847787073,2800.3908483246373,130.92840954353693,141.4026823070199,1598545436,0.07292967726063253,0.3250820063074856,0.7161504814547635,clean,125.0398500327587,12.547230997187889,23.65241938397491,16.645202491678237,22.76388627705859,32.628748560528614,40.00000000000005,4.999999999999998,0.0,-10.409999999999823,-17.52456010655293,-0.037080823006455266,-0.2987420227345423,0.0,-1.4519299090064322,-62.646492043013076,0.0,11.506688920832321,-80.90950169682871,-28.919617140160383,-1.5455772992987642,-0.04014174861362708,0.0,-30.0,407544
54.26277147226026,12.008452327166339,31.91723893790948,5.532853294783635,15.594107619635349,2.8003482354420806,6.358940248561817,0.7839562622755634,1930.9413177339222,0.2219020172910663,False,UNCLEAN_TAKEOFF,1123,112.30000000004162,1,746514.1522379374,1325.6666964688493,4734.354829241383,57.987394767527455,dry,0.9805322788625426,0.6122451729824432,0.6563379032886387,0.0,0.0,1.0748551549049337,1013.462827450027,0.9429567659309507,58.799999999999045,2317.2511287688026,77.70000000001409,nan,181.18554513115126,1930.9413177339222,3788.3176101378936,129.90734414366744,140.29993167516085,636300172,0.09468932641856619,0.3838143511522168,0.7059165759918782,clean,135.4387761851925,12.749469404177601,23.62556013736633,17.06348251747156,18.717517089309947,41.790783017449115,40.0,7.699999999999989,0.0,-11.229999999999805,-17.99332081677414,-0.18915759909749266,-0.4868928077677898,0.0,-2.8318556456178627,-64.75023650316511,0.0,12.55485558894863,-87.39090870065715,-38.46696741821144,-1.700978870439914,-0.33735410592355536,0.0,-30.0,408667
39.36089344579845,15.173758472131421,37.86097325361208,6.541028154546078,15.061153241493779,4.542368644225781,6.591978860979034,0.8085801532408612,1399.345785912857,0.49019607843137253,False,UNCLEAN_TAKEOFF,1146,114.60000000004345,1,742981.2457333556,1322.3834868670372,4653.542945632266,275.42313476335994,dry,0.9588315582276055,2.0278968834274993,3.4829364115863783,0.0,0.0,3.0089924914772395,1011.8002600409656,0.9520495836987539,64.10000000000326,2314.7040032287678,104.50000000003541,nan,186.40914504282995,1399.345785912857,2841.1728464437847,130.13898750095407,140.5501065010304,1829389590,0.03025482836796309,0.44665606001304387,0.8383797730725104,clean,131.7899152904405,11.663868829460093,26.16995776088112,16.961115015626177,25.816044449453255,36.030647863584804,40.000000000000036,4.999999999999998,0.0,-11.4599999999998,-29.31760181238718,-0.6164737492727234,-0.2731939759843187,0.0,-1.7686261503940834,-68.86895551000816,0.0,9.180939862629652,-77.71195070634366,-39.53735693603309,-3.337405002919038,-0.3600317829339811,0.0,-30.0,409813
34.6632960278568,12.20254163740774,34.52871644013227,7.963207788890177,15.075893060080562,4.532326379316739,8.008255147580186,0.809589010943651,1342.7979590336504,1.0,False,UNCLEAN_TAKEOFF,907,90.70000000002443,1,679525.9918565252,1324.5531234984694,4339.574366610241,308.8275874629227,dry,0.985346381328456,5.040937055327628,-0.7903664663757506,0.0,0.0,-2.9591925687162632,1013.6424613569914,0.9517159227298211,47.5999999999973,1686.7434358156804,85.80000000002053,nan,167.43241488695026,1342.7979590336504,4700.255508642407,123.06347881240022,132.90855711739223,428669385,0.06481993415262795,0.4678312399601565,1.1021293214481351,clean,103.36230430010907,13.511958939254765,18.074694533726387,13.878600188502643,25.981150343385483,30.11114811491823,39.999999999999986,4.999999999999998,0.0,-9.069999999999851,-15.006014925365712,-1.163045988881077,-1.1232694027382606,0.0,-3.974238574848698,-54.858931888732386,0.0,16.741878733261125,-71.01546370803996,-40.5567946891213,-4.784186473536102,-0.44649347403657036,0.0,-30.0,410720
7.227640479020991,15.789486899807779,34.28420621210988,15.693778707037378,14.832163400841456,5.345921851833369,6.762987597457799,0.8171540566197745,1366.2530729776668,0.6120689655172413,False,UNCLEAN_TAKEOFF,1178,117.800000000046,1,739289.5223451158,1322.7141838098999,4249.118472972303,470.9181276138125,dry,0.9955488141943382,0.7374502866243455,3.154333308604681,0.0,0.0,-0.6357908207272756,1011.7455672850798,0.9468894082426711,62.90000000000231,3174.494457036447,106.30000000003685,nan,153.58671265257692,1366.2530729776668,1955.0921339930796,129.00366951020962,139.32396307102638,298353508,0.015879714017989047,0.699759758150762,1.0034860210488197,clean,147.79118442684714,12.633084223937802,26.369038957282793,13.659442607335174,38.18332479599157,41.4969292654289,39.99999999999999,7.099999999999991,0.0,-11.779999999999793,-32.63163357185991,-7.544344087937486,-0.44511144868300206,0.0,-10.229847129569906,-71.4292041237114,0.0,11.221890893283067,-105.83682998825738,-52.416604799773175,-4.680370105539424,-4.233309435751841,0.0,-30.0,411898
29.602915083071462,14.777866692225096,41.05056216975117,8.157794630904109,16.107252547866754,3.1201863231176756,9.051391935903432,0.8068138460318252,1504.067933246408,0.3623853211009174,False,UNCLEAN_TAKEOFF,930,93.00000000002626,1,676002.5368950386,1322.9087396387758,4200.972210029323,202.20369002201295,dry,0.9997399778758205,0.8975493069437563,3.993519139104246,0.0,0.0,3.088002828726477,1012.167212312237,0.9511782540366203,52.69999999999701,2137.4503094445495,71.30000000000899,nan,173.0265811549847,1504.067933246408,5260.641759395608,124.12888083651052,134.05919130343136,839878378,0.02303860515533151,0.4639586937232635,1.234528633239657,clean,109.40347911393441,14.553673204904435,16.406522125233302,13.680115122475987,10.617205952142463,28.597981841356024,39.99999999999998,7.899999999999988,0.0,-9.299999999999846,-22.56648554389485,-1.3452931295684325,-1.4576730720196749,0.0,-4.031546498872573,-55.59934163994181,0.0,20.84609035632081,-63.87307998969834,-36.729742907793664,-6.5314857789039475,-0.9675040726019626,0.0,-30.0,412828
18.023833314836704,14.118913401565033,43.044035592720206,5.446013596849332,17.993661381586726,2.4274376366378916,7.110533338489067,0.8171387328438364,1561.60558300028,0.30434782608695654,False,UNCLEAN_TAKEOFF,1136,113.60000000004266,1,711004.2445941692,1325.562255429677,4735.412197772499,307.2510033726461,dry,0.9809391301919159,5.4371384389852,1.5401881641843427,0.0,0.0,-0.8992914070321403,1015.0587462442104,0.945941482260667,68.40000000000668,2095.5975051950018,90.70000000002443,nan,177.94066436038483,1561.60558300028,5714.420108104036,126.24722750346277,136.3470057037398,1511368430,0.024449322652730903,0.44047622340606907,0.7740164084693228,clean,118.62833800637249,13.383631880000294,22.167952311916476,16.03243665966336,14.29146054605102,35.43951977452428,40.000000000000014,6.999999999999991,0.0,-11.359999999999802,-25.16160677422822,-0.6380265526563976,-0.6328977122857532,0.0,-0.8797423602402615,-69.35613262178244,0.0,10.94267273234354,-69.85462592162075,-49.27961242635819,-2.2592512520032644,-0.4402829748586342,0.0,-30.0,413964
-51.31077527781032,19.56437857467463,49.330739268537364,14.152282808783433,43.35887984304103,16.32033191011414,8.748865420259163,0.7777712768514228,3081.676507474397,0.09545454545454546,False,UNSTABLE_AFTER_LIFTOFF,1084,108.40000000003852,1,697981.2040320259,1324.8194908555515,4313.261777093899,310.4596699946288,dry,0.9637340607660316,7.719082946368275,-3.14067759419178,0.0,0.0,1.7667312177207846,1013.8548881403159,0.904674500330821,48.29999999999726,1641.7013909698205,86.50000000002109,nan,76.93492478033184,3081.676507474397,2463.751363326896,125.73940213062495,135.79855430107494,643323833,0.0020833661981536134,0.5577183511953033,1.0360806937988818,clean,125.66925295299892,14.335311570096943,22.187968279102268,14.029607563223916,17.603092165207688,53.611700894010625,40.00000000000001,2.1000000000000005,0.0,-10.839999999999813,-46.101906818921734,-8.23444726067809,-0.7734184345243,-3.805750259751767,-11.148487373729566,-61.98867868778297,0.0,13.490215135508878,-82.94909795761434,-52.421550771977145,-4.463600110784847,-1.6109861621931698,0.0,-70.0,415048
31.858119211717586,18.825437746664424,37.86070985996098,9.149753514976359,18.598396297198953,9.072711073672805,11.408737191986189,0.7877862285351065,1149.0239152548866,1.0,False,UNCLEAN_TAKEOFF,1264,126.40000000004191,1,733562.2639955881,1328.2125813853756,4749.486859315938,253.2993959526244,dry,0.9989747718109692,0.5692757066072138,-0.806442280883068,0.0,0.0,2.073185651819273,1013.5699695145834,0.9595379730249378,51.79999999999706,1921.5610606441692,121.50000000004637,nan,155.97399337681364,1149.0239152548866,2212.4014755880835,128.99071896593847,139.30997648321355,1763305454,0.012829607871311778,0.3048113367178744,1.1901159916488786,clean,145.17387489841218,12.863135290659569,24.632116290366707,14.81308040174089,37.18307279155761,40.91414903576671,39.99999999999999,4.999999999999998,0.0,-12.639999999999775,-49.7731047145413,-3.4784298958014976,-2.8247174143552876,0.0,-21.91063469923755,-73.39691482628373,0.0,13.485864979131438,-68.79168048305274,-31.273004516070156,-7.278925958431762,-0.839761968143018,0.0,-30.0,416312
-169.01125259620613,30.86020505261223,112.54847783363502,30.336511725951546,20.41177077546968,8.719125034569284,16.3781991405809,0.7669875727700635,1276.245494422296,0.0,False,TIMEOUT,1801,180.09999999999306,1,754945.9240319958,1324.114585461031,4246.828925454138,408.94903490915055,dry,0.9727706973397022,1.3236320154229295,-2.130548762136128,0.0,0.0,-1.0433901250344046,1014.7332254629226,0.9510968512665219,80.30000000001615,4028.42980233144,144.90000000002507,nan,145.8121209411161,1276.245494422296,1942.336389442938,130.07815391260334,140.48440622561162,44846461,2.3527316579633382e-11,1.2181624279070427,2.4683567439618983,clean,232.03567253423475,16.941388498619347,37.867463161142865,16.327776414175574,51.87338428624312,58.5541542543275,39.99999999999999,0.0,0.0,-18.010000000000016,-118.70006669242608,-59.14639498185597,-6.935423516874335,0.0,-32.49629384461293,-101.13986668338993,0.0,19.1997275073588,-167.49496013290542,-93.6233655917487,-24.107680902215737,-10.156766906275283,0.0,-10.0,418113
18.48922987733681,23.047305196119794,43.71267211069866,9.122280017941707,18.982072794477016,5.685853894799715,9.210936257452746,0.7762233945970656,2220.792422674313,0.22807017543859648,False,UNCLEAN_TAKEOFF,1131,113.10000000004226,1,710194.9111415821,1326.0724234840638,4768.3642329747545,292.63607287122517,dry,0.9552306475449747,7.941052678962156,-1.4883376495132326,0.0,0.0,1.5936983197259513,1010.4075301848443,0.9285415593893579,46.69999999999735,2006.8628246557348,84.70000000001966,nan,172.59678694072574,2220.792422674313,4623.580380856738,127.01303033121145,137.1740727577084,2108460267,0.0021609313845209585,0.3425337641243964,0.7723169555504387,clean,150.05964474351578,15.332355265003427,20.682374040890654,12.498618500020411,18.530513555869994,53.304399431851465,40.00000000000002,6.499999999999993,0.0,-11.309999999999803,-66.75140345158839,-3.4105818391950984,-1.8925841393785166,0.0,-12.06705532104756,-64.40229273603116,0.0,18.277282130007627,-86.96392124944057,-37.50218877524937,-1.9431861006381324,-0.45274417725216287,0.0,-30.0,419244
105.29342480925771,6.627173634910102,17.53327938970375,6.211828018345705,18.45560276275628,8.806061888284637,9.015559162427158,0.7859271145363046,1391.829291258208,0.7555555555555555,False,UNCLEAN_TAKEOFF,817,81.70000000001727,1,672105.3078417662,1330.6953073450584,4624.777766946558,339.53449111783044,dry,0.9958379942543679,1.1499178612489214,-3.482190757453504,0.0,0.0,-1.2146559947198723,1010.3393623850125,0.949746414578581,41.199999999997665,1513.472677238735,72.80000000001019,nan,162.55855016174092,1391.829291258208,2122.4959325113646,122.96395876309595,132.80107546414362,101210932,0.46279043010729715,0.16566439750948234,0.7858228095973205,clean,93.15687198368408,12.720005892405108,16.565982635218237,12.781955161662284,17.50543397485696,35.5736887710356,39.999999999999986,6.799999999999992,0.0,-8.16999999999987,-3.986908291820142,-0.5493891991429212,-1.0887885855446457,0.0,-6.126401546380275,-47.483487324088145,0.0,8.698108028139476,-32.94496831585615,-6.223219248863955,-1.7335157722662402,-0.20194335378141337,0.0,-30.0,420061
21.78600712386301,17.205745857856577,60.341135385085614,14.077738416234519,20.971451388512936,5.803867272195991,20.169911989390712,0.7545398794194695,3305.782711572858,0.07236842105263158,False,UNCLEAN_TAKEOFF,1767,176.69999999999615,1,695589.4751412879,1326.917497053796,4451.447038616768,290.53362418417817,dry,0.9984072815734123,5.467033751902807,-1.2944734455308953,0.0,0.0,4.05783827192806,1013.5655494082425,0.8999537237760552,41.899999999997625,1591.305622534532,100.80000000003247,nan,184.7598899484816,3305.782711572858,6513.141243309559,126.03677982088018,136.11972220655062,1812026434,0.0007636193084280863,0.7619403297135015,1.225332672555527,clean,277.8269875040542,22.54493767718184,35.2091254738856,12.883871947954637,32.12051306028351,96.40990462497757,40.0,5.4999999999999964,0.0,-17.669999999999963,-58.09156807835929,-8.870411396855571,-8.817651087887214,0.0,-18.61939160765004,-96.72856530835861,0.0,23.966106387799385,-173.76999525312488,-97.77634633077216,-11.23049399964738,-3.1010164896161134,0.0,-30.0,421828
-27.08782923062894,16.920141262245757,43.06897333250191,9.988396671313069,19.861134866025292,11.20425504188349,10.721607106021793,0.7445526648457236,2518.5448972543672,0.13493530499075784,False,UNCLEAN_TAKEOFF,1367,136.70000000003253,1,717150.9994157891,1323.2141943656507,4686.45270556345,185.07828649106145,dry,0.9724727268378138,7.287781165453889,-3.2351843713855626,0.0,0.0,4.70018334985475,1011.6397779885535,0.9373278435372567,38.69999999999781,1389.0039434085456,82.70000000001806,nan,158.76790126453784,2033.775194413655,2534.4395098247196,128.23775089665142,138.49677096838354,7592669,0.010521804723666948,0.5056793967717906,1.388599649408816,clean,183.2007220992253,16.661826595142255,26.971221437844658,12.403720478252009,18.964824905228493,62.57899089336466,39.999999999999964,7.29999999999999,0.0,-13.669999999999753,-43.484449279673164,-2.663845758978153,-2.5592599928175077,-0.44517365560776717,-19.601154036520803,-73.48954475167038,0.0,17.53664622983632,-137.11895143447623,-76.36065716017109,-11.4819658401449,-1.8307799594598506,0.0,-30.0,423195
41.455742500978715,9.434566840801521,32.15619799314028,11.182122084264359,17.21807878017941,4.527627217683069,14.37509209553056,0.79465461782112,1249.1544787002417,0.18518518518518517,False,UNCLEAN_TAKEOFF,1044,104.40000000003533,1,694028.2686287578,1322.0375498990027,4563.8075246768685,305.1243258112216,dry,0.9886896627639902,2.867862326365856,-0.64977276534648,0.0,0.0,4.018631612086414,1012.6643251147872,0.9555635289149159,57.79999999999825,2903.556875471138,77.50000000001393,nan,176.58985725369516,1249.1544787002417,3987.348018617481,125.94281762860909,136.01824303889782,910761742,0.0977959652842349,0.49520472592873915,1.2232765826598953,clean,130.63471727746395,19.69385373941753,18.781774818685356,12.989651344341706,24.17804946823603,29.705180911564092,40.000000000000014,4.999999999999998,0.0,-10.439999999999822,-10.325281970931998,-4.480713868847275,-4.738630663449987,0.0,-15.78574721444236,-61.37279669743989,0.0,20.670452721317556,-75.98984554823734,-39.635455688034654,-6.88123784928794,-0.5482282793748691,0.0,-30.0,424239
52.68620432438655,8.317371762562253,23.77966719051287,7.826384533453101,20.00690671580433,5.147130918674268,10.735990991898179,0.779886620761083,1299.9864836954096,0.19607843137254902,False,UNCLEAN_TAKEOFF,1065,106.500000000037,1,754454.5630455746,1323.0759780927995,4729.263869598898,372.26334486474275,dry,0.9685099171357936,0.37415500454342254,-3.7838691284963293,0.0,0.0,-0.6382675103919562,1015.1674225743564,0.9515248957007983,62.50000000000199,3339.306028154649,81.10000000001679,nan,166.15700658377523,1299.9864836954096,4270.307490934987,130.09969593491928,140.50767160971284,664542660,0.23004470454954815,0.45567595404725314,0.9943287255199851,clean,137.04031030640462,18.36831306655233,21.24871575201395,13.335326977393231,21.022783284791984,27.54850369398804,39.999999999999986,4.999999999999998,0.0,-10.649999999999817,-8.186142976005696,-1.3804173882066868,-2.5542815339182723,0.0,-11.853579418527733,-61.22539739040682,0.0,19.301050466728917,-78.07646170680891,-41.366990903641685,-4.329822300040579,-0.5557056059289879,0.0,-30.0,425304
31.680007903466652,12.389233770069547,35.601460096942205,11.440309600708611,18.045843586626965,5.655952858714592,13.989419240936419,0.7773780419167373,1399.056022232553,0.5747126436781609,False,UNCLEAN_TAKEOFF,926,92.60000000002594,1,713739.7128269951,1324.5852548830246,4445.77347960104,437.1007346749025,dry,0.9810607387323131,7.7886562766260745,-1.3690085848294427,0.0,0.0,1.9202650200531277,1011.2367162350545,0.9473713119920655,43.999999999997506,1597.1696309785052,84.0000000000191,nan,172.059692019191,1399.056022232553,4044.2099527467767,127.3491085156713,137.537037196925,2103865480,0.05129163071222981,0.41086285547761836,1.2036839300125959,clean,111.55255480826267,15.053210271612276,18.226295443683313,13.907746061790526,17.393226013619543,37.69572126843028,40.00000000000004,4.999999999999998,0.0,-9.259999999999847,-15.792735890792633,-4.2904917312225255,-5.34081257411358,0.0,-13.274647172475596,-52.75014188970366,0.0,15.526150082482914,-72.69539202925505,-32.97876665923171,-5.489567128958322,-0.8023409706609381,0.0,-30.0,426230
-152.07575251795703,17.83262847457913,91.75390511626759,60.569151700743525,32.157848490058505,6.1116998531614986,30.469435799563477,0.7806959876827168,1122.7463999685,0.0,False,LOSS_OF_CONTROL,731,73.10000000001043,1,669910.9199648242,1330.0511013104185,4775.2587358674655,328.20011558207,dry,0.972239162518509,0.292058416667051,-2.986434254092407,0.0,0.0,1.0320484070231961,1013.0021675124416,0.9869566734091864,41.79999999999763,1479.1799487521785,56.99999999999761,nan,178.97526751705877,108.38593466772625,-8049.764935126014,123.08065344823453,132.9271057240933,1406364328,3.1981034255063026e-12,2.394651782097125,1.5918252570415252,clean,69.2816482525953,12.394070327337156,12.485833568720416,12.949055342965151,9.346357876637516,17.039940319300868,4.335437386709051,0.0,0.0,-7.309999999999889,-23.856868351193732,-28.83048817710225,-9.812071329471443,0.0,-4.7864308110593035,-42.118881428188345,0.0,11.70668685474595,-48.48390329417649,-40.913776962857575,-9.145523882232157,-6.35683821068658,0.0,-80.0,426961
374.8345477452634,4.274015992448428,9.951083380392344,4.870070947482697,15.271699981579403,4.258145383587466,8.542022260660891,0.7970691546702112,1235.8500981406614,1.0,True,SUCCESS,779,77.90000000001424,1,703753.9685103983,1323.276778445117,4680.958460886026,315.71570194106755,dry,0.9671557575955492,4.937098961457737,1.1569889081089189,0.0,0.0,2.679063310852934,1010.8966495342534,0.9554395725417477,44.199999999997495,1491.496780071196,73.00000000001035,72.90000000001424,149.52948226759753,1235.8500981406614,2456.5958764924408,126.64170221692969,136.77303839428407,2091615581,0.7072579655234051,0.22401663109726097,0.7356390630813119,clean,84.659160474642,16.44497394817384,15.378264845496183,13.970312297769484,21.223975155066952,28.897012710206887,40.00000000000003,4.999999999999998,128.36111111110716,-7.789999999999878,-1.5811287440206818,-0.2630625262830926,-0.5831605216391083,0.0,-2.990069621690332,-45.829934033220276,0.0,16.587830713801573,-28.69864010143649,-12.436649185765216,-1.3620163659325417,-0.24212723952357282,106.08869482851077,0.0,427740
41.410773761993454,18.047059486536238,46.2279055572561,10.345471382054674,16.49056706771233,6.452509433675191,9.678527799455152,0.8035305245516167,1114.8828065637488,1.0,False,UNCLEAN_TAKEOFF,1027,102.70000000003398,1,765976.1467396892,1329.7497290669037,4432.458522912995,74.45341718642867,dry,0.9979710764355874,7.95602905672047,2.769978081987029,0.0,0.0,0.09865114677634867,1015.9875034442704,0.9653185873479068,48.99999999999722,1842.003245769121,97.80000000003008,nan,156.9267174210993,1114.8828065637488,1718.61144391657,131.20423962153544,141.70057879125827,890259339,0.00630889429430433,0.4024634351473474,0.8607613403407862,clean,119.50523899530464,16.334614981653967,23.9134486236506,15.434575252977261,26.628828471479583,37.141672208085375,39.99999999999996,4.999999999999998,0.0,-10.269999999999825,-37.16557308061817,-1.9625156083582669,-0.7264787760171924,0.0,-2.939695290496584,-61.014884057222275,0.0,21.372741010887793,-80.072606847113,-36.66626277374088,-2.6474863403437783,-0.4548430081347372,0.0,-30.0,428767
-45.49820252465535,22.67967233494702,76.2196033371912,11.329650725651526,22.73104887221794,8.519421934704955,14.291638190703607,0.7373011486907137,2853.823530060093,0.0729559748427673,False,TIMEOUT,1801,180.09999999999306,1,701676.3910898888,1324.3237495347832,4604.337698184082,467.967725684692,dry,0.9610614054772328,5.345931336593678,1.6223217261026588,0.0,0.0,0.06317216813976056,1010.4800145723599,0.9132231263835258,47.699999999997296,2167.390182449325,100.70000000003239,nan,194.63878451751222,2589.6755897161565,-851.7323473989895,125.91059257759204,135.9834399837994,1081638075,2.1094655171186114e-05,0.6470484397671257,1.1670522168990036,clean,245.27501813279474,15.781292489756238,34.934517191377175,12.090493823968988,41.42282554652542,81.15503490263893,40.00000000000003,5.799999999999995,0.0,-18.010000000000016,-95.128165572776,-5.801304930410528,-7.559621664621392,0.0,-19.818361818705807,-95.88371051461336,0.0,14.574585795396969,-169.4446344995827,-100.59145643867522,-10.101670600385635,-4.193044367340685,0.0,-10.0,430568
6.760232072178422,20.47571276997372,46.09534363955486,12.474079134284382,17.09825384771452,7.664616156642392,10.366592355708732,0.7943989833617392,1248.5068375193262,1.0,False,UNCLEAN_TAKEOFF,943,94.3000000000273,1,740625.3129477971,1331.361923386601,4561.854283155347,332.97071130616564,dry,0.968984141758117,7.159681848908851,-1.9115558095287013,0.0,0.0,1.4946271799928992,1012.9765065916838,0.9544316852496166,42.19999999999761,1609.4264464267294,89.4000000000234,nan,155.919402938394,1248.5068375193262,2925.1228923201634,129.51889026616035,139.88040148745318,1078627882,0.002988123356931521,0.38954318446548775,0.786672445484728,clean,112.96751169356854,12.80556026029864,16.894102457667028,13.560075440106768,23.198946711892823,35.71519611274873,40.00000000000002,4.999999999999998,0.0,-9.429999999999843,-43.92858767471919,-3.661223659090948,-2.4012543066279286,0.0,-15.653231084467633,-55.382794615254824,0.0,11.676672896676736,-69.12699861644198,-32.72401970494606,-2.1239347115908984,-0.6257891276404363,0.0,-30.0,431511
-238.02500303691144,84.80989684688497,311.51566343998417,29.071725621264374,21.13571414616856,11.891569902739034,18.93164159830487,0.7435577268316287,1760.848543898937,0.019498607242339833,False,TIMEOUT,1801,180.09999999999306,1,679267.3466690297,1329.327056062107,4255.749540350655,281.21159733209765,dry,0.9920945307843485,1.4008727579941862,-2.971773344531172,0.0,0.0,3.881947033220909,1012.0630189373082,0.9516299595271566,37.79999999999786,1347.286744758832,72.50000000000995,nan,170.6085478631073,1413.3788499633013,794.8990387201175,124.60416528181491,134.5724985043601,1618014120,2.9703285281756227e-71,1.5836878652653519,1.5047619805477195,clean,254.19794331033006,14.803291475557598,34.83282808556013,11.628390135998007,28.038082680032588,68.99430771809044,39.999999999999936,2.1000000000000005,0.0,-18.010000000000016,-210.74266375002662,-38.691334990374166,-15.075832953480958,-1.006548731007164,-28.827451898969123,-97.35428715793675,0.0,18.692542715881352,-156.47405188995447,-108.83016300628171,-16.36507106747591,-9.934983712851553,0.0,-10.0,433312
-8.835030240221712,16.22639277194677,40.47955721556631,8.474941921355702,24.407414500682965,4.212392222647383,11.29056718361033,0.7741808321050365,1612.985627867533,0.11627906976744186,False,UNCLEAN_TAKEOFF,1055,105.50000000003621,1,688505.243772147,1323.2400983145496,4389.047443473243,365.65236906094555,dry,0.9792028476107917,3.6391697258600546,1.8329659170661574,0.0,0.0,-2.500286910469108,1013.3956629427449,0.9479110410100423,34.39999999999805,1234.9557652803937,62.60000000000207,nan,156.1092189544814,1422.8619263860746,2926.187007220934,123.98860928398108,133.90769802669956,1093393903,0.016339897786558075,0.5343033022318919,1.1986447608221913,clean,133.62985553202932,12.980531175922385,18.128360033911765,10.688144802138188,25.233856588208432,43.97367787325533,40.0,4.999999999999998,0.0,-10.54999999999982,-30.864121402323136,-1.5715145689908019,-3.783468657777632,0.0,-18.422212983396573,-59.672258015785,0.0,17.26921220876332,-93.92220976437841,-59.923221408601634,-6.2873860932655505,-0.7422755599297431,0.0,-30.0,434367
-99.1400812955583,20.630141124366073,70.03086014444548,48.33144609411955,28.097934452755357,10.936494431659971,18.82638525147631,0.7712778980380921,1936.6075653886937,0.0,False,LOSS_OF_CONTROL,815,81.50000000001711,1,672034.6862638281,1323.7869165935067,4464.824437460486,97.63426629597404,dry,0.9851920359622839,5.455454105089896,-2.14677370366621,0.0,0.0,4.305845483213561,1015.3842309646951,0.9654157760428015,43.69999999999752,1963.497130927697,58.599999999998886,nan,164.17875194210222,1105.444551034418,-9583.891003631263,123.82592408452045,133.7319980112821,1962451447,1.2396515880750671e-07,1.287875440723783,1.085599921929591,clean,90.66833168817766,13.792575245952825,13.467739439603214,10.988842835579284,9.751943884567737,25.909066450866828,39.99999999999999,0.0,0.0,-8.14999999999987,-34.637444566398344,-18.116769207355645,-7.562933949031361,-0.07344984773047891,-24.490532992373762,-46.29234555190868,0.0,23.047086929613865,-55.59853617924534,-42.92807020771335,-3.7796647496390903,-5.13592051852268,0.0,-80.0,435182
98.5002887516834,24.001621352720292,103.71327307230489,11.147158940375247,15.947939555748723,5.021219743586013,13.335477218401147,0.7453096749251713,3320.836260984798,0.05682951146560319,False,TIMEOUT,1801,180.09999999999306,1,763453.5463797024,1323.2734872224019,4383.501525795925,343.52281214900216,dry,0.9856271173538891,6.992552341259371,-0.5986125571003735,0.0,0.0,2.705778209802239,1013.6396907527638,0.8976961685423446,50.899999999997114,2325.9894850791,79.90000000001584,nan,199.87713502055976,3320.836260984798,1770.0103098472296,131.73134914814767,142.2698570799995,412216003,6.842981051451188e-08,0.48442293999421177,0.9445305761567,clean,286.85227851891904,18.692586702197577,38.0769761092432,13.778742845934802,27.185480724977076,101.8414791716599,39.999999999999986,5.699999999999996,0.0,-18.010000000000016,-91.49092635250673,-3.9972680765976096,-4.661757797645209,0.0,-7.160804545432922,-97.08316082517099,0.0,21.171743140200746,-148.10856094292512,-67.20735096804349,-6.004182804944214,-1.0749861481810392,0.0,-10.0,436983
58.73830871740476,19.678251259464417,47.467411362183846,5.298165378762472,15.49906065663513,5.618005356676162,8.791508669267783,0.792495792050433,2182.485561453464,0.16,False,UNCLEAN_TAKEOFF,1235,123.50000000004455,1,713645.8125957539,1330.797281007511,4217.2449543881685,275.0132546380692,dry,0.9726301911306717,1.508484293639401,3.791048376686826,0.0,0.0,-0.021995376749483597,1012.4518450325822,0.9297065332167574,66.60000000000525,3630.943113956487,86.10000000002077,nan,159.30294544136237,2182.485561453464,2387.6731933702004,126.83750656427362,136.98450708941553,1022518050,0.004502479139449427,0.3745970878472026,0.9410631063841035,clean,159.01003967261096,17.680995116231628,24.757462902876306,12.66954676957472,28.108412480499556,50.02640941920199,40.00000000000001,5.999999999999995,0.0,-12.349999999999781,-53.13705135542308,-0.31576151493325444,-1.4721750881518607,0.0,-5.154996219762421,-72.25403959806503,0.0,33.2337185668784,-94.1363237273463,-39.82045116096102,-3.7907864938849682,-0.3166910519391058,0.0,-30.0,438218
-48.818274272982634,27.226729802817157,64.33486857443157,7.452241760533406,31.63882202661229,16.262335165805556,12.400484311993074,0.7869944255853595,2100.402464377854,0.0,False,UNSTABLE_AFTER_LIFTOFF,797,79.70000000001568,1,715558.3462754729,1325.4815727998998,4340.8573984055865,163.57847053817065,dry,0.9970014928004055,2.388827970630137,1.0705677228726023,0.0,0.0,-2.8882943908386434,1014.3203017106978,0.9344327939342828,45.69999999999741,2002.0949103816126,65.50000000000438,nan,97.40670700917511,2100.402464377854,2690.541639248133,126.25758885096829,136.35819595904576,529894209,4.39162870382358e-05,0.38424394579750953,0.8479496916600407,clean,88.4745372737821,14.298514073207706,15.030147492486817,12.067412132671883,12.238060839113587,32.92532613696275,39.999999999999986,0.0,0.0,-7.9699999999998745,-63.57226345208155,-0.4457863407669966,-2.6564871200524154,-3.795522801177608,-10.783025871908245,-46.39951757431517,0.0,23.087058048230407,-58.80898022493929,-20.259927589981395,-1.9148887343973078,-0.3329305598169779,0.0,-70.0,439015
-0.5613277590853585,9.158864388712873,30.244068801311503,5.058960821568322,-1.2992438122443193,-1.5676627108174646,6.124664476914654,0.852533899751397,7.344705167156718,0.0,False,RUNWAY_EXCURSION,705,70.50000000000836,1,742292.2747641833,1324.7611577362547,4296.181178256951,227.47715754653126,dry,0.9942497544489318,6.383171054474895,3.834738931112727,0.0,0.0,-1.1837763267144297,1013.0443694453313,0.9928707424096913,nan,nan,nan,nan,150.7295333252947,3.4508515088028844,16.146734038442503,129.05933273490976,139.38407935370256,1854966827,0.18552729448736183,0.1473085285889926,0.5487468975649817,clean,78.28821592362964,14.620068500208298,15.640432235170767,12.241936909910555,6.950227204202277,0.0,0.1380340603521154,0.0,0.0,-7.049999999999894,-6.570975756448574,-0.1600706383559312,-0.1665342044302433,0.0,-0.37687988796158844,-45.4429631226149,0.0,26.707790256661397,-30.938034911024555,-3.98327872484442,-0.4080918753603576,-0.05120372817958064,0.0,-60.0,439720
-62.37760140897498,34.060231285449746,71.94505093467048,8.32352738568613,37.33265094983587,16.127850974762367,10.786099795429612,0.7496574921930073,2813.5172838407993,0.0,False,UNSTABLE_AFTER_LIFTOFF,908,90.80000000002451,1,677064.2802507711,1331.2089177340076,4790.072877333895,184.6084794343738,dry,0.9955205171930289,6.840748088286987,-1.59398570545802,0.0,0.0,0.011864557451437996,1012.5745224355513,0.9148316840092402,42.799999999997574,1891.892103922756,68.40000000000668,nan,98.8249215026506,2813.5172838407993,3751.4296850217484,123.54366854870325,133.4271620325995,294976779,7.496213141621684e-07,0.3507675515817009,0.6891089025387673,clean,111.40386183322957,14.827431472300459,14.884571218909878,10.624267603415758,18.281391670674047,45.02350160025935,40.000000000000014,0.0,0.0,-9.07999999999985,-102.89048167994703,-1.3277630489883905,-2.986832037217706,-3.7335672853407336,-13.402108790232448,-49.342925400343184,0.0,31.032246348882047,-66.86583804551078,-27.07162513185626,-1.063508381431624,-0.6902233557771003,0.0,-70.0,440628
25.132874131403135,9.406268245829507,19.83723956787676,3.1363705457722637,-1.179077123503696,-1.1837538902763773,3.1202630963506865,0.8547632659197989,5.559128387738895,0.0,False,FAILED_ROTATION,771,77.10000000001361,1,724761.2959869005,1329.378983620294,4290.264363965449,274.63912691928795,dry,0.9535296547601071,2.4444854847793707,-2.3657700333164304,0.0,0.0,1.6415424324344077,1015.0036835874623,0.9916180384414819,nan,nan,nan,nan,138.89564361992078,2.1678372097490524,2.7249418243231105,128.02869763700915,138.2709934479699,1506607022,0.33604523284893834,0.11936346117593094,0.2902474254076177,clean,84.81859342404326,13.511498320520886,19.352452469242493,12.705269389138921,7.498716778985493,0.0,0.08671348838996223,0.0,0.0,-7.70999999999988,-7.579605251437542,-9.168467792707907e-05,-3.298570249615246e-05,0.0,-0.0148499033276391,-49.98688184569213,0.0,20.472353759882473,-15.532274370242018,-2.464434284508041,-0.024001524741005,-0.0005516484712218056,0.0,-50.0,441399
72.61272571103822,21.439231846487402,48.18804664067,4.7227002457967275,13.015951590327361,2.5066810844914955,6.3220407267128165,0.8011534627390445,1434.2865614482744,0.8255813953488372,False,UNCLEAN_TAKEOFF,782,78.20000000001448,1,730182.7911493226,1323.2977233019894,4653.433596190842,448.3624268839977,dry,0.9538853112556606,7.623591504158394,-2.6931039721745615,0.0,0.0,-2.5124351755170036,1010.628293266443,0.9452448495998838,43.09999999999756,1852.5170370090011,69.70000000000772,nan,150.82019002600575,1434.2865614482744,2752.075262504292,127.85818012048027,138.0868345301187,1958199453,0.0026597234657418437,0.31894629021911863,0.5122309514010349,clean,92.55596411113112,14.39556816394413,17.28083473754869,11.94972080310716,27.02980395509415,32.35129740010188,40.000000000000014,7.099999999999991,0.0,-7.819999999999878,-39.93766642388202,-0.06343345451876617,-0.23135403586341582,0.0,-0.9915036149465543,-46.27414374243148,0.0,26.21641029722145,-50.33453939359518,-20.234896484537067,-0.3129486176592307,-0.06638798967596928,0.0,-30.0,442181
-44.3689687200789,14.525103035741585,24.69924923453302,15.775863925100557,12.409695941187756,9.135451288098805,8.719872966767172,0.769965452835268,738.7469239846938,0.0,False,CRASH,1116,111.60000000004106,1,683081.4692174146,1322.2689676818652,4363.779849983538,471.75182002022336,dry,0.9578259472528002,2.4117311389874967,-1.5753150523657178,0.0,0.0,1.8892323686173338,1011.3309476707916,0.985837746233964,62.40000000000191,3381.7478145398377,nan,nan,140.80014395526635,5.407334982600332,-2610.04219321207,124.57152009884994,134.53724170675795,631197532,0.0531374191695821,0.41196278621527815,0.8461697255491416,clean,132.3865589582722,11.955740326687401,26.33800660193487,11.820261771665828,32.70851088804671,25.85871309143094,0.21629339930398353,0.0,0.0,-11.159999999999807,-26.16134865666477,-5.546337978656043,-0.5807424535183462,0.0,-8.128407745199477,-63.61983532594987,0.0,19.114185381212145,-57.33053112358408,-28.004106107330077,-3.049720078177418,-1.1862096695526887,0.0,-100.0,443297
87.37306568288565,17.32410481057795,31.271835077056554,5.784690305655086,15.910893650404327,9.179714180273217,6.658512590994017,0.7853216550877832,1529.6372324528154,0.1953125,False,UNCLEAN_TAKEOFF,1464,146.4000000000237,1,732546.5708774896,1324.5200722002685,4711.297551453501,184.76374108704968,dry,0.950445736619175,1.2433570469958841,-3.3931330535052884,0.0,0.0,2.961496337056275,1015.9098077936636,0.9509401388630867,63.600000000002865,3596.915664704652,120.90000000004692,nan,155.05092569964705,1529.6372324528154,1626.3241064863978,128.94975127644722,139.265731378563,599538113,0.03530051553394391,0.2990253231118988,0.6683104036303698,clean,189.85672879126074,16.715956612923502,33.887106739116845,12.19348157057798,37.20975382769489,57.38799046212114,39.99999999999997,4.999999999999998,0.0,-14.639999999999732,-48.82026948469677,-0.674359155564389,-0.36429004130218023,0.0,-2.174298806320279,-84.08479222882582,0.0,30.834249963492383,-112.804271392634,-40.288292143517175,-1.4295385971362715,-0.43209043430382266,0.0,-30.0,444761
-33.940227315159476,24.622282956440404,50.47800737534201,10.413903030166997,14.464495603753953,4.873854570238653,10.832420568290356,0.7513968568729908,3610.3879599534357,0.09697732997481108,False,UNCLEAN_TAKEOFF,1517,151.7000000000189,1,755004.5012699051,1329.7677013497064,4695.635422631479,389.2954035311481,dry,0.9766663752158331,6.10810327855675,-1.239220651019235,0.0,0.0,-2.370835888027984,1010.3814869238525,0.8868922575037326,45.399999999997426,1954.93853323677,72.40000000000987,nan,161.3045265045576,3610.3879599534357,3062.7124413039314,130.06131730608615,140.46622269057306,1648520696,0.0005613189618601039,0.4157372185014096,0.833872180380969,clean,210.68144961443372,16.076466144199014,25.05499017100365,12.85660329342796,18.112351129386656,88.44430500625194,40.0,7.699999999999989,0.0,-15.169999999999721,-102.18795476514477,-6.253092723034661,-4.580005170983396,0.0,-14.9313056688803,-82.13677389459136,0.0,15.587426515007373,-143.6964308926032,-64.42628158033065,-3.42946840588203,-1.6425060874182982,0.0,-30.0,446278
-29.935012051750782,15.559190980199876,39.30748769809821,24.288431778304087,16.98353101184876,11.474333368544109,11.145307216895521,0.745858048608996,2828.685128473645,0.05687693898655636,False,UNCLEAN_TAKEOFF,1658,165.80000000000607,1,752220.7091111555,1328.3162325046458,4484.7099326932475,220.25360826566447,dry,0.9659717463711391,6.717386252964861,-2.2173487821321705,0.0,0.0,4.906860628312811,1012.1496336893158,0.9148524870770229,44.0999999999975,1872.4846606862548,69.20000000000732,nan,157.69047066897846,2828.685128473645,1196.138348212441,131.3490739858498,141.85699990471778,1269833621,0.0038486306917157437,0.829032245489488,0.7621269994681025,clean,220.02460929029408,15.590047685901531,32.962197417625624,13.225254505261967,18.07332362584559,73.60583609540123,39.99999999999998,5.4999999999999964,0.0,-16.579999999999792,-44.59806743587948,-28.872245867775074,-2.8907212544984464,-0.6159876606067441,-21.66620539579448,-88.82543628063827,0.0,19.934163467399543,-142.72163334996938,-82.24700309291659,-2.7767747482285734,-7.056369053170486,0.0,-30.0,447936
-91.82066564326355,33.252644068290145,118.09607614545985,28.520396634189694,20.591816498663125,3.3000524133030944,11.455555851842114,0.7210359604032568,5280.671486083276,0.1676300578034682,False,TIMEOUT,1801,180.09999999999306,1,755636.24765872,1322.6428794354574,4607.342379995814,410.749816482605,dry,0.9924750049797771,3.5525078736165776,2.742418685373125,0.0,0.0,1.7685045275395384,1011.3761755536332,0.8443829616544933,42.19999999999761,1755.242555868415,76.40000000001305,nan,130.94742381424683,5280.671486083276,2371.6540945395404,130.99019449280158,141.46941005222573,1225536244,6.42014370926204e-12,0.7503298811957377,0.9873378032840104,clean,302.3559801084809,13.89639592263833,32.579725384422474,12.961948626482215,21.463946146584274,120.38094298890859,39.99999999999998,17.399999999999977,0.0,-18.010000000000016,-153.7028417256029,-29.13070848658902,-5.522603659131972,0.0,-16.95481538577238,-93.05295364879599,0.0,23.074879787295373,-216.9945341201201,-121.6183951201183,-6.583889100856403,-4.363743361087429,0.0,-10.0,449737
-12.332273507594252,12.139442694350654,30.047857000047184,1.3064272182796495,-0.7885236549747681,-0.7944712893302533,1.9506852489349586,0.8390418914477468,2.27066510972719,0.0,False,RUNWAY_EXCURSION,734,73.40000000001066,1,746058.5561367428,1323.2048651262692,4281.299320547162,457.5787899203865,dry,0.9988002358405763,3.6039320829134347,-2.9819161569302146,0.0,0.0,0.16219740059399967,1013.5731846211077,0.9862717995173458,nan,nan,nan,nan,135.2742341011005,2.196971290577892,1.6214396847815848,129.6555753985093,140.02802143039006,1898703231,0.12920039746261447,0.12472065183814049,0.23370420960082294,clean,77.70717885346622,11.201295405955406,18.972119819383074,13.378219054224491,5.853113946656213,0.0,0.08787885162311565,0.0,0.0,-7.339999999999888,-12.018521621577428,0.0,0.0,0.0,0.0,-46.279149201700776,0.0,18.93391420480384,-30.219301680963298,-2.606250654674769,-0.0027704847902071932,0.0,0.0,-60.0,450471
51.29870865375571,12.106821611221672,33.52176513271998,6.940320265307094,9.741090890658763,3.9662811694443056,6.20430387674874,0.7888796482491931,1344.3396387112232,1.0,False,UNCLEAN_TAKEOFF,711,71.10000000000883,1,688926.2528385412,1331.5859445847132,4733.64458296759,92.86460767661924,dry,0.958361490448197,2.897375739623163,-1.2892608021207352,0.0,0.0,1.5773295977938986,1013.6210493695337,0.9584803412300165,38.09999999999784,1502.4978975839645,66.20000000000493,nan,164.47504369808073,1344.3396387112232,3825.0732705715527,124.89471920709406,134.8862967436616,201530931,0.07498754835783422,0.4511817590695244,0.6909165641155892,clean,85.86616856218632,9.191468009814916,15.34113181839394,11.17148177064857,19.267446696824123,30.16013063957985,40.0,4.999999999999998,0.0,-7.109999999999893,-11.579435232549585,-0.7640635244310798,-0.18614440011723504,0.0,-1.070254020892884,-41.198115546634696,0.0,16.334074807602768,-60.20339002292084,-27.45556955916598,-1.0083472982610289,-0.45787404632083956,0.0,-30.0,451182
50.481145113989065,15.140146319231937,32.68850638008395,5.710788105670685,6.666873828350463,2.3146841378436545,8.158106715201146,0.778851810419504,1303.418354592264,1.0,False,UNCLEAN_TAKEOFF,710,71.00000000000875,1,674055.9860104376,1330.084136281059,4787.815836494832,322.3859198956472,dry,0.9788453878708017,6.2702399730279375,3.931095882803593,0.0,0.0,-2.45179853972825,1012.405767776597,0.9525317163789546,41.199999999997665,1751.299377359261,66.10000000000485,nan,173.53070824865523,1303.418354592264,3707.445950285691,122.75105119754964,132.57113529335362,586415634,0.04845332147307806,0.40807247766292115,0.7516669003158586,clean,86.60566022865896,9.393332414438893,15.180039720226864,10.895877001610137,14.550166145280775,27.86139614522336,39.999999999999986,4.999999999999998,0.0,-7.099999999999893,-18.08322907812269,-0.4889688105489319,-0.3850613174095029,0.0,-0.8320852169949562,-40.72731167902661,0.0,16.79689336425257,-51.81867543564057,-23.989734012311246,-1.4688357743906917,-0.9083185812567148,0.0,-30.0,451892
8.713864438113305,9.58701376462251,30.052274819598733,2.2765778744432157,-0.49524766393136066,-0.7052631049653495,3.4557595756689854,0.8600171409902121,3.1893634841522385,0.0,False,RUNWAY_EXCURSION,770,77.00000000001353,1,752332.5355074487,1331.188034875251,4485.523909435157,345.9420985742471,dry,0.9564741327086301,6.124554063613124,-0.15763400295010932,0.0,0.0,0.9871854050902593,1013.4033658978082,0.9895086545607982,nan,nan,nan,nan,151.6716346688021,3.1893634841522385,32.08613733795778,130.39667350441024,140.82840738476307,840483065,0.18639194700214115,0.15871000617716818,0.3861202180683609,clean,81.88172059786065,17.700801119532716,19.555952267872343,14.313304196997809,5.377213863770933,0.0,0.12757453936608962,0.0,0.0,-7.69999999999988,-7.863482372306366,0.0,-0.0004999426342622137,0.0,-0.0005030565439847614,-49.99180333140314,0.0,33.34426347236489,-32.59026350516108,-5.288214269219221,-0.15219914238376472,0.0,0.0,-60.0,452662
100.63235899008238,12.129903680665732,29.258000467582672,4.225910315214353,14.444480412830448,5.106708274651633,6.422343687757811,0.8060041589711715,1129.7350676213903,0.45045045045045046,False,UNCLEAN_TAKEOFF,945,94.50000000002746,1,712231.0543208319,1321.997495015942,4245.343794285288,335.4974440224313,dry,0.9835208497611082,2.362444267722984,-3.3402233011568967,0.0,0.0,-1.8693076073716979,1015.0659037303841,0.9572070239595598,48.599999999997245,2222.985809404336,83.5000000000187,nan,154.48097277201788,1129.7350676213903,1793.2496260734,126.14212691738823,136.2334970707793,1970261970,0.12638330293610975,0.22555976107587578,0.7912302983718689,clean,111.13135248394558,12.550035704647238,21.927612269305175,11.89563070049022,20.280901658847533,37.205716720835085,39.99999999999999,4.999999999999998,0.0,-9.449999999999843,-15.449129146733945,-0.01095844789514,-0.2502615673698824,0.0,-0.7794045568382282,-56.44029034879622,0.0,23.61451242143375,-54.62844581689092,-13.614719859275963,-2.2998229764969937,-0.05037024912416202,0.0,-30.0,453607
-85.43399280635913,14.684329023022634,25.01231840244865,20.55625997023214,9.360735087688033,9.111712016136087,9.855971787260685,0.7344027102124883,709.4088713586139,0.0,False,CRASH,1059,105.90000000003653,1,767401.0093645905,1323.3322458661837,4407.608611203527,165.3853270493793,dry,0.9592221772522977,0.32255186271800085,-2.1091560635414157,0.0,0.0,2.336198920509389,1012.2191299565455,0.9947351428172893,43.79999999999752,1852.6536275657804,nan,nan,143.75897451585797,4.346928558852767,-1929.8553485996508,132.08011905673135,142.64652858126988,158357619,0.02141247411332027,0.7712495584148578,1.193031168759476,clean,125.34109288425078,11.558306668269726,22.50667631114324,12.96312802844734,20.235458285431626,24.98920191758865,0.17387714235407528,0.0,0.0,-10.589999999999819,-25.37240671876794,-11.789424838686246,-1.3044575023756035,0.0,-15.844536554641769,-56.677462537125,0.0,21.61754304002403,-64.24874828389707,-29.46417988054836,-7.211547511458657,-2.316513256367501,0.0,-100.0,454666
93.32667097609632,14.945921812604654,28.50041305655084,4.629958669776195,9.548273306041207,3.0224818838014444,4.886937465476291,0.785522878483123,1275.5378970742856,1.0,False,UNCLEAN_TAKEOFF,698,69.8000000000078,1,679862.7041051352,1331.6579692850255,4718.4752769263605,95.26937022119463,dry,0.9761271422376917,6.723827930063356,3.8277938917054235,0.0,0.0,1.218096353845489,1013.9234328270092,0.9603108826369934,40.99999999999768,1662.0490495227007,64.9000000000039,nan,165.54352582657188,1275.5378970742856,3495.233379569374,123.97500640001451,133.89300691201566,972018089,0.07837588180573701,0.19714856249229532,0.5473908719190738,clean,81.13511474859423,11.467841495353413,16.2809772669042,11.543397323466058,17.384682171520627,27.52720908207324,40.00000000000002,4.999999999999998,0.0,-6.979999999999896,-17.324404891365234,-0.06140595983138097,-0.06407695778827782,0.0,-0.15204166080657225,-40.29217812756853,0.0,16.590861427197282,-30.1564182603852,-7.991411306824121,-0.5239515041471121,-0.05752387029620005,0.0,-30.0,455364
22.165989317786405,16.406012645240203,31.740098945416793,8.517881708751522,28.652454246785506,11.05688342856393,7.874503454022438,0.7742269323663357,1959.7316489685,0.0,False,TIMEOUT,1801,180.09999999999306,1,759303.9374851775,1325.4841418067967,4413.742175462816,143.62311573656544,dry,0.997583954258895,1.3192562967851558,-2.466185746300164,0.0,0.0,4.047612831733358,1011.2190127392862,0.95293000316002,49.59999999999719,2171.5526799241416,95.20000000002801,nan,179.29169023843082,1505.5798238282994,-2264.824439020667,131.8330597018808,142.3797044780313,1022560766,0.03669814238268187,0.36759327347309795,0.7278321126062308,clean,234.31488255495208,18.699898279870947,37.88425771954261,14.516548768791239,28.9120521361345,64.51424348343984,40.00000000000001,0.0,0.0,-18.010000000000016,-53.861356544369016,-4.044255684097424,-1.9423768813654148,-0.20713188411427969,-18.563970299871915,-101.57135702703599,0.0,19.322073212349807,-156.90971990121866,-67.03853580231578,-2.7708015827006096,-1.078461230202841,0.0,-10.0,457165
81.8494222571895,13.771962312741662,29.454710614442153,6.361682118962107,14.507140586426038,11.059815809533099,9.900729211474879,0.7732863218921572,1437.1173369822568,0.2647058823529412,False,TIMEOUT,1801,180.09999999999306,1,747901.474786381,1326.3151510717166,4508.557454157276,160.82028615731596,dry,0.999685435351221,5.486314693957954,-3.220160572308511,0.0,0.0,-0.7588693333703436,1013.3278093893051,0.9536144566784807,71.40000000000907,3282.4204792938963,163.20000000000843,nan,153.22962080203527,1437.1173369822568,1977.6487429853914,129.6237799666129,139.99368236394193,31166652,0.08257423393574514,0.3343213495835719,0.8358859869654035,clean,215.92603220972413,21.608858921576882,39.93306251868255,14.759999470067859,31.36498939090615,62.629696327960865,39.999999999999986,4.5,0.0,-18.010000000000016,-37.954463293820176,-0.519107154483748,-0.9518727941991364,-0.2590963877862834,-9.33719092973292,-102.05093224979306,0.0,28.22983619326029,-137.5243447446036,-54.9471094172665,-5.3264331695203815,-0.2225026337813893,0.0,-10.0,458966
-45.35494700189637,9.813988511627702,30.103036099404967,1.0746029541942868,-1.2877450632751184,-1.2928969704609732,3.582381958056967,0.807914714366306,1.6721886592643571,0.0,False,RUNWAY_EXCURSION,914,91.40000000002499,1,684104.6994895297,1328.509741765289,4495.598366145459,3.4220412553232493,dry,0.9755428635387849,1.9187956516335616,-1.8794238434021437,0.0,0.0,4.1623422829126815,1012.1217716977685,0.9994803465800742,nan,nan,nan,nan,123.26065992075222,1.6623251774956245,0.21053792788649162,125.1034444069485,135.1117199595044,920281800,0.17041917208743762,0.30145740225464596,0.6231302489254334,clean,85.26267445861707,11.759685580404977,23.580023258691917,13.629860651560325,0.0,0.0,0.06649300709982486,0.0,0.0,-9.13999999999985,-9.781259404757055,0.0,-0.0019020994832496827,0.0,-0.0005025700099991352,-54.70302597568904,0.0,13.285691654413508,-37.88503144732052,-20.307603294992422,-1.120050820431531,0.0,0.0,-60.0,459880
-33.05491893991784,8.069479527117892,23.021101315173393,1.0435397499332455,-1.2365598933297084,-1.2528911732612218,3.2434451484614844,0.835804583642014,2.0792752522990874,0.0,False,INSUFFICIENT_RUNWAY,914,91.40000000002499,1,733631.2781697857,1325.8207033021613,4364.618626900107,19.679366376237017,dry,0.9649250731008671,6.646572519534081,-1.9383827968509237,0.0,0.0,-1.5473067625490007,1010.2504868080748,0.9989978382052319,nan,nan,nan,nan,137.92708997834313,2.0792752522990874,3.837833958647696,128.40008349432048,138.67209017386614,1393151830,0.3355264795557187,0.21972087357124298,0.40856483717101705,clean,86.9202054995,11.691351232230259,23.69010349322064,14.943356802466134,0.7212971666352186,0.0,0.08317101009196355,0.0,0.0,-9.13999999999985,-6.612942316939717,0.0,-0.00026305037907974483,0.0,0.0,-57.32234613294514,0.0,13.336770250879093,-47.47596714017596,-13.747213097270802,-0.14244265723000005,0.0,0.0,-50.0,460794
-27.707199005484973,8.143363096205704,30.187377765610535,1.018561411287191,-1.5413806352902022,-1.5687596013152212,3.171979325824718,0.8511864139227487,1.4324748030608134,0.0,False,RUNWAY_EXCURSION,967,96.7000000000292,1,713964.9181448708,1324.6590512426749,4425.186289309087,244.37763638072346,dry,0.9695776123351173,3.38539660228341,3.9995501286176793,0.0,0.0,3.8792379976347604,1013.4601460542503,0.9925547160960342,nan,nan,nan,nan,118.36078568421583,1.4324748030608134,5.648668356482922,127.65829908993022,137.87096301712464,909969229,0.22003319977514152,0.19579555302182292,0.36196774391702097,clean,81.11474600547798,16.92207237049971,25.522727272482168,12.650347127020014,0.0,0.0,0.05729899212243255,0.0,0.0,-9.669999999999838,-7.125109839288402,0.0,-6.50644257167005e-05,0.0,0.0,-62.211461778616545,0.0,21.585926972637118,-35.703957095352244,-10.73841677222752,-0.11130719581376049,0.0,0.0,-60.0,461761
-34.70776557508697,11.308119584804365,27.608954460991125,1.2520798249628984,0.11300265383031691,-0.02227886267266758,3.536610194318114,0.7811436444739066,2.4926646196421984,0.0,False,FAILED_ROTATION,1002,100.20000000003199,1,707843.036166322,1328.1698542852093,4675.660655317602,317.1329831740377,dry,0.987076301656302,6.804104542963234,-0.019061798647791672,0.0,0.0,-1.0373354984324505,1010.5996452906427,0.9902849090060041,nan,nan,nan,nan,140.4020932713538,2.4926646196421984,33.68612508941323,126.2135182844638,136.31059974722092,656389835,0.16165595137428312,0.2888001223123822,0.47014423074078115,clean,92.57870803746957,11.740628381710112,26.20131005936118,15.662089531893757,1.037090524718028,0.0,0.09970658478568799,0.0,0.0,-10.01999999999983,-14.23659063125829,0.0,-0.0018866519677703988,0.0,-0.0005096589276307184,-57.491471949517134,0.0,10.253739084715036,-43.79876289331007,-16.164753139650752,-0.567062855108455,0.0,0.0,-50.0,462763
-18.21317047797723,8.968906171293721,30.11265449159185,1.0352305719390704,-1.707964530757131,-1.7137077602067898,2.574895142603487,0.854420685252627,1.4114191371322136,0.0,False,RUNWAY_EXCURSION,925,92.50000000002586,1,761707.0886233294,1323.3146389550063,4334.9602862743295,212.2710858095418,dry,0.9855243047744925,5.913589977879726,-3.3575345548085136,0.0,0.0,-2.7402938898497924,1011.3959027151598,0.9933501290550224,nan,nan,nan,nan,115.67492762864754,1.4114191371322136,3.1804157230120644,130.487394674107,140.92638624803558,1259070421,0.20012914028055237,0.19992192849408302,0.38876763643492623,clean,82.71395788288898,18.74475772032852,24.38142170010564,12.670240209023863,0.0,0.0,0.05645676548528848,0.0,0.0,-9.249999999999847,-8.26757578514003,0.0,0.0,0.0,0.0,-59.754165536339364,0.0,25.1723032950132,-33.36928402583167,-11.171590900241268,-0.13969180326998956,0.0,0.0,-60.0,463688
-23.594473140330418,8.262126713551314,21.264707448580417,0.8197887463163271,-1.4907833927338996,-1.5134118393913523,2.7294237969505857,0.8035531079602759,1.3952737816335343,0.0,False,INSUFFICIENT_RUNWAY,1027,102.70000000003398,1,683952.2957857304,1330.9216189351243,4322.22909372998,193.1866522207965,dry,0.968117003227244,6.362430029524139,-3.292337243538374,0.0,0.0,2.4023540954554834,1015.6638587771926,0.9939929256620532,nan,nan,nan,nan,116.24709078505956,1.3952737816335343,4.439842653371731,124.4947085561088,134.45428524059753,2106435001,0.3617121597169861,0.19684696601083126,0.37054499385910994,clean,85.43785635469175,15.353084531819455,27.204932405720374,12.140973529306745,0.0,0.0,0.05581095126534141,0.0,0.0,-10.269999999999825,-7.78953686135659,0.0,0.0,0.0,0.0,-61.32119845844893,0.0,18.653037597043095,-42.19122813970947,-10.726968541926716,-0.14123650873524046,0.0,0.0,-50.0,464715
10.447935529520784,7.623568187464712,29.553454913126888,1.0364502316659396,-1.7894785563491913,-1.7845593422569754,2.929135951450883,0.8238468827144148,1.2792547503189269,0.0,False,INSUFFICIENT_RUNWAY,1063,106.30000000003685,1,719042.5691161803,1328.7812067183195,4593.235817123594,206.25742086275778,dry,0.9646864796318912,4.3498964366133,2.474378988541547,0.0,0.0,0.5141440566303128,1012.5219774468785,0.9935938317889289,nan,nan,nan,nan,116.42572397743814,1.2792547503189269,5.743425083348974,127.43017517971144,137.62458919408837,263476185,0.244782263180187,0.17506000431365956,0.3843975656014856,clean,91.26728220034437,24.804580636062653,28.541351795693455,13.336894537934652,0.0,0.0,0.051170190012757105,0.0,0.0,-10.629999999999818,-6.8644750887984705,0.0,0.0,0.0,0.0,-65.26664360650099,0.0,28.47990898536282,-33.504170200270465,-9.548872808055812,-0.2190911122640922,0.0,0.0,-50.0,465778
25.953793990792335,5.864615474967684,14.777924709526083,0.7437543342609026,-1.7743156847049488,-1.771328125920882,1.8969722647533616,0.8578695488893361,1.2483356001014414,0.0,False,INSUFFICIENT_RUNWAY,1057,105.70000000003637,1,692414.6353526709,1331.0983465579366,4725.844267428427,74.83828887408517,dry,0.987235871885206,7.730117030250722,1.8131625801382643,0.0,0.0,1.960893439133371,1014.4270821850816,0.9974228877478478,nan,nan,nan,nan,110.48745987827067,1.164206499187756,3.86625264221772,125.24358987040591,135.2630770600384,614627890,0.592181153552302,0.20263818442051712,0.3699566150236722,clean,93.61024528559628,22.73387549010186,28.780103309079653,12.912675952731062,0.0,0.0,0.04656825996751033,0.0,0.0,-10.569999999999819,-4.0393507117085115,0.0,0.0,0.0,0.0,-68.59028178048281,0.0,33.46974622477234,-19.89872376540079,-12.32166952761615,-0.1793947462477492,0.0,0.0,-50.0,466835
17.876158470167034,7.606130413298697,27.46168327750464,1.190581313350388,-1.8865200926517576,-1.8860020224917908,3.3120343749167627,0.8432863537565302,1.3262357469132553,0.0,False,INSUFFICIENT_RUNWAY,1006,100.60000000003231,1,751597.2521716467,1329.7572805644602,4536.503220793122,301.76559117459254,dry,0.9802775215274488,2.6936915842677083,-1.7818729071815778,0.0,0.0,-2.016278119069164,1013.966968565068,0.9907538641559741,nan,nan,nan,nan,111.88264080821602,1.1733607007488445,5.319213994980476,129.6182033261708,139.98765959226446,2005253464,0.2745469301591661,0.2222454817156617,0.4136429931418863,clean,89.95949527956853,23.034250233245242,26.927543361199465,12.610940135150365,0.0,0.0,0.04693442802995373,0.0,0.0,-10.05999999999983,-6.46670435369912,0.0,-7.538192608721081e-05,0.0,0.0,-63.946242934890826,0.0,36.76497299767533,-25.79019014528748,-14.958085036901343,-0.24668011199681106,0.0,0.0,-50.0,467841
165.13802841925994,12.036031175195667,30.185369604914328,8.576087642742177,13.54225938945671,4.737198447135412,12.269831203887849,0.7492041366863266,4078.526067929299,0.0841995841995842,False,TIMEOUT,1801,180.09999999999306,1,689038.0355279704,1324.8132325586455,4569.873668070943,136.1940813960073,dry,0.9845341421139839,6.2911945699445875,-0.5832057459256537,0.0,0.0,-1.0759069556500425,1010.3767368723925,0.8816321543335248,40.39999999999771,1646.1448839060185,84.0000000000191,nan,172.05981996063213,4078.526067929299,3073.794813965192,124.53106915669647,134.4935546892322,636542532,0.09797620881692899,0.3474867390548802,0.6958833382493456,clean,278.8465877586688,19.308029073914202,35.42744047537903,11.50315420727122,24.96082136212799,111.50850446140113,40.0,8.099999999999987,0.0,-18.010000000000016,-28.989305517439703,-4.506683692757334,-7.067709261926728,0.0,-27.455560904865475,-97.0722761890564,0.0,25.913785617556588,-131.62862541571718,-63.131574624003925,-2.251685623137997,-0.31687330815449294,0.0,-10.0,469642
7.499833171788801,6.746300102007727,30.31285149541904,0.8758689855105009,-1.6385582902515012,-1.6727690355964837,4.065833663089101,0.8538044947788288,1.258345247159781,0.0,False,RUNWAY_EXCURSION,928,92.8000000000261,1,722156.577298621,1328.4292801361087,4611.133789342501,131.42414935088763,dry,0.9980764968114978,7.87903909751055,-1.5010731154923742,0.0,0.0,2.1535609515583296,1015.5927195409583,0.9957885942843434,nan,nan,nan,nan,110.38101151597569,1.1827925849767666,6.19268199518066,127.87418089159641,138.10411536292412,1468987150,0.253637557192412,0.18140040748500993,0.3120162928172846,clean,81.01742549674968,22.61242146483855,24.35093693606196,11.988382400323644,0.0,0.0,0.047311703399070634,0.0,0.0,-9.279999999999847,-4.692851153508034,0.0,-0.011449728356941727,0.0,0.0,-59.91095419195618,0.0,32.97639172702898,-22.620727205313802,-8.942578933834545,-0.03447534364349095,0.0,0.0,-60.0,470570
-223.51268893695666,33.324260527632156,95.47979602103092,16.355593678901208,23.299168476719164,11.295402408044549,12.475808353979403,0.7472569886322669,1619.0825474721507,0.0,False,TIMEOUT,1801,180.09999999999306,1,761119.3942221606,1329.6549139810604,4750.8641311148995,438.8322209279709,dry,0.9721842296679852,5.3527224333991095,-3.7053798233920605,0.0,0.0,-1.3168517626459266,1015.7706867683634,0.9758596762868819,42.99999999999756,1741.396420092823,70.90000000000867,nan,149.16808628653484,378.1097072108367,2043.390680334423,130.4800196313852,140.91842120189602,754646726,5.966490357142973e-09,0.6535823881627769,1.126109022915661,clean,244.4717784150026,13.015338589823093,30.865630728886988,13.247535127162697,52.49241924512753,60.32271242214224,15.124388288433483,0.0,0.0,-18.010000000000016,-165.6050967915467,-25.07759140080368,-4.818250305933267,-0.5040951919125958,-61.39108035163486,-97.64849373338899,0.0,22.19628109843596,-173.00927911793758,-107.84738581105057,-9.055047553174076,-2.2824525945849157,0.0,-10.0,472371
2.737877580980424,9.10926423361329,30.056210787846453,1.0527638845703884,-1.2588013111152192,-1.2975938420738071,1.7254720565846664,0.8143027078669197,1.673238427770741,0.0,False,RUNWAY_EXCURSION,993,99.30000000003128,1,720951.6997337786,1323.2402657515622,4696.2921213813925,498.1473657610311,dry,0.9994756852142367,7.986581219341945,0.9276751248965933,0.0,0.0,2.7265195286043165,1012.7217298831666,0.9852384794173752,nan,nan,nan,nan,125.54578545127397,1.637178095233196,7.7178598227886575,128.07463899503963,138.32061011464282,1769056995,0.19814120931310858,0.18977015414665838,0.3402673439564558,clean,92.53812948079909,20.081219301431812,26.573345114340352,14.011507159381985,0.0,0.0,0.06548712380932781,0.0,0.0,-9.929999999999833,-9.155316001515756,0.0,0.0,0.0,0.0,-60.09105235358251,0.0,30.59722017555119,-31.042454325542625,-10.802648050448115,-0.10756004324427045,0.0,0.0,-60.0,473364
20.736719844813898,6.147116183758338,22.61935113463919,0.7683337619703154,-1.7921169033269237,-1.7990591661361337,2.3630914171175474,0.8692621811328994,1.3108293907705644,0.0,False,INSUFFICIENT_RUNWAY,1054,105.40000000003613,1,724234.1060365906,1327.5122839814273,4510.626666428041,94.7582917954678,dry,0.9663576816038145,3.3836262125101326,2.9029581835627414,0.0,0.0,1.4523589672637112,1011.808659647358,0.9968563819182277,nan,nan,nan,nan,100.5910165887201,0.989607418987859,0.8875256927995068,128.14218505732788,138.39355986191413,1257027453,0.4177564593256156,0.20121491388759247,0.4494532878427888,clean,89.77460746526934,24.632180808897036,28.487415273114163,12.106966121758886,0.0,0.0,0.0395842967595144,0.0,0.0,-10.53999999999982,-4.425281932773488,0.0,0.0,0.0,0.0,-69.65324227838742,0.0,36.22649416624734,-22.443122318407784,-13.07553551178693,-0.39334624587630956,0.0,0.0,-50.0,474418
137.74892432976452,13.271759913436675,24.387823973865498,5.77661484367184,13.107734886099156,7.467937688502112,5.602771264658787,0.7843341069905414,1281.6646125659688,0.211864406779661,False,UNCLEAN_TAKEOFF,1083,108.30000000003844,1,720390.8952963114,1329.4141408551286,4782.540816968404,113.79273733044087,dry,0.988065272289739,2.250104179327492,1.236312609341062,0.0,0.0,4.282899373119488,1010.0447065345932,0.9600366890017621,42.69999999999758,1666.6903939815145,84.80000000001974,nan,178.1897616691024,1281.6646125659688,3491.6114396784546,128.53686741752296,138.8198168109248,1925865980,0.13650245046716492,0.15474723150683606,0.5648682517111954,clean,137.7671288100832,10.045928366727047,26.03784145029688,13.633752904593589,33.93790187603027,43.99654174278256,39.999999999999936,4.999999999999998,0.0,-10.829999999999814,-21.195466547721857,-0.24286304710339568,-0.1839534480292074,0.0,-1.1509821167047984,-62.2142321190387,0.0,14.023719064199481,-53.312965327353126,-6.733645518685828,-0.7330707274250728,-0.09671103288589701,0.0,-30.0,475501
37.48792559930484,5.707486745491146,20.99717957955827,0.5197792331597094,-1.8161281612758442,-1.829879709815169,2.51758605158719,0.8566520968662173,1.3440860853056904,0.0,False,INSUFFICIENT_RUNWAY,1064,106.40000000003693,1,698630.0520149416,1325.5788322828298,4383.934171134448,11.512087066962607,dry,0.9729760743820713,0.8582496932972843,-0.8978061604557563,0.0,0.0,3.546234115555154,1013.0631390679492,0.999282023732741,nan,nan,nan,nan,91.61905074064019,0.8010721897987416,1.0647275170667392,126.23261328529736,136.33122234812117,1369052290,0.4739111384440729,0.1731286839974894,0.34471370176356114,clean,87.08780471635171,24.682535424512654,28.755382959243782,11.342932635173245,0.0,0.0,0.03204288759194956,0.0,0.0,-10.639999999999818,-3.8511367629727085,0.0,0.0,0.0,0.0,-69.1460789556942,0.0,43.10940234295618,-15.017939885753243,-8.727941647369866,-0.13907811473411258,0.0,0.0,-50.0,476565
41.92648382554435,5.583605744311864,20.699168428217053,0.7238417918758853,-1.9458709074810003,-1.950060072357442,1.8278380767973312,0.8452723056151275,1.2075179770907738,0.0,False,INSUFFICIENT_RUNWAY,1084,108.40000000003852,1,698527.6902129031,1329.2104677727432,4560.763596827049,26.471261925348045,dry,0.9510363091883177,3.364100832389413,0.6763971893451588,0.0,0.0,-2.4225143661518844,1011.2030727775923,0.9988199541784571,nan,nan,nan,nan,97.10538790212414,0.9396081861564909,0.8168220139465276,125.0401309689023,135.0433414464145,1252670261,0.48711228321343086,0.15932504565929914,0.3290714421977293,clean,90.90649004146294,28.634540282898406,29.437120513893497,12.260727673792314,0.0,0.0,0.0375843274462597,0.0,0.0,-10.839999999999813,-3.755054663219674,0.0,0.0,0.0,0.0,-69.105626850021,0.0,46.283931393717644,-23.977323199643404,-7.774927367235863,-0.18097832754655396,0.0,0.0,-50.0,477649
44.23547150676389,4.561613341815141,21.133892390958152,0.7144787042614714,-1.8294544453627395,-1.830324823275516,2.85504471717317,0.8610482336090772,1.1313872080773422,0.0,False,INSUFFICIENT_RUNWAY,1033,103.30000000003446,1,674023.3192246147,1328.1509697704723,4331.792680575495,417.12537113284986,dry,0.9907445405199102,3.292997442032595,-3.797337283520182,0.0,0.0,4.399327892294229,1012.3982036514504,0.9876464513466107,nan,nan,nan,nan,94.66534549225386,0.9136931642736386,0.4454224602352319,124.21158901005637,134.14851613086088,1049182741,0.5114350424843706,0.16878409055459662,0.323379702141506,clean,85.62797731714936,30.682458828728983,27.80156463064238,10.551470094631462,0.0,0.0,0.03654772657094552,0.0,0.0,-10.329999999999824,-2.3883323019414844,0.0,0.0,0.0,0.0,-67.59424474587048,0.0,53.70073260441933,-25.586934272063466,-8.121226777339553,-0.14454159816323003,0.0,0.0,-50.0,478682
22.940960875154474,5.857125221230442,30.020820287306535,1.0143073907095108,-1.7890794646783186,-1.7921687763636793,4.595311707707285,0.8375732524904186,1.1576483735387058,0.0,False,RUNWAY_EXCURSION,835,83.5000000000187,1,710045.5562246483,1331.99757024549,4399.122127120467,118.01681044031726,dry,0.986026653722026,7.4118398055260375,-3.138523961222992,0.0,0.0,-1.0520103782592187,1012.4659875637956,0.996133711001408,nan,nan,nan,nan,99.92712532477645,1.0435997614857229,1.8778603569288066,126.28993754679509,136.3931325505387,86367971,0.2785307907846479,0.1898172543778749,0.3158750941176959,clean,68.13804457864182,24.847955482087947,20.97032452048306,11.568651490934666,0.0,0.0,0.0417439904594289,0.0,0.0,-8.349999999999866,-3.182826637860008,0.0,-0.04291375960765781,0.0,0.0,-52.569791546669244,0.0,50.0632498630854,-19.18013358042334,-9.320360541143494,-0.042982984833853995,0.0,0.0,-60.0,479517
16.8687368398975,7.465279269302235,24.247059396991865,0.8275672973318038,-1.5727865018002407,-1.5745243711785795,4.7467246974434625,0.8300556429524146,1.2294013809803346,0.0,False,INSUFFICIENT_RUNWAY,1017,101.70000000003319,1,697156.3897161218,1331.5843952302419,4400.89506374435,314.8337868812076,dry,0.9532974885976414,2.207240232443965,-3.053641913850985,0.0,0.0,0.3744498163844927,1015.5661626726402,0.9904388572907733,nan,nan,nan,nan,101.60628819978531,1.040329388496957,1.1791355400747072,125.25731353690632,135.27789861985883,259146963,0.3274396022543605,0.2729075702993061,0.3994794442876057,clean,86.88489881477122,27.726792140206744,26.162422206383095,11.713197264576351,0.0,0.0,0.04161317553987827,0.0,0.0,-10.169999999999828,-6.29753458626013,0.0,-0.04242975581722164,0.0,0.0,-63.140486395200455,0.0,49.14425750848842,-36.2828387270222,-18.623580181290745,-0.24757462447725923,0.0,0.0,-50.0,480534
25.492423644806763,3.959706279286198,8.76653048001838,1.091623782865357,-1.1878841892015972,-1.1847002930292756,1.9052029273330755,0.8385535608022935,1.7715876034802207,0.0,False,INSUFFICIENT_RUNWAY,898,89.80000000002372,1,747280.074467697,1329.9902537752862,4421.02913168369,30.878395527922542,dry,0.9816226334769624,5.993291584112105,-2.2253039465584856,0.0,0.0,-1.4677898158566665,1011.1414830456787,0.998678106541809,nan,nan,nan,nan,123.97711450473494,1.5370814953721776,5.804142324658645,129.54984458752327,139.91383215452512,1527906319,0.7882920315707443,0.2015751301805067,0.3359159945110727,clean,87.40645584065874,21.211243608291408,23.920064344749374,14.277977489975463,0.0,0.0,0.06148325981488703,0.0,0.0,-8.979999999999853,-1.5644430987511377,0.0,0.0,0.0,0.0,-56.562467152204405,0.0,27.551945567451686,-20.68108199714441,-11.11495967852955,-0.03379453950503361,0.0,0.0,-50.0,481432
-109.08085394990336,20.03672664138905,43.94228244942489,15.175280386298754,11.222434088913806,9.628143522626168,13.321206665831536,0.7573387315377638,597.399767047329,0.0,False,CRASH,990,99.00000000003104,1,734565.4000152762,1326.8706956909443,4572.932268870569,131.20010196387105,dry,0.9967093979942935,7.31709735077508,-2.0160882303055763,0.0,0.0,1.391647393451306,1013.5413464496228,0.9957088779102886,42.599999999997586,1701.9847339411165,nan,nan,141.26474187049544,3.9942040392184595,-1121.4913953780997,128.92905716206914,139.2433817350347,1373500221,0.001372204058788094,1.0402662565426724,1.5395429017097488,clean,110.18652677006048,14.646777970621946,20.181374692779077,12.999839073667768,29.82516175630311,22.38389038083912,0.15976816156872423,0.0,0.0,-9.899999999999833,-44.16174559519244,-3.025806702124447,-2.746794155827731,0.0,-13.344156609819246,-55.01058364236934,0.0,19.86881916848051,-70.81581991877724,-29.25249538396725,-8.083314639167195,-2.992295276978411,0.0,-100.0,482422
63.497993294933465,2.3250853343924085,4.93640990890149,1.117918212690446,-1.593131458042155,-1.6082936246913833,1.545482259979357,0.7957725716037203,1.4538167566183233,0.0,False,INSUFFICIENT_RUNWAY,1053,105.30000000003605,1,740190.0368351043,1325.8333711293997,4573.722888670993,262.9075412760281,dry,0.9716553775853701,2.9041790444785898,3.990912228632384,0.0,0.0,-1.2443913947480896,1013.2880845476951,0.9918913051592213,nan,nan,nan,nan,115.92671758459821,1.2926246185789978,8.234335631708092,128.8473396466327,139.15512681836333,1221973716,0.8976024450462908,0.20071406293458385,0.3997217829950083,clean,90.46264563115184,31.466338485720495,28.62364504880684,13.368000117252176,0.0,0.0,0.05170498474315977,0.0,0.0,-10.52999999999982,-0.6325045520281792,0.0,0.0,0.0,0.0,-62.117778938278626,0.0,46.760145636388216,-11.041763558336443,-12.768905996164381,-0.14353356432177317,0.0,0.0,-50.0,483475
57.84864406792016,1.942906128562576,6.700519098404451,0.9128762896448814,-1.4181450462039586,-1.4209636989810386,2.7303426162264257,0.8248538632798036,1.468780473528966,0.0,False,INSUFFICIENT_RUNWAY,1020,102.00000000003342,1,754564.8831803735,1330.5833943528362,4526.897363138467,240.66669069560643,dry,0.9593180183750928,1.6423850675816007,2.1450767717985393,0.0,0.0,-2.205225542851064,1015.5453923030659,0.9925372715760975,nan,nan,nan,nan,104.24929303199247,1.0303787410598773,3.6259800430001476,129.7300227296588,140.1084245480315,250978653,0.8906040426501919,0.19409278297937993,0.33480852090931085,clean,89.55851684293512,32.30089758985343,27.549109700610668,12.701952466392136,0.0,0.0,0.04121514964239516,0.0,0.0,-10.199999999999827,-0.4278202120993487,0.0,0.0,0.0,0.0,-62.76745657648859,0.0,46.23814295265857,-15.636016966064478,-11.445747741046453,-0.06414913847319019,0.0,0.0,-50.0,484495
81.31486141149978,1.7555929481736947,4.251309745000288,0.659744495715934,-2.0356143994028213,-2.0379157154922494,1.1122638904801467,0.8140419075038158,1.0547187480625055,0.0,False,INSUFFICIENT_RUNWAY,1054,105.40000000003613,1,734469.4730351893,1327.1260354549436,4259.624261742131,41.163309920407954,dry,0.9801102379310498,5.3781028752406534,0.9936617735609512,0.0,0.0,-0.19830803675250497,1011.7417016885445,0.9984200978090346,nan,nan,nan,nan,80.36246600634642,0.6305073715656988,0.38915018720333094,128.6804745880894,138.97491255513657,1773729627,0.9386514751169885,0.14400535915676685,0.33946337043313096,clean,84.77638898264729,34.430376903814036,28.815499013908195,10.050674152562053,0.0,0.0,0.02522029486262787,0.0,0.0,-10.53999999999982,-0.36094892845108684,0.0,0.0,0.0,0.0,-64.09342055590895,0.0,59.9018758173257,-6.06200347996959,-5.555527032027191,-0.07327375726321471,0.0,0.0,-50.0,485549
101.49642066724918,1.3234808585702456,3.0920665941404417,0.726325707070138,-1.913036404794964,-1.9145332528689043,1.2579305160301184,0.7989730818889756,1.1843662657630034,0.0,False,INSUFFICIENT_RUNWAY,1125,112.50000000004178,1,722506.5341491268,1326.6935955538524,4493.764855362962,421.3142153005265,dry,0.9518279184908626,1.8695665273335198,-3.0079390033868334,0.0,0.0,-1.037582384712409,1015.0985883477672,0.987310245157899,nan,nan,nan,nan,76.34877836020694,0.5153260616839361,1.377217157247479,127.23117937182317,137.40967372156905,1709792113,0.9466395317318009,0.17530240371175204,0.37631101781120235,clean,89.19533934931772,38.77177464085834,30.874660199555223,10.377455803479387,0.0,0.0,0.020613042467357453,0.0,0.0,-11.249999999999805,-0.2189501978752295,0.0,0.0,0.0,0.0,-67.110090388456,0.0,76.23659383762366,-5.408125145165394,-9.841259036624487,-0.15159143793119856,0.0,0.0,-50.0,486674
97.74732071415501,1.1868445977844821,2.6609553970223496,0.8723191963188422,-1.4752202149567126,-1.4744796952284158,1.2815028095842225,0.782032502865151,1.5461638617566962,0.0,False,INSUFFICIENT_RUNWAY,1055,105.50000000003621,1,698304.8754594779,1323.0329246122471,4530.53423656955,97.6467533707091,dry,0.9942219190715383,3.8971043462329513,-1.5719871275134518,0.0,0.0,4.133765679492127,1010.6926770946327,0.9967973621752726,nan,nan,nan,nan,91.79720496757223,0.8161480106969492,2.7963024971011663,126.47832684773661,136.59659299555554,1142805913,0.9413448371582154,0.20222271138545364,0.35256360702976913,clean,89.76004604575765,36.8756085711031,28.67593543566272,12.317205872791206,0.0,0.0,0.032645920427877936,0.0,0.0,-10.54999999999982,-0.16511923386124105,0.0,0.0,0.0,0.0,-60.86040709181537,0.0,74.99800754512718,-10.155488010029517,-13.073416961386283,-0.10769737962179238,0.0,0.0,-50.0,487729
11.481324092959163,8.97591803276395,21.45213391982115,0.6949626228247467,-2.1638864845588577,-2.169372944564208,2.867514393815178,0.8231730846222941,1.0593815116857854,0.0,False,INSUFFICIENT_RUNWAY,1037,103.70000000003478,1,767920.332949373,1330.9517410253598,4301.036771688436,337.2646812512662,dry,0.9757579026381337,4.457994521694936,0.17964204259590755,0.0,0.0,0.7369249354835015,1014.0061758527623,0.9898230011971727,nan,nan,nan,nan,90.70434957934499,0.7785393534629179,1.680029116779469,131.6444376496837,142.17599266165843,546129952,0.326300154247061,0.21888276926415132,0.4122717140317605,clean,85.26524947204192,24.49040928451292,27.555118816535742,10.869923595035713,0.0,0.0,0.031141574138516693,0.0,0.0,-10.369999999999823,-9.283120822060035,0.0,0.0,0.0,0.0,-63.73918199404493,0.0,42.485185977892854,-30.2113127011769,-15.37001170222172,-0.24207740769446426,0.0,0.0,-50.0,488766
69.73654605340454,1.7048424366867632,4.248053330210579,0.7124253567318644,-1.7779016779143302,-1.7804186691516324,1.3347498430042304,0.8177611844248299,1.1649464933723266,0.0,False,INSUFFICIENT_RUNWAY,1042,104.20000000003517,1,706333.6304459282,1327.8510095920367,4375.662300964725,356.2286863651108,dry,0.9825629420881498,1.0204461439752324,0.734430737004113,0.0,0.0,2.4870497706610752,1011.0983553924526,0.9893242644283811,nan,nan,nan,nan,84.59507436464231,0.7112784713361862,0.9607947041725495,126.81905588931026,136.9645803604551,1746428395,0.9313763778531002,0.17201142396584518,0.3253590095572564,clean,86.82830801910997,34.16646465307089,28.260317823627037,9.774236442336074,0.0,0.0,0.028451138853447504,0.0,0.0,-10.419999999999822,-0.3365066909725598,0.0,0.0,0.0,0.0,-63.50353131381228,0.0,59.15288887524366,-15.36065248658978,-8.743865881021854,-0.10956452643999708,0.0,0.0,-50.0,489808
125.66027095545883,9.166271408653108,22.844196342713815,4.614517446298161,12.07287104019351,4.592276821667084,3.0291555601712568,0.7815618928180567,1289.1517328566179,1.0,False,UNCLEAN_TAKEOFF,855,85.5000000000203,1,739568.9578797944,1324.1734753180322,4670.64635595466,180.90642491817482,dry,0.9844973590408197,5.078579992020985,3.425490357187133,0.0,0.0,-1.2438234717537568,1013.3767555757977,0.9571660498696721,57.99999999999841,2658.6947004429353,80.6000000000164,nan,154.2422785979026,1289.1517328566179,3728.867307620343,128.7877642648815,139.09078540607203,1120401407,0.28554779529581265,0.19181778197467025,0.4572896575805325,clean,96.63170855829325,14.240486993429768,21.71570201813993,13.508437587260373,24.148232923001387,26.72397466046504,39.99999999999998,4.999999999999998,0.0,-8.549999999999862,-7.981950496023685,-0.057870322616055486,-1.1760544617357971e-06,0.0,-0.1607188142553258,-49.345643592137264,0.0,22.93902680989192,-33.81362603749716,-9.048301203608016,-0.22851251943130205,-0.06067443339955879,0.0,-30.0,490663
21.669744466281827,4.458032429288243,11.906491579467708,0.6748810007529008,-1.793096016323011,-1.808163278847427,2.9757029100029224,0.8305904491482488,1.202425147441204,0.0,False,INSUFFICIENT_RUNWAY,1070,107.0000000000374,1,737473.0253491633,1330.8580846539985,4345.27323546957,407.10285325585227,dry,0.975570386133813,1.451002131805236,1.3345757651582923,0.0,0.0,2.635906293973269,1010.8660475426506,0.9878592416946843,nan,nan,nan,nan,110.9156086494701,1.202425147441204,4.605311970270716,129.63244991569206,140.00304590894743,2141063300,0.6954927141143785,0.25780936195580095,0.4265799069570582,clean,86.54303268875505,25.89498051846324,28.689276959891174,13.669070496607189,0.0,0.0,0.04809700589764826,0.0,0.0,-10.699999999999816,-2.3628040956029586,0.0,0.0,0.0,0.0,-66.44187150325534,0.0,45.00119659831975,-28.418378408328632,-19.919820214335225,-0.33303558012972734,0.0,0.0,-50.0,491733
13.945009343703475,3.218774866446143,10.64957245436427,0.960663111225316,-1.9220492339387028,-1.9249110560152438,2.12033972524434,0.8246884023883523,1.2439360889322302,0.0,False,INSUFFICIENT_RUNWAY,1117,111.70000000004114,1,751578.1633906418,1322.942029864711,4797.130758658969,359.4713578295976,dry,0.9939721967585009,7.020468962960062,2.681324176738084,0.0,0.0,0.3158064802210596,1011.1065203681039,0.9891558815818472,nan,nan,nan,nan,99.92342403921431,0.8778838664383102,4.659031359316703,130.32765438131102,140.75386673181592,602431219,0.7520026864510937,0.29111049357257174,0.48589817965743426,clean,94.91507889335172,31.01997547138487,29.952770431176685,12.536011243140313,0.0,0.0,0.03511535465753237,0.0,0.0,-11.169999999999806,-1.2858546114274028,0.0,0.0,0.0,0.0,-68.91306849342757,0.0,46.68348270127745,-39.499645647957706,-29.887656951630717,-0.4411990468413772,0.0,0.0,-50.0,492850
-0.6777079735646012,4.1894121712746815,9.083029803816462,0.7240501491151882,-2.0708356951548352,-2.0698597822635945,3.287288389639946,0.8325724813660629,1.0812430608238799,0.0,False,INSUFFICIENT_RUNWAY,1051,105.10000000003589,1,729902.9719540218,1324.3393046834233,4290.507171741023,171.40072712027916,dry,0.9916565774956403,0.6389217840646078,0.8708600807321849,0.0,0.0,2.3275646580924283,1015.3665388319846,0.9946565036658013,nan,nan,nan,nan,94.74631559977175,0.8622622075500601,0.9344213507350929,128.61103314716402,138.89991579893714,752810724,0.7586373194991901,0.24772852682077703,0.4189761217048337,clean,85.45961407364186,23.122850059102127,28.326142863777683,12.27822681254571,0.0,0.0,0.03449048830200246,0.0,0.0,-10.50999999999982,-2.049587136911832,0.0,-0.00014511383946119995,0.0,0.0,-65.53486474502809,0.0,20.70739102798897,-23.342866023550048,-18.872952780652614,-0.29600749894048217,0.0,0.0,-50.0,493901
-10.209031046903569,6.833578474849603,15.922101997851371,0.7306620976066308,-2.3972816051361168,-2.394685708900918,2.3933111992715643,0.8283018049210481,0.918810386510895,0.0,False,INSUFFICIENT_RUNWAY,1180,118.00000000004616,1,767121.583964905,1322.3017074896509,4536.999700469868,7.276300489979959,dry,0.9889143242600033,2.7786428796930647,-0.8989138771222671,0.0,0.0,-2.968933586899806,1015.7347839224511,0.9994090122745866,nan,nan,nan,nan,94.12843395033472,0.7523064452450967,2.181187086716765,130.6180121831163,141.0674531577656,1725762600,0.5243291500778727,0.1957785831067749,0.3360043739872949,clean,90.05716793383132,21.955324860622465,31.695091856424675,13.101722326498718,0.0,0.0,0.030092257809803822,0.0,0.0,-11.799999999999793,-6.122599758986088,0.0,0.0,0.0,0.0,-73.15384404121107,0.0,23.325764219860773,-36.38032718343229,-12.718631699003877,-0.1987918193175025,0.0,0.0,-50.0,495081
29.972104348602677,3.0709635409069747,8.711179190313068,0.8392481486605713,-1.962702199430871,-1.9644689139882452,2.8671027093218764,0.841480768955115,1.1997182657594578,0.0,False,INSUFFICIENT_RUNWAY,1100,110.00000000003979,1,728567.2183954064,1326.9903222596938,4552.540057064627,123.26547055120257,dry,0.98917509645048,5.475705323428909,-0.35480089314682717,0.0,0.0,4.948980767671421,1013.7758784474586,0.9960760745848038,nan,nan,nan,nan,95.46192944562983,0.7687951857605242,4.9396160662017685,129.1730094354201,139.50685019025374,367265745,0.8168273286093597,0.22529681718703568,0.4013447493747431,clean,90.18492874850197,30.298264100049416,29.671825464967085,12.736143448446187,0.0,0.0,0.030751807430420906,0.0,0.0,-10.99999999999981,-1.1526554196153225,0.0,0.0,0.0,0.0,-69.53076679943146,0.0,41.365660678676846,-26.216668023035403,-16.167936324913576,-0.2474433324732707,0.0,0.0,-50.0,496181
32.014461165312234,5.151406834577779,22.193042264152172,0.5066579192249036,-2.0112545683794725,-2.008213032913347,3.0870446319017164,0.8518834815493337,0.8501922813314877,0.0,False,INSUFFICIENT_RUNWAY,1153,115.30000000004401,1,672231.0948983536,1330.1025868348113,4211.257720080608,284.77151975889007,dry,0.9523827806950896,2.447503816942204,-0.004614957515381324,0.0,0.0,-0.12052531198925553,1013.8579020098224,0.991300929896534,nan,nan,nan,nan,91.80041776356796,0.8501698983373558,-0.06744695586606397,122.9957221924247,132.83537996781868,691213915,0.45715019146048236,0.22485565409930588,0.43452045304246606,clean,83.27019323425839,31.084627175493576,31.3748059491751,11.5009864908264,0.0,0.0,0.03400679593349429,0.0,0.0,-11.529999999999799,-3.3996835787512074,0.0,-1.3707536550241744e-05,0.0,0.0,-74.2644589829981,0.0,50.69159630024086,-18.702649114184226,-17.68496771573278,-0.35998168141239767,0.0,0.0,-50.0,497334
15.304525440381283,3.5375080425256855,8.322447025954915,0.7640723146039715,-1.9875318449663737,-1.9863737682592348,3.2232071597124055,0.8424152317209249,0.9826919550150706,0.0,False,INSUFFICIENT_RUNWAY,1147,114.70000000004353,1,685902.0411977419,1326.2535726913006,4386.067029115609,362.42885096638565,dry,0.962554389260956,0.5807418407872618,-0.5871643769029791,0.0,0.0,2.536926935112368,1010.299275806546,0.9891314881828249,nan,nan,nan,nan,96.19980462486535,0.844080110708262,4.859970639160505,125.03153538529985,135.03405821612384,841115226,0.8218552158837893,0.17569852155278834,0.40080090470907165,clean,87.22842551468514,26.242483754595213,30.746422962532712,12.091011475479936,0.0,0.0,0.03376320442833048,0.0,0.0,-11.4699999999998,-1.5948350815690229,0.0,-2.7479996474643843e-05,0.0,0.0,-72.78731714091367,0.0,25.498967868712892,-20.621379641796974,-9.810249912599996,-0.25274008317647023,0.0,0.0,-50.0,498481
-13.497766343516105,5.015631092484783,13.278547959487756,0.6596228516262048,-2.2167240118161855,-2.2151135556373474,2.6624169120103387,0.8638387023456515,0.7321442953906114,0.0,False,INSUFFICIENT_RUNWAY,1260,126.00000000004228,1,694261.1555814538,1327.4139829821102,4586.5629557657585,197.46091736169606,dry,0.9537811324454999,1.1341000886490349,2.757856856140884,0.0,0.0,1.3957716483377718,1010.8078447682373,0.993882555564865,nan,nan,nan,nan,78.54742689168388,0.5207745178278742,1.1048984618947344,125.51237058890446,135.55336023601683,1559527835,0.6523740434132499,0.2354574492092654,0.45546860054564736,clean,91.08651401622552,23.95252653145173,34.4226205635754,11.040577313823013,0.0,0.0,0.02083098071311495,0.0,0.0,-12.599999999999776,-3.5219177358260096,0.0,0.0,0.0,0.0,-82.56034628070582,0.0,21.670946060619347,-28.923954781285484,-17.482551980508084,-0.6030110315986607,0.0,0.0,-50.0,499741
