total_reward,centerline_rms_m,centerline_max_m,max_roll_deg,max_pitch_deg,max_alpha_deg,max_heading_error_deg,control_roughness,max_agl_ft,stabilization_fraction_after_100ft,success,reason,transitions,duration_s,level,mass_lbs,cg_x_in,runway_length_m,runway_elevation_ft,runway_surface,static_friction_factor,headwind_kt,crosswind_kt,gust_sigma_kt,turbulence_severity,delta_isa_c,qnh_hpa,density_ratio,liftoff_time_s,runway_distance_used_m,time_to_100ft_s,takeoff_time_s,final_airspeed_kt,final_agl_ft,final_vs_fpm,vs_est_kt,vr_est_kt,seed,rc_progress,rc_centerline,rc_heading,rc_acceleration,rc_rotation,rc_climb,rc_altitude_progress,rc_stability,rc_success_bonus,rc_time_penalty,rc_lateral_penalty,rc_roll_penalty,rc_heading_penalty,rc_aoa_penalty,rc_sideslip_penalty,rc_control_oscillation_penalty,rc_premature_rotation_penalty,rc_failure_penalty,num_timesteps
-66.23464738513397,8.42824942342762,30.023472669632323,0.23423963167182613,-2.9152862876176338,-3.1045088125569467,8.898413728786513,0.9345907432411369,0.1975145860077987,0.0,False,RUNWAY_EXCURSION,505,50.49999999999714,1,759911.6917305741,1328.3224665802557,4313.600056892956,417.5299871186762,dry,0.9841131810373113,6.188102081851107,0.8844957350476021,0.0,0.0,-2.157429553522923,1013.2230511009454,0.9873858253978947,nan,nan,nan,nan,59.667142004189046,0.1975145860077987,0.6467507875769307,130.34884737133234,140.77675516103895,1826701614,16.890050039011797,6.012169897615841,8.842477343240372,8.204921131175842,0.0,0.0,0.059254375802339644,0.0,0.0,-5.049999999999937,-3.985874568163506,0.0,-0.31995023250253707,0.0,0.0,-36.88769537131386,0.0,-60.0,505
-70.23768666201988,8.828168184487668,30.226773275073604,0.33659046835546474,-2.8165934873884715,-3.0254602338555197,8.120268176258142,0.9407923784163298,0.14779537419246935,0.0,False,RUNWAY_EXCURSION,463,46.299999999997375,1,743787.0314516763,1331.0275539481065,4365.446669042305,284.4084112121386,dry,0.9913557921128475,0.4852314147639323,-0.6093074927547653,0.0,0.0,0.12603567639495594,1015.2763086725002,0.9913539766304669,nan,nan,nan,nan,55.695978534338344,0.14779537419246935,1.2149629555868025,129.34130324363167,139.68860750312223,1367864806,12.841800229172705,6.674506569243302,5.970961683660292,7.619377141468151,0.0,0.0,0.044338612257740787,0.0,0.0,-4.629999999999946,-4.009402696392992,0.0,-0.6836524966942963,0.0,0.0,-34.06561570473457,0.0,-60.0,968
-61.88739457709553,11.479602941130779,30.123886605050497,0.3737841808243732,-2.5758592823970434,-2.582562804421588,4.471610381921013,0.9401535384005899,0.6271531298183675,0.0,False,RUNWAY_EXCURSION,764,76.40000000001305,1,703522.9651277519,1328.839897702939,4621.681278470207,186.92286434898082,dry,0.9721077133735512,7.103612316576638,-1.5129571478837165,0.0,0.0,4.966094785372673,1015.1583092741195,0.9942591837481243,nan,nan,nan,nan,84.96488009537894,0.6271531298183675,0.9784684895229745,126.85070130576787,136.9987574102293,1097657231,37.39364874174414,8.008837280926196,15.861476372233687,11.72641577056224,0.0,0.0,0.18814593894551015,0.0,0.0,-7.6399999999998816,-11.186766748457561,0.0,-0.021100551173835528,0.0,0.0,-56.21805138187539,0.0,-60.0,1732
-66.41926686198923,11.918321267424673,30.084186004645407,0.3081883159527617,-2.3654649528197664,-2.3797684086680433,7.083148942948153,0.9396820718698831,0.6613830483014453,0.0,False,RUNWAY_EXCURSION,591,59.099999999999284,1,670948.6036908766,1328.6705973395487,4388.940570888011,226.99940019748266,dry,0.9954663135591284,5.87308582896346,-1.8607016470028528,0.0,0.0,2.746680228790951,1010.9487119658162,0.9930426526332433,nan,nan,nan,nan,84.90274472756927,0.6613830483014453,0.9546295188849285,123.6659775332785,133.55925573594078,579362555,26.92991018280356,4.216889524815424,9.561471157341252,11.649370210749543,0.0,0.0,0.1984149144904337,0.0,0.0,-5.909999999999918,-9.327712407069606,0.0,-0.2825568457607604,0.0,0.0,-43.45505359935873,0.0,-60.0,2323
-70.59111008467109,9.280824422702146,30.123792572768547,0.2729154671162618,-2.757885567237014,-2.882417669953128,6.598877900835916,0.9339812667319851,0.24164096124849266,0.0,False,RUNWAY_EXCURSION,461,46.09999999999739,1,684565.9588685728,1323.004416621504,4755.921979330844,369.05642941420786,dry,0.9773200145236705,4.630224015696835,3.5150501456898344,0.0,0.0,-2.9901034950373706,1015.6584716145808,0.9887625552822586,nan,nan,nan,nan,62.73910671756887,0.24164096124849266,1.2981761885450638,123.38967303767663,133.26084688069076,661058651,12.91490221731091,4.3540530873867525,6.3175056737755035,8.555681908882908,0.0,0.0,0.07249228837454777,0.0,0.0,-4.609999999999946,-4.411959622875147,0.0,-0.17514280371852764,0.0,0.0,-33.608642833807814,0.0,-60.0,2784
-68.57653197668773,8.413665533308553,30.47741527980367,0.735450991353675,-3.0099447582467245,-3.222181305802945,10.88266072161307,0.9362425492030693,0.20342941519419355,0.0,False,RUNWAY_EXCURSION,529,52.899999999997,1,761573.0655605195,1323.108145316753,4573.664623625282,347.6486742192898,dry,0.9999175688165787,5.3716775715851774,2.015624526338634,0.0,0.0,4.725386798159645,1015.2257917427892,0.9896800620999469,nan,nan,nan,nan,59.9533814415498,0.20342941519419355,0.2888233291750453,131.92183741837215,142.47558441184194,87989972,16.197720366812433,7.464821810095017,7.969164078469391,8.316279457192337,0.0,0.0,0.06102882455825805,0.0,0.0,-5.289999999999932,-4.160865235186369,0.0,-0.35655946783797704,0.0,0.0,-38.778121810790545,0.0,-60.0,3313
-71.0473438028855,9.353695800003372,30.28595446966931,0.2029834202618693,-2.7290971813084828,-2.9324360103929346,6.341890296553601,0.9345642573721592,0.14581108683501043,0.0,False,RUNWAY_EXCURSION,412,41.199999999997665,1,699804.844560591,1328.0909317518938,4794.184935934899,490.7135842971677,dry,0.9864724952134308,0.26530990151486034,-2.0147861263708178,0.0,0.0,2.0802914517333946,1014.1641144101658,0.985447954692683,nan,nan,nan,nan,54.254857575278386,0.14581108683501043,0.8014748372124814,125.95241785686652,136.02861128541585,161576974,10.635072577738436,4.67767345205948,4.607385101911381,7.519380981503181,0.0,0.0,0.043743326050503135,0.0,0.0,-4.119999999999957,-4.005172172114256,0.0,-0.3341205383543924,0.0,0.0,-30.07130653167967,0.0,-60.0,3725
-69.95028526661552,14.102179689955346,30.066190844487465,0.7994254537759651,-2.3917858498365296,-2.403211957884835,9.367169256785164,0.9310016790543167,0.9447974344066665,0.0,False,RUNWAY_EXCURSION,988,98.80000000003088,1,739257.8467474552,1329.3934491611615,4220.295845909432,335.57892701143663,dry,0.9579766622081982,6.207168065088866,1.1302897008663475,0.0,0.0,1.1479598416228356,1013.6322782444207,0.9898744526350793,nan,nan,nan,nan,98.52330089538776,0.9447974344066665,0.49405045612667564,129.27996571507757,139.62236297228378,35492826,54.371761120270655,9.192485120059057,17.34228560357459,13.626025285901513,0.0,0.0,0.2834392303219998,0.0,0.0,-9.879999999999834,-21.831668260410623,0.0,-1.1938537718690923,0.0,0.0,-71.86075959446289,0.0,-60.0,4713
-70.09456580624651,7.528231041636118,30.212977560241477,0.24865584210970998,-3.0515351750883406,-3.2042220779590034,7.829930980451016,0.9383327566100622,0.23091552196405019,0.0,False,RUNWAY_EXCURSION,557,55.69999999999684,1,768448.6937801141,1322.0432517784009,4259.527435190283,357.2906489556261,dry,0.9750934290351397,0.44088148873546107,-1.7230270469204,0.0,0.0,-2.6777387899176466,1014.9251431087181,0.9891314514576556,nan,nan,nan,nan,62.97277218544469,0.23091552196405019,0.9871206594603343,130.84983438659307,141.31782113752053,376383645,17.065613173813787,6.878095903513154,7.694961398307244,8.636817845927627,0.0,0.0,0.069274656589215,0.0,0.0,-5.569999999999926,-3.50750714191703,0.0,-0.5138601950383966,0.0,0.0,-40.84796144744176,0.0,-60.0,5270
-64.02275296254075,10.350342183960118,30.37068751279299,0.4541027446877717,-2.626383062774951,-2.6341645601354156,6.315538474752165,0.9400430146267429,0.6356871392535197,0.0,False,RUNWAY_EXCURSION,692,69.20000000000732,1,702934.7786767635,1323.6498196044395,4497.810049457688,121.39934126762336,dry,0.9667019761825603,4.221811826761234,-0.12226883440761682,0.0,0.0,4.782439415194861,1011.7511972377669,0.9961299646295018,nan,nan,nan,nan,85.10492812548395,0.6356871392535197,1.0027651768422707,126.97118517643953,137.1288799905547,1746484539,29.361089884959107,7.749695168469566,13.044447750313058,11.781179758978542,0.0,0.0,0.19070614177605585,0.0,0.0,-6.919999999999897,-8.237074628993835,0.0,-0.09152382024311248,0.0,0.0,-50.901273217799705,0.0,-60.0,5962
-62.533358122609016,7.457874695625458,30.346370293625043,0.3525204095698402,-2.654582189483738,-2.7016710430509328,8.097419062693621,0.9361313358151171,0.32614588710833914,0.0,False,RUNWAY_EXCURSION,492,49.19999999999721,1,673024.4466813009,1327.44975192401,4491.545391547238,276.4370063025522,dry,0.9703925162288535,6.937386367788818,-0.691911244003002,0.0,0.0,4.9917038467710615,1014.083245620708,0.9916870890899845,nan,nan,nan,nan,67.05132572212256,0.32614588710833914,0.9953925882843251,124.14184831070664,134.07319617556317,1394609702,17.519250290609655,7.217449554969816,7.867695584869664,9.12052769959004,0.0,0.0,0.09784376613250176,0.0,0.0,-4.9199999999999395,-3.0405542586688945,0.0,-0.42559202203244934,0.0,0.0,-35.96997873807908,0.0,-60.0,6454
-81.23221799606071,14.297093508195395,30.09281486174331,0.3180960969908598,-2.9931739543499947,-3.237834010891144,6.435082672135578,0.9378784855871852,0.1544773798802055,0.0,False,RUNWAY_EXCURSION,478,47.79999999999729,1,756959.376405084,1323.3080751860134,4533.375060200454,94.30498428577411,dry,0.9788045142127508,2.8488336475650895,-0.03579333033712029,0.0,0.0,-2.6828430515164445,1014.5000851433923,0.9968474362508812,nan,nan,nan,nan,58.13442585777297,0.1544773798802055,1.0515068565552177,129.89400413544266,140.28552446627808,1960127675,13.319671201552724,1.6548446405142858,6.610092135472273,7.855827365849346,0.0,0.0,0.046343213964061644,0.0,0.0,-4.7799999999999425,-10.856276663315077,0.0,-0.1004069107194594,0.0,0.0,-34.98231297937859,0.0,-60.0,6932
-80.1349540939078,13.744825257859603,30.012750032645897,0.1447058886047379,-2.9155994522202127,-90.0,5.751719433311189,0.9439193621994707,0.018742297321693968,0.0,False,RUNWAY_EXCURSION,388,38.7999999999978,1,734442.3753293878,1323.4671037000192,4757.897506631876,123.62871137763487,dry,0.9814623535790652,4.5620128286259005,3.095022653825138,0.0,0.0,-2.8964157730563374,1013.760583709408,0.9959829272423528,nan,nan,nan,nan,45.288885429677386,0.018742297321693968,0.5311459042109945,127.94623327976059,138.18193194214146,1081530686,9.06875205086682,1.5493002528760091,4.009043457299794,6.176966483637156,0.0,0.0,0.00562268919650819,0.0,0.0,-3.8799999999999613,-8.144560654578774,0.0,-0.20450603350086735,0.0,0.0,-28.715572339704252,0.0,-60.0,7320
-74.43293486311734,13.083822372345125,30.12071417632284,0.1544489099847394,-2.7502244170030656,-2.8291823550586477,3.9399368418058405,0.9379082607437478,0.26347041345150046,0.0,False,RUNWAY_EXCURSION,516,51.599999999997074,1,681076.4770568088,1322.7970347632322,4682.365833362354,285.8699246488959,dry,0.9923732271962304,2.3258534508772755,-1.4657809653679088,0.0,0.0,2.215358868878149,1015.7100911319236,0.9913547720726218,nan,nan,nan,nan,62.72175922022492,0.26347041345150046,0.8388642562038306,124.18989089465731,134.1250821662299,1302740407,17.53473990895562,3.1560607235387015,8.981102262138776,8.605638540150435,0.0,0.0,0.0790411240354501,0.0,0.0,-5.159999999999934,-9.814687384608517,0.0,-0.006210409302351811,0.0,0.0,-37.808619628025184,0.0,-60.0,7836
-80.55467032987573,14.64413485341155,30.29651804972058,0.5956777779289645,-2.900277903071293,-2.90694661264147,7.2713075079415885,0.9398405116319845,0.6248054978266566,0.0,False,RUNWAY_EXCURSION,842,84.20000000001926,1,760151.322693728,1322.6381027854775,4770.490200709999,159.43929321847185,dry,0.9808292581707599,4.403782973384194,-0.753976962816199,0.0,0.0,1.8922543933966445,1014.017294343075,0.9949993954128511,nan,nan,nan,nan,86.3856971600609,0.6248054978266566,1.024196422636443,131.23774816585762,141.73676801912623,2084654369,38.645473607908194,5.431753934375228,14.281938192567665,11.91296984772608,0.0,0.0,0.18744164934799698,0.0,0.0,-8.419999999999865,-20.063053031036468,0.0,-0.5507369588739662,0.0,0.0,-61.98045757188985,0.0,-60.0,8678
-73.67185066159182,8.79448159199174,30.14386244983211,0.21698156144581973,-3.0257266506474276,-3.2890164124286025,7.160684259605341,0.930916980893971,0.09230344609244412,0.0,False,RUNWAY_EXCURSION,474,47.39999999999731,1,767601.8544086335,1323.417159931189,4570.808043416895,130.02386087424478,dry,0.9797820637692376,4.599437067989412,-0.46436549753469514,0.0,0.0,-2.0416265050078533,1010.0017948576111,0.9958112729949199,nan,nan,nan,nan,53.196916944590825,0.09230344609244412,1.0050391043070483,131.242050245375,141.741414265005,1566581934,11.579961111988144,5.47793800381113,5.521650607256152,7.29708858184868,0.0,0.0,0.027691033827733233,0.0,0.0,-4.739999999999943,-4.073393074185763,0.0,-0.3655870304752347,0.0,0.0,-34.397199895662446,0.0,-60.0,9152
-71.37625075633157,10.857365573653594,30.122806631226346,0.254498460322966,-2.823293944804133,-3.0058212962095348,5.230777772219923,0.9311700373795173,0.2084816574059687,0.0,False,RUNWAY_EXCURSION,535,53.499999999996966,1,710752.0623633713,1324.2684765188517,4435.089599606195,401.8804722261964,dry,0.9518995325303484,3.678615560354306,-0.12909064981776996,0.0,0.0,4.620856328020833,1013.2663891758107,0.9881223141870774,nan,nan,nan,nan,59.267510289016975,0.2084816574059687,0.393456670560024,127.54456427066202,137.748129412315,1357791198,16.987072484416103,6.015123487656031,8.636324814661831,8.241346951321592,0.0,0.0,0.06254449722179058,0.0,0.0,-5.34999999999993,-7.007453016886405,0.0,-0.050512997286264114,0.0,0.0,-38.91069697743594,0.0,-60.0,9687
-63.14915418473349,13.32409498469065,30.096548173224786,0.4869226681164457,-2.3525680627985737,-2.36534156480107,4.050910904685485,0.9395869994010687,1.0260496887979684,0.0,False,RUNWAY_EXCURSION,650,65.00000000000398,1,721203.5047475111,1325.7419606619158,4387.939285762524,351.89355427415114,dry,0.9615518057470402,0.6674242605060448,-3.1516899872563884,0.0,0.0,1.211671494258006,1012.3524144946027,0.9893914500036995,nan,nan,nan,nan,103.7032859785614,1.0260496887979684,1.8952508536541934,127.78631373855121,138.00921883763533,1167425778,33.691614843366025,3.7943556968143284,12.967493013635234,13.227229267327804,0.0,0.0,0.30781490663939043,0.0,0.0,-6.499999999999906,-12.821719961632017,0.0,-0.009314866727754549,0.0,0.0,-47.80662708415609,0.0,-60.0,10337
-75.40972562609471,13.172645025357657,30.09965192872932,0.5908889266481003,-2.69266321074698,-2.716064566528944,7.264133715287779,0.9407522171773823,0.4296834662348772,0.0,False,RUNWAY_EXCURSION,522,52.19999999999704,1,719546.0694690896,1331.9131577047754,4704.316026963573,87.54614444638925,dry,0.992750272613571,1.2255279971287827,0.7754970390139695,0.0,0.0,-1.9931548449386787,1012.9944579257966,0.99704655552397,nan,nan,nan,nan,76.23380065889042,0.4296834662348772,1.759882767019203,126.89035858486027,137.0415872716491,1202413557,17.69311776149241,2.511407565792751,7.7855107040439,10.348166471194393,0.0,0.0,0.12890503987046306,0.0,0.0,-5.219999999999933,-10.064077463916636,0.0,-0.09697238599670228,0.0,0.0,-38.49578331857501,0.0,-60.0,10859
-69.4552948725478,10.87229245314778,30.09316122053911,0.8392892760890113,-2.3725393786119016,-2.383020680673569,10.351073525076766,0.9453750577237868,0.8393108354442802,0.0,False,RUNWAY_EXCURSION,690,69.00000000000716,1,722143.3347829866,1325.723704759314,4498.631871966969,310.0348630988831,dry,0.9742452189118692,1.5999557527915353,-2.7009422249176693,0.0,0.0,-2.687934946577312,1010.1587279614864,0.9904906780722361,nan,nan,nan,nan,94.51547896138261,0.8393108354442802,1.7296767027646531,127.14283239058354,137.31425898183022,2008052738,30.209665458439233,7.356647592567287,9.083346442601773,12.640398834853608,0.0,0.0,0.2517932506332839,0.0,0.0,-6.899999999999897,-9.062516977652704,0.0,-1.8514096654362144,0.0,0.0,-51.18321980855355,0.0,-60.0,11549
-53.33743861001237,5.93780888280233,30.642748069142826,0.9062106903467512,-2.420848735131269,-2.432429473048319,9.010150786868548,0.9374930930311446,0.7766944877063224,0.0,False,RUNWAY_EXCURSION,823,82.30000000001775,1,738534.2571426306,1331.6298522168406,4583.491589513754,167.4835806856108,dry,0.9781193883353533,0.2280746468745427,-2.2927258531535157,0.0,0.0,0.3032898788804159,1010.1647033389817,0.9947317768916445,nan,nan,nan,nan,93.19022414290185,0.7766944877063224,2.017525123447257,129.24917010018413,139.58910370819888,595598245,37.85528862356342,12.383343553946231,15.873986062514462,12.842440439692371,0.0,0.0,0.2330083463118965,0.0,0.0,-8.229999999999869,-3.2241092969454193,0.0,-0.6503578227403198,0.0,0.0,-60.42103851635436,0.0,-60.0,12372
-57.218415600329685,7.72796140958573,30.623071286592204,1.1368971291895638,-2.6344631328888273,-2.671681229411865,17.441740501216227,0.9302953719630721,1.122787490981949,0.0,False,RUNWAY_EXCURSION,817,81.70000000001727,1,767205.679246257,1324.0786697831952,4498.59106283004,118.67980094605979,dry,0.99216705760015,3.1866174658540025,-1.113115266796615,0.0,0.0,-0.1299988535543397,1011.3492801587007,0.9961415026960903,nan,nan,nan,nan,113.16549131895867,1.122787490981949,4.223095353773552,131.55805096102137,142.08269503790308,1752032165,40.25348054697565,8.30974486236665,13.180884645156846,15.064204295779795,0.0,0.0,0.3368362472945846,0.0,0.0,-8.16999999999987,-5.421374847417086,0.0,-1.4015284024887196,0.0,-0.09399155166866933,-59.27667139632823,0.0,-60.0,13189
-67.060026957347,12.987535536974196,30.087541408343636,0.5815500640338606,-2.592453460244137,-2.621048496764462,6.04536151488736,0.9396352778731369,0.5574943063087403,0.0,False,RUNWAY_EXCURSION,396,39.599999999997756,1,686475.4369675125,1324.2763920839366,4639.705729515698,38.29309616680299,dry,0.9682452912953204,4.67459573071808,-3.027626001777179,0.0,0.0,-0.7585583756859178,1015.0099827449087,0.9984915530827875,nan,nan,nan,nan,86.31302743972871,0.5574943063087403,4.437899735123949,124.0837891149559,134.01049224415237,1440696407,13.424158892807215,4.093490561605995,5.429847371592549,10.594698367887418,0.0,0.0,0.16724829189262208,0.0,0.0,-3.9599999999999596,-7.421747490263377,0.0,-0.23277301776711132,0.0,0.0,-29.154949935102163,0.0,-60.0,13585
-68.32148115581073,12.298723259678905,30.235398348199848,0.6342009864047599,-2.7063451840564086,-2.7259009591573147,11.98836797914541,0.9354474830937076,0.6204945623272238,0.0,False,RUNWAY_EXCURSION,462,46.19999999999738,1,696100.7926143042,1324.583393817394,4683.898002295315,470.07400282919696,dry,0.9722499195097608,5.1840523861949555,1.1115847679303785,0.0,0.0,-1.6753293058025465,1010.1772945532563,0.9858446935275255,nan,nan,nan,nan,87.29193418632283,0.6204945623272238,2.1169797456409434,125.0492710313953,135.05321271390693,5880883,19.165569058480976,3.520653394074124,5.23620993463513,11.37135890036718,0.0,0.0,0.18614836869816725,0.0,0.0,-4.619999999999946,-7.7646078159992395,0.0,-1.6204770954151684,0.0,0.0,-33.79633590065166,0.0,-60.0,14047
-82.18853668563781,12.668324802597386,30.29772006807356,1.2427743035592698,-2.8538321751385833,-2.89235926973872,24.250544821918616,0.9227978306880816,0.3211793570166037,0.0,False,RUNWAY_EXCURSION,761,76.10000000001281,1,755306.4866943074,1330.2480914071946,4238.613358861366,28.890495285778638,dry,0.9996308089930156,0.7692790390897226,-1.9771357650684958,0.0,0.0,2.322431486244408,1013.3794468018235,0.9987933000586984,nan,nan,nan,nan,63.97851674727376,0.311639696881592,-0.11966002934334696,130.9570274576336,141.4335896542443,846428919,29.06618540281184,5.8183220733329835,13.300386198377502,9.083432096662955,0.0,0.0,0.09349190906447752,0.0,0.0,-7.609999999999882,-13.570021218269256,0.0,-3.587460739008584,0.0,0.0,-54.78287240860932,0.0,-60.0,14808
-80.74411374414723,11.541907353909641,30.03619295089076,0.20656082149077917,-2.9799831666898675,-90.0,5.175324194401042,0.9270773937625271,0.0,0.0,False,RUNWAY_EXCURSION,465,46.499999999997364,1,761029.0990476526,1324.6807317568694,4285.871731830213,479.1185413089182,dry,0.9527826714149931,3.547831390006624,0.32944251401927716,0.0,0.0,1.3169131041908413,1014.896070206141,0.9857743947096299,nan,nan,nan,nan,42.181987383443776,-0.0063024756476011135,0.15296128217299199,131.12638794503113,141.61649898063362,1841261662,11.080643290573665,1.9784456667097274,5.621943079875742,5.847518134053162,0.0,0.0,0.0,0.0,0.0,-4.649999999999945,-6.882807310588735,0.0,-0.14815255264922952,0.0,0.0,-33.59170405212138,0.0,-60.0,15273
-61.51168907010958,6.509716209835961,30.73389950891938,1.235977157153449,-2.7226563796451653,-2.743053198105818,14.596217947495012,0.9316177325753066,0.6211077734521382,0.0,False,RUNWAY_EXCURSION,520,51.99999999999705,1,740127.9155662829,1328.3704048220318,4556.14053128589,417.04508577579884,dry,0.9620367172400923,4.429938250822287,-3.473032462536204,0.0,0.0,4.833513805208295,1013.0246811560639,0.9876833021895762,nan,nan,nan,nan,84.09513399291225,0.6207504801969321,-0.17498432777669493,130.21642202335997,140.63373578522877,1190382222,18.807188543623884,6.751091261566624,7.817072596681121,11.019809024452151,0.0,0.0,0.18622514405907972,0.0,0.0,-5.199999999999934,-2.4484145187725064,0.0,-0.6335134117358754,0.0,-0.009119760076640355,-37.802027949907135,0.0,-60.0,15793
-73.9122504971406,8.985874785463352,30.351457340478518,0.3874810079550397,-2.729100139900514,-90.0,15.728038928294009,0.9137123654462415,0.0,0.0,False,RUNWAY_EXCURSION,338,33.799999999998086,1,688788.7181248025,1325.7938292445763,4600.265691283965,22.1282770125627,dry,0.9628615283742757,1.057561451905042,-1.0292606853933397,0.0,0.0,3.873734829234947,1014.4828769336326,0.9989926909984774,nan,nan,nan,nan,36.2277052429319,-0.02476570793957933,-0.1399092221665743,125.32292270707899,135.3487565236453,72124473,7.2969375453586105,2.802152136850242,3.196465111145391,5.039958701422208,0.0,0.0,0.0,0.0,0.0,-3.379999999999972,-3.032458848120979,0.0,-1.8112395365560352,0.0,0.0,-24.02406560723995,0.0,-60.0,16131
-48.526097435192305,6.814034493428874,30.098520731508504,0.8572805937419947,-2.378573716270828,-2.411866806285328,5.767476446278173,0.9228696305363483,1.2191638933781235,0.0,False,RUNWAY_EXCURSION,571,57.09999999999769,1,713880.30248509,1326.9513876267029,4419.707878477195,212.4673881888076,dry,0.9672852285287039,3.912202201479463,0.5700709378477908,0.0,0.0,0.3527418733877816,1010.4825816874234,0.9934151629605653,nan,nan,nan,nan,118.71386324585418,1.2191638933781235,6.553243536416744,127.06444483971052,137.22960042688737,1642588603,25.533180605554822,10.149568858569586,10.270043365753978,14.936635661216936,0.0,0.0,0.36574916801343704,0.0,0.0,-5.709999999999923,-2.9457931922590666,0.0,-0.07255408033961136,0.0,0.0,-41.05292782170218,0.0,-60.0,16702
-64.67528845953153,9.891397092221977,30.100186249790532,0.1769331137628062,-2.5589165508318437,-2.596101659029746,5.620218048744981,0.9353209449293832,0.4162213063513036,0.0,False,RUNWAY_EXCURSION,305,30.499999999998273,1,676679.5757799848,1330.2571406019058,4729.927606968136,412.68289917886443,dry,0.9775982219286953,4.73665063368669,2.2130893301492915,0.0,0.0,0.40723583099284166,1011.8822069527226,0.9876055786334511,nan,nan,nan,nan,79.92059436738815,0.4162213063513036,5.3176053768345355,123.63553893263416,133.5263820472449,1566923138,9.115997709930921,3.0067203881473796,3.3247899659862847,8.618742515264133,0.0,0.0,0.12486639190539109,0.0,0.0,-3.049999999999979,-3.3156799569983666,0.0,-0.19410015646218118,0.0,0.0,-22.306625317305,0.0,-60.0,17007
-69.6056342746722,7.836627327032059,30.979310111907658,0.9837127855304072,-2.876497529965624,-2.934267911172183,21.592784216147262,0.8795214269472202,0.10938086315773354,0.0,False,RUNWAY_EXCURSION,230,22.999999999998693,1,762260.9933092977,1330.8521886159385,4655.886811090433,0.708732065139106,dry,0.9647105258509762,1.430248372805381,1.146111555187347,0.0,0.0,-1.4689389706067795,1010.689908051479,0.9996241236189239,nan,nan,nan,nan,58.44049398459776,0.10938086315773354,3.9489291012987415,130.87092511328044,141.34059912234287,1818006482,4.123584138948568,1.6393669243702755,1.2161349014604095,5.788255764167278,0.0,0.0,0.03281425894732006,0.0,0.0,-2.299999999999995,-1.569436378715633,0.0,-2.9767370872365237,0.0,0.0,-15.559616796613907,0.0,-60.0,17237
-69.02172148840665,10.357502515727958,30.081127183295123,0.5158828268751352,-2.1723618473909516,-2.204255296156701,6.025111153124739,0.8902028881878443,1.04904629493916,0.0,False,RUNWAY_EXCURSION,445,44.49999999999748,1,671085.196730889,1329.7908501488293,4740.589579179819,480.780396191989,dry,0.9663902081627006,3.243066627853362,3.9163867862538146,0.0,0.0,-2.8466691846965553,1012.8984939943886,0.9854526564216278,nan,nan,nan,nan,109.67662920400622,1.04904629493916,6.532773303151274,122.36580593319829,132.15507040785417,377217572,14.086227759186812,2.4342591528161237,4.955450701063338,9.549733084597294,0.0,0.0,0.31471388848174797,0.0,0.0,-4.4499999999999496,-5.304294107963708,0.0,-0.1486767108241287,0.0,0.0,-30.45913525576399,0.0,-60.0,17682
-61.9120963087833,14.550395269447574,30.076099478513704,0.4676544558072597,-2.600556369559825,-2.6163615043203077,4.670608514404011,0.9147806446560306,0.690633666592646,0.0,False,RUNWAY_EXCURSION,297,29.69999999999832,1,672974.7326709746,1325.5929125383757,4744.603930405256,274.2726678486122,dry,0.9529003014356021,4.767841096916156,1.9447555338100857,0.0,0.0,-2.104852915752536,1014.0010972789705,0.9915494316545606,nan,nan,nan,nan,89.06052925772617,0.690633666592646,1.0410857669871376,122.63042858243898,132.4408628690341,191741830,13.838484960835835,1.720285956008786,4.651919930009201,8.671828512845643,0.0,0.0,0.20719009997779386,0.0,0.0,-2.9699999999999807,-6.986562082406362,0.0,-0.03707850505570069,0.0,0.0,-21.008165180998436,0.0,-60.0,17979
-66.02407165606563,14.460401642422338,30.299852210843103,0.6232115533180675,-2.256818291809823,-2.28883169981783,7.148776333666096,0.9267397537081802,1.0322463798485888,0.0,False,RUNWAY_EXCURSION,393,39.29999999999777,1,689881.5091591291,1331.8016425818873,4410.996361321517,1.00277645928748,dry,0.9746506828778814,1.0896927343332585,2.9481443210281397,0.0,0.0,1.3346481301528454,1010.2332549296242,0.9995790992638571,nan,nan,nan,nan,105.10905305462418,1.0322463798485888,2.29890418176085,125.13822137541379,135.1492790854469,1853662620,16.72681728033142,2.1132937824712825,5.256371403900061,11.244101653516935,0.0,0.0,0.3096739139545766,0.0,0.0,-3.92999999999996,-9.130840417160787,0.0,-0.2672606633032134,0.0,-0.010302756671778759,-28.335925853104015,0.0,-60.0,18372
-65.97067710284125,10.908238236100713,30.302764293761797,0.11923318617969336,-2.625836207701142,-2.716119924079986,10.47003819772868,0.8714174373665045,0.18969479906036213,0.0,False,RUNWAY_EXCURSION,199,19.89999999999887,1,678641.0472281056,1330.4257687359773,4617.092627708466,367.73298246470836,dry,0.9729818271014645,5.826614456972229,3.79788614626921,0.0,0.0,-0.1887695269590175,1011.5534333565574,0.988889222640399,nan,nan,nan,nan,59.65968097814728,0.18969479906036213,2.673195369520247,123.70676367805474,133.60330477229914,47463574,4.943491932131596,1.2315364226976977,0.7209821231271669,5.969776323355046,0.0,0.0,0.05690843971810863,0.0,0.0,-1.9900000000000015,-2.6309936246322665,0.0,-1.0706860119509218,0.0,0.0,-13.20169270728768,0.0,-60.0,18571
-69.81960605310279,11.34628011790997,30.092726079558087,0.23731367848642448,-2.974092323892453,-90.0,12.700684803618213,0.8765037756484332,0.0,0.0,False,RUNWAY_EXCURSION,227,22.69999999999871,1,749230.6264963447,1322.76947159977,4238.476197841844,427.484850889213,dry,0.991750307013047,1.0952011015768512,2.354566130272594,0.0,0.0,3.2353718831096456,1015.9912205666099,0.9873414584837154,nan,nan,nan,nan,40.74588185356127,-0.0011989405767849348,-0.11341359671146023,130.46602881397857,140.90331111909686,1162779115,5.250453534352899,1.2569845903575585,1.012985126887106,4.634337755120146,0.0,0.0,0.0,0.0,0.0,-2.2699999999999956,-3.2470602734106633,0.0,-1.1754959289318971,0.0,0.0,-15.281810857477932,0.0,-60.0,18798
-65.46341195723136,9.157975856173945,30.072718779315856,0.6286934113626578,-2.8615101630542483,-2.9634915928548304,19.02289814934729,0.8184244061111347,0.14721333513614354,0.0,False,RUNWAY_EXCURSION,187,18.699999999998937,1,710852.0662885238,1322.0458881507052,4593.205031747665,474.3322798712563,dry,0.9888597216318431,5.148721419060636,1.111758653917387,0.0,0.0,-2.453993924403446,1015.8394738432077,0.9856973945534546,nan,nan,nan,nan,59.47849853330145,0.14721333513614354,2.937956899999694,125.84325541863633,135.91071585212725,172656923,4.0963320590514165,0.9237492240530509,0.9196004306671102,5.545598838016431,0.0,0.0,0.04416400054084305,0.0,0.0,-1.8700000000000014,-1.742601508142614,0.0,-1.918716329615088,0.0,0.0,-11.461538671802515,0.0,-60.0,18985
-66.06430935636274,8.936944994424628,30.427583126213417,0.5045656743029979,-2.742941972895454,-2.9042671577550307,18.950290063402214,0.8598315579735716,0.15166802769147125,0.0,False,RUNWAY_EXCURSION,184,18.399999999998954,1,719710.5945503095,1331.0111227229509,4227.762213500966,258.37149400993667,dry,0.9915746706684423,1.0004942440025317,-1.471070153441679,0.0,0.0,0.16509535492828853,1015.2673334187367,0.9920974577204427,nan,nan,nan,nan,55.85194880881707,0.15166802769147125,1.620910374063822,127.23987077885782,137.41906044116647,643626383,4.097928308067826,1.3703119200795177,0.836817233189211,5.369856454085046,0.0,0.0,0.04550040830744138,0.0,0.0,-1.8400000000000014,-1.6328770437044828,0.0,-2.234148216300979,0.0,0.0,-12.077698420086325,0.0,-60.0,19169
-63.7021399311335,9.72104729523509,30.20684569206363,0.32219113877314265,-2.8354439344447684,-2.8798476883108743,14.109998838559887,0.8554238648168627,0.32008418794836757,0.0,False,RUNWAY_EXCURSION,210,20.999999999998806,1,717418.4434264062,1323.6624822209508,4775.4222891276295,225.30850547736136,dry,0.9760078343408451,1.251230119531166,0.7516418716235451,0.0,0.0,-1.9430162508261333,1014.5836236739324,0.9930143961688956,nan,nan,nan,nan,74.19388761158369,0.32008418794836757,4.571662700848194,126.6144419548451,136.74359731123272,1033071480,5.689398318608619,1.243317353177314,1.3941839210392941,6.618232517301877,0.0,0.0,0.09602525638451029,0.0,0.0,-2.099999999999999,-2.204971078711274,0.0,-0.7858670671319824,0.0,0.0,-13.652459151801855,0.0,-60.0,19379
-67.14084428783028,8.514859171039385,30.265824525453223,0.335949302240341,-2.4997873132130946,-2.5367002094439806,6.248135319122402,0.8818596112464673,0.621071462516511,0.0,False,RUNWAY_EXCURSION,362,36.19999999999795,1,707356.9482369975,1328.9337833698387,4658.034176315992,344.55558267050986,dry,0.9891168575481959,4.061894852390694,-0.8091942160441401,0.0,0.0,3.6286860823376257,1011.8300140924772,0.9896957517805467,nan,nan,nan,nan,91.66254119614014,0.621071462516511,6.010597435039831,127.11391720598135,137.28303058245987,907713895,9.607312063917965,2.513099852694218,3.3356527021940265,8.396394163932976,0.0,0.0,0.18632143875495333,0.0,0.0,-3.619999999999967,-2.916224807372592,0.0,-0.14287288121362654,0.0,0.0,-24.500526820738095,0.0,-60.0,19741
-68.9418886473565,8.84806405072334,30.018663465907192,0.13335405913043097,-2.790405129871336,-2.825625564222923,7.937120894691,0.8735773832925829,0.3128411476164388,0.0,False,RUNWAY_EXCURSION,286,28.59999999999838,1,729273.2137756365,1329.0587818312308,4309.044668952612,452.820351621253,dry,0.9813967549353533,5.491315850121544,2.9061424914651997,0.0,0.0,-2.3553424516616106,1015.3517638493715,0.9863349485153572,nan,nan,nan,nan,73.91308692594139,0.3128411476164388,4.598481787851707,127.51600778381673,137.71728840652207,865948037,6.079748807486044,1.7600680511249294,1.3767897896225096,6.872031497870496,0.0,0.0,0.09385234428493162,0.0,0.0,-2.859999999999983,-2.487826212163442,0.0,-0.5949367615946727,0.0,0.0,-19.18161616398726,0.0,-60.0,20027
-71.49898595101624,9.370711387670221,30.072190643231046,0.454054827617919,-2.854633706940451,-2.8930492024211434,7.023596543456535,0.8292743076088487,0.3517791837419395,0.0,False,RUNWAY_EXCURSION,326,32.599999999998154,1,747403.6608399407,1327.8113718696184,4441.715525986697,433.59086457259934,dry,0.9644931913467202,3.008705477278075,0.1839950514455433,0.0,0.0,0.12287343073513401,1015.0280603989194,0.9870102332135706,nan,nan,nan,nan,76.8443427066495,0.3517791837419395,4.80016181802112,129.6705228115865,140.04416463651341,60816030,6.356335889077408,1.5051228547641873,1.2520761902168487,6.864463090900258,0.0,0.0,0.10553375512258183,0.0,0.0,-3.2599999999999745,-3.1806817336655597,0.0,-0.5319709496855062,0.0,0.0,-20.60986504774641,0.0,-60.0,20353
-63.99427881068223,9.881134304097063,30.07666519388723,0.1699302346307133,-2.7510073191211517,-2.7865120151047202,8.659308858530466,0.8524858043564209,0.2976363662823758,0.0,False,RUNWAY_EXCURSION,221,22.099999999998744,1,713272.8547850678,1328.8977993435653,4405.601623930362,188.2230719038195,dry,0.9626201005523157,0.37001854292408254,3.6638647292502493,0.0,0.0,1.9027012188305372,1013.5808323842148,0.9941666581336196,nan,nan,nan,nan,72.4131321874815,0.2976363662823758,4.647855459807992,127.15630458178187,137.32880894832442,11494707,5.7444888095460245,1.662552669167388,1.2370965039912416,6.897889600555534,0.0,0.0,0.08929090988471276,0.0,0.0,-2.209999999999997,-2.397526238329825,0.0,-0.7101149209055777,0.0,0.0,-14.307956144591731,0.0,-60.0,20574
-61.4310359778375,11.241676122015901,30.21402927511998,0.5529534144227769,-2.4411004109330543,-2.487915893648153,5.94519563291091,0.8590224220714207,0.5762938468227361,0.0,False,RUNWAY_EXCURSION,227,22.69999999999871,1,693126.7282617195,1329.1701205146371,4408.768894796623,56.455219277172006,dry,0.9507392086056027,5.826504952209434,2.8997530107698015,0.0,0.0,-1.5536480933428525,1013.5438590312958,0.9979421013955503,nan,nan,nan,nan,89.36723918817286,0.5762938468227361,6.40743490658771,124.60089620385385,134.56896790016216,266896303,7.776382082595681,1.5898925996295004,2.178434346815168,7.375521719713672,0.0,0.0,0.17288815404682084,0.0,0.0,-2.2699999999999956,-3.18746544681474,0.0,-0.16919579685156516,0.0,0.0,-14.897493636972046,0.0,-60.0,20801
-57.76584271655159,9.557918523958445,30.148933661923323,0.3744286798897874,-2.848990117434762,-2.884208538567153,7.1312692949546355,0.7616161714084666,0.5404142641601766,0.0,False,RUNWAY_EXCURSION,228,22.799999999998704,1,743202.428306253,1322.3565110850811,4609.863589229217,180.23516901742664,dry,0.9708277930919234,3.6188759148787097,1.4965080625936888,0.0,0.0,-1.0155687677199694,1015.49203180235,0.9943526871662495,nan,nan,nan,nan,88.97931104448966,0.5404142641601766,5.484896436339621,129.02050095871772,139.34214103541515,17790419,8.046225628417346,2.359932181189884,2.240043907638561,7.356247417314407,0.0,0.0,0.162124279248053,0.0,0.0,-2.2799999999999954,-2.3142964316025765,0.0,-0.3163503955429134,0.0,0.0,-13.019769303214362,0.0,-60.0,21029
-69.12620223505296,10.62792319597551,30.411581164994516,0.20165795516014393,-2.8689078423939383,-3.1300168023479045,10.172245589626622,0.9203934518097096,0.04968379732042649,0.0,False,RUNWAY_EXCURSION,229,22.8999999999987,1,728563.3609595981,1325.0695593989358,4524.446791640826,199.71126200005213,dry,0.9836797126706278,3.2651276262044506,2.0525680691478825,0.0,0.0,3.170528997003805,1012.9068222230384,0.9938728294601438,nan,nan,nan,nan,50.557283766363916,0.04968379732042649,1.8851367060861968,128.83541108597822,139.14224397285648,1440154963,5.096461747397552,1.5498849999709063,0.8873909318163781,6.190706428816142,0.0,0.0,0.014905139196127947,0.0,0.0,-2.289999999999995,-2.8740200093597705,0.0,-1.3336839834723055,0.0,0.0,-16.367847489417994,0.0,-60.0,21258
-70.5194009686462,10.080081103448293,30.051905522647413,0.12454452191949374,-2.8986889816947867,-2.9939602688598335,9.7962224413801,0.8310641670375728,0.18393379063812176,0.0,False,RUNWAY_EXCURSION,294,29.399999999998336,1,762369.0000965857,1329.7101083345567,4509.858769411318,31.9507080993221,dry,0.9531041147845475,4.289402622691245,-3.6695479788731458,0.0,0.0,-1.0423357833842166,1013.2780347304476,0.9986947958542127,nan,nan,nan,nan,64.88398657127995,0.18393379063812176,4.1685287549681505,130.81016100873032,141.27497388942876,1128755548,6.089071228370228,1.5705037405765638,1.5124570596541362,5.851211298040762,0.0,0.0,0.05518013719143653,0.0,0.0,-2.9399999999999813,-3.319195811701781,0.0,-0.907747492661304,0.0,0.0,-18.4308811281162,0.0,-60.0,21552
-64.4747294835174,9.43437989309067,30.176818199530132,0.24375107610882948,-2.982911117933826,-3.1040294066306937,13.335736994299783,0.8137397078007302,0.14865666813287248,0.0,False,RUNWAY_EXCURSION,191,19.099999999998914,1,761195.2050116174,1324.6257536150151,4542.964810038961,230.62791764360156,dry,0.9777514162455344,3.3876824478621854,1.482138554444818,0.0,0.0,3.441580558968921,1014.5426973877727,0.9929897347309534,nan,nan,nan,nan,62.548482486156374,0.14865666813287248,3.861679250389596,131.6440196035938,142.1755411718813,1389828892,4.480410823784707,1.4917638234753965,0.8194814196682004,5.744699118420718,0.0,0.0,0.04459700043986175,0.0,0.0,-1.9100000000000015,-1.8889374530807028,0.0,-1.5811540484881261,0.0,0.0,-11.675590167737461,0.0,-60.0,21743
-60.826524358418226,9.489796145995664,30.023181040903,0.29203166638978645,-2.5392980309946904,-2.576308303147171,10.283108093603492,0.8382679536441959,0.4550584205476582,0.0,False,RUNWAY_EXCURSION,200,19.999999999998863,1,700976.1790178224,1331.9591700328172,4577.083782171233,75.69654506285222,dry,0.958145408403145,1.3455519904056423,2.1964286770967676,0.0,0.0,3.6001667259474432,1013.9361279273597,0.9974350142029315,nan,nan,nan,nan,80.93921339045029,0.4550584205476582,4.847980152377254,126.40163006645162,136.51376047176777,552547096,6.399943789855271,1.9396678336168585,1.5792588296715488,6.278975826074337,0.0,0.0,0.1365175261642975,0.0,0.0,-2.0000000000000013,-2.001249575390092,0.0,-0.6023565750329338,0.0,0.0,-12.557282013377515,0.0,-60.0,21943
-59.42521970790129,10.770473006725414,30.173443685280482,0.2599541902883899,-2.726408362127511,-2.7590399262667034,6.292028787603116,0.8696414361794789,0.6325004349152437,0.0,False,RUNWAY_EXCURSION,250,24.999999999998586,1,744525.9188849516,1324.8441246732361,4708.3088777765015,374.97061842294505,dry,0.9885136471445778,7.867036132766825,-3.329546702436138,0.0,0.0,-2.4913289775592107,1010.2758173762243,0.9885934933258315,nan,nan,nan,nan,91.53845478834239,0.6325004349152437,4.9129081522109175,129.135136145457,139.46594703709357,1321529463,9.406376107940652,2.280215126415866,2.7871264612784143,8.227903770690377,0.0,0.0,0.18975013047457315,0.0,0.0,-2.4999999999999907,-3.2223080219055764,0.0,-0.12515416531598436,0.0,0.0,-16.469129117479607,0.0,-60.0,22193
-53.832428883128166,8.6617853898208,30.403007277689117,0.9345333585246858,-2.6668914342025563,-2.6982778783483323,9.378753394038824,0.8260842795420726,0.7968905389141128,0.0,False,RUNWAY_EXCURSION,261,26.099999999998523,1,751353.0671454176,1324.3684406567327,4383.090359133239,148.95647717341294,dry,0.9574528314936892,4.848500738716287,-3.0388398414205557,0.0,0.0,1.1865209159477503,1014.5151072537138,0.9952828237364392,nan,nan,nan,nan,94.29893528805601,0.7968905389141128,0.7891357629211448,130.28523097788684,140.7080494561178,1640795441,11.707224787120381,3.881445705975214,3.617381368001753,7.984151820367,0.0,0.0,0.23906716167423384,0.0,0.0,-2.6099999999999883,-2.1757692580400785,0.0,-0.3076794600373179,0.0,0.0,-16.16825100818934,0.0,-60.0,22454
-49.94537947287107,11.442384658246327,30.412595233508224,1.3875643111115799,-1.7598351209131269,-1.82223267027435,14.943667748524673,0.8426692496607271,1.8344658735385622,0.0,False,RUNWAY_EXCURSION,368,36.799999999997915,1,742526.3149398617,1323.1308848713397,4560.609358506204,143.29845023337052,dry,0.9564614191213393,2.1463149275105495,0.0005902127144388203,0.0,0.0,-2.395158520106425,1013.9942933536626,0.9953667899149189,nan,nan,nan,nan,130.6646906218229,1.8344658735385622,11.420756006017676,128.7465959604394,139.04632363727458,823941273,23.305903001135636,2.7667609075167707,5.077167363128934,12.071785840006331,0.0,0.0,0.5503397620615685,0.0,0.0,-3.6799999999999655,-5.353507259283962,0.0,-1.0352746429792987,0.0,-0.245347079443687,-23.403207365013337,0.0,-60.0,22822
-51.90688000936289,8.296872096728656,30.48259179852627,1.3592269302406266,-2.0888738069042967,-2.1277610644268794,12.688892809693723,0.8449394074294081,1.2873726528553675,0.0,False,RUNWAY_EXCURSION,305,30.499999999998273,1,734829.6707254427,1326.6957366267359,4394.930414569135,67.49623937237659,dry,0.9901575560480842,5.162509810622405,-2.40559771141687,0.0,0.0,-0.609453407086618,1015.875706105935,0.9976202187777616,nan,nan,nan,nan,115.91093875905722,1.2873726528553675,4.008420307813818,128.35813217565556,138.626782749708,989821580,15.913999532424649,2.67884842409748,4.158701736447265,10.38907793114947,0.0,0.0,0.3862117958566103,0.0,0.0,-3.049999999999979,-2.332846267754416,0.0,-0.563037099143056,0.0,-0.018830965203455355,-19.469005097237446,0.0,-60.0,23127
-53.30548006418962,7.559633899514488,30.135503600476994,0.9294366375757224,-2.3571171323046642,-2.4183308355125854,12.52440515069646,0.8769629764440865,0.9068871206983431,0.0,False,RUNWAY_EXCURSION,274,27.39999999999845,1,745943.9984226458,1330.0053302277624,4252.464761686895,412.20349892502,dry,0.9675086759018107,0.08253495044384618,-2.0082152613219226,0.0,0.0,-2.9007633143044584,1010.1108473966567,0.9874898645818366,nan,nan,nan,nan,101.6943748503586,0.9068871206983431,4.440518793282298,129.1759390233042,139.51001414516855,2141492029,12.466572175465446,4.203009628387968,3.918946502537496,9.168007151959488,0.0,0.0,0.27206613620950293,0.0,0.0,-2.7399999999999856,-1.7398410807049645,0.0,-0.555086598857814,0.0,-0.0019443979856152804,-18.297209581201113,0.0,-60.0,23401
-53.44845005455533,8.034819304992633,30.33438128632431,1.5053744680250363,-2.1988482056590652,-2.279846311055176,14.46198033000052,0.8724676195245527,0.9833013226262892,0.0,False,RUNWAY_EXCURSION,260,25.99999999999853,1,690412.1759390266,1327.246276415504,4392.077036586094,286.13122259906527,dry,0.9764776638128275,3.476282101926853,-0.8780995761920072,0.0,0.0,2.2680948729926866,1013.8150792174189,0.9913217589493892,nan,nan,nan,nan,105.02681216529643,0.9833013226262892,4.943146509748448,125.16631630341665,135.17962160769,1728701086,12.22816997845908,3.7909306849009825,4.002725470880436,8.684533386582277,0.0,0.0,0.29499039678788685,0.0,0.0,-2.5999999999999885,-1.8650181698454893,0.0,-0.649449111062384,0.0,-0.050218408810159376,-17.28511428244797,0.0,-60.0,23661
-51.843400304439406,9.05223391898509,30.439595620048507,0.3004068803433157,-2.150017771127676,-2.1933645046943053,8.381160776933195,0.8800016369991923,1.10985307203444,0.0,False,RUNWAY_EXCURSION,286,28.59999999999838,1,723209.1861159618,1331.9362191416903,4353.573548131379,193.3672279823654,dry,0.9650548192917774,6.325019070228036,-2.4227290924773976,0.0,0.0,4.216024849677368,1014.7639592981302,0.9940396667883775,nan,nan,nan,nan,111.94956830193655,1.10985307203444,6.431418957039572,128.47353925080463,138.751422390869,2106327850,14.1748856842747,4.407013135922236,4.42652793753198,9.689179016128548,0.0,0.0,0.332955921610332,0.0,0.0,-2.859999999999983,-2.6039645035856567,0.0,-0.15288350056936717,0.0,-2.804319291991167e-05,-19.257085952559276,0.0,-60.0,23947
-51.20779863519116,9.411059030405907,30.038928450124207,0.35016866120036205,-2.0503013280609257,-2.0851098201897598,8.386115002421134,0.864754926678778,1.0944799328701151,0.0,False,RUNWAY_EXCURSION,290,28.99999999999836,1,724096.2475219262,1328.7847402463597,4333.842000099369,325.62775086848313,dry,0.9630575156243719,4.577671899208634,3.384861976333206,0.0,0.0,2.5398635017625883,1012.7713778169662,0.9901954394052006,nan,nan,nan,nan,107.9522190980851,1.0944799328701151,4.4820339163428,128.3093101551914,138.57405496760674,815020182,14.77062414297114,4.273643765803859,4.581416866017038,9.826774763165695,0.0,0.0,0.3283439798610346,0.0,0.0,-2.899999999999982,-2.8538588112663925,0.0,-0.12480185032193399,0.0,-5.6939165775523135e-05,-19.10988455225581,0.0,-60.0,24237
-46.6681823057916,8.424442115962972,30.103989171557117,0.7341484207581521,-1.6929665379432153,-1.7600360359334073,9.396748425026953,0.8308206566798146,1.5764280873188454,0.0,False,RUNWAY_EXCURSION,306,30.599999999998268,1,710772.8050071858,1329.304691563689,4368.098497836068,427.7172853018972,dry,0.9980502143763699,2.244468190970905,3.913827001566024,0.0,0.0,-2.7471325149476256,1011.8295820620576,0.9870131272642135,nan,nan,nan,nan,127.32935524559834,1.5764280873188454,7.62930132705975,126.02063642245643,136.10228733625297,1472190200,17.748285690722,4.380596964884862,5.101749805073575,10.489821963661798,0.0,0.0,0.47292842619565384,0.0,0.0,-3.0599999999999787,-2.413021648817165,0.0,-0.2256663971642992,0.0,-0.008618920408073633,-19.154258189939963,0.0,-60.0,24543
-51.570266905543406,9.629831900179695,30.052285114688495,0.3890409742804544,-1.813785296281629,-1.8444426456013407,7.243027109686127,0.8651901423796875,1.4404255763566596,0.0,False,RUNWAY_EXCURSION,296,29.599999999998325,1,692274.3804828218,1323.4509133801248,4782.41180071436,204.8521295498375,dry,0.951745399986104,0.27774926487625873,1.6821165857767943,0.0,0.0,-2.297153641085279,1014.0768853254363,0.9935596022124784,nan,nan,nan,nan,122.47448169659535,1.4404255763566596,7.229006085690095,124.32994333982455,134.27633880701052,2040324894,16.534411965825853,2.8097103924782005,4.169332574751041,10.11804519145313,0.0,0.0,0.4321276729069979,0.0,0.0,-2.959999999999981,-3.049907119779186,0.0,-0.10520682271581505,0.0,-7.913441245239573e-05,-19.518701626051172,0.0,-60.0,24839
-42.17397542068022,8.56474740015065,30.130035320495633,0.6122366727390987,-1.9417358020344189,-1.9756015240055644,11.733419411841925,0.8463501905401553,1.737601638067133,0.0,False,RUNWAY_EXCURSION,348,34.79999999999803,1,747126.2825691098,1325.7647724069184,4416.644698788167,496.2905111083062,dry,0.9720260654835953,7.896840778891399,-1.4390864600169637,0.0,0.0,3.96595443877601,1015.5417687318626,0.9853456504420792,nan,nan,nan,nan,133.41173333291167,1.737601638067133,6.407762902600513,130.47476937352252,140.91275092340433,1396850658,22.292735317325214,5.473712745793293,6.56970715625586,12.110580904137652,0.0,0.0,0.5212804914201397,0.0,0.0,-3.47999999999997,-2.8363893904309756,0.0,-0.35926541389182487,0.0,-0.17435112907641614,-22.29198610221321,0.0,-60.0,25187
-42.225509203534884,7.416499606164444,30.53023630844055,0.6229900941456762,-2.1158750080748736,-2.1474225941842966,9.490968601011842,0.8694257364355586,1.576783076051811,0.0,False,RUNWAY_EXCURSION,366,36.59999999999793,1,729765.5000937005,1322.674217423956,4342.314853205542,375.29487786647775,dry,0.9698496150746124,5.479605677845412,-0.4019589011942122,0.0,0.0,-1.2692469519925256,1014.3766183451336,0.9886181458843414,nan,nan,nan,nan,127.90201343098369,1.576783076051811,5.268501032315029,127.86260325535059,138.09161151577865,1804554973,22.158467314173457,6.358799596579002,6.41154957790872,12.678144818621014,0.0,0.0,0.47303492281554327,0.0,0.0,-3.659999999999966,-2.236848300601652,0.0,-0.23691490133389762,0.0,-0.008071045041846603,-24.163671186655233,0.0,-60.0,25553
-35.29318723770312,7.493911352155708,30.45846462378516,0.46146212543912346,-1.7371852894239337,-1.7564950776575154,8.34371342176037,0.8588550092004237,1.7514961685526487,0.0,False,RUNWAY_EXCURSION,409,40.89999999999768,1,744512.3840665532,1331.1475622611754,4450.152350429182,335.25198064961774,dry,0.9714425387677308,4.219664200924415,0.5531942148310329,0.0,0.0,2.4898336366163125,1011.5010238536638,0.9899116020839718,nan,nan,nan,nan,127.7690981666132,1.7514961685526487,0.9763806066030867,130.17606967795862,140.59015525219533,1478428095,27.674409716133287,8.262738169152447,8.147429990555525,13.476045093173163,0.0,0.0,0.5254488505657946,0.0,0.0,-4.089999999999957,-2.55210125641922,0.0,-0.10932648442214843,0.0,-0.009813352295142918,-26.618017964146787,0.0,-60.0,25962
-41.98397287445549,9.854224759509963,30.345309423958028,0.4413209170753293,-1.5357577910234512,-1.5589578331899174,9.570296754788387,0.8508488100954945,2.112988886629523,0.0,False,RUNWAY_EXCURSION,402,40.19999999999772,1,728246.5277723249,1325.8241369303305,4730.509394744519,313.88465396087827,dry,0.9850215464907891,5.1088182074800095,-0.35594687320941265,0.0,0.0,-0.6458637534153864,1011.8193557877664,0.9904043385732348,nan,nan,nan,nan,140.9920709116486,2.112988886629523,3.886473781766391,128.0296492047539,138.27202114113422,1511830742,27.57002035894109,3.250816255372093,7.0011543038710515,13.487114332698246,0.4933187591377242,0.0,0.6338966659888566,0.0,0.0,-4.019999999999959,-4.337389970621949,0.0,-0.17178723461483464,0.0,-0.06682681839977761,-25.82428952682794,0.0,-60.0,26364
-22.513409944412402,16.955356493101885,60.500172493138294,11.165497069077189,45.21780116915748,14.99049790841869,12.996426751412884,0.6800740236513,751.7290181121471,0.0,False,LOSS_OF_CONTROL,521,52.099999999997046,1,755104.7290004997,1331.8675165160357,4518.511612146725,178.95931983965184,dry,0.984648955560021,6.6732798448676505,0.7469429694891958,0.0,0.0,-0.2310389811023823,1015.9553809499881,0.9726791431819368,41.399999999997654,1484.1017997708768,44.699999999997466,nan,109.62531195887343,751.7290181121471,5775.845064642935,130.19736595924826,140.61315523598813,835202397,43.36264996989035,3.0080101710725216,8.459707914752926,13.520641217730898,2.7793124634333832,10.205788582797064,30.000000000000007,0.0,0.0,-5.209999999999933,-16.6354391580398,-1.6162996793714912,-1.51110655521249,-3.5473326265635263,-0.08652221567801141,-25.242820029224305,0.0,-80.0,26885
-64.97459947032682,24.992235911876506,68.5768762227138,60.03967546839061,39.86149221959627,11.29503829592344,34.09141537948413,0.7167988327299295,1012.8924474689414,0.09482758620689655,False,LOSS_OF_CONTROL,601,60.10000000000008,1,690562.1482476987,1324.5816292101133,4246.445334723987,165.60254036167177,dry,0.9983343235557207,4.104118810730679,1.1966570405455164,0.0,0.0,0.303883081554166,1014.2579390894293,0.9656460273789297,44.79999999999746,1648.5131375316366,48.599999999997245,nan,106.39078885468697,1012.8924474689414,3939.144606301091,124.72863196071854,134.70692251757603,1879383516,52.04192057005452,4.482063989922879,11.37002040186728,13.693894689154307,3.641403311456966,14.529305526198003,30.000000000000007,1.0999999999999999,0.0,-6.009999999999916,-38.301684921572985,-23.707193026828605,-8.311207803462711,-0.4671228047976928,-7.750313949027322,-31.28568545329132,0.0,-80.0,27486
-55.56550474606396,8.542325204980079,30.030103855141956,1.747065706813631,-2.0472598453200024,-2.054350614644564,12.045397378364008,0.8378440472949932,1.088186499995004,0.0,False,RUNWAY_EXCURSION,735,73.50000000001074,1,744329.5209117073,1328.3602516878366,4526.705270353086,484.7778448961024,dry,0.971981324718146,5.1218143603421415,-3.84659848015368,0.0,0.0,-1.8174077567851752,1012.4697715561857,0.985418609710852,nan,nan,nan,nan,100.80498718034391,1.0821846916377353,-0.4260292980141145,129.1301836928502,139.46059838827824,290117534,36.59658608199374,6.767009896915374,8.953446882246773,14.008054189554318,0.0,0.0,0.324655407491321,0.0,0.0,-7.349999999999888,-5.959324459123766,0.0,-2.052057194310672,0.0,-0.28211465019097154,-46.571760900639866,0.0,-60.0,28221
-39.63729183073956,22.123598142710485,106.31107879092728,19.02072920292254,45.166981377218335,11.918967892480397,9.820945030023617,0.7264705946304577,549.0267161036123,0.0,False,LOSS_OF_CONTROL,581,58.09999999999849,1,700630.049893093,1329.1185213785302,4776.478933006908,161.2443235600643,dry,0.990429716645093,0.7997736626323766,3.096124508099911,0.0,0.0,-0.9336092577234165,1014.973531530505,0.9789555547481787,49.49999999999719,1697.7226524461853,52.899999999997,nan,124.91274987159599,549.0267161036123,6298.755445748733,125.32058660073127,135.34623352878978,1243185673,45.041380682823934,3.8564289166219834,10.728137591699392,15.65074331840486,2.663596472878444,8.052480809856217,30.0,0.0,0.0,-5.809999999999921,-21.680705679122788,-12.122352272591074,-0.8624826295811656,-0.1897851124393799,-4.220743714666807,-30.74399021462323,0.0,-80.0,28802
-46.76004026911486,8.818860626128957,30.212527270250206,0.9008681630012922,-0.9336814346287161,-0.9608378387958879,6.141789967149428,0.8186333904887804,2.321812899166872,0.0,False,RUNWAY_EXCURSION,665,66.50000000000517,1,762207.014179682,1328.5858065472914,4363.628478405769,133.80117782943697,dry,0.992714856139291,7.787579049327216,-3.0739993539129555,0.0,0.0,0.2927824850428893,1012.6548520128597,0.9956719453821075,nan,nan,nan,nan,146.27811311682356,2.321812899166872,9.543729155612937,131.1403601201392,141.63158892975036,1549384411,35.74630820820924,5.18666773522435,8.001718557507651,16.674954869357062,0.4729867343224816,0.0,0.6965438697500614,0.0,0.0,-6.649999999999903,-5.746509036017023,0.0,-0.5002816277249144,0.0,-0.016837520967041553,-40.62559205877668,0.0,-60.0,29467
-23.919521654310294,15.88834840645301,45.75996559030078,60.90924638670859,33.45605922785981,10.92037170982754,25.315950817491093,0.7115744043639995,649.5940343681109,0.03076923076923077,False,LOSS_OF_CONTROL,735,73.50000000001074,1,706740.7003758992,1323.5334834155433,4242.4480399524045,188.88926105002446,dry,0.954256861658458,3.6115099348671738,0.881359985967404,0.0,0.0,-1.0436283674500721,1010.5837753677077,0.9752412976703305,63.400000000002706,2520.785480692912,67.10000000000565,nan,121.34169527266423,649.5940343681109,5450.664892677403,126.11481091630318,136.20399578960746,1815655708,63.63362985063427,5.256519971912604,12.474735128062942,15.855263785906015,3.453762837310894,9.416260469234732,30.0,0.2,0.0,-7.349999999999888,-20.615901898595105,-13.664625023240385,-3.6206546468410075,-0.18578690939943637,-1.2311758628179557,-37.54154935647781,0.0,-80.0,30202
-58.368034827226914,12.07281617988194,30.743230000987346,1.3874206200681822,-2.570301925528355,-2.588365222644875,10.168981344968374,0.8289077550086794,0.9276241714772766,0.0,False,RUNWAY_EXCURSION,462,46.19999999999738,1,753342.773457857,1322.7568921523339,4581.259840840201,234.346705671357,dry,0.9525466739390003,2.6067118014097774,-2.746634311832441,0.0,0.0,-1.8604089268056745,1015.7534941767813,0.9927335460379435,nan,nan,nan,nan,100.06785203584748,0.9276241714772766,1.0747375108502588,129.6897691247534,140.0649506547337,1128189815,23.667255338924093,3.280677055535466,4.824520860248852,12.371963624365769,0.0,0.0,0.27828725144318284,0.0,0.0,-4.619999999999946,-7.481981713011915,0.0,-2.1079328626060825,0.0,-0.001737411451093273,-28.579086970675093,0.0,-60.0,30664
-63.352192420554374,10.660027517948922,30.02818124473305,0.1855107916719386,-2.6920450854539846,-2.757510711254596,8.298648927089493,0.7868410428270008,0.29011199445437796,0.0,False,RUNWAY_EXCURSION,209,20.899999999998812,1,677280.3293494262,1325.6967613667493,4688.232158534734,321.5681525382317,dry,0.9509981006060717,6.953964430523606,-2.4350427298955064,0.0,0.0,4.840431681801765,1012.9334429287545,0.9904119411958971,nan,nan,nan,nan,68.4753364869513,0.29011199445437796,3.2704491650011924,124.57224240191569,134.53802179406895,806201099,5.4089689212918834,1.3343782901739725,0.8171155782237544,6.566578751707119,0.0,0.0,0.08703359833631341,0.0,0.0,-2.0899999999999994,-2.6388847796485004,0.0,-0.8433877204626465,0.0,0.0,-11.993995060176278,0.0,-60.0,30873
-50.474863334097535,10.325061099928297,30.59476232446689,0.8094200283107702,-2.140949871464379,-2.172359191563721,8.643149869865782,0.8530958962956161,1.2581417883977224,0.0,False,RUNWAY_EXCURSION,393,39.29999999999777,1,751055.7353631295,1326.5237644969834,4659.479808698109,346.49160495046635,dry,0.9540687487286212,1.4672227206080821,1.3205779020749104,0.0,0.0,4.233929263857925,1012.4672365606597,0.9896550779920481,nan,nan,nan,nan,112.89641271846963,1.2581417883977224,2.5488593344418575,131.07598516896144,141.56206398247835,666239354,21.99706702318674,3.6836572246823676,5.077735006498056,12.888284709204035,0.0,0.0,0.37744253651931703,0.0,0.0,-3.92999999999996,-4.655167386653361,0.0,-0.6927678749817987,0.0,0.0,-25.221114572552864,0.0,-60.0,31266
-55.89883045553818,10.118657814988207,30.255457124579696,0.8769111878139414,-2.0685394934267434,-2.1001352560465394,9.218220030248624,0.8490631705003685,0.966351421959132,0.0,False,RUNWAY_EXCURSION,314,31.399999999998222,1,692056.3282911285,1330.863659260212,4536.818725989041,227.65906743099112,dry,0.9675054611202732,6.04606313192653,1.019461967554332,0.0,0.0,0.10412891590940632,1012.1814242252475,0.9929589928089243,nan,nan,nan,nan,98.6636417068672,0.966351421959132,0.028961296370955125,124.94822654404801,134.94408466757187,908297867,15.658143269352678,3.039370656411178,3.335622948834365,9.589847626920902,0.0,0.0,0.28990542658773966,0.0,0.0,-3.139999999999977,-3.572176899635785,0.0,-1.0596641786255332,0.0,0.0,-20.039879305383685,0.0,-60.0,31580
-54.23765458939245,9.059904194858607,30.63408010813271,0.9911011923818801,-2.359913592709079,-2.384996466743131,9.69235872282715,0.837012292536454,0.8242444116679053,0.0,False,RUNWAY_EXCURSION,314,31.399999999998222,1,677791.4268275548,1325.3666589588927,4416.194167296779,284.2870130478178,dry,0.95291269803912,4.028182510659616,-3.1492075490138465,0.0,0.0,4.75450374823229,1011.8099513989832,0.9914536452203104,nan,nan,nan,nan,93.52931520750262,0.8242444116679053,0.7582893384380185,124.67011909494136,134.64372862253668,1043323488,15.041888923838252,3.791262327821936,3.612862164385189,9.855323130326331,0.0,0.0,0.2472733235003715,0.0,0.0,-3.139999999999977,-2.8637450335872456,0.0,-1.1146471662255844,0.0,0.0,-19.667872259451684,0.0,-60.0,31894
-58.879712198765375,7.659826148020475,30.11431945474757,0.6008422417562894,-2.664965342272975,-2.695867218103099,12.93863475390184,0.8512798484855439,0.45843323447456896,0.0,False,RUNWAY_EXCURSION,248,24.799999999998597,1,711680.7397248581,1324.9995020235867,4293.99183341779,122.02315751127763,dry,0.9662193544056641,6.940600771025348,2.36610018952746,0.0,0.0,-2.9974223334959325,1014.6563586544809,0.996016000893118,nan,nan,nan,nan,77.78078553969281,0.45843323447456896,2.718577359496379,125.8700931894833,135.93970064464196,1543657888,8.962927197840182,2.801585606753686,2.795847609673391,7.9312213110383345,0.0,0.0,0.1375299703423707,0.0,0.0,-2.479999999999991,-1.6167653645820828,0.0,-1.4562328470199508,0.0,0.0,-15.95582568281131,0.0,-60.0,32142
-54.48499556129161,11.478727797618266,30.116921210750814,0.9246488450258409,-2.1464844913636476,-2.1573967354315844,7.422789494246296,0.8197016846685905,1.0040054904865343,0.0,False,RUNWAY_EXCURSION,355,35.49999999999799,1,716621.6779561741,1326.510573866493,4320.814245689384,82.81643229202373,dry,0.9705078649633084,7.841228015846595,-0.03304078452797565,0.0,0.0,-0.28098607690312694,1015.7383283810562,0.9971777621406637,nan,nan,nan,nan,98.6236823114651,1.0038270761218513,-0.07078010015325376,126.83885056162606,136.98595860655615,1910160578,18.621351698890518,2.925303262558931,4.280661544658789,10.431242554298533,0.0,0.0,0.3011481228365556,0.0,0.0,-3.5499999999999683,-5.197247011932671,0.0,-0.555940207138846,0.0,0.0,-21.741515525463328,0.0,-60.0,32497
-57.61097073466428,9.212896476166756,30.298302653777753,0.42554386065166855,-2.563257007110984,-2.6004139514918876,8.468644437014639,0.8420144374999733,0.5283362334771482,0.0,False,RUNWAY_EXCURSION,240,23.999999999998636,1,689067.8253617496,1327.2912840948193,4231.608004162786,282.6463351945323,dry,0.9613737140698749,4.583583300611018,3.187700705784547,0.0,0.0,1.457100746035767,1014.5555140473713,0.991409656795695,nan,nan,nan,nan,83.31545382354754,0.5283362334771482,3.9352259314943794,124.82410715662742,134.81003572915762,156652360,8.40182181136899,3.463455750188649,2.7346655450906647,7.883861797841461,0.0,0.0,0.15850087004314448,0.0,0.0,-2.399999999999993,-2.263398972815089,0.0,-0.45455304046546713,0.0,0.0,-15.135324495916636,0.0,-60.0,32737
-60.00328694157569,11.872797112984282,30.09032242862485,0.6612304643553443,-2.874461610846979,-2.8994735369687072,8.833341669880046,0.8261122475813809,0.43255795186865953,0.0,False,RUNWAY_EXCURSION,253,25.29999999999857,1,754828.0450535337,1329.6320745583625,4300.1366505431615,85.49065172561804,dry,0.9851288110935857,0.2683180560884635,-2.1405407173164868,0.0,0.0,-0.7342769776288627,1014.816477696131,0.9971313451433976,nan,nan,nan,nan,78.5288035997234,0.43255795186865953,2.6426343002501262,130.1326599855603,140.54327278440513,2005843176,8.664237626250376,2.557194078069333,3.095748242405783,8.11522725198282,0.0,0.0,0.12976738556059786,0.0,0.0,-2.52999999999999,-3.9626353061533606,0.0,-0.460273258380599,0.0,0.0,-15.612552961310639,0.0,-60.0,32990
-54.53657274469583,20.023199462980333,106.32697313322365,61.09151867997239,5.972933189969102,3.8134778467493007,11.630835468637795,0.7609400140565067,67.86456424741363,0.0,False,LOSS_OF_CONTROL,560,55.999999999996824,1,721193.3039487372,1322.2532291784278,4558.695728887509,197.47931532132833,dry,0.9556243814320149,5.528531092577532,-1.101757820278657,0.0,0.0,1.4222839608240827,1014.5360442843088,0.9922482258219353,50.49999999999714,1744.1005484741331,nan,nan,164.64068828901165,56.9107305048193,-1369.0957897679032,127.6942628224163,137.9098038482096,1141051469,42.39048961282483,4.193813374397788,10.792269879126257,15.531271949439004,5.054188046742804,2.540348753367533,17.073219151445787,0.0,0.0,-5.599999999999925,-17.604106641582845,-16.518163540303675,-1.3263869251277998,0.0,-0.09555238999520245,-30.96796401503041,0.0,-80.0,33550
-41.02320634077833,7.070138048470777,30.107734163780638,0.5471206189989963,-1.6790169511979138,-1.7054163852202806,8.92068617306423,0.8278816099460905,1.4579814534592401,0.0,False,RUNWAY_EXCURSION,373,37.29999999999789,1,708168.9773455518,1328.9311241992568,4798.66701114718,274.6376042830458,dry,0.9829874280888286,2.2398552417370716,1.3807382680959797,0.0,0.0,-0.37468029856358065,1011.9861144058351,0.9915685851593408,nan,nan,nan,nan,118.59516287406854,1.4579814534592401,3.6743411832326345,126.30156497710456,136.40569017527292,768359333,20.717165197670674,7.145484724260241,6.924223538932114,12.797214954984927,0.0,0.0,0.43739443603777206,0.0,0.0,-3.7299999999999645,-2.071677311679327,0.0,-0.2807514400248103,0.0,-0.0045454640318834715,-22.95771497692806,0.0,-60.0,33923
-49.6219229541241,8.088000459773527,30.64118744920085,0.33977403836414344,-2.034006609527465,-2.054692606739588,9.393590160778386,0.8315408526601533,0.9040914344899988,0.0,False,RUNWAY_EXCURSION,318,31.7999999999982,1,692342.4158610671,1330.9142087640214,4432.8737152098765,271.85679630606353,dry,0.9562507560276776,5.53996396362506,2.940870062444846,0.0,0.0,3.8534469640705025,1014.6274266692261,0.9917919636021079,nan,nan,nan,nan,94.46405440870828,0.9040914344899988,0.8076844909056469,125.63248408492402,135.68308281171795,1444696807,15.134799680676277,5.082734514386752,5.5310273671627845,9.980726440607718,0.0,0.0,0.2712274303469996,0.0,0.0,-3.179999999999976,-2.3113565507844873,0.0,-0.37660714194358197,0.0,0.0,-19.75447469457657,0.0,-60.0,34241
-41.744935656410625,7.963656589619362,30.36286317655212,0.800890409266525,-1.4724290244575697,-1.480585483131762,8.362342776034337,0.8071888263941494,1.7828253191154317,0.0,False,RUNWAY_EXCURSION,353,35.299999999998,1,712530.1347037123,1324.454433327385,4387.891964329022,87.02415714705192,dry,0.9800222543772142,0.9585149624643501,1.7470897356203974,0.0,0.0,2.1937397479581495,1015.0205756439788,0.9970686514861359,nan,nan,nan,nan,127.54280586854298,1.7828253191154317,3.199708996502988,127.06361753407195,137.22870693679772,1227350964,21.33426132674375,5.481761525470717,6.4421125212146695,11.822881172307104,0.0,0.0,0.5348475957346295,0.0,0.0,-3.5299999999999687,-2.4874665195464365,0.0,-0.19970765482043354,0.0,-0.020711312804409958,-21.122914310710264,0.0,-60.0,34594
-66.10539282540644,10.9714488759621,30.157287157248607,0.4990154403150932,-2.7930155979263094,-2.9607531762476635,11.592044134334602,0.8471922794008645,0.1066081840856441,0.0,False,RUNWAY_EXCURSION,205,20.499999999998835,1,704113.6547260538,1324.9043778606704,4284.159792169636,178.73622633377673,dry,0.9587261016796517,5.387305703044686,1.6406363182375077,0.0,0.0,1.8331485851017986,1011.6298555488125,0.9944397401435515,nan,nan,nan,nan,56.09712887615805,0.1066081840856441,2.8004155495844607,126.44385616009743,136.55936465290523,546762614,4.787771150236389,1.600518030783422,0.9170368370798015,6.060677808699671,0.0,0.0,0.03198245522569323,0.0,0.0,-2.0500000000000003,-2.7418223933065833,0.0,-1.575029529734419,0.0,0.0,-13.136527184390411,0.0,-60.0,34799
-65.71346277675792,12.705452919863172,30.077011341586115,0.5458645098564142,-2.9259922550207578,-3.098064504558169,11.098811534322783,0.8823016804768691,0.21476398170455013,0.0,False,RUNWAY_EXCURSION,242,24.19999999999863,1,752786.630574237,1326.2186659843676,4406.4863373876,179.20613158085231,dry,0.9844620625915577,5.31783903154128,-0.24884165868291452,0.0,0.0,1.040698928465229,1014.5485885028426,0.994433790136582,nan,nan,nan,nan,65.26961074546338,0.21476398170455013,2.312360805159255,130.37444446323465,140.80440002029343,691209253,6.8803218925035985,2.0879703326592787,2.163322847988904,7.191254915466322,0.0,0.0,0.06442919451136503,0.0,0.0,-2.4199999999999924,-4.340633911502668,0.0,-0.9877377285277682,0.0,0.0,-16.352390319856962,0.0,-60.0,35041
-66.72970781390077,10.589470461642962,30.199618210211945,0.3617782342715238,-2.724448621594557,-2.8965786194267693,11.662810130554623,0.8822035421595045,0.1068642152049506,0.0,False,RUNWAY_EXCURSION,209,20.899999999998812,1,703165.5361368783,1328.9453052492568,4282.337494364736,413.1496241203308,dry,0.9879310678052848,4.9203356784946015,3.6766346982982543,0.0,0.0,3.236835522265861,1013.3769891345161,0.9877344415402751,nan,nan,nan,nan,55.890518284702345,0.1068642152049506,2.883451226463123,126.55491597991644,136.67930925830976,1545136976,4.939449557793789,1.8234187152561636,1.0102459097865075,5.848807903963229,0.0,0.0,0.032059264561485175,0.0,0.0,-2.0899999999999994,-2.604067654835983,0.0,-1.602296915859524,0.0,0.0,-14.08732459456644,0.0,-60.0,35250
-59.94842620955842,8.992902381202743,30.264242738279897,0.5169540309369568,-2.957826481753665,-3.086817520095539,8.918304897353725,0.8766923205306133,0.2460107236715885,0.0,False,RUNWAY_EXCURSION,272,27.19999999999846,1,755821.7990620687,1324.959827874976,4623.709413720035,428.6473733584243,dry,0.9875200920009894,4.4338579660844735,-0.5630500035292361,0.0,0.0,-0.5969034113348917,1015.1839587794049,0.987138367674979,nan,nan,nan,nan,64.80316218369444,0.2460107236715885,0.9914223726348581,130.2258332532938,140.64389991355733,1276249595,9.230224758238815,4.320704969905396,3.234078208862037,7.225250625415459,0.0,0.0,0.07380321710147655,0.0,0.0,-2.719999999999986,-2.4441404178547796,0.0,-0.6760184035783556,0.0,0.0,-18.192329167648452,0.0,-60.0,35522
-67.70772330529637,11.257710513163092,30.21952850360288,0.38658439518322446,-2.72718485808064,-2.904894394203072,9.933340057806982,0.8684272935709076,0.09249082390670083,0.0,False,RUNWAY_EXCURSION,222,22.199999999998738,1,688475.287852294,1325.8504560391884,4749.969478853962,55.44829731352624,dry,0.9535378349492301,2.1555534219461245,1.4636343216585552,0.0,0.0,-2.2398586516491736,1013.556873001379,0.9979851187127948,nan,nan,nan,nan,53.940886329136724,0.09249082390670083,2.5239695990794075,124.03255327571044,133.9551575377673,1083230752,4.914882759462487,1.2395363469348701,0.9640155096007286,6.38728159607193,0.0,0.0,0.027747247172010246,0.0,0.0,-2.2199999999999966,-3.1261558012885087,0.0,-1.2502189882701187,0.0,0.0,-14.644811974979772,0.0,-60.0,35744
-66.32059517188188,9.593056360584038,30.34655411916433,0.2409848411831043,-2.746667263795271,-90.0,12.770382569790675,0.8758318563130335,0.06455436437209983,0.0,False,RUNWAY_EXCURSION,231,23.099999999998687,1,702023.7581571566,1327.3878479188745,4753.419306165094,343.90727712893744,dry,0.9940486674598058,6.2291954923809145,-2.096856651447603,0.0,0.0,2.368686545368707,1015.3942738878745,0.9896852325490846,nan,nan,nan,nan,47.60166774308564,0.06455436437209983,0.8526755162820976,126.13812561806269,136.22917566750772,725658830,5.9080947665760135,2.4950495109091353,1.915390015040203,5.261394228435668,0.0,0.0,0.01936630931162996,0.0,0.0,-2.3099999999999947,-2.362019411991774,0.0,-1.6629348825689454,0.0,0.0,-15.584935707593804,0.0,-60.0,35975
-68.47198847359815,10.202279883830498,30.424119938864692,0.23721155675368666,-2.7048867704614743,-90.0,15.214092843498818,0.8865757932265601,0.04179406708854572,0.0,False,RUNWAY_EXCURSION,192,19.19999999999891,1,685810.5498962521,1326.6069808920345,4500.766956401809,217.21206049259362,dry,0.9793106534378272,3.1909598358900935,-1.8535835883017162,0.0,0.0,1.5194997839174613,1010.3554740516234,0.9933318930760676,nan,nan,nan,nan,45.24434609524006,0.04179406708854572,1.0761406605327828,124.80073793634455,134.78479697125212,1633503581,4.042601584191467,1.105335610828606,0.8949738291219168,4.93815652198009,0.0,0.0,0.012538220126563714,0.0,0.0,-1.9200000000000015,-2.220512316330932,0.0,-2.3137253494726018,0.0,0.0,-13.011356574043257,0.0,-60.0,36167
-65.83244311383297,9.882434773346262,30.078829667648186,0.1729791541042991,-2.7709304216695565,-2.954702554128634,11.214332497097816,0.8934595071992208,0.11284592884737776,0.0,False,RUNWAY_EXCURSION,215,21.499999999998778,1,718256.9197655505,1328.925089351611,4343.874871181526,128.42763148164295,dry,0.9746187088924032,2.850379887303194,2.2302700631751162,0.0,0.0,1.6619776716559684,1010.8925003571745,0.9959126806606466,nan,nan,nan,nan,54.649341543610475,0.11284592884737776,1.7921140705727368,127.71631357918552,137.93361866552038,840995399,5.49569968489245,2.1763800453055597,1.2735292003223526,5.835168088187842,0.0,0.0,0.033853778654213344,0.0,0.0,-2.149999999999998,-2.333049018403369,0.0,-1.3939122827316648,0.0,0.0,-14.770112610060353,0.0,-60.0,36382
-65.77932740706298,11.223128322360889,30.075987413803446,0.5227918078308283,-3.0004577155063057,-3.2332903163871443,10.468520102049965,0.9006698132829465,0.13554689357249572,0.0,False,RUNWAY_EXCURSION,235,23.499999999998664,1,760827.320867429,1323.4194606300625,4713.440556930882,47.63976204664433,dry,0.9658639867816843,5.595596481790173,-0.3107736167297728,0.0,0.0,-2.693210077891959,1014.8270988248664,0.9982390078822388,nan,nan,nan,nan,58.093471419445954,0.13554689357249572,1.8706354482148413,130.2021027058814,140.6182709223519,704750836,6.329146163781313,2.3043747020192282,1.9037187845594787,6.538608200152015,0.0,0.0,0.040664068071748716,0.0,0.0,-2.349999999999994,-3.2889192438824564,0.0,-1.0042507615441827,0.0,0.0,-16.252669320220118,0.0,-60.0,36617
-64.32233422229383,11.716270857523199,30.046533250994017,0.5721557739204881,-2.8326473719214302,-2.9955468218039654,11.561098755621636,0.8855900402459722,0.22089883534624732,0.0,False,RUNWAY_EXCURSION,236,23.59999999999866,1,713918.8948762148,1324.399934848441,4653.819704425743,304.6718670890094,dry,0.9588077499666064,1.9309523465043492,-3.795132955227915,0.0,0.0,-2.3358822658258926,1010.079951361703,0.9906680318246974,nan,nan,nan,nan,61.80267611053509,0.22089883534624732,1.4469408471537726,126.4996104910659,136.61957933035117,1911849612,7.035072106233045,2.7200174932289904,2.266565350213166,6.653105195947178,0.0,0.0,0.06626965060387421,0.0,0.0,-2.3599999999999937,-3.599550740268443,0.0,-1.0761387495503256,0.0,0.0,-16.027674528701326,0.0,-60.0,36853
-70.1829577710705,13.090933733820643,30.165560621976894,0.16418069858459636,-2.8116857521709124,-90.0,8.575555712906862,0.8957805420343686,0.05358051749553283,0.0,False,RUNWAY_EXCURSION,260,25.99999999999853,1,720086.6039800966,1326.8706293858495,4346.406014083398,117.99015784109301,dry,0.9601107447170614,3.4074232332981733,-2.732460030805322,0.0,0.0,2.655029988687888,1010.4890042821443,0.9962219631884127,nan,nan,nan,nan,46.27406817610444,0.05358051749553283,0.2494729310395627,128.12335842830348,138.37322710256777,566779217,6.623507340227783,1.6640787130113617,1.8406908377396067,5.769036187513409,0.0,0.0,0.01607415524865985,0.0,0.0,-2.5999999999999885,-4.950762440672627,0.0,-0.6764094913895389,0.0,0.0,-17.869173072749142,0.0,-60.0,37113
-68.72814349635841,12.94279440271559,30.026885811145704,0.2767998174597541,-2.7795426223009145,-3.037771603645546,9.511171125035409,0.9054049726496352,0.10067241847227137,0.0,False,RUNWAY_EXCURSION,235,23.499999999998664,1,701476.5418948298,1325.1071407665715,4210.995974395411,127.89858407970527,dry,0.9689365571913368,4.804030676715858,-2.4763109233600593,0.0,0.0,-2.879059687818798,1010.3179180481688,0.9958571355107269,nan,nan,nan,nan,51.48399957023632,0.10067241847227137,0.912684657696623,125.25846998310847,135.27914758175714,487817217,6.092233426738152,1.7171930691704174,1.485288123526232,6.075684523010992,0.0,0.0,0.030201725541681417,0.0,0.0,-2.349999999999994,-4.374026981497447,0.0,-1.0152951286657625,0.0,0.0,-16.389422254182673,0.0,-60.0,37348
-18.450867005550307,10.209821444925215,30.887604359679617,60.59589529832036,25.21276492779058,9.529368340970036,30.228315777742697,0.6907602976381931,687.7306284960265,0.3132530120481928,False,LOSS_OF_CONTROL,516,51.599999999997074,1,717785.9666586157,1330.5572597606927,4736.1393299475585,104.01688075209908,dry,0.9825877456291,2.816251826859083,-0.5307283937911174,0.0,0.0,0.005498464369133593,1015.2548018895261,0.9766869394528704,40.09999999999773,1367.619995997849,43.39999999999754,nan,128.4481086306915,687.7306284960265,3785.3812151273924,127.03523584264224,137.1980547100536,1533673821,43.17151008545908,8.56141458258694,10.098480258465896,12.413972249246665,2.711461481995541,10.972939533825356,30.0,2.600000000000001,0.0,-5.159999999999934,-5.976452692402609,-16.958110309321377,-4.745178314095631,0.0,-0.7154559593401225,-25.425447921970047,0.0,-80.0,37864
-64.71748422949027,10.499433922259668,30.020303684566787,0.25109790507575297,-2.6597876261495235,-2.7075217887177563,9.426712715314432,0.8762233733935114,0.2400372128302095,0.0,False,RUNWAY_EXCURSION,203,20.299999999998846,1,675068.9271224376,1327.4741554138807,4386.224976845017,43.89071065672756,dry,0.9933808183820633,3.0671604476790595,3.3749988639721513,0.0,0.0,0.5753653963704899,1012.2405811701526,0.9983284822545272,nan,nan,nan,nan,59.83767174626137,0.2400372128302095,0.9715849034497737,123.50241327852521,133.38260634080723,1338284201,5.766811315698008,1.768916989047217,1.1407334921331351,5.4641115447951805,0.0,0.0,0.07201116384906285,0.0,0.0,-2.0300000000000007,-2.4864818750714544,0.0,-0.8028239362713756,0.0,0.0,-13.610762923670032,0.0,-60.0,38067
-64.05104335913705,13.881029657545437,30.275014098780215,0.5060364299044529,-2.636307523189848,-2.6383619891972705,5.362119987626099,0.8534277997094711,0.33618668300127297,0.0,False,RUNWAY_EXCURSION,286,28.59999999999838,1,684641.4194182211,1327.8410770596142,4328.563735683623,209.8072803261214,dry,0.9589153569659667,7.529903486153636,-0.9764330922205309,0.0,0.0,1.7991704467294767,1015.9051865149521,0.9935428462393616,nan,nan,nan,nan,65.2084395616735,0.33618668300127297,0.1999512420074545,124.41327387128204,134.36633578098463,104252791,11.023309799494067,1.5033520419085253,4.028968124902207,6.9024711298363615,0.0,0.0,0.10085600490038193,0.0,0.0,-2.859999999999983,-6.123037058349514,0.0,-0.12832970735912202,0.0,0.0,-18.498633694469962,0.0,-60.0,38353
-71.32988124749497,14.081733141204321,30.065099466909306,0.26407368193150005,-2.9745645256959876,-90.0,8.630836539329325,0.8981920428863331,0.027642252197679795,0.0,False,RUNWAY_EXCURSION,249,24.89999999999859,1,767112.0873664987,1326.12456474711,4642.360388857939,80.06030045969781,dry,0.9825938632586607,5.5761892657285355,1.2905222257499829,0.0,0.0,4.243407572555348,1011.514928719562,0.997346226141483,nan,nan,nan,nan,43.08186042823886,0.027449315047675782,-0.02368008997390092,132.53416311328806,143.13689616235112,180421576,6.459316126863618,1.191635013243414,1.9362270348885358,4.900572620318596,0.0,0.0,0.008234794514302732,0.0,0.0,-2.489999999999991,-5.486167428529216,0.0,-0.6265900424358928,0.0,0.0,-17.223109366358326,0.0,-60.0,38602
-55.90621954120196,10.439626963750564,30.540439823336616,0.7810707052302159,-1.8552843716317005,-1.900060234648362,8.083712693465092,0.8657043347220694,1.2410395601256141,0.0,False,RUNWAY_EXCURSION,334,33.39999999999811,1,724385.6140990468,1325.5072402073633,4516.88200112384,284.15515226880007,dry,0.9892532601547147,0.9553669003214917,-0.366013422047915,0.0,0.0,-2.5342357858461373,1011.5674944975477,0.9912317425002225,nan,nan,nan,nan,112.99569338992433,1.2410395601256141,6.446703785781995,127.28562225321222,137.4684720334692,809899613,16.64665839149951,2.006463163825857,4.093580520110597,10.825445156595977,0.0,0.0,0.37231186803768423,0.0,0.0,-3.3399999999999728,-4.0445845468352735,0.0,-0.43663038976474433,0.0,0.0,-22.02946370467156,0.0,-60.0,38936
-61.501410483993645,12.975362866282916,30.090677987871654,0.7604135634292378,-2.449685483701381,-2.4502999930366003,9.728497695830345,0.8481742262480124,0.6966883285219296,0.0,False,RUNWAY_EXCURSION,331,33.099999999998126,1,737557.3838197547,1322.0263485286027,4736.259501629334,284.6040693892942,dry,0.9682344805955111,7.479890619595422,1.839128738996139,0.0,0.0,4.306090032124774,1012.2988067867363,0.9914441098905044,nan,nan,nan,nan,84.45001136556054,0.6966883285219296,0.10176813579448662,129.91959767994555,140.3131654943412,1788089690,15.350332838462316,2.388822610017561,4.108688197594998,8.047727077373864,0.0,0.0,0.20900649855657885,0.0,0.0,-3.3099999999999734,-6.191908193375249,0.0,-0.8585875791061941,0.0,0.0,-21.245491933517478,0.0,-60.0,39267
214.035565981758,10.607047240871427,23.132394181825063,2.8800106478187413,10.236845302219072,4.339691586790719,5.312934381042841,0.7614467766284945,299.5890548753628,1.0,True,SUCCESS,500,49.999999999997165,1,673868.090748458,1324.1870461090894,4420.607175647359,472.57020430898484,dry,0.9918833330205609,3.3015541978062073,1.26396924043422,0.0,0.0,3.6777069727112375,1014.5341741397316,0.9775215346036531,40.499999999997705,1555.9805830389353,45.09999999999744,44.999999999997165,148.3187891835822,299.5890548753628,1949.7584232035915,123.91336595581834,133.8264352322838,860813095,45.09131014618627,5.183224823098864,10.48400280766224,11.572207243259976,8.250886530506724,8.232063958861636,30.0,4.999999999999998,129.16666666666785,-4.999999999999938,-6.250525065004338,0.0,-0.0635517828519823,0.0,-0.011655068192592844,-27.61906427843669,0.0,0.0,39767
216.24036196946173,3.8723229223028497,14.461901351959998,9.011127170436373,14.488371853370566,6.654712652530104,7.280607532354004,0.7323842570129845,352.7424934551436,1.0,True,SUCCESS,445,44.49999999999748,1,692888.2524840506,1324.7943750001605,4435.571218302177,468.75479490405706,dry,0.9680032425869578,7.870143243957923,-3.6078471174275237,0.0,0.0,2.2794396245634854,1012.2991400688071,0.9760108099616944,35.79999999999797,1260.3705987934684,39.599999999997756,39.49999999999748,147.99905332776916,352.7424934551436,2039.7361235661078,125.48686534094392,135.52581456821943,1690280743,38.124963273234364,9.062442754734843,9.245743715826588,11.27317751689279,4.536473416174957,7.921881156352639,30.0,4.999999999999998,131.4583333333344,-4.4499999999999496,-0.7414137491659414,-1.1306646440280863,-0.13826070658334794,0.0,-0.4203577864875544,-23.501956310823953,0.0,0.0,40212
214.9578147802164,4.096224405170531,8.246427601709069,7.1143407602011655,12.77527719903263,4.992437790779071,4.066512045452442,0.7659778418464918,338.89167510537976,1.0,True,SUCCESS,439,43.89999999999751,1,676156.7683619539,1322.2649059201656,4234.09169789328,359.056565917069,dry,0.9599193897921224,1.3929792679042858,3.1619806864591387,0.0,0.0,-2.2414622550494974,1010.8993544486353,0.9792164145858857,35.199999999998006,1262.185640135359,38.99999999999779,38.89999999999751,149.43188234901635,338.89167510537976,2108.2490209511875,123.07903701752517,132.9253599789272,679605935,37.402123358133224,7.835063477902633,9.549123197905908,10.90250902501568,4.643768511386534,7.953762973188558,30.0,4.999999999999998,131.70833333333437,-4.389999999999951,-0.8184449857476598,-0.4051810440550265,-0.00655748220515017,0.0,-0.02359645946588838,-24.393089125176736,0.0,0.0,40651
221.01215439996898,8.06266043395825,40.73187658155667,9.10259435397059,11.302639436459973,5.45865593515759,5.332039499610762,0.7496537089937619,254.3881977594686,1.0,True,SUCCESS,539,53.89999999999694,1,768163.3543355764,1326.2655444168174,4347.051147598442,427.5513885607824,dry,0.9997612011966787,2.989355738020233,2.8126528546149383,0.0,0.0,2.5001213240091635,1011.2028223629871,0.9800199882782432,44.79999999999746,1700.9301635192085,48.99999999999722,48.89999999999694,149.98148643161645,254.3881977594686,1203.3727390589545,132.2493960708249,142.8293477564909,514041964,47.998413434178325,11.129164406914326,11.477178751829694,14.089954135551748,5.863057215311177,7.937135323917797,30.0,4.999999999999998,127.54166666666794,-5.3899999999999295,-3.893166652701915,-1.3458767860558447,-0.07428740517751509,0.0,-0.1880447358065408,-29.133039954660273,0.0,0.0,41190
-30.61889543173315,27.499031442418445,101.53466544331842,61.45592315626993,22.214858031586385,10.872712584699821,17.773663436819664,0.6792667477643568,514.9231760761004,0.2589928057553957,False,LOSS_OF_CONTROL,541,54.09999999999693,1,684012.327236995,1327.1583023231292,4466.7633019955265,355.9277074910419,dry,0.9580411166959342,3.32156874462215,1.2132577361872712,0.0,0.0,1.1091389413557398,1015.8838791162963,0.9744894803139786,35.399999999997995,1298.4211388028293,40.299999999997716,nan,151.71531954051636,514.9231760761004,4868.985514663102,124.2093421761623,134.14608955025528,1700138881,54.8562982559045,5.383810286203545,11.243513506175386,10.795749070979321,7.3689769355321415,13.750490711064131,29.999999999999996,3.600000000000002,0.0,-5.409999999999929,-23.723388456016064,-26.343060528321686,-0.9482014455317965,-0.07061214847375011,-4.987593248422258,-26.134878370826545,0.0,-80.0,41731
-12.793252345082294,13.34451058422837,41.96327815914276,60.882230295650324,10.901800288586157,3.716937039085212,20.78365396871838,0.7324432691518415,434.4075788246369,0.1810344827586207,False,LOSS_OF_CONTROL,548,54.79999999999689,1,670939.205677722,1322.2135368977936,4446.044223020414,7.118592996624429,dry,0.9968650060854354,4.9400712438164005,3.2624131074522267,0.0,0.0,-0.382698330971432,1011.4307664779088,0.9867545211379638,37.79999999999786,1455.7589880449534,43.299999999997546,nan,157.37669068419558,434.4075788246369,2404.777024915461,122.96882250810846,132.80632830875714,1882235552,54.39293098801205,6.195361427694595,11.284238808838248,10.837733607131861,5.4574349570506575,14.394683659244501,30.0,2.1000000000000005,0.0,-5.479999999999928,-10.842847508606164,-16.831213872416235,-1.9952466798926918,0.0,-3.511514680150769,-28.794813051988445,0.0,-80.0,42279
-35.566339509907365,9.005714642343928,30.182634282427955,0.712512327199757,0.07149214787989851,-0.08274032402661156,8.073159399438895,0.7624641045859956,2.6174232489853466,0.0,False,RUNWAY_EXCURSION,438,43.79999999999752,1,732990.1379824202,1325.4471540116056,4661.2662770960405,443.31189476769674,dry,0.9808643866004005,2.708404155876874,3.819667433833833,0.0,0.0,4.539592500417371,1015.851713482204,0.9868719729049751,nan,nan,nan,nan,146.28817769574056,2.6174232489853466,42.713855605273544,129.3416313224236,139.68896182821751,170294837,32.27245437029508,4.58196845506882,6.432836264569197,12.684026809479663,0.9631603771648007,0.0,0.785226974695604,0.0,0.0,-4.379999999999951,-3.94700761600729,0.0,-0.3307901335616953,0.0,-0.00159834585225747,-24.62661666575932,0.0,-60.0,42717
-34.56978168156985,21.950754411101194,79.06656153028655,60.10960122784071,24.325835205263076,9.054431144094606,17.283738369781403,0.6687933210940907,433.58396414793003,0.0,False,LOSS_OF_CONTROL,544,54.399999999996915,1,700920.8360746652,1330.9725331241714,4412.967615614786,364.6303778827167,dry,0.9939505882284984,1.0442405690534962,-0.9073142630211537,0.0,0.0,-1.6554306649675503,1014.2483128317901,0.9763478953715123,39.599999999997756,1568.3129928594687,46.299999999997375,nan,158.06246851826978,433.58396414793003,5252.588316589007,125.23373187267791,135.25243042249215,125773896,54.819769942147495,5.8483939349169045,10.162871448979933,11.052648362007242,2.608317593129507,10.774208696508026,29.999999999999996,0.0,0.0,-5.4399999999999284,-22.330870554373945,-22.77468522881,-0.7441634477597692,0.0,-3.112908437191426,-25.433363991123777,0.0,-80.0,43261
-5.10763222783811,14.68066085860498,29.63030495626665,0.7534779633594453,-0.8087692705233556,-0.7929412756122243,3.002713329096961,0.7604460021247333,2.349737743963999,0.0,False,INSUFFICIENT_RUNWAY,1026,102.6000000000339,1,742735.7516554908,1326.4338058391481,4623.574208330857,375.349430270969,dry,0.9589814176221325,5.366618463660216,2.2055334176764863,0.0,0.0,4.475162092731593,1015.0160180226671,0.9888298812894268,nan,nan,nan,nan,112.84077535471796,1.5312654724800154,-0.8511929034983545,130.23788578222621,140.6569166448043,1441526998,91.59981005508286,7.048829465303905,21.641779218423295,13.018795960512056,2.489377907959367,0.0,0.45937964174400375,0.0,0.0,-10.259999999999826,-24.569485569972933,0.0,-3.6810773942081503e-09,0.0,-0.00023322598002715209,-56.535885677229736,0.0,-50.0,44287
-19.773358382788643,9.197960418927645,30.058049717819873,0.9835582847084747,-0.2277271407098669,-0.26237353252654605,3.4014583970923096,0.7519981083303393,2.6096918025189666,0.0,False,RUNWAY_EXCURSION,505,50.49999999999714,1,766366.3222048174,1329.1881602333876,4715.487291266472,459.61905704354444,dry,0.9622971655168457,4.639809988343425,1.7726643886956204,0.0,0.0,2.561723218216512,1011.257031767495,0.9863209495453636,nan,nan,nan,nan,143.22949523244773,2.6096918025189666,8.495665623149169,132.1050708844217,142.67347655517545,721805890,43.31445044092817,7.5009948495832575,10.766832715932452,12.777986714026962,2.530420772849965,0.0,0.78290754075569,0.0,0.0,-5.049999999999937,-4.7471389237134,0.0,-0.0009628615527935158,0.0,0.0,-27.64884963159894,0.0,-60.0,44792
-43.63242580597354,22.957803137859468,72.75969321885289,60.5929629440998,29.293558683482118,8.940138220587636,12.579293415720542,0.7111515519843589,456.93861843481227,0.0,False,LOSS_OF_CONTROL,460,45.99999999999739,1,680991.9867841107,1330.9237681588743,4719.63678656845,74.00679308879576,dry,0.9917402604375702,6.63237648751956,-3.934472145043044,0.0,0.0,-0.9353757648203391,1015.4284106316819,0.9841371544207667,32.399999999998165,1123.365768658717,38.899999999997796,nan,143.594345275656,456.93861843481227,3998.4200063170006,123.5237328608416,133.40563148970895,1231901275,42.505933219304815,8.113567925853793,8.243110361348245,9.773994907374412,4.1852949877429175,10.885477530440173,30.00000000000001,0.0,0.0,-4.599999999999946,-22.707246202838572,-21.17112397087094,-0.8339940718520205,0.0,-4.7058004266450855,-23.321640065831243,0.0,-80.0,45252
-56.3136243202173,39.264260379700225,148.2144125351529,60.18652989250373,18.953503455912806,10.425444409609499,10.931781236713395,0.707169216934335,335.9638273585997,0.0,False,LOSS_OF_CONTROL,504,50.39999999999714,1,731877.5414627171,1326.8499970271002,4460.368519099116,355.8355264290122,dry,0.9964057592135532,6.568689008614532,1.5498108793920173,0.0,0.0,-0.05113607208250137,1011.4311757382959,0.9795515712586841,37.499999999997875,1361.6343960095269,43.69999999999752,nan,151.11849565666202,335.9638273585997,3551.716845402472,128.5057623391938,138.78622332632932,322722697,46.657425185208275,7.64375930011473,9.269968351447927,11.41356466647551,5.1710272371360135,9.813838142908676,30.0,0.0,0.0,-5.039999999999937,-24.996804652385848,-31.022451822171387,-1.2285359348109668,-0.010957614090111064,-7.850820154236185,-26.13363702581387,0.0,-80.0,45756
-94.13462225665137,106.02048322478788,370.668299140202,60.614650393146505,18.93145690945979,7.714338887026526,31.15079738892832,0.7060419196082698,416.24268405490557,0.0,False,LOSS_OF_CONTROL,558,55.799999999996835,1,761581.4333759074,1328.7198225974983,4685.060420799664,175.42408355426664,dry,0.987727260254208,3.058219881933537,3.426041431995227,0.0,0.0,-0.026142659044313454,1011.6627894332931,0.9824407988697563,38.399999999997824,1437.3312518912453,43.999999999997506,nan,127.85759901245885,416.24268405490557,1397.0419816756746,131.07826467080895,141.56452584447368,1846923786,53.7788927011262,5.695184946453879,8.5794580325713,12.051906124334645,4.942286787466253,13.206394919629979,30.000000000000007,0.0,0.0,-5.5799999999999255,-45.15041004088329,-44.24388355713368,-17.722879931591073,0.0,-0.5073571560186234,-29.184215082606812,0.0,-80.0,46314
-84.20144689130838,49.64926350810232,142.61661266253893,60.48844210665397,43.00909515407311,8.791495225271685,24.0585764120204,0.6846370815138363,968.7359473299139,0.1079136690647482,False,LOSS_OF_CONTROL,582,58.19999999999857,1,738583.351826043,1329.2772068273428,4703.577696008215,193.53638504890858,dry,0.9700340799513126,4.413725774400499,1.0384402301711844,0.0,0.0,1.1329180045057043,1012.4147754942312,0.9662126743004891,38.899999999997796,1398.93211211454,44.39999999999748,nan,127.27940992678472,968.7359473299139,5816.892540819027,129.29528912903928,139.63891225936243,967096425,57.20716418093557,4.757504992735457,9.947558838380784,11.700421451998135,4.7414958080347605,17.073230195011394,30.0,1.5000000000000002,0.0,-5.81999999999992,-45.187248266465964,-38.83459794082818,-8.222736875869904,0.0,-14.182025356581628,-28.882213918658575,0.0,-80.0,46896
-56.459409603816155,44.13451609510528,143.75930034967703,23.839073593510165,45.31218588543067,8.121140480957681,22.571819976903768,0.6908101943654752,732.6181063069401,0.0641025641025641,False,LOSS_OF_CONTROL,545,54.49999999999691,1,741242.7765974248,1323.0081740011012,4610.844479606427,243.29790536580435,dry,0.9766730127019615,2.573119407348429,0.976004612429203,0.0,0.0,2.0719448015864055,1015.758900380407,0.9715968508627043,38.49999999999782,1519.7407100962364,46.79999999999735,nan,133.63521759879362,732.6181063069401,7251.181966274181,129.52417361243786,139.8861075014329,1921983830,54.73810777323712,9.071297487927376,9.280402520956544,11.59094306172594,5.436449210879152,11.519313725989695,30.0,0.5,0.0,-5.449999999999928,-38.11813667030037,-13.946446963428086,-10.35904364144978,0.0,-13.478864142370071,-27.24343196698364,0.0,-80.0,47441
-54.692130838373906,13.19934968181206,30.031625864410373,0.757569951939855,-2.2075572578191145,-2.2477074324529234,5.9489281341559455,0.828591116936335,1.1056647893831268,0.0,False,RUNWAY_EXCURSION,286,28.59999999999838,1,749852.8131282466,1322.0034196465303,4718.725478169605,423.8919947640924,dry,0.9634219129105506,0.5502834713396085,1.5129979369773499,0.0,0.0,2.844640907933784,1015.8229612941457,0.9873905808485971,nan,nan,nan,nan,110.62778120637478,1.1056647893831268,5.476184753133975,130.44345178996375,140.87892793316087,1710093347,14.413536959672507,3.283157302798304,4.303602997407553,9.40435070920287,0.0,0.0,0.33169943681493785,0.0,0.0,-2.859999999999983,-5.536414439834123,0.0,-0.08825928813826803,0.0,0.0,-17.9438045162977,0.0,-60.0,47727
-54.185209906209224,22.62705069526035,71.0814425329024,60.42745894756419,23.990908123394842,7.226256173623394,30.982606355481824,0.7189972182703123,689.8286552149665,0.02877697841726619,False,LOSS_OF_CONTROL,608,60.80000000000064,1,757687.0510095567,1330.3026399135729,4459.599609983051,428.3094616156562,dry,0.9965395774156742,2.5350712185145117,-1.7591399564797388,0.0,0.0,4.865849604717316,1015.0924365671297,0.9678745013464927,41.399999999997654,1707.970618998718,46.999999999997335,nan,152.14449111650606,689.8286552149665,1706.732272572731,131.62502906888963,142.15503139440082,1514711733,65.26530581735436,9.684659252480177,11.488082391045333,12.361787930090754,5.635174619646636,16.947873889632728,30.0,0.4,0.0,-6.079999999999915,-30.271707024590185,-38.72566880000051,-7.468477456913557,0.0,-12.016292358133864,-31.405948166821048,0.0,-80.0,48335
-48.315395496792476,35.60573547220251,196.33503206826296,60.34166350196578,10.324954422526586,3.4774732367709973,36.336565793389276,0.7275210670724235,506.24067861652276,0.08888888888888889,False,LOSS_OF_CONTROL,549,54.899999999996886,1,672004.3219928935,1328.8089405389067,4685.938387885984,25.9069180368845,dry,0.9534597610359293,1.594348425974351,-0.12061753407014164,0.0,0.0,4.252660701784002,1011.2620743637026,0.984471442167261,31.499999999998217,1101.022388248658,36.999999999997904,nan,159.53643196383433,502.79330090364346,-327.57913945764363,124.06395458198,133.9890709485384,495300371,58.61155147355553,8.622055198714566,10.46435080058543,9.710438053388918,6.619983918727585,16.848524335712078,30.0,1.6000000000000003,0.0,-5.489999999999927,-24.526071746803034,-40.92725602601532,-6.05662900869348,0.0,-4.755441367324115,-29.036901128640466,0.0,-80.0,48884
-53.37934374141884,28.098212698332233,87.81685211009011,60.76709853609217,19.89444653340669,6.330458933430042,27.88046248650013,0.7287664657391459,427.14920449832607,0.0,False,LOSS_OF_CONTROL,619,61.90000000000151,1,767389.2689422511,1331.5774739843293,4318.472145370864,398.0943665078766,dry,0.9926649778204408,2.470093534790104,-1.263695726265992,0.0,0.0,3.824080180268849,1012.0733072059002,0.9760432897737037,41.99999999999762,1713.5905368257966,47.39999999999731,nan,163.40151093542616,427.14920449832607,2528.8262845297404,132.42647294434826,143.02059077989614,1647140547,66.92042728189762,6.705120993627771,11.012740947584255,13.02757224881443,4.534218595041673,14.254218914298498,30.00000000000001,0.0,0.0,-6.1899999999999125,-37.184285470027596,-31.787546371314075,-2.5534128835425816,0.0,-9.465751348781293,-32.652646649017406,0.0,-80.0,49503
-55.50764460032952,9.766400672101122,30.069803041599826,0.6713592852080527,-2.438503562944941,-2.485515592742633,8.275624973393436,0.8127167919003369,0.8741085968666553,0.0,False,RUNWAY_EXCURSION,235,23.499999999998664,1,704060.9796648885,1329.2974341159559,4548.85605738813,24.597162144725903,dry,0.9691052580471526,1.9082154882560474,-3.6843072672371426,0.0,0.0,-1.3585385086108541,1014.1781289313914,0.9988809925067071,nan,nan,nan,nan,103.99931481643858,0.8741085968666553,6.327441869510544,125.58330643781616,135.62997095284146,111714892,9.94888479132659,3.4187941738116145,2.755120276065036,7.684506387600394,0.0,0.0,0.2622325790599965,0.0,0.0,-2.349999999999994,-2.4905451989648943,0.0,-0.3731381124541932,0.0,0.0,-14.363499496774065,0.0,-60.0,49738
-53.785178673992306,36.93761743431574,213.31360582777702,60.456871751899946,12.692739019399937,9.892910780514585,58.902460378504465,0.7197219145504888,363.94327299027503,0.21052631578947367,False,LOSS_OF_CONTROL,557,55.69999999999684,1,717922.9352788287,1330.8718869237014,4592.47200393504,132.6499871754142,dry,0.9745021260677337,3.295839760627807,2.655810735629805,0.0,0.0,-1.6892244664178957,1012.3569417065123,0.9851043911836093,35.399999999997995,1352.8480906153475,44.39999999999748,nan,166.52584854356093,363.94327299027503,3382.3249939530424,126.85437508465309,137.00272509142533,1224268756,58.38296361261148,4.568326230751623,9.34268626699426,10.584344590281901,3.816388348229574,12.29348424879872,30.0,2.400000000000001,0.0,-5.569999999999926,-27.30646049976999,-30.481990249165204,-10.278539766135628,0.0,-2.285190713177278,-29.251190743411563,0.0,-80.0,50295
-126.21939599441562,80.97534858414969,339.71613409545705,31.596849660218812,2.8869025542291245,0.5383340601066007,26.05183609686274,0.7731580671561962,111.59910277146395,0.0,False,CRASH,618,61.80000000000143,1,762470.9039383203,1325.1236605204626,4205.474436651497,411.9892525764352,dry,0.9982199193293049,5.078085127491985,-1.382984064811815,0.0,0.0,4.524409096258328,1013.9343430778523,0.987232108607441,40.5999999999977,1562.6616385536604,56.99999999999761,nan,176.14545312911162,21.488910800452743,-2479.8402890851908,132.03828761790382,142.60135062733613,868768460,65.56117282889365,4.929904258883889,9.996585429466624,12.911259511519138,7.2870432889651235,4.781226292105827,6.446673240135828,0.0,0.0,-6.179999999999913,-59.09229127249708,-22.74306524675192,-13.269396127977105,0.0,-1.665496282678927,-35.18301191448052,0.0,-100.0,50913
-26.10683361348635,24.720050992700664,129.59193414591402,60.66208525445592,8.517127346317826,6.722384441953303,37.713246192644625,0.688575162894308,465.61267371832133,0.30952380952380953,False,LOSS_OF_CONTROL,472,47.199999999997324,1,691233.6783758951,1326.2752680137867,4546.605955057403,31.76723166004436,dry,0.9784294817667639,7.598172920525497,3.99525531769657,0.0,0.0,0.6174601512303228,1013.0429376314441,0.9851868826700085,33.39999999999811,1198.446607482099,38.899999999997796,nan,161.72301686854988,465.61267371832133,2585.156408069376,124.9319250468593,134.92647905060807,2140277469,45.19033393319228,6.389697552136704,9.05287205416003,10.25434354018091,7.092401120853748,11.850068836168433,29.999999999999993,2.600000000000001,0.0,-4.719999999999944,-17.652060219993643,-16.175919628843808,-5.694766401620109,0.0,-1.1165699655976158,-23.177234434123335,0.0,-80.0,51385
-84.41568555666275,35.468684879423186,137.10349524818926,60.73991572322004,22.597300200451084,10.09723101531801,58.40248021323458,0.7322774743493342,1123.2537334245703,0.005405405405405406,False,LOSS_OF_CONTROL,647,64.70000000000374,1,718277.6088077297,1326.6192614154922,4251.864165393989,452.0152960949606,dry,0.9511744928329405,0.3174454291636044,-0.1965178759334001,0.0,0.0,-1.6491784065746184,1014.8596256110106,0.954097063364083,40.699999999997694,1649.149935711486,46.299999999997375,nan,146.6604378481053,1123.2537334245703,5699.711933357206,126.73801462645551,136.87705579657197,426303516,71.30307636277097,5.1424674142628355,9.252217713831204,11.812060213572359,4.161531376138359,20.563943804101765,30.000000000000004,0.1,0.0,-6.4699999999999065,-47.89103353447338,-51.6736210369679,-12.435856636678073,-0.00010504300377523595,-3.7772008526811196,-34.50316533753563,0.0,-80.0,52032
-46.04891572234699,24.956067517038704,132.6240812026916,60.938791424569985,16.52634799864483,10.928194629661164,46.32574652342685,0.7457315012812611,520.6918047608209,0.0,False,LOSS_OF_CONTROL,560,55.999999999996824,1,701699.0128848691,1330.1423900466198,4779.92838838452,241.83944192984475,dry,0.9663174309139206,6.395764059644156,1.4302916701461603,0.0,0.0,3.4951330182144016,1015.3352664458066,0.977790685971405,36.69999999999792,1369.4424909388288,45.19999999999744,nan,138.70952702122835,520.6918047608209,2994.1271893177263,126.35686757404962,136.46541697997358,2032646511,55.53976495295356,3.1094667833622456,8.906249168559892,11.351673865698283,4.823410630011208,14.022695446176185,30.000000000000004,0.0,0.0,-5.599999999999925,-24.21277191524221,-22.917717192093566,-8.465367409482806,-0.06151546220148991,-2.0531967219009655,-30.491607868187224,0.0,-80.0,52592
-85.72922600700656,38.52583309681145,176.56707922959282,60.77133500895884,28.70543736406487,8.86949637623168,49.42759867983211,0.7509932006172708,1041.9875925701076,0.0855614973262032,False,LOSS_OF_CONTROL,637,63.700000000002944,1,692936.0137231004,1322.7348556443167,4260.131934561984,227.95271552112078,dry,0.9731943154726465,0.6084833265741629,-2.0344103985703765,0.0,0.0,1.0497357487633119,1014.7861854763744,0.9631444018455926,36.999999999997904,1344.1017114987965,45.09999999999744,nan,124.6883466422502,1041.9875925701076,3882.2100202550964,125.07169241057787,135.07742780342411,194890680,65.5725248056771,4.762192090301958,10.443204808376038,11.48493460272565,2.782126880237377,18.946368221299576,30.000000000000004,1.6000000000000003,0.0,-6.369999999999909,-57.88278948578149,-36.27089159144403,-11.400929478237128,0.0,-4.04787221480583,-35.348094645355594,0.0,-80.0,53229
-53.84507709267692,35.45856008852735,89.179570092934,25.106044893059334,40.66140291622282,16.048370889962186,10.285280748475744,0.7096964684746919,1286.9259559213967,0.24,False,UNSTABLE_AFTER_LIFTOFF,593,59.29999999999944,1,671666.0071332436,1326.571136357433,4201.3380350389625,129.8709062421432,dry,0.9705760285383254,1.9224606802164708,-2.750305545630629,0.0,0.0,0.4933479174575739,1013.6842871105528,0.9588944312241174,33.999999999998074,1198.352578879471,41.899999999997625,nan,101.39008252354479,1286.9259559213967,4736.513180589457,123.08549912939597,132.93233905974765,1338252684,57.824074964048975,3.917454484579866,9.736003118774093,10.313615274418876,3.675069690154203,20.668454736131483,30.0,4.200000000000001,0.0,-5.929999999999918,-54.4276054810328,-22.371277826879925,-1.0734231966788133,-4.175215055417716,-5.456219997563894,-30.746007803210986,0.0,-70.0,53822
-54.48468243784977,12.09257246291855,30.009554233853148,1.0567528887401614,-2.2985022260197843,-2.3633967819766246,5.0269822079502555,0.8083241084501853,1.085108567358816,0.0,False,RUNWAY_EXCURSION,280,27.999999999998415,1,675333.503692434,1322.0891367276727,4293.626545945766,316.0475125113294,dry,0.9539519876787633,0.37012205636286843,1.0792021074118088,0.0,0.0,1.8253037807124004,1013.2925496322981,0.9904459123044389,nan,nan,nan,nan,112.91513182499116,1.085108567358816,7.074064303486356,123.72943120344259,133.627785699718,1246254308,13.235011848788764,2.4405121296447345,4.44149308345487,9.318989805792075,0.0,0.0,0.32553257020764476,0.0,0.0,-2.7999999999999843,-4.549387383984675,0.0,-0.06412680448611222,0.0,0.0,-16.83270768726712,0.0,-60.0,54102
-55.718709711170824,23.284799221865256,134.04850708621547,60.09987032791723,13.460202408505992,6.011219998327556,40.44462009459644,0.7259591734903001,85.6447015460198,0.0,False,LOSS_OF_CONTROL,491,49.099999999997216,1,714956.0755856755,1329.8581975616505,4599.868906908398,260.582729872588,dry,0.9579268974150046,5.462396586616928,1.441380550990158,0.0,0.0,3.3613666055195193,1014.9632188302173,0.9896656543304537,43.19999999999755,1837.474285622873,nan,nan,135.5511798739162,85.6447015460198,48.88981370656946,127.53901611864254,137.74213740813394,1930469648,43.943592656068105,7.9546462075516295,9.476645074505686,11.683599644673281,5.135387361560359,3.0453495127554753,25.69341046380594,0.0,0.0,-4.90999999999994,-14.55867325477709,-30.02779939804882,-5.715365264814523,0.0,-1.8255570378409693,-25.613945676609813,0.0,-80.0,54593
-55.409793168797684,8.457948767823448,30.457043132714773,0.4226014536416335,-2.1362903235476534,-2.178925836901621,9.96088855315687,0.7824254350155185,0.8913161047422449,0.0,False,RUNWAY_EXCURSION,221,22.099999999998744,1,681424.7029870774,1330.3967137868294,4786.537867731013,95.44255274361491,dry,0.9716279145430866,1.5856865256756967,3.1450606539518624,0.0,0.0,-2.683745486916667,1015.5796301607576,0.9967840670249897,nan,nan,nan,nan,102.66120567440211,0.8913161047422449,7.106963611671233,123.17714155865663,133.03131288334916,641445060,9.094978406019237,2.5673128732499997,2.828321778733479,7.150146629340754,0.0,0.0,0.2673948314226735,0.0,0.0,-2.209999999999997,-1.7566282573740977,0.0,-0.538885704771328,0.0,0.0,-12.812433725418394,0.0,-60.0,54814
-116.21578166231919,82.22283028440498,388.36705122521795,42.84314356414337,33.89844963274246,15.592302632415326,70.38302718052694,0.6772039544128663,2095.958116623053,0.16554054054054054,False,LOSS_OF_CONTROL,797,79.70000000001568,1,687641.5372874655,1326.7722234715059,4450.88386072821,340.41884935887015,dry,0.9849012730308224,7.2951314299086105,-1.1300601209391,0.0,0.0,-0.12411616306609119,1011.5592582266419,0.9302506398250174,44.199999999997495,1951.371381054854,50.199999999997154,nan,102.96891402652797,2095.958116623053,1973.6465684021318,124.5380131520648,134.50105420423,1937191049,86.12087315330982,5.53137021948019,9.507881930246631,11.358516023416156,4.336436939173665,33.23064936021298,30.000000000000007,4.899999999999999,0.0,-7.9699999999998745,-86.18959087395862,-53.009232451841,-25.40701315403398,-4.140685192864771,-5.5572818401759285,-38.92770577528408,0.0,-80.0,55611
-62.60839755053327,9.079442475071792,30.479139549661884,0.36275206755858647,-2.8892085446229463,-2.9391245691570718,10.413998362339218,0.8532726561592522,0.35143071474749377,0.0,False,RUNWAY_EXCURSION,203,20.299999999998846,1,735765.5347628625,1325.1367230890576,4380.984416676861,325.4559897860916,dry,0.9784755924654053,7.708046923510358,-3.0878524590856435,0.0,0.0,-2.495429835945564,1011.3197870922529,0.990066323948141,nan,nan,nan,nan,73.42560161358755,0.35143071474749377,3.203091782082108,128.3059638486309,138.5704409565214,1443098010,5.734129553830425,2.0341184052941808,1.5278253571474127,5.931375284400877,0.0,0.0,0.1054292144242481,0.0,0.0,-2.0300000000000007,-1.8593959954002186,0.0,-0.9615490968089008,0.0,0.0,-13.090330273421285,0.0,-60.0,55814
-61.092775101351485,8.73779401306161,30.386893409621297,0.3701492966038767,-2.8704602327024924,-2.9062722348400905,10.645724155830678,0.8632787752664831,0.4192640501004803,0.0,False,RUNWAY_EXCURSION,209,20.899999999998812,1,735792.2291918476,1323.922068737209,4667.84643531637,495.80489369204184,dry,0.9646940179067156,1.7131196342890531,1.97127018199413,0.0,0.0,-1.3211316355289568,1015.0949794392859,0.9851399000392344,nan,nan,nan,nan,78.86725421799733,0.4192640501004803,4.176578477663284,128.33244704244677,138.59904280584252,1912112502,6.463622201888123,2.45272952868025,1.702770797404513,6.540922797863707,0.0,0.0,0.1257792150301441,0.0,0.0,-2.0899999999999994,-1.7729944712079246,0.0,-0.8262780992404246,0.0,0.0,-13.68932707176988,0.0,-60.0,56023
-61.63661462798115,10.034235378388171,30.152646232030044,0.2535634288590547,-2.7121995153273444,-2.7471191408726607,8.447995252376957,0.845178893786304,0.42942023991486167,0.0,False,RUNWAY_EXCURSION,196,19.599999999998886,1,715873.5607984313,1327.062186560374,4723.341296367686,189.14417696464807,dry,0.977210298168254,3.519146309335211,-3.8354887599446656,0.0,0.0,1.047495447947174,1011.6930613938542,0.9941222814948747,nan,nan,nan,nan,79.91895968058479,0.42942023991486167,4.558046128940205,127.31859187183493,137.50407922158172,428456152,6.143059992145868,1.6079992315542009,1.5888653583209944,6.100587807842432,0.0,0.0,0.12882607197445844,0.0,0.0,-1.9600000000000015,-2.192714711918197,0.0,-0.5473801743658677,0.0,0.0,-12.505858203535041,0.0,-60.0,56219
-63.54439553156627,9.194658695031688,30.242066704632233,0.4883746810083806,-2.7697703746185693,-2.808054691998925,12.55407327642087,0.8280394116817917,0.28932333507526664,0.0,False,RUNWAY_EXCURSION,181,18.09999999999897,1,734071.3059640639,1331.316761396909,4536.804768070361,244.6487492576087,dry,0.9695357414827215,0.5478740218229845,-1.7495320437296265,0.0,0.0,-2.3952056837420566,1013.475703521357,0.9924204228666283,nan,nan,nan,nan,67.73783868149964,0.28932333507526664,3.1313285584211847,128.04422720230093,138.287765378485,1628312689,4.70886986293541,1.444223556847192,1.0789163201349437,5.342519346417758,0.0,0.0,0.08679700052258,0.0,0.0,-1.8100000000000014,-1.7002284979755609,0.0,-1.3265236012017725,0.0,0.0,-11.368969519246827,0.0,-60.0,56400
-61.421691227210346,10.140240766244345,30.468580073142952,0.19496361694872077,-2.5850475678278912,-2.6243590094171196,8.904277308230402,0.7970790628087586,0.4473348022025476,0.0,False,RUNWAY_EXCURSION,189,18.899999999998926,1,686565.5962916207,1326.1550008117833,4401.080430614576,111.5872150476488,dry,0.9533911794723946,6.524676713638945,-2.184759996243079,0.0,0.0,3.4272267045412113,1011.1795192714069,0.9964030513981151,nan,nan,nan,nan,80.74098614879902,0.4473348022025476,5.550042848552188,125.22887350295828,135.24718338319494,2023172498,5.871160699936104,1.2545949084743724,1.3131573944977348,5.84947942596948,0.0,0.0,0.1342004406607643,0.0,0.0,-1.8900000000000015,-2.159314138745478,0.0,-0.5605052102029661,0.0,0.0,-11.234464747800352,0.0,-60.0,56589
7.72627975851983,6.5681163765089075,30.053209213489573,13.99646449726027,-0.8202882465765741,-0.8164261380162195,6.920124071670374,0.7852370364013661,5.267453058961962,0.0,False,RUNWAY_EXCURSION,692,69.20000000000732,1,675017.2143525035,1328.8112044007246,4335.88693141812,167.67394551996594,dry,0.9959174119564652,6.66646714358339,-2.688707827440107,0.0,0.0,-0.3522195114882436,1011.0918671227861,0.99456996650893,nan,nan,nan,nan,141.5233562897911,5.267453058961962,40.90566389182307,123.36916434558557,133.23869749323242,104360713,70.94528990551335,14.97813339835003,16.01667646705921,12.053645971780435,4.3756204376601024,0.0,1.5802359176885894,0.0,0.0,-6.919999999999897,-3.3169984103191354,-1.434137587871315,-0.1758272532230081,0.0,-0.4763588889335262,-39.900000199184916,0.0,-60.0,57281
-44.61155541831396,10.60548769505476,30.14083169693629,0.5589633345040064,-1.4695743990671928,-1.5037112888103472,5.300325204206332,0.8493664996539533,1.9617875142248522,0.0,False,RUNWAY_EXCURSION,414,41.399999999997654,1,719693.9272075336,1326.137708418574,4251.765835406008,267.88448069869605,dry,0.9882515294529255,4.925171630134743,3.8406515060869832,0.0,0.0,1.8221395781950056,1015.3304858214068,0.9918161787640604,nan,nan,nan,nan,140.6328425604641,1.9617875142248522,8.62921938496008,127.59954613548999,137.8075098263292,784068115,26.46298368889705,3.14333457447159,7.776743515089058,12.929519826278918,0.4428419346526806,0.0,0.5885362542674555,0.0,0.0,-4.139999999999956,-5.173912985498062,0.0,-0.06578096132177436,0.0,0.0,-26.575821265150886,0.0,-60.0,57695
-61.37983619816424,39.26270987452043,242.45178456121764,60.715930913373505,18.925527687813986,7.43203593977756,51.02252514514578,0.78042510774058,846.1809087566933,0.15428571428571428,False,LOSS_OF_CONTROL,851,85.10000000001997,1,710728.9642616927,1327.0543547991094,4668.348132919142,51.37926406168519,dry,0.9582285376261186,6.750021821942466,1.8551582790473096,0.0,0.0,-1.3373748529255094,1014.7272288571438,0.9735257699042213,60.60000000000048,2478.3051901268586,67.70000000000613,nan,143.2222525258425,846.1809087566933,3480.180597347632,126.14709961166716,136.23886758060053,1366900981,87.99115048450632,6.470417393673349,13.89304857055581,14.086360831386477,2.897756605781901,20.00660774104338,30.000000000000004,2.700000000000001,0.0,-8.509999999999863,-41.79524215428441,-41.46980018873958,-11.98846342649735,0.0,-6.222667124066011,-49.43900493152398,0.0,-80.0,58546
-67.57513748159813,75.70017960768446,406.0793932914154,48.97302286453203,0.6456051032579592,-0.054014882177565775,52.66098751918331,0.767670288995773,145.32087877892104,0.0,False,ENVELOPE_VIOLATION,649,64.9000000000039,1,729625.3483659148,1331.2276785524155,4398.454397252534,437.1137450008835,dry,0.9927807770961694,1.3764515278081468,-3.9042375926903126,0.0,0.0,1.7824086392723917,1015.2870653356233,0.9829196100969078,48.49999999999725,1854.985774614207,61.100000000000875,nan,190.40009358058305,141.63248586383372,-631.7162537120596,128.4708800429141,138.74855044634725,226549387,63.178641884145875,3.035274508948038,10.295569664241656,14.21993850316987,9.997143649853692,5.6792586103517415,30.000000000000004,0.0,0.0,-6.489999999999906,-41.9650786480148,-45.59325018437073,-16.1039239208485,0.0,-6.850646022096526,-36.978065526978234,0.0,-50.0,59195
-57.88330432466662,11.80932939248707,30.116446135406896,1.0071476549931793,-2.29387887503518,-2.305961138193275,7.432944735194256,0.8256943666304845,0.8380072865398347,0.0,False,RUNWAY_EXCURSION,309,30.89999999999825,1,728824.8922878355,1326.0168254119264,4777.4028313016,387.00440488140555,dry,0.9556465489219511,1.2191045753983758,-1.5349141738115142,0.0,0.0,2.842983429934921,1012.6888974389508,0.9884490568392731,nan,nan,nan,nan,96.34930533845147,0.8380072865398347,3.8025620262221693,128.7999279326499,139.10392216726189,1095352898,14.246199796691862,1.0629400188321372,4.720132319486958,9.272951633265343,0.0,0.0,0.2514021859619505,0.0,0.0,-3.089999999999978,-4.788135617375562,0.0,-0.26904375201440733,0.0,-0.00413464340951475,-19.28561626610537,0.0,-60.0,59504
-29.86094481918925,10.020721332329027,27.683199716473766,5.954602722905786,0.6985083659767218,0.769899671998948,7.389859213568701,0.834571682395991,3.8776351813863528,0.0,False,UNSTABLE_AFTER_LIFTOFF,684,68.40000000000668,1,692544.0946630663,1322.1861070052014,4380.578346528473,241.36898572859639,dry,0.9505443635596965,0.15183277380969518,3.8702357407483903,0.0,0.0,2.203069651834528,1010.3335132874704,0.9925544408589694,68.3000000000066,3027.303818656327,nan,nan,142.71308971181512,3.3242159844040486,42.5979502368401,125.56116419400541,135.60605732952587,1350999467,59.51292830738674,7.820847440704411,12.881581235243585,14.179975254584656,3.1770374099408394,0.0,0.9972647953212155,0.0,0.0,-6.839999999999899,-7.631529057534744,-0.10828079294253556,-0.5189371100946164,0.0,-0.5239580447399604,-42.80787425705871,0.0,-70.0,60188
-58.762445947345526,11.711948108421755,30.27832039139024,0.23545004837890615,-2.8041196917485127,-2.835076193572082,4.562186999358589,0.8433611892846474,0.7090047183533557,0.0,False,RUNWAY_EXCURSION,251,25.09999999999858,1,750096.6630078355,1322.1564270229053,4571.934464335856,289.06796004617905,dry,0.9588216685250115,0.6241675745957487,1.4428355392750842,0.0,0.0,-0.1240085932325421,1010.6473194672606,0.9911926537392683,nan,nan,nan,nan,96.90537365684392,0.7090047183533557,5.53315776009633,130.12940072044447,140.53975277808004,1640650566,10.211267031604365,1.55447770033555,3.3221824552446906,8.262017681617085,0.0,0.0,0.21270141550600666,0.0,0.0,-2.5099999999999905,-3.825511316898371,0.0,-0.023362627881198587,0.0,0.0,-15.966218286873657,0.0,-60.0,60439
-12.999029774291905,9.976500687781938,30.665202614428974,17.168717090825854,-1.1550581690519488,-1.1514445519762824,7.788489428092283,0.8330307635996076,5.436589000412255,0.0,False,RUNWAY_EXCURSION,798,79.80000000001576,1,708959.9213083601,1322.9592307755668,4560.190143933905,354.2670073346601,dry,0.9681487815296848,6.162903868201232,-1.1552325640862717,0.0,0.0,-0.05359644945881126,1010.6458112095108,0.9891710911302034,nan,nan,nan,nan,144.90071003131524,4.928196678652796,-42.18696716938943,126.52637268606736,136.64848250095275,1991049240,72.16618748041388,11.899281919788567,16.404185980763405,14.960936819619587,2.1643938798923483,0.0,1.4784590035958391,0.0,0.0,-7.979999999999874,-8.825043516300454,-5.058750207651653,-0.3228642860637564,0.0,-0.029293820312636172,-49.856523028036975,0.0,-60.0,61237
-55.70323421622365,30.81148530946914,156.6867090700574,60.6158352319284,14.587589487187536,6.202496725638075,36.57438306785835,0.8043394832514018,180.22689710079226,0.0,False,LOSS_OF_CONTROL,655,65.50000000000438,1,679673.0847796479,1323.442689990311,4474.514109747011,258.07045995123804,dry,0.9747425027705984,4.405017955441189,-2.7472292313141806,0.0,0.0,4.2337806674143845,1012.3687944669276,0.9870552305838559,55.49999999999685,2102.5781654600014,63.00000000000239,nan,137.36767081479712,180.22689710079226,1374.5646960157776,124.69759774349784,134.67340556297768,880091737,56.244796282041754,5.011366507506797,11.436504365016637,14.094498878517546,6.187409300435773,6.2177685560527,29.999999999999996,0.0,0.0,-6.549999999999905,-33.95783640148191,-19.052459582131586,-4.644234226983035,0.0,-0.9670299876762954,-39.724017907522,0.0,-80.0,61892
-8.452986629821837,11.823410587637415,30.234003350002823,5.8583560793176925,-0.792748872366603,-0.8067489295067544,6.612170255379434,0.8285948194125132,3.64468637720654,0.0,False,RUNWAY_EXCURSION,850,85.0000000000199,1,754823.6638976027,1325.344542568026,4697.080363385489,211.28940277571851,dry,0.9822228085960564,5.1506163039463795,-0.3312215494521218,0.0,0.0,-0.9935881092655938,1015.4783968599013,0.9933718896294315,nan,nan,nan,nan,145.4718459234312,2.91471790670451,-43.48879916003612,130.03116552382437,140.43365876573034,945702738,83.51729437411242,5.4672057299612655,17.08697948904848,16.490622013835726,5.322392819443065,0.0,0.874415372011354,0.0,0.0,-8.499999999999863,-13.202675803919767,-0.1248504257563352,-0.29489975825536524,0.0,-2.211619301916253,-52.87785113838626,0.0,-60.0,62742
-42.06689735870246,17.9460170483648,30.126604589068734,1.2736328583226373,-1.5711390134922507,-1.5582286359264788,6.901905152814105,0.8448286676741981,2.2623925656789083,0.0,False,RUNWAY_EXCURSION,830,83.0000000000183,1,745315.0327407499,1330.5492385989846,4444.755774097718,455.0041441587811,dry,0.999748531322343,1.034735424283327,-1.123076155129826,0.0,0.0,0.48359158356096454,1013.9941970622973,0.9863628449396245,nan,nan,nan,nan,143.09802456119277,2.2606827862567798,-0.6640709205766449,129.63624102206438,140.00714030382954,1018360727,69.99556651427496,3.5971297871541132,16.651826342437417,16.778112958624657,1.7567105977221433,0.0,0.6782048358770343,0.0,0.0,-8.299999999999867,-29.701045350796218,0.0,-0.5644117785412388,0.0,-0.003922248423015345,-52.95506901703214,0.0,-60.0,63572
-12.58676352910851,13.914496939150412,24.179696963577644,1.5384379725204935,-1.3310831632178868,-1.3502883369566405,5.968945019000849,0.8430663989005188,1.97971447385234,0.0,False,INSUFFICIENT_RUNWAY,1017,101.70000000003319,1,766975.7115087451,1331.8325257242877,4473.2862582578255,235.56992156740213,dry,0.9925606854345792,3.814841491861512,-0.08608992985190689,0.0,0.0,2.360936305899866,1014.794123312138,0.9927692504522185,nan,nan,nan,nan,136.96782161447447,1.9137655735484884,3.28642195569806,131.88149570434888,142.4320153606968,2049967474,88.40462303725701,4.573624950246873,22.200704767622412,18.75289437233573,0.0,0.0,0.574129672064546,0.0,0.0,-10.169999999999828,-21.878294432867747,0.0,-0.33769473015288703,0.0,-0.1049555221263011,-64.60179564348799,0.0,-50.0,64589
-45.066635887393154,14.91300590676045,30.31000273874067,0.9841209534455188,-1.5205780221877019,-1.5296685704588322,12.385786923348428,0.8441402202424333,2.1586215675046247,0.0,False,RUNWAY_EXCURSION,624,62.40000000000191,1,732790.151704987,1327.2586566181537,4687.758027585381,68.55613344833338,dry,0.9609459971387726,1.9648532555391967,-0.6310328605039359,0.0,0.0,-0.5015353359257384,1015.1484630125703,0.9975580396611773,nan,nan,nan,nan,143.44991329364598,2.1586215675046247,16.899130514846874,128.24984492460771,138.50983251857633,420376857,47.16644365052393,3.7632186828803347,11.476846890005332,15.839600567888375,0.5107853604602383,0.0,0.6475864702513877,0.0,0.0,-6.239999999999911,-15.419576998804985,0.0,-1.8605282350095012,0.0,-1.391608984589425,-39.559403290998794,0.0,-60.0,65213
-51.36429535865521,19.206727617394904,30.16474114214743,0.8765436801729763,-2.0610096537395255,-2.051938228074533,6.3331432819698605,0.8446644282761429,2.0637101172985766,0.0,False,RUNWAY_EXCURSION,1068,106.80000000003724,1,755268.4842786294,1331.6269657498337,4480.506055561467,1.478160727665323,dry,0.9623369477861644,2.4067916202107433,2.5123269197003486,0.0,0.0,0.6009609271588943,1014.9329829710272,0.9995396735453432,nan,nan,nan,nan,140.26194461607466,2.0637101172985766,9.940137295496676,130.46514599250642,140.90235767190694,1073518085,85.70294851663208,5.306749438878027,21.735472665497387,17.882625094158378,0.5562495046491238,0.0,0.6191130351895732,0.0,0.0,-10.679999999999817,-43.775941777897565,0.0,-0.6367197151304456,0.0,-0.24202505587339374,-67.83276706475816,0.0,-60.0,66281
-52.98632510626375,17.17153112874908,30.449393475410332,1.0249385666823545,-1.9462325428655447,-1.960521996649473,5.881871581406449,0.8554715219997662,1.817394825254496,0.0,False,RUNWAY_EXCURSION,673,67.30000000000581,1,762831.3417377123,1328.017273374609,4325.967585836601,194.723758013646,dry,0.9728242626370044,5.12111895398711,2.718446945024857,0.0,0.0,-1.8745260423152335,1014.1025880802329,0.9938672592074573,nan,nan,nan,nan,131.1193499209109,1.817394825254496,0.106120603059221,130.6069166863626,141.05547002127162,107014967,48.62929014509589,2.796831823513943,13.035242763709508,14.860329750232015,0.0,0.0,0.5452184475763491,0.0,0.0,-6.729999999999901,-22.04908632429641,0.0,-0.4133886099642146,0.0,-0.0034412310595463135,-43.65732187107109,0.0,-60.0,66954
-84.26200538863453,15.550934446189794,30.023319803605425,0.20373546243273213,-2.9530585942413166,-3.148669855990715,5.012415692471537,0.8604082395279674,0.10968684739674472,0.0,False,RUNWAY_EXCURSION,506,50.59999999999713,1,761099.398622747,1326.3211625975994,4221.727408786189,154.4495140552138,dry,0.9914097333040764,7.026965954699858,-0.047938950259088564,0.0,0.0,1.7933720275235663,1011.6313032367891,0.9951602234525597,nan,nan,nan,nan,53.32661445578397,0.10968684739674472,1.270296949246692,131.45192174509265,141.96807548470008,913171518,12.527090700047264,1.545169788018269,6.494450591597803,7.020870294219145,0.0,0.0,0.03290605421902341,0.0,0.0,-5.0599999999999365,-13.596307827527152,0.0,-0.13814491189569034,0.0,0.0,-33.08804007731302,0.0,-60.0,67460
-16.53325578261512,15.349887234507593,29.07051109703126,4.2919829275767665,-1.2313762129078076,-1.2741499022826333,10.92197181689775,0.8222639841445984,3.102962169870395,0.0,False,FAILED_ROTATION,920,92.00000000002547,1,729295.128768605,1327.8553462412708,4320.698717422603,21.578106077024373,dry,0.9597127014147582,2.6630270756085546,-3.2171287305063343,0.0,0.0,-0.4002089887891609,1013.5363163235298,0.9989190023947987,nan,nan,nan,nan,145.97455145299142,3.102962169870395,17.969602274235363,128.06790191003512,138.31333406283792,2030045015,85.93715380426637,7.093414705967816,16.828217782816907,16.65995975145493,1.7734583207561283,0.0,0.9308886509611188,0.0,0.0,-9.199999999999848,-24.08550167368123,-0.006779248589821174,-1.969129746565411,0.0,-3.9405898396523846,-56.55434829034937,0.0,-50.0,68380
-58.932889815664,11.354546950654518,30.12010424949625,0.46648828130204784,-2.5552004863843223,-2.5720989815179043,6.104625857605548,0.8205232811642098,0.5859718991709997,0.0,False,RUNWAY_EXCURSION,232,23.19999999999868,1,705849.480237497,1328.8075465482725,4370.790692718261,307.7304492021512,dry,0.9688751712426604,0.9502758968180105,-2.886904646018315,0.0,0.0,0.6709166138959466,1011.2128604718602,0.9906625269983351,nan,nan,nan,nan,83.84497544380316,0.5859718991709997,1.9187354908003051,126.37171100908645,136.48144788981338,1331898245,9.158315540148054,1.7655014000587512,2.957079661407368,7.043484301802558,0.0,0.0,0.1757915697512998,0.0,0.0,-2.3199999999999945,-3.3234189841634807,0.0,-0.14035800692961017,0.0,0.0,-14.249285297738933,0.0,-60.0,68612
-55.580666450903294,16.295989180663113,30.727940154593767,2.1256829302631366,-1.668431937095542,-1.6838262547867004,16.451197327600944,0.8247452200151899,1.378668480575726,0.0,False,RUNWAY_EXCURSION,889,88.900000000023,1,718677.4261191473,1331.6549029866708,4254.4163098376675,226.23010079379708,dry,0.9725940527431742,0.36227186409371726,0.39907546238644853,0.0,0.0,1.9705673783855433,1014.3134819565771,0.9930484480007041,nan,nan,nan,nan,112.29084015166723,1.335574342789954,-1.1420101964727003,127.60595705355254,137.81443361783676,750782387,70.93481841637077,4.600250981406872,14.535834737548122,14.542672460166514,0.0,0.0,0.4006723028369864,0.0,0.0,-8.889999999999855,-26.231353904613496,0.0,-5.192003511628181,0.0,-5.515013841496387,-54.7665440914943,0.0,-60.0,69501
-14.842351568786121,13.316090066049332,24.900100820571296,1.5603386545799223,-1.4524987946417165,-1.4724662256063925,8.600426573847155,0.8297280444183209,1.7634992339055913,0.0,False,INSUFFICIENT_RUNWAY,920,92.00000000002547,1,742253.4365090857,1331.478420682346,4200.452796773593,76.33203229390162,dry,0.9955599681039358,0.44638500157540495,3.8718103716699868,0.0,0.0,0.05711866572753621,1015.6194401211213,0.9973670800785467,nan,nan,nan,nan,124.034515564169,1.7127565000492666,-0.10223529624784788,129.1706202293128,139.5042698476578,2136953472,83.21623512394018,6.093985148480794,17.214434089244676,14.857449308798346,0.0,0.0,0.5138269500147797,0.0,0.0,-9.199999999999848,-18.125866030596317,0.0,-0.8513324082605811,0.0,-1.5365589340053603,-57.024524816402476,0.0,-50.0,70421
-26.16886250387869,15.602873269267224,24.316180209376267,7.024202347463516,-1.2237552845784023,-1.264910963357485,7.725187978338065,0.8234678198518994,3.2563304100126516,0.0,False,INSUFFICIENT_RUNWAY,954,95.40000000002817,1,672432.8846483484,1330.7537728882614,4253.313934952813,433.1927115624113,dry,0.9981470012298681,6.900551966287874,0.18337184641857407,0.0,0.0,3.9257384643834996,1013.5864028681407,0.9870888795404685,nan,nan,nan,nan,129.00231054967912,3.2563304100126516,13.725070823513867,123.89181431537395,133.80315946060387,1296558496,84.25181289491275,1.7166575479855555,18.397392451325953,16.90981327990458,0.19943398821457042,0.0,0.9768991230037958,0.0,0.0,-9.539999999999841,-25.805663351222247,-0.11230683130980593,-1.1158492405469336,0.0,-3.387596797762924,-58.659455568383756,0.0,-50.0,71375
-50.16253436480184,20.152603488663786,29.263362506149676,1.821443519213648,-1.6651297157386709,-1.6473246341489447,8.813290796019015,0.8398986456845672,1.3735612445742618,0.0,False,INSUFFICIENT_RUNWAY,1028,102.80000000003406,1,728827.7078616614,1329.3034919906445,4393.158593048809,375.2770177231649,dry,0.9598747339433829,6.412870363872571,1.7553212747156866,0.0,0.0,-1.4758721794065108,1013.8831092791075,0.9886015389987984,nan,nan,nan,nan,111.97430881470898,1.3389377418460526,3.3779771398825353,127.76547990272388,137.9867182949418,2037841023,86.93472771858278,0.9325076383679308,20.937791642913613,14.61623636204788,0.0,0.0,0.40168132255381533,0.0,0.0,-10.279999999999825,-46.388777259744536,0.0,-1.431457428330751,0.0,-0.9950455036664742,-64.89019885752579,0.0,-50.0,72403
-53.81343739370712,18.610557233269947,30.33448179620256,1.3298004257928056,-1.8475545569832978,-1.8461611644347136,8.059860089932792,0.8216891505175175,1.04820391238502,0.0,False,RUNWAY_EXCURSION,941,94.10000000002714,1,692474.7324590357,1329.522691662086,4563.1134942322005,375.1626239850006,dry,0.9869571226722283,1.5717823646830427,2.5128243340459195,0.0,0.0,3.422155581884047,1013.3981779427473,0.9887968450480376,nan,nan,nan,nan,99.64518338028418,1.0181214441281554,2.152427464907234,125.62778916897793,135.67801230249617,35072563,74.94285042301863,1.4717465394633122,21.31326214102914,12.368423623524823,0.0,0.0,0.30543643323844677,0.0,0.0,-9.409999999999844,-36.21311366015338,0.0,-0.8587386429220406,0.0,-0.04286945951468944,-57.6904347913912,0.0,-60.0,73344
-62.739055739580884,21.140338987731674,30.416278229381994,1.681778950876943,-1.883411834520141,-1.8933960101014962,7.915081952407615,0.8158329955736799,1.3389420149246831,0.0,False,RUNWAY_EXCURSION,1075,107.5000000000378,1,715538.1931775581,1325.5739998875865,4720.167030251193,0.6314398035224267,dry,0.9960381672543704,6.654891987443262,3.225857131875434,0.0,0.0,1.572564992100581,1010.489712306669,0.999574802615527,nan,nan,nan,nan,114.78610130298516,1.3389420149246831,3.587489454812278,127.48010418695368,137.67851252191,987939413,86.91989346559912,1.346348647102099,24.706525677245526,14.373131861360564,0.0,0.0,0.40168260447740445,0.0,0.0,-10.749999999999815,-53.38138638388037,0.0,-0.7922680735814908,0.0,-0.15825592179813758,-65.40472761610539,0.0,-60.0,74419
-56.05955356700127,18.46839874804737,30.00552364186012,1.2933959215954722,-1.6004862819104755,-1.6023760007021202,8.149983405326795,0.8195737936375057,1.3974634252355713,0.0,False,RUNWAY_EXCURSION,836,83.60000000001878,1,708425.3706757632,1328.5884056656853,4622.504749464677,249.20331741816153,dry,0.9659020801111016,3.5244111886863436,-0.915943196180149,0.0,0.0,-2.644935922268508,1011.0269079195508,0.9922466204820094,nan,nan,nan,nan,114.303115294574,1.3974634252355713,1.265562849905617,125.88482805435366,135.95561429870196,1793051917,62.718703489750666,1.5893054272590403,16.81556006299129,14.738583867207355,0.0,0.0,0.41923902757067166,0.0,0.0,-8.359999999999866,-31.68270499299002,0.0,-1.117747166124704,0.0,-0.0851761823052485,-51.095317100360184,0.0,-60.0,75255
-63.97726684602346,12.889797864388756,30.071828138096354,0.42497844797199724,-2.674591045535377,-2.7758788827422975,7.432504729441081,0.7848492162053257,0.24319801961593157,0.0,False,RUNWAY_EXCURSION,237,23.699999999998653,1,691431.5559638389,1329.8174591981888,4599.386212644534,356.1176391438398,dry,0.9796787478699057,3.7232813726360234,-0.08422545016915173,0.0,0.0,-1.4429366746764831,1011.6986299438458,0.9891868514537806,nan,nan,nan,nan,63.8218245832288,0.24319801961593157,2.11471352751472,124.58593061287189,134.55280506190167,1627210303,6.7101680670444885,1.5866365858674571,1.6370611598979707,6.985183881862053,0.0,0.0,0.07295940588477948,0.0,0.0,-2.3699999999999934,-4.375201409933091,0.0,-0.6309546924606657,0.0,0.0,-13.593119844186436,0.0,-60.0,75492
-48.76069584274577,21.58073059455251,28.72214598326885,1.1799038730533589,-1.828262218824697,-1.861703008448321,9.184077967950856,0.8440441262688765,1.621553320078334,0.0,False,INSUFFICIENT_RUNWAY,956,95.60000000002833,1,690941.6799706656,1327.328993349183,4203.767375204909,42.05844513578694,dry,0.9692791070684805,7.100788526554327,-1.4858001717518512,0.0,0.0,-0.19894027775802847,1010.8443751469081,0.9983429922009824,nan,nan,nan,nan,125.50892201275344,1.6185014197516807,0.9017360217653092,124.8644113710757,134.85356428076176,875079008,83.22071850156658,1.6445004124504752,21.20978565809486,16.009667803157985,0.0,0.0,0.4855504259255042,0.0,0.0,-9.55999999999984,-49.470655993654525,0.0,-0.8680588207747957,0.0,-0.807500686056525,-60.624703143455186,0.0,-50.0,76448
-69.75058369739531,20.94058400804169,30.07426150112363,1.4837560927939875,-2.120171693664172,-2.194380554934135,7.359144886984616,0.8808992039119322,1.4197015908651451,0.0,False,RUNWAY_EXCURSION,869,86.90000000002141,1,752070.3069327717,1327.917917667342,4432.977365464102,323.74672950845087,dry,0.9762536792517094,3.515382051243521,-3.244709099824369,0.0,0.0,1.2634112674332085,1014.3028830649928,0.9902160224675655,nan,nan,nan,nan,118.64990051416727,1.4197015908651451,0.9026746405429975,130.3783571929858,140.80862576842466,1068207104,64.65955692800308,1.3760559619659545,19.103770898617437,14.829032597887956,0.0,0.0,0.4259104772595435,0.0,0.0,-8.68999999999986,-42.340389213503705,0.0,-0.533865427056294,0.0,-0.02779141100660676,-58.55286450956229,0.0,-60.0,77317
-67.241167113648,12.923477073477525,30.130149503388353,0.3891511237880876,-2.7880495062432056,-2.962407359865907,9.603662084136984,0.8295004497855949,0.1242574784802386,0.0,False,RUNWAY_EXCURSION,191,19.099999999998914,1,699329.238058665,1324.2359584659853,4642.870621986701,34.570841287217824,dry,0.9765144239961179,5.339892170359327,-3.2562902324576113,0.0,0.0,0.2662985615895215,1014.5630255301392,0.9986114747393781,nan,nan,nan,nan,54.244975279844645,0.1242574784802386,1.6160945966396767,125.49083647484909,135.53010339283702,902462478,4.544216847579851,0.7060686463691787,0.6877368167166691,5.2863068085300995,0.0,0.0,0.03727724354407159,0.0,0.0,-1.9100000000000015,-3.544456177413505,0.0,-1.1789598564848867,0.0,0.0,-11.869357442489475,0.0,-60.0,77508
-66.5780732599404,12.05940457841817,30.08097400520895,0.25717266543724265,-2.6838399110060225,-2.8405260857725256,9.111341908739512,0.8477960597096442,0.14637252465433903,0.0,False,RUNWAY_EXCURSION,194,19.399999999998897,1,704380.4280333768,1331.7136911848731,4441.561792024887,496.13295459062186,dry,0.9582651676896433,2.3418753688019773,-1.4918843851982801,0.0,0.0,-1.4619940988876694,1015.1160529039626,0.9851204026422123,nan,nan,nan,nan,56.732943343238766,0.14637252465433903,2.359887190801011,125.53110198509144,135.57359014389877,1136689207,4.661767065316969,0.9599616135060723,0.6536006037357714,5.749256376543852,0.0,0.0,0.0439117573963017,0.0,0.0,-1.9400000000000015,-3.1348080360531974,0.0,-1.15005646304677,0.0,0.0,-12.421706177339388,0.0,-60.0,77702
-44.71187431932077,21.673240409980046,29.700242129990478,1.8996716149803716,-2.0686390777077586,-2.175706334880876,27.05592011519938,0.8495837042646278,1.3055330602147137,0.0,False,TIMEOUT,1200,120.00000000004773,1,695951.2709422803,1328.9486101073237,4732.274254928401,196.94181882999501,dry,0.9927593737728244,7.50481310063913,-2.5822755812543847,0.0,0.0,-2.551812087930511,1013.4965816818838,0.9937836804111303,nan,nan,nan,nan,107.34499476835352,1.2042298074241273,-2.4442860588380277,124.63981134927927,134.61099625722161,494452712,89.8648224959255,1.4773993275780803,25.530705768798786,15.16747677005512,0.0,0.0,0.3612689422272387,0.0,0.0,-11.999999999999789,-62.63057998250549,0.0,-7.395840191758471,0.0,-8.002295195106246,-77.08483225453475,0.0,-10.0,78902
-48.08486048372504,3.4060136557223184,8.081513386081353,0.01267018688386862,-2.825209698705605,-90.0,5.412570702488124,0.8815486348282588,0.0,0.0,False,FAILED_TO_ACCELERATE,301,30.099999999998296,1,711210.8210559811,1324.2048669019484,4443.719631392392,325.91294232717405,dry,0.952569012822452,0.1547502192489656,1.0811995572077846,0.0,0.0,3.7366214014306003,1011.9486225186558,0.9902713377233128,nan,nan,nan,nan,12.227789826590564,-0.16312514939590983,0.0015696581733992687,127.47582405543247,137.67388997986708,1687461942,2.1179093717558928,1.269199953407845,0.7581141529044733,1.695882509935627,0.0,0.0,0.0,0.0,0.0,-3.00999999999998,-0.3879866262125601,0.0,-0.2861933038753267,0.0,0.0,-20.241786541640934,0.0,-30.0,79203
-78.40362394787769,9.20771350965253,30.010449250979175,0.15650903325566487,-2.6216836526306366,-2.7317226508562156,10.786144116467776,0.8350449883410171,0.08029953114032651,0.0,False,RUNWAY_EXCURSION,369,36.89999999999791,1,672327.9476359203,1329.2966911469464,4241.8095724199475,468.88843354163583,dry,0.9522344087315183,0.8869901685534298,1.698210635395745,0.0,0.0,0.038585984690257646,1011.9640698653534,0.9859842294003682,nan,nan,nan,nan,54.072159635695115,0.08029953114032651,3.5256909978768824,123.1536282102984,133.00591846712229,166879142,5.102466635808553,1.2541621055605037,0.8814199970214518,6.002618066547527,0.0,0.0,0.024089859342097952,0.0,0.0,-3.6899999999999653,-3.4760615111093474,0.0,-1.4117512929970393,0.0,0.0,-23.09056780805137,0.0,-60.0,79572
-48.147044257824795,5.409652777369379,10.901905589970461,0.02978605416422388,-2.9356495072586033,-90.0,6.66419258444372,0.8378151783911494,0.0,0.0,False,FAILED_TO_ACCELERATE,301,30.099999999998296,1,746820.655573109,1324.5595981551025,4628.088886057273,139.68205351432727,dry,0.9659835689863542,7.494880653440019,1.1006437408167105,0.0,0.0,3.703810326709979,1013.9007199154261,0.9956252358376457,nan,nan,nan,nan,11.845741622605141,-0.1747724066744354,-0.04200245817413961,130.4950132733679,140.93461433523734,890466655,2.253645522520026,0.7910075866172648,0.7277599451184842,1.6536690458440928,0.0,0.0,0.0,0.0,0.0,-3.00999999999998,-0.9787296994090857,0.0,-0.44199413982038205,0.0,0.0,-19.142402518695175,0.0,-30.0,79873
-46.33521835194878,2.530787689878305,6.500327102878317,0.027843537681617896,-2.9251726406166116,-90.0,7.851933454587627,0.7669994006323259,0.0,0.0,False,FAILED_TO_ACCELERATE,301,30.099999999998296,1,738800.3757947467,1323.5801931372328,4242.577393899662,475.87805884910966,dry,0.9963414031289775,1.7566557748711995,0.9603308764387091,0.0,0.0,2.4581639436373655,1014.6654947089559,0.9859255172593517,nan,nan,nan,nan,12.70305138617335,-0.17322137588814712,0.033363397164909436,129.46631905423973,139.82362457857892,605291690,1.2049457445398173,0.7976938060130555,0.4764262011375016,1.7595620709243402,0.0,0.0,0.0,0.0,0.0,-3.00999999999998,-0.21420786507812334,0.0,-0.3381497244005016,0.0,0.0,-17.01148858508487,0.0,-30.0,80174
-44.939685684908525,0.44145329410284884,0.4967272985023814,0.0009440306465218108,-2.7888974947345053,-90.0,0.9264502426200917,0.6016621827617178,0.0,0.0,False,FAILED_TO_ACCELERATE,301,30.099999999998296,1,733952.0934380495,1330.876187886792,4675.009895697929,488.7923976422213,dry,0.9502413407215292,1.0519575311986866,-0.23021489762063752,0.0,0.0,1.0004729005500295,1010.3509974222178,0.985472481389351,nan,nan,nan,nan,0.333271028801153,-0.1775607497777969,-0.000293744459864409,128.99131202226582,139.3106169840471,1577291459,0.15318392785654297,0.1521761445139678,0.11399838511523251,0.11078648271118044,0.0,0.0,0.0,0.0,0.0,-3.00999999999998,-0.006517687141461235,0.0,0.0,0.0,0.0,-12.453312937963972,0.0,-30.0,80475
-45.4291613936592,0.2629637207845426,0.3742609693109684,0.0007956377205768811,-2.697573292805803,-90.0,1.9168777672924306,0.6318171718059845,0.0,0.0,False,FAILED_TO_ACCELERATE,301,30.099999999998296,1,695368.098311086,1329.0972884251055,4668.049097580738,400.89488902587453,dry,0.9798577636181769,5.734121268232989,-1.2651703481299887,0.0,0.0,-2.7475261229245334,1013.4612602156507,0.9878412542156938,nan,nan,nan,nan,0.20030483446791894,-0.17038740024287335,0.00026731433516495595,124.54705388269267,134.5108181933081,1609096917,0.1256785879401518,0.12556984338965646,0.0865012365692414,0.08889249715483921,0.0,0.0,0.0,0.0,0.0,-3.00999999999998,-0.002312680605900459,0.0,0.0,0.0,0.0,-12.843490878107186,0.0,-30.0,80776
-46.62459237919337,1.8016638739268902,1.8484376991121603,0.0011819772873605439,-2.9959918851783334,-90.0,0.9284286061183423,0.6715261807143355,0.0,0.0,False,FAILED_TO_ACCELERATE,301,30.099999999998296,1,764787.8110455258,1324.409682099289,4717.459961932085,251.95439642240964,dry,0.9865851887068655,6.146533743533577,0.018713698283045144,0.0,0.0,2.1080419875915988,1011.3179479023381,0.9923624074283166,nan,nan,nan,nan,5.831353010658916e-05,-0.1952205433215113,0.005267639534163079,131.8619637882458,142.41092089130547,1527167700,0.10587936350179891,0.09331761873563325,0.07827310454883661,0.12718676005100382,0.0,0.0,0.0,0.0,0.0,-3.00999999999998,-0.10856042301095438,0.0,0.0,0.0,0.0,-13.910688803019683,0.0,-30.0,81077
-44.83500707741729,19.723421105432607,28.47180891147882,1.868568506677935,-2.601830747324637,-2.683050503025476,15.422030974030719,0.8395250725249445,1.1596054269380716,0.0,False,TIMEOUT,1200,120.00000000004773,1,762941.1839691906,1324.2013678809399,4250.748523497559,183.5749394244041,dry,0.969357735691223,7.236401146437947,-0.574710588574129,0.0,0.0,-1.1587232876762696,1015.128928725575,0.9942323103721656,nan,nan,nan,nan,111.75818250246505,1.1596054269380716,0.3642963893588558,130.71338536851053,141.17045619799137,1985281331,69.69600462180098,1.2528074831792437,23.003517709298134,13.753630776346444,0.0,0.0,0.3478816280814217,0.0,0.0,-11.999999999999789,-51.86844534696324,0.0,-1.4593300756531111,0.0,-1.759633579782358,-75.80144029372457,0.0,-10.0,82277
-69.13953972974046,22.951504251317175,29.072188077110816,2.6741205835150215,-2.4650457325715953,-2.45944837929315,20.96368064891658,0.8287152045965199,0.9762742613477258,0.0,False,TIMEOUT,1200,120.00000000004773,1,748351.6822437842,1327.5578825102316,4389.676072662518,421.30012583601376,dry,0.9824578879800575,3.184428620520224,-2.5795733058014463,0.0,0.0,0.2817604652330692,1010.2790598791399,0.9873719633308322,nan,nan,nan,nan,94.88147413978093,0.8309813218805857,-0.9802264714615028,130.09317752818583,140.50063173044072,2001582934,75.84646055949842,1.4689808431417573,25.276852171738238,13.23533210038524,0.0,0.0,0.24929439656417618,0.0,0.0,-11.999999999999789,-70.23620631976395,0.0,-8.442906535054687,0.0,-9.546514688807978,-74.99083225744135,0.0,-10.0,83477
-76.15877913275426,20.804872399242644,31.3226768050013,2.139381325219815,-2.2148596983823583,-2.236854138607693,16.667392813372025,0.831388767437631,1.4205959345431438,0.0,False,RUNWAY_EXCURSION,1004,100.40000000003215,1,750792.2342807447,1326.5499770602994,4611.50121645513,343.5342735079444,dry,0.9931734855828559,4.186382817382873,-3.0779104458263964,0.0,0.0,4.215663942857455,1015.8646148416051,0.9897523864711478,nan,nan,nan,nan,116.38962155910107,1.2729926477196614,4.973357851996507,130.8295778483859,141.29594407625677,396530695,79.71514852188518,2.8606742891558503,18.507126366129345,15.939058905516877,0.0,0.0,0.3818977943158986,0.0,0.0,-10.03999999999983,-48.28600960121821,0.0,-5.825757454489844,0.0,-6.542855158008845,-62.868062796040256,0.0,-60.0,84481
-68.68472021034083,18.83315924549493,30.048647103369014,2.608998947962201,-2.1083296950298407,-1.867538456541117,18.016172884535898,0.8488083118158912,1.6323468725563544,0.0,False,RUNWAY_EXCURSION,960,96.00000000002865,1,703488.2994711115,1331.6408617846453,4653.516634195125,454.2171466177736,dry,0.9545038057942602,3.8828863759170478,-3.52918707696278,0.0,0.0,4.57993194984863,1012.791776562008,0.986577759976835,nan,nan,nan,nan,117.95918194301319,1.4543684269794426,-0.4948159781538308,126.91200613208566,137.06496662265252,246815950,72.08326217655592,2.8468676321024686,19.081508009774645,16.242913778258636,0.0,0.0,0.4363105280938331,0.0,0.0,-9.59999999999984,-37.8333746310582,0.0,-4.007660930445025,0.0,-5.899513871703345,-62.03503290191957,0.0,-60.0,85441
-63.31093122498834,18.2039901038838,30.085856571777814,1.6981262835231863,-2.028449815320721,-2.0604389378807224,9.24129680922692,0.8575646311705167,1.4425812821326076,0.0,False,RUNWAY_EXCURSION,737,73.7000000000109,1,696166.3531866937,1330.500020384965,4516.331225938555,382.72913223158747,dry,0.9694499962144834,7.40611192973096,2.0044629021961224,0.0,0.0,-1.7245276285314866,1014.4916570042833,0.9883651257846491,nan,nan,nan,nan,117.49121354257676,1.4268416858045043,-1.2245337851644145,124.77824728064436,134.76050706309593,284241473,50.52029703129752,2.7570004219537645,12.256292271810082,14.996264682199973,0.0,0.0,0.42805250574135134,0.0,0.0,-7.369999999999887,-27.13677038362159,0.0,-1.201458234065792,0.0,-0.7913929067199457,-47.769216613583545,0.0,-60.0,86178
-58.54616932897675,17.13128984326895,30.05269591191972,1.2201425140995648,-2.0385442037426014,-2.078548012593774,5.569314836933443,0.8281278447171707,1.210474094401036,0.0,False,RUNWAY_EXCURSION,488,48.79999999999723,1,702495.1324412869,1327.1557324543817,4790.870060335704,94.63832631773633,dry,0.9546922681965699,3.661201097311218,-3.689794339194803,0.0,0.0,-1.3986185729530831,1015.7993250538417,0.9968126065061857,nan,nan,nan,nan,109.21697246387633,1.210474094401036,0.6119147623850729,125.33467705084742,135.3614512149152,1565548042,29.415651122824997,2.237941421146922,9.27006991733419,11.296306290596991,0.0,0.0,0.3631422283203109,0.0,0.0,-4.87999999999994,-15.913196971857328,0.0,-0.10174389321402945,0.0,-0.006350011370059394,-30.22798943275868,0.0,-60.0,86666
-44.24118826994201,15.942333942739381,30.077182433544845,1.0632332294558233,-1.2943694495045446,-1.3105191575170785,7.454910148838529,0.8117979600598728,2.3462811573775184,0.0,False,RUNWAY_EXCURSION,512,51.1999999999971,1,711485.5054567938,1322.5869850426243,4200.77816912812,143.68876177147277,dry,0.953725457368326,7.073581934822691,-0.10198700398376603,0.0,0.0,-2.306975358780903,1012.7560894104279,0.9953416564670541,nan,nan,nan,nan,136.58977798142843,2.109442094040901,-2.338170900152985,126.12325875196105,136.21311945211795,2083753425,39.37005537029909,4.481657783945884,8.666652275384418,13.554509199711866,1.7068573972063998,0.0,0.6328326282122702,0.0,0.0,-5.119999999999935,-14.458766878823525,0.0,-0.5847464780639346,0.0,-1.3517166195023467,-31.138522948312037,0.0,-60.0,87178
-36.006560118839225,11.953664353754117,30.23496148753153,13.810059201118166,-0.9499579866102127,-0.8345178717705003,16.851557190573182,0.7806009764590903,5.119924569378668,0.0,False,RUNWAY_EXCURSION,840,84.0000000000191,1,693550.5612322111,1323.899714696763,4693.93551834692,355.8849943472838,dry,0.9972735888354599,7.934023595796599,-3.2497693971969843,0.0,0.0,0.10041244227564317,1013.3923061302374,0.9891375256351748,nan,nan,nan,nan,154.16159831838243,4.546136288473122,-11.033008851238293,125.00748514192863,135.00808395328292,1991627720,87.49693009606261,8.098991643567988,11.520308092147413,14.765342209965677,6.375150455057099,0.0,1.3638408865419356,0.0,0.0,-8.399999999999865,-13.336408538339782,-10.088836789396964,-5.742820337541423,0.0,-19.538559178272756,-48.52049865863097,0.0,-60.0,88018
-40.19969336265794,11.255412172499803,20.49484862227854,9.138393118955225,-0.30700873897792935,-1.2878226592556656,4.813880033122606,0.7888435208883331,12.156556588046897,0.0,False,UNSTABLE_AFTER_LIFTOFF,509,50.899999999997114,1,691426.1941488609,1324.8841261638431,4349.353160634284,248.2396135745577,dry,0.9858864782740918,5.913217722051692,2.2310997980169263,0.0,0.0,-0.7102886825202708,1015.279822592941,0.9920274813266038,47.39999999999731,1808.0512280342816,nan,nan,153.348702737505,11.439580880853498,-158.28023346566118,124.52432831260874,134.48627457761745,1435036778,41.17925528908038,4.11502195147014,9.496784834063774,13.095200432733119,1.7037751131660777,0.3203223628693958,3.4318742642560482,0.0,0.0,-5.089999999999936,-7.164701146109337,-0.6066693554516829,-0.089085805041645,0.0,-0.873543952350829,-29.717927351343373,0.0,-70.0,88527
-40.971876527072936,10.039351530018672,30.430465806706934,21.318185368718712,-1.8068127543945338,-1.8548680438229428,10.841192882631525,0.7541364550980091,6.576847638649696,0.0,False,RUNWAY_EXCURSION,510,50.99999999999711,1,725121.2439534571,1327.1904524632234,4580.278680868042,135.68991598695186,dry,0.9505745698855486,2.9366842877977417,3.7431088460358923,0.0,0.0,1.169692646737297,1012.449040105576,0.9955825670319761,nan,nan,nan,nan,159.22316302510558,3.954829388852602,-104.11267771419062,128.11751685804748,138.36691820669128,2078605664,41.58300419867758,3.685865911935026,8.529966343331495,14.016776212577033,1.3088680868756293,0.0,1.1864488166557814,0.0,0.0,-5.099999999999936,-5.711352818119667,-8.442668467628874,-0.6880481420014424,0.0,-3.0933647784470444,-28.24737189092846,0.0,-60.0,89037
2.2125680581294134,12.062739027483623,22.503436036996224,8.056779373666348,-1.6908766421680208,-1.6159562095260436,5.349707733700592,0.8226269138553158,3.8742916625467956,0.0,False,INSUFFICIENT_RUNWAY,945,94.50000000002746,1,767532.1757828261,1330.38247466749,4458.14358310175,160.4624831672201,dry,0.9922910774976331,6.6382607189175555,3.908742791142175,0.0,0.0,0.30437860773347936,1012.5284854133234,0.9949215188630992,nan,nan,nan,nan,120.41919484790634,1.5448134965996587,-1.4875163026911764,131.6085260763307,142.13720816243716,1871024368,88.61765274155823,8.811487445920442,19.219654201728638,16.563598450543285,3.182899145574226,0.0,0.46344404897989827,0.0,0.0,-9.449999999999843,-15.27851564874354,-0.828238719558667,-0.15179831248708164,0.0,-0.6028754181547549,-58.33473987723123,0.0,-50.0,89982
-18.668030629223765,8.541074505582085,30.07281129069616,11.903021998481604,-1.760592272145748,-1.6715344148542357,10.961419948615719,0.7879160936288744,4.822507010107131,0.0,False,RUNWAY_EXCURSION,661,66.10000000000485,1,763373.0968669361,1326.3635327814734,4606.456537272685,469.93613072990763,dry,0.9946025132558662,6.939702317314787,1.0227145648889735,0.0,0.0,4.321742259471709,1014.9377203569189,0.9860428144482161,nan,nan,nan,nan,152.9474717723571,4.723543166981756,2.1371394273771216,132.00533139408185,142.5657579056084,31581548,65.49268252305852,7.466179862829966,10.679577544681415,14.90441194771608,3.7857475519660246,0.0,1.4170629500945275,0.0,0.0,-6.6099999999999035,-5.357768822471854,-5.209243973372349,-1.3291718776763652,0.0,-5.173343715055445,-38.73416462099418,0.0,-60.0,90643
5.680567243485221,7.658323358670651,19.413984849819528,9.540965220791293,-1.6917703089091265,-1.7538612381671441,10.96165774083797,0.8079244431592425,8.95812647526759,0.0,False,FAILED_ROTATION,754,75.40000000001226,1,712397.4577244703,1323.570743731173,4238.661938260541,275.9910220381197,dry,0.9511870628071594,2.2285301681991116,1.196850442544687,0.0,0.0,-2.000035280659281,1013.454737236329,0.9913488599993464,nan,nan,nan,nan,154.42173190604942,6.4083393786676766,38.4765248774584,126.2282721464986,136.3265339182185,256059213,84.09606432229963,9.420959243661994,12.675320555879885,12.849356356556344,7.062120872933996,0.0,1.9225018136003034,0.0,0.0,-7.539999999999884,-4.913559685126014,-2.8215601976269524,-1.970256634780689,0.0,-9.666483976264502,-45.433895427648565,0.0,-50.0,91397
-31.431518894348553,9.705208571582247,30.155087058956074,12.163019228413393,-1.3170932809706983,-1.3635772511884223,10.13824165252061,0.8294857525751799,4.832931707627836,0.0,False,RUNWAY_EXCURSION,647,64.70000000000374,1,690861.3078669927,1323.5069518403423,4277.701967831293,437.648450971804,dry,0.9773179220067031,1.0669430508648485,-2.125259273335873,0.0,0.0,-2.46531520342812,1011.8373257491361,0.9866517263545062,nan,nan,nan,nan,149.61806190675108,4.296472709376815,-10.043889079101973,124.3037852672066,134.24808808858313,1854652970,64.27338562176548,5.73505775648821,11.196863644625399,12.817128880553764,4.256605407324289,0.0,1.2889418128130459,0.0,0.0,-6.4699999999999065,-6.771291611265564,-8.398800654723184,-1.5538595959535697,0.0,-7.563849212858201,-40.241700943118104,0.0,-60.0,92044
-14.129239157150714,6.920716542780575,30.48739192703463,12.881828771516199,-1.3245067637256145,-1.3445850324544315,3.6739236876035224,0.8310624076868671,9.47222299617195,0.0,False,RUNWAY_EXCURSION,588,58.799999999999045,1,739378.8537087318,1330.2847953335495,4628.029995964896,140.0846021608987,dry,0.9624008782934452,5.9626520688360305,-0.11361994193351821,0.0,0.0,0.6589639027536816,1013.1451392630986,0.9952747821985941,nan,nan,nan,nan,168.86383326325728,9.47222299617195,132.82839413825968,129.21228351243298,139.54926619342763,176863876,52.67152714549889,8.954637378961344,12.4710546436573,15.375802742094496,3.0458722610792126,0.019400215773430332,2.841666898851586,0.0,0.0,-5.879999999999919,-3.129226074413758,-3.150625390892505,-0.0026416347534873267,0.0,-0.5406666350106728,-36.80604070799653,0.0,-60.0,92632
-26.588609290358313,8.540813053414041,30.078891325703797,7.871204434733413,-0.6806393457817611,-0.5631012765615405,12.90285168648437,0.8505740900539812,8.346345425945856,0.0,False,RUNWAY_EXCURSION,607,60.70000000000056,1,676895.6151510382,1323.3998165163541,4322.903375924659,285.80053568774326,dry,0.9762344510111879,1.8252204697371575,1.933886617225058,0.0,0.0,-1.9765216891822242,1010.7699977498029,0.991126293258647,nan,nan,nan,nan,144.50515771878463,3.6744539027893097,20.406314831071697,123.21119151998433,133.06808684158307,2107100303,56.27536963277285,8.13886867847502,11.632058078391331,11.976966007981538,5.046431832917692,0.0,1.1023361708367938,0.0,0.0,-6.069999999999915,-4.919767886812684,-1.0651981337351701,-1.3419842420666253,0.0,-8.36316251597182,-39.00052691314715,0.0,-60.0,93239
-28.79023875018036,7.394509558146182,30.153953879809336,5.336564013106547,-1.8654964223451393,-1.7146937788447956,10.883292130875956,0.8382315701669449,3.11140562919428,0.0,False,RUNWAY_EXCURSION,554,55.39999999999686,1,739047.1844674011,1327.8655603961877,4231.460141465563,428.740737891828,dry,0.9578476063264635,5.335033972455162,-3.418151947651142,0.0,0.0,-0.738207854967948,1014.5562638380483,0.9870298618318711,nan,nan,nan,nan,139.56811013376458,3.11140562919428,14.978120876696188,128.7807926009304,139.08325600900483,1776774048,40.80751764924961,9.027138106229735,10.599087689700216,15.348811280589207,1.6834167421532837,0.0,0.9334216887582842,0.0,0.0,-5.539999999999926,-3.365782163272827,-0.024910325877107127,-0.8318149743694654,0.0,-2.385940882278202,-35.04118356106303,0.0,-60.0,93793
-16.006273983462634,6.789247048521413,30.38843040104301,8.646419365142636,-1.063194047179874,-0.8652654392882599,17.566185112885297,0.8055404873908084,5.167639022437015,0.0,False,RUNWAY_EXCURSION,653,65.30000000000422,1,706850.5184457661,1324.3691457626821,4705.4560430894035,314.68991963819985,dry,0.9866137836204674,4.458163984222593,-2.6402314392085167,0.0,0.0,1.9277673672644093,1015.8789681890846,0.9904340528295998,nan,nan,nan,nan,133.69315730203076,2.8960779858538217,27.29080034908108,126.44475378730579,136.56033409029027,2055593207,61.170970274961704,12.076627683852518,13.860790459401441,14.831242582417413,3.34670497936921,0.0,0.8688233957561469,0.0,0.0,-6.529999999999905,-3.344366743584937,-0.852337914932323,-3.6393749965512545,0.0,-8.396285020218707,-39.39906868393371,0.0,-60.0,94446
-58.94099608086429,12.76244731618242,55.61762063837538,11.994032241823314,3.123767465110864,2.08384194624701,9.524719965560374,0.7835682914370578,51.51405352478224,0.0,False,CRASH,602,60.20000000000016,1,687267.5349330937,1325.7262291121033,4758.297866648807,425.8426819080006,dry,0.9908970499865276,5.1024537015512115,-0.39057508724806445,0.0,0.0,-2.5901667826309955,1012.3846576614483,0.986658473056651,49.19999999999721,1987.897365124837,nan,nan,159.087416431444,15.321219278393983,-1221.7318500688746,123.91945198544012,133.83300814427534,773786671,56.09280465235558,9.483110575341623,12.823147133799104,13.606323909609024,4.407054772650409,1.8768690515490656,4.5963657835181975,0.0,0.0,-6.019999999999916,-10.894866335777309,-2.1982352641585985,-0.49945190433621867,0.0,-7.397305345256312,-34.81681311015871,0.0,-100.0,95048
-18.579198726864398,8.491523972888984,30.2635849656952,1.7328398140398433,-1.0947729648528153,-1.1106215830799389,14.774681495772048,0.8293046612270679,2.0281708819458117,0.0,False,RUNWAY_EXCURSION,739,73.90000000001106,1,755203.5423839088,1330.667530863915,4302.6004720992005,263.1016195852045,dry,0.9943960601849047,5.505794838869331,1.8019212229671395,0.0,0.0,1.8622670844850084,1014.9513369236471,0.9919704697053278,nan,nan,nan,nan,119.9751162017011,1.564862985355603,-2.4883826221826766,130.74297729883472,141.20241548274151,319468283,67.00942967970883,11.288197558966377,15.000756416754525,16.140560433661612,0.0,0.0,0.46945889560668147,0.0,0.0,-7.389999999999887,-5.920702084823073,0.0,-2.721279156546168,0.0,-6.31711213727246,-46.13850833292083,0.0,-60.0,95787
-69.11184095883848,53.123047378991615,279.88800279770174,60.74809994470125,5.527125455423219,3.5748652730902744,42.60905383922013,0.8045849854487741,340.72684064959225,0.19298245614035087,False,LOSS_OF_CONTROL,612,61.200000000000955,1,695984.9148832622,1330.8559380837366,4533.737995796053,370.9449205247425,dry,0.976403858201878,0.33577678920975274,0.8542111496189486,0.0,0.0,-1.8184327111289598,1014.0250828215179,0.979388668137127,43.59999999999753,1512.5933683502317,49.89999999999717,nan,167.47128216905088,322.01400362822966,-1264.0352430517712,124.77022746400316,134.7518456611234,1109958447,56.573330726163555,9.98714932254787,11.15440849547191,13.668157961952785,5.109828542494339,11.497982326922251,30.0,2.2000000000000006,0.0,-6.119999999999914,-33.451506406486374,-31.750001664021255,-14.202700716487058,0.0,-7.132208865154638,-36.6462806822417,0.0,-80.0,96399
-72.37948057622118,53.314336183080535,240.2023215270594,60.98602911903671,7.666069570069308,4.1986879045904715,36.227943519027484,0.7922850582754555,241.20980292597682,0.0,False,LOSS_OF_CONTROL,631,63.10000000000247,1,682609.0583153099,1327.4059718115607,4753.316968357711,87.33437284549412,dry,0.999020957153033,4.195482946558406,-1.8111713107856366,0.0,0.0,3.6419391196286535,1011.0612179391211,0.9901666133428098,45.09999999999744,1340.5975085781315,58.999999999999204,nan,160.37407709777327,241.20980292597682,1356.360239940858,124.9207922193935,134.914455596945,2088704472,54.2320744894304,8.937546499741043,10.114982258107675,12.523523833674464,5.4493748218068845,8.100674827106314,29.999999999999993,0.0,0.0,-6.30999999999991,-45.590637798569695,-16.86586308727996,-9.296946770784004,0.0,-6.869059858756802,-36.80514979069742,0.0,-80.0,97030
-63.365066867223675,36.697452906125825,101.7016231435049,23.01236133399937,45.078123310800486,8.46180574102906,16.613478557266205,0.7510191449059382,1963.8540907070446,0.22941176470588234,False,LOSS_OF_CONTROL,1125,112.50000000004178,1,700256.5434916837,1324.624832313835,4388.8605567396,7.01833860989054,dry,0.9764622697262992,5.2406302336401485,-3.637107496700908,0.0,0.0,1.7983357172972374,1015.724282117547,0.9435804410606031,70.10000000000804,2307.262958998756,78.6000000000148,nan,109.91713292906077,1963.8540907070446,6806.81086546597,125.83509106595372,135.90189835123002,788603697,111.88907836373237,9.399824031408711,17.983479578734087,14.885647913534157,5.406938483827134,35.21409380517008,29.999999999999986,7.799999999999988,0.0,-11.249999999999805,-90.72149666376903,-31.802486384710235,-7.11100263104932,0.0,-13.10448902814958,-61.95465433595214,0.0,-80.0,98155
-106.91574248945426,33.935713489864376,171.74662607613715,48.72566428114992,6.966887095913469,5.056068021392883,21.80443183090086,0.8383417524944717,85.6552691256994,0.0,False,CRASH,667,66.70000000000533,1,726917.8985337378,1327.761569822941,4662.42646289281,8.652168963370233,dry,0.9613077159136317,2.6874970846116852,-2.679291668356513,0.0,0.0,-1.9372622268157862,1011.5796070676583,0.9991526161581731,50.79999999999712,1645.5059962759135,nan,nan,162.3791893657182,8.01126867975588,-1331.0752465318542,127.64032888955863,137.85155520072334,1911122052,56.77364899955446,8.276947585694307,9.983661723790542,13.835509738786387,6.4410717539408555,3.214787623550824,2.4033806039267898,0.0,0.0,-6.669999999999902,-34.23003516316717,-15.909415871826459,-6.803104886991532,0.0,-2.1477081615441564,-42.08448643516899,0.0,-100.0,98822
-31.6352974532945,10.636380074840737,30.44964357932784,1.8046496398434093,-0.9606319422394066,-1.095978650212521,12.093472052365874,0.8454670922598229,2.073894776791036,0.0,False,RUNWAY_EXCURSION,649,64.9000000000039,1,751867.2961294991,1324.7310007443866,4474.326477688286,174.7350573721238,dry,0.9505534681012041,0.8487019128276767,1.1095298537341964,0.0,0.0,3.6242824831317355,1015.4947637195828,0.9945507527852084,nan,nan,nan,nan,122.17372203034948,1.8291348143018809,-3.064485468876761,130.81454810140727,141.27971194951985,824272794,54.07125205823545,11.166481638764319,10.548266371185345,14.840303014850871,0.0,0.0,0.5487404442905641,0.0,0.0,-6.489999999999906,-8.158116125734265,0.0,-2.332396347830344,0.0,-4.310249405209667,-41.519579101846666,0.0,-60.0,99471
-74.99882751423122,38.46174933163623,196.3265084079426,8.739782417053142,4.739408537983707,2.867309259712174,23.45742937909296,0.8204922563573722,294.9585633450672,0.20915032679738563,False,CRASH,807,80.70000000001647,1,696023.0575925129,1323.6227020363735,4214.406376793642,486.0077677122621,dry,0.9807762607176667,3.775099614370504,1.9099524974273954,0.0,0.0,-0.23886200802675273,1014.8977538700663,0.9845952929659701,60.0,1844.1190972968595,65.50000000000438,nan,190.80890782813842,30.29053472763826,-3818.6350274119286,125.06353152944907,135.06861405180499,1766034346,70.66378933976394,10.785945010602148,12.144961833831086,13.819466916391912,4.26508936609557,10.597392766735002,9.087160418291477,3.2000000000000015,0.0,-8.069999999999872,-37.49213467701442,-2.3996093782290084,-8.501439874471572,0.0,-3.728996493892341,-49.37045274233501,0.0,-100.0,100278
-92.52200251234497,53.085051761949664,305.0008022689914,60.05696607306984,25.221266128929585,12.587737957959261,67.00580587568754,0.7263767003021712,2183.5540226166686,0.12555066079295155,False,LOSS_OF_CONTROL,962,96.20000000002881,1,731397.768016366,1328.1843645651643,4619.586572315035,443.6250835469412,dry,0.9594324381827285,6.201922223203151,3.323005435706967,0.0,0.0,4.91906628262832,1013.6962709014053,0.9262410131851437,45.09999999999744,1476.9878648481683,50.899999999997114,nan,120.95961988163474,2183.5540226166686,1169.137990876365,129.42216736292198,139.77594075195574,493018052,106.75801943460202,10.746040861327725,15.302234708292078,14.147622266511002,4.6527195707140026,46.46165289440153,30.000000000000004,5.699999999999996,0.0,-9.61999999999984,-66.82130311065082,-78.76066675861773,-15.7354046165197,-2.811095350820696,-21.258924371139376,-51.28289804044469,0.0,-80.0,101240
217.6213116808235,3.507957025842544,13.854962181972732,7.079291438589259,11.401576185162885,4.780587428218822,5.542477073556418,0.7743020301250901,304.05248015869813,1.0,True,SUCCESS,478,47.79999999999729,1,694997.016094604,1322.8907640696498,4494.446557905783,79.00057656047005,dry,0.9843706642300684,4.815848794015938,-1.5610517935346562,0.0,0.0,-1.7256115486080548,1013.4386151565443,0.9884082608726208,38.7999999999978,1318.6654452458438,42.89999999999757,42.79999999999729,157.1507807751632,304.05248015869813,3105.6362714064126,124.73792930277048,134.71696364699213,1030766217,39.32527287223929,10.110832063033309,9.937898691776534,12.051567068994963,5.806348356650298,8.447038343821546,30.0,4.999999999999998,130.08333333333445,-4.7799999999999425,-0.6535727191872839,-0.3570720233263342,-0.067113082521728,0.0,-0.09380916813741964,-27.18941205585419,0.0,0.0,101718
-14.608054908020371,9.454835391451526,30.155847201157243,1.8714811039747306,-1.0468922493734425,-1.1166948098169123,14.244302202702544,0.8487873163835437,1.9275392910375615,0.0,False,RUNWAY_EXCURSION,801,80.100000000016,1,740851.8155525662,1323.2828883877269,4613.770580552031,225.31136723220456,dry,0.9657469387383159,4.7525034079705915,-0.44515679769370875,0.0,0.0,1.9952409871216243,1011.7776880609631,0.9930793724333632,nan,nan,nan,nan,110.44435947538594,1.3716346225889708,-2.8825312162604355,129.72737750703465,140.10556770759743,701897158,73.42482978339338,15.196290756941906,14.760136951673308,14.828494265196504,0.0,0.0,0.411490386776691,0.0,0.0,-8.009999999999874,-7.9560581928705485,0.0,-2.9544202738349123,0.0,-2.9029906606455347,-51.405827924651064,0.0,-60.0,102519
238.58292616691574,13.270024342078308,41.318918268952125,16.173988579431295,17.08440135240753,3.3919966336789416,11.343686114561189,0.7751384039129754,1440.0594177556695,0.6872427983539094,True,SUCCESS,707,70.70000000000852,1,671793.6314179917,1324.0691341700674,4429.2224486250025,116.22286424271155,dry,0.9613363543839909,3.7362225873501123,-3.6938891953093,0.0,0.0,1.108044315904272,1010.7979572408285,0.9550501747779337,41.899999999997625,1536.1948471340008,46.499999999997364,65.70000000000852,146.26394497404752,1440.0594177556695,2674.800303890409,123.40401032520327,133.27633115121955,499017044,73.80937597518806,12.092209600315726,13.612281111625414,12.92060324663142,6.744909745901143,27.824428424419764,30.000000000000004,16.699999999999967,120.54166666666312,-7.069999999999894,-13.833126338869004,-8.204030335223962,-1.498610716155602,0.0,-4.4127334913931975,-40.64404772218704,0.0,0.0,103226
-15.428483424018644,7.412722895583616,30.10470754735131,9.110477589713279,-0.847969311640012,-0.8668305031603718,8.130598934513708,0.8678736346071907,3.934194054537784,0.0,False,RUNWAY_EXCURSION,774,77.40000000001385,1,703670.6397050875,1324.8673497211637,4336.989966879063,402.98271125716883,dry,0.9861837243855517,4.143296264083224,0.7611049546533648,0.0,0.0,0.481048214798796,1010.7220038300137,0.9878565409323694,nan,nan,nan,nan,127.6225108178044,1.961788343360297,-2.306728575810002,126.16566047157568,136.25891330930173,1917029159,68.87427204923483,10.356758105345863,14.066539928515416,15.64288262255523,2.712541161136602,0.0,0.588536503008089,0.0,0.0,-7.739999999999879,-4.725567622497021,-1.606141774038007,-0.7941078988449114,0.0,-1.6294609891998197,-51.1747355092347,0.0,-60.0,104000
-26.684212274701082,7.739691798014552,30.303482340618977,2.942964577719025,-1.794678520601214,-1.7879491542146648,22.367107895196675,0.8440846911803092,1.6491833645749807,0.0,False,RUNWAY_EXCURSION,997,99.7000000000316,1,738449.2675000096,1327.6332559422533,4486.126399424114,185.54677811693472,dry,0.9607040820800359,7.28703466266751,-3.9749936130275643,0.0,0.0,2.487626903664254,1015.7304822071841,0.9942443804307713,nan,nan,nan,nan,86.84935478809923,0.7190060471903621,-1.4860025138221467,129.3742352610665,139.72417408195184,1722025429,83.0291063694404,12.167928058267462,19.118102568909013,14.611725381500303,0.0,0.0,0.2157018141571088,0.0,0.0,-9.969999999999832,-6.635902293429886,0.0,-9.167647963291138,0.0,-6.216528839319316,-63.83669737093485,0.0,-60.0,104997
-40.06699493166932,6.956538640840656,13.20881697572847,10.728708027289512,1.8536151414848077,-0.2120800505688609,14.498343293292383,0.8360563743475712,39.38543083465116,0.0,False,UNSTABLE_AFTER_LIFTOFF,550,54.99999999999688,1,681162.1485212027,1322.2434163848436,4469.37455800494,69.45553746724536,dry,0.9909292176349286,6.59673965111775,2.838352813513329,0.0,0.0,-0.0470334818806295,1012.0850160570619,0.9970161257628788,48.99999999999722,1860.2246588211178,nan,nan,158.15805578857442,19.797740515835955,-1135.408106672761,123.93426856635276,133.849010051661,299909236,46.09293301250341,4.939992717772223,9.710541631623022,14.278114927259093,2.7566307990757344,1.3428553020688165,5.939322154750793,0.0,0.0,-5.499999999999927,-2.957376269314449,-2.4909762589909823,-2.088303520251303,0.0,-7.3166883554320385,-34.77404107273352,0.0,-70.0,105547
-17.376991907295974,9.199544677335341,21.89365641347699,2.508609618685024,-1.7729446982250616,-1.7941297335737856,19.29380168235199,0.8569492831725497,1.5855171322078263,0.0,False,INSUFFICIENT_RUNWAY,937,93.70000000002682,1,721834.6733347289,1329.9454257363168,4334.940057695047,281.76771450741444,dry,0.9686911329620811,7.777643685657767,-3.5501030704882512,0.0,0.0,3.7892654883301216,1014.6020524659409,0.9915006590086433,nan,nan,nan,nan,93.94010889469834,0.8907730974655692,-1.2864809982685266,128.26791762797055,138.5293510382082,1983265915,86.02755594872708,8.171033226619803,15.345265471244096,14.412792158067562,0.0,0.0,0.26723192923967093,0.0,0.0,-9.369999999999845,-8.811092229695639,0.0,-6.462708212502121,0.0,-6.272985509786116,-60.684084689210046,0.0,-50.0,106484
-34.89612478251327,9.896882572330663,30.36197364240665,1.446867577454568,-2.0819628943695685,-2.161258407369073,17.485569062540893,0.8653504582184349,1.4211746999665706,0.0,False,RUNWAY_EXCURSION,836,83.60000000001878,1,721194.0178621373,1328.2513919545136,4391.417123744524,313.0221597351443,dry,0.9717280236581081,1.390543989963028,0.0239481090775433,0.0,0.0,3.237243561240347,1014.3522881045466,0.9905704209054971,nan,nan,nan,nan,116.69669046027101,1.3748313522598892,0.47151027044399996,128.10547940071498,138.3539177527722,2085146283,68.82413586860879,4.988157730307202,15.95566141103912,14.841245785688182,0.0,0.0,0.41244940567796645,0.0,0.0,-8.359999999999866,-9.098307329757786,0.0,-4.164796268227919,0.0,-3.3369645442005447,-54.95770684164802,0.0,-60.0,107320
-11.847253027986959,9.261658568330233,30.326522947416418,4.518655441161216,-0.6784881095140479,-0.5811641991714022,15.808241767822642,0.8500696750899249,2.8319096645595323,0.0,False,RUNWAY_EXCURSION,876,87.60000000002196,1,673986.1700976468,1324.4801843342582,4746.9832312628505,344.88989992302845,dry,0.9532682934449354,3.276429450184308,1.1863695475165992,0.0,0.0,4.794096552542239,1012.1157411736065,0.9897054780454779,nan,nan,nan,nan,123.75365748113902,1.6512334827459085,-0.02454173409102367,124.30928408237018,134.2540268089598,571510407,85.1228234656005,8.280435414306297,17.062546390354896,16.015663131712547,1.850777758559901,0.0,0.49537004482377245,0.0,0.0,-8.759999999999858,-8.349089758468962,-0.06569312195550457,-3.2939172668025565,0.0,-3.697959492894676,-56.50820959322287,0.0,-60.0,108196
-52.22323471133599,10.294992503283952,30.141545867676545,1.0752695550250444,-2.2947725742775043,-2.320814991886601,14.896792854436196,0.8694167200099222,1.0677800800537511,0.0,False,RUNWAY_EXCURSION,445,44.49999999999748,1,740159.1671565379,1330.8299854432485,4406.377267085991,261.62194855707537,dry,0.9945833712877107,2.779041194438734,-1.5149935621673256,0.0,0.0,-2.7751127989462896,1013.9652037390852,0.9918942978712976,nan,nan,nan,nan,100.00012976974546,0.9284880500677559,-0.07380266645572675,128.45756903106542,138.73417455355067,915743486,28.882215300787138,3.1836659972075005,6.523342634665443,10.986661879090105,0.0,0.0,0.27854641502032684,0.0,0.0,-4.4499999999999496,-5.240461937332148,0.0,-2.0665603097268406,0.0,-0.7579312006808574,-29.562713490366487,0.0,-60.0,108641
-12.2131368075026,8.663592581560717,26.256734190649162,1.8683931948250556,-1.6550836063391896,-1.6647118006199755,16.84032804999068,0.8597057818100036,1.502239144284772,0.0,False,INSUFFICIENT_RUNWAY,957,95.70000000002841,1,699512.9931452358,1330.1849477026215,4286.808090354494,451.20974916706075,dry,0.9646046767050223,5.35099193711042,1.0817262914758072,0.0,0.0,1.04839167960366,1015.8610883094411,0.9865196569595154,nan,nan,nan,nan,107.07282935968078,1.2030078056196771,-0.989971959471152,125.59705438941016,135.64481874056298,1157352826,84.79177015617157,13.406610819608098,17.348737667275017,13.718166192250887,0.0,0.0,0.3609023416859028,0.0,0.0,-9.56999999999984,-7.981149939249461,0.0,-4.69588873198028,0.0,-6.936830583442222,-62.65545472982181,0.0,-50.0,109598
-4.418534480537311,9.022150186193175,23.14424252329348,1.3449936798793176,-1.537093227871268,-1.5627166516725566,12.652507702072375,0.8797074677023317,1.8742287585416761,0.0,False,INSUFFICIENT_RUNWAY,964,96.40000000002897,1,754838.1596341131,1326.822683591404,4401.227986667314,260.0040868681878,dry,0.9545670229272671,5.590579386506639,1.865749682150084,0.0,0.0,2.6742470874419215,1010.6212882300534,0.9920937314219108,nan,nan,nan,nan,118.43169515197296,1.6194688467038532,-2.8835989126126194,131.17431225169207,141.66825723182745,1411099204,87.1321185064775,13.738456426582934,17.65269779849236,17.051736014175557,0.0,0.0,0.4858406540111563,0.0,0.0,-9.639999999999839,-8.718758110985036,0.0,-2.3739484267389224,0.0,-4.876647490269116,-64.87002985228344,0.0,-50.0,110562
-87.84821542187915,84.95877960349108,401.03505158086745,42.80966317766736,16.870775333097217,1.0572700959861967,22.648051911499003,0.7590008372308239,1739.2027501550995,0.16748768472906403,False,ENVELOPE_VIOLATION,903,90.30000000002411,1,674977.6563022974,1328.3175899806167,4690.950609241093,378.7850172928607,dry,0.9874731967764223,0.5633763209078682,-2.332545797240475,0.0,0.0,2.6182843130014968,1013.1580222007275,0.9544002278966174,44.59999999999747,1818.0764766696177,49.799999999997176,nan,170.50199909953253,1209.1159014072105,-7431.586909147576,123.87407049350915,133.7839961329899,950804459,106.78826077922353,8.253518610784752,13.565203599701986,13.044264121877733,5.888550131609955,35.138055840113374,30.0,6.799999999999992,0.0,-9.029999999999852,-77.02346981565049,-73.36087626793129,-11.148299604133884,0.0,-36.49557393872826,-50.26784887874634,0.0,-50.0,111465
213.6534852153809,11.05494442847199,28.477105973804065,7.834984049496703,5.699838166935314,0.3823027278128607,11.395576962916966,0.7693835750142236,422.19755209550516,0.9875,True,SUCCESS,559,55.89999999999683,1,673557.3484906699,1322.6613876463673,4403.968957579087,92.71892123125019,dry,0.970082540347075,2.8694007893504176,-2.3713350731021547,0.0,0.0,-1.8147129932396124,1013.9234282219805,0.9845438524200751,41.399999999997654,1485.2533972352203,47.99999999999728,50.89999999999683,170.61338922100566,422.19755209550516,2439.613252401924,122.75040496584585,132.5704373631135,319457530,53.013370892886805,7.59474046167569,8.474554696462164,11.930288456229095,3.675877821745567,11.783024903176296,30.000000000000004,7.899999999999988,126.70833333333465,-5.589999999999925,-7.590710460109058,-0.5098404875021268,-1.667206493455918,0.0,-0.7660289672139269,-31.30291894184833,0.0,0.0,112024
-63.779138275656926,13.497188901164217,30.26226017271093,1.9572924479660463,-2.206246987491745,-2.33082517326697,12.316744401386964,0.8275809976053825,1.0956440706003718,0.0,False,RUNWAY_EXCURSION,405,40.499999999997705,1,720481.0502416935,1329.1157819952944,4700.935813718005,421.0256383719035,dry,0.966299772671114,1.047148838510335,2.619982736610531,0.0,0.0,-0.23217348601259857,1012.0256968125266,0.987338346215606,nan,nan,nan,nan,113.09788485646635,1.0956440706003718,6.865919863619805,127.42380697173081,137.6177115294693,1999344461,18.64959691078823,2.400403910759117,2.8193148289175225,11.881994400613328,0.0,0.0,0.3286932211801116,0.0,0.0,-4.049999999999958,-8.19783487051697,0.0,-2.2885246015671337,0.0,-0.11649818410858671,-25.206283891722517,0.0,-60.0,112429
201.65895220978348,15.473247771588227,29.84790806592584,3.7505971386223784,11.522758351927962,1.2306686597182803,11.345889602287885,0.7888389764614003,348.0907837216985,1.0,True,SUCCESS,620,62.00000000000159,1,685297.8806917628,1323.455514872765,4399.7647588764985,141.38896712445091,dry,0.9603976120894326,0.28055568468734116,3.875222839493762,0.0,0.0,-0.780867449688226,1012.2315429505719,0.9853493554911945,48.399999999997256,2110.4502880687637,57.09999999999769,57.00000000000159,156.1477391039814,348.0907837216985,3670.7132146677573,124.14253423548914,134.0739369743283,1486119655,62.9666827384166,5.029680272035475,9.521408279113219,12.5188937397668,8.951974054025351,8.685889134462023,30.000000000000007,4.999999999999998,124.166666666666,-6.199999999999912,-16.493473988066118,-0.004613888959257248,-2.0683209254627584,0.0,-4.447820405547169,-35.96801346666668,0.0,0.0,113049
-63.86684479846271,11.66236682987587,30.04715922064165,0.6417251450766964,-2.810785386785149,-2.856289607309158,7.977576416111913,0.8132486845557477,0.3064660095829481,0.0,False,RUNWAY_EXCURSION,218,21.79999999999876,1,726460.7609720347,1326.9575391545486,4533.710248233681,450.15670732564047,dry,0.9661074541861516,4.248020079397677,0.3419348274766407,0.0,0.0,0.7220181886429913,1014.5667399645683,0.9865543226589751,nan,nan,nan,nan,73.43891963843365,0.3064660095829481,4.557936359167467,128.00274854974333,138.2429684337228,86996089,6.019692314141331,1.4635105473438241,1.377252430944687,6.539387990554903,0.0,0.0,0.0919398028748844,0.0,0.0,-2.1799999999999975,-3.2944838240289323,0.0,-0.6900950758225204,0.0,0.0,-13.194048984470879,0.0,-60.0,113267
190.63538291813046,18.801710162738427,41.937100495206145,2.989219996171172,12.640687043580757,3.3994795691344413,11.229835713008528,0.7681955082095375,284.3355648521179,1.0,True,SUCCESS,584,58.39999999999873,1,694822.5700082594,1327.7640663175528,4600.57981856527,148.437733335606,dry,0.9537651479576497,6.72450828877879,-1.0700423520559723,0.0,0.0,1.872896607279361,1011.6010398874024,0.9871160620831393,46.299999999997375,1874.3551097813947,53.499999999996966,53.39999999999873,144.21566765469075,284.3355648521179,2762.238026456201,125.61724233431475,135.66662172105995,1748708618,54.44002491032915,2.8444193113842293,8.675808218890577,12.71428832629054,9.436759309786087,8.841215933354412,30.000000000000007,4.999999999999998,125.6666666666672,-5.83999999999992,-22.938501571719446,0.0,-2.0190159823322573,0.0,-3.413770308933027,-32.77251189558703,0.0,0.0,113851
-46.76947483071481,13.681223383337715,30.110732486111317,0.8710171619182073,0.030357791484972693,-0.033110747096092526,6.286368031485462,0.8005218601936676,2.8835695932913623,0.0,False,RUNWAY_EXCURSION,487,48.69999999999724,1,739865.7652704932,1329.3991229521978,4637.9251638513615,42.49444736588648,dry,0.973205958367845,2.1246913173925996,3.06038330032744,0.0,0.0,2.2266842901480413,1012.8994378801583,0.9983268302443874,nan,nan,nan,nan,147.97738513370268,2.8835695932913623,15.047771632363993,129.62087811007325,139.99054835887912,1571971334,32.60323648352658,3.2587134516584135,6.201825218733482,14.072422628995671,1.1060626941883616,0.0,0.8650708779874084,0.0,0.0,-4.869999999999941,-10.12829447555012,0.0,-0.6097224402402541,0.0,-0.23117570888055172,-29.037613561133746,0.0,-60.0,114338
-97.79738355810177,14.89391924681247,38.676067985348276,32.615342200485564,7.1844998778453375,2.992368138035566,15.810263960239006,0.7768916657654378,187.7940650973955,0.046052631578947366,False,CRASH,671,67.10000000000565,1,677913.9513089787,1326.477405851258,4229.508961717636,489.76213560567726,dry,0.9795576595294887,4.550098483949679,-3.7154867510037226,0.0,0.0,4.794660610503814,1011.5662357281964,0.9848710852191463,46.59999999999736,1365.1122404933105,51.99999999999705,nan,171.69261253451364,26.31119231497763,-2342.146832284103,124.70495325631835,134.68134951682381,393575409,60.438378231268054,4.349120587079128,6.298289802863112,12.772202093036773,5.760443418812126,7.412591442080149,7.893357694493279,0.7,0.0,-6.709999999999901,-16.538571698445896,-19.75318051076927,-4.373256759756659,0.0,-17.286277450828386,-38.76048040793421,0.0,-100.0,115009
-65.59792805212649,16.908208132723125,30.135022492668817,0.5253425845537657,-2.0188711650010527,-2.052334995180734,7.460509864988838,0.8303072287581917,1.3775587711537582,0.0,False,RUNWAY_EXCURSION,383,38.29999999999783,1,735128.8756839097,1331.633072489129,4799.117844096535,65.2008476807508,dry,0.9765416332948659,2.2359203555239118,3.81519905128829,0.0,0.0,-1.2535551541429566,1011.8477014079477,0.997677127149103,nan,nan,nan,nan,123.5495930254504,1.3775587711537582,7.209308675628083,128.49538702512947,138.77501798713985,1319356500,17.301795263263944,1.0100890325292509,4.432976313346634,11.635136569099785,0.0,0.0,0.41326763134612765,0.0,0.0,-3.8299999999999623,-12.166101485042503,0.0,-0.5583884459386701,0.0,0.0,-23.836702930731093,0.0,-60.0,115392
-70.0003243961014,11.575516121398204,30.11430367123215,0.43342281610774497,-2.8936681888753815,-2.97525928878184,7.288797822184434,0.8599554774402389,0.24156789712439775,0.0,False,RUNWAY_EXCURSION,268,26.799999999998484,1,736704.0756942836,1325.1680587064247,4611.568750151202,43.57913711104694,dry,0.9502755621251263,2.6649506959387645,3.4531700940465218,0.0,0.0,-2.8429653348595307,1013.9863330803524,0.998342820251607,nan,nan,nan,nan,69.82729333354716,0.24156789712439775,4.38945042463466,128.1408241045137,138.39209003287482,1077333835,5.821055685638783,0.8493051999751702,1.311673117209927,6.745996976795667,0.0,0.0,0.0724703691373193,0.0,0.0,-2.679999999999987,-3.990001076863214,0.0,-0.6241326160006743,0.0,0.0,-17.506692051994378,0.0,-60.0,115660
-67.20391568756783,11.08102181752495,30.09586640539291,0.5824866704759004,-3.0128545400963525,-3.10747090854151,8.359146364527593,0.8501320267578516,0.23976355014053752,0.0,False,RUNWAY_EXCURSION,251,25.09999999999858,1,765938.3505901457,1323.7921765363592,4749.521170075982,332.8315544267158,dry,0.9855009095590257,6.215167306243851,0.5180476130703564,0.0,0.0,-0.34842459122287917,1012.7890192902914,0.9899241266221905,nan,nan,nan,nan,70.34603996357376,0.23976355014053752,4.391187061437449,131.30606491211498,141.8105501050842,60914157,5.940145315408814,1.4905718751857453,1.1401827616572184,7.186930612485301,0.0,0.0,0.07192906504216125,0.0,0.0,-2.5099999999999905,-3.4244500194040506,0.0,-0.884723123682361,0.0,0.0,-16.214502174260677,0.0,-60.0,115911
-85.23074098979359,85.43579643746409,404.5213266480097,47.087668009999234,16.902637866866772,2.0808034340929114,35.77588143373849,0.8019880725110435,1252.4631037955241,0.04887218045112782,False,ENVELOPE_VIOLATION,831,83.10000000001838,1,675688.4695895913,1325.7529933609073,4419.415188902011,431.22579808854016,dry,0.990475716253921,0.7739412476389766,-0.8889193014145222,0.0,0.0,3.32383939173926,1014.5414449240316,0.9529088670320864,51.69999999999707,2264.5561151571824,56.599999999997294,nan,126.31931727572709,1214.349599652406,-1810.7089246096778,124.00492541050903,133.92531944334976,1991575180,91.66091653158269,3.473914125580803,13.500622665858085,13.094640820223455,5.693742068514054,24.9187752024871,30.000000000000004,1.3,0.0,-8.309999999999867,-71.006996183606,-60.217422612988166,-15.720631470324793,0.0,-14.285048003015893,-49.333254134104564,0.0,-50.0,116742
-96.70068519657505,85.98123974914193,400.8792588377191,52.515790067162925,23.135728049552817,8.953416669623397,51.604854795079284,0.7870245453231841,1240.0894344106996,0.24150943396226415,False,ENVELOPE_VIOLATION,826,82.60000000001799,1,679791.9245967598,1328.985133787624,4202.921116166764,499.62146705014425,dry,0.9889166701554727,2.776150357185969,-1.8257746770249468,0.0,0.0,0.5191318860843923,1013.9868251957078,0.9525139153499165,51.399999999997085,1884.9246110113943,56.199999999996976,nan,121.69162138493996,1143.857501656798,-3114.100148162126,123.81486964830209,133.72005922016626,1544512700,81.92526018581346,1.9688002549130452,11.667536467923771,13.013335885212562,3.7179201327967624,24.46962609506178,29.999999999999996,6.399999999999993,0.0,-8.259999999999868,-77.79502885675623,-51.56269183722621,-17.90621585805833,0.0,-16.026055112378415,-48.3131725538771,0.0,-50.0,117568
-68.8431998840527,13.674038747671625,30.04252535063118,0.2715726012308662,-2.8300654837863117,-2.9736178121153145,5.151133537013999,0.9025534967071993,0.23944050428275432,0.0,False,RUNWAY_EXCURSION,312,31.199999999998234,1,741365.7546640094,1329.7779001707158,4720.135879934079,68.78984315559377,dry,0.998912450637143,4.446235604602554,1.9509298480807078,0.0,0.0,1.544693938393082,1010.7812884720198,0.9976420222354259,nan,nan,nan,nan,66.777738259599,0.23944050428275432,2.5746201601624463,129.73546754003647,140.1143049432394,666191121,9.064035332871796,1.4637089390664415,3.2350277345558416,8.871687551090998,0.0,0.0,0.0718321512848263,0.0,0.0,-3.1199999999999775,-6.481950303324598,0.0,-0.17645391128317206,0.0,0.0,-21.77108737831476,0.0,-60.0,117880
-63.32596877987732,16.815719559794243,54.04311434131872,50.79387202768083,6.958685651226996,0.7108628699426405,21.257659805668222,0.8140218224386541,354.290108044877,0.15017064846416384,False,LOSS_OF_CONTROL,984,98.40000000003056,1,762397.4990614133,1325.181569294679,4354.0342390776295,422.10795953348827,dry,0.9934258256494114,1.1433464752263731,0.05163477250796866,0.0,0.0,-0.8935032717751596,1015.2435503712765,0.9771193350971862,61.60000000000127,1853.856094052838,69.20000000000732,nan,159.7302702317453,352.5165511853886,-372.08816849596843,130.71978621839781,141.17736911586965,34341977,100.25743670813061,6.217978864793609,16.356555212005283,15.883754307850781,4.851157672036088,17.932805023984738,30.000000000000007,4.4,0.0,-9.839999999999835,-30.9160143916254,-43.289117197613514,-8.038829493163712,0.0,-26.677537575340814,-60.464157910935015,0.0,-80.0,118864
-55.40595758484085,18.636240482314356,30.19564547617214,5.511229065366422,-1.6081411991177308,-1.6721082150981672,6.256624942124724,0.8673446509139627,7.542310633352315,0.0,False,RUNWAY_EXCURSION,611,61.100000000000875,1,720942.0152542677,1329.2867760078627,4284.50060363907,381.19372616660456,dry,0.9599788590799705,5.247834887136345,1.7112726819043833,0.0,0.0,-1.7502597607134014,1011.7473915229125,0.988238525608693,nan,nan,nan,nan,162.208174887564,7.542310633352315,38.91969720443775,127.14556571595979,137.31721097323657,196017830,43.402606675154615,1.4213858919988034,11.652326291449178,15.060347643593309,1.3099010268010731,0.0,2.2626931900056944,0.0,0.0,-6.109999999999914,-23.57845329347251,-0.03452784895627056,-0.4653358269891262,0.0,-0.00036640031458611455,-40.32653493411108,0.0,-60.0,119475
-69.03443727588397,13.226888814251485,30.008048127500043,0.5989654429774635,-2.8251106775583845,-3.0705770619137702,8.7690225447785,0.8944470487201711,0.11244309640795791,0.0,False,RUNWAY_EXCURSION,231,23.099999999998687,1,733566.1759872221,1328.5852276734054,4550.88641461588,431.98281405743876,dry,0.9879494415720542,1.5718497820477877,-2.3395081755373437,0.0,0.0,-2.745328211986801,1015.7311086968552,0.9869433155594776,nan,nan,nan,nan,52.19775067123638,0.11244309640795791,0.37969473074632276,127.77962178739958,138.00199153039156,1627687382,5.754462079425443,1.2648457441024827,1.327923636999352,6.20856554926073,0.0,0.0,0.03373292892238737,0.0,0.0,-2.3099999999999947,-4.490398417750658,0.0,-1.0056122062966424,0.0,0.0,-15.817956590547066,0.0,-60.0,119706
-47.921945553483404,17.335202125891183,27.51968903957345,0.9428200604824416,-2.0500303047579433,-2.040996409831048,6.9833740315505235,0.876758222580965,1.641518908428175,0.0,False,INSUFFICIENT_RUNWAY,1181,118.10000000004624,1,729519.072455266,1323.2905019670663,4288.227569027635,51.56366171860288,dry,0.9850764767577589,6.124002605988482,-2.1193774643621914,0.0,0.0,2.3665720411465916,1012.4536653382064,0.998106227890815,nan,nan,nan,nan,126.52369021624537,1.641518908428175,1.7714095764545768,128.77068012155374,139.07233453127805,320704861,85.00728321820311,4.197836629528111,26.248928576854006,17.153872433410612,0.0,0.0,0.4924556725284523,0.0,0.0,-11.809999999999793,-39.433489319159825,0.0,-0.5464665286744556,0.0,-0.18102473259648844,-79.05134150357655,0.0,-50.0,120887
-65.41272234641309,11.553007066414036,30.1396888275514,0.7761013995394939,-2.9030381545295327,-3.033902839635527,9.6704786377782,0.8894303807429355,0.2329666585205814,0.0,False,RUNWAY_EXCURSION,202,20.19999999999885,1,750465.3544248987,1327.240490652576,4627.831185572954,319.31444549037974,dry,0.9722174266744427,0.3849898481753051,2.515336886671111,0.0,0.0,3.9579926055349537,1014.8233969981978,0.9904554107135852,nan,nan,nan,nan,67.69357101119091,0.2329666585205814,3.2116247982128066,130.81049690765482,141.27533666026721,1101140972,5.417012424290283,1.4345214008500455,1.0970788274324514,6.295896272735115,0.0,0.0,0.06988999755617442,0.0,0.0,-2.020000000000001,-2.9957042666528615,0.0,-0.9185058514990341,0.0,0.0,-13.792911151125274,0.0,-60.0,121089
-56.81364015988219,23.196222140039364,30.09579219171762,7.5224774732988475,-0.9414157590926787,-0.9466702331772494,8.726172173372387,0.8667906856191332,4.266307604852784,0.0,False,RUNWAY_EXCURSION,575,57.49999999999801,1,737629.2731932816,1330.960729775117,4279.847565557938,294.56491410768837,dry,0.9889380433316611,5.02213228859978,-0.546038989381127,0.0,0.0,-0.7682469425845921,1011.8052931010233,0.9909018026976658,nan,nan,nan,nan,152.622709434046,4.266307604852784,76.6736282949865,128.82524596321883,139.13126564027635,1929953604,51.40101434883563,1.1505466192833622,11.754331335505375,13.904051511207406,2.86581537460599,0.0,1.2798922814558347,0.0,0.0,-5.749999999999922,-34.37635721141999,-0.2379425483359424,-0.7550817764178708,0.0,-0.02275424075288083,-38.027155853848974,0.0,-60.0,121664
-68.12147689891887,11.470376588228461,30.21385465964159,0.28443730720907723,-2.879148487905341,-3.1270188238467522,8.616177779263678,0.9048238664352461,0.11571518602571018,0.0,False,RUNWAY_EXCURSION,213,21.29999999999879,1,758104.5815168073,1330.0587424579676,4546.007904575196,202.54021244721747,dry,0.9506997031859953,3.2978593555803837,0.39989716086182137,0.0,0.0,0.8381003815484043,1014.9684345513402,0.9937424886515352,nan,nan,nan,nan,54.006072607099924,0.11571518602571018,1.3169352111225585,130.76124893284813,141.222148847476,1995236120,4.970531529650402,1.1656670317492401,0.7563827459098331,6.1412113621749524,0.0,0.0,0.03471455580771306,0.0,0.0,-2.1299999999999986,-3.1138124247934504,0.0,-1.0440656174121796,0.0,0.0,-14.902106082005393,0.0,-60.0,121877
-66.72480103120579,11.627732270822627,30.210655830578023,0.33625599204270573,-2.77730636805856,-2.942464387506241,8.019623905574164,0.9180722359214718,0.20577679214636646,0.0,False,RUNWAY_EXCURSION,218,21.79999999999876,1,692327.7978006327,1323.4416348505604,4204.149002794245,116.53118626403774,dry,0.9773327104977921,2.2578857865346826,2.5788779376944433,0.0,0.0,0.3076598672223927,1015.2314461955283,0.9962211746229432,nan,nan,nan,nan,61.27728588427868,0.20577679214636646,1.900722754614641,124.82891026694773,134.81522308830355,575371960,5.799703690596868,1.520505522997316,1.0715621385188896,6.619237306023603,0.0,0.0,0.06173303764390992,0.0,0.0,-2.1799999999999975,-3.274945154677858,0.0,-0.7854437446388552,0.0,0.0,-15.55715382766966,0.0,-60.0,122095
-65.85224474932424,11.074754419746828,30.17369894186262,0.26728034809659695,-2.731436019362673,-2.868660678258181,9.029496573390439,0.8827923675175423,0.17793646074868263,0.0,False,RUNWAY_EXCURSION,196,19.599999999998886,1,701384.3337213845,1328.1772841496736,4758.313691430585,75.43119545154303,dry,0.9548834905070525,2.2754975904572907,2.4108573083163103,0.0,0.0,0.45007870344040857,1014.6040186769206,0.9974224794288287,nan,nan,nan,nan,58.79738425012713,0.17793646074868263,2.2878693656194216,125.7125834107589,135.76959008361962,141911080,4.967950978398658,1.3736557595651504,0.7298513550792168,5.982135863718179,0.0,0.0,0.05338093822460479,0.0,0.0,-1.9600000000000015,-2.671048483301064,0.0,-1.0865835593537896,0.0,0.0,-13.241587601655208,0.0,-60.0,122291
-65.01641327632436,12.754067551974012,30.075617315820768,0.3961012607068524,-2.832515287652706,-2.9243559438139375,7.8378353257677125,0.8834845642431063,0.26865880745469894,0.0,False,RUNWAY_EXCURSION,218,21.79999999999876,1,737463.9755991541,1329.0040491399534,4312.645960552435,188.5432569642222,dry,0.9871531566997358,4.542604078014262,2.17412819074847,0.0,0.0,4.265137930297642,1015.3240227510429,0.994207270174157,nan,nan,nan,nan,68.99590940805092,0.26865880745469894,2.955486614812486,129.70860461906065,140.0852929885855,1062733147,6.537448190563073,1.4620079117451332,1.5010813165115389,6.887671092407818,0.0,0.0,0.0805976422364097,0.0,0.0,-2.1799999999999975,-3.9401377920254403,0.0,-0.5774017691404111,0.0,0.0,-14.78767986862247,0.0,-60.0,122509
-64.037119045036,11.355359057998966,30.124922569725424,0.46600547312926116,-2.7797904570250016,-2.8810966619085217,8.206812142707584,0.8637050845069824,0.28465314105397965,0.0,False,RUNWAY_EXCURSION,204,20.39999999999884,1,702791.5280411025,1325.4832091852554,4635.0207087834015,370.5826374578617,dry,0.9544389306718271,6.099273324766636,-0.09054761832194114,0.0,0.0,4.312612407027936,1013.3482657259448,0.9889842086457716,nan,nan,nan,nan,69.76424124591182,0.28465314105397965,3.2978333958720363,126.75638915932552,136.89690029207156,1806715099,5.856452734938074,1.6075157999865972,1.0765048176370438,6.423867974302271,0.0,0.0,0.08539594231619389,0.0,0.0,-2.0400000000000005,-2.9227347316177945,0.0,-0.7272162658359733,0.0,0.0,-13.39690531676241,0.0,-60.0,122713
-67.84409170566472,16.966673131243365,30.01152706009939,0.690334675590071,-2.7526473206839595,-2.8073799605771668,7.138659832842216,0.8807569519146967,0.37797508280419834,0.0,False,RUNWAY_EXCURSION,269,26.899999999998478,1,715351.5004134257,1329.5762727124907,4397.134064812968,494.3760642446741,dry,0.9790221068582161,3.5940387293154386,3.133018538570223,0.0,0.0,2.9191227201404457,1010.0947470171242,0.9853900363002406,nan,nan,nan,nan,75.80970801886727,0.37797508280419834,2.9046630059589873,127.7843139244661,138.0070590384234,1341434674,9.874216686567205,1.2372152539256014,2.9166950347593583,7.977610130168812,0.0,0.0,0.11339252484125949,0.0,0.0,-2.6899999999999866,-8.604054581257836,0.0,-0.4796094754499437,0.0,0.0,-18.189557279219144,0.0,-60.0,122982
-67.72908282712069,11.895766185379161,30.097800796377644,0.2841008332066427,-2.8317718125173763,-3.0825816844566862,7.928193853462787,0.8984385670849641,0.11098689496054703,0.0,False,RUNWAY_EXCURSION,221,22.099999999998744,1,751584.2844444695,1331.5782630655283,4616.65517198104,246.05579154948066,dry,0.9687237912077654,6.780868912835371,2.517194258128523,0.0,0.0,0.5552140570986692,1015.3925060218776,0.992477078960742,nan,nan,nan,nan,54.26096864763008,0.11098689496054703,1.713117594542748,130.10679213692543,140.51533550787948,143215702,5.362747361537566,0.9541833762291554,1.0628716740666904,6.545493812054549,0.0,0.0,0.033296068488164104,0.0,0.0,-2.209999999999997,-3.474838327035942,0.0,-0.7173459193172778,0.0,0.0,-15.285490873143603,0.0,-60.0,123203
-67.17368900207117,17.950388895798685,30.176990840089772,0.7029379724967296,-2.6362021670031823,-2.648239659336285,5.764717204780139,0.8426544436023856,0.6106739224552484,0.0,False,RUNWAY_EXCURSION,931,93.10000000002634,1,714961.2993715508,1331.7151191193925,4733.779433318833,276.3268100416276,dry,0.9500858983973535,4.855961560074473,-2.0450616399432997,0.0,0.0,2.3547733997561053,1013.8955931052176,0.9916253980179213,nan,nan,nan,nan,82.66011130264623,0.6000626928714041,-0.6894876673121964,127.38610920783819,137.57699794446526,1396231712,59.512506410904976,1.6497707191741424,23.168062793649476,10.31740184653729,0.0,0.0,0.18001880786142124,0.0,0.0,-9.309999999999846,-33.33150285179937,0.0,-0.14458418167809095,0.0,0.0,-59.21536254672067,0.0,-60.0,124134
-43.92071140243122,14.999159876497481,30.083263880426557,0.6260112717699958,-1.1856672450632155,-1.2789343294971471,4.87363413453901,0.8781792461418833,2.3049328406992657,0.0,False,RUNWAY_EXCURSION,526,52.59999999999702,1,733161.7926394823,1331.951486446154,4641.334869226936,25.109383375530758,dry,0.9935639321626614,4.580467311173852,-2.421328388586721,0.0,0.0,2.8664855914512435,1011.2381127642058,0.9988385740105689,nan,nan,nan,nan,149.95033603872497,2.3049328406992657,20.557998322449915,129.2804277984755,139.62286202235356,739400048,39.734264850572565,0.975552411462253,11.364674065294619,16.133995017555755,1.0360423205723692,0.0,0.6914798522097796,0.0,0.0,-5.259999999999932,-13.148527024709448,0.0,-0.06551407625607132,0.0,-0.0005718975583743376,-35.38210692157456,0.0,-60.0,124660
-65.02785184285337,12.150496539987959,30.126530903681925,0.2693925225757875,-2.8768868817268007,-2.9834589139487337,8.85634466240586,0.8344706830382341,0.2594141596471502,0.0,False,RUNWAY_EXCURSION,200,19.999999999998863,1,744631.1205870876,1327.6473024969341,4746.059064189569,126.30349202744084,dry,0.995722919650675,3.641373285515641,-2.670859772008411,0.0,0.0,1.2635069655060303,1013.8943454657489,0.9959623664116629,nan,nan,nan,nan,69.60913424920902,0.2594141596471502,3.3832339772079223,129.7580845684976,140.1387313339774,485792374,5.316328097715295,0.919840964623557,1.0315381705144182,6.233112135600609,0.0,0.0,0.07782424789414508,0.0,0.0,-2.0000000000000013,-3.2807681370724304,0.0,-0.7387144685616804,0.0,0.0,-12.58701285356727,0.0,-60.0,124860
-44.30877549794375,16.41183743296642,30.30956099460785,3.8687767281640317,-1.2619685562623866,-1.2947420709553716,8.904784270558837,0.8627553132355407,3.218161568312553,0.0,False,RUNWAY_EXCURSION,727,72.7000000000101,1,734541.0065745001,1325.9459195294794,4488.782118197622,296.49808970597127,dry,0.9866232324568026,6.151096562909753,-1.7747769099630353,0.0,0.0,0.9242565710654693,1014.5507923746067,0.9909216260338551,nan,nan,nan,nan,147.70596773816936,3.218161568312553,16.867518594088846,128.75871137716678,139.05940828734012,924059490,60.60869044144578,2.1204109820841106,14.041481452929611,15.626550607947983,0.8574214119173581,0.0,0.9654484704937654,0.0,0.0,-7.269999999999889,-21.75736584025418,-0.0023267130226583867,-1.1230738651898309,0.0,-0.5568159692807332,-47.81919647701472,0.0,-60.0,125587
-70.71410530448918,23.749096859472484,81.11612080527469,13.805940241451276,4.091985655790469,0.757900326447854,7.575203215648554,0.8393350287647985,222.64019386687562,0.09375,False,CRASH,613,61.300000000001035,1,688986.8903069709,1330.4411981669462,4290.768719348287,19.60890130422116,dry,0.9854452534165369,3.5633493731349013,2.3284895882092695,0.0,0.0,2.0124110979199177,1010.3095807561169,0.9984661356699815,43.499999999997534,1677.7166145736144,48.599999999997245,nan,180.1510560373773,20.52019351801047,-2685.322260481649,125.19863859085959,135.21452967812837,1875379230,63.231145276371315,2.1455179862552862,11.253892204400561,13.273094545610208,5.424936935617786,7.960182288401546,6.156058055403139,1.2,0.0,-6.129999999999914,-31.50104523997563,-3.5974460649273072,-0.6026414120755014,0.0,-0.6282607480495704,-38.89953913152092,0.0,-100.0,126200
214.7829038263675,11.632514163844627,17.459717367847123,7.856254283479915,6.024259331171296,1.894977552267435,6.709181177000141,0.8225497547154886,240.1924274427693,1.0,True,SUCCESS,731,73.10000000001043,1,738400.1328989097,1327.438198887793,4731.351632234607,8.164252509245573,dry,0.9673416289076272,0.40532728992079203,-1.553131749339102,0.0,0.0,3.5295314876728705,1013.8779384639262,0.9924836827050109,59.89999999999992,2632.413786498505,68.20000000000653,68.10000000001043,163.00624600713394,240.1924274427693,1820.462727641914,129.71996134830448,140.09755825616884,2074602520,72.8859045000423,3.5559854707147918,16.106789141927656,15.024468351230942,8.295011458335376,8.778859166116453,30.000000000000004,4.999999999999998,119.54166666666232,-7.309999999999889,-10.990616333262864,-0.4469405555050442,-0.36963549313119676,0.0,-0.2958162728878279,-44.99277227387539,0.0,0.0,126931
217.79850153867307,11.914530235269462,26.17142743784575,6.431278825873573,3.2759008936449443,0.7510574988161243,7.124349449469611,0.7973515499637731,407.4587226161946,0.48695652173913045,True,SUCCESS,644,64.4000000000035,1,692796.1990470317,1322.2394361515967,4294.995961946495,369.5548241123945,dry,0.9914059681315407,0.1863191203719845,-1.7742379860060637,0.0,0.0,-1.244192218311193,1010.8897936438937,0.9770073700812799,46.999999999997335,1809.6587605181667,52.999999999996994,59.4000000000035,181.31117872397945,407.4587226161946,2700.7811854515558,124.80192935736521,134.78608370595444,302913355,65.35932624984876,4.679831261129617,13.6430083261473,13.317909868410856,3.856540399553011,13.919715184927563,30.0,5.599999999999996,123.16666666666521,-6.439999999999907,-10.15774264314275,-0.39188573007993166,-0.3820128577454846,0.0,-0.2587207972171567,-38.11413438982393,0.0,0.0,127575
208.0436649574275,10.79286371455271,17.755426229964836,6.223503416885904,3.6420104415086088,1.0590447510140422,6.377470726474547,0.8269623469129015,211.141015853081,1.0,True,SUCCESS,675,67.50000000000597,1,749947.4923617474,1324.995530530883,4308.8577062439745,381.8195675938206,dry,0.9608414359876166,7.384528120579043,0.45273839817142214,0.0,0.0,3.0605143158105106,1010.1847342401051,0.9825898844005226,54.6999999999969,2087.4020498693476,62.60000000000207,62.50000000000597,165.40183072042504,211.141015853081,1416.3567086182227,130.86374389159798,141.33284340292582,1207383686,61.549943670122374,3.6746493660799113,15.400902099032486,15.862256185911034,4.0369932981928,8.358049634048166,30.0,4.999999999999998,121.87499999999751,-6.7499999999999005,-8.736443037068153,-0.20235222580662576,-0.21396587019771227,0.0,0.0,-41.81136816288428,0.0,0.0,128250
42.76419148280366,32.97647545455486,154.66350848962426,28.85949506938731,14.389576977949316,0.5885471465909005,16.03306025868462,0.6707914846142138,3097.764338763375,0.19271623672230653,False,TIMEOUT,1200,120.00000000004773,1,705381.8708051053,1324.0271928615937,4570.953397198454,274.86314493952625,dry,0.950380630560892,5.32355599486505,-1.4651734540832724,0.0,0.0,-1.0724189767117274,1014.2175854424626,0.9043089119309824,47.699999999997296,2022.7572748599569,54.199999999996926,nan,176.5662584680999,3097.764338763375,5063.904349635613,125.76129616565406,135.8221998589064,1635307037,167.55029593525467,5.760929782036314,16.749717909299402,12.591482968623762,4.869403427359616,66.37437855174657,30.000000000000004,12.69999999999997,0.0,-11.999999999999789,-93.49034552728135,-53.571826681239784,-11.70382922145862,0.0,-35.66885717738505,-57.397158484151994,0.0,-10.0,129450
-49.06763246013007,79.45493653505005,388.149867299568,60.061282837511925,29.731536098580822,10.31943660657351,60.932506252844895,0.7506131531333442,2815.1325540594503,0.1984732824427481,False,LOSS_OF_CONTROL,1042,104.20000000003517,1,721657.5461012872,1327.0584116112564,4259.5168301448175,201.6619898456729,dry,0.9605716096574712,3.1431393068808653,-2.057503354964128,0.0,0.0,4.526843301281948,1012.1005408525147,0.9156169205000072,45.99999999999739,1777.844454364655,51.89999999999706,nan,106.61413977972467,2815.1325540594503,963.3662652396059,128.57268649343325,138.8585014129079,555907480,135.6593660608644,5.08024966375004,15.729665713016317,14.715826884081308,3.3818887591244478,50.60047621446592,29.99999999999999,10.399999999999979,0.0,-10.419999999999822,-77.30572398573835,-44.005329940914116,-21.117260142151583,-0.005812502740138803,-24.00218858779498,-57.77879059609313,0.0,-80.0,130492
203.0654006296112,16.317366249363843,38.32232001400182,9.171153272788422,6.676145494954883,1.4381535019746514,7.208201818291323,0.8181829749344592,469.4431854754859,0.5473684210526316,True,SUCCESS,666,66.60000000000525,1,766580.9038489336,1330.7341837547804,4789.052103737263,5.213922387755032,dry,0.9644441382458272,2.2887954048096484,-2.7828310596775543,0.0,0.0,0.7852193340554292,1013.0159413757051,0.9858657201584204,51.99999999999705,2193.9770183185933,57.19999999999777,61.60000000000525,169.9433113754396,469.4431854754859,2793.3450498288703,131.60484770159843,142.13323551772632,585528511,67.69870716568033,2.3754623656826657,13.927997793617426,15.001050359839454,6.310356804142898,13.133369474946848,30.0,5.1999999999999975,122.24999999999781,-6.659999999999902,-19.702976657374993,-1.55685362218846,-0.48647508378970705,0.0,-3.5498284313971684,-40.875409539545934,0.0,0.0,131158
200.43212116628834,14.314002205200339,25.161469143917692,8.65162911074341,4.163279259054798,-0.14304917364407727,6.05883037046369,0.8698096844193864,244.9752802389515,1.0,True,SUCCESS,709,70.90000000000867,1,758825.7300836017,1324.0436720302716,4201.52216088973,157.0260299200555,dry,0.9817348810748708,0.9435096032019219,-1.981467819787726,0.0,0.0,-0.14443430933912538,1013.5575886518492,0.987925694644573,58.799999999999045,2488.5433355585133,66.00000000000477,65.90000000000867,168.79641780569207,244.9752802389515,1705.9959130235145,130.6917089366032,141.14704565153144,518994643,69.09880284456628,3.5536943753215535,14.17605045571329,15.537954559224225,5.90477445276972,8.735093601204792,30.000000000000004,4.999999999999998,120.45833333332972,-7.089999999999893,-16.140830813723415,-0.9108588450853855,-0.31537140874060166,0.0,-0.6905715007558066,-46.884949887535996,0.0,0.0,131867
-46.54784358543309,43.88806405356945,119.86280390612714,13.235395443100808,42.54334158481342,16.16882246339058,19.531526498862913,0.7360406818213292,1615.149120938932,0.12060301507537688,False,UNSTABLE_AFTER_LIFTOFF,675,67.50000000000597,1,713428.9295973837,1327.5794221567146,4218.170590558166,496.3794776150803,dry,0.9748754204725157,7.691786983818845,3.951426705644468,0.0,0.0,1.7410064644806615,1014.4691161917189,0.9396784261545246,41.99999999999762,1515.7949369368823,47.699999999997296,nan,93.30625382539868,1615.149120938932,4598.217366146611,127.07909143930141,137.24541875444552,450152621,67.0337287139003,3.876544928249458,12.819578960501858,13.525403972004547,3.378832500387632,23.62508041419089,30.0,2.400000000000001,0.0,-6.7499999999999005,-57.748417731429036,-9.110209444620137,-3.1376291078903815,-3.0534653163565384,-17.40314402967157,-36.004147444699846,0.0,-70.0,132542
-89.80703650462374,95.20856696847706,400.5863470406432,43.773337693059105,14.635417896589338,6.59359095850625,18.9264293403166,0.7713245886513311,925.1292851131944,0.13503649635036497,False,ENVELOPE_VIOLATION,780,78.00000000001432,1,717286.4234382586,1329.9545069626026,4301.099415100394,9.236647801687592,dry,0.9825337607236705,1.806045043558763,-2.2631136035474237,0.0,0.0,2.3639005875692636,1010.5895389553409,0.9781848782280232,44.59999999999747,1590.1829076661,50.699999999997125,nan,165.75892840049735,736.4472782474984,-2195.9006402235113,127.80361907382479,138.02790859973078,1907219570,79.10660013650427,3.1802793212652807,15.404808409737498,14.234885483762612,5.580233638224502,22.38794427221692,29.999999999999993,3.700000000000002,0.0,-7.799999999999878,-90.5462064015714,-47.8030554777615,-1.9721318806932358,0.0,-20.456045253128252,-44.824348753180466,0.0,-50.0,133322
200.63833496544112,11.912695229687188,22.534736672204843,9.996626108825982,14.948431910810324,6.638894840625302,7.398445737997977,0.7823794869451011,326.0520470286385,1.0,True,SUCCESS,577,57.69999999999817,1,696072.9288077613,1326.2579290667077,4484.491382152422,255.00941524555952,dry,0.9582168769800384,1.1557521713452443,2.989619031012091,0.0,0.0,3.378827301870027,1010.2778243350874,0.9829458167149421,46.499999999997364,1576.8336555949268,52.799999999997006,52.69999999999817,143.7027576165281,326.0520470286385,2694.8786858436843,126.13874385082661,136.22984335889277,469485974,46.8634344578558,3.028364341955642,10.893517730175802,14.645431781455276,6.271071913833016,8.603557289494757,29.999999999999996,4.999999999999998,125.9583333333341,-5.769999999999921,-9.098155722848071,-1.514127855650586,-0.48836261397284364,0.0,-0.3500297967784587,-33.4046998934133,0.0,0.0,133899
-98.22819683539966,60.486398384009426,137.1641229806636,10.234024904403062,39.432523626841984,16.05911119024783,18.25852188089982,0.6905102760808605,1925.351591880064,0.2026578073089701,False,UNSTABLE_AFTER_LIFTOFF,756,75.60000000001241,1,683935.9207947664,1330.3443441193008,4788.195386605816,124.10834646303398,dry,0.9909125569122702,3.07972310286136,-2.4611021325068925,0.0,0.0,-1.7927476436432146,1014.8165501329817,0.9406840935919953,40.89999999999768,1368.1242022643642,45.599999999997415,nan,95.85836391547234,1925.343034453174,-25.92216717505906,123.64279580778677,133.53421947240972,485050903,71.07006708749158,3.160511961975441,11.526476457599125,12.900986720646829,6.03615053194993,31.756004954116055,29.999999999999996,6.099999999999994,0.0,-7.559999999999883,-100.32969060787221,-2.533503570530661,-14.079122804666778,-6.782226550176134,-31.682456507377516,-37.81139450855546,0.0,-70.0,134655
202.9094734347271,11.39028271586921,24.707016064694518,13.21419063157152,14.830507135149746,6.169574652814628,6.531392300919717,0.7969470598275595,324.13276851113255,1.0,True,SUCCESS,563,56.299999999997056,1,746813.7466998075,1325.0909073114465,4600.413750492642,270.37857697121507,dry,0.9905524594054455,5.081761764058968,3.732853106608786,0.0,0.0,-0.3559574944257333,1015.7964416046934,0.9823396752919744,45.49999999999742,1594.2901035054567,51.399999999997085,51.299999999997056,150.96840590060367,324.13276851113255,2638.261757140021,129.4626508038384,139.81966286814546,269386935,48.099555013463196,3.1546758942286246,11.625198893754463,14.566142455501696,5.64409929723235,8.78769406357939,30.0,4.999999999999998,126.5416666666679,-5.629999999999924,-8.115866468400265,-2.5501365501035487,-0.27157843832551815,0.0,-0.49756100305975287,-33.44441638981143,0.0,0.0,135218
-116.2524651851648,39.43097620669955,164.44380146666543,32.35300422761248,8.64448801519498,4.527779082275859,14.361236684053981,0.7825186232032969,524.4955735408435,0.06374501992031872,False,CRASH,889,88.900000000023,1,764114.4058706292,1326.0448152432173,4243.691490448021,397.65163054719875,dry,0.970845033038046,5.936745102099179,2.842772645625135,0.0,0.0,-0.3839168583540662,1013.5670169057246,0.9873451414803434,57.79999999999825,2233.640192720486,63.900000000003104,nan,191.6214871831561,24.457900781073533,-4368.738441617764,131.0912030217474,141.5784992634872,267479193,96.96515640002765,9.775310078953865,16.4378997613978,16.186960138146237,5.412723217520809,15.239336891796112,7.337370234322067,1.6000000000000003,0.0,-8.889999999999855,-58.48623618638191,-42.10677491256941,-2.499986770565492,0.0,-21.823935246182398,-51.40028879162984,0.0,-100.0,136107
221.87696126678475,13.116203782738667,34.17464694129895,9.916775181069115,5.202964056287752,1.029409145673162,7.710621211274188,0.7582737706714352,579.4317990702418,0.23076923076923078,True,SUCCESS,727,72.7000000000101,1,702398.4950588722,1322.7129345494257,4670.72463581906,164.85980989980825,dry,0.9950464248019482,3.3602392892747996,-1.9483567228489327,0.0,0.0,3.1618068552674705,1010.0246054803298,0.9782863395660305,45.19999999999744,1582.2356564794723,50.699999999997125,67.7000000000101,181.68877726875445,579.4317990702418,3716.4727481681907,126.67929562929241,136.81363927963582,1671748609,79.53605770609282,2.767774192164538,14.323605740652166,14.293332392671442,4.017216129876152,18.6394912225936,30.0,5.099999999999998,119.70833333332912,-7.269999999999889,-13.896588979369849,-2.3438100079509225,-0.5660663255862072,0.0,-2.1587156366612272,-40.273668501026805,0.0,0.0,136834
-79.64111340174298,21.021474912963278,106.9335050308305,37.50147408835744,6.819395237975508,2.4872318397331057,17.00116254012256,0.8143170600610677,215.17765835468546,0.11538461538461539,False,CRASH,785,78.50000000001472,1,711967.8968603923,1330.7721067640746,4265.91668160306,158.4239682778696,dry,0.9762747072476677,0.4262142448573174,-1.1529468085511536,0.0,0.0,4.965564064025851,1013.1232472926873,0.9945224866666759,56.399999999997135,1996.3051037529133,63.00000000000239,nan,165.21584860424917,19.96005470639534,-2880.2950437465124,127.73775885730254,137.95677956588676,619185585,74.66409679668571,10.683194679841533,14.789868413301118,15.972792472877979,7.5150019803508865,8.465892962405444,5.9880164119186,1.8000000000000005,0.0,-7.849999999999877,-26.754296261143935,-17.07949263187602,-4.20889417693944,0.0,-15.588108999967908,-48.03918504919684,0.0,-100.0,137619
-71.48133793201964,16.475733421019374,68.68610100363452,18.048746522203476,14.985825811096065,7.580719099596112,13.488316924541785,0.7941228529887542,280.783024502237,0.0,False,CRASH,687,68.70000000000692,1,694062.0258481106,1331.1605384755012,4606.7140753767235,49.96500272397403,dry,0.9789146326100251,4.525184649660664,-0.03430939601325367,0.0,0.0,4.397234250189589,1015.4217899609393,0.9971624093099655,45.599999999997415,1450.763394763333,52.39999999999703,nan,167.68816110921546,35.98101475811761,-4259.141844615756,125.85622117089451,135.92471886456607,1722230529,62.988571890682735,5.13540878337661,11.135606589045407,14.599580129056985,8.325823275370835,9.796748812392451,10.794304427435282,0.0,0.0,-6.869999999999898,-20.346253363411826,-13.446161704843284,-2.008936115990305,0.0,-10.88739572197292,-40.69863493316171,0.0,-100.0,138306
201.22640052717242,11.177823030747492,19.687876450594047,5.246722055895098,12.678385316397751,3.3076152010222084,6.119778858837994,0.8001497528567818,365.27314959634276,1.0,True,SUCCESS,483,48.29999999999726,1,677032.7071937806,1323.414047614866,4564.531636539409,37.44681006730338,dry,0.9933777703417096,5.618022621245377,2.9676120057409556,0.0,0.0,0.5585220344194175,1013.5734455777659,0.9879167422005143,38.99999999999779,1303.0338490386903,43.39999999999754,43.29999999999726,154.91550122440293,365.27314959634276,3264.183349833313,123.59696366399535,133.48472075711499,1258689696,39.55943554850129,1.9149828349335787,9.480154245261772,12.313823184340738,5.855400912805234,8.126627397044084,30.0,4.999999999999998,129.87500000000114,-4.8299999999999415,-6.705313386926716,-0.1570163813827611,-0.1510794633333243,0.0,-0.2929196782370013,-28.762694685835594,0.0,0.0,138789
216.86747137898612,9.468566600663129,21.05889257895315,8.189407448482047,9.129798558342626,3.023410039733275,7.338746706787345,0.8200745658750939,247.04332845622736,1.0,True,SUCCESS,746,74.60000000001162,1,725541.3424600048,1322.350149289114,4486.740344773173,371.87747473200506,dry,0.9807645859386004,2.300878468605961,-2.0935427234552004,0.0,0.0,1.7362509831739672,1010.4599871590359,0.9817587146776262,62.40000000000191,2525.666085665768,69.70000000000772,69.60000000001162,156.3980894326851,247.04332845622736,1608.5998376036819,128.40623665339112,138.67873558566242,1843405230,68.65677704604423,9.951962960402001,16.104934592777365,15.341058596370713,5.915378876400404,8.893198261063528,30.000000000000004,4.999999999999998,118.91666666666183,-7.459999999999885,-7.431300009945583,-0.4159021700216056,-0.39019166990272247,0.0,-0.3502578108406105,-45.86485396002333,0.0,0.0,139535
211.54100168892103,9.264769769741521,21.09457799394298,9.540028974238789,4.555628439252352,1.5842136828387954,6.973419689939846,0.80423066021524,341.7686084077886,0.6091954022988506,True,SUCCESS,657,65.70000000000454,1,712357.3102545834,1327.8644744995297,4217.5238056884045,244.31850199403948,dry,0.9717707042606651,2.7176203289705843,-1.3077259439441171,0.0,0.0,-2.23835029870943,1015.6305626558776,0.982464782054015,50.29999999999715,1629.6481610302549,57.09999999999769,60.700000000004536,173.81838894292343,341.7686084077886,2175.969278367117,126.03691805284768,136.1198714970755,1189900291,57.09479625613879,8.143790247159506,13.085097094865446,15.289345328327514,3.3520219532008486,11.387550684666117,30.00000000000001,5.299999999999997,122.62499999999811,-6.569999999999904,-6.266024998701108,-1.068222515878321,-0.27989352980633725,0.0,-1.1978391084431665,-39.354619722606394,0.0,0.0,140192
-65.05109074865862,101.98172365684552,400.115625409296,39.98271114780807,34.35532875338456,4.848801899341045,17.16887384916082,0.722495137943828,2182.5594956922673,0.11342592592592593,False,ENVELOPE_VIOLATION,1034,103.40000000003454,1,680513.0891987075,1323.4678655461798,4258.1430378246205,433.56581014268477,dry,0.9530543331193161,2.4141208604961157,-0.6359939873918581,0.0,0.0,0.18641792397180357,1014.9138968811661,0.9282733876356634,54.49999999999691,1917.0877741865004,60.30000000000024,nan,114.55746009065165,2076.8234625609016,-3510.6449724743316,123.75255623253118,133.65276073113367,1641032421,117.42870059974483,6.374122135908018,17.43809240211734,15.609276317831721,3.876966152666063,38.81382204207528,30.000000000000004,4.899999999999999,0.0,-10.339999999999824,-94.97476161995004,-39.620643908514936,-7.908803682852992,0.0,-41.57762356021238,-55.070237627471656,0.0,-50.0,141226
-81.41534025256757,105.71200228985661,402.2734313128172,32.7306150160612,38.384066773258226,2.984559878861726,12.801259686700593,0.7286651804339191,2447.4264432638874,0.12527964205816555,False,ENVELOPE_VIOLATION,1023,102.30000000003366,1,692496.8696997733,1326.6250847702,4249.860313503239,242.8421676497477,dry,0.9615780036401027,0.240473927730684,-0.9764554234089662,0.0,0.0,3.7099304490885654,1010.8519395309893,0.9251777619746656,50.29999999999715,1730.6777110292596,57.69999999999817,nan,133.37042164494818,2412.2146600247975,-2012.6312038338258,125.84998190969601,135.9179804624717,1738840649,121.40130132587933,8.113048258650355,19.75420013234085,15.680191063510538,3.2117439746677205,39.75775517322166,30.00000000000001,5.599999999999996,0.0,-10.229999999999826,-119.9223807722757,-53.92766152048582,-2.3143767694756847,0.0,-33.37472444149959,-55.16443667710187,0.0,-50.0,142249
229.02902544678597,5.642852617289487,19.29524331985461,7.783642969830032,5.047758211625246,1.8285051642210317,8.558096385986829,0.825798007913727,236.12090240975581,0.39869281045751637,True,SUCCESS,981,98.10000000003032,1,714763.0895903392,1330.8292720513962,4592.023320167406,37.73055964231459,dry,0.9612147628534352,5.623353612678925,-1.6587466265746702,0.0,0.0,2.863028577643549,1010.0461998883072,0.9917294293811859,76.60000000001321,2724.035015411047,82.90000000001822,93.10000000003032,169.90315993584434,236.12090240975581,1625.7764752605458,127.72250942058913,137.94031017423626,131069158,88.58030673591942,18.249699897352517,21.946178205242415,17.800553617275206,4.661135435294121,10.183002863132446,29.999999999999996,6.099999999999994,109.12499999998737,-9.809999999999835,-3.4707546369891453,-0.7886882515047089,-0.4539056121986952,0.0,-2.541833305294515,-60.551669501430474,0.0,0.0,143230
-107.832808875095,110.37025037333635,400.37491697360673,23.891742237297546,13.470350603347569,2.570722776676042,21.047972652533804,0.6708602417075418,1509.4963305722092,0.04173913043478261,False,ENVELOPE_VIOLATION,1121,112.10000000004146,1,671519.1248256272,1326.0758121351257,4772.941883317055,220.67000337126942,dry,0.9953606140963359,1.347782761184268,-2.8358106430026075,0.0,0.0,1.5522343176593454,1010.1770385311439,0.9503280962051969,49.49999999999719,1595.9056963667992,54.6999999999969,nan,191.82878869133555,1506.655393435777,-259.41174043846956,123.5114317531592,133.39234629341195,1203612941,149.20945160496697,9.611914366921345,17.56584709672744,15.008976453775484,4.50752013212354,48.71567337222854,29.999999999999996,2.400000000000001,0.0,-11.209999999999805,-157.61278777300691,-39.49894633334221,-15.59535900615451,0.0,-56.113087041609205,-54.822011747726435,0.0,-50.0,144351
206.37782932202236,9.707188049039763,28.84311622352823,11.153388681686382,11.250512279774723,5.47329869656185,7.432635216565961,0.7735781585457709,356.50538945715755,0.6808510638297872,True,SUCCESS,831,83.10000000001838,1,732977.9840628653,1322.7735885728764,4292.625126227729,291.80574671884085,dry,0.9864088421630243,1.6945699257238092,-0.2358888919128681,0.0,0.0,4.755327770423589,1013.7613433652662,0.9811294067180687,66.80000000000541,1957.9532235724569,73.80000000001098,78.10000000001838,159.13883961942759,356.50538945715755,1528.7288128602443,129.5215474865704,139.88327128549605,976358674,64.00459114267316,6.707560845140733,15.389224203513825,16.516821076637058,7.909138978916923,13.093868785048777,30.000000000000004,6.399999999999993,115.37499999999234,-8.309999999999867,-8.700523816659816,-1.7413310137046727,-0.6154133310056756,0.0,-2.245634207309975,-47.40547334122023,0.0,0.0,145182
196.4687700768656,5.481929748994676,13.65296422022097,4.092115575061622,4.733920199048375,1.320444405851891,6.718024203698078,0.8127841511338413,221.18357241752483,1.0,True,SUCCESS,1048,104.80000000003565,1,713160.5307510745,1329.89430041433,4654.877625515178,364.366597404923,dry,0.9996099198860406,2.4279020796458033,-2.361593037492985,0.0,0.0,2.2644473609971465,1014.2014856055016,0.9827541115963789,91.8000000000253,2383.2753463351773,99.90000000003175,99.80000000003565,161.020001103673,221.18357241752483,1365.604740143193,127.18661956508879,137.3615491302959,619379841,67.43146117712197,15.300652119910927,20.31949715580596,16.997913046279535,4.699676301696632,8.587377295539959,30.000000000000007,4.999999999999998,106.33333333331848,-10.479999999999821,-3.4993364837791794,-0.0037873527296664023,-0.252918050883901,0.0,-0.44721898518238345,-63.517879480232594,0.0,0.0,146230
38.86975085507291,6.284721812597447,14.597941819401512,0.9513355086896164,-1.4815627586153044,-1.474410515384736,6.87029685273875,0.8467034953832632,1.6865276149734711,0.0,False,TIMEOUT,1200,120.00000000004773,1,704185.3577483586,1331.8909726482345,4280.965587138042,201.52039569182517,dry,0.976638433201076,4.849373805471496,-2.0912700927178682,0.0,0.0,-0.11212096896952684,1010.1026538011866,0.9937058559556619,nan,nan,nan,nan,115.75519950793633,1.3985467854908222,-1.4159304932863392,126.12068722679548,136.21034220493914,971614501,84.06485858656015,14.902069021248108,25.704415770509776,18.299053853004033,0.0,0.0,0.41956403564724676,0.0,0.0,-11.999999999999789,-5.266363768231754,0.0,-0.2524725229326526,0.0,0.0,-77.00137412073158,0.0,-10.0,147430
