policy,total_reward,centerline_rms_m,centerline_max_m,max_roll_deg,max_pitch_deg,max_alpha_deg,max_heading_error_deg,control_roughness,max_agl_ft,stabilization_fraction_after_100ft,success,reason,transitions,duration_s,level,mass_lbs,cg_x_in,runway_length_m,runway_elevation_ft,runway_surface,static_friction_factor,headwind_kt,crosswind_kt,gust_sigma_kt,turbulence_severity,delta_isa_c,qnh_hpa,density_ratio,liftoff_time_s,runway_distance_used_m,time_to_100ft_s,takeoff_time_s,final_airspeed_kt,final_agl_ft,final_vs_fpm,vs_est_kt,vr_est_kt,seed,rc_progress,rc_centerline,rc_heading,rc_acceleration,rc_rotation,rc_climb,rc_altitude_progress,rc_stability,rc_success_bonus,rc_time_penalty,rc_lateral_penalty,rc_roll_penalty,rc_heading_penalty,rc_aoa_penalty,rc_sideslip_penalty,rc_control_oscillation_penalty,rc_premature_rotation_penalty,rc_failure_penalty,eval_seed
full_throttle,243.8924397131609,18.24352795389215,41.32023011710438,0.02662713312377882,5.650082659159876,55.13435865048227,0.7710149549361925,0.009090909090909087,494.2941229974516,0.6756756756756757,True,SUCCESS,550,54.99999999999688,1,738560.0463902734,1331.0330913453902,4565.367965972672,116.47413886484136,dry,0.9636997634468818,1.4805145792681413,2.0770675180145775,0.0,0.0,-0.28442007423212434,1011.1372194415532,0.9818832877246546,40.499999999997705,1825.7760663087363,47.699999999997296,49.99999999999688,199.7189391617216,494.2941229974516,4656.736021983531,129.0575788914048,139.38218520271718,1453380691,64.82659624354223,4.638997471394674,13.693693431533427,10.361459627071396,3.5858192537883635,10.941926098323286,29.999999999999996,4.999999999999998,127.08333333333464,-5.499999999999927,-20.33938574582717,0.0,0.0,0.0,0.0,-0.3999999999999998,0.0,0.0,1000000
full_throttle,251.70386885716223,9.012668688600488,20.160372738303707,0.02279331716476012,6.259085579098049,53.934266184349774,0.4361885290289512,0.010060362173038226,470.08751061582836,0.7246376811594203,True,SUCCESS,497,49.69999999999718,1,696614.8692705932,1331.2179657469226,4210.2773226425015,70.83285319861687,dry,0.9653910036971531,3.34749133993064,-1.6995959479461953,0.0,0.0,-2.6405475389041237,1010.1056603238318,0.9837513440137602,34.09999999999807,1330.977041110375,42.89999999999757,44.69999999999718,195.68691906250558,470.08751061582836,4729.881136374981,124.88894603523288,134.8800617180515,998109225,55.993749755154816,5.741404112254255,12.381331105054793,9.3313544190082,3.305972608883589,10.513991729535181,29.999999999999993,4.999999999999998,129.29166666666782,-4.9699999999999385,-4.485601539396484,0.0,0.0,0.0,0.0,-0.3999999999999998,0.0,0.0,1000001
full_throttle,267.9157818382321,1.3378000824929022,2.821935373492165,0.024888966342405533,6.572161572711753,54.5759161552531,0.15337432736138806,0.009999999999999997,524.3164647719698,0.684931506849315,True,SUCCESS,500,49.999999999997165,1,678583.7575402599,1326.9120417505694,4438.703879530252,280.4847122677312,dry,0.9533893706068116,2.0392623731504216,-2.329776159700441,0.0,0.0,-2.4409274030783683,1015.6913048340888,0.9760976540106066,36.099999999997955,1537.3606866753275,42.799999999997574,44.999999999997165,198.4106161498003,524.3164647719698,5143.474866517778,122.96560921649777,132.8028579538176,1575982921,57.752288693670955,15.67499420899479,12.559734078629166,8.98606920232982,3.5057456192649155,10.769711649825622,29.999999999999996,4.999999999999998,129.16666666666785,-4.999999999999938,-0.09942828115100094,0.0,0.0,0.0,0.0,-0.3999999999999998,0.0,0.0,1000002
full_throttle,282.0861182804067,2.018619086625438,4.991048111215202,0.03352623025440707,5.41844123676616,54.97445620384848,0.11547378192721164,0.008726003490401393,566.4072812297242,0.5882352941176471,True,SUCCESS,573,57.29999999999785,1,734442.9809544494,1326.4580209851758,4332.103868073388,254.9356032514642,dry,0.9574821701644477,3.0301694145004676,-2.239899843600968,0.0,0.0,0.7817833545395292,1014.0610884840307,0.9758958485893459,41.199999999997665,1908.3821753571071,48.89999999999723,52.29999999999785,203.09956746410202,566.4072812297242,4903.050402748207,128.74946392600378,139.0494210400841,181836731,70.13435556211954,16.641248188440066,14.656386541384633,10.359983020309548,3.547264685842594,12.011310681051278,30.00000000000001,4.999999999999998,126.1250000000009,-5.729999999999922,-0.25943039874190227,0.0,0.0,0.0,0.0,-0.3999999999999998,0.0,0.0,1000003
full_throttle,276.17041627323925,2.205852988544059,3.733569082367435,0.029439589399960314,5.67504871102167,54.58721541878504,0.14778361300041828,0.00904159132007233,528.0104369679973,0.6329113924050633,True,SUCCESS,553,55.299999999996864,1,729763.2307361165,1328.803022438239,4567.136489601352,141.6290728412395,dry,0.9678355480125423,2.8735141096726133,0.7025072961452223,0.0,0.0,1.5983132404079363,1015.7158670068226,0.9803008707377022,40.19999999999772,1811.6861904502418,47.49999999999731,50.299999999996864,200.51331132610468,528.0104369679973,4804.1015223898985,128.41510634678616,138.68831485452907,730354876,65.97598770930789,15.247980940421199,14.06446395578976,10.248735977616187,3.4951765708120983,11.408713389969648,30.000000000000004,4.999999999999998,126.95833333333464,-5.5299999999999265,-0.2989756040121134,0.0,0.0,0.0,0.0,-0.3999999999999998,0.0,0.0,1000004
full_throttle,238.5542216356094,24.59756307509174,53.81172063253749,0.03889514142907124,4.926262529244767,56.266031717540706,0.7645771440286554,0.007923930269413626,640.5209691974801,0.5208333333333334,True,SUCCESS,631,63.10000000000247,1,756265.4370294288,1323.1156177526345,4213.090033415683,445.7609972935857,dry,0.9712624814801917,0.8685132068265906,-0.5327202740377475,0.0,0.0,2.643378631841614,1012.1232480694462,0.9685453108054397,45.799999999997404,2256.86894729032,53.59999999999696,58.10000000000247,207.37024861340942,640.5209691974801,5025.94648677306,131.19384786851552,141.68935569799677,1476772470,81.521800967644,3.400427430132382,16.0160823849452,11.125882433676763,3.868047748091658,13.043681662908956,30.000000000000004,4.999999999999998,123.7083333333323,-6.30999999999991,-42.42003432512183,0.0,0.0,0.0,0.0,-0.3999999999999998,0.0,0.0,1000005
full_throttle,248.26770841322505,15.44347696215141,35.36799762687839,0.02451163549520426,5.750315601495783,54.07824572606798,0.7209794750035361,0.009293680297397766,484.6608838820498,0.6944444444444444,True,SUCCESS,538,53.79999999999695,1,736563.5345036961,1331.161341659439,4238.955074882178,86.66447154638601,dry,0.9936508503167536,2.4884871828192745,3.5718975347149815,0.0,0.0,-2.0200834556281713,1015.0299522961723,0.9829058795673101,39.599999999997756,1750.567252237189,46.69999999999735,48.79999999999695,199.4409260094334,484.6608838820498,4647.183883125868,128.24726124487364,138.50704214446355,1842279788,62.66958062324457,5.187047993606504,13.406560284363787,10.12890211877031,3.5823121936908144,10.74703048911561,30.0,4.999999999999998,127.58333333333461,-5.37999999999993,-14.25705862290107,0.0,0.0,0.0,0.0,-0.3999999999999998,0.0,0.0,1000006
full_throttle,247.00169818747517,16.152306625190707,37.43001706087604,0.026572657173584223,5.952569154777049,54.688544070396524,0.7591595771756767,0.009416195856873819,506.9612705196247,0.6756756756756757,True,SUCCESS,531,53.09999999999699,1,714909.8165209346,1329.3740453256596,4697.714074778364,453.4209215141294,dry,0.9894152836716572,3.2463395337292633,3.9991723266771637,0.0,0.0,-2.4939327816885113,1015.8347457294543,0.9716003009073557,38.7999999999978,1722.9579989340855,45.799999999997404,48.09999999999699,199.26238012130563,506.9612705196247,4833.25793260596,126.19339142289091,136.2888627367222,2140195729,62.12126898498883,5.686934857433018,13.165572378508173,9.778839625868885,3.55937262655201,10.917633263659546,30.000000000000004,4.999999999999998,127.87500000000125,-5.309999999999931,-15.392923549536611,0.0,0.0,0.0,0.0,-0.3999999999999998,0.0,0.0,1000007
full_throttle,229.8493698601685,26.188802505634648,57.40839221740764,0.034986177086832604,5.070548880725438,55.28376320145549,0.858076990698635,0.008196721311475407,622.1227697696125,0.5376344086021505,True,SUCCESS,610,61.000000000000796,1,750611.2734858901,1323.772118164146,4706.775990110074,29.33010903533706,dry,0.9883231627727714,6.716715115879903,-2.32159091678979,0.0,0.0,2.857248738721622,1011.6726804389401,0.9809087645696535,43.59999999999753,2085.6987986559957,51.79999999999706,56.000000000000796,206.6408747633508,622.1227697696125,5005.148825503657,130.77966512211887,141.24203833188838,1986273948,77.5362269538345,2.9810047925112255,15.348124826867641,10.82776261610877,3.7327756687743943,12.825759421435766,29.99999999999999,4.999999999999998,124.583333333333,-6.099999999999914,-46.485617752696946,0.0,0.0,0.0,0.0,-0.3999999999999998,0.0,0.0,1000008
full_throttle,261.26567012126304,8.247131321190121,19.080393481674776,0.026188979108309394,5.917424667593835,54.11708180251718,0.3896876232951687,0.009416195856873819,528.0099242087068,0.6493506493506493,True,SUCCESS,531,53.09999999999699,1,703605.3064273472,1327.6132464077793,4275.087522713771,16.95001350322739,dry,0.9886738953107341,1.2727788724547047,1.8637194846919591,0.0,0.0,2.7976493148837323,1013.5273810037467,0.9839355220137355,38.399999999997824,1692.0014727133405,45.49999999999742,48.09999999999699,199.43556793705713,528.0099242087068,4931.400845450547,126.48965955261382,136.60883231682294,1458592668,62.68590458782371,7.631410764699044,13.39170473509376,9.759035779663066,3.4404530432425697,11.205056537448009,30.0,4.999999999999998,127.87500000000125,-5.309999999999931,-4.012895326708354,0.0,0.0,0.0,0.0,-0.3999999999999998,0.0,0.0,1000009
full_throttle,271.50737863718365,5.361571135761898,11.419952184017735,0.031212778547625695,5.54435960012091,54.37747298104641,0.26185441688307465,0.008944543828264755,559.3583716204303,0.6024096385542169,True,SUCCESS,559,55.89999999999683,1,715161.4681706837,1326.3364914564534,4748.490936808621,165.29567388418153,dry,0.964798174663436,5.596174547210507,-0.10252795950763582,0.0,0.0,4.1987356460812855,1011.2959751772338,0.9789059143311825,40.19999999999772,1828.3833185363915,47.699999999997296,50.89999999999683,201.1564833743237,559.3583716204303,4934.501903428696,127.97180966348093,138.20955443655942,1814746022,67.81364347579681,10.014303382973466,14.230929819814747,10.217526084896706,3.4649002017130837,11.833215980821114,29.999999999999993,4.999999999999998,126.70833333333465,-5.589999999999925,-1.785473642167092,0.0,0.0,0.0,0.0,-0.3999999999999998,0.0,0.0,1000010
full_throttle,256.07452702679274,17.11610295173704,35.600463836553786,0.03557749014670028,5.102493645823166,55.09682742631631,0.5568062600585952,0.008291873963515752,613.663077753969,0.5434782608695652,True,SUCCESS,603,60.30000000000024,1,751076.6537726631,1323.9953911690866,4698.130467926884,294.7391347111956,dry,0.9709118468437821,3.720598821661106,-3.1002786505114943,0.0,0.0,-0.8674627755015836,1014.6257183956368,0.9732530996418003,42.99999999999756,2045.0959974097368,51.1999999999971,55.30000000000024,206.79880060522657,613.663077753969,4990.352774177588,129.7910061673475,140.1742866607353,1077289349,76.13906135113065,3.686274699752289,15.366299584714673,10.623799005657839,3.726074351869868,12.716403710716362,29.999999999999996,4.999999999999998,124.8749999999999,-6.029999999999916,-19.628385677048925,0.0,0.0,0.0,0.0,-0.3999999999999998,0.0,0.0,1000011
full_throttle,235.6838285120217,21.61191144797217,47.89393703337634,0.029326779114498474,6.060429232572501,55.19711243948792,0.9313192582875964,0.00936329588014981,570.56067987675,0.6097560975609756,True,SUCCESS,534,53.39999999999697,1,692215.4024152021,1324.7050316824423,4450.365500597658,41.64239330689301,dry,0.9855345107555974,4.039314241383227,0.8016705141844804,0.0,0.0,2.3892110837131373,1011.8573950809194,0.9819980336587144,38.09999999999784,1703.5752635280317,45.29999999999743,48.39999999999697,201.06303741624362,570.56067987675,5172.933057482022,125.47700323318693,135.5151634918419,1202598573,64.09995537156814,4.5534662978356115,13.125829950015174,9.530556326748206,3.4209757119971718,11.65614469566548,30.0,4.999999999999998,127.75000000000126,-5.339999999999931,-27.713099841809424,0.0,0.0,0.0,0.0,-0.3999999999999998,0.0,0.0,1000012
full_throttle,275.8870478785474,5.949680526787898,14.699378478602721,0.03457664402220566,5.366632995192305,55.722359193176395,0.30770658411998036,0.008591065292096217,554.7968994324644,0.5952380952380952,True,SUCCESS,582,58.19999999999857,1,748196.7804591286,1327.9003916454815,4740.766295543692,11.588625665522434,dry,0.9791548605369833,3.7810326925770372,2.0418766467853837,0.0,0.0,2.677915545954373,1013.6419634670234,0.983340661845147,42.099999999997614,1939.5672722599422,49.89999999999717,53.19999999999857,203.0823124839995,554.7968994324644,4810.8427305342675,130.40206214784615,140.83422711967384,1469563401,71.30353496463658,11.223224356022504,14.876759604280133,10.712274440946324,3.6031384994639972,11.927231841178207,30.0,4.999999999999998,125.7500000000006,-5.81999999999992,-2.28911582798093,0.0,0.0,0.0,0.0,-0.3999999999999998,0.0,0.0,1000013
full_throttle,225.68199448516066,24.899873913794465,56.862415510646336,0.02781436577524611,5.571028836292255,54.74893776217395,1.0907467125890595,0.00905797101449275,489.79639608843127,0.6756756756756757,True,SUCCESS,552,55.19999999999687,1,743164.2574798852,1331.2749837766291,4363.884259933376,250.99469147777563,dry,0.9591102992419932,1.4935821895671522,-0.31611420901936826,0.0,0.0,-1.4426219106538403,1012.3484732480193,0.9780410532302325,40.699999999997694,1815.5957684261055,47.899999999997284,50.19999999999687,199.73096007223606,489.79639608843127,4610.313273499371,129.12121758586403,139.45091499273317,1040438435,64.98377413278396,4.237083256675809,13.478238651483153,10.433907027727201,3.572083613560302,10.923802686197698,29.999999999999996,4.999999999999998,127.00000000000131,-5.519999999999927,-38.026894883268874,0.0,0.0,0.0,0.0,-0.3999999999999998,0.0,0.0,1000014
full_throttle,265.10382115957236,12.069617917795743,26.704661262499236,0.0318621575692596,5.131064777211222,55.031599642100446,0.4650773847212385,0.008403361344537811,570.606981840124,0.5747126436781609,True,SUCCESS,595,59.4999999999996,1,764568.1649633775,1326.945084742215,4470.513774251919,91.94059697222545,dry,0.9602407354537494,2.7608615480483634,-2.9777837384765533,0.0,0.0,-2.612255328548261,1011.232053665479,0.9802244406157056,42.89999999999757,1993.856571577826,50.899999999997114,54.4999999999996,205.47216310473272,570.606981840124,4798.577762050598,130.77214323565929,141.23391469451204,1794944360,73.67321424937448,5.291396155641198,15.201916672569222,10.779436347619152,3.675503414636412,12.25480183368017,29.999999999999996,4.999999999999998,125.2083333333335,-5.949999999999918,-9.63078084728197,0.0,0.0,0.0,0.0,-0.3999999999999998,0.0,0.0,1000015
full_throttle,258.19337983618584,10.572930842473841,24.639706678320533,0.02806600585768272,5.830721335099994,54.97172799439322,0.5228777562694374,0.009225092250922506,486.9371737204232,0.6944444444444444,True,SUCCESS,542,54.199999999996926,1,726503.8536657032,1331.580428588382,4317.099655908189,487.6116434417939,dry,0.9609681329575244,7.41082887534324,-2.1911434886468846,0.0,0.0,1.1269616096964032,1015.9519307886393,0.9715553899344219,39.99999999999773,1775.6902422516216,47.09999999999733,49.199999999996926,197.75361533405916,486.9371737204232,4668.203984748078,128.00887828474902,138.24958854752896,1061664524,63.33250976170442,6.736237815285789,13.629089574828736,10.27988989735273,3.591164563401995,10.759875078839162,29.999999999999996,4.999999999999998,127.41666666666794,-5.419999999999929,-6.732053521895131,0.0,0.0,0.0,0.0,-0.3999999999999998,0.0,0.0,1000016
full_throttle,270.5679656615985,2.8189570794488255,4.427675032166913,0.030321528669072517,6.149656183107645,54.74569335003188,0.13642993988285734,0.009451795841209826,570.4119289228679,0.6172839506172839,True,SUCCESS,529,52.899999999997,1,696628.7741346264,1324.6084785888843,4657.7544812394135,223.03679847025626,dry,0.9780499997876271,0.8375812564539107,-3.080006939878875,0.0,0.0,-2.953218504755645,1013.4615443536425,0.9763848392167987,37.79999999999786,1679.4758804377254,44.899999999997455,47.899999999997,201.71820089864212,570.4119289228679,5185.311670400272,124.61495490906555,134.5841513017908,638112300,63.158801743798385,12.78347635054818,13.402885498634108,9.327325034491277,3.4688921887235438,11.625330240884443,29.999999999999996,4.999999999999998,127.95833333333458,-5.289999999999932,-0.4670787288160881,0.0,0.0,0.0,0.0,-0.3999999999999998,0.0,0.0,1000017
full_throttle,232.52481133682105,23.319603130650624,48.92422021258667,0.03025038076907534,5.471023928622498,54.437222693974256,0.8625769173510566,0.008787346221441122,551.8097132937332,0.6024096385542169,True,SUCCESS,569,56.89999999999753,1,732491.6282620891,1327.6626950834252,4260.713530575285,95.93152630771806,dry,0.9785363513053664,6.335649255821291,2.734820264210743,0.0,0.0,3.911792749889546,1012.8699914276365,0.9810751004331941,41.09999999999767,1887.5389120806437,48.69999999999724,51.89999999999753,201.36571007295856,551.8097132937332,4833.026083430297,129.34887060723182,139.69678025581038,814342290,69.0543655511459,2.652093665309582,14.16729750560175,10.482836845825545,3.4993432380856686,11.847698253887836,29.999999999999996,4.999999999999998,126.2916666666677,-5.689999999999923,-34.380490389703056,0.0,0.0,0.0,0.0,-0.3999999999999998,0.0,0.0,1000018
full_throttle,263.322921981459,9.036870645608671,21.9573698636671,0.02618774247157266,5.733030923974707,54.3576750875382,0.49614215704538983,0.009124087591240873,509.0261506708119,0.6578947368421053,True,SUCCESS,548,54.79999999999689,1,722662.9784992731,1330.1218808692304,4709.0836552493365,353.43697827536187,dry,0.9954849058642585,2.0000424449932845,-1.2766595074125169,0.0,0.0,2.1146875775239344,1010.428655272007,0.9748293170220904,40.09999999999773,1786.7808073422048,47.29999999999732,49.79999999999689,198.36242818850607,509.0261506708119,4733.239806870775,128.2368866913472,138.49583762665497,2050718901,64.74720719221783,8.490136386242396,13.821104407704402,10.325062410443977,3.495277185887902,11.129960734947145,30.000000000000004,4.999999999999998,127.16666666666796,-5.479999999999928,-4.972493002652676,0.0,0.0,0.0,0.0,-0.3999999999999998,0.0,0.0,1000019
full_throttle,253.83181294234333,14.678664561584071,32.87420184417871,0.0321593264420239,5.562510890993434,54.99444579101125,0.6190099520150641,0.008928571428571425,535.5271232645873,0.625,True,SUCCESS,560,55.999999999996824,1,723700.3819717905,1328.284126019123,4635.09441837137,397.67537716139594,dry,0.9643554820621788,0.44325129451416956,-0.30596474587174427,0.0,0.0,2.519488094462015,1011.32473462701,0.9728597878119954,40.5999999999977,1840.9300694464644,48.09999999999727,50.999999999996824,200.16619022253352,535.5271232645873,4820.531511616563,128.36144470123656,138.6303602773355,1666111015,67.34881815542826,4.695574426927283,14.112736487646632,10.362098030343645,3.511344960002681,11.541172910264827,30.0,4.999999999999998,126.666666666668,-5.599999999999925,-13.406598694938033,0.0,0.0,0.0,0.0,-0.3999999999999998,0.0,0.0,1000020
full_throttle,-12.035121525644158,13.53781160580511,30.0985089323888,0.017715040507613855,-1.459950417310517,55.18352384070787,0.9928630517922411,0.012531328320802,9.287693328619923,0.0,False,RUNWAY_EXCURSION,399,39.89999999999774,1,732803.1896859139,1328.7080581514685,4577.369924936316,322.88311230911256,dry,0.9502824598382715,6.659831871202359,3.4461624915060947,0.0,0.0,4.735697641991459,1012.9046854793107,0.9901240553358416,,,,,174.21416237078452,9.287693328619923,35.14121705722651,129.55651431315704,139.92103545820962,1222163688,34.24932440872396,2.6002638165994303,9.077353008704328,10.672813468799204,1.0938896492355923,0.0,2.786307998585977,0.0,0.0,-3.989999999999959,-8.125073876292705,0.0,0.0,0.0,0.0,-0.3999999999999998,0.0,-60.0,1000021
full_throttle,268.1487269053882,10.489819947686085,24.049377259710475,0.032404181147833465,5.057937831337036,54.909567294743226,0.44545194828110596,0.00838926174496644,529.9534320286409,0.6024096385542169,True,SUCCESS,596,59.59999999999968,1,763121.1574862995,1329.982772107082,4630.865517605749,293.5091220395311,dry,0.9688096867814885,6.439515720353861,3.175693356534961,0.0,0.0,3.187808546078676,1012.01878182593,0.9760379801850555,43.499999999997534,2034.0617262573066,51.399999999997085,54.59999999999968,201.90458127167696,529.9534320286409,4587.447173595042,131.91727535768308,142.47065738629775,1535650621,72.88834356612392,6.864690512079408,15.220903538303922,11.244247835485512,3.5903269732261216,11.820397616922987,29.999999999999993,4.999999999999998,125.1666666666668,-5.959999999999917,-7.286849803420471,0.0,0.0,0.0,0.0,-0.3999999999999998,0.0,0.0,1000022
full_throttle,259.8119863362218,9.206515690790672,21.534742356950115,0.025047366680979007,5.869464112168724,54.42312838801223,0.4497706332629699,0.009380863039399622,511.80823599541304,0.6666666666666666,True,SUCCESS,533,53.29999999999698,1,715481.5105185637,1328.8755370011688,4332.959297857012,181.45261136468727,dry,0.9730509880284399,3.235122714698778,1.0967936971474699,0.0,0.0,-1.0150981220136135,1012.6841854839918,0.9794371472993045,38.899999999997796,1728.8656427311305,45.8999999999974,48.29999999999698,199.62058573323012,511.80823599541304,4837.537924528262,126.7669301652106,136.90828457842744,1419087310,62.597334961666604,7.414162262683017,13.416319271589227,9.825220009783342,3.5024774588511924,11.014477183961038,29.999999999999996,4.999999999999998,127.79166666666792,-5.329999999999931,-5.019671478980555,0.0,0.0,0.0,0.0,-0.3999999999999998,0.0,0.0,1000023
full_throttle,272.45693361921315,4.443559239645852,8.144706819321954,0.028614756240808642,5.463996613971869,55.327146343345774,0.18632466358266678,0.008802816901408448,521.1457422150862,0.6329113924050633,True,SUCCESS,568,56.79999999999745,1,749903.3792756792,1329.7814262864524,4322.786312317623,132.77583974371538,dry,0.9566720698636767,3.4709724698323807,2.977585117422381,0.0,0.0,-0.37157628027846457,1013.3777614602458,0.9806332868035681,41.49999999999765,1907.8578876111633,48.99999999999722,51.79999999999745,201.69433390955186,521.1457422150862,4697.930358352894,129.88137345564803,140.2718833320999,144169914,68.20842762235739,10.128817721830599,14.481806295645123,10.5904427947525,3.5994836174484317,11.440764926158483,29.99999999999999,4.999999999999998,126.3333333333344,-5.679999999999923,-1.2461426923139407,0.0,0.0,0.0,0.0,-0.3999999999999998,0.0,0.0,1000024
full_throttle,250.33080997056305,11.865468547739807,27.326199790341995,0.026782428161943497,6.495923340381454,54.198631573633975,0.6024271204571903,0.0099403578528827,513.8163644704,0.6944444444444444,True,SUCCESS,503,50.29999999999715,1,676208.4025341858,1327.8585553983328,4417.247173457638,338.8300818051853,dry,0.9905586167095068,0.5677840050676952,1.9819673781182034,0.0,0.0,0.14747247188165158,1011.0254756935884,0.9749330511023918,36.39999999999794,1573.3676391043114,43.19999999999755,45.29999999999715,196.95019245608796,513.8163644704,5069.051220167684,123.58917598075367,133.47631005921397,1026130777,58.043811041246094,5.690043598427626,12.505071862572114,9.180950858203653,3.5053825653339645,10.662443373697677,30.0,4.999999999999998,129.04166666666785,-5.029999999999937,-7.868559995585951,0.0,0.0,0.0,0.0,-0.3999999999999998,0.0,0.0,1000025
full_throttle,264.4798229988222,11.094334578728448,24.807823531959507,0.03307829356520188,5.275101889968478,55.29946632440564,0.4295841293194273,0.008576329331046309,528.3872057627875,0.6172839506172839,True,SUCCESS,583,58.29999999999865,1,750243.9439161093,1329.818394335237,4521.867289967469,342.1151755666655,dry,0.9953068562843373,3.208665217608785,-1.1173119440955852,0.0,0.0,3.1924735996786326,1013.2416798501656,0.9747072785248213,42.599999999997586,1979.029031595633,50.29999999999715,53.29999999999865,201.18772003389446,528.3872057627875,4659.315278125641,130.72161806239586,141.17934750738755,242566780,70.80669640630927,6.146162181147906,14.84104204275718,10.935959241749787,3.5868051514733525,11.657949467739698,30.0,4.999999999999998,125.7083333333339,-5.82999999999992,-7.973124825688975,0.0,0.0,0.0,0.0,-0.3999999999999998,0.0,0.0,1000026
full_throttle,252.34814217322372,12.534007878646802,29.109054409774934,0.027672008452162496,6.295611641230332,54.77248388493373,0.6132675303798637,0.009689922480620151,533.428489101029,0.6578947368421053,True,SUCCESS,516,51.599999999997074,1,683387.0216408541,1326.9377616625757,4618.904967783955,219.46340563823702,dry,0.9857654988751802,7.910957632655548,1.665286203034575,0.0,0.0,1.2995165766048613,1010.3591749486116,0.9778923164436976,37.29999999999789,1647.5875930233915,44.0999999999975,46.599999999997074,198.35853086538077,533.428489101029,5084.882123187125,124.53248949860266,134.4950886584909,1905761077,60.47120747381352,6.223623680224814,12.862970987588454,9.37501729058423,3.4259862034956217,11.0564808049626,30.0,4.999999999999998,128.50000000000122,-5.159999999999934,-9.00714426744686,0.0,0.0,0.0,0.0,-0.3999999999999998,0.0,0.0,1000027
full_throttle,230.02337437337002,25.35195312346883,53.68877041361141,0.034174345490878014,5.315135541280261,55.57135618646798,0.8709078900916322,0.008517887563884153,617.8383448100751,0.5494505494505495,True,SUCCESS,587,58.699999999998965,1,730706.2574362386,1322.7261585267179,4462.7578987570105,304.0355311486563,dry,0.9918654092989493,5.475449116000635,-1.7027522808419246,0.0,0.0,-1.0131879822767802,1010.2124213219148,0.9728562895199545,41.69999999999764,1930.266784230282,49.69999999999718,53.699999999998965,206.0351670104459,617.8383448100751,5119.380433842093,128.2656261150373,138.5268762042403,53609764,73.7224272484165,2.7982781188351273,14.680024131323401,10.242856895764064,3.6505179205640923,12.577329664184958,29.999999999999993,4.999999999999998,125.5416666666671,-5.869999999999919,-41.91972627238528,0.0,0.0,0.0,0.0,-0.3999999999999998,0.0,0.0,1000028
full_throttle,242.4850641550733,17.170045721596804,38.34847756850783,0.025109882227472385,6.331692339508695,54.516057327604386,0.829669921886078,0.009803921568627447,539.5933693102726,0.6578947368421053,True,SUCCESS,510,50.99999999999711,1,677296.3024558387,1325.8136714320956,4489.358796161657,258.22137324737275,dry,0.9994531241366231,3.871040254028081,-2.5624383467188463,0.0,0.0,0.058405338266020124,1012.2779162047797,0.9765012978599807,36.69999999999792,1613.2576760981985,43.499999999997534,45.99999999999711,198.84460886035959,539.5933693102726,5151.777753331925,123.5929161832984,133.48034947796228,1396605761,59.69218948741889,5.04952960704375,12.543958068727449,9.143277891522322,3.4336821068759638,11.078353631448117,29.999999999999996,4.999999999999998,128.7500000000012,-5.099999999999936,-16.7059266379644,0.0,0.0,0.0,0.0,-0.3999999999999998,0.0,0.0,1000029
full_throttle,259.9917851559878,15.89008958393997,36.43586531244431,0.038641641650733846,5.281196538496025,55.722390340855924,0.6157287671549958,0.008445945945945943,619.0728883757062,0.5494505494505495,True,SUCCESS,592,59.19999999999936,1,739475.7037825242,1322.961970355515,4397.00266524043,322.2822132154038,dry,0.985204875071397,1.997838726296381,3.0665205261201476,0.0,0.0,-1.6921392347697477,1015.0596796954331,0.9722342379935381,42.19999999999761,2001.1645203464388,50.199999999997154,54.19999999999936,206.8417034445821,619.0728883757062,5099.127350783819,128.57227411833267,138.8580560477993,1204230406,74.53958017731303,6.359757002131408,15.039418450968217,10.316296888285406,3.7137893911736075,12.61816642561552,30.000000000000004,4.999999999999998,125.3333333333336,-5.919999999999918,-16.60855651283304,0.0,0.0,0.0,0.0,-0.3999999999999998,0.0,0.0,1000030
full_throttle,271.3536326031081,4.286993294450227,9.680781488245895,0.030386897117713633,5.617938997597034,54.29587190865335,0.19432634217414316,0.00905797101449275,544.773739909612,0.6172839506172839,True,SUCCESS,552,55.19999999999687,1,719755.8277237604,1327.1263427923684,4290.985315406877,382.9805008890545,dry,0.9541639653942228,0.11764124336337822,-2.1243267171947324,0.0,0.0,-0.7948644064955719,1012.0794720938901,0.9726949438521565,39.799999999997745,1782.3883737482538,47.199999999997324,50.19999999999687,201.20337254523184,544.773739909612,4893.047987949008,127.23176611216135,137.41030740113428,457126891,66.28611807209506,10.975311994314223,14.037843505743968,10.012066805952445,3.477645938600918,11.611849392141949,30.000000000000007,4.999999999999998,127.00000000000131,-5.519999999999927,-1.1272031057418874,0.0,0.0,0.0,0.0,-0.3999999999999998,0.0,0.0,1000031
full_throttle,287.55830199278086,1.77056117190808,3.2723448640148303,0.03341314997867347,5.232624876766542,55.805699416600575,0.13278079581624777,0.008431703204047215,589.6298447438642,0.5681818181818182,True,SUCCESS,593,59.29999999999944,1,744994.314862953,1325.3387925753502,4495.67773984237,167.28992148234772,dry,0.9625831830390997,4.428186179777968,2.2427452429837214,0.0,0.0,1.1239173769593611,1011.0121109175963,0.9777790819123979,42.599999999997586,1991.479089061903,50.59999999999713,54.29999999999944,204.981851572404,589.6298447438642,4942.536442638797,129.94325037634246,140.33871040644988,1358656450,73.99182679092965,17.91289940259498,15.2373087895028,10.63057498109862,3.676731870544921,12.353847703669047,30.0,4.999999999999998,125.2916666666669,-5.929999999999918,-0.20655421222631448,0.0,0.0,0.0,0.0,-0.3999999999999998,0.0,0.0,1000032
full_throttle,260.75182197386124,5.680964602157327,11.651351751745917,0.0265874402965072,6.3367428452914,54.10082781771937,0.2926577735305463,0.009746588693957111,519.2314184094603,0.6756756756756757,True,SUCCESS,513,51.29999999999709,1,687601.0654593273,1328.0449190239294,4647.410464343452,170.86009072887404,dry,0.987269468627552,7.359723832043285,3.0392452081406693,0.0,0.0,1.9993212479318148,1013.8104371206209,0.9797326349335198,37.19999999999789,1601.848038014173,43.999999999997506,46.29999999999709,197.52485261819356,519.2314184094603,5011.368318430276,124.85371182192927,134.8420087676836,1243835238,59.61174483122674,8.238961514045323,12.90018756009835,9.412476998771638,3.456496539506297,10.876535982436591,30.000000000000004,4.999999999999998,128.62500000000122,-5.129999999999935,-1.8395814522249807,0.0,0.0,0.0,0.0,-0.3999999999999998,0.0,0.0,1000033
full_throttle,273.10296804447216,4.027410507562483,8.743076048180146,0.03265283621624807,5.764055826998879,55.343860349229516,0.16746559970596778,0.00902527075812274,579.8198839092659,0.5952380952380952,True,SUCCESS,554,55.39999999999686,1,716369.6729334954,1324.780787285205,4266.684246727496,160.95952172393368,dry,0.9683306416931391,7.960441935584849,0.8837435917071468,0.0,0.0,-1.4075821283403203,1012.9681609235662,0.9780424319545346,39.599999999997756,1802.817864597347,47.09999999999733,50.39999999999686,203.37226034760633,579.8198839092659,5094.332073750167,126.74109563672697,136.88038328766513,2095756150,67.4155377176972,11.271451378529495,14.118500218280962,9.825740786414102,3.5451918200888795,11.948312746751219,30.000000000000007,4.999999999999998,126.91666666666798,-5.539999999999926,-0.9984332899576973,0.0,0.0,0.0,0.0,-0.3999999999999998,0.0,0.0,1000034
full_throttle,268.3952949848035,3.3603244674337525,7.805628736877583,0.027772745118066034,6.225017934929471,54.441652370101906,0.17055519967544758,0.00963391136801541,582.7932927763759,0.6097560975609756,True,SUCCESS,519,51.89999999999706,1,676998.3807697223,1322.687989328118,4531.237561164618,276.978968571792,dry,0.9929335730888339,3.495007436338379,-3.171104125566077,0.0,0.0,-1.526940901333564,1014.7952007502129,0.974578904138847,36.799999999997915,1616.866504114437,43.79999999999752,46.89999999999706,201.6712323886727,582.7932927763759,5316.541975631198,123.07248318631493,132.91828184122014,1998529746,62.01003864117593,12.08767314235904,13.124646624455856,8.98628576143756,3.3875454315088227,11.665264727555986,29.999999999999996,4.999999999999998,128.37500000000122,-5.189999999999934,-0.6511593436910239,0.0,0.0,0.0,0.0,-0.3999999999999998,0.0,0.0,1000035
full_throttle,286.9412679187531,1.1391697079072662,1.4512018423629822,0.032974080104270234,5.402986063227501,55.45594447979012,0.07031044522188125,0.008635578583765109,618.8358243083447,0.5555555555555556,True,SUCCESS,579,57.89999999999833,1,730700.3850839692,1322.28703954123,4452.257287028338,68.93878468623865,dry,0.9579675980368264,0.6161294026968802,-3.120004873899219,0.0,0.0,-2.0324502113759504,1012.8633498088251,0.9795304542585902,40.99999999999768,1904.2006255141825,48.99999999999722,52.89999999999833,206.86381882178748,618.8358243083447,5160.246841416325,127.8695908750538,138.0991581450581,250211419,72.45557560069975,18.824171737185125,14.8598282959113,10.014633818404917,3.64782304605307,12.537721277604502,29.999999999999993,4.999999999999998,125.8750000000007,-5.789999999999921,-0.08348585710627006,0.0,0.0,0.0,0.0,-0.3999999999999998,0.0,0.0,1000036
full_throttle,250.2325714543664,19.191574284023798,43.20989951025964,0.03638026914169228,5.138265024139458,55.523840921739776,0.7285657718334287,0.00833333333333333,560.8645862766327,0.5813953488372093,True,SUCCESS,600,60.0,1,765334.9004541641,1328.1299527847566,4743.345756847799,63.30286280766634,dry,0.955120224159237,1.8317643211637558,3.13907325469857,0.0,0.0,0.9021355508038553,1010.2826078138851,0.9815746746154705,43.499999999997534,2054.2429861845417,51.49999999999708,55.0,204.18754596239597,560.8645862766327,4738.59067625307,131.70225142460635,142.23843153857487,197216018,74.26064797910362,4.862669733332984,15.173677335776572,11.053935387625687,3.6760774118321184,12.159998506642246,29.999999999999993,4.999999999999998,125.0,-5.9999999999999165,-24.554434899946905,0.0,0.0,0.0,0.0,-0.3999999999999998,0.0,0.0,1000037
full_throttle,-15.002152110011146,13.287849507242296,30.03539961515865,0.02035667840766893,-1.5377230027763396,55.085341270811114,1.0555145147012075,0.013020833333333329,8.53742093012346,0.0,False,RUNWAY_EXCURSION,384,38.399999999997824,1,729737.5960359679,1323.892037483526,4278.7981592385395,318.5242200855903,dry,0.9972495266406927,1.425929568090834,-1.2677686357860312,0.0,0.0,4.753205786096243,1012.5328830972396,0.9902627955822292,,,,,169.15216487297178,8.53742093012346,42.30432860744145,129.3128377609868,139.65786478186575,621450925,31.685700029033885,2.3545427418833085,8.62370891586526,10.596031898321455,0.9501609923382874,0.0,2.561226279037038,0.0,0.0,-3.839999999999962,-7.533522966490423,0.0,0.0,0.0,0.0,-0.3999999999999998,0.0,-60.0,1000038
full_throttle,220.1136733912709,25.68961464497842,56.87478826117789,0.029503581678276623,6.215266364688793,54.64916501375727,1.1004931105441962,0.009578544061302678,543.343123650156,0.6410256410256411,True,SUCCESS,522,52.19999999999704,1,694230.9112408317,1326.4450505258028,4764.15634812022,115.49341534418922,dry,0.9788502232255415,6.807632237829802,-2.0269024516073375,0.0,0.0,-0.3164003060355123,1013.0888054915199,0.9804783650916098,37.59999999999787,1634.547745375148,44.49999999999748,47.19999999999704,199.83177008658788,543.343123650156,5087.735888902461,124.99704525443563,134.9968088747905,163669195,61.5194416099167,2.4707536095947455,12.6675699740798,9.410142876931706,3.4428128132070785,11.2504179427741,30.000000000000004,4.999999999999998,128.25000000000122,-5.219999999999933,-38.277465435234376,0.0,0.0,0.0,0.0,-0.3999999999999998,0.0,0.0,1000039
full_throttle,-6.335707441818229,12.906425028503692,30.05315218299811,0.02564598966617261,-1.5887347821593993,56.08495044434751,0.978883338712917,0.0119047619047619,9.443548216572196,0.0,False,RUNWAY_EXCURSION,420,41.99999999999762,1,767824.107191793,1324.136490622422,4270.581675541288,373.22003608828095,dry,0.9788869939924613,3.5359183903293845,-2.6104312546229127,0.0,0.0,-1.350667953607208,1012.8739167771658,0.9884516665534626,,,,,179.1346826954563,9.443548216572196,45.80434467483528,131.2329927447649,141.7316321643461,384049022,37.108976015047496,4.184881442467437,9.654672697122951,11.003892601060986,1.2523429982759078,0.0,2.8330644649716614,0.0,0.0,-4.199999999999955,-7.7735376607647035,0.0,0.0,0.0,0.0,-0.3999999999999998,0.0,-60.0,1000040
full_throttle,238.83438751921238,21.50511865602954,49.044306984383134,0.029456255093958564,5.492575568427094,55.005538503756746,0.8897049973416411,0.008833922261484096,524.6232629899987,0.6329113924050633,True,SUCCESS,566,56.599999999997294,1,749374.7436879312,1329.5350576548908,4279.721381425812,188.01881092105975,dry,0.957505468654321,5.937721118946575,0.07511302568140765,0.0,0.0,-2.1430342162005456,1013.1052016324415,0.9788053655946157,41.29999999999766,1867.8323621534696,48.79999999999723,51.599999999997294,201.99996642544502,524.6232629899987,4717.236816387006,129.45276942395674,139.8089909778733,766235739,67.92222734022506,5.03776599215579,14.042279473817771,10.471380276170006,3.608533677694352,11.479766612482557,29.999999999999993,4.999999999999998,126.4166666666678,-5.659999999999924,-29.08423252000098,0.0,0.0,0.0,0.0,-0.3999999999999998,0.0,0.0,1000041
full_throttle,277.91960697493175,3.48910116964711,7.403372484147961,0.0328870781404893,5.466743295600177,55.51063170970791,0.18378038180439335,0.008726003490401393,562.4467394497984,0.5952380952380952,True,SUCCESS,573,57.29999999999785,1,743367.0084300239,1326.8593877177764,4663.070519301031,243.244759104423,dry,0.9524629018307978,0.28916468685175545,-2.617278993790998,0.0,0.0,-2.431466024455812,1014.4932215043755,0.9760891440773618,41.29999999999766,1881.6879594126287,48.99999999999722,52.29999999999785,203.94697561901518,562.4467394497984,4892.374137608918,128.77959658212256,139.0819643086924,419575447,69.98638458423717,13.195723341371703,14.641176008046989,10.316246147359728,3.619037815274766,11.941106062526485,30.000000000000004,4.999999999999998,126.1250000000009,-5.729999999999922,-0.7750669838860896,0.0,0.0,0.0,0.0,-0.3999999999999998,0.0,0.0,1000042
full_throttle,250.72790769112603,17.277975944231375,39.3500829481199,0.03504225241918965,5.763154669083131,55.36759412475529,0.7100075883077682,0.00899280575539568,606.6033872414814,0.5747126436781609,True,SUCCESS,556,55.59999999999685,1,699153.0262339544,1322.5934439023697,4416.138285694026,439.0173174970202,dry,0.9922945275087928,7.066459428392932,-0.7718188100062426,0.0,0.0,1.581368522036822,1015.6097292240529,0.9695704711559715,39.39999999999777,1792.6408661664154,46.999999999997335,50.59999999999685,203.2573092826498,606.6033872414814,5236.1074748417695,125.695937262976,135.7516122440141,1150466478,68.43092364639841,5.464524270074338,13.95190026210998,9.710697502748426,3.5209804083880285,12.217972681135121,29.999999999999996,4.999999999999998,126.83333333333465,-5.559999999999926,-18.442424413063062,0.0,0.0,0.0,0.0,-0.3999999999999998,0.0,0.0,1000043
full_throttle,250.50654630965164,11.498057253823907,26.394252924808807,0.026064601145306694,6.530632119754416,54.28619875453649,0.568323151675335,0.009999999999999997,516.7606341053996,0.6944444444444444,True,SUCCESS,500,49.999999999997165,1,679374.9122915516,1327.4246883996623,4718.624749067369,56.93773100163202,dry,0.9516987964401216,3.303491045869322,-1.560506621460382,0.0,0.0,-0.30205180846513446,1014.1245394671297,0.9829334940573977,36.19999999999795,1565.7366012262557,42.89999999999757,44.999999999997165,198.08429566262714,516.7606341053996,5101.241795425283,123.59231385927299,133.47969896801484,1968005468,57.68454314926187,5.70590107117061,12.43863128758162,9.069937565197206,3.513573002850018,10.672033600934315,29.999999999999996,4.999999999999998,129.16666666666785,-4.999999999999938,-7.344740034011807,0.0,0.0,0.0,0.0,-0.3999999999999998,0.0,0.0,1000044
full_throttle,303.4032357606169,0.5809882146947282,1.0311653630412427,0.0413683108590106,4.733111310010744,56.54241935804767,0.058308169090828955,0.0077399380804953535,659.7232942927576,0.5050505050505051,True,SUCCESS,646,64.60000000000366,1,768427.8235033089,1322.111614959173,4745.536769276884,100.33170533226755,dry,0.9685586919855046,1.6437116453292733,-2.4482991066411466,0.0,0.0,4.100261881315737,1013.8953681084414,0.9779218024030667,47.09999999999733,2391.0001371582307,54.79999999999689,59.60000000000366,209.36145487605143,659.7232942927576,5032.980044717352,132.4595309872493,143.05629346622925,886957890,84.60158210818618,22.19158572066882,16.793318567484437,11.325806525425236,3.931338567768468,13.3604993332438,29.999999999999996,4.999999999999998,123.08333333333181,-6.459999999999907,-0.02422839549186134,0.0,0.0,0.0,0.0,-0.3999999999999998,0.0,0.0,1000045
full_throttle,269.8308583104475,1.856868449776912,3.5575693626531137,0.025566892567905026,6.21657983482826,54.02695153463295,0.10705069639947767,0.009689922480620151,521.2805395919008,0.6666666666666666,True,SUCCESS,516,51.599999999997074,1,688979.0274273284,1327.7082416208004,4325.442793047362,287.78145003306054,dry,0.9968949371513273,4.2872076791651565,0.20356829596886428,0.0,0.0,0.8658686713998094,1012.5760596726473,0.9762404024817476,37.39999999999788,1623.8522857606113,44.199999999997495,46.599999999997074,197.89438012249101,521.2805395919008,4997.056360455749,124.81040862647342,134.7952413165913,1063092397,60.13817323271664,15.116749794930985,13.014251711421316,9.447666673830227,3.4226757568096944,10.94902420595133,30.0,4.999999999999998,128.50000000000122,-5.159999999999934,-0.19768306521387644,0.0,0.0,0.0,0.0,-0.3999999999999998,0.0,0.0,1000046
full_throttle,273.4086784549819,4.123480626046377,8.48624381878121,0.03161566821211208,5.718228645838183,55.215599148652075,0.19630941533502153,0.009009009009009005,587.6258291096939,0.5882352941176471,True,SUCCESS,555,55.49999999999685,1,712121.6390511302,1324.0007538411555,4557.079936747461,313.1850156620416,dry,0.9984440893729386,5.679736669595289,0.5535522237251311,0.0,0.0,-1.810359273354492,1012.844842777853,0.973384542176631,39.49999999999776,1802.9470301314232,47.09999999999733,50.49999999999685,203.58405380311197,587.6258291096939,5129.211187158437,126.2836587203534,136.38635141798167,33590794,67.77772473650539,11.288374186212653,14.140185571256303,9.744926273204621,3.536294656998353,12.044697066661554,30.000000000000004,4.999999999999998,126.87500000000131,-5.549999999999926,-1.0485240358584234,0.0,0.0,0.0,0.0,-0.3999999999999998,0.0,0.0,1000047
full_throttle,254.61076865682642,12.650654114694506,26.028577663040288,0.028506408861860223,6.057426051141305,54.72118795583375,0.49235009578731465,0.00934579439252336,599.9768369855261,0.5882352941176471,True,SUCCESS,535,53.499999999996966,1,689086.3617529102,1322.3248333813847,4415.765274298194,178.10232101599533,dry,0.9794154267385865,6.612580708476983,-0.5986565270828677,0.0,0.0,-1.6159267978558258,1010.6756746791243,0.9769343790569063,37.79999999999786,1683.895790466574,45.09999999999744,48.499999999996966,202.83820404088516,599.9768369855261,5305.616016309643,124.39984656212687,134.35183428709703,1561966117,64.83886358719921,4.1039055122323305,13.4868764476067,9.294331483185001,3.4415721455053996,12.00031853646932,29.999999999999996,4.999999999999998,127.7083333333346,-5.34999999999993,-9.51343238870621,0.0,0.0,0.0,0.0,-0.3999999999999998,0.0,0.0,1000048
full_throttle,251.85321474792465,15.826294713606696,34.7393876855439,0.027860432743969706,5.535899050737578,54.18813338586242,0.6603584634994862,0.008928571428571425,518.6744166637002,0.6410256410256411,True,SUCCESS,560,55.999999999996824,1,733201.9423179913,1329.783572992383,4599.543093144856,402.9110481628346,dry,0.9961356780351326,5.282843274714748,2.3596972794210327,0.0,0.0,1.142108263306448,1011.5598319995737,0.973054672755299,40.89999999999768,1856.1884084986011,48.29999999999726,50.999999999996824,199.69368424407924,518.6744166637002,4705.960081999407,128.87987197926114,139.19026173760204,1117555178,66.84194664516984,5.499919452218117,14.0367026526235,10.473971794817215,3.5367862338596026,11.382121129533184,30.000000000000007,4.999999999999998,126.666666666668,-5.599999999999925,-15.584899826964863,0.0,0.0,0.0,0.0,-0.3999999999999998,0.0,0.0,1000049
full_throttle,228.80922715654253,24.601374487712476,54.193585604549455,0.028567861423784317,5.367666963194497,54.22860278476251,0.9818349643251624,0.008802816901408448,503.179901655045,0.6493506493506493,True,SUCCESS,568,56.79999999999745,1,744719.264305214,1331.053945038209,4586.833799355934,256.2295342079315,dry,0.9955907432228758,3.7272904926021715,2.2529049212834202,0.0,0.0,4.276493392856328,1015.2409287245653,0.9779317466269296,41.69999999999764,1881.7281323616626,49.19999999999721,51.79999999999745,199.49224295476034,503.179901655045,4580.530733625492,130.35295499318258,140.7811913926372,59436415,67.80277453287195,4.3335369042898035,13.971278150110159,10.82437423169798,3.5482005114583224,11.27231748799008,29.999999999999996,4.999999999999998,126.3333333333344,-5.679999999999923,-38.196587995210315,0.0,0.0,0.0,0.0,-0.3999999999999998,0.0,0.0,1000050
full_throttle,-5.717531063875697,13.539809879365672,30.034256718978263,0.023603317893598756,-1.5784413187663555,55.93268069879574,0.8613628676844141,0.011682242990654202,11.315032479788897,0.0,False,RUNWAY_EXCURSION,428,42.799999999997574,1,754726.3126687251,1324.1290533368106,4513.785824714287,127.73056475056288,dry,0.9566507126160568,2.8989014321558226,-0.5525208948058209,0.0,0.0,1.0755670215952833,1014.6060222931018,0.9956042399478262,,,,,184.66780320969414,11.315032479788897,70.25885323521806,130.54647682023503,140.99019496585385,915703938,39.255465505547605,2.9843259320772817,9.991834306999138,10.7439510652234,1.3105736347501158,0.0,3.3945097439366694,0.0,0.0,-4.279999999999953,-8.718191252409959,0.0,0.0,0.0,0.0,-0.3999999999999998,0.0,-60.0,1000051
full_throttle,255.186204390285,17.13763230107025,36.14884910243955,0.03336041744406702,5.107692232122061,55.24437239996848,0.5943938211601932,0.008347245409015023,583.8522717328844,0.5617977528089888,True,SUCCESS,599,59.89999999999992,1,759980.2967192855,1326.06487710388,4408.617064601683,221.01117564245726,dry,0.959906098192629,3.008713806460201,-1.8598562968668948,0.0,0.0,-1.9780938981562564,1012.5720708417581,0.9761467090788847,43.09999999999756,2033.566746153959,51.0999999999971,54.89999999999992,205.89516631759372,583.8522717328844,4857.242691604379,130.43750395582745,140.87250427229367,740645279,74.71394233558371,4.342631144000513,15.216062600755738,10.738486926584795,3.673751209670981,12.39692640603633,30.00000000000001,4.999999999999998,125.0416666666667,-5.989999999999917,-19.54726289901392,0.0,0.0,0.0,0.0,-0.3999999999999998,0.0,0.0,1000052
full_throttle,260.3787848416373,15.532949369084577,32.55941239169312,0.0346736408891259,5.018507401636967,55.38473276472457,0.5263975133002498,0.008223684210526314,583.6527327408864,0.5617977528089888,True,SUCCESS,608,60.80000000000064,1,762571.4826722422,1326.4594704432996,4259.647724530404,383.7922933645765,dry,0.9993895017436268,4.4124734985667615,0.5351749857535224,0.0,0.0,-0.7301120566492827,1012.2801305302094,0.9715782811400279,43.79999999999752,2053.4078428203215,51.99999999999705,55.80000000000064,205.49311313272656,583.6527327408864,4817.792373668944,130.96315197544618,141.44020413348187,927580550,76.17954338661568,4.635721391621759,15.509919574037527,10.967259800611963,3.744009850232801,12.45496303744535,30.000000000000004,4.999999999999998,124.6666666666664,-6.079999999999915,-16.29929886559416,0.0,0.0,0.0,0.0,-0.3999999999999998,0.0,0.0,1000053
full_throttle,275.0052757602732,4.1883403797148455,10.161608121218363,0.0335789667429746,5.736516380647951,54.9472455963415,0.2395972964414309,0.008944543828264755,599.7630216398809,0.5747126436781609,True,SUCCESS,559,55.89999999999683,1,711904.9477521358,1323.5918518149651,4270.200531828003,417.28511688743765,dry,0.9789228327592788,7.526923843255024,3.1022992523683395,0.0,0.0,-1.090158057419588,1015.2401404403905,0.9701063004294022,39.69999999999775,1783.7550104161048,47.29999999999732,50.89999999999683,203.50193520609383,599.7630216398809,5158.82057709782,126.27390852557,136.37582120761562,1202131065,68.56449707694468,12.03276228870349,14.257582153195461,9.781062435510975,3.519094191409096,12.22150951242146,30.0,4.999999999999998,126.70833333333465,-5.589999999999925,-1.0895652312466213,0.0,0.0,0.0,0.0,-0.3999999999999998,0.0,0.0,1000054
full_throttle,278.11080088169643,2.9169409274164484,7.567085268665038,0.03114977655222758,5.586199817941005,55.52603814484189,0.18328771578238967,0.008865248226950352,554.362279132578,0.6097560975609756,True,SUCCESS,564,56.399999999997135,1,724580.3219320435,1327.1311832555455,4751.666355320316,385.1471012977687,dry,0.9747679628772806,1.560904193957028,2.1784963101889367,0.0,0.0,2.2573488425354737,1015.6284855134394,0.9726621457095995,40.699999999997694,1849.4717304479332,48.29999999999726,51.399999999997135,201.58093389073508,554.362279132578,4910.922003879281,128.10922955607882,138.35796792056513,1988511422,68.42413627145498,14.776277535721903,14.38404228709245,10.283845572880747,3.5559804471691843,11.759720881482227,30.00000000000001,4.999999999999998,126.5000000000012,-5.639999999999924,-0.5332021141063267,0.0,0.0,0.0,0.0,-0.3999999999999998,0.0,0.0,1000055
full_throttle,224.49537433763575,27.000555993946637,59.90522597455354,0.036412974577344916,5.271935688105297,55.23997290245733,0.987916322867895,0.008503401360544215,609.3312250980948,0.5555555555555556,True,SUCCESS,588,58.799999999999045,1,732177.5795928726,1323.4930761862597,4373.591077634717,386.1426596937486,dry,0.9992999498383947,5.628115160364589,-3.4380342461010516,0.0,0.0,-0.34920193268102206,1010.5586210572278,0.9708051343651295,41.899999999997625,1956.1943219561183,49.89999999999717,53.799999999999045,205.2759490192085,609.3312250980948,5058.871893503449,128.52104302183463,138.80272646358142,1214157235,73.63604582835158,3.104228981326506,14.63103239464277,10.357419223093487,3.64369493668001,12.532914540381174,30.000000000000007,4.999999999999998,125.5000000000004,-5.879999999999919,-47.629961566840215,0.0,0.0,0.0,0.0,-0.3999999999999998,0.0,0.0,1000056
full_throttle,230.70894600909492,22.281572869556648,48.327584913714304,0.024968988456539498,5.87345356824694,54.51951193488405,0.9602389041667779,0.00934579439252336,478.2843126559255,0.704225352112676,True,SUCCESS,535,53.499999999996966,1,721770.0386180521,1331.837208757379,4304.199869029869,42.63359677588552,dry,0.9592547370213682,0.023276543547310347,-1.0055451533876392,0.0,0.0,3.793858753865198,1011.1668892371766,0.9846883131666471,39.49999999999776,1737.948430884864,46.499999999997364,48.499999999996966,197.0612807270891,478.2843126559255,4653.32277342178,128.48086864673306,138.75933813847172,427700191,62.136537308570055,3.648403921803722,13.098557426815772,10.255782544975053,3.5269588754358887,10.596666143118632,30.0,4.999999999999998,127.7083333333346,-5.34999999999993,-29.512293544958794,0.0,0.0,0.0,0.0,-0.3999999999999998,0.0,0.0,1000057
full_throttle,242.82437597498998,15.847242624205743,35.166278835685176,0.027711307974869624,6.458815766990176,54.172943211890214,0.7118282833316308,0.009920634920634917,541.505589720658,0.6578947368421053,True,SUCCESS,504,50.39999999999714,1,673429.9480391985,1325.5698714315934,4437.716913813255,60.22960106151787,dry,0.9837073944916699,3.1173751387307354,-3.5067577514004613,0.0,0.0,0.351284774002953,1011.9687537470935,0.9821589475873381,36.19999999999795,1564.1213509037502,42.89999999999757,45.39999999999714,198.79570852060598,541.505589720658,5193.711382418389,123.32108139353717,133.18676790502016,231982805,58.791840066532295,3.6108129080657876,12.48641999932692,8.994774461013614,3.3979636869068894,11.046130385407997,30.000000000000007,4.999999999999998,129.0000000000012,-5.039999999999937,-14.063565532264835,0.0,0.0,0.0,0.0,-0.3999999999999998,0.0,0.0,1000058
full_throttle,241.2350638203722,16.33490932062684,38.149707661118526,0.025135816942819997,6.344547837113381,54.22424672654869,0.8731275793097105,0.010040160642570278,477.81127174681103,0.7246376811594203,True,SUCCESS,498,49.799999999997176,1,681870.4528586328,1330.6100546116754,4437.993626387737,93.78467827162007,dry,0.9765519716446994,3.023350626704003,-1.623959609621346,0.0,0.0,3.254078225848602,1010.3006884491667,0.9832041029891098,34.09999999999807,1370.975106905458,42.99999999999756,44.799999999997176,194.59515694580872,477.81127174681103,4821.191552096735,124.81713546359133,134.80250630067863,871306313,56.44939170485368,5.258554796314542,12.178822794843239,9.418673223439546,3.3301110096835758,10.494062816961437,29.999999999999993,4.999999999999998,129.25000000000117,-4.979999999999938,-14.764552525724955,0.0,0.0,0.0,0.0,-0.3999999999999998,0.0,0.0,1000059
full_throttle,266.1502643699124,9.489902406475315,22.305150969407777,0.0333785178379529,5.719546569778734,55.113084944806,0.43264472759055433,0.008960573476702505,590.922897431957,0.5813953488372093,True,SUCCESS,558,55.799999999996835,1,723338.1732773824,1324.1569418124172,4452.449598033417,62.75381479337133,dry,0.9661789881839307,6.324993972141811,2.7179120616584616,0.0,0.0,-2.730725657000346,1015.1986091236705,0.9804697211740344,39.69999999999775,1819.0894790259624,47.29999999999732,50.799999999996835,204.69817338304793,590.922897431957,5116.586950060367,126.92220882249832,137.0759855282982,1241392385,68.24832054820399,8.08354421700413,14.166330021620434,9.78488242462001,3.5575013592420253,12.123297155654612,30.000000000000007,4.999999999999998,126.75000000000132,-5.5799999999999255,-5.583611356434408,0.0,0.0,0.0,0.0,-0.3999999999999998,0.0,0.0,1000060
full_throttle,261.9244257166207,6.95401037961283,17.0551898890193,0.023920880735681913,6.006719701974312,54.536115696981945,0.40691199492630614,0.009523809523809521,491.6733710093597,0.6944444444444444,True,SUCCESS,525,52.49999999999702,1,719748.4010483717,1330.253327854025,4328.58149125204,26.1780582211939,dry,0.9643866428670004,6.125784703282254,3.4576905562568854,0.0,0.0,-2.132276424100291,1013.2620326275241,0.9844602369944461,38.49999999999782,1706.063964022955,45.399999999997426,47.49999999999702,199.10004004524782,491.6733710093597,4781.09539173841,126.86059078918404,137.00943805231879,1926508577,60.89789497274875,9.163412224281581,13.200074460237,9.788612494295677,3.5449288559585233,10.675401230084045,29.999999999999996,4.999999999999998,128.12500000000125,-5.2499999999999325,-2.8208985209861734,0.0,0.0,0.0,0.0,-0.3999999999999998,0.0,0.0,1000061
full_throttle,255.48149362229276,11.94526366242942,27.07726603566305,0.02757570629386454,6.097571397758836,54.801073327884204,0.5221932230836096,0.009487666034155594,577.2010424149121,0.6097560975609756,True,SUCCESS,527,52.69999999999701,1,689936.8483024895,1323.5093337183584,4274.222067673233,12.00156013464454,dry,0.9589909667063564,7.418861049437081,-2.6483239951368085,0.0,0.0,-0.38260329373305346,1014.781659721792,0.9824831181726064,37.499999999997875,1659.7277317986832,44.59999999999747,47.69999999999701,202.25719246039523,577.2010424149121,5239.44725514287,124.49157075532375,134.45089641574967,1750886328,63.1673777118184,5.723743952049262,13.247184957942407,9.219583695227335,3.429593316670182,11.67759595853192,30.0,4.999999999999998,128.0416666666679,-5.269999999999932,-8.355252636614685,0.0,0.0,0.0,0.0,-0.3999999999999998,0.0,0.0,1000062
full_throttle,-6.975361452155923,12.68377349301594,30.131910370464514,0.021423279802669826,-1.5203981057117855,55.323180429851796,1.0129345204218594,0.012135922330097084,9.939164581567013,0.0,False,RUNWAY_EXCURSION,412,41.199999999997665,1,746663.8202152603,1326.1511378902758,4249.630115808576,290.9748097741006,dry,0.9982705327780687,5.315857283224447,-1.5749487884140438,0.0,0.0,1.183999070453913,1013.0122257123118,0.9909067922822948,,,,,179.01967675859555,9.939164581567013,56.85214804447625,129.97377493277907,140.3716769274014,1216467400,36.38921908596432,4.156963856421716,9.457006864799537,10.704866750708103,1.2194749853824303,0.0,2.9817493744701054,0.0,0.0,-4.119999999999957,-7.364642369902125,0.0,0.0,0.0,0.0,-0.3999999999999998,0.0,-60.0,1000063
full_throttle,256.0059411802108,16.956348557380572,35.73288589263076,0.032763815435318505,5.160374294954563,54.9557477751242,0.6033822301297995,0.008403361344537811,608.7214855656334,0.5494505494505495,True,SUCCESS,595,59.4999999999996,1,738967.0178765618,1323.8613945700147,4515.118625392273,434.69116832827183,dry,0.9605218174856267,2.4791479993923415,0.5786439350598944,0.0,0.0,0.531287884015585,1014.6523579626851,0.9695219610181264,42.3999999999976,1996.6907474076665,50.49999999999714,54.4999999999996,205.53703675656132,608.7214855656334,5008.786790809794,129.05177946731416,139.3759218246993,1174556340,74.73903384230763,4.534607596104645,15.117257368992652,10.508698760612761,3.6470562678904157,12.609072350705992,30.000000000000014,4.999999999999998,125.2083333333335,-5.949999999999918,-19.008118339736928,0.0,0.0,0.0,0.0,-0.3999999999999998,0.0,0.0,1000064
full_throttle,271.08063171005875,7.105679721647838,14.056278962783425,0.030057984226961418,5.194668838055813,54.90655820057748,0.2877359779146983,0.008561643835616436,538.7330362690266,0.6024096385542169,True,SUCCESS,584,58.39999999999873,1,759328.0996857184,1328.7733602540043,4532.438948378965,294.38820681441973,dry,0.9627003387765569,6.528941678708091,2.707612589511882,0.0,0.0,-1.7954557971593745,1012.8938869630615,0.9753440474761461,42.49999999999759,1967.025684679224,50.199999999997154,53.39999999999873,203.253502219765,538.7330362690266,4691.07126324942,130.4024009647346,140.83459304191337,428517443,71.15417549119923,7.6513808015723646,14.921492976488866,10.77610026428974,3.6114867687411336,11.815613144997554,30.000000000000004,4.999999999999998,125.6666666666672,-5.83999999999992,-3.276284403897354,0.0,0.0,0.0,0.0,-0.3999999999999998,0.0,0.0,1000065
full_throttle,260.95367004232713,14.968243164247577,31.856628230435064,0.03493318776365436,5.1376457767812,55.67269199510442,0.5805788767622477,0.008375209380234503,574.4488953154024,0.5747126436781609,True,SUCCESS,597,59.69999999999976,1,745615.1037438193,1326.5506445220817,4442.657116636882,295.3612879086355,dry,0.9740255059216962,2.946453403151067,0.875012106088989,0.0,0.0,4.373196157450705,1012.7179231599473,0.974828645946764,42.99999999999756,2035.061622465625,51.0999999999971,54.69999999999976,203.49981967076587,574.4488953154024,4843.154311074433,130.61529705847136,141.06452082314908,760190541,74.2731019971732,5.78415818647361,15.180072604574088,10.94045661054569,3.6355353032254656,12.24721613412989,29.999999999999996,4.999999999999998,125.1250000000001,-5.969999999999917,-14.861870793794942,0.0,0.0,0.0,0.0,-0.3999999999999998,0.0,0.0,1000066
full_throttle,259.45622508900783,7.545054564965384,17.46020889357124,0.02397306034713625,6.08016843075575,53.61285322803161,0.3702395200567512,0.009652509652509649,510.9913982363166,0.6756756756756757,True,SUCCESS,518,51.79999999999706,1,682746.6124544442,1328.2914123394512,4633.937944585359,474.47489327093945,dry,0.9842032649406641,3.1098824734858814,3.6877568261156,0.0,0.0,4.827648050215183,1013.8620750279352,0.9715779995970913,37.699999999997864,1656.4258689361197,44.49999999999748,46.79999999999706,196.42603444192335,510.9913982363166,4924.924023679657,125.01391885203488,135.01503236019767,500427198,60.32850231267482,7.690276225166409,13.01520085155723,9.602849823575346,3.403716512315948,10.855526637621477,30.0,4.999999999999998,128.41666666666788,-5.179999999999934,-3.2765139405713324,0.0,0.0,0.0,0.0,-0.3999999999999998,0.0,0.0,1000067
full_throttle,248.2434279183273,17.050444154558086,37.85052562592554,0.029563756572298715,5.83602072114079,54.960958399239,0.6675304030930307,0.009124087591240873,584.8887597729148,0.5882352941176471,True,SUCCESS,548,54.79999999999689,1,700213.2315046055,1324.1175220517218,4387.949779679619,79.04956152921355,dry,0.9534901159514111,5.924383517187492,1.5484854369525833,0.0,0.0,4.1759141229931265,1015.8015412956747,0.980632779298352,38.99999999999779,1764.9491125604673,46.39999999999737,49.79999999999689,202.034487103757,584.8887597729148,5153.324074363599,126.34124965452912,136.44854962689146,878246290,66.62789055996721,4.13074780865525,13.75410482730784,9.759320685392584,3.4245749000572445,11.961596907557132,29.999999999999996,4.999999999999998,127.16666666666796,-5.479999999999928,-17.701474437277987,0.0,0.0,0.0,0.0,-0.3999999999999998,0.0,0.0,1000068
full_throttle,225.55031068868936,25.50548928463718,55.31531914237399,0.030962915761741372,5.630577317013748,54.37628835170818,0.9883114278836882,0.00902527075812274,570.2071040676796,0.5952380952380952,True,SUCCESS,554,55.39999999999686,1,713409.8749535391,1325.2831988984751,4760.876764617701,36.55262933317294,dry,0.9648859725662182,5.550799219305227,3.790243001434781,0.0,0.0,2.0547893562347115,1011.3735298023892,0.9821235982463947,39.599999999997756,1774.2786942179978,47.09999999999733,50.39999999999686,202.25740880632176,570.2071040676796,5017.660278895185,127.34058531863447,137.52783214412523,901928225,67.2508484537539,3.432305597936522,13.6202746584126,9.947822098388608,3.4570779968577665,11.909049765716814,30.0,4.999999999999998,126.91666666666798,-5.539999999999926,-40.043734549044764,0.0,0.0,0.0,0.0,-0.3999999999999998,0.0,0.0,1000069
full_throttle,263.44570939373375,10.786663012385107,25.293100595621958,0.03345684811841328,5.727521294620483,55.22276054738385,0.5114817223455926,0.008960573476702505,580.802225489543,0.5882352941176471,True,SUCCESS,558,55.799999999996835,1,718064.172473164,1324.9649438210165,4347.045408095608,415.4126143905465,dry,0.9925482829389671,4.823540521494179,1.4711769541971185,0.0,0.0,-1.6229922724920032,1015.2820127833003,0.9706564565006631,39.89999999999774,1804.2367436824827,47.39999999999731,50.799999999996835,203.00212257504407,580.802225489543,5072.4634950434065,126.69861063945083,136.8344994906069,1461975460,67.97571653736519,7.348294220772387,14.132865080926598,9.895252247676,3.534063300452614,12.003348140990466,29.999999999999993,4.999999999999998,126.75000000000132,-5.5799999999999255,-7.2138301344509355,0.0,0.0,0.0,0.0,-0.3999999999999998,0.0,0.0,1000070
full_throttle,254.91354987797888,4.534119194297635,8.515513338750713,0.0210655026388739,6.54135079258074,53.970337837156464,0.19941251006779687,0.010395010395010392,473.5471661864831,0.7246376811594203,True,SUCCESS,481,48.09999999999727,1,675761.8519419259,1330.7549598236985,4774.541411826825,235.0804104331023,dry,0.9615215299281713,2.910746920985451,2.8576444486425725,0.0,0.0,-2.5213605943088817,1010.6758813820452,0.9788773332330621,32.69999999999815,1262.1120892885892,41.29999999999766,43.09999999999727,193.9233725011404,473.5471661864831,4815.512019210893,122.99644171690882,132.83615705426152,240919579,53.53974424167247,8.051772773227636,11.981910057005077,8.989271989330858,3.170058158652124,10.53118287292903,29.999999999999996,4.999999999999998,129.95833333333448,-4.809999999999942,-1.098723548172807,0.0,0.0,0.0,0.0,-0.3999999999999998,0.0,0.0,1000071
full_throttle,285.97062448291854,4.497750924692285,11.358858366210015,0.03637724236592091,5.0924857536570585,55.983305139624505,0.24999141280436998,0.008210180623973724,630.9147949792188,0.5376344086021505,True,SUCCESS,609,60.900000000000716,1,746632.8352859707,1322.580030155147,4663.233927231003,424.0230414873751,dry,0.9724401867266391,5.377492550799919,-0.576760726458474,0.0,0.0,-1.1909266759562245,1011.8024326078678,0.9690238142353703,43.59999999999753,2095.631938240559,51.69999999999707,55.900000000000716,207.46080535528762,630.9147949792188,5083.160565014017,129.5139207403897,139.8750343996209,1712401472,77.6627103698324,13.585235075715017,15.69464963263738,10.622362892812001,3.8205731747732172,12.818973992567336,30.000000000000004,4.999999999999998,124.6249999999997,-6.089999999999915,-1.368880655418591,0.0,0.0,0.0,0.0,-0.3999999999999998,0.0,0.0,1000072
full_throttle,276.8683292527249,3.278271237960776,8.639023924090257,0.031944111062354494,5.488915380730998,54.9063528134054,0.22644824434350447,0.008818342151675481,520.877491903117,0.6329113924050633,True,SUCCESS,567,56.699999999997374,1,745583.2088436754,1329.9134546748471,4399.263164263755,430.58644575665573,dry,0.9683518070939078,3.985659241528512,3.579324807791983,0.0,0.0,-1.8600827210548587,1011.3613531896021,0.9719247481066137,41.399999999997654,1894.9104308001226,48.89999999999723,51.699999999997374,200.9520101348691,520.877491903117,4692.939263818393,129.30005097148265,139.64405504920126,1750374288,67.96326064126828,14.257647961556678,14.444979132669609,10.544270590655419,3.583855037937313,11.446380814143675,29.99999999999999,4.999999999999998,126.3750000000011,-5.6699999999999235,-0.6770649255073754,0.0,0.0,0.0,0.0,-0.3999999999999998,0.0,0.0,1000073
full_throttle,246.6058007997358,19.94566405233565,45.87471549391051,0.032866305806569525,5.123525684151238,55.245770746204144,0.8266369800172714,0.008474576271186437,526.1359407211992,0.6172839506172839,True,SUCCESS,590,58.999999999999204,1,763326.078530477,1329.9285938184573,4513.721169338567,258.6097128475546,dry,0.956823139769814,3.9661680678497886,1.7091991202823604,0.0,0.0,0.6907946455421419,1010.580802889088,0.9769469955980667,43.19999999999755,1999.4620763305634,50.99999999999711,53.999999999999204,202.31143949098612,526.1359407211992,4605.75428950732,131.46180190957497,141.97874606234097,2000555370,71.86123735044686,5.466735682861965,14.806161753987018,11.0886258650696,3.6456563891812457,11.700651930221413,30.0,4.999999999999998,125.416666666667,-5.899999999999919,-26.07993483869938,0.0,0.0,0.0,0.0,-0.3999999999999998,0.0,0.0,1000074
full_throttle,259.69969702554437,10.661800626719554,23.28369537159135,0.02862826942950859,5.99724785505805,55.13607676734665,0.49035405615055083,0.009276437847866416,565.7393985423839,0.6172839506172839,True,SUCCESS,539,53.89999999999694,1,696488.8342481989,1325.4194318847863,4624.299652824786,144.28357940355662,dry,0.9865713206833573,5.085796599261417,-3.430720857562471,0.0,0.0,2.8637542643089766,1011.1696643600893,0.9792355273277332,38.59999999999781,1736.7514837422063,45.8999999999974,48.89999999999694,200.50844874010446,565.7393985423839,5113.5358544012115,126.00930266962405,136.090046883194,2131335548,64.72639231663833,6.642278743201809,13.586040827413909,9.68100883044392,3.4643242483414896,11.655794505449265,29.99999999999999,4.999999999999998,127.54166666666794,-5.3899999999999295,-6.807809112612394,0.0,0.0,0.0,0.0,-0.3999999999999998,0.0,0.0,1000075
full_throttle,244.12652184067798,17.527764453263142,37.27752291741701,0.026390386420027816,5.664609625880606,54.32197136298671,0.7364468608992568,0.009140767824497254,480.4373624074204,0.6944444444444444,True,SUCCESS,547,54.6999999999969,1,727587.739648732,1331.9914692288885,4453.172621506664,494.7040660416905,dry,0.9565680154504236,1.6027372085734797,-3.590701557424957,0.0,0.0,2.655800799486439,1011.4441503513152,0.9716781870322249,40.499999999997705,1821.8581008169217,47.5999999999973,49.6999999999969,197.03393655647224,480.4373624074204,4588.575103018347,128.7283054923886,139.0265699317797,1910877506,63.98780987560375,4.030744176398882,13.614029402852093,10.514054915944126,3.5595108976566445,10.754341696754881,30.000000000000004,4.999999999999998,127.20833333333462,-5.469999999999928,-18.67230245786711,0.0,0.0,0.0,0.0,-0.3999999999999998,0.0,0.0,1000076
full_throttle,268.9270833992961,10.288394230630088,21.56310464666834,0.03533914183993198,5.35305854206853,55.331437450392414,0.3752626719724485,0.008517887563884153,611.4672286824136,0.5555555555555556,True,SUCCESS,587,58.699999999998965,1,723432.5583194422,1323.654790610669,4663.508535843074,337.9474204431138,dry,0.9591395936006684,1.5631883017285002,0.973169871524497,0.0,0.0,4.967021561440832,1015.357991225161,0.9726261190369944,41.79999999999763,1962.7795905278351,49.799999999997176,53.699999999998965,204.11897250784858,611.4672286824136,5081.640927892715,128.62066075223456,138.91031361241332,1187389009,73.55101758336741,6.405098671181778,15.00908109423982,10.442651542741931,3.6146974611249107,12.536711466743443,30.000000000000007,4.999999999999998,125.5416666666671,-5.869999999999919,-6.903841086770472,0.0,0.0,0.0,0.0,-0.3999999999999998,0.0,0.0,1000077
full_throttle,269.36471685966586,6.307383420884393,13.43252212038548,0.03142689244866965,5.651077026751461,54.748440652614505,0.33075249501257553,0.009009009009009005,566.9787167078491,0.6024096385542169,True,SUCCESS,555,55.49999999999685,1,715571.467280424,1325.585028560005,4725.6051376255045,252.86129169816385,dry,0.9608249327722771,7.630198837045449,-0.4486121585141025,0.0,0.0,0.2717027994905399,1011.3751574308266,0.9758914205530125,39.799999999997745,1815.0957244286035,47.29999999999732,50.49999999999685,202.0895887113488,566.9787167078491,5006.052239350718,127.14085338831336,137.31212165937845,2065440987,67.2810134595108,9.16601832820108,14.103059264002434,9.979691021957294,3.5059116281096028,11.857313437662723,29.999999999999993,4.999999999999998,126.87500000000131,-5.549999999999926,-2.4532902797795852,0.0,0.0,0.0,0.0,-0.3999999999999998,0.0,0.0,1000078
full_throttle,274.14793079323215,6.670538056474505,13.160811003799491,0.036275956292577516,5.265345686862473,55.690873686116696,0.2698732431584588,0.008445945945945943,566.2071306666013,0.5813953488372093,True,SUCCESS,592,59.19999999999936,1,762320.8045134061,1327.4511599926418,4329.647221027397,124.78476933252864,dry,0.995161051573871,7.258293477470171,1.1986206704682734,0.0,0.0,-1.197998227429161,1014.9849407036673,0.9795080298831134,42.799999999997574,1999.6366824124605,50.699999999997125,54.19999999999936,204.79934582935186,566.2071306666013,4809.711024621359,130.66055643310233,141.11340094775053,1785941116,73.05712631054688,8.278114832682649,15.170013921761075,10.739934125592523,3.675153998349115,12.141107399190847,29.99999999999999,4.999999999999998,125.3333333333336,-5.919999999999918,-2.926853128224644,0.0,0.0,0.0,0.0,-0.3999999999999998,0.0,0.0,1000079
full_throttle,252.66306457676646,12.058748355518473,26.011571392551502,0.02802585884371256,6.265058365750488,54.81273950552464,0.5715491516877853,0.00963391136801541,526.4169713183802,0.6666666666666666,True,SUCCESS,519,51.89999999999706,1,683072.3812159783,1327.7012006995878,4271.450335292883,426.41432154964104,dry,0.9741855196875999,1.9479000913514088,2.8518951415760987,0.0,0.0,2.599151791519339,1010.1396045954301,0.9723046092108278,37.59999999999787,1651.9292000560527,44.49999999999748,46.89999999999706,197.1914015263722,526.4169713183802,5031.736906153134,124.79657857273111,134.7803048585496,1258525138,60.73630124337791,5.591296649046236,12.959908780353254,9.52580605058824,3.4495008123061317,11.000757794092584,30.0,4.999999999999998,128.37500000000122,-5.189999999999934,-8.385506752999158,0.0,0.0,0.0,0.0,-0.3999999999999998,0.0,0.0,1000080
full_throttle,240.99634171134517,20.093578435012898,43.74987978310949,0.029771043177023882,5.442785213168915,54.41594002798882,0.8298852908202792,0.008896797153024908,500.0647920661659,0.6578947368421053,True,SUCCESS,562,56.199999999996976,1,758940.745625345,1330.9830755907997,4494.3136725635895,8.169742562952887,dry,0.965831623417833,0.13802058044954002,-1.913453062060864,0.0,0.0,-2.380988345500781,1014.2890151232664,0.9847284632003569,41.29999999999766,1884.5251177426053,48.69999999999724,51.199999999996976,201.5301700971719,500.0647920661659,4591.723062234896,130.14618059781725,140.55787504564265,1904682943,66.71541378422984,4.624373806552367,13.969923757625763,10.549616676156312,3.6090521163686526,11.176690971532691,30.000000000000004,4.999999999999998,126.5833333333346,-5.619999999999925,-25.212062734455177,0.0,0.0,0.0,0.0,-0.3999999999999998,0.0,0.0,1000081
full_throttle,255.861326122841,11.133961804918181,24.840716035527752,0.0278080154879944,5.949113064675595,54.34002653680924,0.5545649884770806,0.009469696969696966,505.1865644494696,0.6756756756756757,True,SUCCESS,528,52.799999999997006,1,703425.0647078807,1329.2577021996544,4599.463776720124,191.89300465109304,dry,0.9626163515177552,0.18374255654615546,-2.26236555140119,0.0,0.0,3.059796757773185,1012.4242256116795,0.9796125431834832,38.59999999999781,1706.9677757887569,45.49999999999742,47.799999999997006,197.86925576899063,505.1865644494696,4838.104146043552,126.59933753989495,136.72728454308654,276578785,61.741054626299096,6.658290369225256,13.208570459927605,9.871946866384608,3.4578578865232075,10.876225435584741,30.000000000000004,4.999999999999998,128.00000000000125,-5.279999999999932,-7.272619521104775,0.0,0.0,0.0,0.0,-0.3999999999999998,0.0,0.0,1000082
full_throttle,290.06946824948204,5.426936869783966,13.807547087551143,0.03988076862311798,4.873849124631087,56.1554484003625,0.2868426838006451,0.007874015748031492,650.0613044297547,0.5154639175257731,True,SUCCESS,635,63.500000000002785,1,760672.3776689654,1322.5092633114396,4680.752556604174,311.047197693522,dry,0.9676895296710798,5.207234170480299,-0.3808722208107822,0.0,0.0,2.952197569952797,1014.078513090823,0.9721190295186108,46.09999999999739,2307.303264497671,53.89999999999694,58.500000000002785,208.21536346399498,650.0613044297547,5044.457292597946,131.51841364320296,142.0398867346592,2126955062,82.40959131414596,13.290892584270878,16.44242306441789,11.127110743522191,3.9085283699021454,13.177232596087789,29.999999999999996,4.999999999999998,123.5416666666655,-6.349999999999909,-2.0779770895304535,0.0,0.0,0.0,0.0,-0.3999999999999998,0.0,0.0,1000083
full_throttle,251.8630290720427,6.046401465015653,13.292403688223224,0.019787010914594227,6.6253706319623005,54.394629275557094,0.31012308087431384,0.01052631578947368,467.17663535180264,0.746268656716418,True,SUCCESS,475,47.49999999999731,1,673317.4877728656,1331.0604869779775,4419.675106161141,2.7221041927424916,dry,0.9721465831958298,7.7468335046122645,-2.8172198536444286,0.0,0.0,-1.6251887847436999,1010.5213637316322,0.9858793869657385,32.29999999999817,1226.6997780924573,40.89999999999768,42.49999999999731,193.6362568144431,467.17663535180264,4818.14917102609,122.9756430357156,132.81369447857287,922422283,52.557353202492294,6.893176497156472,11.799990817708334,8.879195783075755,3.1942601969621167,10.41022047144308,30.0,4.999999999999998,130.20833333333445,-4.749999999999943,-1.9295012301297922,0.0,0.0,0.0,0.0,-0.3999999999999998,0.0,0.0,1000084
full_throttle,235.60562624039972,20.218773286283657,46.28466408646453,0.028675239377656068,6.3360604152034075,54.63837485665014,0.9480704254153398,0.009746588693957111,530.7072970672166,0.6666666666666666,True,SUCCESS,513,51.29999999999709,1,673540.285719271,1326.9967856014418,4775.206113808857,339.82363048684147,dry,0.9777779344450613,2.750210090667453,2.45497677211357,0.0,0.0,3.9795826686133475,1010.3549226173567,0.9747573564268509,37.0999999999979,1606.9914198372057,43.89999999999751,46.29999999999709,197.01808486329293,530.7072970672166,5092.962252139977,124.20336547630008,134.13963471440408,1304476646,59.97161643018382,4.507225678736166,12.543132268776978,9.37820109394117,3.420987472586874,10.990994508695225,30.0,4.999999999999998,128.62500000000122,-5.129999999999935,-23.30153121252185,0.0,0.0,0.0,0.0,-0.3999999999999998,0.0,0.0,1000085
full_throttle,270.22059032568706,6.65052145425711,15.618427013899234,0.030758470173454913,5.480932821612541,54.16685535238066,0.33275630503757153,0.00884955752212389,548.4457137573994,0.6097560975609756,True,SUCCESS,565,56.499999999997215,1,721044.6771273371,1327.6115321638554,4791.605180169745,386.3858487443068,dry,0.9840428490365178,0.37510677229670897,1.2008315922163475,0.0,0.0,4.891350467140583,1012.1885283567368,0.973018774499452,40.79999999999769,1854.41715748097,48.399999999997256,51.499999999997215,200.068292118656,548.4457137573994,4836.795486673613,128.59249503294137,138.8798946355767,1310186705,68.38855003303897,9.10970708784205,14.386542533951834,10.44218993223627,3.480348011799463,11.781545073666893,29.999999999999996,4.999999999999998,126.4583333333345,-5.649999999999924,-2.7766256801829763,0.0,0.0,0.0,0.0,-0.3999999999999998,0.0,0.0,1000086
full_throttle,266.22236558680527,3.570371316559634,9.28247051530876,0.027781139065546512,6.43029952313179,54.60769807839472,0.26622493543783693,0.009803921568627447,556.3975842253535,0.6410256410256411,True,SUCCESS,510,50.99999999999711,1,680447.7366135062,1324.7680129431674,4334.230056808958,137.8743058432974,dry,0.998411230854282,5.998578219556616,-3.1231007898398015,0.0,0.0,-2.080871513138267,1014.2977255645266,0.9793270073857315,36.49999999999793,1602.9826633159964,43.299999999997546,45.99999999999711,200.2924541747976,556.3975842253535,5240.353343056798,123.29655570551468,133.16028016195585,1913021004,59.959737042743555,12.19331172564341,12.847830106133827,8.988139850749462,3.4406077289687995,11.26510037505792,30.00000000000001,4.999999999999998,128.7500000000012,-5.099999999999936,-0.7223612424930012,0.0,0.0,0.0,0.0,-0.3999999999999998,0.0,0.0,1000087
full_throttle,276.74083624022086,0.8399112943363735,1.4883580178570819,0.027102316922926126,5.788887221727088,54.872322264865446,0.04725580215182681,0.009225092250922506,504.4810659910028,0.6666666666666666,True,SUCCESS,542,54.199999999996926,1,720409.4109572553,1330.0568076149,4505.000745050594,20.125331057881557,dry,0.9865534488566179,3.165710758817858,-2.143956982835462,0.0,0.0,4.645775120780099,1015.0514366454697,0.9846300624759892,39.69999999999775,1757.8009438601048,46.79999999999735,49.199999999996926,198.73326413484753,504.4810659910028,4757.747309416374,128.30064915443947,138.56470108679463,984204202,63.86744453700022,17.870224831316783,13.7513052213584,10.218508332743312,3.4848575773566233,10.99431289960364,30.000000000000004,4.999999999999998,127.41666666666794,-5.419999999999929,-0.042483825826195636,0.0,0.0,0.0,0.0,-0.3999999999999998,0.0,0.0,1000088
full_throttle,-4.620114844613255,12.979898270327887,30.14590472324317,0.025492705465834112,-1.576312027487705,55.83068216610066,0.9130511867906405,0.011600928074245936,9.558541318323762,0.0,False,RUNWAY_EXCURSION,431,43.09999999999756,1,768516.9108908414,1324.1979762576475,4794.260113804857,284.10798948493795,dry,0.9720711989809304,4.106343642139459,2.389581902129719,0.0,0.0,3.486517473996651,1011.2494068563565,0.9911921147444047,,,,,179.663523634681,9.558541318323762,51.61232452356806,132.50104798309044,143.10113182173768,409041910,38.72182241241549,3.8898516605028166,10.025778517379269,11.398566461150553,1.2545163946163445,0.0,2.8675623954971274,0.0,0.0,-4.3099999999999525,-8.068212686174913,0.0,0.0,0.0,0.0,-0.3999999999999998,0.0,-60.0,1000089
full_throttle,251.21150793909828,19.380783970414882,42.35861313557649,0.035385525312158696,5.132148124921352,55.315674139582455,0.6437159347718587,0.008237232289950573,615.2164485344584,0.5434782608695652,True,SUCCESS,607,60.70000000000056,1,740034.9914697882,1324.3393274147195,4736.788830413081,446.48637049809906,dry,0.9535053708632615,5.722988931049659,1.730605508535187,0.0,0.0,3.3430478222390763,1010.1514212563867,0.9693015511864236,43.39999999999754,2043.017212152443,51.599999999997074,55.70000000000056,204.8014505196909,615.2164485344584,4991.418721557145,130.06120572152318,140.46610217924504,956012066,76.83172618628072,3.7531196474281443,15.431645939964799,10.86068010030493,3.6939004057433222,12.735232981142127,30.000000000000014,4.999999999999998,124.7083333333331,-6.069999999999915,-25.333130655098827,0.0,0.0,0.0,0.0,-0.3999999999999998,0.0,0.0,1000090
full_throttle,287.3975685721882,0.6311305718869168,1.0484212111277438,0.03232245795661256,5.102635348748586,54.77847669851308,0.07427729871462872,0.008460236886632822,515.1985980268669,0.625,True,SUCCESS,591,59.099999999999284,1,760023.9187487316,1330.961714204107,4792.754063141625,331.6852476225135,dry,0.9928657098822286,1.643527296051384,-0.8573105558635823,0.0,0.0,3.6239371390482997,1010.1218023585491,0.9754086134358446,43.39999999999754,2016.738104707858,51.1999999999971,54.099999999999284,200.77068034011813,515.1985980268669,4534.319974022621,131.87145338155432,142.42116965207867,1620546566,71.75976542042937,19.96729661668898,15.141974226526445,11.284364509753205,3.6012339443882406,11.60409058185417,30.0,4.999999999999998,125.3750000000003,-5.909999999999918,-0.026156727452583475,0.0,0.0,0.0,0.0,-0.3999999999999998,0.0,0.0,1000091
full_throttle,-3.63705571290658,12.419655293364485,30.04373492632167,0.022336142082999125,-1.5582430897598596,55.32929780832632,0.9780615830584773,0.011848341232227484,11.356755995070785,0.0,False,RUNWAY_EXCURSION,422,42.19999999999761,1,749010.8937239532,1324.356233511142,4593.834225308452,428.94885207405855,dry,0.9824283793078482,1.0591802779823887,2.1049637499245155,0.0,0.0,-2.9430981472501303,1012.6096691463476,0.9866882716401573,,,,,184.1500159653863,11.356755995070785,78.75176970052138,129.27181153091945,139.61355645339302,1694248037,38.3915493723571,4.821937768548426,9.762840480170471,10.503069109946868,1.3290304764081224,0.0,3.4070267985212364,0.0,0.0,-4.2199999999999545,-7.232509718858945,0.0,0.0,0.0,0.0,-0.3999999999999998,0.0,-60.0,1000092
full_throttle,261.34086165535734,11.152039828574331,26.293921288591452,0.029843810701537868,5.538411524690943,55.27303058143358,0.5394431411993034,0.008896797153024908,495.73749705403804,0.6666666666666666,True,SUCCESS,562,56.199999999996976,1,743818.7989355316,1331.5646405920004,4720.7344817945905,200.26195581099032,dry,0.9732292811385421,0.007115291034009097,2.7692061496177534,0.0,0.0,3.309491979086819,1013.7597621932897,0.9796785347706445,41.49999999999765,1898.1818195519725,48.79999999999723,51.199999999996976,199.1482973358823,495.73749705403804,4601.815472597126,130.15352640552135,140.56580851796306,871446981,66.6840632607294,7.267180719483074,14.197487763189354,10.74846592666127,3.5833769147266854,11.063043925456984,30.000000000000007,4.999999999999998,126.5833333333346,-5.619999999999925,-7.7660901882240925,0.0,0.0,0.0,0.0,-0.3999999999999998,0.0,0.0,1000093
full_throttle,248.23069737617482,17.057591749498734,35.72363492189594,0.031970669626351554,5.875149889058969,55.25424053028316,0.6240670471372831,0.009107468123861564,609.2696138908071,0.5747126436781609,True,SUCCESS,549,54.899999999996886,1,691654.2508620402,1322.167695020612,4740.23585247998,24.708537627926408,dry,0.9682164058843999,2.4180323587599304,3.210205407179798,0.0,0.0,4.0602172342814296,1011.6589202369998,0.9814782146082605,38.7999999999978,1744.5542284106855,46.299999999997375,49.899999999996886,202.93457743429724,609.2696138908071,5288.949103911467,125.79864212661693,135.8625334967463,226588580,67.41320077709969,3.28812419710576,13.80899536620058,9.609197055968444,3.436491034793904,12.188336558851683,30.0,4.999999999999998,127.1250000000013,-5.489999999999927,-17.748647613846604,0.0,0.0,0.0,0.0,-0.3999999999999998,0.0,0.0,1000094
full_throttle,260.7218416986136,10.459166894923085,24.220758456961782,0.03296630687233735,5.911387969879299,55.296701397485066,0.474751641378651,0.009259259259259255,569.4349630978887,0.6097560975609756,True,SUCCESS,540,53.99999999999694,1,693708.102409678,1324.7511892534933,4384.776547326646,76.40605010688,dry,0.9889721004704171,5.688766129275372,-0.7040133427102395,0.0,0.0,4.515131211061548,1012.9806328269659,0.9811739997399851,38.59999999999781,1729.8991703035783,45.8999999999974,48.99999999999694,200.99041611779302,569.4349630978887,5134.952476923717,126.00102874647219,136.08111104618996,1941703567,65.12675105627959,7.002149882394616,13.63491815184054,9.684978484468163,3.439904323738908,11.696790128041716,30.0,4.999999999999998,127.50000000000128,-5.399999999999929,-6.563650328151301,0.0,0.0,0.0,0.0,-0.3999999999999998,0.0,0.0,1000095
full_throttle,252.2546165892495,12.747590765439972,26.99436670989099,0.02719975166831408,6.208851908988839,55.009940568378326,0.5435412508000426,0.009578544061302678,562.2080688850697,0.625,True,SUCCESS,522,52.19999999999704,1,680878.7620606483,1324.681570438792,4433.3385179892575,18.983987613370502,dry,0.9844097609783365,4.097000925069364,-0.623385253255909,0.0,0.0,3.5939875638792422,1013.3374060683399,0.9829528066702352,37.29999999999789,1654.2160997616547,44.29999999999749,47.19999999999704,200.01207157336486,562.2080688850697,5205.159699721923,124.61192391607389,134.58087782935982,2075017654,62.08693613248049,4.703796475173703,13.08197381163911,9.3432759890655,3.3885988034266608,11.445097456204254,30.0,4.999999999999998,128.25000000000122,-5.219999999999933,-9.425062078741565,0.0,0.0,0.0,0.0,-0.3999999999999998,0.0,0.0,1000096
full_throttle,227.6204427360422,24.73910418931932,53.49446447532364,0.030638647433608546,5.598688488549902,54.98989830689954,0.9937160210941266,0.008944543828264755,530.5316700822286,0.6329113924050633,True,SUCCESS,559,55.89999999999683,1,730639.0143591237,1328.7800903757477,4597.489681903594,148.36191829695318,dry,0.9515614219412104,0.06412694485735138,3.969024981673753,0.0,0.0,2.5100619686151404,1012.5815041046404,0.9801034580730058,40.699999999997694,1835.1137534902698,48.09999999999727,50.89999999999683,200.51141748423063,530.5316700822286,4795.267023624512,128.89316925454486,139.20462279490846,1621607094,67.02690831779053,3.7152780051329004,13.751206219480379,10.404807248412022,3.544436050851749,11.472919264851935,30.000000000000007,4.999999999999998,126.70833333333465,-5.589999999999925,-38.013445703812,0.0,0.0,0.0,0.0,-0.3999999999999998,0.0,0.0,1000097
full_throttle,268.723869540525,1.600995292589015,2.374748268256212,0.02577571916326205,6.183442167203318,54.21224527071381,0.09643653935176892,0.009727626459143966,475.5199045804867,0.7246376811594203,True,SUCCESS,514,51.399999999997085,1,697575.0498202209,1331.5432679135536,4753.823342151478,244.172828777879,dry,0.967472575129294,3.7828459712028977,-0.6398456366555778,0.0,0.0,3.89945699670369,1012.2916240476259,0.9790292510759935,35.69999999999798,1456.72121272569,44.59999999999747,46.399999999997085,195.02043219042494,475.5199045804867,4737.142989287368,126.26170116885929,136.36263726236805,1864622466,58.80303872353151,15.336569770818645,12.933734466065127,9.795330171690397,3.453188113960366,10.505061357393483,30.0,4.999999999999998,128.58333333333454,-5.139999999999935,-0.1463863962691759,0.0,0.0,0.0,0.0,-0.3999999999999998,0.0,0.0,1000098
full_throttle,272.3777090384458,9.204623798736451,19.812348785921206,0.0378056222904842,5.256022499697064,55.501081084908975,0.390834571865453,0.008445945945945943,603.9788377454688,0.5555555555555556,True,SUCCESS,592,59.19999999999936,1,743761.0789188821,1324.246577593135,4221.462104751863,308.9965211003293,dry,0.9596435116228046,1.150045343576445,0.15151866146584947,0.0,0.0,-0.6941710417217992,1015.8778855906671,0.9731433172730082,42.2999999999976,1985.203577122024,50.29999999999715,54.19999999999936,205.95153929202286,603.9788377454688,5011.342865091614,129.1166702922722,139.446003915654,1661392386,74.1093262687755,8.065683959006716,15.143723137935279,10.43126490357458,3.6803291600919863,12.507077028122339,29.999999999999996,4.999999999999998,125.3333333333336,-5.919999999999918,-5.573028752394353,0.0,0.0,0.0,0.0,-0.3999999999999998,0.0,0.0,1000099
full_throttle,239.42434789910988,20.461048312215038,44.752565199309956,0.032256949586362084,5.948178943777344,55.3269207456531,0.8373708678533576,0.009191176470588232,570.1481683124807,0.6097560975609756,True,SUCCESS,544,54.399999999996915,1,705781.9603362631,1325.336834874563,4382.199309763345,496.01125687480106,dry,0.9949299862350367,7.57974008482923,-0.00887034827910993,0.0,0.0,-2.540267178534827,1013.150942966975,0.9685481728318885,38.99999999999779,1761.3262073725639,46.299999999997375,49.399999999996915,201.80081968464276,570.1481683124807,5107.370861163107,125.54097262873371,135.58425043903242,562700136,65.53287979020179,4.32876088662666,13.473714648825883,9.62612832514406,3.5323706609672385,11.742498801890664,30.0,4.999999999999998,127.33333333333462,-5.4399999999999284,-25.30533854788111,0.0,0.0,0.0,0.0,-0.3999999999999998,0.0,0.0,1000100
full_throttle,264.3185388201087,8.444380728460345,18.972662358298916,0.031737990499756764,5.621505659728285,55.01551610633904,0.3659605293462368,0.008960573476702505,519.3402115981871,0.6410256410256411,True,SUCCESS,558,55.799999999996835,1,726597.687795965,1329.7079415024734,4625.28911071268,305.82960427381886,dry,0.9692321021515166,0.11117321199217045,-3.0905997141022143,0.0,0.0,3.614323619917079,1010.4496656960118,0.9760235607996945,40.79999999999769,1848.2664254334313,48.09999999999727,50.799999999996835,199.13946446707442,519.3402115981871,4746.732586498559,128.91591746339628,139.229190860468,1869698443,66.62540928970557,6.874658964070998,14.159712584448751,10.480542392410525,3.5058724161625996,11.323412258314903,30.0,4.999999999999998,126.75000000000132,-5.5799999999999255,-4.421069085005931,0.0,0.0,0.0,0.0,-0.3999999999999998,0.0,0.0,1000101
full_throttle,-7.385235363196287,12.435525863166097,30.00460738094729,0.019694057208944352,-1.4920742597734746,54.8845427060497,1.0553051793999455,0.012315270935960587,9.855399212989767,0.0,False,RUNWAY_EXCURSION,406,40.5999999999977,1,733901.0264075117,1326.5440019241782,4749.105034054646,273.6890442929432,dry,0.9852032709298324,5.886908803649172,-3.341903210349947,0.0,0.0,4.0729216784297435,1012.8028422757457,0.9914879145754636,,,,,177.35224758904263,9.855399212989767,54.72039484942286,129.5132549547594,139.87431535114015,1975851683,35.58611549906493,4.448842917239389,9.263519665026955,10.63456463053812,1.1611882964095892,0.0,2.9566197638969296,0.0,0.0,-4.059999999999958,-6.976086135372221,0.0,0.0,0.0,0.0,-0.3999999999999998,0.0,-60.0,1000102
full_throttle,243.98725970621774,22.758507661311288,48.77989602723886,0.03577012968647827,5.000314051133025,55.45492937775665,0.7740482511807989,0.00810372771474878,640.634970931219,0.5263157894736842,True,SUCCESS,617,61.70000000000135,1,756916.6231927366,1322.417134324449,4383.280773908732,351.68167676261544,dry,0.9595559135180272,6.899193092549777,0.5583470191514892,0.0,0.0,-1.6431436268813897,1015.7021437746238,0.9707685346362688,44.199999999997495,2126.161261973353,52.299999999997034,56.70000000000135,208.58750383201337,640.634970931219,5067.24883769664,130.04963391080435,140.4536046236687,1796110325,79.1169351865649,4.4705853777999085,15.617997900998036,10.697117518941472,3.85546998135901,13.01581451705125,29.999999999999996,4.999999999999998,124.2916666666661,-6.169999999999913,-35.50832744316312,0.0,0.0,0.0,0.0,-0.3999999999999998,0.0,0.0,1000103
full_throttle,257.4955930643293,4.456060474222825,8.242291248135398,0.020872944654676616,6.319185365827541,54.05243525077442,0.20975560580771593,0.010101010101010097,468.711802912074,0.7246376811594203,True,SUCCESS,495,49.49999999999719,1,695032.5663517433,1331.4272033149841,4448.065942381214,121.50322485380983,dry,0.9592226758223645,2.470151424460318,2.3728893555069437,0.0,0.0,-2.4054984188263484,1011.3069072955059,0.9823309223186193,33.89999999999808,1313.017903458355,42.69999999999758,44.49999999999719,195.1762789103242,468.711802912074,4729.063829083371,124.72422634611722,134.7021644538066,1581373009,55.58965373963694,8.490486803036994,12.378259891871599,9.331369683934284,3.2676505904169866,10.505278477677491,30.000000000000004,4.999999999999998,129.37500000000117,-4.949999999999939,-1.0921061222462027,0.0,0.0,0.0,0.0,-0.3999999999999998,0.0,0.0,1000104
full_throttle,254.0248372270799,14.014808098872134,31.62386290610682,0.028172141447308348,5.9071747055864385,54.51469291474614,0.5841091732342314,0.009225092250922506,579.0161502063612,0.5952380952380952,True,SUCCESS,542,54.199999999996926,1,705405.4316179234,1324.4174169865062,4383.404846996296,67.12950860345434,dry,0.9579623395082278,2.204249741401016,1.7059342793749517,0.0,0.0,-0.30468360923202553,1014.8481543022835,0.9808412665054637,38.59999999999781,1728.1848684165504,45.8999999999974,49.199999999996926,202.5823144693239,579.0161502063612,5138.870271919475,125.89232013540399,135.96370574623631,1040377640,65.43692300262508,5.313654081139922,13.632959153879666,9.560264805322616,3.4388111258766627,11.874096898027018,30.000000000000004,4.999999999999998,127.41666666666794,-5.419999999999929,-11.828538506458973,0.0,0.0,0.0,0.0,-0.3999999999999998,0.0,0.0,1000105
full_throttle,244.90730414180223,14.34669478064141,30.272964775932415,0.025037154464315356,6.497705716138457,54.09534020943979,0.6103875644237693,0.009960159362549797,533.7799144285906,0.6666666666666666,True,SUCCESS,502,50.199999999997154,1,671808.3790351655,1326.1792096186118,4334.1156305233235,124.49165854073202,dry,0.9713027417744812,0.2859315186836904,-3.241961874587839,0.0,0.0,1.8187213945641405,1015.7691736703248,0.9806277696721812,36.099999999997955,1553.2384465286384,42.799999999997574,45.199999999997154,198.1058700915458,533.7799144285906,5168.136236910616,123.25415189162194,133.11448404295172,1474746226,58.326995200400056,3.5615125364940257,12.461133587806515,9.03381507961621,3.4114437447650405,10.92967964457466,30.000000000000007,4.999999999999998,129.0833333333345,-5.019999999999937,-11.480608985188836,0.0,0.0,0.0,0.0,-0.3999999999999998,0.0,0.0,1000106
full_throttle,295.51023853078163,1.8657976693743465,4.68235385182651,0.04127777733832448,4.942429702886117,55.53228252660545,0.15159663375891988,0.007999999999999997,639.9963548178187,0.5208333333333334,True,SUCCESS,625,62.50000000000199,1,765926.8138436656,1323.02539436615,4696.831787127921,161.69094409535316,dry,0.9874714599062082,2.302423781867015,0.2523044970277488,0.0,0.0,-0.23634725906262677,1015.4873064284326,0.976381445304741,44.899999999997455,2173.253271108357,52.999999999996994,57.50000000000199,208.8140510712496,639.9963548178187,5020.659193645547,131.15604262640267,141.64852603651488,651865655,80.40659755896651,19.00123632432957,16.17501807438778,10.93341142735497,3.851202946181444,13.07618893171759,29.999999999999993,4.999999999999998,123.9583333333325,-6.249999999999911,-0.2417500654890795,0.0,0.0,0.0,0.0,-0.3999999999999998,0.0,0.0,1000107
full_throttle,262.5999120491058,15.622749243775434,34.833858437447944,0.03832890763555935,5.0610799755372,56.056433892005806,0.5649382612667148,0.008169934640522873,629.1993097043894,0.5376344086021505,True,SUCCESS,612,61.200000000000955,1,744661.1251648614,1322.818133233439,4652.916983307998,365.6357718083171,dry,0.9949394018418937,2.972170141936302,1.2579301904180866,0.0,0.0,2.4839227387022396,1014.0183503821551,0.9711157614852083,43.89999999999751,2110.1068617150495,51.99999999999705,56.200000000000955,206.78974087529264,629.1993097043894,5065.367047264632,130.02605103068367,140.42813511313838,1901189956,78.15271633307458,5.011645184619924,15.658541929097762,10.78209751555358,3.7970011102033054,12.814689964061126,29.999999999999996,4.999999999999998,124.4999999999996,-6.119999999999914,-16.596779987504235,0.0,0.0,0.0,0.0,-0.3999999999999998,0.0,0.0,1000108
full_throttle,262.0191944518525,8.196730883989815,17.83234928327339,0.030919608041569388,6.031605560937803,54.68948109674811,0.40462420077782146,0.0093984962406015,553.8785355008688,0.625,True,SUCCESS,532,53.19999999999698,1,690735.2749599011,1325.8738991728144,4530.942348039112,353.5573912184429,dry,0.9586080608649736,7.366756413990828,1.8049090106681929,0.0,0.0,2.419646287578419,1012.9307026351291,0.9735737093046697,38.199999999997836,1684.8260729721644,45.29999999999743,48.19999999999698,199.5375765964838,553.8785355008688,5085.021256518388,125.28291788879709,135.30555131990087,1576244045,63.37395437430873,7.591428829608765,13.415124118944808,9.60119522862492,3.4218652960626152,11.47375586009947,30.000000000000004,4.999999999999998,127.8333333333346,-5.319999999999931,-3.9714625891313236,0.0,0.0,0.0,0.0,-0.3999999999999998,0.0,0.0,1000109
full_throttle,248.31375848104,19.48523308809098,42.55495124460331,0.030997099822590787,5.219997874721802,55.126162728475514,0.7640395255623055,0.008488964346349742,556.5804994910864,0.5882352941176471,True,SUCCESS,589,58.899999999999125,1,755651.4854016087,1327.89599087709,4784.664629285541,207.87033977756937,dry,0.9560530523126096,0.8262431514842214,0.736154458911483,0.0,0.0,-0.004064487890768298,1011.5223328630447,0.9774706499184195,42.599999999997586,1984.013348918043,50.49999999999714,53.899999999999125,203.54081818617502,556.5804994910864,4764.316888516474,130.5810235536733,141.02750543796716,779903972,72.36988608850368,5.328739880842712,14.80612181703639,10.819891114200255,3.6221245581161585,12.0462358784372,30.000000000000007,4.999999999999998,125.4583333333337,-5.889999999999919,-24.847574189430187,0.0,0.0,0.0,0.0,-0.3999999999999998,0.0,0.0,1000110
full_throttle,237.81868991468593,19.937108325269268,44.23091849073035,0.02993694912695251,6.264812123911824,54.65022640394689,0.9099404387398968,0.009671179883945839,570.5481909138127,0.625,True,SUCCESS,517,51.69999999999707,1,682058.477946864,1323.6703527247655,4739.51751559566,12.569579907514395,dry,0.9566364967057691,0.9495474215992177,-0.9834598732349362,0.0,0.0,-0.5192541531034971,1015.2518081502137,0.9826484571727947,36.799999999997915,1601.6610317978125,43.79999999999752,46.69999999999707,201.47249984703987,570.5481909138127,5268.163072115574,123.72069781608576,133.61835364137264,476412161,61.44989989574433,4.6327196458327595,12.68118591464613,9.069147610174044,3.4261629793138324,11.504734434430304,30.0,4.999999999999998,128.45833333333456,-5.169999999999934,-22.83349389879006,0.0,0.0,0.0,0.0,-0.3999999999999998,0.0,0.0,1000111
full_throttle,280.2476351873703,2.5570876580604183,6.9782531449599965,0.031588646801600444,5.206393832354663,54.86668483554201,0.1980407925243799,0.008635578583765109,493.4284595239528,0.6493506493506493,True,SUCCESS,579,57.89999999999833,1,768190.2266390389,1331.9942100926526,4297.2377231963665,46.02553443771473,dry,0.9695791482231573,6.564438074037753,2.044235097744608,0.0,0.0,1.8050945272725762,1014.3622669621423,0.98405868717689,42.799999999997574,1954.276118276888,50.29999999999715,52.89999999999833,201.06112207342997,493.4284595239528,4479.596260250049,131.88761204896633,142.43862101288366,1979288597,69.31997792076542,15.957409038927281,14.787036669794048,11.09230663652524,3.598592184695255,11.227968929050272,30.0,4.999999999999998,125.8750000000007,-5.789999999999921,-0.42065619238798296,0.0,0.0,0.0,0.0,-0.3999999999999998,0.0,0.0,1000112
full_throttle,276.9158567843358,7.22900890348377,17.553974034038525,0.03391133529101434,5.1015201346092685,55.237816468825905,0.35580269685748905,0.008347245409015023,567.4288098349883,0.5747126436781609,True,SUCCESS,599,59.89999999999992,1,753998.5209113964,1327.3333179117242,4355.848057928813,462.48152528394314,dry,0.9927696883689866,1.4936089550559348,-1.0242869371496712,0.0,0.0,1.8253184097359538,1014.2445693524362,0.970049034700352,43.299999999997546,2030.7595762484398,51.29999999999709,54.89999999999992,203.57423596129834,567.4288098349883,4778.15389909568,130.6758114680897,141.1298763855369,2140010421,74.29060939272388,10.257604945251138,15.352363953827927,10.969838078433593,3.645342280583616,12.226529607544588,30.0,4.999999999999998,125.0416666666667,-5.989999999999917,-3.47809814069577,0.0,0.0,0.0,0.0,-0.3999999999999998,0.0,0.0,1000113
full_throttle,247.4603169066816,16.238821465484744,36.62117803263065,0.026853930976124683,5.8281851918135,53.869756105670696,0.6991204401518617,0.009276437847866416,518.5980145116445,0.6493506493506493,True,SUCCESS,539,53.89999999999694,1,709704.872211786,1328.9454129277676,4719.6084018612255,215.14465068034983,dry,0.9502298764266373,0.3851375469072975,-0.44128550471993355,0.0,0.0,4.220827413427533,1013.7295478092872,0.9786457637095846,39.19999999999778,1741.678023592434,46.299999999997375,48.89999999999694,198.34045775168602,518.5980145116445,4826.690704730867,127.3343706940693,137.52112034959487,1678562473,63.63722154315589,4.74848977312547,13.448022428455234,10.062741453910268,3.425187270522238,11.179647201385666,29.999999999999996,4.999999999999998,127.54166666666794,-5.3899999999999295,-15.792659430541288,0.0,0.0,0.0,0.0,-0.3999999999999998,0.0,0.0,1000114
full_throttle,267.5852153241168,12.239567500384792,26.79252447601519,0.038523786529450266,5.0677692352966535,55.52165955021559,0.449969477508559,0.008210180623973724,599.9986842968574,0.5494505494505495,True,SUCCESS,609,60.900000000000716,1,760215.8595631468,1325.378097244153,4588.352895199597,329.7226592460998,dry,0.9851866226018368,0.59278650559071,-2.3204083301975693,0.0,0.0,-0.3777153337264041,1014.0808159371871,0.972694692713038,43.69999999999752,2090.9924650797325,51.89999999999706,55.900000000000716,206.14318277171736,599.9986842968574,4899.59787860068,130.7246383055004,141.18260936994045,925513863,76.7221867445376,5.004974833118572,15.617496696186606,10.892066135456037,3.7391143576126082,12.611317742900535,30.000000000000007,4.999999999999998,124.6249999999997,-6.089999999999915,-10.136941185694845,0.0,0.0,0.0,0.0,-0.3999999999999998,0.0,0.0,1000115
full_throttle,227.4310842094485,25.200855024500118,57.26241720774726,0.02898402091941375,5.594701312553603,54.6653765284794,1.032093433858134,0.008928571428571425,546.060180224244,0.6172839506172839,True,SUCCESS,560,55.999999999996824,1,724938.1443075102,1327.7124449623254,4633.298621379416,287.4629641340619,dry,0.9628359651909909,4.170363837476586,0.6114423396440096,0.0,0.0,1.8527898588113985,1012.6190330418565,0.9756333529419629,40.499999999997705,1847.318193281664,47.99999999999728,50.999999999996824,200.95949103218925,546.060180224244,4863.257951516863,128.24171225451798,138.50104923487942,9402869,67.52190462095898,4.527567873050302,13.744275428643826,10.286454165617643,3.520936973625286,11.679559883205332,29.999999999999996,4.999999999999998,126.666666666668,-5.599999999999925,-39.516281402320956,0.0,0.0,0.0,0.0,-0.3999999999999998,0.0,0.0,1000116
full_throttle,237.03330228419833,19.38502922469914,43.05423097550055,0.026879011564768105,6.2660107654705675,54.85828827257697,0.8313058474023531,0.009671179883945839,537.7934279104244,0.6578947368421053,True,SUCCESS,517,51.69999999999707,1,692697.685702598,1326.4969418780393,4361.604177453248,330.13213174669477,dry,0.9551815807657554,6.929635131362202,3.3599979113892555,0.0,0.0,-2.990438838881186,1015.9344494495523,0.9742254771503515,37.29999999999789,1621.7430929343532,44.199999999997495,46.69999999999707,200.08634342912345,537.7934279104244,5097.912670627816,124.10342886172415,134.0317031706621,756436368,60.6539280869492,3.4615840867722856,12.738089338636076,9.248827264031075,3.506890961432261,11.122085669480812,30.000000000000004,4.999999999999998,128.45833333333456,-5.169999999999934,-21.586436456437927,0.0,0.0,0.0,0.0,-0.3999999999999998,0.0,0.0,1000117
full_throttle,273.78744723391765,4.990418340670273,12.329044473605162,0.034691011380669726,5.629753832696048,54.952094506376376,0.28660237224892027,0.008960573476702505,588.4452793814097,0.5813953488372093,True,SUCCESS,558,55.799999999996835,1,708852.0416022111,1323.9225999611551,4233.623815318243,26.32314274139119,dry,0.9867494902768508,0.004113403195003862,-2.9627550532204747,0.0,0.0,3.4100682308005448,1011.9171087754703,0.9819838396955304,39.69999999999775,1801.8623034958719,47.29999999999732,50.799999999996835,202.93562969819035,588.4452793814097,5111.453041247935,127.19502842276395,137.37063069658507,1740730675,68.37385539564933,11.456807551379521,14.225560695592684,9.951451573378124,3.4586540259913714,12.095183055248862,30.0,4.999999999999998,126.75000000000132,-5.5799999999999255,-1.5440650633236916,0.0,0.0,0.0,0.0,-0.3999999999999998,0.0,0.0,1000118
full_throttle,258.1926214255211,8.90795054052531,18.895586479204603,0.026605485985829496,6.1304220845953825,53.960252799368504,0.3959503566220005,0.009541984732824424,535.5024855946087,0.6493506493506493,True,SUCCESS,524,52.39999999999703,1,697783.9302865476,1327.144024648058,4510.0451671472565,304.32050965518533,dry,0.9667827610371645,0.8907612043165445,3.471997605845703,0.0,0.0,-0.8088949131091141,1015.0958016569136,0.9752161731361387,37.79999999999786,1662.630274018831,44.79999999999746,47.39999999999703,199.40136961369384,535.5024855946087,5013.078728305935,125.08540298153484,135.09223522005763,1828153888,61.61846737891247,6.333030341119533,13.177349675311076,9.4807100078084,3.4611216077779647,11.215301237279387,30.000000000000007,4.999999999999998,128.1666666666679,-5.239999999999933,-4.620025489355693,0.0,0.0,0.0,0.0,-0.3999999999999998,0.0,0.0,1000119
full_throttle,226.28758117332075,25.46750599817097,58.575090619047,0.029245462437298725,5.646969687465694,54.54243431756319,1.1125235635928228,0.00902527075812274,552.1808912125398,0.6097560975609756,True,SUCCESS,554,55.39999999999686,1,719114.0194169455,1326.7768321672547,4364.966035678918,219.58451840014033,dry,0.9663932864795554,4.043710609678527,-2.1696370294432037,0.0,0.0,1.811751936280607,1014.3683515371289,0.9773900176401664,39.89999999999774,1793.6271116404987,47.29999999999732,50.39999999999686,201.269636503929,552.1808912125398,4927.323224996695,127.60631788948824,137.8148233206473,2124811579,66.73322419479838,4.708010127565809,13.536909629842791,10.096125513076611,3.4619142729460965,11.699286259406165,30.0,4.999999999999998,126.91666666666798,-5.539999999999926,-39.924555490983145,0.0,0.0,0.0,0.0,-0.3999999999999998,0.0,0.0,1000120
full_throttle,230.27574856980226,23.668387169974828,50.830019645033154,0.029759974732955063,5.8629940730082994,55.10198402494599,0.9232384158452586,0.009191176470588232,591.0437301426074,0.5882352941176471,True,SUCCESS,544,54.399999999996915,1,703473.7491976435,1323.1228764086522,4591.818598968605,92.17282537582949,dry,0.9994542777625328,5.771013981978632,2.6386081011016094,0.0,0.0,-1.7114711918221746,1012.7731324214984,0.9796798757635619,38.59999999999781,1724.3174055708002,45.99999999999739,49.399999999996915,203.7153878560761,591.0437301426074,5210.720375663831,125.54064817929303,135.58390003363647,821572590,66.13555109380363,3.1449083036838026,13.426979391127412,9.482547957317415,3.472074551748946,11.980881479668556,30.000000000000004,4.999999999999998,127.33333333333462,-5.4399999999999284,-33.86052754088211,0.0,0.0,0.0,0.0,-0.3999999999999998,0.0,0.0,1000121
full_throttle,226.4556365138148,24.26345777199847,51.939420040165,0.03122811234745153,6.257695160019948,54.74146597153647,0.9634843701961345,0.009505703422053228,601.0085397599435,0.5952380952380952,True,SUCCESS,526,52.59999999999702,1,677117.3715378566,1322.1057597542494,4616.8651458171535,21.982465574869494,dry,0.9645223851305036,2.9612475591518015,-3.9113226376480252,0.0,0.0,2.4158423810591385,1015.4772632199548,0.9816802541864741,37.0999999999979,1653.9916937581404,44.29999999999749,47.59999999999702,201.89513492447497,601.0085397599435,5374.749404430488,123.88534733271257,133.79617511932958,882140549,63.46436856786275,2.6267909093515343,12.890793188203551,9.150302999549332,3.3954824516994973,11.91170856227681,30.000000000000004,4.999999999999998,128.08333333333456,-5.259999999999932,-34.40714349846322,0.0,0.0,0.0,0.0,-0.3999999999999998,0.0,0.0,1000122
full_throttle,270.5433236952466,6.296741756611406,14.673039676405653,0.03215807450001288,5.627794751800147,54.958921569517045,0.3067431034868555,0.008928571428571425,578.0968163158004,0.5882352941176471,True,SUCCESS,560,55.999999999996824,1,715477.0502010103,1325.0336792089101,4595.6035980683055,109.83569564020218,dry,0.98291132776783,5.3674150188082885,2.9010374100192755,0.0,0.0,2.7140674361964505,1012.5354279086891,0.979853189161821,39.99999999999773,1816.046603570812,47.5999999999973,50.999999999996824,202.45804959641174,578.0968163158004,5042.087556840529,127.59644180510902,137.80415714951775,1001882786,68.35301332814514,9.165938129347284,14.271117602159457,10.06213562190647,3.4797066998654413,12.011791844898626,30.000000000000007,4.999999999999998,126.666666666668,-5.599999999999925,-2.4670461977437856,0.0,0.0,0.0,0.0,-0.3999999999999998,0.0,0.0,1000123
full_throttle,219.3435655287007,26.589486889560256,59.481187861176394,0.03135031936699892,6.186155134445135,55.22411988716602,1.1363939556973885,0.009487666034155594,579.5835467629802,0.6097560975609756,True,SUCCESS,527,52.69999999999701,1,680978.2485540801,1323.5515624595964,4406.173737879621,300.8854208366034,dry,0.9591792212494128,0.8876172923015258,3.6233358823648,0.0,0.0,1.4908439849921091,1015.1743743785107,0.9742630451836106,37.499999999997875,1658.4165484520524,44.59999999999747,47.69999999999701,200.92748909809256,579.5835467629802,5271.908312195604,124.05863151000281,133.98332203080304,717121042,63.1835279382846,3.056162927123968,12.78413650885453,9.256486659351832,3.420920772466734,11.669489442329052,30.000000000000004,4.999999999999998,128.0416666666679,-5.269999999999932,-41.398825386377865,0.0,0.0,0.0,0.0,-0.3999999999999998,0.0,0.0,1000124
full_throttle,261.247368268866,16.86599464249962,35.77352916086338,0.040406142876296174,4.923742653249098,55.84815997868297,0.5772428375327925,0.007999999999999997,605.3129475097664,0.5434782608695652,True,SUCCESS,625,62.50000000000199,1,761293.6091544793,1325.6265945532427,4532.842378334199,437.91622431116133,dry,0.9947197850911713,4.0420153891878465,3.878284046896611,0.0,0.0,2.8527757919771224,1010.1901733469391,0.9697831267794914,45.09999999999744,2188.1983792699966,53.39999999999697,57.50000000000199,205.57477969132708,605.3129475097664,4864.580483646303,131.80256897926634,142.34677449760767,380894870,79.5743151517824,5.318746418319766,15.971585167607468,11.280058618133097,3.8086459786182147,12.739973551129863,30.0,4.999999999999998,123.9583333333325,-6.249999999999911,-19.754289950057345,0.0,0.0,0.0,0.0,-0.3999999999999998,0.0,0.0,1000125
full_throttle,248.83419389768022,16.231437712349873,36.71366035776731,0.03136877514455062,6.066796597188415,55.455861449446424,0.7092818989519124,0.009310986964618247,582.2732746609283,0.6024096385542169,True,SUCCESS,537,53.699999999996955,1,692040.3335285538,1323.9481162652287,4589.691093558826,23.462200604060122,dry,0.9510195221163569,5.756123016581282,3.193375370537337,0.0,0.0,3.050828185744521,1013.521055539092,0.9822259830561006,38.199999999997836,1700.165603796121,45.49999999999742,48.699999999996955,201.55092129835427,582.2732746609283,5223.813552203011,125.5007744363588,135.5408363912675,310278833,64.81506868503833,4.6725661667700455,13.439674861494941,9.531168945894615,3.4457310247964728,11.794738569541467,30.0,4.999999999999998,127.62500000000126,-5.36999999999993,-15.719754355856994,0.0,0.0,0.0,0.0,-0.3999999999999998,0.0,0.0,1000126
full_throttle,243.52610635730147,14.62767867011646,34.093139749811264,0.02215641654589487,6.1627335420997875,53.42447910793755,0.7929620739211634,0.010080645161290319,463.6800405922574,0.7246376811594203,True,SUCCESS,496,49.59999999999719,1,690531.6299553447,1331.627610490973,4274.722532866802,80.7888261444824,dry,0.9882835528091658,6.088031218634794,-2.4661982368074185,0.0,0.0,2.4712545179787684,1013.5802527511829,0.9839267181917192,33.999999999998074,1332.2255480069284,42.799999999997574,44.59999999999719,193.81842091904528,463.6800405922574,4652.847072097952,125.2354243150034,135.25425826020367,731647804,55.638682272254535,5.302834581543583,12.177562288810911,9.491780218075753,3.181332724585466,10.552649350361586,29.999999999999993,4.999999999999998,129.3333333333345,-4.959999999999939,-11.792068411665031,0.0,0.0,0.0,0.0,-0.3999999999999998,0.0,0.0,1000127
full_throttle,-9.302777248528045,12.643460963910938,30.086990465858726,0.020403046906392677,-1.5139932897399027,55.515456076157044,1.0491472663031587,0.012468827930174559,9.206747278398211,0.0,False,RUNWAY_EXCURSION,401,40.09999999999773,1,744546.7622972555,1326.7211539289399,4743.096998791678,24.134652037069326,dry,0.9691871784275903,6.772059636374966,2.468566907574109,0.0,0.0,3.124370330823252,1010.9569166095973,0.9986853459831558,,,,,175.2866598250173,9.206747278398211,34.04553509193363,130.35616911146494,140.78466264038215,1053327028,34.484134703331605,4.058856859501685,9.107075953576544,10.713783030044093,1.1038701507787017,0.0,2.762024183519463,0.0,0.0,-4.009999999999959,-7.122522129280202,0.0,0.0,0.0,0.0,-0.3999999999999998,0.0,-60.0,1000128
full_throttle,253.61819787423144,13.775213311821451,30.06359941305962,0.02981795294813255,5.93982405826035,55.26201763254956,0.6344924344409841,0.009242144177449165,533.624750482558,0.6410256410256411,True,SUCCESS,541,54.09999999999693,1,710146.6731110733,1328.068232671638,4349.499817817208,291.1982268669122,dry,0.9690841113811482,3.640186846687489,-0.576590565691045,0.0,0.0,1.441088519768929,1011.8227472968872,0.9758556601821361,39.19999999999778,1766.7497946427598,46.39999999999737,49.09999999999693,199.4476598889145,533.624750482558,4931.53498807066,126.88643420076522,137.03734893682645,1214132387,64.25884955269463,5.819714016687397,13.545788106053491,9.942683211231817,3.49870880792104,11.31059500923332,30.0,4.999999999999998,127.45833333333461,-5.409999999999929,-11.406474162924992,0.0,0.0,0.0,0.0,-0.3999999999999998,0.0,0.0,1000129
full_throttle,265.0003040630668,6.0086869583634535,11.068977379157044,0.030125151775208046,5.746292777900955,54.755572918535364,0.23159511102907493,0.009107468123861564,515.4963136365549,0.6493506493506493,True,SUCCESS,549,54.899999999996886,1,734512.3279788542,1329.6989518108721,4609.643966230981,315.896752187141,dry,0.9553750461128525,1.8865538993880682,0.1879368312672125,0.0,0.0,-2.722760666296172,1013.9742439905674,0.975312649002733,40.09999999999773,1809.921931295304,47.29999999999732,49.899999999996886,200.51870183978224,515.4963136365549,4764.325977652225,127.97778185014431,138.21600439815586,211675536,65.01458654033104,7.104774812165146,13.92426540116659,10.162857372731223,3.552466877317907,11.208716516133693,29.999999999999996,4.999999999999998,127.1250000000013,-5.489999999999927,-2.2023634567800316,0.0,0.0,0.0,0.0,-0.3999999999999998,0.0,0.0,1000130
full_throttle,245.8871615156735,19.085411584584847,44.23880858449753,0.028680883052818285,5.399501993676351,55.538406141589554,0.8238342093254785,0.008756567425569173,502.50285700094184,0.6493506493506493,True,SUCCESS,571,57.09999999999769,1,763607.2253931748,1331.2508716398377,4237.874703834117,10.497882909308364,dry,0.991335871326276,2.6327622587920123,-3.629772114720881,0.0,0.0,-0.488012239828592,1015.724672042464,0.9847064730727872,42.099999999997614,1946.6228554040317,49.49999999999719,52.09999999999769,201.78996534474285,502.50285700094184,4585.141517260505,130.8847474991625,141.3555272990955,822080326,68.2422088876554,5.7644048833186154,14.2435671277843,10.782532890991977,3.6327631118913652,11.23317640142693,29.999999999999993,4.999999999999998,126.2083333333343,-5.709999999999923,-23.109825120729564,0.0,0.0,0.0,0.0,-0.3999999999999998,0.0,0.0,1000131
full_throttle,254.20739597109727,15.956316413771336,37.321910009698854,0.03119304087769297,5.739500964610371,54.585257388506776,0.7295479947806074,0.00899280575539568,606.9951037973847,0.5681818181818182,True,SUCCESS,556,55.59999999999685,1,701352.0270459185,1322.7558250853235,4345.909531626972,335.89712145500056,dry,0.9983555943618376,1.9322736435867824,-0.5231692954384073,0.0,0.0,0.5706835240456538,1010.4481680238329,0.972387242615639,39.29999999999777,1765.7746060784718,46.89999999999734,50.59999999999685,203.02155417877316,606.9951037973847,5207.9845514738,125.99425521370593,136.0737956308024,1753183373,68.30598255331222,6.304578341796212,13.960650532495942,9.751390899979729,3.4543113554259732,12.286020357418263,30.0,4.999999999999998,126.83333333333465,-5.559999999999926,-15.728871402665781,0.0,0.0,0.0,0.0,-0.3999999999999998,0.0,0.0,1000132
full_throttle,269.6347573305082,4.905056316325515,11.913039809817553,0.029305630466829928,5.94245099813126,55.30262930421518,0.2690127319204085,0.009293680297397766,579.4735679758094,0.6024096385542169,True,SUCCESS,538,53.79999999999695,1,696015.1662073787,1323.7387921400805,4409.917553968741,66.41807099902996,dry,0.9820229234164712,2.5944635343759526,3.137446940798971,0.0,0.0,0.7797107774291359,1012.8471683341717,0.9809298038348009,38.29999999999783,1698.398428766423,45.599999999997415,48.79999999999695,202.40172733867794,579.4735679758094,5197.452024578162,125.41061020955559,135.44345902632003,1305580699,64.99850621771434,10.89904951855202,13.652672056468738,9.488157362118988,3.445102448198262,11.786164469330325,29.999999999999993,4.999999999999998,127.58333333333461,-5.37999999999993,-1.4382280752091947,0.0,0.0,0.0,0.0,-0.3999999999999998,0.0,0.0,1000133
full_throttle,259.52940114339106,8.403083098581961,17.17911810292449,0.02654170019636943,5.800532351155875,54.75539052013944,0.340661015447137,0.009276437847866416,484.68501569093286,0.6944444444444444,True,SUCCESS,539,53.89999999999694,1,732874.4293534637,1331.4306324014187,4612.874816634288,12.503292939497978,dry,0.9755407351914706,5.370658010850747,-0.05342136623600391,0.0,0.0,0.2916972930789896,1013.8323381731076,0.9851923894233012,39.799999999997745,1780.983411372197,46.79999999999735,48.89999999999694,198.99270923378023,484.68501569093286,4661.497599543224,128.5172793119312,138.79866165688568,967792731,62.90395719765025,6.000877791888453,13.602072303211445,10.21173117320524,3.56674579752833,10.721212790766307,29.999999999999993,4.999999999999998,127.54166666666794,-5.3899999999999295,-4.228862577526911,0.0,0.0,0.0,0.0,-0.3999999999999998,0.0,0.0,1000134
full_throttle,239.61776251981982,18.3585014650197,39.182897427073435,0.029597114899097568,6.148010007996955,54.886997646973946,0.7774485800595763,0.009596928982725524,525.9713438478877,0.6666666666666666,True,SUCCESS,521,52.099999999997046,1,685782.5600475189,1327.4239185184497,4622.934853302902,437.15517019034826,dry,0.9917392181224944,0.11203410981460582,1.530038270754202,0.0,0.0,2.4517996715356496,1012.6609050788592,0.9719992140467758,37.79999999999786,1658.6797650573687,44.699999999997466,47.099999999997046,197.85858333242354,525.9713438478877,5016.364303623114,124.85649330712266,134.8450127716925,424956394,61.11360309204315,3.441708163391889,12.881088831263641,9.523621243221688,3.4673778143750695,11.019253833015213,30.0,4.999999999999998,128.2916666666679,-5.209999999999933,-19.51055712415876,0.0,0.0,0.0,0.0,-0.3999999999999998,0.0,0.0,1000135
full_throttle,283.07208044417894,3.02184621802482,4.969100304825865,0.03514090315061363,5.224859122147064,55.00729645699249,0.15238242076397013,0.008460236886632822,594.1631194645262,0.5617977528089888,True,SUCCESS,591,59.099999999999284,1,745000.9617036413,1325.039152247901,4284.558198872388,33.78093572066082,dry,0.956359068336345,2.670646396049351,-3.9430051354367666,0.0,0.0,1.0746619903272716,1010.5684170945095,0.9814648231233664,42.2999999999976,1977.9997253329493,50.29999999999715,54.099999999999284,205.1157270808743,594.1631194645262,4948.487957055098,129.96128725420954,140.3581902345463,1950180528,73.7013440825679,14.063582617141595,15.183089621809225,10.59563366420328,3.616126659951041,12.446942548299715,29.999999999999986,4.999999999999998,125.3750000000003,-5.909999999999918,-0.5996387497940029,0.0,0.0,0.0,0.0,-0.3999999999999998,0.0,0.0,1000136
full_throttle,264.2983014355498,6.8647481388428835,16.89737418060752,0.024315228760957316,5.801507230717628,54.043585512462066,0.4026970850369926,0.00934579439252336,504.9766316996912,0.6756756756756757,True,SUCCESS,535,53.499999999996966,1,720627.4740582223,1329.42493646473,4502.850196589763,160.0156528979142,dry,0.9700302132584419,2.0014253059050686,-1.4967961477696177,0.0,0.0,-0.37393152246565275,1014.7937083017016,0.9802936534165968,39.099999999997785,1724.7744559196908,46.19999999999738,48.499999999996966,199.45013996387314,504.9766316996912,4777.1059023142325,127.2315006602596,137.41002071308037,1517683096,62.727369395143306,9.471005538650637,13.490433312140128,9.94039599976662,3.5400463759466727,10.972023075035992,29.999999999999996,4.999999999999998,127.7083333333346,-5.34999999999993,-2.8013055944682823,0.0,0.0,0.0,0.0,-0.3999999999999998,0.0,0.0,1000137
full_throttle,267.93807912533407,6.92309809406638,16.55320520601781,0.028835696747952548,5.569570759764251,54.893843707743855,0.36066619421435336,0.008928571428571425,504.7332476160164,0.6578947368421053,True,SUCCESS,560,55.999999999996824,1,749367.8712722388,1330.876599363659,4773.188950423589,6.695968949722686,dry,0.9662329023817807,2.337571929754767,-3.2107646029244026,0.0,0.0,0.7450664831907305,1014.9715474290155,0.98480664592793,41.09999999999767,1874.3697366726644,48.49999999999725,50.999999999996824,200.5519733707543,504.7332476160164,4644.60659692626,129.98446483007035,140.383222016476,656383725,66.5082856819788,9.195082154549425,14.219159835890714,10.554848289265948,3.591644004198026,11.1846592531427,30.000000000000007,4.999999999999998,126.666666666668,-5.599999999999925,-2.9822667603596362,0.0,0.0,0.0,0.0,-0.3999999999999998,0.0,0.0,1000138
full_throttle,236.88476104304272,21.347725490428854,45.90739250655922,0.03357521163620311,5.94002296707012,55.258742658520354,0.8525047390052398,0.009191176470588232,581.7679136657251,0.5952380952380952,True,SUCCESS,544,54.399999999996915,1,696650.4191582743,1324.2703006891645,4538.222144655837,455.6522164587025,dry,0.9528762890680372,6.130096174940499,-0.7519636571904558,0.0,0.0,-0.35494888346774456,1010.6932717727451,0.9696032942636835,38.7999999999978,1721.6777173261835,46.09999999999739,49.399999999996915,201.5514702813189,581.7679136657251,5171.558682480358,125.35458171725959,135.38294825464035,169111293,65.84763175532099,3.6470224901796584,13.482700762160686,9.63371229804004,3.4599970348307822,11.866431000998231,30.0,4.999999999999998,127.33333333333462,-5.4399999999999284,-27.546067631822222,0.0,0.0,0.0,0.0,-0.3999999999999998,0.0,0.0,1000139
full_throttle,264.23415276947884,2.2675515044821375,4.158728011710165,0.02163953330580713,6.283222063986966,54.014306427995365,0.134616474796536,0.010020040080160317,476.50232123004525,0.7246376811594203,True,SUCCESS,499,49.89999999999717,1,684564.0707586971,1330.6762928713017,4227.469429170493,174.56783804241527,dry,0.9873149896733375,2.3121578580874216,-0.02730207853448663,0.0,0.0,3.2859135471122185,1014.9972560917417,0.9809355795543647,34.19999999999806,1354.4060237797526,43.09999999999756,44.89999999999717,194.7869148244733,476.50232123004525,4793.448225799516,124.7805622537041,134.76300723400044,1967654479,56.55175441776331,13.376171730323334,12.507793255039255,9.414461619940745,3.3339101459864096,10.516811947415,29.999999999999996,4.999999999999998,129.2083333333345,-4.989999999999938,-0.2850836803237914,0.0,0.0,0.0,0.0,-0.3999999999999998,0.0,0.0,1000140
full_throttle,241.62456930091355,13.315384414308856,29.635275681644274,0.022573630117205472,6.639007921731442,54.083025602098466,0.7329640371925875,0.010615711252653924,463.8226531687291,0.746268656716418,True,SUCCESS,471,47.09999999999733,1,670759.8725358048,1331.2926222350738,4781.56652866806,63.81602901307143,dry,0.9894547412176985,7.512867736548338,2.7416755790892657,0.0,0.0,-0.4271632805964778,1015.9969347644179,0.984260938908282,32.09999999999818,1231.8520351640975,40.499999999997705,42.09999999999733,192.8068731840213,463.8226531687291,4783.236049117855,122.66630735683191,132.47961194537848,787747297,51.78797699433269,4.991318233619249,11.488019111699186,8.840519214332254,3.107853712853294,10.422553884018637,29.999999999999993,4.999999999999998,130.3750000000011,-4.709999999999944,-9.278671849942873,0.0,0.0,0.0,0.0,-0.3999999999999998,0.0,0.0,1000141
full_throttle,246.19692644579675,19.646011938171487,44.210678432610706,0.03070204579815003,5.352424058764192,54.58270763193479,0.7549932339970991,0.008650519031141866,562.2655778109215,0.5882352941176471,True,SUCCESS,578,57.79999999999825,1,733938.8824309151,1327.1578766324626,4650.430863078215,320.6924160341781,dry,0.9863958331064866,1.900172566202139,-0.43174764560220247,0.0,0.0,3.167644160595164,1012.2388303751407,0.9743375552332366,41.59999999999764,1928.5177478966934,49.3999999999972,52.79999999999825,201.9882462317373,562.2655778109215,4844.260167279834,129.35184669970283,139.69999443567906,465423488,70.77994385903301,4.806527138257845,14.51140786675304,10.593556175240693,3.519066711035099,12.037338448056392,29.999999999999993,4.999999999999998,125.9166666666674,-5.779999999999921,-24.787580419246773,0.0,0.0,0.0,0.0,-0.3999999999999998,0.0,0.0,1000142
full_throttle,234.02437817309067,21.598738433447238,45.977790439627164,0.026970968706074242,6.026698042481722,54.11588066444556,0.8628109104576842,0.009416195856873819,583.1896703901095,0.6024096385542169,True,SUCCESS,531,53.09999999999699,1,687399.6557965034,1323.334694425454,4218.214954298915,304.1462442506819,dry,0.9881836360671195,3.389499517723425,0.33429499843104526,0.0,0.0,-1.3975517149544414,1010.4931202114956,0.9737925729721323,37.699999999997864,1663.2112280973631,44.899999999997455,48.09999999999699,201.59808931276893,583.1896703901095,5225.48640834306,124.30606797042114,134.25055340805483,1714892061,63.81701742313283,2.916746628267896,13.118541221078305,9.291127218715351,3.4198199484017833,11.819950346564966,29.999999999999993,4.999999999999998,127.87500000000125,-5.309999999999931,-27.523824613071774,0.0,0.0,0.0,0.0,-0.3999999999999998,0.0,0.0,1000143
full_throttle,242.38829142037378,15.270600785599601,33.19659259429455,0.021583214375670377,6.276024683083558,53.80909883088435,0.7202004222881309,0.010020040080160317,480.8240342362943,0.7142857142857143,True,SUCCESS,499,49.89999999999717,1,677427.7198278055,1330.2430094769823,4319.869120154421,265.03297701497837,dry,0.9947902715107062,0.07505231247558797,-2.338347598499101,0.0,0.0,4.348857769103228,1012.1174590751489,0.9783109063361601,34.09999999999807,1359.682920982739,42.99999999999756,44.89999999999717,194.24941802359373,480.8240342362943,4820.513281427491,124.53140787872249,134.49392050902028,1092363154,56.669202837974346,4.282430307379183,12.280503980649906,9.416608305732021,3.2844277096499286,10.565944159900948,29.999999999999996,4.999999999999998,129.2083333333345,-4.989999999999938,-12.929159214247163,0.0,0.0,0.0,0.0,-0.3999999999999998,0.0,0.0,1000144
full_throttle,276.1062144848885,8.30866727377849,20.22750481252108,0.03866053097931611,5.300306182928575,55.97899220247959,0.41549887039889855,0.00838926174496644,609.7413281585377,0.5494505494505495,True,SUCCESS,596,59.59999999999968,1,742197.3436136658,1324.2277450929973,4712.805916968174,41.53602469195711,dry,0.9676070878168603,2.2891360252910458,3.0644541839746675,0.0,0.0,3.283213806662306,1014.2942512607312,0.9809512591175533,42.599999999997586,2003.0068143044734,50.59999999999713,54.59999999999968,205.51282933789363,609.7413281585377,5034.586598101488,129.97146846246574,140.369185939463,530377200,74.92251155809353,9.865507426598011,15.275149598674606,10.59647131446966,3.6517404027568228,12.55974921900118,30.0,4.999999999999998,125.1666666666668,-5.959999999999917,-4.571581701372133,0.0,0.0,0.0,0.0,-0.3999999999999998,0.0,0.0,1000145
full_throttle,249.33408099000812,17.801120485437906,40.44658149901408,0.030137183542577318,5.56057493726791,55.036684486287946,0.7195520065646298,0.008880994671403193,570.2023077189053,0.5952380952380952,True,SUCCESS,563,56.299999999997056,1,716946.4647971304,1325.698714558272,4583.318133582279,341.87480075344126,dry,0.9782792676644037,6.310542313604519,3.3621363315501855,0.0,0.0,1.590881847000647,1010.2079379356046,0.9733725856379949,40.39999999999771,1854.00491803379,47.99999999999728,51.299999999997056,202.01535431956486,570.2023077189053,4987.862935897084,127.62732049452181,137.83750613408355,205711349,68.66732247263766,5.221403150309945,14.12721572750077,10.172205243890444,3.510566921457839,11.946298404473957,30.000000000000004,4.999999999999998,126.5416666666679,-5.629999999999924,-19.822597596930482,0.0,0.0,0.0,0.0,-0.3999999999999998,0.0,0.0,1000146
full_throttle,-12.102754675769766,13.244371092487302,30.006119046034623,0.019835212791379623,-1.496571094476611,55.63963591461889,0.9937290858763519,0.012562814070351754,8.974495416283673,0.0,False,RUNWAY_EXCURSION,398,39.799999999997745,1,739026.25991432,1327.4074300469981,4716.258280860908,452.30153321806984,dry,0.9776706652361853,5.910074347406869,-2.5283175459895117,0.0,0.0,2.656045255504864,1011.6968844023944,0.9863492463305606,,,,,173.03543752289087,8.974495416283673,30.148054028763553,129.72008702514424,140.0976939871558,361200544,33.84043525444206,2.6225586197478408,9.054230307617454,10.743586294812712,1.0812550586065843,0.0,2.6923486248851027,0.0,0.0,-3.979999999999959,-7.757168835881587,0.0,0.0,0.0,0.0,-0.3999999999999998,0.0,-60.0,1000147
full_throttle,246.64387149170804,12.879620477724576,28.459233417802523,0.021415506526012613,6.3127214695684595,53.62738728765014,0.5776403588979083,0.009960159362549797,493.40372799544247,0.704225352112676,True,SUCCESS,502,50.199999999997154,1,682223.39459515,1329.4119108404514,4493.139072180523,312.9671757472782,dry,0.9848566531043395,0.34401529354469407,2.4329723373690473,0.0,0.0,0.9146783283647881,1011.5128419088412,0.9763177475731196,34.29999999999806,1352.24598449982,43.19999999999755,45.199999999997154,195.67994004047597,493.40372799544247,4888.127426043967,124.27274872486797,134.2145686228574,1583877131,57.35064493655526,4.031350901905304,12.47022525777153,9.333937783365077,3.3697194186618242,10.67733553482686,30.0,4.999999999999998,129.0833333333345,-5.019999999999937,-9.2526756747124,0.0,0.0,0.0,0.0,-0.3999999999999998,0.0,0.0,1000148
full_throttle,234.9519317130107,18.910161579061693,43.17899756613993,0.019794602298954782,6.07279281262153,53.233248436454396,0.947804646344649,0.009980039920159677,463.21841463665896,0.7246376811594203,True,SUCCESS,501,50.09999999999716,1,690115.6472603509,1331.7789668367864,4795.894400456795,306.2650997924057,dry,0.9908330693476062,0.8312818902093912,0.15131484949563,0.0,0.0,2.9185269716178732,1012.1410675933786,0.9775270808397272,34.39999999999805,1361.7972668278248,43.299999999997546,45.09999999999716,193.36525670394207,463.21841463665896,4623.005612796905,125.38304856782156,135.4136924532473,501851046,56.37591472206967,4.205602922621028,12.184266521631331,9.602631827712752,3.19343511592525,10.581158345722425,30.000000000000014,4.999999999999998,129.1250000000012,-5.009999999999938,-19.906077742672977,0.0,0.0,0.0,0.0,-0.3999999999999998,0.0,0.0,1000149
full_throttle,259.31269371339425,11.433802621762377,24.196293629437342,0.03057510686744028,5.514201178821813,55.32179459576195,0.4872952369763217,0.008912655971479498,489.3557729188624,0.6756756756756757,True,SUCCESS,561,56.099999999996896,1,750426.223056292,1331.8674136350876,4259.28346726079,130.54861115323448,dry,0.9502224495664295,2.5318421237995983,2.8347596395535817,0.0,0.0,0.8414472191215214,1012.3106574018155,0.9816947814634955,41.49999999999765,1898.4780260682003,48.79999999999723,51.099999999996896,199.76584970416388,489.3557729188624,4571.267381540795,130.2687897754297,140.69029295746407,1218104459,66.39780389745366,5.971355051612004,14.1704895487224,10.70763612056892,3.6229880297406654,10.976372574485087,30.000000000000004,4.999999999999998,126.6250000000013,-5.609999999999925,-8.14895150918986,0.0,0.0,0.0,0.0,-0.3999999999999998,0.0,0.0,1000150
full_throttle,276.83385226428413,9.66530292228423,23.128646134068106,0.038999598395512085,5.123515157643956,55.2591469494489,0.4386987645411389,0.008210180623973724,640.6473991356906,0.5263157894736842,True,SUCCESS,609,60.900000000000716,1,737082.7139292283,1322.3044699094137,4288.277253554766,383.4923596590123,dry,0.9826530980474824,7.269417796091603,3.001080524545475,0.0,0.0,3.539119833241968,1014.3013725968729,0.9703789956746746,43.39999999999754,2090.000915122283,51.49999999999708,55.900000000000716,206.2941501198928,640.6473991356906,5110.996035603568,129.57926395836202,139.94560507503098,854093040,77.83462980243658,9.201890032134907,15.644974574550456,10.667923624548127,3.704926620971597,12.965797728856614,29.999999999999993,4.999999999999998,124.6249999999997,-6.089999999999915,-6.321290119213924,0.0,0.0,0.0,0.0,-0.3999999999999998,0.0,0.0,1000151
full_throttle,278.79237091315423,0.6461390211672153,0.9143849514338092,0.02908718753943864,5.659740958452835,54.987604351091214,0.09244150932695581,0.00902527075812274,488.20711564580733,0.6756756756756757,True,SUCCESS,554,55.39999999999686,1,732530.3229888484,1331.9522293255686,4455.304942734861,434.5371178645889,dry,0.9788576279997808,2.2762938860821462,-2.3957205092030454,0.0,0.0,3.962842686025059,1013.8678946695843,0.9732932265667804,40.89999999999768,1855.879764247791,48.09999999999727,50.39999999999686,197.5673700078969,488.20711564580733,4605.600050174581,129.29991244414938,139.64390543968133,1675763485,65.2395825689589,18.478489166319843,14.070987338549106,10.630184572447947,3.5253441038976123,10.896815672047152,29.999999999999996,4.999999999999998,126.91666666666798,-5.539999999999926,-0.025699175734434435,0.0,0.0,0.0,0.0,-0.3999999999999998,0.0,0.0,1000152
full_throttle,284.33754371776706,0.6991188105694917,1.2043859894020685,0.0317163052956926,5.325469950737164,55.3969817041529,0.08721915524192288,0.008650519031141866,509.03106920253146,0.6410256410256411,True,SUCCESS,578,57.79999999999825,1,763488.1017636388,1331.0682560946555,4414.183824405989,192.20582686248554,dry,0.9778040849632817,3.8754621304321377,1.2927124222073614,0.0,0.0,-1.1700849489616907,1010.3427107785543,0.9792144398784938,42.49999999999759,1957.5487812204597,50.09999999999716,52.79999999999825,201.53770929344375,509.03106920253146,4579.7312689770915,131.06698793066857,141.55234696512207,1917835302,69.46089814971448,19.442404652579206,14.7681345383062,10.933965011881149,3.6417779506254417,11.38508645802952,30.0,4.999999999999998,125.9166666666674,-5.779999999999921,-0.0313897100363149,0.0,0.0,0.0,0.0,-0.3999999999999998,0.0,0.0,1000153
full_throttle,279.1830901497668,1.436709721643308,1.9720416787803963,0.03276036429049508,5.741880172094482,54.844260882157656,0.07014893856600835,0.009090909090909087,568.0708533935418,0.6024096385542169,True,SUCCESS,550,54.99999999999688,1,711075.1468726001,1325.3504133191936,4204.722033147793,195.34772796884852,dry,0.950189790841808,7.520782216449857,-1.6255156213862558,0.0,0.0,1.4478442230638926,1015.5834403287081,0.9776026121657055,39.39999999999777,1786.380998122845,46.79999999999735,49.99999999999688,202.04948435038682,568.0708533935418,5045.317736157144,126.73553249943095,136.87437509938542,191190691,66.5311552813036,17.43210176762203,14.005467691039705,9.867023229853467,3.4762846145891952,11.813865804618118,30.0,4.999999999999998,127.08333333333464,-5.499999999999927,-0.12614157259393527,0.0,0.0,0.0,0.0,-0.3999999999999998,0.0,0.0,1000154
full_throttle,265.4931706009879,8.493103239030512,20.36907437692656,0.030106729163782948,5.798206298311133,55.13076700160084,0.43988590522207116,0.009107468123861564,557.9305851498651,0.6097560975609756,True,SUCCESS,549,54.899999999996886,1,705862.6536546268,1326.2803608461672,4419.779300087073,210.64693177009426,dry,0.9574212020240412,7.095277241021378,1.4907958553061738,0.0,0.0,4.034073230813918,1011.686065821011,0.9776577941150504,39.49999999999776,1768.5027129412235,46.79999999999735,49.899999999996886,200.37730314220087,557.9305851498651,5010.248272407493,127.07680139189911,137.24294550325104,737822497,66.14140987527325,8.512412507273341,13.904643704829244,9.98652867980887,3.4415638617116566,11.671712932448887,30.000000000000007,4.999999999999998,127.1250000000013,-5.489999999999927,-4.400100960358665,0.0,0.0,0.0,0.0,-0.3999999999999998,0.0,0.0,1000155
full_throttle,239.26615886245963,22.916770709356175,48.99913636929972,0.03268175183194687,5.285115621901239,54.78592228483683,0.8233041971041243,0.008460236886632822,613.80122573484,0.5494505494505495,True,SUCCESS,591,59.099999999999284,1,738945.9971840878,1323.8131189634594,4706.159700494014,6.127276244583979,dry,0.9715342484845636,0.38568155595172193,-0.5970836697141029,0.0,0.0,2.2397105977992675,1013.3821250883453,0.9817630544510616,41.99999999999762,1968.418334272555,50.09999999999716,54.099999999999284,205.55952770546892,613.80122573484,5042.0970330533155,129.51233393296297,139.87332064760002,350979586,74.10629112887983,3.969391996039479,14.844264419305242,10.482256359618194,3.6311415127458386,12.654527049139208,30.000000000000007,4.999999999999998,125.3750000000003,-5.909999999999918,-34.48671360326848,0.0,0.0,0.0,0.0,-0.3999999999999998,0.0,0.0,1000156
full_throttle,273.061264092207,2.6001687713119703,6.783146658962124,0.025479658020575297,5.809678479902305,54.1692420446135,0.2085948468605452,0.009293680297397766,531.4093555879881,0.6410256410256411,True,SUCCESS,538,53.79999999999695,1,712567.44113122,1327.5874666846216,4248.077006246133,172.57375902641675,dry,0.9673990687541097,1.9257239727379067,2.548628152825066,0.0,0.0,0.3574589745263239,1013.9963086582766,0.9792202885373776,38.899999999997796,1729.8449025599161,46.09999999999739,48.79999999999695,200.26718097620605,531.4093555879881,4904.116840299278,126.7284462754196,136.86672197745318,2097918682,63.796102966105416,14.604578579254751,13.636426340486743,9.8272221218116,3.4783575038326244,11.31939348848639,30.000000000000004,4.999999999999998,127.58333333333461,-5.37999999999993,-0.4041502411051813,0.0,0.0,0.0,0.0,-0.3999999999999998,0.0,0.0,1000157
full_throttle,240.14949295828146,19.320034136084146,43.06394906232665,0.031539773877381105,5.964625572047317,55.1420999025973,0.7996973409659693,0.00936329588014981,557.305776127863,0.625,True,SUCCESS,534,53.39999999999697,1,707071.7018480303,1325.388743652141,4520.741986842535,14.722747142281001,dry,0.9542308267845909,3.1055337645870447,-0.46252198669261757,0.0,0.0,-2.011950878270116,1014.5727343338475,0.9828917114465481,38.29999999999783,1684.8516194737354,45.49999999999742,48.39999999999697,202.38903720372576,557.305776127863,5092.967360705225,125.68363357375952,135.7383242596603,1725038644,63.811092031466444,3.7087827156931374,13.26126895564787,9.482745556058928,3.4991566074129405,11.523427753821872,30.000000000000004,4.999999999999998,127.75000000000126,-5.339999999999931,-22.14698066182109,0.0,0.0,0.0,0.0,-0.3999999999999998,0.0,0.0,1000158
full_throttle,259.8717567952772,8.367426807662039,16.88194681139919,0.025719533273757575,5.865927384753795,54.577379107334785,0.3583034871654183,0.009276437847866416,498.1215981310876,0.6756756756756757,True,SUCCESS,539,53.89999999999694,1,727014.562782385,1330.6056459118388,4717.821006827057,151.8998695125034,dry,0.9863432849550267,7.798852901421834,1.0892123579925754,0.0,0.0,0.5159001937151375,1015.1469469463663,0.9807941665386359,39.599999999997756,1755.1766746298654,46.59999999999736,48.89999999999694,198.87517019309084,498.1215981310876,4731.1826739797425,127.96925098580377,138.20679106466807,589268496,63.10320422839056,6.051171296691996,13.60454107655649,10.132676924508726,3.5277609570990345,10.893786213659311,29.999999999999993,4.999999999999998,127.54166666666794,-5.3899999999999295,-4.193050568296927,0.0,0.0,0.0,0.0,-0.3999999999999998,0.0,0.0,1000159
full_throttle,237.97812194581365,17.797689329139512,39.12494262475118,0.024345527785418,6.444328581255982,54.629430349930765,0.8727199894184614,0.009980039920159677,483.47414570038165,0.7246376811594203,True,SUCCESS,501,50.09999999999716,1,684557.9720207795,1330.4927333396734,4314.734846139107,326.655621204885,dry,0.9766055660154885,5.138687108843865,2.093773452018042,0.0,0.0,1.9667512872243629,1015.3516627480323,0.9763113590486858,34.59999999999804,1402.7759172272788,43.299999999997546,45.09999999999716,195.2013011582586,483.47414570038165,4876.095534720283,124.47555290133559,134.43359713344245,73404585,56.99310591154907,4.3839130435188745,12.233849275679608,9.370935640860633,3.4538951147059143,10.460270789913825,30.000000000000007,4.999999999999998,129.1250000000012,-5.009999999999938,-17.63284783041554,0.0,0.0,0.0,0.0,-0.3999999999999998,0.0,0.0,1000160
full_throttle,-6.242739773803237,12.3422683681743,30.13328541653764,0.024002526596601206,-1.5588266964743083,55.70403648918678,1.0624628357108181,0.012195121951219507,10.075739686968006,0.0,False,RUNWAY_EXCURSION,410,40.99999999999768,1,737724.6007397249,1323.9475366017655,4723.643613933193,348.31643394371554,dry,0.9980948610040857,5.134762048176733,3.9738797696292454,0.0,0.0,1.774035519873438,1010.6843567123245,0.9892683708045299,,,,,178.83428123792544,10.075739686968006,58.57245515557864,129.47390861126104,139.83182130016192,286627405,36.24237681326125,4.734774353660988,9.370233116397825,10.630001033906229,1.196703144383907,0.0,3.0227219060904007,0.0,0.0,-4.099999999999957,-6.939550141503859,0.0,0.0,0.0,0.0,-0.3999999999999998,0.0,-60.0,1000161
full_throttle,272.17875066485533,1.8352116200962987,4.814815392510704,0.026878536390754146,6.257208576679333,55.00591926558656,0.13322011732170735,0.009560229445506689,552.0953914160275,0.6410256410256411,True,SUCCESS,523,52.299999999997034,1,676222.6279960079,1325.9196728870886,4354.196458005939,435.9867955836098,dry,0.9961595703446304,1.8311898241434932,-0.7190575423844625,0.0,0.0,4.608330005682747,1012.8743546372916,0.971499289831938,37.59999999999787,1655.7962198394052,44.59999999999747,47.299999999997034,198.03226752838057,552.0953914160275,5150.501455782113,124.42924895109671,134.38358886718444,44197866,61.93935677309805,15.419198965436484,13.225360851508787,9.451621672206418,3.431718456987186,11.328878932744857,30.0,4.999999999999998,128.20833333333456,-5.229999999999933,-0.19571832046117552,0.0,0.0,0.0,0.0,-0.3999999999999998,0.0,0.0,1000162
full_throttle,284.44650146614686,1.9517730710989,3.252821735243916,0.03346688188130045,5.513763297584322,55.73756326406249,0.11349048923572173,0.008650519031141866,620.6006747608818,0.5555555555555556,True,SUCCESS,578,57.79999999999825,1,722082.2391946819,1322.4652376348765,4413.923137368118,457.30268293146344,dry,0.959411688661103,1.494059127499769,-2.5292914074434165,0.0,0.0,-1.5077455418936037,1013.7642678840914,0.968325916614543,40.99999999999768,1913.003358491982,48.89999999999723,52.79999999999825,205.4802170762375,620.6006747608818,5186.614321213918,127.1732395177861,137.347098679209,1270369772,72.23148203779975,16.73344979269432,14.81968763804371,10.008380291642755,3.6408239716906126,12.520660364716683,30.000000000000004,4.999999999999998,125.9166666666674,-5.779999999999921,-0.24464929710851424,0.0,0.0,0.0,0.0,-0.3999999999999998,0.0,0.0,1000163
full_throttle,229.61007585712872,23.375166502727996,53.42580955868641,0.02729908325267982,5.69202345511617,54.32520359150136,1.0294059695013094,0.009191176470588232,487.29439126932755,0.684931506849315,True,SUCCESS,544,54.399999999996915,1,736301.6721817263,1331.3002755831258,4748.730112255259,363.9328971509611,dry,0.9980690596168352,7.1350866034141935,3.1457602197414785,0.0,0.0,-1.883349540845086,1015.5452130729915,0.9748075614100121,40.09999999999773,1779.3064600581356,47.199999999997324,49.399999999996915,199.22297045704178,487.29439126932755,4634.664517372391,128.2225551796632,138.48035959403626,491066718,63.664159154235875,4.551657248839422,13.283093241840021,10.238629126458056,3.579925526704969,10.826026504877854,29.999999999999993,4.999999999999998,127.33333333333462,-5.4399999999999284,-33.026748279162184,0.0,0.0,0.0,0.0,-0.3999999999999998,0.0,0.0,1000164
full_throttle,270.6360103747344,1.1537602565990512,1.3885912713203021,0.02446605105273096,6.4189911034147,54.53652945340228,0.08079991776001905,0.009784735812133068,530.1799783954972,0.6666666666666666,True,SUCCESS,511,51.0999999999971,1,676751.9608318242,1327.2054309355133,4245.028805189034,234.7637715284338,dry,0.954087927652846,2.7610960796719715,-2.200109830142909,0.0,0.0,3.34744272611138,1012.6030375226799,0.9777003554447526,36.89999999999791,1594.3709129179763,43.69999999999752,46.0999999999971,197.2863350408992,530.1799783954972,5098.870853991778,124.22623134714655,134.1643298549183,1928213984,59.58691814101802,16.342925261644844,12.879804959646597,9.300131198887458,3.435856509495107,10.9676214323611,29.999999999999996,4.999999999999998,128.70833333333454,-5.1099999999999355,-0.07558046165339294,0.0,0.0,0.0,0.0,-0.3999999999999998,0.0,0.0,1000165
full_throttle,242.99512037924785,14.107390085347753,30.447103871752283,0.023975788742588773,6.337937874704477,54.1458183496613,0.6815418942360219,0.0101419878296146,466.4376393308006,0.7352941176470589,True,SUCCESS,493,49.299999999997205,1,695523.2924167316,1331.5589972557466,4512.847998689635,66.89384477896876,dry,0.9777891651215781,2.289972915109942,2.607474551303424,0.0,0.0,-2.4227277644794,1013.1617899617688,0.983988281240808,33.799999999998086,1332.0414046138699,42.599999999997586,44.299999999997205,195.28723257751946,466.4376393308006,4724.250723186843,124.65022673118953,134.6222448696847,952234458,55.25359350614322,4.305020049170472,12.13188115905414,9.293678047944896,3.31527605029461,10.469126936077444,30.000000000000007,4.999999999999998,129.4583333333345,-4.929999999999939,-10.901788702771425,0.0,0.0,0.0,0.0,-0.3999999999999998,0.0,0.0,1000166
full_throttle,263.714383674713,9.0962955178312,20.026540603375892,0.027359333929202114,5.426608114881491,54.40893260082771,0.38289213390551174,0.008865248226950352,522.3466902084919,0.6329113924050633,True,SUCCESS,564,56.399999999997135,1,747276.1633860498,1329.3289121950818,4320.842066363407,19.222810834915393,dry,0.965053760599008,6.686062498615431,2.736085355976633,0.0,0.0,0.09925926364133453,1014.4690885368931,0.9838927861655379,41.09999999999767,1881.0337208175645,48.599999999997245,51.399999999997135,201.77233603350635,522.3466902084919,4700.879692627281,129.68986633654242,140.06505564346583,329678142,67.60250478550195,6.001294160859781,14.332196456854918,10.47715169975758,3.557466045191022,11.468972967803353,29.99999999999999,4.999999999999998,126.5000000000012,-5.639999999999924,-5.18520244125687,0.0,0.0,0.0,0.0,-0.3999999999999998,0.0,0.0,1000167
full_throttle,252.97483425096254,16.287439244444496,35.87158137639456,0.031043346322146063,5.490943651322588,55.47390492524831,0.595839833602592,0.00869565217391304,564.424548482453,0.5952380952380952,True,SUCCESS,575,57.49999999999801,1,733441.2032407026,1327.0507468125434,4750.088804729259,153.64540242773745,dry,0.9591284596901621,7.112847910794602,-1.1019215310072745,0.0,0.0,3.287333379163319,1012.2641272261538,0.9790450440864646,41.399999999997654,1901.2535570264274,49.19999999999721,52.49999999999801,202.25944350173532,564.424548482453,4896.289536002883,129.33292753734008,139.6795617403273,1353855161,70.36558920727583,4.05221339468849,14.547813373860295,10.520317726064995,3.56686251320119,11.978859075464783,30.000000000000004,4.999999999999998,126.0416666666675,-5.749999999999922,-16.948487706260632,0.0,0.0,0.0,0.0,-0.3999999999999998,0.0,0.0,1000168
full_throttle,254.70960807554826,13.994533915526132,29.98221647897494,0.029428722503235874,5.823527177413222,55.077544255612615,0.5762958641502398,0.009157509157509154,587.1631474315295,0.5882352941176471,True,SUCCESS,546,54.5999999999969,1,700868.9285347284,1323.5051021240383,4382.169186364853,383.7126515519071,dry,0.966295499016959,5.215820752100414,-2.6589413595537734,0.0,0.0,-2.005826289765462,1011.2332471828847,0.9713427294282936,38.7999999999978,1742.336168185489,46.19999999999738,49.5999999999969,202.90747058121067,587.1631474315295,5180.947985769226,125.33892758036914,135.3660417867987,677497440,66.36364502077018,5.123648489139762,13.739967164571622,9.554383083685417,3.4610811862418838,11.95826655491532,30.0,4.999999999999998,127.2500000000013,-5.459999999999928,-11.881383423777212,0.0,0.0,0.0,0.0,-0.3999999999999998,0.0,0.0,1000169
full_throttle,231.8179447806212,23.802873787449613,54.16096155900332,0.029303092589802973,5.84643373864482,54.27018272205321,1.0140353381967138,0.009107468123861564,596.5769509348357,0.5813953488372093,True,SUCCESS,549,54.899999999996886,1,695437.3120486436,1323.4885782444208,4537.797857753207,357.5342598081745,dry,0.9630278190228636,5.293682068638584,1.3456711767658383,0.0,0.0,2.8304458836916435,1014.0219308090059,0.9722773922779687,38.899999999997796,1767.1063618815504,46.39999999999737,49.899999999996886,201.64576493733728,596.5769509348357,5186.966623666917,125.72973778361286,135.7881168063019,190917864,66.8933094137028,4.452179443063505,13.517003705622116,9.715538598495513,3.4321043534294726,12.133994099322953,29.999999999999996,4.999999999999998,127.1250000000013,-5.489999999999927,-34.56118483301659,0.0,0.0,0.0,0.0,-0.3999999999999998,0.0,0.0,1000170
full_throttle,0.9992991372921125,12.649962419144563,30.080906382919093,0.025048580299605536,-1.6170122274212373,55.7953696556006,0.8719567669882127,0.01118568232662192,12.161708177665673,0.0,False,RUNWAY_EXCURSION,447,44.699999999997466,1,768786.7893746159,1322.433114525118,4553.715964893929,287.50086656579373,dry,0.9621737489820505,1.105950668983568,1.1332833144030663,0.0,0.0,-2.8823018591601643,1011.0596885858221,0.990817400626261,,,,,189.68757291625238,12.161708177665673,45.923509444098585,131.08157302553138,141.5680988675739,1201467472,42.38070047189211,4.866855341167879,10.544710603601054,10.927782554617322,1.4484746566004834,0.0,3.6485124532997024,0.0,0.0,-4.469999999999949,-7.947736943886563,0.0,0.0,0.0,0.0,-0.3999999999999998,0.0,-60.0,1000171
full_throttle,231.81571725958338,19.032061481943092,42.38897268911138,0.02074081910462838,6.457366248456266,54.381703838321094,0.9047346411404226,0.010288065843621396,467.6525172418823,0.7352941176470589,True,SUCCESS,486,48.599999999997245,1,685796.0431996242,1331.2127595745833,4453.249045180885,4.076322327358883,dry,0.9784707086937182,6.9927467404380765,3.50436065248146,0.0,0.0,-0.7530674383852096,1015.4245597812012,0.9858695553715228,33.19999999999812,1287.5461377644317,41.899999999997625,43.599999999997245,194.8450478147984,467.6525172418823,4780.900560264982,123.99823610890255,133.91809499761476,1552014147,54.272751364158545,3.020456827601042,11.798456468781197,9.105639048019444,3.265312552715142,10.422946667939714,30.000000000000004,4.999999999999998,129.75000000000114,-4.859999999999941,-19.559845669632953,0.0,0.0,0.0,0.0,-0.3999999999999998,0.0,0.0,1000172
full_throttle,262.8695957794448,15.374593362988227,35.00343996308939,0.0370507094649383,5.1048310497326055,55.70717654908358,0.5913893411240925,0.008210180623973724,608.7203926765,0.5434782608695652,True,SUCCESS,609,60.900000000000716,1,746328.3341166694,1324.713288312376,4417.199677577446,401.34305073520864,dry,0.9703738925268883,3.8050869864920767,2.8297146460214555,0.0,0.0,4.159250058301523,1014.9577330381227,0.9708476540699087,43.69999999999752,2098.4221805375537,51.79999999999706,55.900000000000716,205.02227795504132,608.7203926765,4959.4957702206475,130.48574005636416,140.9245992608733,1146807068,77.00922542531029,5.888649729101282,15.549477449342046,10.936831367445315,3.685376280622569,12.65995505385004,29.999999999999993,4.999999999999998,124.6249999999997,-6.089999999999915,-15.994919526226687,0.0,0.0,0.0,0.0,-0.3999999999999998,0.0,0.0,1000173
full_throttle,240.9713270481689,17.861104544491948,39.170049682287214,0.027373237558619118,6.02834250252587,54.61101204676858,0.812151013439301,0.009560229445506689,485.13770089176074,0.704225352112676,True,SUCCESS,523,52.299999999997034,1,707544.7921558656,1330.6678344783847,4366.2919145036285,0.4137319985569321,dry,0.9580366061185789,5.279384735761168,-0.3385372775628559,0.0,0.0,3.7992338836496815,1013.6349160034736,0.9856973682361897,38.49999999999782,1706.5185393355027,45.29999999999743,47.299999999997034,197.24749285333002,485.13770089176074,4769.899158388582,127.05467380146436,137.21904770558152,532835412,60.56008344323749,4.559903625333094,12.890145978454395,9.874104401608045,3.493841638854662,10.553466410931955,29.999999999999996,4.999999999999998,128.20833333333456,-5.229999999999933,-18.538551783585397,0.0,0.0,0.0,0.0,-0.3999999999999998,0.0,0.0,1000174
full_throttle,273.76620611615203,1.47224310432118,3.3418432718304794,0.02711313947654807,6.055297675816858,54.018894078609996,0.16217349293908884,0.009487666034155594,550.350757645253,0.6329113924050633,True,SUCCESS,527,52.69999999999701,1,689756.1731531047,1325.8234153396313,4603.1303263569735,433.68713514151193,dry,0.9712036271713045,7.484277287351456,2.4209778327122553,0.0,0.0,0.3617061654847058,1013.0560724379526,0.971186543353069,37.79999999999786,1665.0688202476133,44.899999999997455,47.69999999999701,199.43152190251624,550.350757645253,5077.579839200495,124.7422469598859,134.72162671667678,1848831199,62.45187678297541,16.39905799787424,13.335046770536318,9.482308593199033,3.4351022871902352,11.418066170218017,30.000000000000007,4.999999999999998,128.0416666666679,-5.269999999999932,-0.12691915250917854,0.0,0.0,0.0,0.0,-0.3999999999999998,0.0,0.0,1000175
full_throttle,276.02477737181675,2.5612558886632937,5.258282975000589,0.027882942073057138,5.698687699776245,55.20986811576225,0.1813902690242296,0.009009009009009005,526.986541338639,0.6410256410256411,True,SUCCESS,555,55.49999999999685,1,729050.9681047365,1329.0929968649787,4704.642045203347,50.2215580032897,dry,0.960911814209269,7.2296757142522114,-3.5656101761760635,0.0,0.0,3.686297810439889,1015.5764094816352,0.9830827723766716,40.39999999999771,1814.7321773728304,47.79999999999729,50.49999999999685,200.26867950380728,526.986541338639,4805.691944758724,128.82290375719933,139.12873605777528,1986135722,66.32305280496247,14.80504217622702,14.118403539912878,10.3297577081633,3.5454989338096023,11.382557498584806,29.999999999999993,4.999999999999998,126.87500000000131,-5.549999999999926,-0.4045352898447643,0.0,0.0,0.0,0.0,-0.3999999999999998,0.0,0.0,1000176
full_throttle,243.61905010474868,14.663037476151565,31.608000642022745,0.021807336922725414,6.190570558109514,53.76988165687403,0.7040521063592742,0.009960159362549797,471.82485875059217,0.7246376811594203,True,SUCCESS,502,50.199999999997154,1,688220.033636272,1331.1458175217012,4576.992904821205,362.1357966140102,dry,0.9575558864415225,5.936238245483102,-2.4931163512000474,0.0,0.0,2.281471569013175,1013.6759404178763,0.975646753900495,34.39999999999805,1366.756841285371,43.39999999999754,45.199999999997154,194.2715023222889,471.82485875059217,4726.0724247778,124.9789037078539,134.97721600448222,2041008547,56.80742775550585,4.384589933084005,12.376381716941369,9.524298149380055,3.3070131022568328,10.548488708642298,30.00000000000001,4.999999999999998,129.0833333333345,-5.019999999999937,-11.9924825943963,0.0,0.0,0.0,0.0,-0.3999999999999998,0.0,0.0,1000177
full_throttle,227.72079186865898,26.06674657718151,59.53951780439258,0.03017882513194268,5.4561744953729905,54.53919816713547,1.0471690471174369,0.008680555555555552,590.6665274089042,0.5681818181818182,True,SUCCESS,576,57.59999999999809,1,724825.6305866465,1325.1163928676467,4399.3891755208915,165.23419769621017,dry,0.9818250908947955,5.846833819853708,2.973861479635922,0.0,0.0,3.19935218946906,1010.0133268995901,0.9779460545232316,41.09999999999767,1892.0916804658527,48.89999999999723,52.59999999999809,202.8965100979797,590.6665274089042,5000.405317778578,128.69481042784437,138.99039526207193,32056259,71.10315314913183,4.872410762827027,14.206593419064001,10.367985481449688,3.4994754878133647,12.317591303988412,30.000000000000004,4.999999999999998,126.0000000000008,-5.759999999999922,-43.48641773561627,0.0,0.0,0.0,0.0,-0.3999999999999998,0.0,0.0,1000178
full_throttle,-12.540836357051717,13.112719379070906,30.089001535670857,0.023433365921522814,-1.5933946184967511,56.016218832631,1.0259726490128829,0.012626262626262623,8.240106097977161,0.0,False,RUNWAY_EXCURSION,396,39.599999999997756,1,756238.1171290381,1323.1775111797026,4609.39445113821,266.41781431587157,dry,0.9921757461910133,7.025592657718291,1.2038437335317589,0.0,0.0,2.519764066165508,1013.5100531028133,0.991711363881981,,,,,170.72289038731182,8.240106097977161,46.30571261949541,131.0738233122641,141.55972917724523,1949834603,33.01945063423128,2.956970014482823,8.947335764328406,10.974040124903347,1.0148452942367892,0.0,2.4720318293931483,0.0,0.0,-3.9599999999999596,-7.565510018627514,0.0,0.0,0.0,0.0,-0.3999999999999998,0.0,-60.0,1000179
full_throttle,246.19051920207744,18.413801046326707,41.246987201637545,0.03234596054691864,5.586589441675132,54.92045781375712,0.7295547135376447,0.008896797153024908,542.9543894993227,0.6172839506172839,True,SUCCESS,562,56.199999999996976,1,719558.2629103482,1328.065086682944,4317.620152455434,352.99195600094544,dry,0.9941498951704637,4.132446140508345,-1.6179616768930387,0.0,0.0,4.861715694732338,1011.386464861958,0.9741232532182507,40.699999999997694,1852.231570998004,48.19999999999727,51.199999999996976,199.83386393460336,542.9543894993227,4847.691170079239,128.5043098729817,138.78465466282026,867706341,67.83113200052749,4.343420410970094,14.081623708894323,10.404742273981453,3.4945476204914945,11.644637049791376,30.0,4.999999999999998,126.5833333333346,-5.619999999999925,-21.17291719591343,0.0,0.0,0.0,0.0,-0.3999999999999998,0.0,0.0,1000180
full_throttle,275.81459854612024,5.537896430590575,11.960688037303052,0.0322493039823533,5.4545167068334095,55.08268066438315,0.2777997871192525,0.008710801393728219,619.8445691592008,0.5555555555555556,True,SUCCESS,574,57.39999999999793,1,718559.3882646465,1322.0497803219914,4435.890832528144,85.16669802380156,dry,0.9701240375798132,4.93804204891265,-1.1180206304555504,0.0,0.0,1.1089913574750234,1012.6757489592374,0.9792502665334676,40.5999999999977,1857.3214070567788,48.49999999999725,52.39999999999793,205.56916915692125,619.8445691592008,5186.875413500816,127.50885620761342,137.70956470422252,2113219171,71.68297655018898,10.37921881869295,14.687148092935148,9.982180179820826,3.5699951118149844,12.525702282310125,29.999999999999996,4.999999999999998,126.0833333333342,-5.739999999999922,-1.9559558229771183,0.0,0.0,0.0,0.0,-0.3999999999999998,0.0,0.0,1000181
full_throttle,225.24650476914567,26.61300739329856,60.34625102040994,0.032899467661267015,5.4078073366011745,54.835812121549615,1.0582142449831624,0.008680555555555552,589.7709861039499,0.5681818181818182,True,SUCCESS,576,57.59999999999809,1,734052.3965714567,1324.7724082419018,4690.99808556029,204.7654925772831,dry,0.9797928406849756,2.059849524276439,2.6991675952195284,0.0,0.0,-0.181825679924966,1015.391396189839,0.9765822388961524,41.09999999999767,1895.4372001938204,48.89999999999723,52.59999999999809,204.51738206746188,589.7709861039499,5002.138842489526,128.4162030038633,138.68949924417237,636930689,71.10312613678494,4.320646124727927,14.218529834312413,10.244270096729961,3.5506654825918345,12.290691172808929,30.000000000000004,4.999999999999998,126.0000000000008,-5.759999999999922,-45.3214240788113,0.0,0.0,0.0,0.0,-0.3999999999999998,0.0,0.0,1000182
full_throttle,267.8472733446075,13.599510913832246,32.14967740828005,0.03455356214245225,4.974384771153357,55.178010125408754,0.5826644476612537,0.008169934640522873,584.6283191083332,0.5555555555555556,True,SUCCESS,612,61.200000000000955,1,765127.6930191449,1326.5932894054743,4621.99675631103,468.5883767487115,dry,0.9689550866706292,0.6759234251560482,1.5353004714003213,0.0,0.0,0.06917713900898459,1014.8404014460771,0.9692016343974557,44.0999999999975,2096.7520247310463,52.299999999997034,56.200000000000955,205.30337913064125,584.6283191083332,4796.161765968894,131.1989352424661,141.69485006186338,806487273,76.78207793477397,7.7250122117196085,15.624551681971148,11.08132554107832,3.7175304880425064,12.513150889512355,29.999999999999996,4.999999999999998,124.4999999999996,-6.119999999999914,-12.576375402490081,0.0,0.0,0.0,0.0,-0.3999999999999998,0.0,0.0,1000183
full_throttle,256.4642164010133,8.343211516882251,17.9031976166106,0.023305420040250067,6.065419917053488,53.600283897017796,0.34492577743416364,0.009578544061302678,488.6685409019121,0.704225352112676,True,SUCCESS,522,52.19999999999704,1,701895.9042481901,1330.5138325868902,4671.438327528879,365.8202691572395,dry,0.950458764976576,1.2299897292782997,-2.5640500281231304,0.0,0.0,3.180995006019365,1015.7098229849256,0.9751357662714073,37.39999999999788,1589.2627306522318,45.19999999999744,47.19999999999704,196.43884881851295,488.6685409019121,4778.170765659123,126.28322406189747,136.38588198684928,665851932,60.358556076560845,5.431666511843637,13.124618456460592,9.828173047565151,3.5073058730442197,10.621228783632862,30.0,4.999999999999998,128.25000000000122,-5.219999999999933,-4.03733234809532,0.0,0.0,0.0,0.0,-0.3999999999999998,0.0,0.0,1000184
full_throttle,246.2937153654695,18.19455109476176,39.42339574100927,0.03392103436511849,5.972303969364442,54.85343888877389,0.7426897920812428,0.009191176470588232,610.4164849180656,0.5747126436781609,True,SUCCESS,544,54.399999999996915,1,690014.433006509,1322.1096701428214,4256.840614274863,69.73217564755457,dry,0.9969974289217315,0.8510768728546925,-2.6457795045712755,0.0,0.0,2.4574726295744913,1012.307542395975,0.9800511959529797,38.399999999997824,1707.744594929231,45.799999999997404,49.399999999996915,202.82806677243127,610.4164849180656,5309.433012955382,125.26421671627703,135.2853540535792,1492582687,66.53434212692154,4.587716167991836,13.586165254645461,9.492054664284016,3.4278541573328036,12.181880673148374,30.000000000000007,4.999999999999998,127.33333333333462,-5.4399999999999284,-20.00963101218929,0.0,0.0,0.0,0.0,-0.3999999999999998,0.0,0.0,1000185
full_throttle,233.65426972915108,22.16578036062143,50.6091960538925,0.02728403738009501,6.151154267542937,54.50017511221706,0.9792171712750305,0.009505703422053228,581.428431109862,0.6097560975609756,True,SUCCESS,526,52.59999999999702,1,675426.9243478746,1323.3676519754918,4436.38408112971,234.9293117199721,dry,0.9846343544890601,0.7696153694348347,0.4449581370689413,0.0,0.0,3.176096571297121,1012.1415381148806,0.9762199299046398,37.29999999999789,1643.4128244625024,44.49999999999748,47.59999999999702,200.32254128064938,581.428431109862,5268.038697894555,124.09635979392353,134.02406857743742,659334424,63.08103772237436,4.573461438748471,12.887499924957899,9.301646831990142,3.3808597717483777,11.721461460611991,30.0,4.999999999999998,128.08333333333456,-5.259999999999932,-28.715030754614816,0.0,0.0,0.0,0.0,-0.3999999999999998,0.0,0.0,1000186
full_throttle,241.93052935161887,17.47820147860843,39.135628008006826,0.025525490129245588,6.224762872405104,54.20439878998909,0.7856240367653814,0.009671179883945839,549.164546379135,0.6410256410256411,True,SUCCESS,517,51.69999999999707,1,678039.5546707887,1325.452663931403,4278.841652589017,195.6395853557775,dry,0.9705272606558142,5.76081183958551,-3.1913572602489233,0.0,0.0,2.8454662173853915,1012.4397779597922,0.9782288132277713,37.0999999999979,1614.567743400787,43.999999999997506,46.69999999999707,198.79312035504893,549.164546379135,5146.689447108692,124.24725812100925,134.18703877069,715459857,60.9560992997139,3.8622136432036274,12.80544019871109,9.300701768103039,3.385749337367528,11.280553040204087,30.000000000000007,4.999999999999998,128.45833333333456,-5.169999999999934,-17.548561269019,0.0,0.0,0.0,0.0,-0.3999999999999998,0.0,0.0,1000187
full_throttle,259.99990135608175,10.040008984182665,22.85484538633691,0.03228072947906732,6.151863016318555,55.02101729292288,0.4432788192883503,0.0093984962406015,593.596983289001,0.5952380952380952,True,SUCCESS,532,53.19999999999698,1,682817.2466427507,1322.9199012876095,4723.035114294429,99.99654095806592,dry,0.962578890640252,7.587819418955727,-1.6529469285061977,0.0,0.0,1.8699013221505245,1011.3353307094745,0.9796293734422451,37.699999999997864,1667.7909285716428,44.899999999997455,48.19999999999698,201.63037878698574,593.596983289001,5304.690843233269,124.54300455155736,134.50644491568195,1301726118,64.2741045343423,6.504577822718483,13.431646026420175,9.339665070205776,3.414518053251032,11.880561757377635,29.999999999999993,4.999999999999998,127.8333333333346,-5.319999999999931,-5.958505241568145,0.0,0.0,0.0,0.0,-0.3999999999999998,0.0,0.0,1000188
full_throttle,267.85424993292577,9.163349864143296,19.38171131495449,0.03356824131576328,5.620625451014018,55.75208274261304,0.3966566779242224,0.008802816901408448,607.7410103913037,0.5681818181818182,True,SUCCESS,568,56.79999999999745,1,718349.7341786106,1322.9961852274262,4652.856799371695,348.5780014682477,dry,0.958342047946679,6.08222241344804,1.9303141553329204,0.0,0.0,-2.1224547166002123,1011.5721180201505,0.9717606974471018,40.299999999997716,1833.610134380987,48.09999999999727,51.79999999999745,204.81241199735018,607.7410103913037,5175.306992673348,126.84526473158333,136.99288591011,749538878,70.30807444779963,7.300360088830406,14.465362422967077,9.896594572979158,3.607632775379439,12.322141742321268,30.000000000000004,4.999999999999998,126.3333333333344,-5.679999999999923,-5.299249450685637,0.0,0.0,0.0,0.0,-0.3999999999999998,0.0,0.0,1000189
full_throttle,258.7347323110846,5.028055434983941,10.487274550716835,0.023124734197740276,6.117966235550727,53.408223975612806,0.274501895238812,0.009960159362549797,466.2411941165604,0.7246376811594203,True,SUCCESS,502,50.199999999997154,1,684569.8005258832,1331.679659065009,4625.519206059479,342.56894386453337,dry,0.9594311342133174,3.0222596570907276,-3.9532895099558503,0.0,0.0,4.518411068454291,1010.1857253143461,0.9765379197337181,34.39999999999805,1371.568766904028,43.39999999999754,45.199999999997154,192.97408488139533,466.2411941165604,4658.452758489454,125.34210000354582,135.3694680038295,1634934129,56.66938105385423,8.818310713161317,12.55907782731702,9.644515674812672,3.212388177940397,10.57786257639222,30.000000000000004,4.999999999999998,129.0833333333345,-5.019999999999937,-1.410137045727813,0.0,0.0,0.0,0.0,-0.3999999999999998,0.0,0.0,1000190
full_throttle,-3.053140729846774,12.854060616060124,30.015430138816374,0.02531190672518957,-1.5962155779025737,55.86330105010771,0.948048681189379,0.01157407407407407,10.616068117770794,0.0,False,RUNWAY_EXCURSION,432,43.19999999999755,1,764285.4160917966,1323.1953978963052,4479.574524070689,235.69380380033527,dry,0.9614166137846848,0.8265225707854658,-2.72786387345817,0.0,0.0,0.9503172832953224,1012.1143960176566,0.9924865542070614,,,,,183.12683303875173,10.616068117770794,62.56720229795391,131.5037254931037,142.024023532552,1384663403,39.41490543414974,4.5811905622429165,10.033942848587294,11.08890174138141,1.2939882158853309,0.0,3.1848204353312384,0.0,0.0,-4.319999999999952,-7.930889967424704,0.0,0.0,0.0,0.0,-0.3999999999999998,0.0,-60.0,1000191
full_throttle,249.07571253445676,14.610993276762619,30.348043988048474,0.026787715640110003,5.880876381514532,54.03515051359994,0.5626930858786434,0.00936329588014981,541.8509245685841,0.6329113924050633,True,SUCCESS,534,53.39999999999697,1,707554.221606362,1326.6443008007586,4375.7661914985265,71.01473636748362,dry,0.9508870397180742,3.1119449829197956,-2.1532369139617424,0.0,0.0,-1.134142395555803,1010.4377860665564,0.9817461187172251,38.49999999999782,1712.91942530024,45.599999999997415,48.39999999999697,200.84150022464758,541.8509245685841,4979.476648905819,126.17659611897626,136.27072380849438,725109665,63.41059497474613,3.4419798498300267,13.389808954542948,9.637234514050911,3.4479614716566815,11.404679491955786,30.0,4.999999999999998,127.75000000000126,-5.339999999999931,-12.666546722327077,0.0,0.0,0.0,0.0,-0.3999999999999998,0.0,0.0,1000192
full_throttle,267.6766859305492,2.8586331181669156,4.816417282125244,0.029746133809042178,6.281809044200934,54.60127699724538,0.13854472799101364,0.009708737864077666,558.1852749099091,0.6329113924050633,True,SUCCESS,515,51.49999999999708,1,673796.1529964489,1324.5753891845336,4685.990331890955,195.2965120004112,dry,0.9515799252779723,6.115473918186459,-3.976739744209864,0.0,0.0,1.9524195800734523,1011.7991614296175,0.9779186811885674,36.799999999997915,1596.9322103521315,43.69999999999752,46.49999999999708,199.39629926732755,558.1852749099091,5221.21502564769,123.70679880183671,133.60334270598366,527421476,60.89885491719068,12.354584897439613,13.004865443264249,9.186828033603891,3.365239295552542,11.342254277019615,29.999999999999996,4.999999999999998,128.54166666666788,-5.149999999999935,-0.4676076001893959,0.0,0.0,0.0,0.0,-0.3999999999999998,0.0,0.0,1000193
full_throttle,250.46489649607497,18.210478109151584,42.20144900572893,0.029770902328072748,5.4096209662386885,54.65524007853041,0.7770374562438428,0.008741258741258738,576.1463097048743,0.5813953488372093,True,SUCCESS,572,57.19999999999777,1,732124.2285678008,1325.5919862725111,4227.754564538324,85.88563229708984,dry,0.9738062902378513,3.3554272623368044,-0.4624660701111458,0.0,0.0,0.8451703999579898,1011.9560411783385,0.9804653090934682,40.99999999999768,1872.91954354907,48.69999999999724,52.19999999999777,203.62290926662493,576.1463097048743,4949.168376148965,128.69380623513393,138.98931073394465,191524320,70.20168660183036,6.000830720167939,14.350479881912348,10.28779377273995,3.529405507804613,12.124422835545959,30.0,4.999999999999998,126.1666666666676,-5.7199999999999225,-21.07638949059384,0.0,0.0,0.0,0.0,-0.3999999999999998,0.0,0.0,1000194
full_throttle,240.2086182483273,22.095983303485827,49.48431771323038,0.034347467630894156,5.19407210721742,54.64121896496853,0.8427533039060647,0.008474576271186437,559.3178975659343,0.5813953488372093,True,SUCCESS,590,58.999999999999204,1,747288.1628677833,1327.8208838873566,4374.392458744189,254.13260839728935,dry,0.965448537804962,7.801663051158858,2.3494907835252397,0.0,0.0,3.901489478550997,1012.8805799431385,0.9763724584072265,42.599999999997586,1997.2955656719985,50.49999999999714,53.999999999999204,202.44939859371192,559.3178975659343,4764.107609372154,130.64579297634918,141.09745641445713,2112851000,72.61899290027182,4.1148652391726745,14.797604178883079,10.901196460458008,3.5547332260081923,12.110910922119192,30.0,4.999999999999998,125.416666666667,-5.899999999999919,-32.00635134525283,0.0,0.0,0.0,0.0,-0.3999999999999998,0.0,0.0,1000195
full_throttle,235.09691108170745,18.96062553713502,41.23622539658316,0.024756229816935447,6.3267655573767,53.94549309411519,0.8684266223678174,0.009980039920159677,492.19731126753663,0.7142857142857143,True,SUCCESS,501,50.09999999999716,1,685725.9552916171,1329.2499105328532,4598.566512987105,218.96798248338234,dry,0.9986883446721357,5.818900602990793,0.9168831675971272,0.0,0.0,0.09936890805348675,1014.9229969483907,0.9789928359296584,34.39999999999805,1392.0554254658218,43.19999999999755,45.09999999999716,196.66491137352398,492.19731126753663,4910.035733425438,124.20632646254549,134.14283257954915,257160174,57.26300434760988,3.60425969709176,12.230962982760724,9.256120108061797,3.4547279029019577,10.585298898889878,30.000000000000004,4.999999999999998,129.1250000000012,-5.009999999999938,-20.012462855609744,0.0,0.0,0.0,0.0,-0.3999999999999998,0.0,0.0,1000196
full_throttle,229.30239577335658,22.895235720895318,50.05489946596011,0.027893631280963962,6.14734510478466,54.126623480634045,0.9870534199142489,0.009541984732824424,533.0138465574514,0.6493506493506493,True,SUCCESS,524,52.39999999999703,1,691861.7169300369,1327.417102937522,4362.571627031607,119.26963344691916,dry,0.9994987935972803,2.5196535304752343,-3.898305823924386,0.0,0.0,2.911293422412016,1010.6859248458079,0.9808740555841879,37.89999999999785,1669.1201970779402,44.79999999999746,47.39999999999703,198.32966869522653,533.0138465574514,5008.43423788886,125.6303460360832,135.68077371896987,2018838096,61.62912041898227,3.6895840465517216,12.779238247661002,9.60686910151706,3.419006686140682,11.17152316215253,29.999999999999996,4.999999999999998,128.1666666666679,-5.239999999999933,-30.519612556316588,0.0,0.0,0.0,0.0,-0.3999999999999998,0.0,0.0,1000197
full_throttle,233.72196424138775,23.68668203243061,50.58822143296267,0.03254415197549108,5.458887745326679,54.89466691320878,0.8415542978563871,0.008665511265164641,584.6295740233237,0.5747126436781609,True,SUCCESS,577,57.69999999999817,1,724840.8373874264,1325.619154889361,4283.944847688326,267.43338938846335,dry,0.9988859936354881,6.833091863822254,1.5002824889832618,0.0,0.0,4.956400203907088,1015.1253678818894,0.9753660758339564,41.29999999999766,1892.3683380880477,49.099999999997216,52.69999999999817,202.49937871428278,584.6295740233237,4977.098550556988,128.75820817034304,139.05886482397048,1304355310,71.157996421692,3.1282668543259384,14.398986011455923,10.443754201037025,3.5381674599031223,12.236569803201494,30.00000000000001,4.999999999999998,125.9583333333341,-5.769999999999921,-35.97010984356186,0.0,0.0,0.0,0.0,-0.3999999999999998,0.0,0.0,1000198
full_throttle,265.50010905906925,5.601443117423133,13.688626052756346,0.026817472220423445,6.128901961025976,54.91979911541479,0.3323397684935269,0.009469696969696966,535.339841788133,0.6493506493506493,True,SUCCESS,528,52.799999999997006,1,686052.1232675953,1327.3706458693498,4359.311795602012,465.0177863591919,dry,0.9757424518432759,7.888643899364592,0.34582371683513147,0.0,0.0,4.995543990974877,1013.3844504532195,0.9711924368217828,38.199999999997836,1670.8425178732132,45.19999999999744,47.799999999997006,197.53218352072864,535.339841788133,5023.742722669108,125.38161918035478,135.41214871478317,1416135778,62.328451721501466,10.057152122338103,13.326352528605474,9.678930713932935,3.432121746656007,11.197835239233921,30.0,4.999999999999998,128.00000000000125,-5.279999999999932,-1.840735013199984,0.0,0.0,0.0,0.0,-0.3999999999999998,0.0,0.0,1000199
