policy,total_reward,centerline_rms_m,centerline_max_m,max_roll_deg,max_pitch_deg,max_alpha_deg,max_heading_error_deg,control_roughness,max_agl_ft,stabilization_fraction_after_100ft,success,reason,transitions,duration_s,level,mass_lbs,cg_x_in,runway_length_m,runway_elevation_ft,runway_surface,static_friction_factor,headwind_kt,crosswind_kt,gust_sigma_kt,turbulence_severity,delta_isa_c,qnh_hpa,density_ratio,liftoff_time_s,runway_distance_used_m,time_to_100ft_s,takeoff_time_s,final_airspeed_kt,final_agl_ft,final_vs_fpm,vs_est_kt,vr_est_kt,seed,rc_progress,rc_centerline,rc_heading,rc_acceleration,rc_rotation,rc_climb,rc_altitude_progress,rc_stability,rc_success_bonus,rc_time_penalty,rc_lateral_penalty,rc_roll_penalty,rc_heading_penalty,rc_aoa_penalty,rc_sideslip_penalty,rc_control_oscillation_penalty,rc_premature_rotation_penalty,rc_failure_penalty,eval_seed
full_throttle,-37.47505213367936,8.612536889906409,30.117080264336504,0.6165462687300154,-1.3673064601625207,4.155485063424585,11.756046343188334,0.01766784452296819,1.9617696601708303,0.0,False,RUNWAY_EXCURSION,283,28.2999999999984,3,613236.3463711591,1327.9638530880625,4408.363625183106,3445.126020744456,wet,0.7095981075750546,10.927955069701623,-9.543560988730409,3.335866187113218,1.1198950172957993,-7.418537056312071,994.2532161204259,0.9001337403370849,,,,,138.33858605638045,1.9617696601708303,27.471221032784,117.11479785327977,126.48398168154216,1453380691,16.71076397587652,2.954670459590342,3.8975894792782686,8.311668232676158,0.7486656765103715,0.0,0.588530898051249,0.0,0.0,-2.8299999999999836,-2.332416560604408,0.0,-0.9507864562673294,0.0,-4.173737838790554,-0.3999999999999998,0.0,-60.0,1000000
full_throttle,-44.50203801232864,11.580184045569801,30.288367671408345,0.15974498586785704,-2.5153004931887857,-2.544170244705871,4.020189298619036,0.0209205020920502,1.1370183865597028,0.0,False,RUNWAY_EXCURSION,239,23.89999999999864,3,786210.5241126008,1323.2436548037135,4111.065677986759,1317.297229235797,wet,0.7231280295772251,17.364938386396283,0.874853429512199,2.690946723091058,0.1932013438465332,-14.295597841121218,1005.9218208745665,0.9596710649158247,,,,,116.08494618913936,1.1370183865597028,7.199536630739818,130.21108638524993,140.62797329606994,998109225,9.625864765782534,1.7392196956445194,2.54808737012321,7.700754125353768,0.0,0.0,0.3411055159679107,0.0,0.0,-2.389999999999993,-3.5611175938328197,0.0,-0.08266734965271885,0.0,-0.023284541715038534,-0.3999999999999998,0.0,-60.0,1000001
full_throttle,-57.619503008045065,9.874177931620617,30.348267041004544,1.0586495658587893,-2.1881887237785698,176.6030586225352,10.782622766565307,0.02136752136752136,0.8587005306351898,0.0,False,RUNWAY_EXCURSION,234,23.39999999999867,3,681449.8638684497,1331.1238486626878,3470.7185000308095,404.0795102858935,wet,0.6271149648544936,-1.2196278864271681,18.982981011067174,2.0292176497972187,0.27129491680142226,22.9420322272584,997.7453898321901,0.9887266415411431,,,,,102.2310399111173,0.8587005306351898,6.846143773473639,129.73355557788085,140.11224002411132,1575982921,9.810137202256335,1.3792039242042669,2.7919900663905977,7.46497118722969,0.0,0.0,0.25761015919055696,0.0,0.0,-2.339999999999994,-2.5349841354578935,0.0,-0.5736074463558014,0.0,-13.47482396550282,-0.3999999999999998,0.0,-60.0,1000002
full_throttle,-25.415027806413732,9.739378759571697,30.152512749039907,0.3758385325971254,-1.92417484762598,-0.9675577658944893,5.978276072679325,0.014084507042253516,1.7565498928843226,0.0,False,RUNWAY_EXCURSION,355,35.49999999999799,3,780997.439612504,1330.0003112145798,4020.5180413966136,3237.901286789757,wet,0.6598573613155819,14.495722875118236,3.185714838588254,2.0276006693160897,1.8757735533642206,12.073923226871415,1003.9385588406279,0.911829502306615,,,,,135.24012742467366,1.7565498928843226,6.994538193922271,136.01746384370824,146.8988609512049,181836731,21.640596983168358,2.4652182325401677,6.185515801933131,12.199446086541741,0.0,0.0,0.5269649678652967,0.0,0.0,-3.5499999999999683,-3.741522445661189,0.0,-0.11683310794202485,0.0,-0.6244143248592854,-0.3999999999999998,0.0,-60.0,1000003
full_throttle,-41.927521596785326,9.732490967617482,30.724011612125146,0.9568774187519519,-2.7008435343848283,0.7669798018325367,11.10681528793406,0.014925373134328353,1.347990444693096,0.0,False,RUNWAY_EXCURSION,335,33.4999999999981,3,800117.8906264148,1310.7734814650482,3580.3671786846407,2999.7265929670525,wet,0.7426843841003392,12.10703897172148,-11.595076865439006,1.7044194621378206,1.0190735939642301,23.10578004548408,1002.9594631854538,0.9209042739533004,,,,,123.30793162358326,1.347990444693096,6.271579238482907,140.2473940031667,151.46718552342006,730354876,17.768419392587887,1.381444795511121,4.955804855733329,11.335883744362553,0.0,0.0,0.4043971334079287,0.0,0.0,-3.3499999999999726,-3.5257402717381363,0.0,-0.7562992793645902,0.0,-9.741431967285488,-0.3999999999999998,0.0,-60.0,1000004
full_throttle,-57.54256863489522,10.831637032791413,30.085862968131778,0.7845365834197703,-2.0192963667559574,-2.03154268552355,11.492733331593985,0.022421524663677122,1.2703808037267663,0.0,False,RUNWAY_EXCURSION,223,22.299999999998732,3,596063.3084833008,1308.651072440147,4308.201164545221,4346.679816602705,wet,0.7700998518415334,21.554294419353166,18.471835700324096,3.3633560876603332,0.7342193387195062,-0.8450128703589002,990.4282075426662,0.8781638951459707,,,,,118.90591546357348,1.2703808037267663,8.015307875608464,117.03265667238138,126.3952692061719,1476772470,9.058776753565636,0.6047960402245346,2.5362621062307293,7.1431932019127915,0.0,0.0,0.3811142411180299,0.0,0.0,-2.2299999999999964,-2.9070369400734286,0.0,-0.6466349983156383,0.0,-11.083039039557862,-0.3999999999999998,0.0,-60.0,1000005
full_throttle,-55.01460224560065,8.642482659304468,30.438473280646356,0.9250363978321149,-2.586582566500694,-2.4837381333223876,7.751693077751818,0.016835016835016828,0.8755854970672772,0.0,False,RUNWAY_EXCURSION,297,29.69999999999832,3,891698.3059853879,1346.6563114232054,3377.3972232645924,3343.2773559299144,dry,0.9492068025340289,9.747495372705673,16.328515855484323,3.156878207528682,0.6252878578509462,18.533015307815383,1000.5530448926205,0.9109549982782891,,,,,101.83367394319879,0.8755854970672772,3.247066253562032,147.14129070712116,158.91259396369085,1842279788,12.391241076137641,4.337228730551383,4.019511541786353,9.798361351996588,0.0,0.0,0.26267564912018304,0.0,0.0,-2.9699999999999807,-2.464852715040489,0.0,-0.27418521451072575,0.0,-19.71458266564161,-0.3999999999999998,0.0,-60.0,1000006
full_throttle,-47.30646552490586,10.30652930996707,30.40788534221428,0.42692904353173067,-2.004183060074218,82.53764047397455,6.332954843300399,0.020325203252032513,0.7205102037405595,0.0,False,RUNWAY_EXCURSION,246,24.59999999999861,3,704296.4710063544,1351.9999190364358,4232.596026295079,2246.0454931256436,dry,0.9153222693732574,-1.650623101811164,-11.511295884799768,3.3445908970313476,1.330327727026741,23.89830486302901,1005.2896220858079,0.9403583125970943,,,,,89.0197716266761,0.7205102037405595,3.3707593305629757,131.59635420469002,142.12406254106523,2140195729,10.060707179009718,2.4674414609686783,2.426788139942029,7.91565540545196,0.0,0.0,0.2161530611221679,0.0,0.0,-2.4599999999999915,-2.903470935403748,0.0,-0.17005453233772358,0.0,-4.459685303658923,-0.3999999999999998,0.0,-60.0,1000007
full_throttle,-46.16922689563608,12.069834382974557,30.076734230488597,0.4082354106216422,-2.6943099549358784,-1.2152991197868006,4.845841543278836,0.01908396946564885,0.9715618133359385,0.0,False,RUNWAY_EXCURSION,262,26.199999999998518,3,832744.8055952284,1331.0213461925796,4380.825091520557,4058.9681252048636,dry,0.9065853021821718,22.938920671565544,-4.413128505233878,3.523934180012363,1.2456939266131746,-3.8487970737325305,1026.9794694742493,0.8847306155794652,,,,,107.07486640664582,0.9715618133359385,4.329611035959413,135.13418327925558,145.94491794159603,1986273948,9.677110885405924,0.7201154877946278,3.195500428494411,8.339100209972088,0.0,0.0,0.2914685440007816,0.0,0.0,-2.619999999999988,-4.240932925833102,0.0,-0.04051282869986316,0.0,-1.0910766967709498,-0.3999999999999998,0.0,-60.0,1000008
full_throttle,-63.75144506559876,12.945861992483879,30.37770544369471,0.8112697033644745,-3.232956803555423,-3.098636987357926,6.613015727367446,0.0219298245614035,0.5391907864959649,0.0,False,RUNWAY_EXCURSION,228,22.799999999998704,3,870162.843993373,1325.2959773096204,4260.291501543501,1673.4033423318556,dry,0.9093911624858727,9.391390608754321,-18.0049029776902,2.60170046573721,0.6786054330447377,8.515873358311392,992.9548679528419,0.952973639942604,,,,,90.58358021175388,0.5391907864959649,5.087565676345918,143.50601188982614,154.98649284101225,1458592668,7.109221693709868,0.21613255661783548,2.022951954935864,7.153152038689206,0.0,0.0,0.16175723594878944,0.0,0.0,-2.2799999999999954,-4.245748682453782,0.0,-0.15805609701395518,0.0,-13.330855766032583,-0.3999999999999998,0.0,-60.0,1000009
full_throttle,-52.24593652649094,8.34067524945764,30.24676185083234,1.0507910010687973,-3.3471774005861366,-1.6630429285968218,10.02812155792836,0.017605633802816895,1.130991411170271,0.0,False,RUNWAY_EXCURSION,284,28.399999999998393,3,879774.3150723366,1303.2728710322792,4061.4217803323377,2260.4216764988987,wet,0.7183853973074876,16.389276461142053,15.267986917059462,1.4767910245164817,1.1504819192630078,-6.360165485107876,1019.9760909200656,0.9337533503781257,,,,,117.96945563593474,1.130991411170271,5.434662631867404,138.75674123597776,149.857280534856,1814746022,12.020772010860396,4.125707069332734,3.7873425498344018,9.266586091102603,0.0,0.0,0.3392974233510813,0.0,0.0,-2.8399999999999834,-2.1952210296893253,0.0,-0.5056893933687895,0.0,-15.844731247914059,-0.3999999999999998,0.0,-60.0,1000010
full_throttle,-37.02151037686864,13.041070792125815,30.994298350516925,1.0217498560804756,-2.2500479339878567,179.98571110308012,10.868491267195878,0.011709601873536295,1.4490950872800568,0.0,False,RUNWAY_EXCURSION,427,42.69999999999758,3,880342.1062218139,1340.7611624994904,4186.354224915104,4082.123543769397,wet,0.7672947747502566,-3.0598595572187492,11.556327790769569,0.887245634447468,1.7253367912060484,15.838122637578394,1008.253742635382,0.8912771294114727,,,,,126.17256808346447,1.4490950872800568,4.032367454301529,145.0006371686355,156.60068814212636,1077289349,27.71811935919642,2.7873384558877126,5.630301324104951,14.843809349422695,0.0,0.0,0.4347285261840169,0.0,0.0,-4.269999999999953,-8.068854244670689,0.0,-1.0402551682328571,0.0,-14.656697978761047,-0.3999999999999998,0.0,-60.0,1000011
full_throttle,-56.4245095059447,11.827791839635445,30.19731735002729,0.6853877334427233,-2.009355008190883,0.1303580811082179,8.898493684220364,0.02347417840375586,1.3754514972683864,0.0,False,RUNWAY_EXCURSION,213,21.29999999999879,3,628706.9472525915,1312.0150399299505,4308.4921528723935,1096.5583948965163,wet,0.8842760860447791,20.407386121280847,-13.248413613168655,0.13782907111435305,1.4984121606512752,-2.617366127203704,1010.2457140086452,0.9676074731593042,,,,,124.31645735224897,1.3754514972683864,11.541336418960704,118.64222541086752,128.13360344373694,1202598573,8.622502864229917,0.3156200967453103,2.377308901894077,6.7758185876300745,0.05423252173310595,0.0,0.4126354491805158,0.0,0.0,-2.1299999999999986,-3.310887615308009,0.0,-0.32655031365427667,0.0,-8.815189998395407,-0.3999999999999998,0.0,-60.0,1000012
full_throttle,-42.705009801079,9.453139677771404,30.910117665317316,2.0193754508600086,-1.3324086309274035,177.37734936818697,15.084489411035847,0.01602564102564102,4.474868662807694,0.0,False,RUNWAY_EXCURSION,312,31.199999999998234,3,578035.054995148,1327.523785547733,4077.0675032697172,3935.1219670037653,wet,0.8332388842958662,-4.103032993952093,-13.307693698285481,2.431321325028616,0.6032756140203352,9.279756446822368,1008.6314543286065,0.8926630387578679,,,,,144.6603926627948,4.474868662807694,183.69937958213694,116.19938504575586,125.49533584941634,1469563401,21.424829612762345,2.7715862902604442,3.580583634158928,9.150697100277018,0.6443532413162393,0.0,1.342460598842308,0.0,0.0,-3.1199999999999775,-3.097877458605143,0.0,-2.6337014722307197,0.0,-12.36794134786047,-0.3999999999999998,0.0,-60.0,1000013
full_throttle,-63.845180007643165,13.871791543394467,30.394956484092845,0.6398058282945317,-3.106045856126491,-2.6854726108090246,7.521645403557308,0.025252525252525245,0.3782346588895962,0.0,False,RUNWAY_EXCURSION,198,19.799999999998875,3,726461.009352643,1305.9447084743467,3524.8833591269595,3678.50103576964,wet,0.672882393935946,4.918744428953332,-9.957029578007791,3.870495657332133,0.16657264338328304,0.656488320129176,994.3348886847947,0.8966044198834194,,,,,78.3273247540606,0.3782346588895962,4.515738256945365,129.28379027326244,139.62649349512344,1040438435,5.6026492411368904,0.0488271263301198,1.2655801993198845,6.029661319079108,0.0,0.0,0.11347039766687882,0.0,0.0,-1.9800000000000015,-4.233385213714588,0.0,-0.2935495703460047,0.0,-9.998433507115452,-0.3999999999999998,0.0,-60.0,1000014
full_throttle,-36.226408697450054,11.192202780766534,30.108470913453004,0.15858167509221605,-2.3680942661960502,-2.394808508093217,3.345666285196275,0.01618122977346278,1.2702367676201902,0.0,False,RUNWAY_EXCURSION,309,30.89999999999825,3,855628.6219125433,1339.2273446698457,3358.4284203211005,4765.035985307838,wet,0.6819258836299961,22.456330705749526,-1.0298349451458755,2.6352944337433604,0.5072324737158611,-6.786308896806537,1002.2553846753023,0.8644931448768054,,,,,120.84769474385426,1.2702367676201902,6.4768014625409265,137.9393789685476,148.9745292860314,1794944360,13.821699479409906,2.846226168874055,4.385639482437825,10.18855491562418,0.0,0.0,0.3810710302860571,0.0,0.0,-3.089999999999978,-4.300778839279072,0.0,-0.0017655965626345179,0.0,-0.05705533824042927,-0.3999999999999998,0.0,-60.0,1000015
full_throttle,-41.947237913235774,162.17641821550166,400.23468950932136,3.2919960509631596,19.643469598862048,-1.3024404501841829,13.725578905690611,0.007429420505200591,2518.6520199403767,0.0,False,ENVELOPE_VIOLATION,673,67.30000000000581,3,601132.6269825038,1329.392341359437,3600.21484966785,2834.0791507841805,wet,0.6877450636601953,9.895042069004285,-8.424280454298438,2.742746679869556,0.48262751218776967,24.679538590928644,1031.3176804708953,0.8631929727168466,31.59999999999821,1121.6716210047603,41.399999999997654,,127.28090398933088,2518.6520199403767,5112.018527368835,120.18315003741002,129.79780204040281,1061664524,79.70623366606382,2.2186961523813755,4.035111643663416,9.098717576936968,3.1630494497956074,29.646825651247298,30.0,0.0,0.0,-6.729999999999901,-126.49324647286547,-0.0009674935388554144,-10.447835599992247,0.0,-5.743822486928317,-0.3999999999999998,0.0,-50.0,1000016
full_throttle,-57.19873859079451,9.944094254277855,30.116814796588415,0.8632735303666403,-2.386297432786226,28.518734754922964,7.71397207184589,0.020833333333333325,0.6680925539083091,0.0,False,RUNWAY_EXCURSION,240,23.999999999998636,3,765708.441307438,1340.5049697822988,3633.8750844768037,1319.7613851306971,wet,0.8243999983010167,4.017778687135122,-16.052211049702823,1.727129340045523,1.3540915151581552,8.076962357616075,990.2348828528369,0.962620837183517,,,,,95.67315364414188,0.6680925539083091,4.494600856209452,134.7025094916865,145.47871025102143,638112300,9.254419704894998,2.019714218069086,2.638926493810847,7.7231692738726485,0.0,0.0,0.20042776617249275,0.0,0.0,-2.399999999999993,-2.6369336143456503,0.0,-0.2540818926552616,0.0,-13.344380540613681,-0.3999999999999998,0.0,-60.0,1000017
full_throttle,-51.604562436925605,8.940805137161355,30.42246744272783,1.0633410527728675,-2.836234651293836,177.69572914270464,7.7210702641911055,0.01655629139072847,0.8070407370855719,0.0,False,RUNWAY_EXCURSION,302,30.19999999999829,3,885843.6386388054,1336.188857129057,3503.48064093686,3138.8636322987763,wet,0.828290810442932,-3.7647824080652024,-15.14739946414349,0.2748293253253338,1.5060117365532373,4.133276184243073,1024.5978078488831,0.9122212545088255,,,,,103.1953041927685,0.8070407370855719,6.012459343685492,141.483109053351,152.8017577776191,814342290,14.054402242315374,3.419746015615414,4.660448732110059,9.985344532005502,0.0,0.0,0.24211222112567166,0.0,0.0,-3.0199999999999796,-2.682363882578738,0.0,-0.21458026490707197,0.0,-17.64967203261187,-0.3999999999999998,0.0,-60.0,1000018
full_throttle,-62.008928614707166,10.340672482139691,30.332218004552296,0.7471566796977904,-3.133849643711306,176.09562640207085,8.448886202568719,0.022222222222222213,0.42287409710979773,0.0,False,RUNWAY_EXCURSION,225,22.49999999999872,3,797734.9059472722,1317.9553156085062,3349.47398395496,2639.8299120075453,dry,0.9638792469140679,-4.880738633238126,-17.872145429329887,2.713777548126912,0.4197807642809426,-12.14229818662011,997.500265281208,0.9214613657381241,,,,,79.6335267625284,0.42287409710979773,3.0345527620143997,132.2312719625018,142.80977371950195,2050718901,7.5108404022999595,1.9318678397059839,1.1764669329920248,6.936871746492179,0.0,0.0,0.12686222913293932,0.0,0.0,-2.249999999999996,-2.673237684572026,0.0,-0.6472970821779486,0.0,-13.721302998580272,-0.3999999999999998,0.0,-60.0,1000019
full_throttle,-12.596369220932992,154.83339098270613,400.176350458308,3.1871942321735935,8.044841992555048,-1.291253014571432,8.649207138927611,0.004911591355599212,3232.924554766294,0.0,False,ENVELOPE_VIOLATION,1018,101.80000000003326,3,683285.2841660782,1305.7897207742349,3706.1961436376037,2693.069538309226,wet,0.7148438564974307,18.40546614731608,-3.525061166436707,2.9447046072879792,1.0321381643807106,-6.168435819933276,987.7703205907136,0.8341540638147426,45.399999999997426,2176.9957191911535,53.19999999999698,,191.83000886651973,3232.924554766294,604.3862075423032,124.30373898264615,134.24803810125786,1666111015,150.12541716658487,1.3578766268034193,18.00371074346917,9.636299038716036,3.834767876240222,49.77562230082108,30.000000000000007,0.0,0.0,-10.179999999999827,-212.86602028483085,-0.00021050347936450923,-1.3787741247741918,0.0,-0.5050580604851205,-0.3999999999999998,0.0,-50.0,1000020
full_throttle,-44.963883403812126,9.500910219446514,30.07153910103215,0.44077897838564156,-1.7915990801480965,179.89695173220187,7.350500511489189,0.02074688796680497,0.9334186160917852,0.0,False,RUNWAY_EXCURSION,241,24.099999999998637,3,650106.2954393894,1345.0848465168804,3525.166955684368,3145.426765369408,wet,0.6022596787061726,-1.6752467434384375,-8.450489239421037,0.014259924255335843,1.452694962714875,4.36456986207137,1026.6239491950148,0.9120573013806627,,,,,104.2278809575038,0.9334186160917852,7.547381940371292,121.13259711991198,130.82320488950495,1222163688,10.821216853031956,2.9129346843289086,2.698299913730013,7.78126468078461,0.0,0.0,0.28002558482753553,0.0,0.0,-2.4099999999999926,-2.417157566057106,0.0,-0.23761590571240646,0.0,-3.9928516487456434,-0.3999999999999998,0.0,-60.0,1000021
full_throttle,-52.74973517302821,10.147793106534998,30.86777514674731,1.107095762045768,-1.7939787551724304,-0.6710098796025813,13.16396652358322,0.01533742331288343,1.7161153956685666,0.0,False,RUNWAY_EXCURSION,326,32.599999999998154,3,790139.5560971838,1341.7031272589377,3555.1339475065497,4692.020292265969,wet,0.7504774942519084,16.493206724310948,-16.063580670531163,2.560528100263603,1.350181682863644,-1.5414544938005026,1025.2469732522115,0.8687363339728646,,,,,130.36674073529417,1.7161153956685666,5.7331822623709705,132.2765955792911,142.8587232256344,1535650621,17.212359449553,1.358921171893097,3.9080772990244723,10.96324533944176,0.0,0.0,0.51483461870057,0.0,0.0,-3.2599999999999745,-3.7300813120189797,0.0,-1.597534315539338,0.0,-17.719557424082847,-0.3999999999999998,0.0,-60.0,1000022
full_throttle,-45.47691885083167,7.397126001569646,30.05828576846966,0.791917317325499,-2.5299047450032752,-0.8201703552011851,9.438389842786982,0.016835016835016828,1.3513786051084935,0.0,False,RUNWAY_EXCURSION,297,29.69999999999832,3,792310.2811201188,1315.705082197497,4467.294769689097,2275.092871447337,wet,0.7844079042275195,7.236796491604698,-11.25683409894106,2.6806051732485146,1.1026992052519153,2.8945698932786854,1005.2195169668673,0.9353723336791747,,,,,121.73017925453397,1.3513786051084935,4.818206741208968,134.80243195389698,145.58662651020876,1419087310,15.068682570573344,4.65797255433421,4.241376837079208,9.955133045435637,0.0,0.0,0.40541358153254786,0.0,0.0,-2.9699999999999807,-1.8056766117422254,0.0,-0.5009029516023342,0.0,-14.128917876442099,-0.3999999999999998,0.0,-60.0,1000023
full_throttle,-32.593736531442815,11.751141979275854,30.282162417927278,0.13012733306282992,-1.405919882181456,2.1345136890210257,2.772455398092771,0.017064846416382246,1.643969764133999,0.0,False,RUNWAY_EXCURSION,293,29.29999999999834,3,635526.3098414678,1339.2263750078496,3239.19286121373,4020.76143500337,wet,0.6533765589094138,3.9844771110286743,1.1556136128458872,1.6273405270650385,1.65693953495663,7.518409734971769,1006.6935779364524,0.8898928198982927,,,,,131.1090481340786,1.643969764133999,8.362012385235928,121.59658219367289,131.32430876916672,144169914,17.182628693028594,2.2945784365795543,5.196032032188349,9.886861274713484,0.20034436137485512,0.0,0.49319092924019964,0.0,0.0,-2.9299999999999815,-4.495575108934453,0.0,0.0,0.0,-0.0217971496334481,-0.3999999999999998,0.0,-60.0,1000024
full_throttle,-44.16410994590175,7.129948389805479,30.014637617868786,1.4044822997355801,-1.9631320285568907,13.30496849516593,12.982336422253118,0.01798561151079136,1.6387731134831824,0.0,False,RUNWAY_EXCURSION,278,27.799999999998427,3,743332.5889548758,1326.774497445805,3835.79910897611,283.99781161851047,dry,0.9244689336760553,9.4709430441516,-14.260467429021633,2.962572002202387,1.3372043054947227,-8.163495376077496,988.5486500316731,0.9910575223736183,,,,,132.63524537952145,1.6387731134831824,5.966696609649507,129.14033231304427,139.4715588980878,1026130777,14.77952879975704,5.409841406544025,3.9010032478709085,9.375541171683624,0.0,0.0,0.49163193404495487,0.0,0.0,-2.7799999999999847,-1.5702726226087276,0.0,-1.0783631118643866,0.0,-12.293020771329202,-0.3999999999999998,0.0,-60.0,1000025
full_throttle,-48.83163226759551,8.26452231863498,30.441042889502476,0.9530659274966329,-2.0242446992815704,0.391595482122272,11.082147259346998,0.019685039370078733,1.2938735690026988,0.0,False,RUNWAY_EXCURSION,254,25.399999999998563,3,643312.6449629653,1315.9613381872934,4073.148792651531,4038.987413451566,dry,0.9624548502746992,17.03276185899633,14.388956176748076,2.668386211786151,1.4185285243197603,6.611199001103852,1005.0541576100549,0.8891065586155356,,,,,119.23409497697385,1.2938735690026988,7.013520049675996,122.25095380187427,132.03103010602422,242566780,11.593375555713221,3.915403927757293,3.184401526553719,8.256028299876535,0.0,0.0,0.38816207070080966,0.0,0.0,-2.53999999999999,-1.9276435117138646,0.0,-0.6115656921912482,0.0,-10.689794444291973,-0.3999999999999998,0.0,-60.0,1000026
full_throttle,-37.63439307488673,8.942438657158277,30.125601655576126,0.519981158138506,-1.631729331153734,179.76498072593296,8.19828279478718,0.019607843137254895,1.6571023893108077,0.0,False,RUNWAY_EXCURSION,255,25.499999999998558,3,646187.3859642872,1322.8142218594148,4135.556030377247,648.3644261955118,wet,0.8861239910014416,1.6329144866594172,10.4698118608807,3.0559642130160647,1.6960811243501817,-12.605500342589755,1034.4434852040972,0.9798675766041298,,,,,135.6623349948513,1.6571023893108077,6.406718666609876,116.76764299881165,126.1090544387166,1905761077,14.28394611929463,3.6515977121634724,3.571243190268536,7.6629173145119855,0.6627970754263156,0.0,0.4971307167932422,0.0,0.0,-2.5499999999999896,-2.265737592216098,0.0,-0.2667804894080067,0.0,-2.481507121720791,-0.3999999999999998,0.0,-60.0,1000027
full_throttle,-43.589645808728534,10.91039340198713,30.395670481918465,0.4245199823793655,-2.4245152946947375,176.4491631350288,5.386649203793586,0.020161290322580638,0.9265072610769494,0.0,False,RUNWAY_EXCURSION,248,24.799999999998597,3,715233.7806487699,1323.2829251602136,3275.6173639238186,3049.3125686863928,dry,0.9349232743915944,-2.0470872652406924,6.442205972989314,0.2581727897470687,0.14029421946368292,-13.583857853901492,1019.221556975004,0.9092941705926796,,,,,106.73121873824671,0.9265072610769494,6.929828334247663,123.54181764818672,133.42516306004165,53609764,11.14139813488176,1.7370315627553303,3.282249888985664,8.02599972914342,0.0,0.0,0.2779521783230847,0.0,0.0,-2.479999999999991,-3.280121964239871,0.0,-0.05244433551681877,0.0,-1.8417110030610986,-0.3999999999999998,0.0,-60.0,1000028
full_throttle,203.32886634859938,21.85471981498688,58.60806778275011,2.215409252112325,5.779607574406062,0.12078282761152617,8.25239935361859,0.010266940451745376,457.4626336141137,0.6493506493506493,True,SUCCESS,487,48.69999999999724,3,723335.4397092651,1334.035727759764,3300.303419850124,339.47460025592954,dry,0.9956249930929846,23.528188465243375,-11.309364378386784,0.3406477290071952,1.8270030724135091,0.1861080318643218,1009.1940015876755,0.9765465524903691,32.599999999998154,1074.1195457051742,41.09999999999767,43.69999999999724,191.49350693616,457.4626336141137,4224.1860704881965,127.9478064993979,138.18363101934975,1396605761,47.47171235385434,2.976350996123609,5.543106531171079,9.038149698554243,2.612662716415501,11.49474241651811,29.999999999999996,4.999999999999998,129.70833333333448,-4.869999999999941,-25.845023886588834,0.0,-1.3232434221205112,0.0,-8.077924388662693,-0.3999999999999998,0.0,0.0,1000029
full_throttle,212.17964647653739,28.7490812425244,77.75404667343693,1.2449608092696212,4.364939547881661,5.106119323319781,4.3669426274454795,0.008547008547008544,363.26170283317697,0.8333333333333334,True,SUCCESS,585,58.499999999998806,3,695938.0742889812,1340.3443204726218,3985.4801810046397,3493.8337005169046,wet,0.8816390005711761,2.7909186510327153,2.1556193038666605,3.033464715185535,1.8502301319478303,18.73119796955443,997.4864920393524,0.8979417289687763,43.19999999999755,1851.3566493976464,52.59999999999702,53.499999999998806,186.57148775540125,363.26170283317697,3705.4217119748473,130.23200132333739,140.65056142920437,1204230406,66.28853482562262,1.9916760421410333,11.436650834771273,12.430740915091082,3.609285929965244,9.672855465151457,29.999999999999996,4.999999999999998,125.6250000000005,-5.84999999999992,-47.31306953090197,0.0,-0.03808275950777549,0.0,-0.273945245796096,-0.3999999999999998,0.0,0.0,1000030
full_throttle,-60.51965803737262,9.133058837374154,30.154996564341786,0.8107652210345626,-3.0783811056249544,-3.028360313628546,8.861144996402595,0.019379844961240303,0.7480796343370457,0.0,False,RUNWAY_EXCURSION,258,25.79999999999854,3,895069.3455267058,1328.554597487214,4004.3244927442356,2492.715375584924,wet,0.6333117231537827,18.228702602196535,-15.352861608370734,2.177764028503446,0.6023345326763074,-1.1368527073992993,985.7352577710211,0.9284703339818612,,,,,99.28734982102762,0.7480796343370457,4.36539697571007,143.68117773073033,155.17567194918877,457126891,9.1595928248629,3.0535055057821547,2.5395786611201565,8.25593985473846,0.0,0.0,0.2244238903011137,0.0,0.0,-2.579999999999989,-2.3911658935055593,0.0,-0.4686543517984336,0.0,-17.912878528873403,-0.3999999999999998,0.0,-60.0,1000031
full_throttle,-58.71381010237588,9.528310879641465,30.236472392942815,0.8477936930030648,-1.8380118854142602,-1.8042492579194012,11.416181895413077,0.023923444976076548,1.0799185767696144,0.0,False,RUNWAY_EXCURSION,209,20.899999999998812,3,621123.6698482143,1330.0354998238827,4446.202298531358,3773.479035332414,wet,0.7006654643127977,19.65470472723578,-16.23480617050172,1.73449385971956,0.6539336848119974,-8.252593882691478,1012.6761636236123,0.8907967666621837,,,,,109.29271840771376,1.0799185767696144,6.364208833291425,116.61488010069202,125.94407050874739,1358656450,7.577661691934918,2.0616030842718844,1.4431743760441464,6.529894448281016,0.0,0.0,0.3239755730308844,0.0,0.0,-2.0899999999999994,-2.108315557532293,0.0,-0.7904902135211234,0.0,-11.26131350488531,-0.3999999999999998,0.0,-60.0,1000032
full_throttle,-58.41939780910424,12.41322481103551,30.271361246465492,0.4022867395156127,-2.662373418127487,-2.6595664480456644,6.407265953398041,0.02403846153846153,0.536218258427084,0.0,False,RUNWAY_EXCURSION,208,20.799999999998818,3,803979.8443488114,1339.9944834741639,3663.2121443375772,861.6782661483768,wet,0.8981557490204163,10.381525831445048,10.981460966222754,1.4146717171434617,0.1370568331272355,10.402914137472642,1030.9982739502705,0.9755435864189791,,,,,85.98668409903901,0.536218258427084,4.1275109823465606,135.80165291285232,146.6657851458805,1243835238,6.152851289680357,0.3465113947467036,1.2851788412831504,6.364953084924612,0.0,0.0,0.1608654775281252,0.0,0.0,-2.0799999999999996,-3.561148360392886,0.0,-0.33013833789943353,0.0,-6.358471198974866,-0.3999999999999998,0.0,-60.0,1000033
full_throttle,-54.19277348322962,7.894186471381017,30.03978650718374,0.9172381833246627,-2.1314469395089573,0.010859854027750237,13.211527985840352,0.02136752136752136,1.3900822650803093,0.0,False,RUNWAY_EXCURSION,234,23.39999999999867,3,668523.9247191277,1313.0411314958387,4125.816912190769,2321.19811229386,wet,0.7466451335451127,19.179171620732472,-18.703200293293836,2.1635879554805375,1.4792881793084736,4.787739490441449,1034.7527620974054,0.9344986245919696,,,,,123.90132457691737,1.3900822650803093,8.432029276479138,122.4414968025865,132.23681654679342,2095756150,10.16631511867005,3.7345463718956897,2.596721363927395,7.606610094253953,0.0,0.0,0.4170246795240928,0.0,0.0,-2.339999999999994,-1.6202726811683124,0.0,-1.084317861137017,0.0,-13.26940056919547,-0.3999999999999998,0.0,-60.0,1000034
full_throttle,-64.54587007817429,10.116965097280321,30.13595508537528,0.7602424696633795,-2.657292044030131,0.11299174842673511,8.180954640097017,0.022727272727272717,0.6297722208581717,0.0,False,RUNWAY_EXCURSION,220,21.99999999999875,3,830909.8302856989,1341.6433056128012,4268.061316087056,324.82912380089437,dry,0.943468584710671,13.686943150438953,13.549774179305663,2.1751395310898642,1.103684296404662,16.968005001419026,1006.8437964771149,0.9907213238837345,,,,,90.90335168839685,0.6297722208581717,5.051183848084513,141.23118545495663,152.52968029135317,1998529746,6.82790555663391,1.8459069707177223,1.1652569022743198,6.848680470205478,0.0,0.0,0.18893166625745153,0.0,0.0,-2.199999999999997,-2.5019618012788234,0.0,-0.5886694647227227,0.0,-15.731920378261611,-0.3999999999999998,0.0,-60.0,1000035
full_throttle,-39.79695279547121,13.268384880358374,30.10197292321746,0.256061017901808,-2.24402377971583,178.04430926115018,2.827099853614956,0.017605633802816895,0.92799493286293,0.0,False,RUNWAY_EXCURSION,284,28.399999999998393,3,759832.0748515355,1341.0061172093103,4440.375633356513,3048.4916525407903,wet,0.6637407842946116,1.3588038144538173,-3.1186307466934693,1.937581835573309,1.179375191933695,4.088998725500829,988.8508087668555,0.9146216904935975,,,,,105.05381765456133,0.92799493286293,5.501467260854849,133.37158043191434,144.0413068664675,250211419,13.59371454385435,1.2070669923054114,4.551539960125535,9.384575744202236,0.0,0.0,0.2783984798588789,0.0,0.0,-2.8399999999999834,-5.555356733629295,0.0,0.0,0.0,-0.01689178218835262,-0.3999999999999998,0.0,-60.0,1000036
full_throttle,-54.91486779157904,8.360243903007573,30.683965102241878,1.1305662780861707,-1.6377373246297906,-0.3181464522309161,13.883254404962058,0.01851851851851851,1.4221062239575986,0.0,False,RUNWAY_EXCURSION,270,26.999999999998472,3,682297.4067819985,1341.2448692231242,3835.6654751450947,4804.264342389324,wet,0.6409617932738967,12.59433361592908,15.890851158455458,3.1892789646362756,1.5953936547985839,-13.115947907432751,996.4485270072735,0.8604357723172665,,,,,119.87292630839998,1.4221062239575986,3.812717061070714,122.13874309563646,131.90984254328737,197216018,12.771185534921312,4.173331987513333,3.10702306317914,8.841550923100515,0.0,0.0,0.4266318671872795,0.0,0.0,-2.6999999999999864,-2.0968103435332592,0.0,-1.548242350840497,0.0,-17.489538473106883,-0.3999999999999998,0.0,-60.0,1000037
full_throttle,-36.68733432400141,12.049830752735062,30.182212686192365,0.31412656362245805,-2.5001425863235,-2.5366240240947295,4.010396537486432,0.01628664495114006,1.4507012382896392,0.0,False,RUNWAY_EXCURSION,307,30.699999999998262,3,810281.5517523072,1317.8431468192139,3379.3681169024258,2989.3068655736347,dry,0.9779962131255414,24.209973580300797,-0.057035344965261636,3.977403550925974,0.30313096294679,1.8858873149305744,993.9120598005677,0.9155999068037252,,,,,127.62604104265634,1.4507012382896392,7.104981473237899,136.8581458120827,147.80679747704934,621450925,15.10411283627801,0.8213601539408752,5.348625977576048,10.272657855676426,0.0,0.0,0.4352103714868918,0.0,0.0,-3.0699999999999785,-4.952879477672757,0.0,-0.0058675963597928735,0.0,-0.2405544449271599,-0.3999999999999998,0.0,-60.0,1000038
full_throttle,-54.95774659406452,10.671484552941209,30.432860498662166,0.6267386883285395,-2.042704255727289,-2.0415371747304394,7.4862843480192,0.020080321285140555,1.4063088479663293,0.0,False,RUNWAY_EXCURSION,249,24.89999999999859,3,729538.0164392046,1327.3364126137963,3731.1213467863813,1197.9500628246203,wet,0.8308017858043321,22.889490399163297,-15.585751259129541,3.9288664302454546,0.10784153944971542,5.592036610132389,1027.5477014864362,0.9656799205022049,,,,,121.53806621602692,1.4063088479663293,4.857647944549139,128.53068022722172,138.81313464539946,163669195,10.548561616603068,1.1688940899211775,3.2363421579136396,8.090867836106865,0.0,0.0,0.4218926543898988,0.0,0.0,-2.489999999999991,-3.1506961175946717,0.0,-0.2277594941700563,0.0,-12.155849337234418,-0.3999999999999998,0.0,-60.0,1000039
full_throttle,205.38648281731224,31.742076024594883,94.62372022096943,1.3987464634878737,6.079890480985867,-1.2357445055330274,4.703616836259742,0.009293680297397766,470.30561547153866,0.704225352112676,True,SUCCESS,538,53.79999999999695,3,652965.7957323006,1334.6375422146791,3739.3005691008334,4920.566327862897,wet,0.8310959519396901,15.012622698902629,4.394583600545934,0.04222347850636732,1.2924302976634294,4.1594451811058555,1007.0994899395587,0.8532026541145675,39.099999999997785,1584.7813473410959,46.79999999999735,48.79999999999695,183.93655321969348,470.30561547153866,4552.02337432539,122.52684184519036,132.3289891928056,384049022,57.73922585454803,1.5486909340309996,9.341598546485098,10.194298534243892,3.3328674301420333,10.720150530768969,29.999999999999993,4.999999999999998,127.58333333333461,-5.37999999999993,-43.56702407289271,0.0,-0.14252495367354867,0.0,-0.5841333196751991,-0.3999999999999998,0.0,0.0,1000040
full_throttle,-45.61702971848328,10.344005647412589,30.204253316037576,0.3092533198590017,-2.921065257583808,176.24126178104027,5.064775899863234,0.019920318725099594,0.8064693901524151,0.0,False,RUNWAY_EXCURSION,251,25.09999999999858,3,730094.7149342103,1302.9292196537524,4227.31241843799,3993.838296365761,wet,0.6600437492345681,0.7361987094869695,4.499968341096663,3.59848179324364,0.30109573177950955,5.701344216277246,1022.1107569934161,0.8899976038339049,,,,,102.9573656255375,0.8064693901524151,6.865344980115005,128.94522101870345,139.26083870019974,766235739,10.459179424613792,2.5762169973293516,2.667379288301129,8.112239878291334,0.0,0.0,0.2419408170457246,0.0,0.0,-2.5099999999999905,-2.9840679623621775,0.0,-0.1105231463680642,0.0,-3.669395015334366,-0.3999999999999998,0.0,-60.0,1000041
full_throttle,-43.5562665752272,10.07351216181164,30.0669249889529,0.39719244424882477,-1.8881082319177482,-1.904028369666581,7.507401998730193,0.019920318725099594,1.070373110022956,0.0,False,RUNWAY_EXCURSION,251,25.09999999999858,3,651766.8812934619,1334.7194497966757,4155.813774207162,3689.8847321506123,wet,0.619703214646383,17.190112771059557,10.368825967661746,1.6333017012541697,0.2857594787265114,14.954810029169955,986.8072792928235,0.9009651719150938,,,,,109.43619989296428,1.070373110022956,6.317749102880477,125.92941138973863,136.00376430091774,419575447,10.58352930607931,2.4242253384942947,2.476318572913103,8.076427887930056,0.0,0.0,0.3211119330068868,0.0,0.0,-2.5099999999999905,-2.8300430517573245,0.0,-0.2849478572407242,0.0,-1.4128887046527956,-0.3999999999999998,0.0,-60.0,1000042
full_throttle,-59.13949965981081,10.155836408123966,30.408609937589848,0.7399771916130158,-2.596014294110442,-0.4558083000403598,8.449472845201855,0.0238095238095238,0.6288731503934741,0.0,False,RUNWAY_EXCURSION,210,20.999999999998806,3,667072.5662714238,1311.642039024781,4046.481821049066,1449.308608922129,dry,0.938356220070342,4.301632769076015,15.235576747991884,3.2415875659944144,1.1208046097457371,22.398194827019047,1029.1653714274557,0.960894820910721,,,,,93.09466415135446,0.6288731503934741,6.1762737364719555,126.27263681526127,136.37444776048218,1150466478,7.600471797418966,1.9352381168081736,1.4653994662429046,6.678280982856787,0.0,0.0,0.1886619451180422,0.0,0.0,-2.099999999999999,-2.406623640133447,0.0,-0.4067222240845076,0.0,-11.694206104037729,-0.3999999999999998,0.0,-60.0,1000043
full_throttle,-51.32591375029379,12.034354832246576,30.246113027496648,0.6108146686486035,-2.613177326122555,-0.3937100882164711,6.300564135774985,0.020325203252032513,0.839085064092103,0.0,False,RUNWAY_EXCURSION,246,24.59999999999861,3,744335.1057831381,1321.5042391916984,4002.4741786436007,444.1733833263423,wet,0.6135903715209728,9.982043764886035,-8.244934827729125,2.938106174417524,1.344419544301591,12.496929780864605,1005.6468190366833,0.9872386922252616,,,,,103.48660302752259,0.839085064092103,6.696101468784956,132.7671653475839,143.3885385753906,1968005468,10.221190000790463,0.43413413031419273,3.274657750984979,7.938615913621087,0.0,0.0,0.251725519227631,0.0,0.0,-2.4599999999999915,-3.9585690302433845,0.0,-0.10039960289009084,0.0,-6.527268432098656,-0.3999999999999998,0.0,-60.0,1000044
full_throttle,-50.08843648413059,12.101954955187473,30.231407455823085,0.10957082132003713,-1.9076983267570637,-1.6904319068339009,4.910599383374496,0.0238095238095238,0.7776717933693362,0.0,False,RUNWAY_EXCURSION,210,20.999999999998806,3,587284.0956483544,1332.6060981401372,4248.864478746351,4963.55074226608,wet,0.7484695358840374,17.73374694813687,4.027687475426632,1.8843255604973432,1.7697034621218428,10.969120722942446,995.273197783308,0.8670653265777528,,,,,96.59553599373582,0.7776717933693362,6.156873902564595,118.2431090470944,127.70255777086197,886957890,7.146817879556144,0.8523780029875271,1.4877914777573122,6.4627947456229835,0.0,0.0,0.23330153801080086,0.0,0.0,-2.099999999999999,-3.417337320539021,0.0,-0.3419313394041737,0.0,-0.012251468122156835,-0.3999999999999998,0.0,-60.0,1000045
full_throttle,-62.60171278506198,10.530692970622853,30.065955523480127,0.9558501408771254,-3.2751298106365785,-3.1987262429534,8.10747241056392,0.02136752136752136,0.8966118017317513,0.0,False,RUNWAY_EXCURSION,234,23.39999999999867,3,838303.9990180637,1304.537410928182,3513.0357140515985,931.6506906674848,dry,0.9751594972106178,22.510739461763777,-17.42372334853816,1.9225083020257352,0.5699087606155528,2.1737311509815314,1011.7950479947822,0.972871906548946,,,,,108.12435924253074,0.8966118017317513,5.770916325887399,138.0373298072344,149.08031619181318,1063092397,8.129284668851861,1.3020354199420816,2.252365401132733,7.421414653104102,0.0,0.0,0.2689835405195254,0.0,0.0,-2.339999999999994,-2.8832828554796657,0.0,-0.2911401146443099,0.0,-16.0613734984883,-0.3999999999999998,0.0,-60.0,1000046
full_throttle,-54.26377334463742,14.135925873036468,30.142032682641982,0.29744244781789836,-2.940959624695332,-1.4093854955541427,5.34366948827349,0.025252525252525245,0.5331541783248213,0.0,False,RUNWAY_EXCURSION,198,19.799999999998875,3,711400.1048725699,1308.9135185531802,4277.037202502175,2106.0969302388216,dry,0.9875527149835089,11.87296744529035,6.963552765947776,1.6079895729102112,1.7699241707010978,3.9656185190203317,1020.4983541849706,0.9402621866198844,,,,,87.4094387462651,0.5331541783248213,6.781214829500701,127.00738793159753,137.16797896612533,33590794,5.97498013313102,0.059165987825110324,1.4581432391920393,6.025349856404752,0.0,0.0,0.1599462534974464,0.0,0.0,-1.9800000000000015,-4.396136806335602,0.0,-0.1889507700689025,0.0,-0.9762712382832792,-0.3999999999999998,0.0,-60.0,1000047
full_throttle,-39.28501684642586,12.490284453232967,30.920950573574302,0.949302283632,-2.1051646157885027,179.03513309823242,14.186753650434875,0.01396648044692737,2.2366094598913833,0.0,False,RUNWAY_EXCURSION,358,35.79999999999797,3,811040.6155149766,1309.4745889210292,3259.271764278201,938.0244077922217,wet,0.8353234139086925,-1.5607627117717096,-11.198569978925214,1.0152855228887296,1.1139652513042484,-10.495502139171137,1026.3286294279812,0.9714206628807878,,,,,153.92186801778692,2.2366094598913833,5.8290569582473495,131.83515182754243,142.38196397374583,1561966117,24.981986186797247,2.5030848903526866,4.18460488586354,11.039878623402421,0.7844435656776901,0.0,0.670982837967415,0.0,0.0,-3.5799999999999677,-6.205619960968554,0.0,-1.7951565844456006,0.0,-11.469221291072756,-0.3999999999999998,0.0,-60.0,1000048
full_throttle,-48.17133740379338,7.44830280798112,30.410992484049228,1.009427139794277,-2.558266108831216,-1.9912488984967016,9.144104185116309,0.015576323987538936,1.4144741671575503,0.0,False,RUNWAY_EXCURSION,321,32.09999999999818,3,891987.3584979705,1331.4980591225403,4230.066865849344,3174.3657895452347,dry,0.9690854242810605,16.727621116521977,15.338091500491487,0.6800227904471234,1.1621250782979018,-4.601120002842084,1018.0177704669671,0.9086155454160726,,,,,124.64179282285797,1.4144741671575503,4.276163923501102,140.28667614732262,151.50961023910844,1117555178,15.428360025248793,5.114630170444167,4.737140320486488,10.721652435189775,0.0,0.0,0.42434225014726523,0.0,0.0,-3.2099999999999755,-1.9786873249912003,0.0,-0.434675371479549,0.0,-18.574099908839173,-0.3999999999999998,0.0,-60.0,1000049
full_throttle,265.33929021454395,30.165277216811358,90.73368873331664,0.4904008221412579,1.9105317110681992,-1.4852836673476852,1.6633277224778795,0.005208333333333331,742.5478667795865,0.352112676056338,True,SUCCESS,960,96.00000000002865,3,881842.2227041244,1330.1651932462553,4159.0468486342415,3758.3086304708454,dry,0.9647259457830066,17.521198852432725,0.5477290394296142,0.03715721045635023,0.08945678358686426,19.939524830435275,1008.2955655787636,0.882236423848839,71.90000000000947,3940.0849362065896,81.90000000001743,91.00000000002865,204.8705677438855,742.5478667795865,3779.7748133576197,146.09682211958062,157.78456788914707,59436415,130.76880553424547,7.362906776503065,24.66915711487605,17.589478534654138,5.116463505543547,17.671817604195965,30.000000000000004,4.999999999999998,109.99999999998806,-9.59999999999984,-72.8393388554627,0.0,0.0,0.0,0.0,-0.3999999999999998,0.0,0.0,1000050
full_throttle,-51.19268381269812,9.766690972532073,30.63013502279385,0.857386512535732,-2.400794797013386,177.01436829512664,10.369083316208918,0.018656716417910443,0.9516611023254882,0.0,False,RUNWAY_EXCURSION,268,26.799999999998484,3,653326.9801191827,1308.8978352388824,4070.018327884329,4257.48991573724,wet,0.6532057009284551,-0.6991109275530043,16.193271475926963,0.27794369446183653,1.841616410655821,15.706815287345432,1003.1181339509739,0.8867628285643111,,,,,106.88210166636715,0.9516611023254882,6.403550830316114,125.205824945593,135.22229094124043,915703938,12.887514288455817,1.846727417116659,3.7084306648820515,8.776061211348681,0.0,0.0,0.28549833069764646,0.0,0.0,-2.679999999999987,-2.8404501871319767,0.0,-0.5088997639213999,0.0,-12.267565774145607,-0.3999999999999998,0.0,-60.0,1000051
full_throttle,-60.27842153726333,12.035311238213433,30.416214907793282,0.6885885011802929,-3.0228377715857917,10.394031068652486,7.0149459245541,0.02074688796680497,0.4568206387702958,0.0,False,RUNWAY_EXCURSION,241,24.099999999998637,3,806491.2120670348,1325.2475933142218,4289.942799968288,4532.900899503121,wet,0.6792487855410323,3.0642605206908815,14.802311990862853,0.8118193000217944,1.4030943964319862,2.1471389450535874,1003.8044612903763,0.8745238037121089,,,,,85.09001614740595,0.4568206387702958,4.267052639062818,135.9243998014913,146.7983517856106,740645279,8.24363595726955,0.4031193000867476,2.5464054710278163,7.62869334364321,0.0,0.0,0.13704619163108875,0.0,0.0,-2.4099999999999926,-3.878726744528962,0.0,-0.17927770723967984,0.0,-12.36931734915309,-0.3999999999999998,0.0,-60.0,1000052
full_throttle,-54.08320964439211,9.991797951807795,30.9301726852055,1.395274361975898,-2.5209760661958263,6.00756377580607,15.466690219497911,0.015243902439024385,1.4434425986592032,0.0,False,RUNWAY_EXCURSION,328,32.79999999999814,3,763392.556751301,1308.6806457618945,4278.0153719776345,4664.754280750125,dry,0.995116013949015,2.4463044421992928,-18.017049816826184,0.9479283814454558,0.08512472817700645,0.20087020139594713,1012.5779593660423,0.8702184398297291,,,,,127.0658396526538,1.4434425986592032,7.159436488522957,131.22637922155923,141.72448955928397,927580550,19.09486549074926,2.542032114093363,3.926838680353246,11.29023032653562,0.0,0.0,0.433032779597761,0.0,0.0,-3.279999999999974,-3.638468514399793,0.0,-1.8001478917191371,0.0,-22.251592629602495,-0.3999999999999998,0.0,-60.0,1000053
full_throttle,-63.750668965104474,9.942710489423618,30.50407685454958,1.045308836694615,-2.3723050721679866,-2.259215234694707,10.03780411575006,0.020080321285140555,0.9000814694459223,0.0,False,RUNWAY_EXCURSION,249,24.89999999999859,3,794923.8009696357,1340.7837698895564,3622.8142261392168,2095.3709054938813,wet,0.8313826620742311,12.864022468961295,-17.247039613976042,2.1787750414474325,0.0820834864757245,19.934269602603656,1032.043274020344,0.9435711752126169,,,,,103.40102514774722,0.9000814694459223,4.788820223339947,137.10375382445974,148.07205413041655,1202131065,9.654447355460313,2.205512623276423,2.2512229761009968,8.06387196948656,0.0,0.0,0.27002444083377664,0.0,0.0,-2.489999999999991,-2.7350572752496807,0.0,-0.6505455395872115,0.0,-19.920145515425638,-0.3999999999999998,0.0,-60.0,1000054
full_throttle,-45.01621562989842,8.019582521406608,30.770479556471088,0.8071001685037131,-1.5779824419798263,176.70653609322443,12.030400154081608,0.019157088122605356,1.2903112335470723,0.0,False,RUNWAY_EXCURSION,261,26.099999999998523,3,578073.0191996134,1329.2323848941262,4291.129314893856,2737.8575908476378,wet,0.7981437030182449,0.674256298342037,14.573711527687434,2.1932490436853294,0.7261890660030257,22.523236756262854,994.7556512122314,0.927408778045587,,,,,117.30277368542458,1.2903112335470723,7.209900191162717,119.58751752238092,129.1545189241714,1988511422,13.80870898306841,3.63281386076966,3.446094716320771,8.616588931207792,0.0,0.0,0.3870933700641218,0.0,0.0,-2.6099999999999883,-1.865097410711861,0.0,-0.8553470007633421,0.0,-9.177071079853972,-0.3999999999999998,0.0,-60.0,1000055
full_throttle,-52.01033425512756,11.327884121492367,30.244223286668998,0.5615943841204036,-2.124863364501771,-2.12103718548456,5.992315158058863,0.020325203252032513,1.0919583483632778,0.0,False,RUNWAY_EXCURSION,246,24.59999999999861,3,788884.8808179372,1344.9818596222303,3586.718824230089,3123.962294070633,dry,0.9943995987071572,19.81568460078261,9.665419647431527,3.6671158302276714,0.9831345691692135,-11.275859618481379,1020.1757197522787,0.9079152033465766,,,,,111.1671929605228,1.0919583483632778,5.1033042929739025,130.23008068939006,140.6484871445413,1214157235,9.504620594070767,0.8579543214229404,2.9898189051335917,7.861430700121181,0.0,0.0,0.3275875045089834,0.0,0.0,-2.4599999999999915,-3.5074395369788776,0.0,-0.10996353748195342,0.0,-7.074343205924188,-0.3999999999999998,0.0,-60.0,1000056
full_throttle,-39.86508408805561,8.492148272083126,30.19198637171352,0.7448040584968522,-1.8121185366058308,-1.8527538184114543,13.593024189441234,0.01602564102564102,1.9474071709360032,0.0,False,RUNWAY_EXCURSION,312,31.199999999998234,3,698944.3555244165,1314.5630116634024,3421.575383141103,2593.846234351413,wet,0.6740378961709458,8.903254252663528,-12.164660353524006,0.0795073877550947,0.26293226172987905,-7.220738418822639,985.1454783971707,0.9240253307061731,,,,,141.40108607585213,1.9474071709360032,8.512384204010495,125.65228562108162,135.70446847076815,427700191,19.134015891603436,2.899508223941376,3.8320399550411524,10.103642306204813,0.4639661819695082,0.0,0.5842221512808008,0.0,0.0,-3.1199999999999775,-2.5000415188682057,0.0,-1.5492777410010508,0.0,-9.313159538227453,-0.3999999999999998,0.0,-60.0,1000057
full_throttle,-41.575129291704314,11.131565836920565,30.29628789100856,0.1509310619716426,-1.9981747605808702,-2.028049569581533,4.089380698630302,0.01945525291828793,1.3971965666039239,0.0,False,RUNWAY_EXCURSION,257,25.699999999998546,3,805758.018733575,1345.841287319527,3881.132839969333,143.2452222079894,wet,0.8696591559333595,20.993202550493283,1.9388651777405808,3.1941381948963885,0.9083801806637462,-1.874975019376425,1004.4835946170671,0.9953981651893142,,,,,124.1005981708328,1.3971965666039239,6.537058972261001,134.87250129181115,145.66230139515605,231982805,10.995211863682517,2.401270982931872,2.9056195870141277,8.381099925578962,0.0,0.0,0.41915896998117713,0.0,0.0,-2.569999999999989,-3.538369089032904,0.0,-0.05058731439532434,0.0,-0.11853421746474839,-0.3999999999999998,0.0,-60.0,1000058
full_throttle,-40.61432838337436,12.19280412584808,30.286038665376665,0.26298168592005794,-2.0591464567591595,179.6079426129198,3.3589368629210856,0.019920318725099594,1.2774937666424648,0.0,False,RUNWAY_EXCURSION,251,25.09999999999858,3,677039.6014037844,1322.2975332399017,3794.1900659398084,570.5739104593249,wet,0.8124157731575956,-1.8241645200077503,2.0674929227909766,3.4943109702977813,1.916841485983445,-12.99541033888838,1003.8959414169,0.982199570091618,,,,,123.1224691068574,1.2774937666424648,11.791682701819344,121.24165463815018,130.94098700920222,871306313,13.109696834843104,0.9823296937616526,3.997220600160504,8.29602178043295,0.0,0.0,0.38324812999273933,0.0,0.0,-2.5099999999999905,-4.14608695391953,0.0,-0.0013893038960454956,0.0,-0.32536916474972943,-0.3999999999999998,0.0,-60.0,1000059
full_throttle,-62.48188131792863,13.658213392909174,30.062300941783768,0.5058657171324399,-2.81675555292614,-0.5738085770718787,6.920284353744274,0.025510204081632643,0.2701172569877599,0.0,False,RUNWAY_EXCURSION,196,19.599999999998886,3,773188.0332295652,1335.9766120790844,4053.900267856738,2674.363452957505,wet,0.7294319054714454,2.2487132225544704,-10.79682597861063,2.678483299045415,1.9333129786524146,19.657394157803694,1024.5312123258864,0.9284599025793885,,,,,68.38267450349858,0.2701172569877599,2.425332740328283,135.65014937813095,146.50216132838142,1241392385,5.1226283172982585,0.07264453322529507,0.9566495712835503,5.87895067588513,0.0,0.0,0.08103517709632799,0.0,0.0,-1.9600000000000015,-4.0625746049893054,0.0,-0.4748287414829899,0.0,-7.696386246244902,-0.3999999999999998,0.0,-60.0,1000060
full_throttle,-60.62486746191969,9.015395005179418,30.108461188428617,1.1634881412236127,-2.1838291379188917,179.71570958078874,10.880083563345146,0.021186440677966094,0.7386441541220847,0.0,False,RUNWAY_EXCURSION,236,23.59999999999866,3,735416.4614461008,1345.2279290968454,3208.395418060676,2490.720857297278,wet,0.7150931429360037,-2.4664459725710755,18.402113223142504,2.5842120635368078,1.6367424524648397,6.746884183494515,1023.2861543955141,0.9303448526215312,,,,,93.81637312247757,0.7386441541220847,3.902679425832325,129.5698642018679,139.93545333801734,1926508577,9.264668034797381,2.6827234357200775,2.1766638474282867,7.499431243731101,0.0,0.0,0.2215932462366254,0.0,0.0,-2.3599999999999937,-2.131272657273522,0.0,-0.7046759251042125,0.0,-16.873998687455405,-0.3999999999999998,0.0,-60.0,1000061
full_throttle,-46.95587077600654,13.994388829970598,30.269014944890074,0.16395139636266862,-2.3676677719703214,2.539207398078797,3.7537084879501155,0.020661157024793382,0.9133299658407168,0.0,False,RUNWAY_EXCURSION,242,24.19999999999863,3,759043.3798161043,1335.1070517759738,4395.492948237206,980.6726783182756,wet,0.6719277336508512,12.464208126400052,1.0162807692517362,2.855563393461112,1.036294657016289,16.877731478613253,1031.3678815589817,0.972822890711256,,,,,109.44428336469296,0.9133299658407168,6.440594175256393,133.35120568996172,144.01930214515866,1750886328,9.738311299177598,0.17862247631864825,3.247487512920736,7.824350044325508,0.0,0.0,0.27399898975221504,0.0,0.0,-2.4199999999999924,-5.265998481256248,0.0,-0.004561878601453434,0.0,-0.12808073864352656,-0.3999999999999998,0.0,-60.0,1000062
full_throttle,-64.28168103094096,11.588057964017944,30.146555040144904,1.0879755095666712,-2.818642225798536,-1.8070034432074702,9.062692513283567,0.025252525252525245,0.4666586189600821,0.0,False,RUNWAY_EXCURSION,198,19.799999999998875,3,735239.0789055104,1321.6851742364654,3665.1038840047295,3848.208027687607,dry,0.9861642622245496,6.374629421132257,19.52528869826405,3.8597065353605813,0.8478034886826957,5.081504748745054,1018.2241080201528,0.893621626351872,,,,,85.88249169329742,0.4666586189600821,6.748910398852548,129.50862877914315,139.8693190814746,1216467400,5.637752576089525,0.43344537608454226,0.971891225033319,6.058278777817135,0.0,0.0,0.1399975856880246,0.0,0.0,-1.9800000000000015,-2.9542279223036734,0.0,-0.5888186493498231,0.0,-11.59999999999999,-0.3999999999999998,0.0,-60.0,1000063
full_throttle,-63.481223520865875,10.668426277628138,30.12905009959902,0.7871535390191047,-3.6768084117652324,-0.2623392426005776,8.674496190060468,0.022222222222222213,0.2591674925811276,0.0,False,RUNWAY_EXCURSION,225,22.49999999999872,3,881034.081736184,1309.227718918068,3281.070345355659,3468.3079649607603,wet,0.6841745398850141,5.064692171842349,19.45340956896147,0.7932254082065944,1.456420559480968,16.01571975123362,1000.4946749962021,0.9070571209906463,,,,,75.09179755359064,0.2591674925811276,4.035102598457545,145.66153560011702,157.3144584481264,1174556340,6.117318941752135,1.2004059125833484,1.0121578911267017,6.914503086433753,0.0,0.0,0.07775024777433827,0.0,0.0,-2.249999999999996,-2.845382981029663,0.0,-0.7079766195064793,0.0,-12.599999999999987,-0.3999999999999998,0.0,-60.0,1000064
full_throttle,-35.130536058131455,7.812194098130308,30.75029741026534,0.890408707700082,-2.1656135163052497,-0.3397989548856869,10.041959926158945,0.014534883720930227,1.449844639452749,0.0,False,RUNWAY_EXCURSION,344,34.39999999999805,3,815508.1897488371,1335.8494630160458,3354.0030052872653,4499.067499736445,wet,0.701602710212456,5.709410920752823,12.000952240790623,1.4245155193388204,1.0640665982389064,4.2925797537434285,1025.8058854919257,0.8762484965601975,,,,,124.00513389952671,1.449844639452749,4.847702846292918,135.70712831463106,146.56369857980155,428517443,19.201698166414605,5.533392127675583,5.09015614814183,11.680458632538071,0.0,0.0,0.4349533918358247,0.0,0.0,-3.4399999999999706,-2.3327166177378382,0.0,-0.5601786548775216,0.0,-10.338299252122088,-0.3999999999999998,0.0,-60.0,1000065
full_throttle,-46.3095464661627,12.970459291707876,30.029289751061896,0.13677664395475592,-2.1748045482919744,-0.7662062180442492,3.84848724328868,0.0217391304347826,1.0169884169818033,0.0,False,RUNWAY_EXCURSION,230,22.999999999998693,3,623713.2416172741,1312.9315963642932,3481.925316866654,3805.2780684950917,wet,0.7922040473735699,14.118150295345302,-0.9928422182996455,0.8388275486144372,1.9778312654209755,3.1194877329823782,1003.4153337696941,0.8940391176501986,,,,,109.43322594376487,1.0169884169818033,7.348161525908505,119.75685952344291,129.33740828531836,760190541,9.544135916006157,0.8455533149784887,2.7097070313802045,7.358907232361305,0.0,0.0,0.30509652509454094,0.0,0.0,-2.299999999999995,-4.2992830305228615,0.0,-0.055164409073940726,0.0,-0.01849904638658906,-0.3999999999999998,0.0,-60.0,1000066
full_throttle,-60.48907837050076,13.781537191380309,30.153184851764067,0.7681557039454424,-2.776339045406798,7.16236409692528,5.733906180050309,0.020080321285140555,0.5671794560122407,0.0,False,RUNWAY_EXCURSION,249,24.89999999999859,3,907466.5600858433,1348.103621238274,4264.238700574162,616.1854184762627,wet,0.8736261195253128,10.615384548202147,10.726782351806223,2.560377299213812,1.2853591664506083,10.74716685290154,1004.4367654592868,0.9824009868856552,,,,,88.67651724734539,0.5671794560122407,2.924212977302272,146.25667677522603,157.9572109172441,500427198,8.506794907597499,0.07747424029705487,3.0706579204519033,7.915870786301181,0.0,0.0,0.17015383680367216,0.0,0.0,-2.489999999999991,-5.254751230221362,0.0,-0.06855472596337606,0.0,-12.016724105767324,-0.3999999999999998,0.0,-60.0,1000067
full_throttle,-35.63198266929504,15.275993955480722,30.487839619047335,0.6279142412245874,-1.5816762959125432,-0.8601353447385109,8.86909297160679,0.013774104683195587,2.8326397013197493,0.0,False,RUNWAY_EXCURSION,363,36.299999999997944,3,734906.2664390604,1321.3528789230716,4350.300819169419,1502.5471588141547,wet,0.6279209276112889,18.08630988165938,10.077612356841241,3.1521519349620477,1.4572419523288174,23.676941971164545,1022.0273969824218,0.959609141971158,,,,,152.5800551516432,2.8326397013197493,49.871084503762134,133.27304219645634,143.93488557217287,878246290,24.768179775823825,0.6876795707390165,4.690655816807514,11.725782278480127,0.7424220422889224,0.0,0.8497919103959245,0.0,0.0,-3.6299999999999666,-9.412024983557963,0.0,-0.9435170816710158,0.0,-4.710951998601472,-0.3999999999999998,0.0,-60.0,1000068
full_throttle,-59.88111971564781,9.361873061524129,30.614635576662913,1.2784184779936143,-2.349368432608218,-2.2528578384357467,11.665896221843937,0.01612903225806451,1.2033172399114846,0.0,False,RUNWAY_EXCURSION,310,30.999999999998245,3,905421.6247634451,1349.3867242172057,4093.530258910595,2171.3215626833303,wet,0.719087780529746,7.542404084445799,18.685990474184514,0.023957476261467825,0.30202940488352437,-5.843134650738939,1019.6924951206577,0.9363914086512256,,,,,118.06456568600969,1.2033172399114846,5.955211780853258,140.91341077527557,152.1864836372976,901928225,14.696008781661098,1.4293460521856072,4.096364935416447,10.351751534201377,0.0,0.0,0.36099517197344533,0.0,0.0,-3.099999999999978,-3.018871870914253,0.0,-0.9717162346168557,0.0,-23.324998085554707,-0.3999999999999998,0.0,-60.0,1000069
full_throttle,-22.02490881830812,7.455915856439438,30.24915945006469,0.6701395433212878,-1.6707084104379886,-1.7051692400827296,12.288339816759796,0.014367816091954018,2.037408666254578,0.0,False,RUNWAY_EXCURSION,348,34.79999999999803,3,701430.7150393098,1320.3859312010638,3613.1639574663723,2407.3189659916293,dry,0.9403862635117375,5.639394698652037,-9.123894026214485,2.7249011025709,0.7282972760862727,20.21341855533484,1015.1471282593386,0.9354444330104366,,,,,143.60804927953848,2.037408666254578,8.005254432063555,129.91524225866357,140.30846163935666,1461975460,23.448641496521628,4.851135438027998,5.468338878269506,11.609201229658408,0.3330234550269529,0.0,0.6112225998763733,0.0,0.0,-3.47999999999997,-2.1495063419877942,0.0,-0.8986236669029947,0.0,-1.4183419067982388,-0.3999999999999998,0.0,-60.0,1000070
full_throttle,-46.80580461366729,9.885369762992987,30.570568504139324,0.5532354130737027,-2.114133303173335,128.6867655067404,7.4133954543310265,0.021276595744680844,0.9681062987130531,0.0,False,RUNWAY_EXCURSION,235,23.499999999998664,3,717297.4077481871,1337.72452530817,4210.4570092705,260.0781353770587,wet,0.6921722394253711,0.4564977499386549,-6.631620934052693,1.6017844215964034,1.126558333114628,-10.494124119698473,1003.1921682561591,0.9917100329019249,,,,,107.34426815126787,0.9681062987130531,4.807207472943009,125.404114432268,135.43644358684946,240919579,10.236453229879144,2.619131843565263,2.5026057891307785,7.558163131708762,0.0,0.0,0.2904318896139159,0.0,0.0,-2.349999999999994,-2.55159175638973,0.0,-0.23307618323941687,0.0,-4.477922557935986,-0.3999999999999998,0.0,-60.0,1000071
full_throttle,-50.194903970911625,14.106033270074278,30.100975351511835,0.4495065395834969,-2.5521050635253415,176.71310535238604,4.675947647205824,0.021645021645021637,0.7576716261482943,0.0,False,RUNWAY_EXCURSION,231,23.099999999998687,3,659103.9532035765,1309.2022554408893,3289.7838129155043,3857.3621261708267,wet,0.7795214938131135,0.7390707283510167,-9.36979558494582,2.2449631142821698,1.262491680849276,-2.9837826142148405,1018.6093284424995,0.8904815094909595,,,,,98.80783084296057,0.7576716261482943,5.908690109860739,120.89906950126301,130.57099506136407,1712401472,9.406903476248807,0.5573880097363232,2.7544098445703677,7.370509821197971,0.0,0.0,0.22730148784448828,0.0,0.0,-2.3099999999999947,-5.107157815155355,0.0,-0.17856709202692303,0.0,-2.515691703327298,-0.3999999999999998,0.0,-60.0,1000072
full_throttle,-51.79372082007444,7.524450744547432,30.59600292297354,1.2540164956201136,-1.8469949285437206,18.035824727021595,11.611684481630869,0.01766784452296819,1.193920392833661,0.0,False,RUNWAY_EXCURSION,283,28.2999999999984,3,733054.4206815265,1346.7503114596134,3863.7718032443395,3801.8778662384634,wet,0.7468144567512626,1.8975007921845073,-17.162674138179096,2.197901981532505,1.5207267546541618,-5.924312069319143,1009.9103702595532,0.8908906380019894,,,,,116.8495167195917,1.193920392833661,7.652743897672618,127.38718773689268,137.57816275584412,1750374288,14.48838273245705,5.107320401182488,3.78110834999301,9.506002912139936,0.0,0.0,0.3581761178500984,0.0,0.0,-2.8299999999999836,-1.780301399890563,0.0,-0.8006725657610947,0.0,-19.2237373680454,-0.3999999999999998,0.0,-60.0,1000073
full_throttle,-53.9795260006338,11.445596264787826,30.43958986020973,0.6879836250070915,-2.4018061300939593,-2.0613596985214815,7.605050532178734,0.02074688796680497,0.7985034552530124,0.0,False,RUNWAY_EXCURSION,241,24.099999999998637,3,698080.8637258908,1323.3635369450176,3594.160100075858,4702.003734913772,wet,0.654585118158513,3.4738413062548013,-10.765651813693655,3.3290792284167847,0.4812776631757907,-11.127980739413331,1009.7885504240612,0.8641804648699994,,,,,99.92564687309377,0.7985034552530124,6.576046570021301,123.16734445524138,133.0207320116607,2000555370,9.733784990458927,0.461402183596797,3.014181546176299,7.7032546579734635,0.0,0.0,0.23955103657590365,0.0,0.0,-2.4099999999999926,-3.507933711046948,0.0,-0.22764383003904695,0.0,-8.586122874329185,-0.3999999999999998,0.0,-60.0,1000074
full_throttle,222.76567997382801,8.916248189495066,13.086076655625423,1.6499893392671392,10.24620504287432,1.0266436482652,2.3039350117986332,0.012953367875647664,373.8739467585317,1.0,True,SUCCESS,386,38.59999999999781,3,638497.7513282786,1344.8961083814975,3285.6644751398057,1313.3653422746515,wet,0.8925705654668579,17.73065910457088,2.897159918857728,1.0192803639743797,1.654979847324128,-7.202237599404491,1016.7862287453838,0.9499600170500074,28.09999999999841,869.6803971674867,33.69999999999809,33.59999999999781,173.9957300871944,373.8739467585317,4538.500586727933,118.216591747238,127.67391908701704,2131335548,33.0473704876613,1.9368292853597626,8.584397741757192,7.452037458356313,2.996720718324752,8.579336342424394,30.0,4.999999999999998,133.9166666666676,-3.8599999999999617,-3.40964444064402,0.0,0.0,0.0,-1.0780342860792091,-0.3999999999999998,0.0,0.0,1000075
full_throttle,-36.14221516071639,9.146839906723645,30.417090806257193,0.5052811341731792,-1.9174387819393983,1.0881301717650382,6.651868609909324,0.017064846416382246,1.2872159978219315,0.0,False,RUNWAY_EXCURSION,293,29.29999999999834,3,767555.2678665194,1346.8924503147684,3526.670567135457,2889.303280110655,wet,0.6525441236033893,5.638352173964824,-8.444397906369414,0.5270928659327092,1.2412458999347808,-5.37233099123188,995.0171075535842,0.9162686501967658,,,,,120.05734395322287,1.2872159978219315,7.827025097011333,131.45069806594552,141.96675391122116,1910877506,14.851913057019546,4.040304246420662,4.552813056386218,9.765692550562024,0.0,0.0,0.3861647993465794,0.0,0.0,-2.9299999999999815,-2.7237501468683374,0.0,-0.13836979525490758,0.0,-3.546982928328224,-0.3999999999999998,0.0,-60.0,1000076
full_throttle,-59.41249706381964,12.611117360105574,30.256136726787446,0.6480670558206456,-2.9219976785278603,-2.198638945479664,6.903993335673925,0.02183406113537117,0.5008507015099894,0.0,False,RUNWAY_EXCURSION,229,22.8999999999987,3,728649.4611413328,1314.159875754728,4162.040274703005,2681.031432061925,wet,0.6731167488053472,6.683723149208854,12.471994001967541,1.2503202080364688,1.5521753707321346,20.719941501072718,994.7699268858031,0.9285178574540187,,,,,86.59076204473035,0.5008507015099894,5.05093594971548,133.87103170263538,144.5807142388462,1187389009,7.8188906480836105,0.22586769004354137,2.345187931041712,7.188758460907662,0.0,0.0,0.1502552104529969,0.0,0.0,-2.289999999999995,-4.04669159612351,0.0,-0.15821921077388085,0.0,-10.246546197451774,-0.3999999999999998,0.0,-60.0,1000077
full_throttle,-53.81808937785708,12.877067523492574,30.277739701416152,0.4983392705425054,-3.048509922346496,0.23896221199115353,6.171600953326141,0.021097046413502102,0.929736456153023,0.0,False,RUNWAY_EXCURSION,237,23.699999999998653,3,802895.5845863112,1307.6010600685343,3582.0416203361406,2280.90160407007,wet,0.6865994621782172,20.62034674770075,8.135785742077822,1.3384807216503734,1.745886227452083,-5.832283794489221,1032.6887427315341,0.9332841507538324,,,,,108.45208472635566,0.929736456153023,5.580949402377513,131.86048434664224,142.40932309437363,2065440987,8.456651425015034,0.20453399862538513,2.68956711345567,7.4598331137008245,0.0,0.0,0.2789209368459069,0.0,0.0,-2.3699999999999934,-4.366563524120797,0.0,-0.10207126466391421,0.0,-5.6689611767151895,-0.3999999999999998,0.0,-60.0,1000078
full_throttle,-29.697469160563656,9.976907299585825,30.395540420960142,0.3487026707332069,-1.7657164189390813,-1.6345742323070365,6.458580056256113,0.01602564102564102,1.7057220206206694,0.0,False,RUNWAY_EXCURSION,312,31.199999999998234,3,646160.9464037267,1316.97708336994,3694.219596639005,4651.090478452704,dry,0.9612884125909683,7.025184894202736,-4.600849542044458,1.46024238269723,1.161356395728782,18.232938024449282,1030.3643342341886,0.8777850908550946,,,,,132.12847443076512,1.7057220206206694,7.2746735772938464,123.36956112129134,133.23912601099465,1785941116,18.940983290971886,2.3952606339812044,5.54740261390649,10.603488160706823,0.2326857600555708,0.0,0.5117166061862011,0.0,0.0,-3.1199999999999775,-3.4506742145036684,0.0,-0.08697344694655743,0.0,-0.8713585649216793,-0.3999999999999998,0.0,-60.0,1000079
full_throttle,-84.10644561296745,171.8908533415672,400.9626385247809,7.416984206875153,30.85179057752164,5.8325190013784045,25.56970593717259,0.008417508417508414,2773.3835324329298,0.156794425087108,False,ENVELOPE_VIOLATION,594,59.39999999999952,3,612689.7345965118,1337.6599735662933,3596.152453219919,632.6690807284557,wet,0.7934841575007991,13.477557922218608,16.051139183927045,0.8568898414913386,1.2135247098345667,-14.069302697132224,997.1743755709463,0.8989758762077187,25.09999999999858,770.0297628820038,30.799999999998256,,98.69648016106181,2773.3835324329298,3925.7613177516737,115.49807860597683,124.73792489445498,1258525138,57.26326569337471,1.089825751039974,3.20435063668537,6.826736280797509,2.6359380535075365,32.377746294155926,30.000000000000007,4.5,0.0,-5.939999999999918,-121.75948058450335,-0.9257173901237533,-32.61496059781337,0.0,-10.364149750088414,-0.3999999999999998,0.0,-50.0,1000080
full_throttle,-38.919207217578204,8.166944423865258,30.40173396529257,0.8050679207014505,-2.8533984001950103,-1.5397952087000861,7.733872269491218,0.014577259475218653,1.0970542031627701,0.0,False,RUNWAY_EXCURSION,343,34.29999999999806,3,883183.867066656,1325.9176793291479,3758.795979151706,4478.1485433460775,wet,0.7266529873426645,14.931047695749609,-11.557969904845955,0.34022254986777334,1.6088774403353427,13.5934341551092,985.8626286278096,0.8804280926287696,,,,,113.35294623505382,1.0970542031627701,3.988462978453562,146.33124351314945,158.0377429942014,1904682943,16.373401967005652,5.751066455988685,5.427056979012103,11.508402780297367,0.0,0.0,0.329116260948831,0.0,0.0,-3.429999999999971,-2.5419722843687587,0.0,-0.24305695616360742,0.0,-11.693222420298536,-0.3999999999999998,0.0,-60.0,1000081
full_throttle,-50.556332072442316,8.713100433915681,30.6440916283007,0.9321979763003065,-1.7747762274808927,-1.798581398711683,12.490202027222008,0.01612903225806451,1.9062386714681452,0.0,False,RUNWAY_EXCURSION,310,30.999999999998245,3,760824.4376719206,1330.281081248443,3990.5438719613016,1664.1663562497656,wet,0.7009308121420419,24.135987720409812,14.56465734692318,0.8911078229545257,0.9877690562463672,1.1615040778635048,986.1483909784134,0.9519955918562383,,,,,140.1113083471606,1.9062386714681452,7.518361439332821,132.9703250405447,143.6079510437883,276578785,16.570772059812388,3.17084226320228,3.309189038118304,10.43706395719664,0.07094064300755981,0.0,0.5718716014404436,0.0,0.0,-3.099999999999978,-2.6149574381294998,0.0,-1.5540352413718959,0.0,-17.018018955718574,-0.3999999999999998,0.0,-60.0,1000082
full_throttle,-39.48043390012104,7.862902072954706,30.256087536284,0.7117705362242222,-2.2124302285016832,176.4275558372774,11.15481627210465,0.01666666666666666,1.3489336160273524,0.0,False,RUNWAY_EXCURSION,300,29.999999999998302,3,659296.6683650753,1306.7501726506887,3445.4184248052693,4570.092002628498,wet,0.7415162373686387,-1.095295817482047,10.53988454929976,2.2651775625132866,1.861510363273568,12.190087272153395,1017.5452135655019,0.8775270454686293,,,,,120.54964332865383,1.3489336160273524,6.951716595005415,124.15694596564913,134.08950164290107,2126955062,16.748331659446333,3.0029344876054496,4.307324444036607,10.041648830680792,0.0,0.0,0.40468008480820583,0.0,0.0,-2.99999999999998,-2.0608409669625134,0.0,-0.6626745719483689,0.0,-7.861837867787579,-0.3999999999999998,0.0,-60.0,1000083
full_throttle,-42.204319608643274,10.654162654055815,30.41950466491486,0.8821853323023379,-1.101725556528088,-1.1833151856896753,6.690926558008639,0.022026431718061665,2.8623234013034846,0.0,False,RUNWAY_EXCURSION,227,22.69999999999871,3,592068.2392592258,1337.2196672722112,3203.6424165397393,135.902239199146,wet,0.7771726655666387,20.110459149918444,2.348016139234017,2.412230543470678,0.5514116957067225,-11.524241789118683,1033.4177094038266,0.9953628503591406,,,,,142.2044549742192,2.8623234013034846,113.551776941498,112.04565719866234,121.00930977455533,922422283,11.568935252056207,2.3579035193817717,2.3640269263526097,5.4797491623292265,1.0065929740849457,0.0,0.8586970203910455,0.0,0.0,-2.2699999999999956,-2.8630042535567366,0.0,-0.24428571607900157,0.0,-0.06293449360333059,-0.3999999999999998,0.0,-60.0,1000084
full_throttle,-55.893208052454064,11.126099761189897,30.362377495564758,0.9117253408018117,-1.813075227527134,-0.9394654783116522,9.284411534352316,0.0238095238095238,1.1935549327021704,0.0,False,RUNWAY_EXCURSION,210,20.999999999998806,3,645607.995779404,1332.6893075556632,3937.558302904565,149.48040625252236,wet,0.8222234755604911,3.7597403709678687,15.262213362086287,3.6835112859335135,0.3285171370572695,-12.633849217622286,1002.1888130666716,0.9949972235144088,,,,,117.40778060709135,1.1935549327021704,9.66829040717311,118.57250452347141,128.05830488534912,1304476646,8.606400358368214,0.7845177381818401,2.157382365066069,6.725357726033629,0.0,0.0,0.3580664798106514,0.0,0.0,-2.099999999999999,-2.888435570905498,0.0,-0.35172910375573374,0.0,-8.78476804525323,-0.3999999999999998,0.0,-60.0,1000085
full_throttle,-23.927430717959666,9.379801915778197,30.06294975963975,0.4183065362160747,-3.0111026982758764,-3.0231562448363976,4.813434129821333,0.013623978201634872,1.359076190828091,0.0,False,RUNWAY_EXCURSION,367,36.69999999999792,3,920382.1905560284,1317.0058797985278,3615.9018063645904,2558.8764072742874,wet,0.8723427922921432,14.025216624963253,-2.431172432866142,2.350492593012555,0.9129858285703198,-0.40981095508774956,987.3444173268545,0.9268058106720418,,,,,123.9066115210316,1.359076190828091,3.6418484044822463,145.76418048125367,157.425314919754,1310186705,19.77250165437883,4.651842083073072,6.528743090120228,12.492282203415822,0.0,0.0,0.40772285724842744,0.0,0.0,-3.6699999999999657,-3.587656780042193,0.0,-0.030282317241970384,0.0,-0.09258350891196875,-0.3999999999999998,0.0,-60.0,1000086
full_throttle,-34.05295040689364,9.536801718867762,30.21137200417307,0.5844265997755673,-1.8892314355466053,12.816765546124703,6.395837083585039,0.017605633802816895,1.315367211742057,0.0,False,RUNWAY_EXCURSION,284,28.399999999998393,3,740508.4754686429,1341.044933845285,3552.9115540287235,499.0280755878962,dry,0.9872898468342559,2.2961362613193934,5.530692795627061,2.2488981789796325,1.764798636217342,13.651503763510199,1022.4911138722289,0.9857573317353223,,,,,119.27500759909567,1.315367211742057,6.555977238332407,131.58207551683276,142.1086415581794,1913021004,15.213871899230373,3.4068861399324217,4.315297659842026,9.556583104488388,0.0,0.0,0.39461016352261724,0.0,0.0,-2.8399999999999834,-2.8699963016777503,0.0,-0.11594281602271253,0.0,-0.7142602562090323,-0.3999999999999998,0.0,-60.0,1000087
full_throttle,-52.014110130469824,9.838188875002068,30.729522239249114,0.7527458497096364,-1.7127164257050218,-1.7231912966859853,11.219086786408901,0.018656716417910443,1.492892433318957,0.0,False,RUNWAY_EXCURSION,268,26.799999999998484,3,653210.9449247746,1328.800319697847,4282.807137634875,2525.3246019801377,wet,0.8924275908529433,17.62146701590155,-17.237861683723764,1.9158659118329497,0.06245017522409446,18.676244303131313,1004.7856922426116,0.9320455292210668,,,,,126.79548138720709,1.492892433318957,8.717287486709111,125.7005114147031,135.75655232787935,984204202,13.203219014599823,1.533442033798726,3.3151168875084545,8.857901002100787,0.0,0.0,0.4478677299956869,0.0,0.0,-2.679999999999987,-2.882189930130831,0.0,-0.817544024897336,0.0,-12.591922843445156,-0.3999999999999998,0.0,-60.0,1000088
full_throttle,-53.08418314656478,8.188271618526544,30.721649833306486,1.100819002396698,-2.1129539970874673,-0.889061460731079,11.871582275499184,0.01798561151079136,1.1822905138897113,0.0,False,RUNWAY_EXCURSION,278,27.799999999998427,3,725692.1745403877,1331.8719132338438,4089.787399194374,4956.344384402805,wet,0.776569591847444,12.152405676397208,19.2980102757331,3.7215024511484143,1.099961971226284,-6.670620957623857,1010.6646477633716,0.8594164860242396,,,,,116.72136173148436,1.1822905138897113,7.230532590577017,126.53094801670386,136.65342385804018,409041910,12.798726824329862,3.0354784590164776,3.574024799316436,9.167813325773636,0.0,0.0,0.3546871541669134,0.0,0.0,-2.7799999999999847,-2.071031800384146,0.0,-0.899030377019471,0.0,-15.864851531764508,-0.3999999999999998,0.0,-60.0,1000089
full_throttle,-64.42894460626042,9.685314197047852,30.029672952641654,0.8217704966497423,-2.6945133031526076,-2.6362687286896955,10.50810977796356,0.023364485981308403,0.8421867513320649,0.0,False,RUNWAY_EXCURSION,214,21.399999999998784,3,769786.8422384614,1323.6314898531987,4245.282345772135,3523.175298814141,wet,0.6280429669060923,22.36611882193231,-17.784759047292223,3.114620381696585,0.11834392081421541,-13.990524957422,1020.7686808190604,0.8957069859398546,,,,,106.54551390725865,0.8421867513320649,8.377485998540202,127.97466182619075,138.21263477228604,956012066,6.4404337698930005,1.9221585393137535,0.920018877352857,6.506692840970443,0.0,0.0,0.25265602539961945,0.0,0.0,-2.1399999999999983,-2.230481841604983,0.0,-0.9364277290580126,0.0,-14.763995088527084,-0.3999999999999998,0.0,-60.0,1000090
full_throttle,-53.449597508627825,14.424165219104271,30.09909527768094,0.7336251196488213,-2.936486937395832,-2.8918500661352904,4.666041153861505,0.019607843137254895,0.8525638881310442,0.0,False,RUNWAY_EXCURSION,255,25.499999999998558,3,785691.0693514775,1312.711061724031,4041.9381067173936,4534.879174505565,dry,0.9429256790578286,17.863167604185783,8.903119174422073,1.8519851720791878,0.9411922911683455,-14.187984276339423,995.2720456003211,0.8673684377867806,,,,,104.4978923860094,0.8525638881310442,5.866955892425327,130.88834276957786,141.3594101911441,1620546566,9.473941634491405,0.5629523225940423,2.986532936314924,8.068711470815545,0.0,0.0,0.25576916643931324,0.0,0.0,-2.5499999999999896,-5.894935364260494,0.0,-0.20348860917192976,0.0,-5.749081065850621,-0.3999999999999998,0.0,-60.0,1000091
full_throttle,-39.495287142774586,7.541182311845711,30.378745025549634,0.971651394630627,-2.5410655360356484,176.4174298099593,8.911435664959948,0.015772870662460563,1.0383607567414401,0.0,False,RUNWAY_EXCURSION,317,31.699999999998205,3,796074.7246187222,1328.3126487742734,3978.119190333011,3967.5862060811214,wet,0.8594270344627857,-2.5349061459663105,10.46537726132872,3.832883437668129,0.2632684574805009,2.397794308984416,991.61987673739,0.8895089594834177,,,,,110.85173152222926,1.0383607567414401,5.74518564512001,135.92955167778746,146.80391581201047,1694248037,16.207681010338163,4.680874808075306,4.903994950805136,10.587824391007986,0.0,0.0,0.3115082270224321,0.0,0.0,-3.1699999999999764,-2.0030677243751995,0.0,-0.4244045757556123,0.0,-10.189698229892862,-0.3999999999999998,0.0,-60.0,1000092
full_throttle,-49.234071204174285,11.542081707662808,30.130906918492308,0.36087076189860645,-1.7764738286456194,-0.16380292108339795,6.0009130908825234,0.023923444976076548,0.7636777598740991,0.0,False,RUNWAY_EXCURSION,209,20.899999999998812,3,576905.1691281785,1336.619188633181,3560.994539731271,3712.3192115565384,wet,0.7858342491083369,5.40078670643423,-7.72640904410858,2.767641793655389,1.472332250262568,10.065081288597725,985.0444705689625,0.8988133282235211,,,,,94.57526353544877,0.7636777598740991,4.844859334581386,117.6223589283896,127.03214764266077,871446981,7.627293535586303,0.9704413559703073,1.6566623393172768,6.5127410360051705,0.0,0.0,0.22910332796222982,0.0,0.0,-2.0899999999999994,-3.0936563200655733,0.0,-0.19135008038484325,0.0,-0.455306398565152,-0.3999999999999998,0.0,-60.0,1000093
full_throttle,-57.314554921263245,12.692049906592368,30.35774971208727,0.726874997485513,-2.093991791560684,176.97117732362335,7.074734307278944,0.022727272727272717,0.7614143833154685,0.0,False,RUNWAY_EXCURSION,220,21.99999999999875,3,683511.9198913444,1342.1331584875502,4262.371604723667,1068.996551801309,wet,0.7457312470752,-3.4357501061881655,-12.85962072082942,0.7524860069149959,0.5340647887957173,-3.9405317533340156,1000.1127022422496,0.9682847860219387,,,,,97.77112251979685,0.7614143833154685,6.610275871592375,124.04196372077386,133.96532081843577,226588580,8.655709939907586,0.18704853760171708,2.5511691306494706,6.917439896436045,0.0,0.0,0.2284243149946405,0.0,0.0,-2.199999999999997,-3.937709864768322,0.0,-0.1461543482957283,0.0,-9.170482527788646,-0.3999999999999998,0.0,-60.0,1000094
full_throttle,-46.47494599459361,13.073696489156658,30.049916784579167,0.3764564573268132,-1.9920989492598415,-1.4458716183200453,5.043619035289325,0.022123893805309727,1.2088170269037164,0.0,False,RUNWAY_EXCURSION,226,22.599999999998715,3,606251.8125070797,1310.793181272199,4007.215445893859,1172.5799235232487,dry,0.9117768037633365,6.728558132770331,-6.191773565857471,2.758936447972549,1.0822162838327465,4.870885513106394,1020.5547883079711,0.9662933963636545,,,,,121.25463011704444,1.2088170269037164,11.539927962412353,117.42442388153796,126.81837779206101,1941703567,10.531100512639114,0.1390227380758824,3.2782760743739825,7.345905076252861,0.0,0.0,0.36264510807111505,0.0,0.0,-2.259999999999996,-4.292029779474745,0.0,-0.0391593123651362,0.0,-1.1407064121666752,-0.3999999999999998,0.0,-60.0,1000095
full_throttle,-35.68829952800904,11.62888823520471,30.05720222137287,0.11984696420461398,-1.853868432483733,1.080415165682339,4.157875176677767,0.01872659176029962,1.8576599476707543,0.0,False,RUNWAY_EXCURSION,267,26.69999999999849,3,639995.2468107062,1309.7840966122126,3242.0041462757385,521.6393463488117,wet,0.8752780878266926,4.966390294614715,-1.2630203332452172,0.9129045127279807,1.6096116492038677,7.249373788932381,1010.6062557816836,0.9847812053428255,,,,,139.52579830825144,1.8576599476707543,21.82550197924721,121.73149495005553,131.47001454605999,2075017654,15.3240503871527,2.2217995097388883,4.381879744377645,8.54963362809642,0.3667409411575579,0.0,0.5572979843012263,0.0,0.0,-2.669999999999987,-4.011854233744181,0.0,-0.0058093502426759145,0.0,-0.002038138846622297,-0.3999999999999998,0.0,-60.0,1000096
full_throttle,-34.356552447286894,11.13530622974504,30.196379450226452,0.3045890486322365,-1.3502104216209128,-1.3776611583346234,5.011954989401693,0.016447368421052627,1.6369748004958637,0.0,False,RUNWAY_EXCURSION,304,30.39999999999828,3,693824.6288144845,1351.6251928876325,3589.262116588897,3044.445933601476,wet,0.6124913755296838,10.489137342827943,-5.698728349654482,0.012555224886423577,0.3809030749616831,2.2100273642693047,985.4007934053584,0.9141512854208986,,,,,130.14123450752604,1.6369748004958637,7.345692048562427,127.25873554235724,137.43943438574584,1621607094,17.031688815545284,1.1491750903682263,5.262340026275872,10.220607940036198,0.0,0.0,0.49109244014875914,0.0,0.0,-3.039999999999979,-4.188277069820045,0.0,-0.04308026734335032,0.0,-0.8400994224978848,-0.3999999999999998,0.0,-60.0,1000097
full_throttle,-62.888591133241825,12.456071093699594,30.32606137436219,0.9530990629187047,-2.6888313458947084,14.63514962332934,8.442778436031123,0.022522522522522515,0.7947941762590744,0.0,False,RUNWAY_EXCURSION,222,22.199999999998738,3,706761.4125833362,1309.9919129732025,3770.5862615376814,1367.0653624448676,wet,0.739780601034352,6.930217428841843,-15.208461462219969,1.807117873458925,1.0745446116053805,0.2774936508394745,1008.6427873200181,0.960260932840237,,,,,102.98049754892406,0.7947941762590744,6.898150220416426,126.52805632822192,136.65030083447968,1864622466,8.368876815237153,0.19438246685650154,2.5096135189501276,7.053223936475674,0.0,0.0,0.23843825287772238,0.0,0.0,-2.2199999999999966,-3.8271247749187003,0.0,-0.2520058744262648,0.0,-14.553995474294037,-0.3999999999999998,0.0,-60.0,1000098
full_throttle,-50.22050020606769,7.679797008756461,30.182871119070917,0.8302545867355642,-2.634366803022732,-0.7610060644763603,12.233666773501632,0.01724137931034482,1.2467580087941315,0.0,False,RUNWAY_EXCURSION,290,28.99999999999836,3,733954.9074325733,1303.8833697636242,3871.110296576432,3710.9552112412925,wet,0.6771480929824366,19.56921028156657,15.139638761649989,1.2183474260622127,1.2203630309683218,24.185903937780452,992.1877833973527,0.9032766447056134,,,,,116.91273185098409,1.2467580087941315,5.439195897049949,135.28495269052328,146.10774890576516,1661392386,13.587303782187591,2.9131147289735417,3.7143421143732143,9.635942213619002,0.0,0.0,0.37402740263823925,0.0,0.0,-2.899999999999982,-1.9004435341949293,0.0,-1.0165314788840938,0.0,-14.228255434780278,-0.3999999999999998,0.0,-60.0,1000099
full_throttle,-47.78778633742191,8.943052065425704,30.71328515674219,0.6083768136988732,-2.06527777133112,0.4977529536425696,10.39027978083597,0.02100840336134453,1.439655866691055,0.0,False,RUNWAY_EXCURSION,238,23.799999999998647,3,621759.5889121004,1302.099857517723,4089.6695311841777,1784.3688043059042,dry,0.9594398898802933,12.953995747243237,-10.939192917785876,0.3259148980114679,1.5819458106890791,6.00628644649996,1032.3733755301828,0.9494522780074143,,,,,126.53757695261277,1.439655866691055,7.706647569532308,118.46299335110395,127.94003281919227,562700136,11.522272562413537,3.1723157555809633,2.8217237753149376,7.789549108170622,0.12505460327814977,0.0,0.4318967600073165,0.0,0.0,-2.3799999999999932,-2.1149785442544173,0.0,-0.5195714577548938,0.0,-8.236048900178126,-0.3999999999999998,0.0,-60.0,1000100
full_throttle,-99.11689681686528,185.67506423477553,400.96079627295217,2.194534426350238,23.25481731415508,2.611511759249103,13.754527494268016,0.006172839506172837,2931.4549038323457,0.09276018099547512,False,ENVELOPE_VIOLATION,810,81.00000000001671,3,645291.1569661272,1340.6513909954447,3872.71503067118,2839.726651413568,wet,0.7538568172121327,18.826082690383686,-12.271417283751324,2.4849265928018665,0.8743691382992762,-12.002228693254358,985.6948325749511,0.8350153471704324,30.39999999999828,975.1866728237532,36.89999999999791,,141.4026165700267,2930.2970817159876,-135.66176852268623,119.66803929039368,129.24148243362518,1869698443,84.2654313088091,2.5826805547811693,3.779929258042401,8.185418655157227,2.956105604998202,42.869936547179385,29.999999999999996,4.100000000000001,0.0,-8.099999999999872,-191.2151155106667,0.0,-17.138734976605193,0.0,-11.002548258562218,-0.3999999999999998,0.0,-50.0,1000101
full_throttle,-50.00049968199852,11.775876768169717,30.086726110768975,0.17153283698442462,-2.681872620859694,175.59003945834456,4.828522506004381,0.022222222222222213,0.4320327870059373,0.0,False,RUNWAY_EXCURSION,225,22.49999999999872,3,800731.3727232986,1343.7793160393198,3694.5323131825176,3201.398375398995,wet,0.8816261674386587,0.48734004019887056,-2.315196819643781,3.9478041483065733,0.9791072248940491,3.685615171637508,1021.7931800228073,0.910403707809316,,,,,85.24976601043274,0.4320327870059373,7.253803547981494,134.5959076070112,145.3635802155721,1975851683,7.064576069839867,0.977635199965582,1.5397425451560793,6.931564756186373,0.0,0.0,0.12960983610178115,0.0,0.0,-2.249999999999996,-3.4667818414779825,0.0,-0.3657269775961193,0.0,-0.1611192701740838,-0.3999999999999998,0.0,-60.0,1000102
full_throttle,1.855940479275148,11.970942678210779,30.570443203518714,0.3742610573692943,-1.9528860802278303,-1.982254183330294,6.464834636869929,0.009652509652509649,2.8483708810890676,0.0,False,RUNWAY_EXCURSION,518,51.79999999999706,3,847577.8570692515,1308.966643566533,3285.2550608656043,4378.7270522393255,wet,0.6764473081442178,10.894329200695994,-3.201898401293364,0.4518905695369355,0.5291707615831442,23.014291830825385,1028.1199568284362,0.8862983636808017,,,,,162.90254343670424,2.8483708810890676,15.827949422422236,142.54880146802515,153.95270558546716,1796110325,43.44375275470722,4.062769924743416,9.640506805525963,16.99751110234401,0.9854621769093872,0.0,0.8545112643267202,0.0,0.0,-5.179999999999934,-8.247910748599363,0.0,-0.19068722383362757,0.0,-0.10997557684876344,-0.3999999999999998,0.0,-60.0,1000103
full_throttle,-52.39116693467403,12.804926570063875,30.152356265698607,0.026019208765351333,-2.6376103776264093,176.5422228473565,4.993895460579993,0.02512562814070351,0.4593139978799172,0.0,False,RUNWAY_EXCURSION,199,19.89999999999887,3,743371.7324775397,1331.662557503219,3349.935316976363,1237.0545901864677,wet,0.6737814065789162,2.039989295386272,-0.1850133979247537,1.5804767297335998,0.07535104665609094,-6.287284696627292,1000.4384464028769,0.963136935100826,,,,,82.38559794067017,0.4593139978799172,5.194399257591709,128.803432748449,139.10770736832495,1581373009,6.174951001000737,0.3358274995331107,1.2585280309954325,6.101256353335962,0.0,0.0,0.13779419936397522,0.0,0.0,-1.9900000000000015,-3.6254736387200914,0.0,-0.3840503801831574,0.0,0.0,-0.3999999999999998,0.0,-60.0,1000104
full_throttle,-63.163234618278764,9.179776350193944,30.01811099339677,1.116471727242037,-3.1694078991651433,-0.08754373747594024,9.676248237389256,0.019607843137254895,0.6691631405105909,0.0,False,RUNWAY_EXCURSION,255,25.499999999998558,3,864338.0039767234,1323.3229219118284,4335.083683159804,1765.1271857867112,wet,0.6636987160658233,12.455977072178186,19.078225784949375,2.9844303347557766,1.1448671836881696,17.32102868189053,998.7765608837564,0.9518656189324882,,,,,101.1537257913604,0.6691631405105909,6.203105307316044,144.7082976162265,156.28496142552464,1040377640,9.089148885797439,2.9941989024048934,2.348194512377912,8.171223724246653,0.0,0.0,0.20074894215317718,0.0,0.0,-2.5499999999999896,-2.387601658788101,0.0,-0.5471059124794486,0.0,-20.082042013991284,-0.3999999999999998,0.0,-60.0,1000105
full_throttle,-61.93991297660881,12.719372597917815,30.215834626431224,0.5633881911348363,-2.7513256124009784,175.35816437513668,6.93794684599599,0.02450980392156862,0.3151559651032585,0.0,False,RUNWAY_EXCURSION,204,20.39999999999884,3,802628.3150011552,1342.529157363512,4181.060268758942,61.041486637921636,wet,0.7704219341958494,-1.2753902890777704,13.716148815434785,0.7798561067448699,0.8548384071607793,23.461157802164912,986.787071991773,0.9980190286042794,,,,,72.7274222955578,0.3151559651032585,3.9255117664158057,141.69443700102408,153.02999196110602,1474746226,5.850795491362099,0.23503101063820223,1.1914073582030018,6.271754633344037,0.0,0.0,0.09454678953097755,0.0,0.0,-2.0400000000000005,-3.667068623785685,0.0,-0.3687531491559512,0.0,-9.107626486745493,-0.3999999999999998,0.0,-60.0,1000106
full_throttle,-52.4636164224518,10.969947226690001,30.405322949110225,1.3747294108056813,-3.1836842744049907,175.7344481863007,13.012514091983649,0.013089005235602089,1.048281219551427,0.0,False,RUNWAY_EXCURSION,382,38.199999999997836,3,838727.1345728686,1305.1422949180019,3861.2751458303546,4835.591285817676,wet,0.899771679249666,-3.0960134945031847,-17.30602469203761,2.0518233574732068,0.40538252208084513,21.582042856217555,999.3901486366689,0.8745645531859976,,,,,113.64549069385032,1.048281219551427,5.511794673707797,143.49496755529046,154.97456495971372,651865655,21.82157417522315,2.690656892417157,4.893497900689958,13.039992194214117,0.0,0.0,0.3144843658654281,0.0,0.0,-3.8199999999999625,-5.1077535004145425,0.0,-1.302167541194866,0.0,-24.593900909252284,-0.3999999999999998,0.0,-60.0,1000107
full_throttle,-33.108735609696566,9.283573440079905,30.09106305460444,0.4563987681563304,-1.5349664819672946,-1.559843387367567,6.364947012215676,0.01700680272108843,1.8517860217989437,0.0,False,RUNWAY_EXCURSION,294,29.399999999998336,3,625224.157633294,1317.7190881976733,3438.0389477221,3757.733120820478,dry,0.9595152147351497,19.04128951313889,-6.201630298119869,2.8341164149816516,0.8840474551195814,11.789002547700484,1003.5760633871018,0.8981896256599236,,,,,135.4540076627923,1.8517860217989437,6.597099886624971,121.66341049958972,131.3964833395569,1901189956,16.513353371439546,2.548839118084569,4.788159513590605,9.122337050288483,0.46412696121621216,0.0,0.5555358065396832,0.0,0.0,-2.9399999999999813,-2.81536803670033,0.0,-0.16294757508986635,0.0,-0.7827718190654632,-0.3999999999999998,0.0,-60.0,1000108
full_throttle,-25.819686298715865,153.66067908551037,401.230841132782,3.2521394754161794,13.84770067652001,-1.578790397982846,10.822273556328625,0.006684491978609623,2440.819338548115,0.0,False,ENVELOPE_VIOLATION,748,74.80000000001178,3,722739.4030867789,1324.5585687852756,3831.0601602941015,1021.5508707518811,wet,0.6688644869197894,18.42526321370479,-5.159839404943272,1.1907457051122647,0.5560707782884893,4.5380175675279055,1031.0422275874428,0.9036805856957579,39.69999999999775,1639.8461710518009,47.79999999999729,,150.76643228414517,2440.819338548115,4729.273776612917,127.48406372561753,137.68278882366695,1576244045,92.77545870463402,1.4473197990427702,7.435067127957419,9.373835538370775,3.6589332095670577,30.619114333077132,30.0,0.0,0.0,-7.479999999999885,-136.2785359469814,-0.0008182406535962953,-5.162822782449443,0.0,-1.8072380412813283,-0.3999999999999998,0.0,-50.0,1000109
full_throttle,-60.09227986733435,10.101024881541413,30.08096900025023,0.6202783710217178,-3.0283397715760634,-2.4642373510026165,8.722999087292148,0.022026431718061665,0.6694342401633548,0.0,False,RUNWAY_EXCURSION,227,22.69999999999871,3,768475.1136173832,1311.1965308449574,3331.225427491715,4313.125009541816,wet,0.6484244185008768,20.227386398023448,14.488016086530235,0.4719089769700382,1.3254694214035434,-4.851114246368628,990.1640196967763,0.8774730081065796,,,,,94.8001899495328,0.6694342401633548,4.347059935016304,131.9728373158757,142.53066430114575,779903972,6.938314103749008,1.7483284058720545,1.285830848201498,6.955944028850179,0.0,0.0,0.20083027204900647,0.0,0.0,-2.2699999999999956,-2.5734410811396384,0.0,-0.5571538996053672,0.0,-11.420932545311075,-0.3999999999999998,0.0,-60.0,1000110
full_throttle,-25.782934369774715,8.881917433121403,30.554011148877322,0.45988564585145647,-1.8101107148668893,-1.8367047981134774,9.414224625691016,0.013623978201634872,2.3342756518461556,0.0,False,RUNWAY_EXCURSION,367,36.69999999999792,3,766064.8213888014,1314.286348721292,3986.8295878787994,581.0166252087872,wet,0.653091973646153,21.2892488993037,-7.317806344607569,0.1803232392487839,0.4826420744594748,20.012054334758503,990.9346713849951,0.9838174810498969,,,,,152.23596566629405,2.3342756518461556,7.511936482148087,137.3727572668941,148.36257784824565,476412161,23.69929181106393,3.5248207766118864,5.185249360201041,12.17761311835114,0.48510599258036713,0.0,0.700282695553847,0.0,0.0,-3.6699999999999657,-3.216895980553825,0.0,-0.6724542555869083,0.0,-3.5959478879962536,-0.3999999999999998,0.0,-60.0,1000111
full_throttle,-53.04968478334257,10.528492479755112,30.092681474792133,0.5119532728934714,-2.7778162305323795,-2.4988172121481815,7.465458797183129,0.02183406113537117,0.4693382717041459,0.0,False,RUNWAY_EXCURSION,229,22.8999999999987,3,756392.7491175751,1327.5531364765486,3841.8721676722835,4947.768933809054,wet,0.7566331857852588,3.4244033412414776,-12.65580796556847,2.126841154336033,0.13442986973123205,14.081779747614895,1026.027737962736,0.868781554265462,,,,,82.31888254954039,0.4693382717041459,4.291080304432171,132.85104627964796,143.4791299820198,1979288597,7.516284127583382,1.9224836396169762,1.2383118416894354,7.169620394161206,0.0,0.0,0.14080148151124378,0.0,0.0,-2.289999999999995,-2.820495138027059,0.0,-0.5714003678567152,0.0,-4.955290762021033,-0.3999999999999998,0.0,-60.0,1000112
full_throttle,-22.869613395350264,7.800011972337066,30.43738924181974,0.5661217377952008,-2.351836448635635,3.475756690142827,6.979725880136098,0.014534883720930227,1.4529921700259365,0.0,False,RUNWAY_EXCURSION,344,34.39999999999805,3,748575.635777644,1314.7970812640979,3470.6451305030237,4230.061602027344,dry,0.9421575069518925,5.881631135713125,-6.73133514442299,2.3963605279938327,1.0209312252979912,13.297129016241513,994.3350559690996,0.8865990200405315,,,,,126.09349972057817,1.4529921700259365,5.752646192266049,134.07809524041025,144.80434285964307,2140010421,20.407647314916375,6.810105905435049,6.129200487702036,11.760293490414368,0.0,0.0,0.43589765100778094,0.0,0.0,-3.4399999999999706,-2.325447138710994,0.0,-0.1444914611858075,0.0,-2.102819644929136,-0.3999999999999998,0.0,-60.0,1000113
full_throttle,-45.223171685308095,10.857103556132124,30.037221828313925,0.2031453679371331,-3.828671567454018,-3.690922443466081,5.034266091267763,0.018656716417910443,0.5164467623153541,0.0,False,RUNWAY_EXCURSION,268,26.799999999998484,3,919049.3591880599,1307.5095320064156,4114.382576638164,1982.9226056274051,wet,0.601839011413098,12.283353145387267,5.878784075319179,3.2072275207414793,0.847014502091783,9.863652061914113,987.4071096681706,0.9447828023242347,,,,,89.00084186132075,0.5164467623153541,2.465886033487621,148.23138290566723,160.08989353812063,1678562473,9.33417023564073,2.17035464040078,2.641468784146127,8.562232903554811,0.0,0.0,0.1549340286946063,0.0,0.0,-2.679999999999987,-3.5101061071620667,0.0,-0.10324780052200251,0.0,-1.392978370061083,-0.3999999999999998,0.0,-60.0,1000114
full_throttle,-42.722044151626065,15.903872140212187,30.05101484621921,0.22392811255158396,-2.1407615110537948,-1.494562972323175,2.728248697330687,0.016611295681063117,1.3080073276287294,0.0,False,RUNWAY_EXCURSION,301,30.099999999998296,3,749877.6891465959,1331.0069580699285,3728.5562630205964,4545.466617540576,wet,0.8814929808146941,24.926684927674145,-2.0449803957675905,2.6038591287942627,1.9616608724916322,12.205439581247862,988.7049156599419,0.8781682965212267,,,,,118.65064514770718,1.3080073276287294,4.939071614289787,134.33228664490954,145.0788695765023,925513863,13.89063685440342,0.12275921651092644,5.145000159032335,9.926868039912161,0.0,0.0,0.39240219828861883,0.0,0.0,-3.00999999999998,-8.459208651635265,0.0,0.0,0.0,-0.3305019681383083,-0.3999999999999998,0.0,-60.0,1000115
full_throttle,-51.04206101212192,8.077078909547463,30.662249845053125,1.0661070052480812,-2.9378692521616303,178.17805382662755,10.823357473651262,0.01766784452296819,0.9790915988533015,0.0,False,RUNWAY_EXCURSION,283,28.2999999999984,3,794834.8754957133,1309.635921390889,4277.61412154599,2755.717761346995,wet,0.7026877215279277,0.4400265663124969,-15.164184197394228,3.881939257792353,1.490257986577294,2.460220279043561,1011.0647739842286,0.9221179447040687,,,,,103.81909358528598,0.9790915988533015,2.309666178574936,134.52568017353448,145.28773458741725,9402869,13.097613036551206,3.4712658672506316,3.7939212993996354,9.351860641119988,0.0,0.0,0.29372747965599044,0.0,0.0,-2.8299999999999836,-2.051410516692108,0.0,-0.7205047637012052,0.0,-15.04853405570608,-0.3999999999999998,0.0,-60.0,1000116
full_throttle,-44.19491061363206,11.311402045843954,30.078785140210073,0.11748415784509635,-1.70728701954152,-1.7348721676883385,4.767672041353993,0.02100840336134453,1.1186991523056804,0.0,False,RUNWAY_EXCURSION,238,23.799999999998647,3,667982.9466547857,1344.0070549938998,4227.322633825301,1119.9978294498542,wet,0.6414526461260436,18.098359165625425,-2.0862630932918558,3.494296426808804,0.459569403824976,24.56299633034883,1028.3102195710137,0.9697783130716434,,,,,109.83115429194959,1.1186991523056804,5.549645818130635,126.85113700353217,136.99922796381475,756436368,10.18070500997191,2.0023711647834457,2.2129724086436395,7.708141715517228,0.0,0.0,0.3356097456917044,0.0,0.0,-2.3799999999999932,-3.3835089184186695,0.0,-0.19113295502664,0.0,-0.2800687847946799,-0.3999999999999998,0.0,-60.0,1000117
full_throttle,-51.01511256899174,14.121480825780466,30.063334106861696,0.3322555015127315,-2.548725477752796,-1.7839176361494977,4.203328126600068,0.022421524663677122,0.5680784676546864,0.0,False,RUNWAY_EXCURSION,223,22.299999999998732,3,773103.2240622552,1339.0384478448414,3802.7881388887836,1940.6849128437775,wet,0.8939959222148065,4.605038862047591,-4.425955475483844,2.312286515250203,0.9271219552863101,-2.219274830198259,985.0257087699688,0.9436630678190367,,,,,87.67207048456339,0.5680784676546864,4.557167600233996,133.3294720676037,143.99582983301198,1740730675,7.76792363894431,0.197956016283214,2.343854427718822,7.037839962079253,0.0,0.0,0.17042354029640588,0.0,0.0,-2.2299999999999964,-4.9410908021081585,0.0,-0.10587904599168531,0.0,-0.8561403062138894,-0.3999999999999998,0.0,-60.0,1000118
full_throttle,-27.428852808941073,9.604212315817296,30.078395845697283,0.508087665273474,-2.3785578011123474,1.1566285724332326,4.9535770663313015,0.014204545454545449,1.296497222503831,0.0,False,RUNWAY_EXCURSION,352,35.199999999998006,3,904890.9757005232,1345.4081604155256,4123.88677507437,1378.08442787283,wet,0.7342620882973162,8.367614493406752,-6.547144220985459,1.2087070764477583,1.156924455437262,18.97201104609099,990.5672575269784,0.9623759676490506,,,,,118.9268972983025,1.296497222503831,3.441911359272183,149.07760359118532,161.00381187848015,1828153888,18.688301982981866,3.9136623627564284,6.43210899098444,11.996650381295147,0.0,0.0,0.3889491667511494,0.0,0.0,-3.519999999999969,-3.6076438623298235,0.0,-0.03176486115958115,0.0,-1.2891169702207892,-0.3999999999999998,0.0,-60.0,1000119
full_throttle,-41.027231034581845,7.296954784475839,30.701386632702544,1.3125871764138914,-2.7089775607142426,176.39371593883672,10.505566680700005,0.015723270440251565,0.9785797547015136,0.0,False,RUNWAY_EXCURSION,318,31.7999999999982,3,835837.4311608614,1329.121391431679,3460.3106936210197,2460.3297266029,wet,0.7311462918364429,-4.394899345582573,-14.16409406048591,3.922559571629855,0.6818571727703022,14.122343580859614,1010.2731913104908,0.9328244125658112,,,,,108.60982138272338,0.9785797547015136,4.985529888107543,140.74775862855512,152.00757931883953,2124811579,16.513936271733556,6.252967817819142,4.9783771420845495,10.698333950745285,0.0,0.0,0.29357392641045404,0.0,0.0,-3.179999999999976,-1.8813427358095307,0.0,-0.5197449611791879,0.0,-13.783332446386167,-0.3999999999999998,0.0,-60.0,1000120
full_throttle,-55.0780998402725,13.555074221530731,30.096642826130285,0.2770476913606111,-2.6131471274493285,-2.366742898012714,5.720132650500543,0.025641025641025633,0.4219299490548565,0.0,False,RUNWAY_EXCURSION,195,19.49999999999889,3,737533.4435003289,1334.9850681394203,3231.8734733783353,1667.3366040801707,dry,0.9956342221002628,3.080005019662874,-6.624798610667611,0.15351191996500502,0.6291807230543027,3.487549476656021,1021.0688373873664,0.9523293391796454,,,,,80.07504844568099,0.4219299490548565,4.881319009999832,129.17719667936856,139.51137241371805,821572590,5.647686866968176,0.10225020937253194,1.195589361079976,5.899284279524825,0.0,0.0,0.12657898471645698,0.0,0.0,-1.9500000000000015,-3.9810341382761494,0.0,-0.3174595466681843,0.0,-1.4009958569901295,-0.3999999999999998,0.0,-60.0,1000121
full_throttle,-44.742104747867856,9.729768614099866,30.520191323015787,0.6441017735909438,-2.1017785771515647,178.39770412541495,6.696883239874947,0.018939393939393933,0.8623460416968101,0.0,False,RUNWAY_EXCURSION,264,26.399999999998506,3,769201.7219377157,1350.9010196238114,4043.709094071452,331.27870679707627,wet,0.7161790810440289,-1.179895095999365,-7.747526425706535,0.07341563372631299,1.775545578372271,21.515088133032158,1003.5077972446987,0.9906643871459339,,,,,100.77432118922255,0.8623460416968101,4.0554587575662815,137.12184816506226,148.09159601826724,882140549,11.744358637845426,3.239054897121867,3.308638460730738,8.64975988887893,0.0,0.0,0.25870381250904295,0.0,0.0,-2.6399999999999877,-2.776939653661737,0.0,-0.16089898289504823,0.0,-5.964781808397086,-0.3999999999999998,0.0,-60.0,1000122
full_throttle,-47.861334704386344,9.67320273357433,30.0823056271146,0.7500607811049702,-2.1457769340557507,-2.1262042262325505,7.67758171236655,0.019305019305019298,1.1663015591348085,0.0,False,RUNWAY_EXCURSION,259,25.899999999998535,3,761746.3134121043,1338.2673705478833,3527.9389408957336,2276.4033643850103,wet,0.86329062214264,15.581065156992537,11.173065252434892,2.3095584964578917,0.968695573371452,1.9028527245940126,1018.5463438675519,0.9351211614700441,,,,,116.51163572932462,1.1663015591348085,7.575333805351239,131.08534494489749,141.5721725404893,1001882786,11.011242208654286,2.979282906894537,2.956163329009788,8.394598414226884,0.0,0.0,0.34989046774044247,0.0,0.0,-2.5899999999999888,-2.692761160147883,0.0,-0.22941670042373308,0.0,-7.640334170340659,-0.3999999999999998,0.0,-60.0,1000123
full_throttle,-47.1535707056845,9.411488196845545,30.29924131616307,0.7387403220698532,-1.1025142087718582,-1.1645781917269704,10.238751090919841,0.0181159420289855,1.922050917603542,0.0,False,RUNWAY_EXCURSION,276,27.59999999999844,3,616563.2451849979,1347.302128713826,3606.116439726942,526.9580742883006,wet,0.6734337699953024,15.811787516913856,13.750160404051874,3.986641294872079,0.9919640332246302,19.495829190071746,990.5476080768846,0.9852289653612143,,,,,139.84830276875292,1.922050917603542,25.74599496727478,123.16220118961883,133.01517728478834,717121042,15.883543619526606,1.4701873673688999,3.3602434153806007,8.83193016680163,0.3595726882645867,0.0,0.5766152752810628,0.0,0.0,-2.759999999999985,-2.7163340424338007,0.0,-0.8799624139112735,0.0,-10.879366781962819,-0.3999999999999998,0.0,-60.0,1000124
full_throttle,-53.711399500174664,14.62330608375618,30.22185827738338,0.23963766352811094,-1.921695535238611,-1.2173374293071526,4.6068063611195775,0.02499999999999999,0.6464402310439255,0.0,False,RUNWAY_EXCURSION,200,19.999999999998863,3,654182.9213729776,1350.4869163235649,3960.7439998195614,4601.052760857601,dry,0.9577582807293703,9.665594245178008,-4.832599362580066,0.8457273142920072,1.5594040953133919,-13.732177687072653,1010.2625961824241,0.865733666761665,,,,,90.39013766533247,0.6464402310439255,6.8706318967252145,118.64225918361069,128.13363991829956,380894870,6.328079775457814,0.05829014106140465,1.6858583935091216,6.096075635053488,0.0,0.0,0.1939320693131777,0.0,0.0,-2.0000000000000013,-4.752024018204902,0.0,-0.19417831920710757,0.0,-0.7274331771576612,-0.3999999999999998,0.0,-60.0,1000125
full_throttle,-57.87399167627106,12.290296771287524,30.33090933030917,0.6523416125882585,-1.531353872336567,-1.5621799303149455,9.326189509249984,0.024875621890547255,1.1185751176342364,0.0,False,RUNWAY_EXCURSION,201,20.099999999998857,3,581978.438271315,1341.9231958061696,3514.9012273397907,1087.8720450735252,wet,0.6081561769308556,13.91912291956612,-17.6448050633185,3.1288396428401226,0.8249806108055211,8.473703593946457,1020.975768853633,0.9690394264565723,,,,,112.76188358862193,1.1185751176342364,8.833713153560652,115.7309301561867,124.98940456868165,310278833,7.997569060604644,0.18942559204342285,2.0433349657746978,6.434931794423089,0.0,0.0,0.335572535290271,0.0,0.0,-2.010000000000001,-3.3734811488878256,0.0,-0.43554485399807313,0.0,-8.655799621521279,-0.3999999999999998,0.0,-60.0,1000126
full_throttle,-45.63662622796132,6.980124252343954,30.364504422578683,1.4973708889934902,-2.6134278366119026,174.77108111282877,10.839444005822225,0.015432098765432093,1.2944040531192513,0.0,False,RUNWAY_EXCURSION,324,32.399999999998165,3,886421.4015397909,1332.8299039079545,3616.2744803175374,1009.2076151444456,dry,0.9062684224733262,3.7890036084426058,13.70212734357837,3.300066028848925,0.8423423525770051,8.868351674552997,1023.0501951164674,0.9713072441661701,,,,,123.26725853730298,1.2944040531192513,7.319777253464856,142.77891397268502,154.20122709049983,731647804,17.499504712131007,6.293127344538259,5.061167623146205,11.024761374515535,0.0,0.0,0.38832121593577545,0.0,0.0,-3.239999999999975,-1.7539968448137686,0.0,-0.5870496917843399,0.0,-19.922461961630038,-0.3999999999999998,0.0,-60.0,1000127
full_throttle,-43.62229278735561,9.767949846880521,30.293351541346933,0.47383427119333926,-1.935410858394558,168.18343975538983,6.745795751846081,0.020491803278688516,0.9695314773957762,0.0,False,RUNWAY_EXCURSION,244,24.39999999999862,3,657630.2971589172,1332.8595952243172,4104.609023629397,3740.3556317747016,wet,0.7534974274207222,5.17217853434537,14.548032934429237,3.9994885410696592,1.8781063433095495,-8.62055593601764,1027.3253727273436,0.8915799475427273,,,,,106.03538747541089,0.9695314773957762,7.375159917965011,119.05604926514226,128.58053320635366,1053327028,11.12822811844328,2.8573680976976448,2.816777391829375,7.915354583797008,0.0,0.0,0.29085944321873286,0.0,0.0,-2.439999999999992,-2.5867482208362507,0.0,-0.17496363159690898,0.0,-3.0291685699084763,-0.3999999999999998,0.0,-60.0,1000128
full_throttle,-53.29470293747316,8.976303962567057,30.55970664107151,0.7558852613068877,-1.6612748353937707,-0.7664354889437124,14.713161450226833,0.022026431718061665,1.6617362505257915,0.0,False,RUNWAY_EXCURSION,227,22.69999999999871,3,574518.4020889368,1309.1992983436835,3542.8629268668674,2005.3537245052332,wet,0.7526728910491859,19.3340403195912,17.25152651869592,0.7309970054403614,1.84504380195188,-2.84835135408561,1007.7511677917968,0.9416434488472988,,,,,133.70474535992187,1.6617362505257915,11.733523723186785,113.50846345432339,122.58914053066927,1214132387,10.791828263674475,2.8433259849575463,2.5400856452528453,6.797853907491833,0.40916401995276636,0.0,0.4985208751577376,0.0,0.0,-2.2699999999999956,-2.032256161338459,0.0,-1.3332706002368193,0.0,-11.139954872385097,-0.3999999999999998,0.0,-60.0,1000129
full_throttle,-48.00324819057285,11.64210397023435,30.309322950710754,0.19136075699211583,-3.2070134463202744,167.5098832686846,5.0407177194812665,0.021645021645021637,0.4231905873348296,0.0,False,RUNWAY_EXCURSION,231,23.099999999998687,3,743366.7664762033,1304.3409168179248,3922.0192606853375,3240.023153980413,wet,0.6430003689028205,-1.3817995928122908,1.6710219250052005,1.536885727944727,1.493274655196019,11.494959937115862,996.7909618711755,0.9116370791241091,,,,,82.8051639693229,0.4231905873348296,4.349518404172983,133.04660614240288,143.69033463379512,211675536,8.001782821989616,1.246471336977568,1.887251148932581,7.232449273202321,0.0,0.0,0.1269571762004489,0.0,0.0,-2.3099999999999947,-3.4788236779128257,0.0,-0.21347929604835073,0.0,-0.09585697391420288,-0.3999999999999998,0.0,-60.0,1000130
full_throttle,-59.15973236672607,9.451737271455908,30.59535308666858,1.0240275870213364,-1.6971295258111585,178.17873103526898,10.077982141228352,0.022727272727272717,0.6452527796427603,0.0,False,RUNWAY_EXCURSION,220,21.99999999999875,3,576897.0250988625,1347.3813743437515,4459.878155397204,4715.096257048709,dry,0.9306869706102079,-4.259715278637022,18.248289107056774,3.4258968085838215,1.822523568033629,23.16448028309354,1001.45476411745,0.8780654064964715,,,,,89.11152252318983,0.6452527796427603,5.531251205240046,119.18838339166177,128.72345406299473,822080326,8.879986695396072,2.3985993892949837,1.8511050013557753,7.018270602609797,0.0,0.0,0.193575833892828,0.0,0.0,-2.199999999999997,-2.1837526931887026,0.0,-0.5681384604943358,0.0,-14.14937873559246,-0.3999999999999998,0.0,-60.0,1000131
full_throttle,-50.96613895417769,13.382503616491151,30.07690264367402,0.21007509431073362,-3.6856138766154207,175.907809089338,4.363621621473999,0.0217391304347826,0.2282646057783495,0.0,False,RUNWAY_EXCURSION,230,22.999999999998693,3,879581.2989575496,1308.534110797626,3428.538564672995,1560.643790152339,dry,0.986844754894701,-4.4524104455533315,-5.036387202217947,3.1700622648010772,0.3741423026570161,-12.012213174447592,997.0767102724174,0.9528833029651077,,,,,73.11116479091133,0.2282646057783495,3.5009221546189195,138.9112484736606,150.02414835155346,1753183373,7.730458675801502,0.20614239966136605,2.3715767241752497,7.224907165964922,0.0,0.0,0.06847938173350485,0.0,0.0,-2.299999999999995,-4.576780300049076,0.0,-0.042128922863328006,0.0,-1.2487940786018257,-0.3999999999999998,0.0,-60.0,1000132
full_throttle,233.8802281264042,9.522993316279182,30.07029742474886,0.7720440747408511,6.771263478153634,-1.1881735240678717,2.530443743698711,0.011820330969267136,332.22600078151595,1.0,True,SUCCESS,423,42.2999999999976,3,640924.4182798256,1341.2286422097566,3214.4782445390774,1289.2428900774717,wet,0.8561833873317704,6.498679876528154,-3.7048039386921783,2.3202400727419126,0.3690437300946705,3.98112222781117,1001.2153970898497,0.9536729156953727,30.799999999998256,1090.669902838113,37.39999999999788,37.2999999999976,176.67511447123087,332.22600078151595,3913.634535216333,121.71086523136742,131.44773444987683,1305580699,40.169282913864485,6.212203642560828,8.948135364609742,8.764733523477313,2.6714667537670027,8.762850856672772,30.0,4.999999999999998,132.375000000001,-4.229999999999954,-4.262307879989206,0.0,0.0,0.0,-0.13113704855975128,-0.3999999999999998,0.0,0.0,1000133
full_throttle,-55.51677413904072,8.808847241764184,30.3064412206828,0.9591251293211365,-2.7306616765075353,4.5462383075837005,10.109094784196252,0.02136752136752136,0.8142024342205332,0.0,False,RUNWAY_EXCURSION,234,23.39999999999867,3,685188.9446600328,1302.65805602232,4200.335606476912,3156.5034218234687,wet,0.8043258815317643,2.1253635499979007,19.979248191373927,1.3194816464837769,1.2249652871889392,10.548921154050358,1018.5666125678172,0.9135381778031668,,,,,99.35544512794834,0.8142024342205332,5.78453591428346,126.1618560509977,136.2548045350775,967792731,9.43974098053791,3.1174839156656113,2.405569710772817,7.569528131700022,0.0,0.0,0.24426073026615994,0.0,0.0,-2.339999999999994,-2.0174905329471486,0.0,-0.5537518661358642,0.0,-12.982115208900215,-0.3999999999999998,0.0,-60.0,1000134
full_throttle,-62.59745027315999,11.802005929814854,30.05484778214868,0.93982951375765,-2.1228419698670353,-1.5808201660337746,8.697523388926186,0.02499999999999999,0.8213403314329071,0.0,False,RUNWAY_EXCURSION,200,19.999999999998863,3,610881.3283437139,1321.1232493138025,3728.604794561069,770.0669022346291,dry,0.9339137449799552,2.236285489945743,17.525471671773392,0.445093642953565,0.7706617853892024,2.7393671923947274,985.7002131863413,0.9774683518352123,,,,,100.63130372688153,0.8213403314329071,7.582690091220492,119.50077200096959,129.06083376104718,424956394,7.6255860003108396,0.3353392908561627,1.9937273430951787,6.386738098701302,0.0,0.0,0.2464020994298721,0.0,0.0,-2.0000000000000013,-3.0952743103863334,0.0,-0.2853103630682579,0.0,-13.404658432098758,-0.3999999999999998,0.0,-60.0,1000135
full_throttle,-56.980515765838426,9.138647302601017,30.50870018263322,0.8955843432945462,-2.401419190420225,3.6636253965690466,8.739794304300196,0.019230769230769225,0.8165883225969992,0.0,False,RUNWAY_EXCURSION,260,25.99999999999853,3,852138.1171874348,1351.2960610809364,3616.013837103258,3773.6690234862854,wet,0.6508725466907599,7.971198627268073,15.54024711400917,1.6952234096480825,1.0928630381762088,-11.210552703269535,1001.6915399753084,0.8897271006487378,,,,,98.57895511417789,0.8165883225969992,3.0850241825711855,136.60959096093595,147.53835823781083,1950180528,10.086547041439571,3.2729286539287408,2.7505172016256214,8.384319161465886,0.0,0.0,0.24497649677909983,0.0,0.0,-2.5999999999999885,-2.412651930616397,0.0,-0.4276296050191269,0.0,-15.879522785441825,-0.3999999999999998,0.0,-60.0,1000136
full_throttle,-48.924294350297885,11.550579833445106,30.236351368857235,0.1208889016231926,-3.5036127847797007,175.98656624351406,5.217672965512626,0.02074688796680497,0.256001964281495,0.0,False,RUNWAY_EXCURSION,241,24.099999999998637,3,897192.8595167325,1320.7079626299094,3251.330466602669,2535.885552641893,wet,0.7602417060675353,-3.0411283180625484,3.7089520197094106,2.5565584189715476,0.4792501491693706,16.958055344677,997.5089081619067,0.9314816191264556,,,,,73.04425172034381,0.256001964281495,3.0415587215455275,147.43891864044892,159.23403213168484,1517683096,7.399345151424913,1.2875914590679054,1.6516108010275241,7.527190593436397,0.0,0.0,0.07680058928444851,0.0,0.0,-2.4099999999999926,-3.572581174644233,0.0,-0.3737775813993179,0.0,-0.11047418849551027,-0.3999999999999998,0.0,-60.0,1000137
full_throttle,-66.68191838931422,12.983716394873863,30.39354465058505,0.7730758786831252,-2.4031881333836447,1.9311469937160897,8.403747625982492,0.024875621890547255,0.4570916950447099,0.0,False,RUNWAY_EXCURSION,201,20.099999999998857,3,719868.6105812814,1342.1395539715802,3521.1734701691776,3993.193437376603,wet,0.7298632190542458,10.449208480081795,-18.51425936925552,2.4083134792609564,1.6405241817785114,18.143649526769792,999.6098245609672,0.8942899427250359,,,,,78.30113576446081,0.4570916950447099,3.8681663123503185,132.18468606753882,142.75946095294194,656383725,5.35774167515589,0.12511667782013441,0.9948989674537932,6.039921593927719,0.0,0.0,0.13712750851341293,0.0,0.0,-2.010000000000001,-3.764883908436199,0.0,-0.499162541292166,0.0,-12.662678362456793,-0.3999999999999998,0.0,-60.0,1000138
full_throttle,-38.98174942065023,7.899579097406296,30.113394913123866,0.5756321914828948,-1.712024648024655,-1.7798605029875385,12.063731976706341,0.018587360594795533,2.0877308961055405,0.0,False,RUNWAY_EXCURSION,269,26.899999999998478,3,639773.2494429812,1311.3921229040716,3774.6147906606234,1321.82018958235,wet,0.6230103125442984,6.252970296906701,-11.00353865475433,0.29498461451382463,0.04977392086364518,-10.378188181699022,1023.3131010933781,0.9600515359433247,,,,,144.35901099393112,2.0877308961055405,34.299802873321795,117.28801720257735,126.67105857878354,169111293,15.817453041772952,4.959269638500984,3.5251172671833872,7.757870709170522,0.7330149410577644,0.0,0.6263192688316622,0.0,0.0,-2.6899999999999866,-1.865166791939112,0.0,-0.9981984233746366,0.0,-6.447429071853745,-0.3999999999999998,0.0,-60.0,1000139
full_throttle,-36.670096963577464,10.333141822818916,30.296697605432044,0.2879621963976016,-2.682506743506036,-2.7109413960928395,4.991496633770386,0.01831501831501831,1.219847757751836,0.0,False,RUNWAY_EXCURSION,273,27.299999999998455,3,738814.7937503,1302.3307594844773,4348.204708455942,707.0964626486881,wet,0.8985199173867006,8.813897832329697,3.550139378163184,1.7310370836215339,0.8271574517074471,18.315040611611437,999.4509866130464,0.9803227824216346,,,,,119.00453184002946,1.219847757751836,7.018492661539284,133.96097456838763,144.67785253385864,1967654479,13.381098274553935,3.1341748172405506,3.985059730510453,9.09257541580137,0.0,0.0,0.3659543273255508,0.0,0.0,-2.7299999999999858,-3.2388058712248466,0.0,-0.03688966086277022,0.0,-0.22326399692173815,-0.3999999999999998,0.0,-60.0,1000140
full_throttle,-62.6086691633524,10.537561963704869,30.11849788331581,0.9732102659744065,-1.8355168962229407,7.38740782049045,9.157623639587186,0.02304147465437787,1.1178956976219148,0.0,False,RUNWAY_EXCURSION,217,21.699999999998766,3,655715.801895281,1336.2745329499264,3789.7018319138533,6.162127141159934,dry,0.9156379297415878,17.14823907897201,17.12375572824283,0.5340644312426703,1.472902155982602,24.979565096119423,1031.955423353427,0.9994437407448954,,,,,110.86966258215674,1.1178956976219148,7.105729425055394,125.54232881494337,135.58571512013884,787747297,8.317845053497518,1.0542848248172718,2.182938052981123,6.885846239826559,0.0,0.0,0.33536870928657425,0.0,0.0,-2.1699999999999977,-2.6773028926828397,0.0,-0.37816212494042284,0.0,-15.75948702613818,-0.3999999999999998,0.0,-60.0,1000141
full_throttle,-66.26172248344146,10.94717305963901,30.015825846644248,0.7809876602023281,-3.662305112530283,-1.0352726789341875,7.544787466628552,0.022026431718061665,0.3266440466413769,0.0,False,RUNWAY_EXCURSION,227,22.69999999999871,3,866431.6132249093,1307.3908813982816,4272.223058139915,3212.7243166613443,wet,0.8911666648518932,9.731523787650715,-17.146769022159518,3.3280559852863134,1.7831955567720035,-0.07446416572903658,996.8760785387634,0.9089912087167903,,,,,86.11694224717152,0.3266440466413769,5.214830580051881,140.8317364043431,152.09827531669058,465423488,6.539994124474758,1.0973874042360359,1.2852409360201436,6.979681344795626,0.0,0.0,0.09799321399241308,0.0,0.0,-2.2699999999999956,-3.0226461939416387,0.0,-0.46800531403702456,0.0,-16.101367998981758,-0.3999999999999998,0.0,-60.0,1000142
full_throttle,-56.06500564993959,7.398585047127398,30.17405736615853,1.4170750092664188,-3.6277176626708987,171.9042583887588,10.27258782218702,0.01700680272108843,0.9544461157312298,0.0,False,RUNWAY_EXCURSION,294,29.399999999998336,3,937036.2878236168,1306.171354544576,3313.6622691361704,852.3993197755042,dry,0.9054690885369561,-0.5310754803964821,-18.402648752669975,0.27436325080350166,0.706447480136061,-11.712531923362794,1006.1843719857713,0.973915246621873,,,,,113.56809334291346,0.9544461157312298,6.262071728725722,142.803437452795,154.2277124490186,1714892061,13.965768704208008,4.62597867540082,4.2483969701977875,9.832213261883581,0.0,0.0,0.28633383471936885,0.0,0.0,-2.9399999999999813,-1.7881426495195192,0.0,-0.5394918009192173,0.0,-23.356062645910438,-0.3999999999999998,0.0,-60.0,1000143
full_throttle,-31.40494163074969,9.569983191753149,30.428681549079077,0.46576654693657205,-1.94909506052936,7.0220118273929755,5.674763497653384,0.01612903225806451,1.700559432600528,0.0,False,RUNWAY_EXCURSION,310,30.999999999998245,3,779346.7124046297,1331.2312391659507,4342.81026426063,345.64012813169734,dry,0.9583221720856498,8.408477760991051,6.8354871878913315,0.559889360161189,1.3669613169404056,-0.8836061656738572,985.4690769529724,0.9894884082057648,,,,,136.89644885784813,1.700559432600528,9.000800210856159,134.14888020329352,144.88079061955702,1092363154,17.972285607678824,3.6454855439770344,5.502444703805878,10.55251185509889,0.0,0.0,0.5101678297801585,0.0,0.0,-3.099999999999978,-3.1545799188928565,0.0,-0.05950416060549677,0.0,-2.873753091592164,-0.3999999999999998,0.0,-60.0,1000144
full_throttle,-49.233844158031005,9.6548927478626,30.16270978058095,0.6509901864021713,-1.699479205369832,177.44837141964203,7.764295216592681,0.02057613168724279,0.945565234955211,0.0,False,RUNWAY_EXCURSION,243,24.299999999998626,3,597152.4274953861,1340.3120375094109,3691.662447205107,3631.9774983261873,wet,0.7408567025348829,-3.5764511948217983,11.713706962520146,2.5356212549066557,0.8584842967949409,13.628341738208167,999.307100158069,0.9020391877260356,,,,,103.68026077114578,0.945565234955211,6.599002554054234,119.51927101252221,129.080812693524,530377200,11.175962409951264,1.8315708201463643,3.194020077414584,7.816474353376743,0.0,0.0,0.2836695704865633,0.0,0.0,-2.429999999999992,-2.5168577572637054,0.0,-0.25860647227756156,0.0,-7.930077159865245,-0.3999999999999998,0.0,-60.0,1000145
full_throttle,-21.25328748942728,8.539206292379705,30.430319346778123,0.4254791302970994,-1.1538874443981157,0.1224539157495724,6.004681748063757,0.014749262536873151,3.5196007830495546,0.0,False,RUNWAY_EXCURSION,339,33.89999999999808,3,726267.9302314678,1344.0356717189497,4399.000078292067,2351.0461965814384,wet,0.8262341413152294,7.274862873242364,-2.9639592145796367,3.2425018109813384,1.6144207909112942,-13.613747095969595,1024.4408894600283,0.9293055175226134,,,,,159.08225185706814,3.5196007830495546,151.70644563078864,124.16683740441215,134.10018439676514,205711349,23.144983206444717,6.043678019384425,5.950938828189755,9.663723166315211,1.1668935550273063,0.0,1.0558802349148664,0.0,0.0,-3.3899999999999717,-2.7465796612437803,0.0,-0.16212176633744718,0.0,-1.5806830721223732,-0.3999999999999998,0.0,-60.0,1000146
full_throttle,216.60398309574214,13.513872074814028,34.842609345546016,3.462689235104966,7.097137840427544,-0.7454473479670901,2.4716663518753204,0.01228501228501228,439.4516004964498,0.7575757575757576,True,SUCCESS,407,40.699999999997694,3,585129.6486421678,1333.609159851156,4481.832274844356,3460.6035565879324,wet,0.8213653218894823,22.583722160378528,2.7190925419195744,3.8632015401773256,1.3941914391278094,-3.68743731737052,1021.9379646712929,0.8890608684756507,25.79999999999854,711.4362668037468,34.19999999999806,35.699999999997694,185.27793600774118,439.4516004964498,4887.6750218500665,113.58660834381813,122.67353701132359,361200544,36.45990299398206,0.3946034576913711,9.295370585195327,6.867005447165474,2.179866642464131,10.4059660253488,30.0,4.999999999999998,133.04166666666762,-4.069999999999958,-8.258696505661826,-0.0022714246465406988,0.0,0.0,-4.3094307924643935,-0.3999999999999998,0.0,0.0,1000147
full_throttle,-58.11582193824015,8.298682996109019,30.06242041631535,1.0955601167022204,-2.5972059815241217,-2.5337203748043104,9.55693441794812,0.01886792452830188,1.2337742220320251,0.0,False,RUNWAY_EXCURSION,265,26.4999999999985,3,868565.32453959,1332.41402165971,4397.6034631746825,588.675566752297,wet,0.8788532248347162,22.06432674067074,-18.35922977305379,2.9584164316467083,0.12307628870320486,-4.914387274391725,987.1500955846543,0.9822173005237128,,,,,121.7718925408734,1.2337742220320251,7.808969353739563,140.502601035473,151.74280911831084,1583877131,10.713392704361585,4.102476327931607,3.26760272933105,8.62600222061273,0.0,0.0,0.3701322666096077,0.0,0.0,-2.6499999999999875,-2.0277841066139852,0.0,-0.49930667846797655,0.0,-19.618337402004748,-0.3999999999999998,0.0,-60.0,1000148
full_throttle,-39.87954049316708,11.683910264352216,30.23808676938727,0.3810130969077504,-3.536987681649708,0.43512869691268286,3.285570494959994,0.014925373134328353,0.9907238681048511,0.0,False,RUNWAY_EXCURSION,335,33.4999999999981,3,930947.354515197,1303.8820647368718,3302.4259634131417,988.4622273566956,dry,0.9266645547808499,8.527592915640687,5.651866210716867,3.642181941245675,1.1635213712527819,-0.7262160441431362,990.1955118138087,0.9709805315216197,,,,,111.30532910716332,0.9907238681048511,1.514471330071352,146.30670271417347,158.01123893130736,501851046,16.767889887356482,0.9263225042630793,6.195147145804067,11.287682398372574,0.0,0.0,0.2972171604314553,0.0,0.0,-3.3499999999999726,-5.081345476324528,0.0,-0.0008601155384537845,0.0,-6.52159399753183,-0.3999999999999998,0.0,-60.0,1000149
full_throttle,-45.46400440670146,11.752692909265127,30.16305344131053,0.28960690697940067,-1.547943967762365,1.1151382823543836,5.8709743622601405,0.022321428571428565,1.1262542765430226,0.0,False,RUNWAY_EXCURSION,224,22.399999999998727,3,575476.699703342,1337.4392425067388,3698.0230153616476,4046.901456304503,wet,0.6017795965314366,10.28379964552554,5.858005023738522,1.0253992172925632,1.5853090313800005,0.4043826787706628,1000.8240132737475,0.8866088458577083,,,,,112.63554389196938,1.1262542765430226,8.52347518241972,114.64355330611247,123.81503757060148,1218104459,9.821261421023852,0.8566953396770878,2.6407783123309803,7.239409438606385,0.0,0.0,0.3378762829629068,0.0,0.0,-2.239999999999996,-3.437797455418438,0.0,-0.082692735892287,0.0,-0.199535009991942,-0.3999999999999998,0.0,-60.0,1000150
full_throttle,-50.93889062782195,8.863844603566886,30.331859376955265,1.2880319496628618,-2.159078097912052,179.90377944192565,12.395711997997914,0.014749262536873151,1.4064149249788898,0.0,False,RUNWAY_EXCURSION,339,33.89999999999808,3,836230.1323468062,1339.5193639056783,3639.153229597855,3373.7127109717285,wet,0.8612247843798592,0.5558471143750374,14.451806306961593,2.5654991364897137,1.6652272840437594,13.675817312485862,1030.4338612255726,0.9087741848788872,,,,,121.96748443273631,1.4064149249788898,3.890894749917422,139.29381252858278,150.43731753086942,854093040,19.187578194090698,3.144882270844017,4.217247507604326,11.652204680766955,0.0,0.0,0.42192447749366707,0.0,0.0,-3.3899999999999717,-2.9593849168828497,0.0,-1.1761842439075485,0.0,-21.637158597831267,-0.3999999999999998,0.0,-60.0,1000151
full_throttle,-58.06889184588521,21.10227667820858,68.0034474877258,1.6758180965784262,-1.2705824509284724,-0.7784660305523943,10.750775616856295,0.013812154696132593,22.624242783595037,0.0,False,UNSTABLE_AFTER_LIFTOFF,362,36.19999999999795,3,605714.5511811259,1331.9495795827834,3614.655114039466,3140.0891323507103,wet,0.8308610239982471,15.84747602887666,12.301461591344278,1.8151051416231447,1.5987997726708323,10.785964463895699,999.2268367880134,0.9136158521869979,30.39999999999828,990.0369934873715,,,151.82802821312532,16.061537950228285,-431.18306173139985,119.80965829868171,129.39443096257625,1675763485,27.882424161738236,1.1685693878297927,3.366005113174985,8.848943732315098,0.8188306774322383,0.7081601475007308,4.81846138506848,0.0,0.0,-3.619999999999967,-17.338629091716392,0.0,-2.6709818585103235,0.0,-11.650675500718068,-0.3999999999999998,0.0,-70.0,1000152
full_throttle,-46.29473515584003,12.083351928900726,30.152920106093216,0.3361326340407325,-1.9881044420840637,-0.8916391024254253,4.990723388528702,0.0217391304347826,1.1544657883159744,0.0,False,RUNWAY_EXCURSION,230,22.999999999998693,3,621460.0869126371,1318.1551225850103,3591.353840631187,4709.485024229248,wet,0.8224326797062541,19.032904693218324,-4.1789051267438415,1.8255461703728355,1.1121946970853307,-12.715261476304395,1009.2216383152008,0.8632108856399977,,,,,115.99064476187115,1.1544657883159744,9.519429238544532,115.91068917001873,125.18354430362024,1917835302,9.638451106327508,1.7179015776470372,2.327632875347413,7.343233659087084,0.0,0.0,0.3463397364947923,0.0,0.0,-2.299999999999995,-3.7313000647404286,0.0,-0.27756165481584266,0.0,-0.9594323911875948,-0.3999999999999998,0.0,-60.0,1000153
full_throttle,-43.969579532170854,8.57892305527371,30.68691365833414,0.9182924418677546,-1.9829259606962504,-1.9264202902465457,14.20031709340092,0.015772870662460563,1.9032632911071232,0.0,False,RUNWAY_EXCURSION,317,31.699999999998205,3,768065.012333186,1322.3167243460034,3824.22958773117,2052.865241191193,wet,0.6015183267344639,24.790320501348795,-13.302187027656842,1.8596962737515956,1.5437941939229622,22.222935524720945,1032.0048888528115,0.9450532220110599,,,,,142.20457690022113,1.9032632911071232,8.565038184172593,135.26979219479955,146.09137557038352,191190691,17.18794584180415,3.0715439824806583,3.4876997340349702,10.755926428182368,0.05430622045316576,0.0,0.5709789873321371,0.0,0.0,-3.1699999999999764,-2.5922823210992525,0.0,-1.85859693228591,0.0,-11.077101473073192,-0.3999999999999998,0.0,-60.0,1000154
full_throttle,-46.67733911367435,8.468848031955662,30.38529071500718,0.7987905739233632,-1.615178414708314,-1.6544633132951974,15.222344532634313,0.018656716417910443,1.875158344331112,0.0,False,RUNWAY_EXCURSION,268,26.799999999998484,3,646667.8286084626,1320.6319374060304,3453.614602079556,1788.824340742145,wet,0.6593696161923305,3.3552826337161097,16.300070954139308,2.586698280989999,0.4437659683116484,-3.759561193259838,1029.3454827563837,0.9476114124633486,,,,,137.87942306257395,1.875158344331112,7.432093842474039,118.96475900575996,128.48193972622076,737822497,15.467434189712012,4.285573503214044,3.2067951107914006,8.257426702983137,0.61570633785437,0.0,0.5625475032993339,0.0,0.0,-2.679999999999987,-2.135703523653366,0.0,-1.659450250496637,0.0,-12.197668687378648,-0.3999999999999998,0.0,-60.0,1000155
full_throttle,-49.53233268521487,10.393452590480623,30.47632487756088,1.2738233031640063,-3.309089815527814,-1.1777769814283447,12.128891537165076,0.01291989664082687,1.2067228929158773,0.0,False,RUNWAY_EXCURSION,387,38.69999999999781,3,929897.4141268263,1309.455221518061,3352.9182884591864,3466.969097305968,wet,0.7722739878765087,7.909900036508333,-15.562599568273892,0.3533795447217032,1.3793403277201062,7.547500588968688,987.4105097246983,0.9045153107122033,,,,,121.99677613169173,1.2067228929158773,3.9906582719179085,148.52284555862968,160.40467320332007,350979586,21.390469490941438,2.8705566776958116,4.848944025283209,13.272243983073553,0.0,0.0,0.3620168678747633,0.0,0.0,-3.8699999999999615,-4.64502584027444,0.0,-1.2304204320100405,0.0,-22.131117457799263,-0.3999999999999998,0.0,-60.0,1000156
full_throttle,-44.664164544973936,11.694973335353339,30.121348693025382,0.15013762273828626,-3.1843773647353837,174.88094957164262,4.510363008747909,0.01908396946564885,0.3651222889307064,0.0,False,RUNWAY_EXCURSION,262,26.199999999998518,3,889368.417570445,1333.8601994944975,3206.415286016719,2127.7584671178083,wet,0.739192550032878,-3.3951391571036638,1.8194094527307536,2.184231344190005,1.0246753125347312,11.642057721843546,997.0357748296119,0.941202806965122,,,,,80.87992406194223,0.3651222889307064,3.4643735094278583,145.54467795916807,157.18825219590153,2097918682,9.849235196003152,2.0037659749807224,2.2675709396671184,8.45451771676675,0.0,0.0,0.10953668667921194,0.0,0.0,-2.619999999999988,-3.981596571603546,0.0,-0.26826766456647083,0.0,-0.0789268229008936,-0.3999999999999998,0.0,-60.0,1000157
full_throttle,-42.91098133040961,9.927844630173787,30.777975165038832,0.6648378580143742,-1.747686482679593,-1.7923889806425266,8.494760956088577,0.015772870662460563,2.091214748489847,0.0,False,RUNWAY_EXCURSION,317,31.699999999998205,3,673426.4681751294,1307.7711427611305,3974.7530673719157,1849.028230573731,wet,0.6338466142767277,17.473384989450132,-6.525340216175131,3.394895822988905,0.08854890638313329,15.484895558983382,1004.4095860286691,0.9492650711603741,,,,,144.73722586873834,2.091214748489847,12.092348683056269,126.98905592678564,137.1481804009285,1725038644,19.445415775548497,2.0912398487835997,3.632164114507573,10.087204351516347,0.5887482337440643,0.0,0.627364424546954,0.0,0.0,-3.1699999999999764,-3.471576153697329,0.0,-0.8927463249681437,0.0,-11.448795600391222,-0.3999999999999998,0.0,-60.0,1000158
full_throttle,-51.92970725056357,10.791207027597018,30.152103584823294,0.3135224756256149,-2.966402639384182,-2.702822905370569,6.6338482270373,0.02304147465437787,0.40691805668620873,0.0,False,RUNWAY_EXCURSION,217,21.699999999998766,3,738564.0108570777,1315.6111879434825,3379.741653099809,2859.6890365203353,wet,0.8907462796402132,3.2765063855666305,7.793253156283386,1.2833795795040421,0.5195011782082251,19.31297964244144,1033.7428306338866,0.9235745727797181,,,,,78.9383108874332,0.40691805668620873,3.966558068923902,131.91221667851954,142.4651940128011,589268496,6.862279264353047,1.526203905069227,1.1303226375417619,6.682060696422092,0.0,0.0,0.12207541700586257,0.0,0.0,-2.1699999999999977,-2.8077424841559617,0.0,-0.5628694781151207,0.0,-2.312037208684478,-0.3999999999999998,0.0,-60.0,1000159
full_throttle,-39.49483826423992,8.58707492894724,30.310430410804514,2.371720626449217,-1.3345595168123845,5.136339579123779,10.779639514103982,0.01872659176029962,4.447561523130844,0.0,False,RUNWAY_EXCURSION,267,26.69999999999849,3,585565.389693649,1328.1727855031504,3534.036080142645,706.9118818701847,wet,0.8128445281239088,15.34331829589831,-11.842962669606647,0.254546128141353,1.5901736858336095,20.67775165354847,1017.1167944302741,0.9803571057475415,,,,,146.44528450650373,4.447561523130844,121.5343222693054,118.67554480016031,128.16958838417315,73404585,15.799371271107244,3.067791905616328,3.4363273625274324,7.591000508582182,0.5774214766895391,0.0,1.3342684569392536,0.0,0.0,-2.669999999999987,-2.1875563897821766,0.0,-1.0643192943154365,0.0,-4.97914356160427,-0.3999999999999998,0.0,-60.0,1000160
full_throttle,-35.458260640806174,10.43732886746596,30.321286787097392,0.4453257079892903,-1.603401809488969,179.8392661370504,5.0467736498893325,0.018248175182481747,1.1517043647145329,0.0,False,RUNWAY_EXCURSION,274,27.39999999999845,3,665766.3634743323,1351.6851561696205,3568.1845755980444,3395.276673733988,dry,0.9847588880326863,-4.855229699728061,-1.8575076276256652,3.95597736865546,1.3712040971215678,-10.437621917836747,1017.0922628011045,0.9005279567378259,,,,,115.04436875821355,1.1517043647145329,9.134126107141096,119.99942232082714,129.5993761064933,286627405,14.913378753566324,2.921132539604781,4.0368179663375665,9.057390742765927,0.0,0.0,0.3455113094143598,0.0,0.0,-2.7399999999999856,-3.31655183169032,0.0,-0.03450386395593587,0.0,-0.24143625684888992,-0.3999999999999998,0.0,-60.0,1000161
full_throttle,-40.39872519218237,11.358321028433828,30.130856654688266,0.17671908313900897,-1.6833054698704295,-1.7279100011453643,5.39660195954657,0.021097046413502102,1.693955523133809,0.0,False,RUNWAY_EXCURSION,237,23.699999999998653,3,590869.0497196685,1310.9808574335718,4472.434823684504,285.94066478016765,dry,0.9692765627570438,10.368270711352135,0.9400646906436738,2.0616072681047846,0.9306685434047466,4.1623642486107,996.4449364008968,0.9913507747099115,,,,,134.49244833881568,1.693955523133809,10.605648814141304,117.1772627213183,126.55144373902377,44197866,12.296754087846889,2.2207425803190217,3.130242849312685,7.193231721680695,0.4642837096440171,0.0,0.5081866569401428,0.0,0.0,-2.3699999999999934,-3.3973016900706696,0.0,-0.03598053864684582,0.0,-0.008884569208311193,-0.3999999999999998,0.0,-60.0,1000162
full_throttle,-32.115818797477196,7.697598086104087,30.214432955734907,0.6245444943708947,-1.5084099033807856,-1.3250862347657606,10.560017518701798,0.017064846416382246,1.7125798494939772,0.0,False,RUNWAY_EXCURSION,293,29.29999999999834,3,648496.2499022944,1333.6195891768734,3270.88002115932,2611.9833416035635,wet,0.6752935092888244,10.238661459327835,11.5345463298171,1.7730073108368063,1.6401488470727394,10.095119227276236,994.3378695468735,0.9278361690732949,,,,,134.2739599857639,1.7125798494939772,9.618941438294275,124.12927085894867,134.05961252766457,1270369772,16.888329534055938,5.617564779131898,4.324028223980956,9.857982559646764,0.23308984731019816,0.0,0.513773954848193,0.0,0.0,-2.9299999999999815,-1.9290148638324047,0.0,-0.6796522891459523,0.0,-3.611920543472827,-0.3999999999999998,0.0,-60.0,1000163
full_throttle,-59.77918951816954,15.084800783029497,30.062457052618353,0.5604402054073511,-2.7309381316700376,176.48578958810052,4.723993038588016,0.019607843137254895,0.5049034850917451,0.0,False,RUNWAY_EXCURSION,255,25.499999999998558,3,818549.9484174848,1341.3272490099178,4086.2765666211426,3330.4155938199324,dry,0.984552476934682,0.5445681880249325,-17.532433950941147,3.8670947884004963,0.3630849368277542,21.96808715327633,1029.5942912713388,0.9122300447885033,,,,,82.3092269211726,0.5049034850917451,2.3889860540733032,139.7506592404234,150.93071197965727,491066718,9.13785396077807,0.26647971464828835,3.004073140120276,8.048278192039481,0.0,0.0,0.15147104552752355,0.0,0.0,-2.5499999999999896,-6.44728441547114,0.0,-0.20507025333549792,0.0,-10.784990902476538,-0.3999999999999998,0.0,-60.0,1000164
full_throttle,257.2578099070185,8.158799286550579,25.150831410669934,1.615365425381339,6.39526706017183,176.94165481291788,1.7625390178368878,0.009881422924901183,497.8259574063487,0.704225352112676,True,SUCCESS,506,50.59999999999713,3,676571.2232999118,1329.5034509379452,4385.960783164632,312.0199533102064,wet,0.632703421222768,0.07432914660914847,-0.8535829110098714,1.97219572031343,0.47271168028450394,2.353583484532212,1002.2568504979498,0.9763393527132054,34.19999999999806,1349.6943056750506,43.59999999999753,45.59999999999713,196.15722954604638,497.8259574063487,4972.363646437113,124.63607918524684,134.6069655200666,1928213984,57.77618900291086,9.127689399550219,12.218152456091397,9.36432173297229,3.3469252231956026,10.711937674119097,29.999999999999996,4.999999999999998,128.91666666666785,-5.0599999999999365,-3.7424887704331584,0.0,0.0,0.0,-0.0015834780557016507,-0.3999999999999998,0.0,0.0,1000165
full_throttle,-54.7571278439058,14.893529285974813,30.024462687069956,0.13944430219867188,-2.4600888354313155,2.080431018613255,4.908021718009747,0.026041666666666657,0.5454335213605646,0.0,False,RUNWAY_EXCURSION,192,19.19999999999891,3,716834.3467733107,1334.5958125100515,3917.8227977271267,1261.7836370662717,wet,0.8223133209726246,7.138460376824774,2.6958060763037106,0.6369752618938249,1.3011584436511172,6.078599745125292,999.3123307194371,0.9639664475715238,,,,,82.80994990884834,0.5454335213605646,4.527108207995791,129.30103748960698,139.64512048877555,952234458,5.550254624481303,0.03050483913827075,1.3733287440592128,5.813537910036632,0.0,0.0,0.16363005640816936,0.0,0.0,-1.9200000000000015,-4.7321005779667065,0.0,-0.2856528450914128,0.0,-0.3506305949712604,-0.3999999999999998,0.0,-60.0,1000166
full_throttle,-49.08200875610325,11.212793209615482,30.29675734733002,0.25262778304465655,-3.015738856618191,-2.5506172099078026,6.073326805621957,0.020661157024793382,0.6223360797966961,0.0,False,RUNWAY_EXCURSION,242,24.19999999999863,3,895642.7923490389,1336.2039778380074,3326.4350982697783,3887.4290799666105,wet,0.7204300847920648,23.055755597535395,-4.77655167167266,2.484673772106686,1.669501958849249,14.793923579287316,1026.7878906163464,0.8959053624468906,,,,,94.0026876404567,0.6223360797966961,5.810864500667439,144.6801527742232,156.25456499616106,329678142,7.218276050028829,1.572634587023416,1.3750612236412356,7.531867963250938,0.0,0.0,0.18670082393900886,0.0,0.0,-2.4199999999999924,-3.380652115322997,0.0,-0.5523881051264491,0.0,-0.21350918353722417,-0.3999999999999998,0.0,-60.0,1000167
full_throttle,-60.20723165218405,12.47073561088224,30.44667601812111,0.6300466781057895,-2.114915915912832,-2.1024886058723085,9.2785335082728,0.024630541871921173,1.0777783038570306,0.0,False,RUNWAY_EXCURSION,203,20.299999999998846,3,623456.5941799029,1315.7697459083615,4381.746227926986,3187.296282722914,wet,0.6730276775212972,22.001966630064622,-14.174489374703922,2.9965558847310816,0.9164072109384598,0.09418150769210243,1029.4552994424662,0.9096618059618713,,,,,111.65628839003652,1.0777783038570306,7.66915759655177,117.59271741286273,127.00013480589175,1353855161,6.926252363537832,0.16112091807563456,1.7098024919055288,6.247224736098515,0.0,0.0,0.32333349115710913,0.0,0.0,-2.0300000000000007,-3.5078230083705417,0.0,-0.4147982280231365,0.0,-9.222344416564995,-0.3999999999999998,0.0,-60.0,1000168
full_throttle,-43.98734897514441,7.615311472700814,30.558080713885502,0.8330550496039623,-1.6939596159350485,-1.6316428149672628,11.440368359583417,0.01805054151624548,1.6840701540213558,0.0,False,RUNWAY_EXCURSION,277,27.699999999998433,3,723863.8070640299,1335.24034397907,4476.562240879426,1535.5714138914368,wet,0.7303639921356723,9.518403696742425,14.781253296940358,0.8474240486504212,1.0007727809915115,-6.778352114101809,1017.5988797006275,0.9543871457613518,,,,,133.4048125650638,1.6840701540213558,6.442368782184573,125.91604538506768,135.9893290158731,677497440,14.713236030289076,4.375275748686086,3.7359307704128777,9.266109680998284,0.19599878426201706,0.0,0.5052210462064067,0.0,0.0,-2.769999999999985,-1.7848947072078742,0.0,-0.8675581772091974,0.0,-10.956668151582104,-0.3999999999999998,0.0,-60.0,1000169
full_throttle,-4.154016119085519,14.535971581654993,30.387878161166384,0.39388144944173253,-1.8558661475778495,-1.2746329712583828,4.962195832321084,0.009823182711198425,2.907902648379377,0.0,False,RUNWAY_EXCURSION,509,50.899999999997114,3,920905.3184581937,1318.8157935813376,3418.2178683053385,1260.689754464589,wet,0.7042225521829089,3.8152101078385385,2.9262305878785577,3.736108185909892,1.9698609981668287,11.812872060038902,1018.0855129289912,0.9646678137760453,,,,,164.60054015815365,2.907902648379377,2.731777747242674,146.60537749918933,158.3338076991245,190917864,43.173653795962565,3.4661141876972663,9.257492205095996,16.71672642931804,0.9467016278773133,0.0,0.8723707945138132,0.0,0.0,-5.089999999999936,-11.94987612663831,0.0,-0.032548038950299917,0.0,-1.1146509939620226,-0.3999999999999998,0.0,-60.0,1000170
full_throttle,-41.620205741082295,10.686396269820222,30.187449947019836,0.5266867922293297,-2.729246700220703,-2.7010709036013885,5.539708738497828,0.015673981191222566,1.0917692684824942,0.0,False,RUNWAY_EXCURSION,319,31.899999999998194,3,790830.6598800406,1316.1610200625983,4422.090409732305,4970.743253820437,wet,0.6973899918564049,3.3231951239193744,-9.78238102489759,3.607320396290521,0.9662949873779034,-7.935409427852882,991.9121916811473,0.8584545328719899,,,,,114.86712728507052,1.0917692684824942,7.322848193923797,133.03052182675134,143.67296357289146,1201467472,16.389733557834234,1.6461691126926508,5.359064425511633,10.656812092866524,0.0,0.0,0.3275307805447482,0.0,0.0,-3.189999999999976,-4.047722423351685,0.0,-0.05930528167710512,0.0,-8.30248800550334,-0.3999999999999998,0.0,-60.0,1000171
full_throttle,-49.435534954527824,12.960181816236787,30.094233098589058,0.4937152696488415,-1.380693658864646,-1.416372388328011,5.927945060848417,0.021459227467811152,1.4679671083048333,0.0,False,RUNWAY_EXCURSION,233,23.299999999998676,3,632515.8081440157,1345.8125657363962,4387.06059154696,768.663197176831,wet,0.8277656695497462,20.42565533705562,7.625276176165102,3.623486673031758,0.821500947860506,21.163731874674887,1028.704667127738,0.9788119705259828,,,,,126.97562891390162,1.4679671083048333,10.547703120142806,122.74130163430068,132.56060576504476,1552014147,10.275384018837535,0.16237669148081257,3.19981554952574,7.546704782188781,0.0,0.0,0.4403901324914502,0.0,0.0,-2.3299999999999943,-4.348461206823347,0.0,-0.08877180360424257,0.0,-3.8929731186245387,-0.3999999999999998,0.0,-60.0,1000172
full_throttle,-47.73645458012575,10.666591485952786,30.320358891541236,0.374355304346816,-2.109302702305656,-0.26768340621757214,6.464091207376362,0.02183406113537117,0.7835252054769626,0.0,False,RUNWAY_EXCURSION,229,22.8999999999987,3,671352.0538583488,1337.3756104237764,3509.8048141096956,3842.099211040648,wet,0.7629911402151064,12.465451010160209,-4.371331655405511,2.865976589073075,1.9166040325245348,18.051553587484904,1008.7817936655755,0.8980770244077758,,,,,97.70636275337823,0.7835252054769626,5.68882599814355,127.05185939217536,137.2160081435494,1146807068,8.484868643418501,1.8526391318567723,1.9176128116349125,7.243998275133282,0.0,0.0,0.23505756164308883,0.0,0.0,-2.289999999999995,-2.894971536617547,0.0,-0.21054917779119425,0.0,-1.6751102894035659,-0.3999999999999998,0.0,-60.0,1000173
full_throttle,-57.11605858206452,8.686674589374318,30.164276165884772,0.8412634404732189,-2.375736926976209,1.874169809436497,11.444812011252848,0.022624434389140264,1.1003490168861845,0.0,False,RUNWAY_EXCURSION,221,22.099999999998744,3,661605.5574545639,1306.223650496486,3952.2714882105597,1872.5634765054372,wet,0.6642928489486309,14.409211491277532,-16.541633994468206,0.3758299987445404,1.5235933221681681,9.232773356490664,1017.9961545985072,0.9475936920898916,,,,,111.73960774867973,1.1003490168861845,8.0201545993806,123.73290072844797,133.63153278672382,532835412,8.720266530708614,2.9343594867285927,2.050705952593599,7.068604661729204,0.0,0.0,0.3301047050658554,0.0,0.0,-2.209999999999997,-1.8529208564657347,0.0,-0.8134100061399797,0.0,-12.943769056284669,-0.3999999999999998,0.0,-60.0,1000174
full_throttle,-9.783142770414742,14.151533414312182,30.63914203235352,0.6200705760748794,-1.5586831747395176,179.93110047172797,5.8273414498448695,0.010548523206751051,2.7350676603451802,0.0,False,RUNWAY_EXCURSION,474,47.39999999999731,3,898504.6712250913,1332.2653345854853,3514.840461642967,971.6373556903241,wet,0.7696290173704361,-1.7484785009679635,4.387836227474697,2.0263004300479937,1.0640585797656914,5.37381625301731,1031.7767330459467,0.9719956351626728,,,,,163.87641932705813,2.7350676603451802,9.82497097844691,142.29504076295697,153.67864402399354,1848831199,39.61584232311188,0.7724446794780789,8.934903723792095,15.65234026617845,1.0068573206612677,0.0,0.820520298103554,0.0,0.0,-4.739999999999943,-10.547337293423443,0.0,-0.2905819770571073,0.0,-0.6081321112596657,-0.3999999999999998,0.0,-60.0,1000175
full_throttle,224.35975504013237,10.723069293545649,34.36615419391585,1.2566262993344475,8.50850528377083,-1.113506528559462,4.748518485539765,0.01225490196078431,334.69766398538513,1.0,True,SUCCESS,408,40.79999999999769,3,619699.2121305432,1346.584899483079,4483.243840752543,2963.7741144554952,wet,0.6872945136741518,22.598863893958335,-5.943028358998792,1.6372291669264065,0.4164266411594717,22.176063210901745,1030.1854732140764,0.9130738583204495,29.69999999999832,907.8452919485235,35.899999999997966,35.79999999999769,164.00490243632046,334.69766398538513,3884.616282937892,121.60254783232146,131.3307516589072,1986135722,33.97593879055847,6.6216904357909785,6.864076671326476,8.625015726790844,2.9568589005491743,8.738552360746725,29.999999999999993,4.999999999999998,133.00000000000097,-4.079999999999957,-5.212617750029563,0.0,-0.12303585125314566,0.0,-1.606724244348622,-0.3999999999999998,0.0,0.0,1000176
full_throttle,-60.442514735970484,9.666266093462594,30.338542010581378,1.1744050238538863,-2.4676559002111764,21.213530375596058,10.684853281729184,0.019841269841269833,1.0271398499529596,0.0,False,RUNWAY_EXCURSION,252,25.199999999998575,3,801688.620040401,1333.1661825840888,3447.9728678176734,892.4870306350152,wet,0.6604470915321795,8.516426677416348,19.270813620077604,0.5918790709372193,1.1643824358703412,9.506269452508967,1022.1014890342694,0.9745969336148913,,,,,107.21155457523825,1.0271398499529596,3.789399793484307,135.99224814004876,146.87162799125267,2041008547,10.574845243128989,1.771933828027897,3.225227560781896,8.314264299180776,0.0,0.0,0.30814195498588787,0.0,0.0,-2.5199999999999902,-2.6162276053094895,0.0,-0.5788859950364956,0.0,-18.521814021729945,-0.3999999999999998,0.0,-60.0,1000177
full_throttle,-53.14679103722055,10.941185010413239,30.269312128365126,0.5015912301352229,-3.1563129514207744,177.98663640760668,6.16575144726534,0.021276595744680844,0.28915668653144166,0.0,False,RUNWAY_EXCURSION,235,23.499999999998664,3,907484.3949355754,1339.1768808649429,3209.7755842705383,2750.8954157991934,wet,0.8546007271583641,-4.987260190893435,10.68023910130735,3.8560867114341852,1.0635862159546527,-14.911154002732836,1021.5427113740857,0.9175065856859657,,,,,79.71202450815373,0.28915668653144166,7.139541140115551,138.6638730847182,149.75698293149568,32056259,7.73749373868972,1.737391220726771,1.599285961709267,7.355276672778075,0.0,0.0,0.08674700595943251,0.0,0.0,-2.349999999999994,-3.1257488240601625,0.0,-0.3481804114692544,0.0,-5.439056401554394,-0.3999999999999998,0.0,-60.0,1000178
full_throttle,-40.27854203205413,10.715391346619224,30.287201645380378,0.3214666215428054,-2.1271653594670417,-2.1677055895942354,5.2600170540833675,0.019011406844106456,1.2588298203299928,0.0,False,RUNWAY_EXCURSION,263,26.299999999998512,3,663196.6883540563,1317.0434381372775,4218.516270996266,4332.383691741331,dry,0.9374059695281071,18.075081582226083,-0.8634130840590792,3.978954550117785,0.692111102360659,8.400354018755593,1028.9099541107394,0.8821617520545687,,,,,119.17724802215706,1.2588298203299928,7.875865562556381,123.05025007891793,132.89427008523137,1949834603,12.149286031079939,2.417940661779491,3.1143670295297503,8.566862971317121,0.0,0.0,0.377648946098998,0.0,0.0,-2.629999999999988,-3.3552842088940187,0.0,-0.07155011106137583,0.0,-0.4478133519040458,-0.3999999999999998,0.0,-60.0,1000179
full_throttle,-52.14143218599527,10.5843537483959,30.05240291297899,0.72847771314296,-2.3013783360271756,-1.9009365288735511,7.96359751908847,0.02314814814814814,1.0011025752919522,0.0,False,RUNWAY_EXCURSION,216,21.599999999998772,3,696661.2576640756,1322.222807374343,4009.733115932569,2483.3916676910044,dry,0.9531991613637096,14.964067194289342,10.289115044976933,3.25705320488719,1.0773334492914985,-5.7569009202803265,1010.8277883781772,0.9275478477625019,,,,,106.43766218971459,1.0011025752919522,4.975541779338997,124.16525090227256,134.0984709744544,867706341,7.753689697094984,1.5099335607954,1.6504787442781006,6.782702854675671,0.0,0.0,0.3003307725875856,0.0,0.0,-2.159999999999998,-2.688685062508377,0.0,-0.3036535581882074,0.0,-4.586229194730419,-0.3999999999999998,0.0,-60.0,1000180
full_throttle,-37.70000611406013,9.441607878678338,30.300902966765165,0.5661622057109778,-2.4037273461364226,-2.4266614183641044,8.968345779458202,0.01533742331288343,1.7502573040469542,0.0,False,RUNWAY_EXCURSION,326,32.599999999998154,3,826882.1088047836,1315.9703044766493,3255.074356462555,2433.2702849489783,wet,0.7609923006385062,21.55179101378643,-7.691790188891172,1.4443884784722099,0.12259478853700845,2.8383263949158604,1015.862762805704,0.931020670888463,,,,,136.16626036105484,1.7502573040469542,5.790162520255322,136.97548521913305,147.9335240366637,2113219171,17.346254837646157,1.8171839081677663,4.877856588341223,11.017088063858738,0.0,0.0,0.5250771912140861,0.0,0.0,-3.2599999999999745,-3.2289923047909985,0.0,-0.4741585601735446,0.0,-5.920315838323591,-0.3999999999999998,0.0,-60.0,1000181
full_throttle,-36.328158596305684,8.357785717758594,30.005977388707855,0.6833999739761613,-2.803838254192979,-1.9883306769665041,6.127770998744944,0.015151515151515147,0.8729037419670931,0.0,False,RUNWAY_EXCURSION,330,32.99999999999813,3,869051.4125147287,1335.74345808706,3507.144270893495,3218.2311975706098,wet,0.8383427254798053,4.888557880646635,-11.834733475363045,3.8048137026515745,1.243540716446648,20.942641265593693,997.8740595267277,0.9148134609503653,,,,,102.80313497364003,0.8729037419670931,3.5147841315398054,146.0259325661141,157.70800717140324,636930689,15.624336212705712,5.242111156226734,5.36909212967379,11.032793137212586,0.0,0.0,0.2618711225901279,0.0,0.0,-3.2999999999999736,-2.561261343812217,0.0,-0.11915529209808488,0.0,-7.477945718804393,-0.3999999999999998,0.0,-60.0,1000182
full_throttle,-41.099146721757435,9.442915436077438,30.451961295775803,0.49193148405662224,-3.0940388770240514,178.8879714549797,6.191854910783511,0.015822784810126576,0.6201911331163501,0.0,False,RUNWAY_EXCURSION,316,31.59999999999821,3,826801.1940966609,1321.188656865427,3451.7031476098614,4794.50708371532,wet,0.7516406933650339,-2.4498150311140634,6.514254588547404,2.8446427510998573,1.3407337617646335,17.26934297384738,989.2245214072253,0.873906250100515,,,,,95.70090702352205,0.6201911331163501,5.855577945658759,142.20084181817057,153.57690916362424,806487273,14.372636984065156,3.705978156203146,4.556303867777538,10.44751258259229,0.0,0.0,0.18605733993490506,0.0,0.0,-3.1599999999999766,-3.1308104456443804,0.0,-0.1298806020668061,0.0,-7.5469446046193385,-0.3999999999999998,0.0,-60.0,1000183
full_throttle,-36.99048152414116,9.284198381887839,30.206293567290658,0.4296730018619811,-2.723827126357121,-2.734277613073158,5.991235099609382,0.01587301587301587,1.1751657867118865,0.0,False,RUNWAY_EXCURSION,315,31.499999999998217,3,915290.687837793,1334.0534072322657,4240.429070039412,1586.4035352190037,wet,0.6036701198126087,24.886820532474356,6.4540440313768865,2.505032193508342,0.5988719826412796,23.065486566170577,992.6874358079893,0.9573962717223985,,,,,114.61678454253362,1.1751657867118865,2.6433972319401633,150.76642835957762,162.82774262834383,665851932,13.31021633924318,3.9426367303008494,4.31289130190568,10.437027015306082,0.0,0.0,0.352549736013566,0.0,0.0,-3.149999999999977,-3.016871885798707,0.0,-0.16567623710246276,0.0,-2.6132545240093865,-0.3999999999999998,0.0,-60.0,1000184
full_throttle,-44.49044201628013,15.263814562055652,30.36943052476463,0.8712777381859521,-1.4828963027505775,-1.5190958544599007,13.148511304284671,0.014044943820224714,2.310196955259471,0.0,False,RUNWAY_EXCURSION,356,35.59999999999798,3,785238.5728786376,1335.0763574119815,3962.551151251385,985.6272065883314,dry,0.9759794313738522,12.230961651087373,12.214050816553224,0.5147741745081942,0.108432968554671,0.38361597316669105,990.3192304553419,0.9711128731636658,,,,,151.62577643336547,2.310196955259471,7.922398480575783,134.6208110560222,145.390475940504,1492582687,23.69987659556778,0.7885709212946197,4.382770300408608,11.664691881402746,0.5683532179519526,0.0,0.6930590865778412,0.0,0.0,-3.559999999999968,-9.215812939399628,0.0,-1.6626274900299383,0.0,-11.449323590054185,-0.3999999999999998,0.0,-60.0,1000185
full_throttle,-9.049530258640786,11.355326916526419,30.2698877456745,0.6044574413535764,-1.9533769906852207,175.85685727700417,3.469122569973441,0.011820330969267136,6.667615726954011,0.0,False,RUNWAY_EXCURSION,423,42.2999999999976,3,790189.7057280713,1307.550393839939,4400.837906936622,245.71105966759154,wet,0.8770748359124807,0.7321365524470913,1.5202604694708022,3.7684378231541498,0.9482076080506572,-0.7230792341288286,989.8100960589677,0.9922808617817115,,,,,174.07007333428916,6.667615726954011,124.2418409109154,134.81997816458866,145.60557641775577,659334424,35.53921366660848,3.7028265540194183,7.989211606179506,12.563776706904424,0.9844342311096843,0.0,2.0002847180862027,0.0,0.0,-4.229999999999954,-6.060342120915907,0.0,-0.005748432829990786,0.0,-1.1331871878027044,-0.3999999999999998,0.0,-60.0,1000186
full_throttle,-43.65283605927841,10.711213080989971,30.17803338538165,0.668560454846284,-2.216239682543577,-2.241096083994019,6.4853840796569875,0.01945525291828793,1.1783844751680022,0.0,False,RUNWAY_EXCURSION,257,25.699999999998546,3,817578.2551665115,1341.897301336078,3367.4923962955254,377.5657203838728,wet,0.7642180852465141,17.304312731524888,-8.297075663768819,3.3034888059301597,0.5373269581737952,1.2651863986144392,1021.0050739974095,0.9886727429373309,,,,,119.37135404619089,1.1783844751680022,9.263703255978584,135.49153441175812,146.33085716469878,715459857,10.994660570597317,1.4062177920172547,3.4344744925546915,8.400865107883682,0.0,0.0,0.353515342550401,0.0,0.0,-2.569999999999989,-3.2761813351396962,0.0,-0.1329188210670283,0.0,-1.8634692086750206,-0.3999999999999998,0.0,-60.0,1000187
full_throttle,-36.63773133372516,12.307038252944386,30.225797264711947,0.21635360475208135,-1.6249049399308568,-1.6914279482904977,4.503298882406106,0.0175438596491228,2.227424912607262,0.0,False,RUNWAY_EXCURSION,285,28.499999999998387,3,693232.5702626635,1322.6598267852673,4003.208301556838,620.3553678575913,wet,0.7006311251220165,12.34681249510297,-3.697814407533928,2.69299409673953,0.5879078821938466,-6.0977952701699465,1032.4238713684733,0.9811562764179056,,,,,147.54572042969602,2.227424912607262,20.959433040494826,122.48305140269787,132.2816955149137,1301726118,16.7220281276933,0.7625418916757738,5.037435989812544,8.174305408283562,0.7373169449614725,0.0,0.6682274737821782,0.0,0.0,-2.849999999999983,-4.796334367715487,0.0,-0.017300807542357646,0.0,-0.6759519946761668,-0.3999999999999998,0.0,-60.0,1000188
full_throttle,-36.10790313279044,8.268317572403424,30.279593358793687,2.598337673794293,-1.4429364955630655,-1.5087235317285794,9.723669514312927,0.016611295681063117,9.094955712391311,0.0,False,RUNWAY_EXCURSION,301,30.099999999998296,3,616801.0719844776,1326.1284422185847,3414.2524206544404,2422.3003530743986,wet,0.6667363835734318,14.335652190349297,11.350874055806417,1.2066720221327762,0.3177409341498878,-4.519213198997086,1023.0138900840502,0.9293352715542283,,,,,158.6674670943418,9.094955712391311,65.88746065317636,116.38828444150828,125.69934719682895,749538878,19.73827152222807,3.292739583486357,3.4961205164465188,7.446689908467144,0.7793768131032508,0.0,2.7284867137173943,0.0,0.0,-3.00999999999998,-2.2864319687680768,0.0,-1.1975596560923636,0.0,-6.695596565378722,-0.3999999999999998,0.0,-60.0,1000189
full_throttle,-51.11895352527217,7.462956820351679,30.07678991052749,1.1839920810488056,-1.893408026834214,0.39245565225226675,12.307754743888609,0.016611295681063117,1.6526036861281455,0.0,False,RUNWAY_EXCURSION,301,30.099999999998296,3,867246.9406665715,1351.4255858833503,3974.3807323251626,707.6307864485043,wet,0.675449073706539,11.520093958083162,-15.98559170637143,1.4511644030344062,1.5793288402252328,-13.76183123769275,1003.889122856817,0.9780279721980427,,,,,132.725240827976,1.6526036861281455,5.300166949579417,137.02884329775588,147.99115076157636,1634934129,15.217015572239415,4.034475743516932,3.81025681152476,10.089459758434666,0.0,0.0,0.49578110583844376,0.0,0.0,-3.00999999999998,-1.8627125639147246,0.0,-0.988494443532404,0.0,-18.504735509379298,-0.3999999999999998,0.0,-60.0,1000190
full_throttle,-42.59037071815206,14.249713241926186,30.802573220279886,0.6987285686075632,-1.4909936739980136,-0.9867608647597661,10.59155456176083,0.014204545454545449,2.0209763387065323,0.0,False,RUNWAY_EXCURSION,352,35.199999999998006,3,732764.9319046586,1336.103287007339,3576.2311446388126,4741.966559459611,wet,0.6913329102774786,19.051340655551112,11.328234487251622,0.1038881563583578,1.512603956079979,-0.9040265489554056,990.1657660674092,0.8676897157988283,,,,,142.61545060332386,2.0209763387065323,6.736289386803751,129.7645744944278,140.14574045398203,1384663403,21.493995810305023,0.7047549061848807,4.354999253694352,11.720537814825931,0.3707206629838171,0.0,0.6062929016119599,0.0,0.0,-3.519999999999969,-7.9416803635498345,0.0,-1.0995019728541093,0.0,-8.880489731354125,-0.3999999999999998,0.0,-60.0,1000191
full_throttle,-33.11965198507685,11.712299492522233,30.047755778546865,0.08932687374427332,-3.088152684136347,179.57712454935157,2.541199370061484,0.015723270440251565,0.9846921053531332,0.0,False,RUNWAY_EXCURSION,318,31.7999999999982,3,935845.2344649859,1328.9161946489326,4215.4523514919,1873.5255079833323,wet,0.6070963177445936,-4.15439412344934,0.01762846199142798,0.875249870905733,1.1796502508367692,-12.08142622295676,1004.4496561432487,0.9436741909708141,,,,,110.74478256260008,0.9846921053531332,4.884751636144067,142.74049627697886,154.15973597913717,725109665,16.06684410982309,2.859340949205497,5.406395793193086,10.680516701186487,0.0,0.0,0.2954076316059401,0.0,0.0,-3.179999999999976,-4.84695456555629,0.0,0.0,0.0,-0.0012026045347198848,-0.3999999999999998,0.0,-60.0,1000192
full_throttle,-45.53357000407549,11.400170275825232,30.392573198512963,0.10878044997910334,-1.9037894010508598,-1.9417072030419467,4.697554728222813,0.022123893805309727,0.990362063579596,0.0,False,RUNWAY_EXCURSION,226,22.599999999998715,3,724335.3405225072,1351.7180372759813,3777.695960141422,162.46877564835614,wet,0.6126394022237788,4.712640940119961,1.3576206483020026,1.7228991401231815,0.43327848614167275,-3.0055904692167346,1023.2217119886653,0.9948089756505295,,,,,108.42543276803495,0.990362063579596,7.174071800050861,126.44981023020276,136.56579504861898,527421476,9.1477340914198,1.8570694523739026,2.0509138587305196,7.2045473485310785,0.0,0.0,0.29710861907387875,0.0,0.0,-2.259999999999996,-3.2635374893138747,0.0,-0.16726328151921843,0.0,-0.00014260337157881653,-0.3999999999999998,0.0,-60.0,1000193
full_throttle,-24.506039024155058,8.851114514790488,30.40372767816017,0.41613604611144017,-3.1937199890960843,175.81449523649064,5.094036440049784,0.01396648044692737,1.1900872780806822,0.0,False,RUNWAY_EXCURSION,358,35.79999999999797,3,887280.5820717447,1307.7719876722122,3213.0419669394637,3120.32920329118,wet,0.79045032190281,-4.809338416122899,-6.627089894061536,3.315318554228791,0.5443787284131913,-1.9597254777432873,1005.971420389605,0.910927210712186,,,,,119.80408803560738,1.1900872780806822,5.891266746637989,141.40536596136832,152.7177952382778,191524320,21.03519952879966,4.727353567982621,6.532661508250386,12.285383436103304,0.0,0.0,0.3570261834242045,0.0,0.0,-3.5799999999999677,-3.1162797421231865,0.0,-0.03608262931892439,0.0,-2.3113008772731916,-0.3999999999999998,0.0,-60.0,1000194
full_throttle,-50.49166390423755,13.350598977314911,30.117333394507725,0.20147135050779943,-3.0874203017559982,-1.7360019317926014,4.662012825713629,0.021097046413502102,0.5630082876632514,0.0,False,RUNWAY_EXCURSION,237,23.699999999998653,3,877379.6272258764,1331.3700130753648,3813.726042551488,3889.6397606807827,wet,0.7235883024396963,14.646493226087046,2.8273216012272817,3.4069188506653263,1.9727428866327426,4.20386628759033,1033.760394069743,0.8922404583041131,,,,,89.9316227618312,0.5630082876632514,4.181758057589846,140.19710194922237,151.41287010516018,2112851000,7.32658062946353,0.23487341279003413,2.1667590544096136,7.373617034813258,0.0,0.0,0.16890248629897536,0.0,0.0,-2.3699999999999934,-4.69361365039783,0.0,-0.09598377753737586,0.0,-0.20279909407775007,-0.3999999999999998,0.0,-60.0,1000195
full_throttle,-64.00765874715059,10.088772695769789,30.280081289422647,1.0464996563726612,-3.1117724940300664,-0.006587647922870694,8.389952840267586,0.021459227467811152,0.6532960514228989,0.0,False,RUNWAY_EXCURSION,233,23.299999999998676,3,802694.2303303558,1313.4564723270048,4041.6484291923093,766.0005788825724,dry,0.9895067573770859,6.592225211521637,-18.945601236992452,0.2635277730391743,1.5235616587788745,17.81997965593854,1021.3681287686925,0.9787223510513415,,,,,98.2643042210968,0.6532960514228989,6.4578544584711395,138.01430912719357,149.05545385736906,257160174,8.229469596190894,1.7776260816523335,2.195295016956804,7.419393426086186,0.0,0.0,0.1959888154268697,0.0,0.0,-2.3299999999999943,-2.6350574377900036,0.0,-0.33609885635329284,0.0,-18.124275389320378,-0.3999999999999998,0.0,-60.0,1000196
full_throttle,257.5512168773589,6.016228874805489,26.493753873562717,3.1017160169551707,7.059216598310777,-0.3713088261936125,2.9101611797682305,0.009469696969696966,309.5530480679852,1.0,True,SUCCESS,528,52.799999999997006,3,830394.9000038876,1350.7454760236328,4034.2358607851493,1078.1464438151584,dry,0.9959903487782428,10.782832763017614,0.2729754951737018,0.026266256784088338,1.0068369968283652,-10.427167694614297,1000.7478345654702,0.9581971770736831,40.699999999997694,1591.7950110672737,47.899999999997284,47.799999999997006,182.97240978742073,309.5530480679852,3301.048154258448,135.1097178754155,145.91849530544874,2018838096,52.04165752401587,13.519398760158623,12.783118728226205,11.717090104031014,3.5637347116862856,8.72971267242827,29.999999999999996,4.999999999999998,128.00000000000125,-5.279999999999932,-2.1234405792772084,-5.504391149278823e-05,0.0,0.0,0.0,-0.3999999999999998,0.0,0.0,1000197
full_throttle,-34.77405308101588,10.340398456774325,30.31541069451442,0.41626103832496464,-2.6970310265777386,2.7206175264536343,4.715243779706523,0.01655629139072847,1.0168558123127696,0.0,False,RUNWAY_EXCURSION,302,30.19999999999829,3,794611.9263150335,1320.7507641955376,4229.955567537854,2751.807290096738,dry,0.9910879490839046,0.4437781602824975,6.051055863441384,0.3176820927931532,0.43456711408912585,19.169119212595746,1027.7068241488892,0.9263298516480679,,,,,110.5196345945024,1.0168558123127696,5.746862215399737,137.19506711614858,148.17067248544046,1304355310,15.30587751121152,2.789731119947369,5.100601856483019,10.1239603790749,0.0,0.0,0.30505674369383085,0.0,0.0,-3.0199999999999796,-3.587888861549775,0.0,-0.02163642298185997,0.0,-1.3697554068949085,-0.3999999999999998,0.0,-60.0,1000198
full_throttle,-51.92835350097556,8.178943198653558,30.223478623245477,0.9190197321749822,-1.9566981480871133,-1.9910072343448666,13.692098009238176,0.0217391304347826,1.4310667893101936,0.0,False,RUNWAY_EXCURSION,230,22.999999999998693,3,604785.8861031388,1306.3137099069781,3342.3095467288717,784.1919644908546,wet,0.8059396147462073,4.507736932909044,-15.084606604122586,2.40411704061997,0.0928634597795277,7.563003021463853,1034.3040243710286,0.977421861898954,,,,,127.0031916497739,1.4310667893101936,10.99117672705729,117.03417943781295,126.39691379283799,1416135778,11.42208507177798,3.579599219945721,2.8630177118061146,7.575512151604832,0.1226749683357134,0.0,0.42932003679305797,0.0,0.0,-2.299999999999995,-1.709541747196033,0.0,-1.0402018918084137,0.0,-12.47081902223454,-0.3999999999999998,0.0,-60.0,1000199
