policy,total_reward,centerline_rms_m,centerline_max_m,max_roll_deg,max_pitch_deg,max_alpha_deg,max_heading_error_deg,control_roughness,max_agl_ft,stabilization_fraction_after_100ft,success,reason,transitions,duration_s,level,mass_lbs,cg_x_in,runway_length_m,runway_elevation_ft,runway_surface,static_friction_factor,headwind_kt,crosswind_kt,gust_sigma_kt,turbulence_severity,delta_isa_c,qnh_hpa,density_ratio,liftoff_time_s,runway_distance_used_m,time_to_100ft_s,takeoff_time_s,final_airspeed_kt,final_agl_ft,final_vs_fpm,vs_est_kt,vr_est_kt,seed,rc_progress,rc_centerline,rc_heading,rc_acceleration,rc_rotation,rc_climb,rc_altitude_progress,rc_stability,rc_success_bonus,rc_time_penalty,rc_lateral_penalty,rc_roll_penalty,rc_heading_penalty,rc_aoa_penalty,rc_sideslip_penalty,rc_control_oscillation_penalty,rc_premature_rotation_penalty,rc_failure_penalty,eval_seed
teacher,226.83127829739388,6.580385529491071,19.66647539537148,0.9170011545903731,8.37965082680143,4.154732391478324,3.8820031029231,0.031874211079614,351.5124750369305,1.0,True,SUCCESS,384,38.399999999997824,3,613125.5075535304,1327.9640273302616,4408.363625183106,3445.126020744456,wet,0.7095981075750546,10.927955069701623,-9.543560988730409,3.335866187113218,1.1198950172957993,-7.418537056312071,994.2532161204259,0.8904900046629195,29.199999999998347,921.9282818414939,33.4999999999981,33.399999999997824,154.72296698482313,351.5124750369305,3611.971359676615,117.10421347386041,126.47255055176926,1453380691,32.08370374167628,7.145320089256986,8.10167763177269,8.311679829594171,5.470102822491494,8.29968398733455,29.999999999999996,4.999999999999998,134.0000000000009,-3.839999999999962,-1.8475295452473792,0.0,-0.003896853103787828,0.0,-5.207263799235903,-0.6821996071461932,0.0,0.0,1000000
teacher,245.7226752185012,1.9595718002798892,5.816065414227898,0.3096041387582989,6.526489075015824,0.7215736002985401,3.904274031031721,0.02487897963949896,306.3168732685858,1.0,True,SUCCESS,447,44.699999999997466,3,785986.6291758597,1323.242584777025,4111.065677986759,1317.297229235797,wet,0.7231280295772251,17.364938386396283,0.874853429512199,2.690946723091058,0.1932013438465332,-14.295597841121218,1005.9218208745665,0.9506003212420021,34.59999999999804,1207.9030254364186,39.799999999997745,39.699999999997466,169.3982363026635,306.3168732685858,2797.8170442671308,130.19254448208153,140.60794804064807,998109225,38.61607820655977,12.61841458768626,10.442850452399277,9.900714731764158,4.553943667833341,8.591367792765423,30.0,4.999999999999998,131.37500000000105,-4.469999999999949,-0.19071610814245762,0.0,-0.026311547608542526,0.0,-0.06821713783973679,-0.6204494269173996,0.0,0.0,1000001
teacher,217.95453268004636,12.039570593883711,40.317700824526824,1.4968592966719092,7.70191341263045,176.60328562521687,5.587601226523901,0.02428767377056862,322.649697850925,1.0,True,SUCCESS,450,44.99999999999745,3,681214.6050691399,1331.1252728419076,3470.7185000308095,404.0795102858935,wet,0.6271149648544936,-1.2196278864271681,18.982981011067174,2.0292176497972187,0.27129491680142226,22.9420322272584,997.7453898321901,0.9801095089097444,35.299999999998,1342.1238520491993,40.09999999999773,39.99999999999745,159.60356729010533,322.649697850925,3245.5089631133637,129.71115950973459,140.08805227051337,1575982921,42.52872598041607,8.58693791870682,8.674983195777601,11.344740639302154,5.164095528012321,8.514680195439627,30.000000000000004,4.999999999999998,131.25000000000108,-4.4999999999999485,-7.247563004255469,0.0,-0.16241720160803003,0.0,-20.625353069092284,-0.5742975026536085,0.0,0.0,1000002
teacher,255.32274330353172,4.403923315588605,7.7482314723540995,0.3170351195612603,6.436970618219242,1.3111097779352303,1.624596510895838,0.02080550220566639,295.5006901396828,1.0,True,SUCCESS,518,51.79999999999706,3,780817.5352040834,1330.0010025018391,4020.5180413966136,3237.901286789757,wet,0.6598573613155819,14.495722875118236,3.185714838588254,2.0276006693160897,1.8757735533642206,12.073923226871415,1003.9385588406279,0.9041693682666724,41.59999999999764,1568.89481278092,46.89999999999734,46.79999999999706,163.84951357432573,295.5006901396828,2706.2579350763217,136.00179698651002,146.88194074543082,181836731,47.34154684570361,13.000120556083726,12.385387121952979,13.519422727134554,4.4498083617232,8.701153708451987,29.999999999999996,4.999999999999998,128.41666666666788,-5.179999999999934,-1.1162635572272195,0.0,0.0,0.0,-0.5750961084438216,-0.6200030185152375,0.0,0.0,1000003
teacher,251.82804318435166,6.7346566845506395,20.17211898854901,0.6700448999252955,3.9180680302615243,0.7643642468075519,4.0745051091373785,0.02072994912964848,268.7289849506942,1.0,True,SUCCESS,593,59.29999999999944,3,799831.8487480412,1310.7676784155092,3580.3671786846407,2999.7265929670525,wet,0.7426843841003392,12.10703897172148,-11.595076865439006,1.7044194621378206,1.0190735939642301,23.10578004548408,1002.9594631854538,0.9141247370114343,47.99999999999728,1990.4085292786199,54.399999999996915,54.29999999999944,170.86322102246172,268.7289849506942,2318.7835009334513,140.22232256397695,151.4401083690951,730354876,58.86137542546188,12.392788417434412,13.427474245206025,15.91232467112508,3.2945848614648865,8.835828036359052,30.000000000000004,4.999999999999998,125.2916666666669,-5.929999999999918,-2.988430132294023,0.0,-0.007736600725264832,0.0,-11.56608366681069,-0.6957487395367484,0.0,0.0,1000004
teacher,210.24363971597037,9.783006551232832,31.279769523948744,1.3866203695601282,6.714683274833325,-0.17404647340201815,5.570942615975653,0.0337016111270794,327.4907649332272,1.0,True,SUCCESS,378,37.79999999999786,3,595893.5970037851,1308.6458466353067,4308.201164545221,4346.679816602705,wet,0.7700998518415334,21.554294419353166,18.471835700324096,3.3633560876603332,0.7342193387195062,-0.8450128703589002,990.4282075426662,0.86953221474389,27.89999999999842,830.371941644682,32.89999999999814,32.79999999999786,156.18051696222508,327.4907649332272,3376.434210996951,117.01599468446935,126.37727425922691,1476772470,29.939412120963755,5.9911357193281285,7.309386678139894,7.983090365389851,3.68860719959791,8.582826996736639,29.999999999999993,4.999999999999998,134.25000000000088,-3.7799999999999634,-4.019703121621512,0.0,-0.08270457440981611,0.0,-13.902520914342826,-0.7158907538125163,0.0,0.0,1000005
teacher,245.88064185506784,14.298127489842823,37.27196944502665,1.3604920230186865,7.575905724540804,2.7844681282351034,5.5401511443438745,0.02202006551803111,417.0114752421632,0.9130434782608695,True,SUCCESS,696,69.60000000000764,3,891256.5675039369,1346.6660537908645,3377.3972232645924,3343.2773559299144,dry,0.9492068025340289,9.747495372705673,16.328515855484323,3.156878207528682,0.6252878578509462,18.533015307815383,1000.5530448926205,0.900352943167869,51.599999999997074,2160.5897863186165,60.5000000000004,64.60000000000764,164.91499489438192,417.0114752421632,2478.216760557552,147.10484002547747,158.87322722751568,1842279788,73.31738044182723,15.687531746641053,14.443695818410674,17.58174614309868,5.687378358996911,13.057360837840102,29.999999999999996,8.399999999999986,120.99999999999682,-6.959999999999896,-15.809752111355122,0.0,-0.2904542483192875,0.0,-29.456659262947362,-0.7775858691218287,0.0,0.0,1000006
teacher,248.75212245277584,4.662051950152941,14.88449773659969,0.5762725173723936,9.934189320821671,83.22287538999832,3.27762268145777,0.02409172824652362,329.0238697137047,1.0,True,SUCCESS,472,47.199999999997324,3,704045.5126239684,1352.0088303058478,4232.596026295079,2246.0454931256436,dry,0.9153222693732574,-1.650623101811164,-11.511295884799768,3.3445908970313476,1.330327727026741,23.89830486302901,1005.2896220858079,0.9319259801026308,37.59999999999787,1424.9426849489141,42.2999999999976,42.199999999997324,159.30262910849285,329.0238697137047,3375.1920123411564,131.57290658569065,142.0987391125459,2140195729,43.43317213280278,11.416044967937374,10.694611066181189,12.435559784444019,8.424559173516744,8.436835290713724,30.0,4.999999999999998,130.33333333333445,-4.719999999999944,-1.1398657553507252,0.0,-0.0001280690214463097,0.0,-4.896036812601783,-0.6659626591805988,0.0,0.0,1000007
teacher,255.9391840556574,2.8679768926629734,4.269579077111933,0.46749845410652063,6.138861265962063,1.204732661502154,2.48848634134203,0.021749321457009377,269.57317693237155,1.0,True,SUCCESS,548,54.79999999999689,3,832429.1122613394,1331.0228712620026,4380.825091520557,4058.9681252048636,dry,0.9065853021821718,22.938920671565544,-4.413128505233878,3.523934180012363,1.2456939266131746,-3.8487970737325305,1026.9794694742493,0.877502526469014,43.69999999999752,1601.7649056377172,49.89999999999717,49.79999999999689,171.90274461981286,269.57317693237155,2599.8085159620164,135.1085661847319,145.91725147951047,1986273948,49.21828102926108,13.8102923451612,13.163530574286934,12.339005063903189,5.10690241566057,8.844210614982199,30.0,4.999999999999998,127.16666666666796,-5.479999999999928,-0.5008288575947912,0.0,0.0,0.0,-2.117321598087254,-0.6115541985837016,0.0,0.0,1000008
teacher,231.07355536170877,8.492424331520576,28.01906412311125,1.2803486779579225,5.667740849084159,1.1365332316250898,5.210130152786887,0.021909319736506772,289.6833890881014,1.0,True,SUCCESS,590,58.999999999999204,3,869768.6969675657,1325.2952051095197,4260.291501543501,1673.4033423318556,dry,0.9093911624858727,9.391390608754321,-18.0049029776902,2.60170046573721,0.6786054330447377,8.515873358311392,992.9548679528419,0.9450794458822372,47.899999999997284,2013.6128296620245,54.09999999999693,53.999999999999204,175.54946940332033,289.6833890881014,2767.6707080434508,143.47350712665695,154.9513876967895,1458592668,59.191380408188714,11.813182236847984,12.938513835143802,16.02808221340406,3.988576337483333,8.770566443503775,30.0,4.999999999999998,125.416666666667,-5.899999999999919,-4.727949989521732,0.0,-0.06142887111402652,0.0,-30.710610759092607,-0.6734231598016435,0.0,0.0,1000009
teacher,233.72390151297702,9.272270364085488,29.690549718114344,0.767485292537776,3.249036583653154,-0.2824845727418978,5.57134878203758,0.019017756252927037,255.50184463058395,1.0,True,SUCCESS,572,57.19999999999777,3,879460.5360242132,1303.2644055291248,4061.4217803323377,2260.4216764988987,wet,0.7183853973074876,16.389276461142053,15.267986917059462,1.4767910245164817,1.1504819192630078,-6.360165485107876,1019.9760909200656,0.9265537975727461,44.49999999999748,1697.759012726174,52.299999999997034,52.19999999999777,184.06676784357543,255.50184463058395,2238.4332835288997,138.73199463888585,149.83055420999673,1814746022,54.851399690360616,13.158624682461467,11.92017498427378,13.346586836334541,3.951832821132202,8.837306688474271,29.999999999999993,4.999999999999998,126.1666666666676,-5.7199999999999225,-5.464188743009697,0.0,-0.13261407693274124,0.0,-21.583156007161495,-0.6087320296237156,0.0,0.0,1000010
teacher,272.32051727130613,6.348921596134947,19.975319310102027,0.5538453215087188,6.981895213290574,179.98399079821826,4.4057572697277765,0.01545076791037989,285.8200738085843,1.0,True,SUCCESS,705,70.50000000000836,3,880031.8491443613,1340.7660140262428,4186.354224915104,4082.123543769397,wet,0.7672947747502566,-3.0598595572187492,11.556327790769569,0.887245634447468,1.7253367912060484,15.838122637578394,1008.253742635382,0.8840795560168299,59.59999999999968,2845.0516353476705,65.60000000000446,65.50000000000836,168.79789348277515,285.8200738085843,2540.876691789935,144.97508378546377,156.5730904883009,1077289349,77.04123721491348,17.602408449704008,16.306499569355875,19.750881316318775,5.43842588873921,8.711409365667288,29.999999999999996,4.999999999999998,120.62499999999652,-7.049999999999894,-3.1575230923197197,0.0,-0.09487718428613484,0.0,-17.251493158516595,-0.6014510982667653,0.0,0.0,1000011
teacher,212.3441362391081,8.406655655438701,23.60598470188178,1.0212936507212438,7.893439560553215,0.31171530420811633,5.008137157856406,0.032286568099782496,346.1665443193526,1.0,True,SUCCESS,361,36.099999999997955,3,628546.8974516692,1312.0112242403245,4308.4921528723935,1096.5583948965163,wet,0.8842760860447791,20.407386121280847,-13.248413613168655,0.13782907111435305,1.4984121606512752,-2.617366127203704,1010.2457140086452,0.9577191362683026,26.199999999998518,771.3913591664086,31.199999999998234,31.099999999997955,163.82041615335817,346.1665443193526,3821.513733428507,118.62712308594497,128.1172929328206,1202598573,28.654047122093,5.025428021300268,7.345167004866701,7.1357200192860475,3.9732205334752515,8.427013271519781,30.000000000000004,4.999999999999998,134.9583333333342,-3.609999999999967,-2.8347268011769056,0.0,-0.032246239032853174,0.0,-11.06000874458908,-0.6378112819683226,0.0,0.0,1000012
teacher,223.53876838227112,6.974235684694294,23.886377272114345,1.0643507853487733,8.159260290268584,177.37733775446958,4.695029143831121,0.028434183442368543,342.81789708270435,1.0,True,SUCCESS,400,39.99999999999773,3,577937.1538587114,1327.5238742757203,4077.0675032697172,3935.1219670037653,wet,0.8332388842958662,-4.103032993952093,-13.307693698285481,2.431321325028616,0.6032756140203352,9.279756446822368,1008.6314543286065,0.8839059235977058,30.499999999998273,1046.4758102679461,35.09999999999801,34.99999999999773,150.99641609624757,342.81789708270435,3513.015345398805,116.18954435056018,125.48470789860501,1469563401,36.10771229168799,9.089729271794747,8.186258997589269,9.23045206351082,5.5419415218250325,8.486511167730098,29.999999999999996,4.999999999999998,133.33333333333428,-3.9999999999999587,-2.161776150473924,0.0,-0.034343537138135906,0.0,-14.635154873050526,-0.6058957045385912,0.0,0.0,1000013
teacher,234.59453867223397,6.5888945799263166,13.208388964626584,0.6554672551993083,4.32229597769994,-0.13868646723257944,3.488928809142115,0.026243337171971495,279.6698909008064,1.0,True,SUCCESS,507,50.699999999997125,3,726121.1617193129,1305.9348539330233,3524.8833591269595,3678.50103576964,wet,0.672882393935946,4.918744428953332,-9.957029578007791,3.870495657332133,0.16657264338328304,0.656488320129176,994.3348886847947,0.8891302701195792,39.799999999997745,1563.0903121257436,45.799999999997404,45.699999999997125,169.3924478689943,279.6698909008064,2494.6957856192744,129.25354644094713,139.5938301562229,1040438435,49.81186089287349,8.5377912844809,11.752884793422837,12.509041268915926,3.4893852195364623,8.779344271419651,30.000000000000004,4.999999999999998,128.8750000000012,-5.069999999999936,-2.4456289572432097,0.0,-0.006024484517330632,0.0,-15.90452487317241,-0.7345907434835497,0.0,0.0,1000014
teacher,264.92548779251575,2.705832483923104,5.565398407258751,0.3147745057626005,6.890140028346395,1.85827783833869,2.7886316457870852,0.01962240778085788,276.9151994839194,1.0,True,SUCCESS,570,56.99999999999761,3,855340.7854191498,1339.231459376023,3358.4284203211005,4765.035985307838,wet,0.6819258836299961,22.456330705749526,-1.0298349451458755,2.6352944337433604,0.5072324737158611,-6.786308896806537,1002.2553846753023,0.8571310750586679,45.399999999997426,1697.2512233118266,52.099999999997046,51.99999999999761,169.0951055993933,276.9151994839194,2601.160901356456,137.91617536956292,148.94946939912796,1794944360,51.12169922599107,17.046198288520742,13.726443105762737,13.908552530388201,5.844252477188713,8.897703860367601,30.0,4.999999999999998,126.250000000001,-5.699999999999923,-0.46369686396671983,0.0,0.0,0.0,-0.08746594948330214,-0.6181988822544029,0.0,0.0,1000015
teacher,230.2411767763786,5.991209557687696,20.706877296618234,0.8320050860206039,8.234358741540017,1.3882207763718881,4.723357244884572,0.030170215585300884,341.628210114337,1.0,True,SUCCESS,390,38.99999999999779,3,601448.1982128263,1329.39108613229,3600.21484966785,2834.0791507841805,wet,0.6877450636601953,9.895042069004285,-8.424280454298438,2.742746679869556,0.48262751218776967,24.679538590928644,1031.3176804708953,0.9168339709088661,29.399999999998336,959.3770222445334,34.09999999999807,33.99999999999779,154.19703872465098,341.628210114337,3539.8684915726276,120.2146916362699,129.8318669671715,1061664524,32.93123090563095,8.845036749346583,8.083396177220484,9.138574272603512,5.635685851257029,8.42135840251411,30.0,4.999999999999998,133.7500000000009,-3.899999999999961,-1.555432318445563,0.0,-0.10372910552839698,0.0,-5.379022035842482,-0.6259221223785542,0.0,0.0,1000016
teacher,233.0144602084207,9.37340591839142,31.1978929736226,1.2590294663105406,8.085849601962746,28.51740683953315,5.737697304920187,0.02722184682579106,332.3356777796198,1.0,True,SUCCESS,511,51.0999999999971,3,765413.357285569,1340.510176251144,3633.8750844768037,1319.7613851306971,wet,0.8243999983010167,4.017778687135122,-16.052211049702823,1.727129340045523,1.3540915151581552,8.076962357616075,990.2348828528369,0.9534860598271391,40.89999999999768,1649.1955319553224,46.19999999999738,46.0999999999971,164.43973151524895,332.3356777796198,3344.4877245316948,134.6765515771827,145.45067570335732,638112300,49.270617142573414,11.46113785184341,10.776737998326078,13.603016711041118,6.842086259709574,8.620420368485652,30.000000000000004,4.999999999999998,128.70833333333454,-5.1099999999999355,-4.988537486565327,0.0,-0.11733310884026867,0.0,-20.27997767058798,-0.7720411908996466,0.0,0.0,1000017
teacher,248.087128582148,8.327309760416538,30.74260620934637,1.2106967389731016,6.649664316573123,177.70199713397827,5.041880967475011,0.017118919754251196,283.47649905367825,1.0,True,SUCCESS,613,61.300000000001035,3,885500.6946560199,1336.192415865126,3503.48064093686,3138.8636322987763,wet,0.828290810442932,-3.7647824080652024,-15.14739946414349,0.2748293253253338,1.5060117365532373,4.133276184243073,1024.5978078488831,0.9046468095088379,50.99999999999711,2284.3622854950354,56.399999999997135,56.300000000001035,171.72397123258196,283.47649905367825,2610.240069780804,141.45571963846376,152.77217720954087,814342290,64.3102806123175,14.96034034598734,13.723260440031156,16.385290747420846,5.138085973170308,8.662674878406978,30.000000000000007,4.999999999999998,124.4583333333329,-6.129999999999914,-4.723102872172687,0.0,-0.07698854044554637,0.0,-23.05976049513216,-0.5612858407688129,0.0,0.0,1000018
teacher,226.6777377912373,10.972849090394405,40.55670108304343,1.43683974462964,5.519808779017985,176.09573839950176,5.420073334393675,0.02318866633715881,294.46535796171975,1.0,True,SUCCESS,528,52.799999999997006,3,797405.4613856139,1317.9515788369024,3349.47398395496,2639.8299120075453,dry,0.9638792469140679,-4.880738633238126,-17.872145429329887,2.713777548126912,0.4197807642809426,-12.14229818662011,997.500265281208,0.913055223045042,42.49999999999759,1745.74434687724,47.899999999997284,47.799999999997006,168.4312525775223,294.46535796171975,2670.6888114510616,132.2039650390943,142.78028224222186,2050718901,52.78814223594196,12.05519791328695,10.672018977093133,13.25678657570705,3.8886809592204132,8.626559538680524,29.999999999999996,4.999999999999998,128.00000000000125,-5.279999999999932,-7.06366714008673,0.0,-0.16937123429215978,0.0,-24.417200362607918,-0.6794096717073915,0.0,0.0,1000019
teacher,243.21151778673416,3.8859229123148378,6.542190040841508,0.2593121260418674,5.617584403740385,0.07295150020103085,1.5287979750009795,0.03127825217260195,306.02465998356183,1.0,True,SUCCESS,441,44.0999999999975,3,683914.39554762,1305.8092314442156,3706.1961436376037,2693.069538309226,wet,0.7148438564974307,18.40546614731608,-3.525061166436707,2.9447046072879792,1.0321381643807106,-6.168435819933276,987.7703205907136,0.9130070274155507,33.099999999998126,1121.1143528773464,39.19999999999778,39.0999999999975,173.48897660832938,306.02465998356183,3185.431080929282,124.3609500091825,134.30982600991712,1666111015,39.0401585696341,11.280270844034389,10.357265039203778,9.636260777362038,3.700719305335853,8.780298689579578,30.0,4.999999999999998,131.62500000000105,-4.40999999999995,-0.7399194471422185,0.0,0.0,0.0,-0.2963187506388238,-0.7622172406355777,0.0,0.0,1000020
teacher,240.35502242440987,4.853603093663527,15.43252476498788,0.5334105738279165,9.920317776591736,179.89748194978463,3.103061837873547,0.024089926554877048,354.9447706646156,1.0,True,SUCCESS,420,41.99999999999762,3,649908.3385958943,1345.0903550154162,3525.166955684368,3145.426765369408,wet,0.6022596787061726,-1.6752467434384375,-8.450489239421037,0.014259924255335843,1.452694962714875,4.36456986207137,1026.6239491950148,0.9025876065697666,32.69999999999815,1150.5629737063218,37.0999999999979,36.99999999999762,152.61243520027486,354.9447706646156,3619.3536187341683,121.11415332663157,130.8032855927621,1222163688,37.77197941123466,9.708531650539943,9.32042349371205,9.981233735171228,8.113481478717429,8.350515256724174,30.000000000000004,4.999999999999998,132.500000000001,-4.199999999999955,-1.0993482729049404,0.0,-2.0350806977976555e-05,0.0,-4.52007325016632,-0.5717007278124118,0.0,0.0,1000021
teacher,225.2440970200741,8.986107141948741,27.897772138307797,1.3284997946676735,7.960872249017508,2.593552684080663,5.404833985205611,0.026333662778559083,302.43425979683343,1.0,True,SUCCESS,513,51.29999999999709,3,789932.3170327065,1341.706984630351,3555.1339475065497,4692.020292265969,wet,0.7504774942519084,16.493206724310948,-16.063580670531163,2.560528100263603,1.350181682863644,-1.5414544938005026,1025.2469732522115,0.860823744589742,40.99999999999768,1493.124557331824,46.39999999999737,46.29999999999709,162.93702983742128,302.43425979683343,2839.431976035761,132.2592475833468,142.83998739001456,1535650621,45.13481720510955,9.863215470726846,10.372563097268706,12.523336224181119,6.889246361306586,8.648318709511885,30.0,4.999999999999998,128.62500000000122,-5.129999999999935,-4.60275692929518,0.0,-0.08455245167834759,0.0,-21.29030728615951,-0.7047833808988372,0.0,0.0,1000022
teacher,237.94123578453633,7.747282052154183,26.595705709994945,1.491634271080958,4.957844202835853,0.4967387859130314,4.648789028466561,0.021537555115372375,293.9279176065097,1.0,True,SUCCESS,522,52.19999999999704,3,792064.0120695599,1315.7015703744107,4467.294769689097,2275.092871447337,wet,0.7844079042275195,7.236796491604698,-11.25683409894106,2.6806051732485146,1.1026992052519153,2.8945698932786854,1005.2195169668673,0.9273468318882186,41.09999999999767,1606.7019361084278,47.29999999999732,47.19999999999704,170.2953663241136,293.9279176065097,2828.9745489233596,134.7814804101771,145.56399884299128,1419087310,50.39796340297026,12.43302563800058,11.40639267625097,13.035142065226815,3.8371390424279945,8.72180123656651,29.999999999999996,4.999999999999998,128.25000000000122,-5.219999999999933,-3.4811819933465595,0.0,-0.04989970162058898,0.0,-15.794649376208543,-0.5944972057324233,0.0,0.0,1000023
teacher,247.05788380595598,0.738654720075792,1.5579464129884109,0.2193543026949554,9.258381723775162,2.134543514366496,1.8241130356412627,0.025104056800968888,364.83173310743814,1.0,True,SUCCESS,418,41.79999999999763,3,635386.851779307,1339.2290585172127,3239.19286121373,4020.76143500337,wet,0.6533765589094138,3.9844771110286743,1.1556136128458872,1.6273405270650385,1.65693953495663,7.518409734971769,1006.6935779364524,0.8804620751062432,32.09999999999818,1116.4429380693568,36.89999999999791,36.79999999999763,152.64011285077052,364.83173310743814,3726.2701102609026,121.58324005988504,131.30989926467586,144169914,36.565215460918516,12.905112795299834,9.87056855134386,9.886798459929688,6.720767286768354,8.360206631760976,29.999999999999993,4.999999999999998,132.5833333333343,-4.179999999999955,-0.02534059027943587,0.0,0.0,0.0,-0.015324074683924351,-0.6134540484361656,0.0,0.0,1000024
teacher,224.68262754461034,8.357256922566087,25.583602005122273,1.4047439709582177,7.374835567029583,13.303123538984659,4.719226137440882,0.03004729058791947,330.35124012836405,1.0,True,SUCCESS,440,43.999999999997506,3,743159.2763843182,1326.7744448562341,3835.79910897611,283.99781161851047,dry,0.9244689336760553,9.4709430441516,-14.260467429021633,2.962572002202387,1.3372043054947227,-8.163495376077496,988.5486500316731,0.9812637778266248,34.499999999998046,1239.2187865550047,39.099999999997785,38.999999999997506,166.6599766648021,330.35124012836405,3293.099374136173,129.1252765035419,139.45529862382526,1026130777,39.50605878363409,9.76842797057432,9.22811766647816,10.335558968776537,5.096811184218427,8.439553923511534,29.999999999999993,4.999999999999998,131.6666666666677,-4.399999999999951,-3.414583004300297,0.0,-0.03139023074301124,0.0,-15.85411021270982,-0.6584841714973996,0.0,0.0,1000025
teacher,221.2937860146792,8.14952070180759,25.928282633195046,1.2160736196573314,5.957251348769356,0.4187750633606557,5.044250807745171,0.026647549798404616,305.4003685401076,1.0,True,SUCCESS,423,42.2999999999976,3,643125.764742253,1315.9581305603115,4073.148792651531,4038.987413451566,dry,0.9624548502746992,17.03276185899633,14.388956176748076,2.668386211786151,1.4185285243197603,6.611199001103852,1005.0541576100549,0.8811858383913056,31.899999999998194,1034.9107437240395,37.39999999999788,37.2999999999976,161.15057083093146,305.4003685401076,3080.8833312194984,122.23319576086458,132.01185142173375,242566780,35.85438553723478,9.440510611211637,8.64309521703111,9.336027767973759,3.9955037138493763,8.744846548022323,30.0,4.999999999999998,132.375000000001,-4.229999999999954,-3.1214903204519526,0.0,-0.028503289814768844,0.0,-14.109596116905845,-0.6059936534722216,0.0,0.0,1000026
teacher,230.9375998226649,5.449555331528774,18.389716070902672,1.085409465613843,8.427586566076432,179.76526341615715,3.0265823037550947,0.03127118536226019,350.82981576334316,1.0,True,SUCCESS,371,37.0999999999979,3,646063.4060116973,1322.8134186060954,4135.556030377247,648.3644261955118,wet,0.8861239910014416,1.6329144866594172,10.4698118608807,3.0559642130160647,1.6960811243501817,-12.605500342589755,1034.4434852040972,0.9693916038073415,27.799999999998427,921.8567489022718,32.19999999999818,32.0999999999979,162.4946897246829,350.82981576334316,3461.6360228589415,116.75644072094322,126.09695597861868,1905761077,32.31130461249816,8.178604845193453,8.01439622021362,7.70291332254342,5.389365279533273,8.333114857765686,30.0,4.999999999999998,134.54166666666754,-3.709999999999965,-1.2242032642807845,0.0,-1.6163170549014679e-06,0.0,-3.017958239709549,-0.5816028614427975,0.0,0.0,1000027
teacher,247.66113570749434,3.3396991796776647,11.246517988393556,0.4569149059519273,6.842562393471267,176.44958200940815,2.2247560371923796,0.021943216687711712,322.1684329741979,1.0,True,SUCCESS,456,45.599999999997415,3,715006.1052642205,1323.2817415529169,3275.6173639238186,3049.3125686863928,dry,0.9349232743915944,-2.0470872652406924,6.442205972989314,0.2581727897470687,0.14029421946368292,-13.583857853901492,1019.221556975004,0.9001592547542427,35.49999999999799,1352.8248326202415,40.699999999997694,40.599999999997415,166.94017483313536,322.1684329741979,3228.111766946391,123.52215298024133,133.40392521866065,53609764,43.40151058730223,11.570432917177778,10.707193903944516,10.305928487165184,4.664535769980588,8.60757218205389,30.000000000000007,4.999999999999998,131.00000000000108,-4.559999999999947,-0.5651152576108099,0.0,0.0,0.0,-1.87135428317052,-0.5995685993496829,0.0,0.0,1000028
teacher,226.0548741657646,7.317215385613391,22.72538122576543,1.937998285306867,8.313826846249041,1.7998208992409737,4.651250691592503,0.031646232843861206,350.4017972794132,1.0,True,SUCCESS,401,40.09999999999773,3,723428.0418655695,1334.0348271538655,3300.303419850124,339.47460025592954,dry,0.9956249930929846,23.528188465243375,-11.309364378386784,0.3406477290071952,1.8270030724135091,0.1861080318643218,1009.1940015876755,0.9796244874178912,30.799999999998256,948.7060373808982,35.199999999998006,35.09999999999773,164.6851323883192,350.4017972794132,3606.539623316803,127.95599624301063,138.1924759424515,1396605761,31.681210621881032,8.510866472615957,8.356262061364149,9.038276512487009,5.972299735724283,8.353483630023199,30.000000000000007,4.999999999999998,133.29166666666762,-4.009999999999959,-2.3855775600869324,0.0,-0.10755184420538019,0.0,-7.0317258692310585,-0.6143362614752574,0.0,0.0,1000029
teacher,257.0365690644891,1.7677067529677921,3.3031322281672164,0.5135239860472142,8.170374203159877,5.106314898070044,2.595049096484423,0.029785809519928114,309.4952605772937,1.0,True,SUCCESS,486,48.599999999997245,3,696048.6227494613,1340.342201088952,3985.4801810046397,3493.8337005169046,wet,0.8816390005711761,2.7909186510327153,2.1556193038666605,3.033464715185535,1.8502301319478303,18.73119796955443,997.4864920393524,0.8993025077724606,38.09999999999784,1421.7299112128276,43.69999999999752,43.599999999997245,153.73156707441217,309.4952605772937,2927.12959365397,130.2423444674308,140.66173202482528,1204230406,45.40376212795403,14.20228401325179,11.677903724192383,12.430629440777508,6.196553247577062,8.580364098326891,29.999999999999996,4.999999999999998,129.75000000000114,-4.859999999999941,-0.1687385068823484,0.0,0.0,0.0,-0.3283681025497134,-0.8478209781598041,0.0,0.0,1000030
teacher,233.7961654712169,8.71893303617061,26.420337994973004,0.8791470338849429,5.493052487248563,1.2384683503755802,5.759778251583286,0.01788682430952379,261.98876491430974,1.0,True,SUCCESS,592,59.19999999999936,3,894705.6382584525,1328.5552294474712,4004.3244927442356,2492.715375584924,wet,0.6333117231537827,18.228702602196535,-15.352861608370734,2.177764028503446,0.6023345326763074,-1.1368527073992993,985.7352577710211,0.9212427161946896,48.399999999997256,1964.3326367116492,54.29999999999692,54.19999999999936,173.00363462757107,261.98876491430974,2236.0613690412047,143.65198267524136,155.1441412892607,457126891,56.339373311913896,13.602076094422822,12.527174093107657,14.567061106993712,4.599051867808069,8.75925521190087,30.0,4.999999999999998,125.3333333333336,-5.919999999999918,-5.0004130696913895,0.0,-0.10583293215242973,0.0,-25.3236999676151,-0.5812135788049231,0.0,0.0,1000031
teacher,211.4193795432158,8.884757143828946,29.16236210601194,1.1504444272305983,8.628582603462506,0.9707876309705142,5.2900084787066675,0.03343437894446452,365.6135067987425,1.0,True,SUCCESS,376,37.59999999999787,3,620940.4353348615,1330.0363955753935,4446.202298531358,3773.479035332414,wet,0.7006654643127977,19.65470472723578,-16.23480617050172,1.73449385971956,0.6539336848119974,-8.252593882691478,1012.6761636236123,0.8807921635867266,28.399999999998393,853.4400700551545,32.69999999999815,32.59999999999787,161.0574413816918,365.6135067987425,3905.5604782636865,116.59767785258803,125.92549208079508,1358656450,29.687274505816127,7.826654946707794,7.074211440478203,7.96979233915179,5.735887026414236,8.324516651658579,30.000000000000004,4.999999999999998,134.33333333333422,-3.759999999999964,-3.2978922193124593,0.0,-0.04778395430183226,0.0,-16.71074588716756,-0.715868639563304,0.0,0.0,1000032
teacher,236.31801764909682,6.971439554609808,22.54833404125335,0.8811497954379206,7.980851843131089,2.0699942348291676,4.563903769465573,0.02418622393775521,310.30294123179533,1.0,True,SUCCESS,486,48.599999999997245,3,803676.9179965473,1339.9993814267987,3663.2121443375772,861.6782661483768,wet,0.8981557490204163,10.381525831445048,10.981460966222754,1.4146717171434617,0.1370568331272355,10.402914137472642,1030.9982739502705,0.9669889083130954,38.49999999999782,1405.4658390745624,43.69999999999752,43.599999999997245,166.40395460548595,310.30294123179533,2978.4003113090093,135.77606659039145,146.63815191762276,1243835238,43.2913441917456,9.146067461134518,10.60949819631045,11.96463463157171,6.481831544136744,8.652404943400255,30.000000000000004,4.999999999999998,129.75000000000114,-4.859999999999941,-2.6244523510332236,0.0,-0.06192502325330574,0.0,-10.391974344228462,-0.6394116006886724,0.0,0.0,1000033
teacher,210.11831920521132,11.354490490263853,35.309923271964045,1.2688895196583694,7.126225761402685,0.3457004274662304,5.50363935834839,0.03034954959322932,332.98277441707114,1.0,True,SUCCESS,400,39.99999999999773,3,668342.1398200098,1313.0373347705513,4125.816912190769,2321.19811229386,wet,0.7466451335451127,19.179171620732472,-18.703200293293836,2.1635879554805375,1.4792881793084736,4.787739490441449,1034.7527620974054,0.9254719466228076,29.599999999998325,931.1071175798584,35.09999999999801,34.99999999999773,168.80770511640793,332.98277441707114,3639.1276285852537,122.42484853643954,132.21883641935472,2095756150,33.47751792922459,8.271804271760857,7.426331268283278,8.36664761866384,3.9760314250465116,8.6139964457239,30.000000000000004,4.999999999999998,133.33333333333428,-3.9999999999999587,-5.729975746377433,0.0,-0.11862186079908381,0.0,-17.8518775631542,-0.6468679164952804,0.0,0.0,1000034
teacher,234.40789878696498,6.861114645499045,24.141895949309223,1.051017713026884,7.807379529028664,2.3904596621112506,5.20870076103878,0.024534140052321986,312.39805135632025,1.0,True,SUCCESS,516,51.599999999997074,3,830588.6325874034,1341.648968339058,4268.061316087056,324.82912380089437,dry,0.943468584710671,13.686943150438953,13.549774179305663,2.1751395310898642,1.103684296404662,16.968005001419026,1006.8437964771149,0.9821955578112155,41.29999999999766,1534.3629738707143,46.69999999999735,46.599999999997074,166.94579438909443,312.39805135632025,2949.239192289095,141.20388555140576,152.50019639551823,1998529746,46.753973136057446,12.209243796615056,11.168756137801617,13.568549717405874,5.88471988989792,8.518888089413528,30.0,4.999999999999998,128.50000000000122,-5.159999999999934,-2.698960599577738,0.0,-0.06863063864657826,0.0,-18.654579235128963,-0.6140615068744746,0.0,0.0,1000035
teacher,263.7244569017512,2.4182443263293263,6.184972225434221,0.45631183228781724,8.061760348032438,178.04408093944693,2.827099838483811,0.02172842317319675,307.0230515434341,1.0,True,SUCCESS,526,52.59999999999702,3,759564.6081959821,1341.0110492049391,4440.375633356513,3048.4916525407903,wet,0.6637407842946116,1.3588038144538173,-3.1186307466934693,1.937581835573309,1.179375191933695,4.088998725500829,988.8508087668555,0.9064038746400314,42.3999999999976,1728.8320477618222,47.699999999997296,47.59999999999702,160.7200127545633,307.0230515434341,2850.809474019163,133.3481044616699,144.0159528186035,250211419,51.46397543156054,14.098812209684024,12.709799985747953,13.464449307198535,6.468411996401308,8.668840693206295,29.999999999999993,4.999999999999998,128.08333333333456,-5.259999999999932,-0.3417775952310458,0.0,0.0,0.0,-0.02835729503535709,-0.6030311651157639,0.0,0.0,1000036
teacher,212.91903748123784,10.28303128681375,33.37714185315604,1.4890064021933835,9.309890625165746,2.2363252981532225,5.759485955953797,0.030103403227814157,352.04503959804333,1.0,True,SUCCESS,442,44.199999999997495,3,682108.0948190797,1341.2488227374934,3835.6654751450947,4804.264342389324,wet,0.6409617932738967,12.59433361592908,15.890851158455458,3.1892789646362756,1.5953936547985839,-13.115947907432751,996.4485270072735,0.8508995645642627,34.699999999998035,1184.5179141822243,39.29999999999777,39.199999999997495,153.7065773600069,352.04503959804333,3469.102324755589,122.12179745793415,131.8915412545689,197216018,37.8269765863161,8.314256566062657,8.398302980507715,10.00156903204102,6.960029208278264,8.282688290535475,30.000000000000004,4.999999999999998,131.58333333333437,-4.41999999999995,-5.193044860105667,0.0,-0.10006225368046982,0.0,-23.052154518331264,-0.6828568837204769,0.0,0.0,1000037
teacher,254.56545123903595,2.7593780002719486,4.6761680446729486,0.784295787923683,5.155356428923438,-0.053256591187350585,1.056756800327842,0.02564885754855242,290.31702132139117,1.0,True,SUCCESS,516,51.599999999997074,3,810052.8005654502,1317.8405610111881,3379.3681169024258,2989.3068655736347,dry,0.9779962131255414,24.209973580300797,-0.057035344965261636,3.977403550925974,0.30313096294679,1.8858873149305744,993.9120598005677,0.9077779511650109,41.399999999997654,1515.0793718497828,46.69999999999735,46.599999999997074,169.68932029992007,290.31702132139117,2523.826763309062,136.8388261860419,147.78593228092527,621450925,45.46973149978953,14.442728153136464,12.499176100591736,12.992662051327848,3.735059368335687,8.634880265492434,30.0,4.999999999999998,128.50000000000122,-5.159999999999934,-0.43654557170739583,0.0,0.0,0.0,-0.41950477996390984,-0.6927358479678191,0.0,0.0,1000038
teacher,218.05151830316547,8.597060954448859,28.0225910520171,0.8412879064205115,6.678283053244057,1.0397107800569758,5.318135453472957,0.027762715690577974,292.22187013936946,1.0,True,SUCCESS,422,42.19999999999761,3,729349.7306524428,1327.3364994606286,3731.1213467863813,1197.9500628246203,wet,0.8308017858043321,22.889490399163297,-15.585751259129541,3.9288664302454546,0.10784153944971542,5.592036610132389,1027.5477014864362,0.9575793551699727,31.59999999999821,982.3592376754863,37.29999999999789,37.19999999999761,165.08817487747731,292.22187013936946,2988.2102398619404,128.5140929751684,138.79522041318188,163669195,33.83460388295473,7.646400584111917,8.756077553540099,8.970808351780162,4.953861451556272,8.853525019506344,30.000000000000007,4.999999999999998,132.41666666666765,-4.2199999999999545,-3.4655323196669823,0.0,-0.06427385373710053,0.0,-14.008583797835279,-0.622035235712316,0.0,0.0,1000039
teacher,243.24890185716515,3.42455463422919,6.6558375449185405,0.33519187224269437,8.122688035444721,1.7861084015448543,2.5163539929869345,0.024059409943366427,328.70980083286304,1.0,True,SUCCESS,435,43.499999999997534,3,653080.383592068,1334.636202150518,3739.3005691008334,4920.566327862897,wet,0.8310959519396901,15.012622698902629,4.394583600545934,0.04222347850636732,1.2924302976634294,4.1594451811058555,1007.0994899395587,0.8568239475668364,33.69999999999809,1158.3493181102285,38.59999999999781,38.499999999997534,154.97000974458854,328.70980083286304,3295.5684978191684,122.53759238736966,132.34059977835923,384049022,37.25631741060967,10.077936802908404,10.107098710697123,10.234241491862472,6.031726693691135,8.514346749354278,29.999999999999996,4.999999999999998,131.87500000000102,-4.349999999999952,-0.5668327647363303,0.0,0.0,0.0,-0.31831347453409686,-0.6126197626885596,0.0,0.0,1000040
teacher,254.39836948994304,4.155765780762771,8.791435613550224,0.4475446705998679,4.092329968112375,176.24128375259227,2.893900496166479,0.024706487889375444,285.8014758157037,1.0,True,SUCCESS,521,52.099999999997046,3,729793.502012436,1302.9192847474296,4227.31241843799,3993.838296365761,wet,0.6600437492345681,0.7361987094869695,4.499968341096663,3.59848179324364,0.30109573177950955,5.701344216277246,1022.1107569934161,0.8825443937570211,40.79999999999769,1648.6313339793069,47.199999999997324,47.099999999997046,170.6258639753307,285.8014758157037,2675.531828028096,128.91861900883734,139.23210852954435,766235739,52.63428980404989,12.44012244579588,12.165690026652603,12.432193356479493,3.5733333468568764,8.838894417206276,29.999999999999996,4.999999999999998,128.2916666666679,-5.209999999999933,-0.9997636428883472,0.0,0.0,0.0,-4.018216543222175,-0.7498403876554591,0.0,0.0,1000041
teacher,236.68051228035034,6.635781552398006,19.476485174852968,0.694985444753814,8.132092016364032,1.706181259231098,3.7596174330557326,0.02215386835890619,334.8381260840233,1.0,True,SUCCESS,437,43.69999999999752,3,651561.5271285356,1334.7218827536578,4155.813774207162,3689.8847321506123,wet,0.619703214646383,17.190112771059557,10.368825967661746,1.6333017012541697,0.2857594787265114,14.954810029169955,986.8072792928235,0.8924266679439072,34.09999999999807,1158.2422498055619,38.7999999999978,38.69999999999752,155.29719320542873,334.8381260840233,3380.135234535898,125.90957134636105,135.98233705406994,419575447,36.483569581057594,8.921172595994348,9.309182911533972,10.676404718179612,5.706678114177122,8.41385432969877,30.000000000000007,4.999999999999998,131.7916666666677,-4.369999999999951,-2.138075756274519,0.0,-0.002237121237138388,0.0,-2.5482786638413284,-0.563425095605875,0.0,0.0,1000042
teacher,227.3222117340343,8.537181760360276,27.592065308453112,1.5295361435585844,6.796205327859198,1.2421464507287765,5.216313194113102,0.03777388603564489,322.6316030955418,1.0,True,SUCCESS,450,44.99999999999745,3,666808.4508993272,1311.6359559081495,4046.481821049066,1449.308608922129,dry,0.938356220070342,4.301632769076015,15.235576747991884,3.2415875659944144,1.1208046097457371,22.398194827019047,1029.1653714274557,0.9524446603707594,34.699999999998035,1290.8507642390562,40.09999999999773,39.99999999999745,167.10958631871628,322.6316030955418,3550.8066364032347,126.2476366519094,136.34744758406217,1150466478,42.83517862903779,10.271779139687009,9.386670653859412,10.757879571015506,3.815371011922462,8.72062983764595,30.0,4.999999999999998,131.25000000000108,-4.4999999999999485,-3.644173620471409,0.0,-0.05765368897526137,0.0,-15.519786983079792,-0.9936828166084724,0.0,0.0,1000043
teacher,235.70603878573328,6.049174606566761,17.896796279213476,0.6766552674237198,6.04446413926928,1.0496865144557952,3.5496347500976,0.02619893694974878,293.9982547650041,1.0,True,SUCCESS,462,46.19999999999738,3,744100.5407765134,1321.5025067468207,4002.4741786436007,444.1733833263423,wet,0.6135903715209728,9.982043764886035,-8.244934827729125,2.938106174417524,1.344419544301591,12.496929780864605,1005.6468190366833,0.979123368157993,35.59999999999798,1261.8774862476582,41.29999999999766,41.19999999999738,167.42207007531448,293.9982547650041,2749.2212741601193,132.74624400135252,143.36594352146074,1968005468,41.48387909738897,8.919716364370435,10.430482663134406,10.978492042522062,4.418369091960545,8.801169115424292,30.0,4.999999999999998,130.75000000000108,-4.619999999999946,-1.8784156889309167,0.0,-0.0006016397814454547,0.0,-7.964593245534285,-0.6124590148218877,0.0,0.0,1000044
teacher,238.22634236761462,1.975998090851611,4.1998773671409815,0.2443841526257596,8.423709368108279,1.1838003531023702,4.902548020302905,0.028451059685103357,354.26319428680017,1.0,True,SUCCESS,398,39.799999999997745,3,587075.3268817294,1332.6080917142847,4248.864478746351,4963.55074226608,wet,0.7484695358840374,17.73374694813687,4.027687475426632,1.8843255604973432,1.7697034621218428,10.969120722942446,995.273197783308,0.858170634428976,30.299999999998285,933.7029411532498,34.89999999999802,34.799999999997745,151.51479223031015,354.26319428680017,3702.2272011152127,118.22209054649238,127.67985779021178,886957890,31.939792322054533,10.527102321608506,8.903389355919066,9.262555269646933,5.752194336009471,8.389506946818047,30.000000000000004,4.999999999999998,133.4166666666676,-3.979999999999959,-0.1726686939010651,0.0,-0.13064673700827406,0.0,-0.040308008050354636,-0.6412414121498609,0.0,0.0,1000045
teacher,221.81040159437123,9.398130285774382,31.804705214217122,0.9030651814586137,5.089898774423062,-0.5032868486041308,5.458219743306923,0.025602732072166682,293.3247323346286,1.0,True,SUCCESS,517,51.69999999999707,3,837997.7975029858,1304.529203175337,3513.0357140515985,931.6506906674848,dry,0.9751594972106178,22.510739461763777,-17.42372334853816,1.9225083020257352,0.5699087606155528,2.1737311509815314,1011.7950479947822,0.9645838077281723,40.5999999999977,1496.196824679912,46.79999999999735,46.69999999999707,183.09403553936568,293.3247323346286,2913.6518768637306,138.0121175334384,149.0530869361135,1063092397,47.192579721202534,11.235460500786443,10.706066687930827,11.821323512780781,3.5984953434989198,8.791862390954831,29.999999999999996,4.999999999999998,128.45833333333456,-5.169999999999934,-5.0737721036619385,0.0,-0.1156295791946602,0.0,-23.878138839293875,-0.7561793739672388,0.0,0.0,1000046
teacher,241.30607159469275,5.4094272827932555,10.14199656419568,0.490050836530462,6.036063235244903,0.16838470042489645,4.142543987419462,0.02817868787403652,313.15352262059423,1.0,True,SUCCESS,457,45.69999999999741,3,711116.3165450697,1308.9063007011907,4277.037202502175,2106.0969302388216,dry,0.9875527149835089,11.87296744529035,6.963552765947776,1.6079895729102112,1.7699241707010978,3.9656185190203317,1020.4983541849706,0.9316858234842358,34.99999999999802,1250.9352324972713,40.79999999999769,40.69999999999741,172.05853814446453,313.15352262059423,3234.1363227357288,126.98205281481994,137.14061704000554,33590794,41.89323178727222,8.961080668871984,10.576508374416736,10.024861956865061,3.8289749307790815,8.65617784618446,29.999999999999996,4.999999999999998,130.9583333333344,-4.569999999999947,-1.4858544346908238,0.0,-0.04092244618480238,0.0,-1.7605165407285888,-0.7358038814269917,0.0,0.0,1000047
teacher,241.66724590278724,6.07738718904742,18.81804215609823,0.7327153507953797,5.6939916039909315,179.03494255661872,4.643974999726558,0.027378176060103124,298.3528678809005,1.0,True,SUCCESS,508,50.79999999999712,3,810879.3557966206,1309.4711036394833,3259.271764278201,938.0244077922217,wet,0.8353234139086925,-1.5607627117717096,-11.198569978925214,1.0152855228887296,1.1139652513042484,-10.495502139171137,1026.3286294279812,0.9626568031433917,39.69999999999775,1626.1041584338875,45.8999999999974,45.79999999999712,180.28802529102137,298.3528678809005,3029.080985843223,131.8220447426928,142.36780832210823,1561966117,51.15890863395314,11.89192007031443,11.353041301653006,11.079762544465567,4.0759869027618025,8.736246574127067,29.999999999999996,4.999999999999998,128.83333333333454,-5.079999999999936,-2.08475495590707,0.0,-0.10358585279922554,0.0,-12.4649505147141,-0.7286621344019504,0.0,0.0,1000048
teacher,237.06063399171111,8.027202776917909,28.623903290323188,1.0362841261236637,6.138951535329394,2.016422049573668,5.509570850316096,0.018656485603289957,271.3495446813513,1.0,True,SUCCESS,580,57.99999999999841,3,891703.4907627153,1331.4994910490382,4230.066865849344,3174.3657895452347,dry,0.9690854242810605,16.727621116521977,15.338091500491487,0.6800227904471234,1.1621250782979018,-4.601120002842084,1018.0177704669671,0.9011817511884206,47.5999999999973,1869.6207298346565,53.09999999999699,52.99999999999841,174.23958372844,271.3495446813513,2423.4726852691674,140.2643518231633,151.4854999690164,1117555178,54.21253951242554,14.245918323999975,12.626624260516905,14.401683310345806,4.962997086279903,8.698931014781776,30.0,4.999999999999998,125.833333333334,-5.799999999999921,-4.152541218291112,0.0,-0.0862599720829493,0.0,-22.297619048060312,-0.5849726115386079,0.0,0.0,1000049
teacher,283.1165487607496,0.6110004087388938,1.2310785824555222,0.042656607119550216,5.542505021398966,1.4513670431542802,0.772760016335431,0.013330387261917194,263.2805279591407,1.0,True,SUCCESS,651,65.10000000000406,3,882185.7450677941,1330.1639607227517,4159.0468486342415,3758.3086304708454,dry,0.9647259457830066,17.521198852432725,0.5477290394296142,0.03715721045635023,0.08945678358686426,19.939524830435275,1008.2955655787636,0.8942109427992474,53.99999999999694,2250.925527968392,60.20000000000016,60.10000000000406,170.46676315251645,263.2805279591407,2274.515489587535,146.1252754175011,157.81529745090117,59436415,63.678654612927666,21.59838254779399,16.358427800638832,17.56153345580879,4.35680501432845,8.797535537534436,30.000000000000004,4.999999999999998,122.87499999999831,-6.509999999999906,-0.02700358846232113,0.0,0.0,0.0,0.0,-0.5727866198187318,0.0,0.0,1000050
teacher,228.80431864980415,9.891615481525795,31.13032414391448,1.1033110753600344,5.01499814350536,177.023378886924,5.471925396173906,0.02106311674737591,297.3087566097038,1.0,True,SUCCESS,483,48.29999999999726,3,653087.5905788834,1308.8911998825183,4070.018327884329,4257.48991573724,wet,0.6532057009284551,-0.6991109275530043,16.193271475926963,0.27794369446183653,1.841616410655821,15.706815287345432,1003.1181339509739,0.8792888801593218,37.59999999999787,1464.8580731343031,43.39999999999754,43.29999999999726,160.33064906282334,297.3087566097038,2794.535486438177,125.18288412733794,135.197514857525,915703938,47.16580952194876,9.234523833808234,9.845827493916184,11.696011504186774,3.48404379332263,8.771703477549904,29.999999999999996,4.999999999999998,129.87500000000114,-4.8299999999999415,-5.250964383444031,0.0,-0.10037398329623144,0.0,-15.518236445042692,-0.5690261631467007,0.0,0.0,1000051
teacher,244.9070025967321,7.91273756754217,25.419956064877532,0.7434322858462437,5.510521071972425,10.408967084530204,5.398799958896275,0.018511480713917738,274.16202874515693,1.0,True,SUCCESS,588,58.799999999999045,3,806106.1322696988,1325.246756183248,4289.942799968288,4532.900899503121,wet,0.6792487855410323,3.0642605206908815,14.802311990862853,0.8118193000217944,1.4030943964319862,2.1471389450535874,1003.8044612903763,0.8673745965699465,48.09999999999727,2057.425513157524,53.89999999999694,53.799999999999045,168.48540126559857,274.16202874515693,2499.579225270196,135.8919456414136,146.7633012927267,740645279,59.79702609442942,11.927720389079855,13.040520196414239,15.108389304770219,4.430942982663703,8.798540747973378,30.0,4.999999999999998,125.5000000000004,-5.879999999999919,-4.0906124997691515,0.0,-0.06728993272320231,0.0,-18.04576581262644,-0.612468873480439,0.0,0.0,1000052
teacher,227.62622752443173,10.720029689266923,35.634573789701825,1.2008369255591294,4.20745030930692,5.944812831057476,5.4747678581739665,0.02079405448934447,276.0684750493374,1.0,True,SUCCESS,550,54.99999999999688,3,763146.3677633925,1308.6747359869557,4278.0153719776345,4664.754280750125,dry,0.995116013949015,2.4463044421992928,-18.017049816826184,0.9479283814454558,0.08512472817700645,0.20087020139594713,1012.5779593660423,0.8630243518432031,43.499999999997534,1819.4163743590595,50.09999999999716,49.99999999999688,171.01626167557066,276.0684750493374,2512.3828863260724,131.20521770100308,141.70163511708333,927580550,56.412254726565344,12.985488603940594,11.263775935128045,13.25053569640451,3.804012922167809,8.882216585386212,29.999999999999996,4.999999999999998,127.08333333333464,-5.499999999999927,-7.0228300107022585,0.0,-0.2094157507374104,0.0,-27.701248061401287,-0.6218964556545118,0.0,0.0,1000053
teacher,217.91345357224918,9.983698632674717,31.772529721712587,1.04613991773082,7.743813752558088,2.3654165588226412,5.385673968930016,0.023835008547156068,298.0843243218487,1.0,True,SUCCESS,504,50.39999999999714,3,794642.8344766533,1340.7886434973182,3622.8142261392168,2095.3709054938813,wet,0.8313826620742311,12.864022468961295,-17.247039613976042,2.1787750414474325,0.0820834864757245,19.934269602603656,1032.043274020344,0.9358173489496925,39.99999999999773,1499.4359860471168,45.49999999999742,45.39999999999714,160.4825500614426,298.0843243218487,2713.6564931716475,137.07952196392725,148.04588372104143,1202131065,45.54985825683699,9.584785742811178,10.030026331712468,13.063869283528236,6.433273975044392,8.691854219293688,29.999999999999996,4.999999999999998,129.0000000000012,-5.039999999999937,-5.581757349731975,0.0,-0.10692493086456051,0.0,-28.03694765891624,-0.6745842974662686,0.0,0.0,1000054
teacher,225.98948292670008,7.2043308795889365,25.024787300010786,1.0204343624412326,8.282254111590062,176.7043824945936,4.938125169219136,0.026895167949993817,346.0930766220981,1.0,True,SUCCESS,402,40.19999999999772,3,577916.6126694691,1329.232989063599,4291.129314893856,2737.8575908476378,wet,0.7981437030182449,0.674256298342037,14.573711527687434,2.1932490436853294,0.7261890660030257,22.523236756262854,994.7556512122314,0.9186095223332524,30.499999999998273,1027.5262481682194,35.299999999998,35.19999999999772,152.4339470677661,346.0930766220981,3605.269733360945,119.57133830851355,129.13704537319464,1988511422,35.727904984896135,8.517455769250237,8.37883871771432,9.496521132122076,5.575463072427445,8.50869310942389,30.000000000000004,4.999999999999998,133.25000000000094,-4.019999999999959,-2.3183064595427414,0.0,-0.02539059133951199,0.0,-11.519606262640718,-0.5820905456119687,0.0,0.0,1000055
teacher,236.11224760641164,5.402188739505063,19.541151154595866,0.8883308592739552,8.722479574973054,2.2254505488751515,3.849233156598106,0.02415388912307997,321.252118775511,1.0,True,SUCCESS,465,46.499999999997364,3,788645.4546436849,1344.9873187646497,3586.718824230089,3123.962294070633,dry,0.9943995987071572,19.81568460078261,9.665419647431527,3.6671158302276714,0.9831345691692135,-11.275859618481379,1020.1757197522787,0.8988970863636828,36.799999999997915,1286.4797526669606,41.59999999999764,41.499999999997364,164.73108735967773,321.252118775511,3130.2259295275926,130.21031680689896,140.6271421514509,1214157235,39.24696655279372,10.281165934953389,10.519820726746222,11.14134380680437,7.601453749756429,8.495705058741711,29.999999999999996,4.999999999999998,130.6250000000011,-4.649999999999945,-1.5078215641571577,0.0,-0.002644857636547166,0.0,-10.039769921994097,-0.5989718795976244,0.0,0.0,1000056
teacher,231.82656062127808,7.312916546876504,23.69170495544224,0.7661671429111483,5.883252183697394,0.37724870447853553,4.673001427192714,0.024352678059847543,312.4892742314264,1.0,True,SUCCESS,447,44.699999999997466,3,698797.160209355,1314.5603919240548,3421.575383141103,2593.846234351413,wet,0.6740378961709458,8.903254252663528,-12.164660353524006,0.0795073877550947,0.26293226172987905,-7.220738418822639,985.1454783971707,0.9152855700876605,34.29999999999806,1238.7040843928048,39.799999999997745,39.699999999997466,166.50927324220675,312.4892742314264,3068.267897180128,125.63905395142497,135.69017826753898,427700191,40.73065941551183,10.295527769508823,9.413428238107159,10.183587927230063,3.9839120158596324,8.710699330166864,29.999999999999996,4.999999999999998,131.37500000000105,-4.469999999999949,-2.656111171605149,0.0,-0.03765902026621771,0.0,-10.087564205601957,-0.6149196776340412,0.0,0.0,1000057
teacher,247.74793601998607,2.875122575466137,5.375675734964468,0.395218484432847,8.878500819618113,2.225963831714948,3.2871138182779007,0.026871889423518345,318.42173909582164,1.0,True,SUCCESS,454,45.399999999997426,3,805546.4797832775,1345.846235098757,3881.132839969333,143.2452222079894,wet,0.8696591559333595,20.993202550493283,1.9388651777405808,3.1941381948963885,0.9083801806637462,-1.874975019376425,1004.4835946170671,0.9861270416474224,34.89999999999802,1150.1898531842883,40.499999999997705,40.399999999997426,163.19485139081718,318.42173909582164,3061.6842394377454,134.85479581479086,145.64317947997415,231982805,37.97538078277712,12.809130745128073,10.582533596987401,10.10106006073667,7.509535277090955,8.594415525676837,29.999999999999996,4.999999999999998,131.0833333333344,-4.539999999999948,-0.416990415563954,0.0,-0.0025115287145355725,0.0,-0.2390820576357568,-0.7088692998312359,0.0,0.0,1000058
teacher,243.0511161033879,2.582955517176469,6.636338187121922,0.6838966066110479,8.418548364495106,179.60805874336086,1.8240135986171369,0.03538622124790315,342.1265280510636,1.0,True,SUCCESS,407,40.699999999997694,3,676872.8999204432,1322.296375107874,3794.1900659398084,570.5739104593249,wet,0.8124157731575956,-1.8241645200077503,2.0674929227909766,3.4943109702977813,1.916841485983445,-12.99541033888838,1003.8959414169,0.9719391451995744,30.799999999998256,1090.433092223894,35.79999999999797,35.699999999997694,164.82359551708583,342.1265280510636,3652.957758677314,121.22672758817681,130.92486579523097,871306313,37.850611261825975,10.727550629120564,9.633901076092718,8.73592553155733,5.073885516493673,8.468846474690714,29.999999999999993,4.999999999999998,133.04166666666762,-4.069999999999958,-0.3017072551012144,0.0,0.0,0.0,-0.2937417973987462,-0.8158220005607376,0.0,0.0,1000059
teacher,238.20056518823094,6.941205028377171,20.039380700807506,1.0108406599072397,7.182112896758431,2.126787413477538,4.767360664352788,0.024226499443683592,301.84440099213,1.0,True,SUCCESS,529,52.899999999997,3,772818.5323298427,1335.9809039873408,4053.900267856738,2674.363452957505,wet,0.7294319054714454,2.2487132225544704,-10.79682597861063,2.678483299045415,1.9333129786524146,19.657394157803694,1024.5312123258864,0.9206820418953998,42.799999999997574,1754.7901808418544,47.99999999999728,47.899999999997,165.19640306391375,301.84440099213,2930.678262477687,135.61773239813667,146.4671509899876,1241392385,51.55356829494737,9.929097265206464,11.92712285429608,13.87819020929702,5.290722426541246,8.603914619706496,29.999999999999996,4.999999999999998,127.95833333333458,-5.289999999999932,-2.8319325681241487,0.0,-0.10918822507275004,0.0,-17.045352873408014,-0.6639101484934503,0.0,0.0,1000060
teacher,216.41459207573752,11.318936446941157,40.42676936414067,1.5547707015551584,8.867660777291087,179.72380685881535,5.834415883170059,0.02438900742246387,302.05379171638515,1.0,True,SUCCESS,470,46.999999999997335,3,735159.536526913,1345.234299427335,3208.395418060676,2490.720857297278,wet,0.7150931429360037,-2.4664459725710755,18.402113223142504,2.5842120635368078,1.6367424524648397,6.746884183494515,1023.2861543955141,0.9222218252799215,37.59999999999787,1433.297569689978,42.099999999997614,41.999999999997335,156.93765939929665,302.05379171638515,2962.291051395725,129.54722897634238,139.91100729444977,1926508577,44.001436776762425,9.45635546239074,8.87701653705309,11.979400335563367,7.612133280749754,8.474117889409717,29.999999999999996,4.999999999999998,130.41666666666777,-4.699999999999944,-6.690623497361072,0.0,-0.16093579147432405,0.0,-27.24928736652253,-0.6016882175015728,0.0,0.0,1000061
teacher,247.710785651145,3.9706740157928784,6.845693478057441,0.8530137039498712,7.550210365607833,2.539144165969855,2.916577366192271,0.026920897659803995,312.70461799282907,1.0,True,SUCCESS,461,46.09999999999739,3,758803.6983362327,1335.1096125307135,4395.492948237206,980.6726783182756,wet,0.6719277336508512,12.464208126400052,1.0162807692517362,2.855563393461112,1.036294657016289,16.877731478613253,1031.3678815589817,0.9644127606811976,36.19999999999795,1270.814851153644,41.199999999997665,41.09999999999739,160.2029021527575,312.70461799282907,2948.3080704077706,133.3301500173223,143.9965620187081,1750886328,40.499878594722546,11.08538157598956,10.94021487126069,11.344187322155255,5.745838578495966,8.470780703019033,30.0,4.999999999999998,130.79166666666777,-4.609999999999946,-0.8075824707109289,0.0,0.0,0.0,-0.11731381120554614,-0.6322663792494937,0.0,0.0,1000062
teacher,211.04312718939488,13.738075289491235,44.36976632807536,1.6860898175697363,5.664034638678538,0.8692700875106936,5.786121089041436,0.027803979340676552,278.09841097923254,1.0,True,SUCCESS,503,50.29999999999715,3,734901.6151857016,1321.6827336909075,3665.1038840047295,3848.208027687607,dry,0.9861642622245496,6.374629421132257,19.52528869826405,3.8597065353605813,0.8478034886826957,5.081504748745054,1018.2241080201528,0.8863222935809697,39.39999999999777,1518.5701702013282,45.399999999997426,45.29999999999715,165.00805413013282,278.09841097923254,2679.581329385569,129.47890410798252,139.83721643662113,1216467400,48.55982977564651,8.406994640775068,9.706130462607284,11.817896538746712,4.370740209379887,8.884620253181776,30.000000000000007,4.999999999999998,129.04166666666785,-5.029999999999937,-10.54817338531601,0.0,-0.266557116790218,0.0,-28.16781760539093,-0.7322032501130564,0.0,0.0,1000063
teacher,237.4437851711736,10.889625114695212,36.173183813622934,0.9733380645174917,3.1843014178014837,0.15362442608880508,5.611727194345216,0.016859264214468758,242.65105907215911,1.0,True,SUCCESS,685,68.50000000000676,3,880525.2672124007,1309.2174491449314,3281.070345355659,3468.3079649607603,wet,0.6841745398850141,5.064692171842349,19.45340956896147,0.7932254082065944,1.456420559480968,16.01571975123362,1000.4946749962021,0.9008394641690682,55.49999999999685,2516.8404349706498,63.600000000002865,63.500000000006764,177.71123749760164,242.65105907215911,2061.266482897915,145.61946832362182,157.26902578951157,1174556340,73.78757730480295,15.148953795092593,14.060216389698997,18.332913657256363,3.7254098440889103,8.828300024228536,30.000000000000004,4.999999999999998,121.45833333333051,-6.849999999999898,-9.025555063326836,0.0,-0.2901969913536844,0.0,-36.10083865985845,-0.6313284627865402,0.0,0.0,1000064
teacher,251.10295481833361,5.750544036273828,17.523207184639695,0.8159250887862665,7.013526908161193,1.9958413132945976,3.2846954893991134,0.01875065685320368,295.0287196428253,1.0,True,SUCCESS,568,56.79999999999745,3,815258.5322124972,1335.8521729970485,3354.0030052872653,4499.067499736445,wet,0.701602710212456,5.709410920752823,12.000952240790623,1.4245155193388204,1.0640665982389064,4.2925797537434285,1025.8058854919257,0.8686264821909293,46.69999999999735,1908.5805192041655,51.89999999999706,51.79999999999745,162.8261314118526,295.0287196428253,2614.045632074661,135.686354212575,146.541262549581,428517443,55.16327948601881,13.405623182289512,13.01775645013527,14.680474164629693,5.4682045279002,8.647680342465181,30.00000000000001,4.999999999999998,126.3333333333344,-5.679999999999923,-2.087005979228301,0.0,-0.0002682203585507619,0.0,-12.24119697168198,-0.6049254971707199,0.0,0.0,1000065
teacher,240.1149607845764,1.9458594799652031,3.981639088326313,0.2689130289685224,6.4223007065257764,0.20017597837461165,3.84670165379174,0.02663599759206412,325.663245210857,1.0,True,SUCCESS,408,40.79999999999769,3,623516.3220339976,1312.9271532662005,3481.925316866654,3805.2780684950917,wet,0.7922040473735699,14.118150295345302,-0.9928422182996455,0.8388275486144372,1.9778312654209755,3.1194877329823782,1003.4153337696941,0.8854478968015105,30.599999999998268,1013.2494513302789,35.899999999997966,35.79999999999769,160.93273256747872,325.663245210857,3214.8715316223993,119.73795313268154,129.31698938329606,760190541,34.8876187718431,11.256722667441599,9.41160432763273,8.95867961045109,3.899830788117686,8.607073751479573,30.0,4.999999999999998,133.00000000000097,-4.079999999999957,-0.17164873324826047,0.0,-0.02180527191940801,0.0,-0.0001411870864447734,-0.6329739401362529,0.0,0.0,1000066
teacher,249.7193507073699,5.373691232981267,12.955849850741187,0.7054529683143126,7.763907180878885,7.203365207390384,2.8886418591256993,0.02569794916712014,273.296466467939,1.0,True,SUCCESS,586,58.599999999998886,3,907100.7804865807,1348.112131069029,4264.238700574162,616.1854184762627,wet,0.8736261195253128,10.615384548202147,10.726782351806223,2.560377299213812,1.2853591664506083,10.74716685290154,1004.4367654592868,0.9748341058163311,48.399999999997256,1974.0660018458552,53.699999999996955,53.599999999998886,169.04208825264496,273.296466467939,2570.5132220901296,146.227197396594,157.92537318832152,500427198,56.14400771234962,12.794642368419684,14.05406971378143,16.127564012409334,7.202670595052001,8.717617647610306,30.00000000000001,4.999999999999998,125.5833333333338,-5.8599999999999195,-1.88018474176755,0.0,0.0,0.0,-17.392808502216887,-0.771561431602018,0.0,0.0,1000067
teacher,238.65520868249723,6.2159935555569765,13.565856828320094,0.547979267381791,6.085830755798419,1.4833452120527157,3.922139388323992,0.029807793102117584,305.485043280097,1.0,True,SUCCESS,474,47.39999999999731,3,734784.3517059488,1321.3519419580189,4350.300819169419,1502.5471588141547,wet,0.6279209276112889,18.08630988165938,10.077612356841241,3.1521519349620477,1.4572419523288174,23.676941971164545,1022.0273969824218,0.9517057867023284,36.799999999997915,1323.8999573134342,42.49999999999759,42.39999999999731,169.56922387164929,305.485043280097,2957.457519423976,133.26198730277972,143.9229462870021,878246290,42.547934239020705,8.06202961838191,10.567650004124385,11.725993165370095,4.042166846543178,8.685466014254326,30.0,4.999999999999998,130.2500000000011,-4.739999999999943,-2.0349649964902268,0.0,-0.025503389947087375,0.0,-4.683469607295615,-0.7420932114655747,0.0,0.0,1000068
teacher,223.76253886481612,10.435366083024824,35.4192178471144,1.1530351389478637,8.48670593412587,2.623819271557978,5.651418351532448,0.020422615108777888,299.0220522928503,1.0,True,SUCCESS,571,57.09999999999769,3,905137.2880166776,1349.393756706552,4093.530258910595,2171.3215626833303,wet,0.719087780529746,7.542404084445799,18.685990474184514,0.023957476261467825,0.30202940488352437,-5.843134650738939,1019.6924951206577,0.9279635260910488,46.79999999999735,1875.4840749862492,52.19999999999704,52.09999999999769,168.81356930314698,299.0220522928503,2779.8640841187553,140.8912829588956,152.16258559560725,901928225,54.17089133505933,10.656794462730554,11.60973219650914,14.751862319129563,7.774851601436518,8.603471424339109,30.000000000000007,4.999999999999998,126.2083333333343,-5.709999999999923,-6.908901119859036,0.0,-0.15537331550530412,0.0,-31.626637914340854,-0.6124854580173221,0.0,0.0,1000069
teacher,247.15483642694312,6.457611080402744,20.115230738126094,0.8954145410852651,5.9370561604694165,0.572253205510008,3.645835433351564,0.021969016350875843,297.57656856681933,1.0,True,SUCCESS,479,47.899999999997284,3,701285.6252088465,1320.3845628083773,3613.1639574663723,2407.3189659916293,dry,0.9403862635117375,5.639394698652037,-9.123894026214485,2.7249011025709,0.7282972760862727,20.21341855533484,1015.1471282593386,0.9277914441756274,37.499999999997875,1441.5717782502118,42.99999999999756,42.899999999997284,167.1221105877855,297.57656856681933,2960.043093396858,129.9018051829042,140.29394959753657,1461975460,45.28800794568095,11.209721206061957,10.711775858745616,11.689192089108158,3.969994981876395,8.72209359126603,29.999999999999996,4.999999999999998,130.0416666666678,-4.789999999999942,-2.219406097187734,0.0,-0.0011935956352414592,0.0,-1.8839585089082638,-0.5830577107325997,0.0,0.0,1000070
teacher,238.71806330025393,4.403119668672867,16.26730845115339,0.6790462119645595,8.90334063842416,128.74566354674678,2.7947546390971194,0.027292368188374803,341.0746601043583,1.0,True,SUCCESS,417,41.69999999999764,3,717103.1547177768,1337.7274304293194,4210.4570092705,260.0781353770587,wet,0.6921722394253711,0.4564977499386549,-6.631620934052693,1.6017844215964034,1.126558333114628,-10.494124119698473,1003.1921682561591,0.9814882633964525,32.29999999999817,1121.5309376991852,36.799999999997915,36.69999999999764,163.83696535968167,341.0746601043583,3414.7462846666886,125.38713278806378,135.4181034111089,240919579,37.11998878399865,10.449034339665186,9.39850474921742,9.438115828861228,6.997477445006495,8.428457396738672,29.999999999999996,4.999999999999998,132.62500000000097,-4.1699999999999555,-0.8982857771716286,0.0,0.0,0.0,-5.076790908244114,-0.5934385578190194,0.0,0.0,1000071
teacher,241.35887190727556,6.764931752531356,21.195127857414377,0.9225578153340578,6.75511507769592,176.68990204296196,4.675947510445026,0.036316618768867756,330.85724954063835,1.0,True,SUCCESS,460,45.99999999999739,3,658850.9160376815,1309.1954200692858,3289.7838129155043,3857.3621261708267,wet,0.7795214938131135,0.7390707283510167,-9.36979558494582,2.2449631142821698,1.262491680849276,-2.9837826142148405,1018.6093284424995,0.8815875320310887,35.99999999999796,1386.9825650432756,41.09999999999767,40.99999999999739,165.6744532098204,330.85724954063835,3454.240727841975,120.87586004054955,130.54592884379352,1712401472,44.74642640643793,9.01805837323905,9.98040348256212,10.490495207053392,3.84769237228576,8.496472982348909,30.00000000000001,4.999999999999998,130.83333333333442,-4.599999999999946,-2.339064304838578,0.0,-0.09614394467243292,0.0,-3.0633868155984376,-0.9554151848766185,0.0,0.0,1000072
teacher,223.75769055740622,9.124250340081588,32.891166641926915,0.8688616481409004,9.569625772357178,18.028946219417648,5.545052982275168,0.023720313848275415,362.65284351205173,1.0,True,SUCCESS,476,47.5999999999973,3,732841.8723945074,1346.7560397006255,3863.7718032443395,3801.8778662384634,wet,0.7468144567512626,1.8975007921845073,-17.162674138179096,2.197901981532505,1.5207267546541618,-5.924312069319143,1009.9103702595532,0.8810507831429498,38.29999999999783,1496.7996445755016,42.69999999999758,42.5999999999973,158.71031217008348,362.65284351205173,3636.036314652796,127.36871851365298,137.55821599474524,1750374288,44.516655990584184,10.94997720302468,9.828830128266883,11.906381322209677,7.537127301406903,8.280245363195231,29.999999999999996,4.999999999999998,130.1666666666678,-4.759999999999943,-4.403102830199554,0.0,-0.0885857165458678,0.0,-24.597619440852885,-0.5788854303508905,0.0,0.0,1000073
teacher,232.19232871245964,7.473605129410027,19.58279261779059,1.0986505143539007,6.319983065078121,0.8343540123660252,3.334113736372249,0.026396414960397352,293.8902593916064,1.0,True,SUCCESS,471,47.09999999999733,3,697826.4091542151,1323.3622109495593,3594.160100075858,4702.003734913772,wet,0.654585118158513,3.4738413062548013,-10.765651813693655,3.3290792284167847,0.4812776631757907,-11.127980739413331,1009.7885504240612,0.8562339697905589,36.89999999999791,1384.0768365669414,42.19999999999761,42.09999999999733,164.31065862581153,293.8902593916064,2870.6157533626883,123.14489479935222,132.9964863833004,2000555370,44.09816833890959,8.27111103468275,10.242805384283066,10.663106485003818,4.729594743198131,8.633773280037126,30.000000000000004,4.999999999999998,130.3750000000011,-4.709999999999944,-2.923066486654661,0.0,-0.0016010683402563513,0.0,-11.481781366617868,-0.7047816320431637,0.0,0.0,1000074
teacher,232.6870353138876,3.663501504514463,5.7077895908651435,0.28437484241637273,10.929249419983007,2.7646903768289675,1.9256612492373997,0.031575185385490166,387.22815484805983,1.0,True,SUCCESS,359,35.899999999997966,3,638526.9658339061,1344.8952895813734,3285.6644751398057,1313.3653422746515,wet,0.8925705654668579,17.73065910457088,2.897159918857728,1.0192803639743797,1.654979847324128,-7.202237599404491,1016.7862287453838,0.9495747875456914,26.799999999998484,780.4519962677465,30.999999999998245,30.899999999997966,157.73369602847725,387.22815484805983,4217.231270103286,118.2192962201772,127.67683991779138,2131335548,27.833737223020634,8.302761462666075,8.09633870398225,7.451995539105535,8.15105611333917,8.244549406751847,29.999999999999996,4.999999999999998,135.0416666666675,-3.5899999999999674,-0.5353584816905689,0.0,0.0,0.0,-0.7034471971304508,-0.6062641228243917,0.0,0.0,1000075
teacher,251.1087059643866,4.632565932870475,15.531587013082529,0.685564690911737,9.136399465252055,3.079382669760959,3.2611064345912943,0.02054237153327162,333.6318676406918,1.0,True,SUCCESS,492,49.19999999999721,3,767337.2517708462,1346.8981021638622,3526.670567135457,2889.303280110655,wet,0.6525441236033893,5.638352173964824,-8.444397906369414,0.5270928659327092,1.2412458999347808,-5.37233099123188,995.0171075535842,0.9070386138292585,39.39999999999777,1513.5233306697833,44.29999999999749,44.19999999999721,161.1140573050232,333.6318676406918,3226.8214520180795,131.43202813787477,141.94659038890475,1910877506,45.22131601810408,12.212348541470785,11.391004879723218,12.405687331374473,7.8132290255091,8.487310368021005,30.000000000000004,4.999999999999998,129.50000000000117,-4.9199999999999395,-1.1731831360241003,0.0,-0.0001315546683098602,0.0,-4.269270191961684,-0.5596053171632338,0.0,0.0,1000076
teacher,236.59696659074348,7.623462224204262,21.704787694576765,0.746078844751557,4.914056720976087,0.38010693338103296,4.699705514253599,0.021510728060920265,270.8289024648184,1.0,True,SUCCESS,522,52.19999999999704,3,728325.6264027117,1314.1541666623548,4162.040274703005,2681.031432061925,wet,0.6731167488053472,6.683723149208854,12.471994001967541,1.2503202080364688,1.5521753707321346,20.719941501072718,994.7699268858031,0.921567126438838,40.89999999999768,1593.6235776017122,47.29999999999732,47.19999999999704,163.26304199217452,270.8289024648184,2421.57269666078,133.84128014808044,144.5485825599269,1187389009,50.35104467149508,9.475627981164205,11.471020300069739,13.108483302355951,3.8110543945677695,8.802902093871866,29.999999999999996,4.999999999999998,128.25000000000122,-5.219999999999933,-3.3707962244644265,0.0,-0.025653736146941067,0.0,-14.43037235620422,-0.6263438359668247,0.0,0.0,1000077
teacher,238.99384930585163,5.7424995540873045,14.745538659299662,0.5746409087211204,4.642442458944773,0.2380056155238873,2.7121633497747455,0.02205939145082805,295.78425831818186,1.0,True,SUCCESS,502,50.199999999997154,3,802606.3417281976,1307.5940690885996,3582.0416203361406,2280.90160407007,wet,0.6865994621782172,20.62034674770075,8.135785742077822,1.3384807216503734,1.745886227452083,-5.832283794489221,1032.6887427315341,0.9249614829079463,39.19999999999778,1417.5828846776628,45.29999999999743,45.199999999997154,177.7883124997198,295.78425831818186,2737.853566563918,131.83673086009335,142.38366932890082,2065440987,45.361700150079564,9.660995386355445,11.59049238541041,10.979726648513818,4.196353437297966,8.77724802508786,30.000000000000007,4.999999999999998,129.0833333333345,-5.019999999999937,-1.8393447962893161,0.0,0.0,0.0,-8.179024500358377,-0.6176307635803419,0.0,0.0,1000078
teacher,246.02303579833148,4.243715284842451,10.063155681684314,0.4686951028982406,5.944724723082181,0.9206626821947095,1.9067495096419842,0.021042613806731697,304.2971549879376,1.0,True,SUCCESS,458,45.799999999997404,3,645996.4893696156,1316.974531747494,3694.219596639005,4651.090478452704,dry,0.9612884125909683,7.025184894202736,-4.600849542044458,1.46024238269723,1.161356395728782,18.232938024449282,1030.3643342341886,0.8702761745365687,35.199999999998006,1302.491858080085,40.89999999999768,40.799999999997404,161.73647351317564,304.2971549879376,3049.0136920169953,123.35386047940237,133.22216931775458,1785941116,42.64800812298719,10.33123924552245,10.758509655379079,10.683469578045088,4.026144331265635,8.699955699827749,29.999999999999996,4.999999999999998,130.91666666666774,-4.579999999999947,-0.9164640770903211,0.0,0.0,0.0,-0.9699599204408481,-0.5745335038323627,0.0,0.0,1000079
teacher,212.0981500204856,8.363978895418107,26.58572172938181,1.7144919682409485,10.182773489658564,2.1952773712112794,4.837470933392167,0.038698117620869,387.06638800675626,1.0,True,SUCCESS,332,33.19999999999812,3,612969.797288497,1337.6551030801672,3596.152453219919,632.6690807284557,wet,0.7934841575007991,13.477557922218608,16.051139183927045,0.8568898414913386,1.2135247098345667,-14.069302697132224,997.1743755709463,0.9686036111139403,24.299999999998626,717.1806821568314,28.2999999999984,28.19999999999812,158.7327485192566,387.06638800675626,4078.718837726192,115.52447288466561,124.76643071543887,1258525138,25.77373151038569,4.908779699973554,6.275748004053546,6.826980002387584,7.196237082563699,8.107707870229675,30.0,4.999999999999998,136.16666666666745,-3.319999999999973,-2.580604384857316,0.0,-0.02008423913256373,0.0,-11.600980898971649,-0.6360312928140457,0.0,0.0,1000080
teacher,264.8830802015432,6.317976778892452,20.3163833250443,0.6294116421578221,4.830961052894301,1.2033003915457725,4.356724839599193,0.014201018718696883,250.94836775469503,1.0,True,SUCCESS,681,68.10000000000645,3,882809.0260029675,1325.9172197753603,3758.795979151706,4478.1485433460775,wet,0.7266529873426645,14.931047695749609,-11.557969904845955,0.34022254986777334,1.6088774403353427,13.5934341551092,985.8626286278096,0.8741146305515317,56.599999999997294,2482.718109605224,63.20000000000255,63.100000000006446,170.31513767839434,250.94836775469503,2051.4655614577455,146.30018725056706,158.00420223061244,1904682943,68.83772822465647,16.839276779110286,15.781435672832279,18.320757108972842,4.209877087653117,8.863475460918329,30.0,4.999999999999998,121.62499999999731,-6.809999999999899,-3.0203735137825705,0.0,-0.018530478124126316,0.0,-14.179616951934007,-0.5659491887569078,0.0,0.0,1000081
teacher,219.58603372665485,8.628832740478643,26.098471823995638,0.7508219017915055,7.17171435946397,1.5360154238711317,5.247481279404673,0.024136746735758254,320.1213136546694,1.0,True,SUCCESS,462,46.19999999999738,3,760659.7908730474,1330.2817914470504,3990.5438719613016,1664.1663562497656,wet,0.7009308121420419,24.135987720409812,14.56465734692318,0.8911078229545257,0.9877690562463672,1.1615040778635048,986.1483909784134,0.9430975051545181,36.099999999997955,1198.5198068217755,41.29999999999766,41.19999999999738,166.92949111560037,320.1213136546694,3135.7764165644453,132.95593648921965,143.59241140835724,276578785,38.49920593231542,9.341316864885327,9.240142510714156,10.9171824487953,4.994292473262407,8.608820955897524,30.0,4.999999999999998,130.75000000000108,-4.619999999999946,-3.822113395775349,0.0,-0.19947055009438533,0.0,-18.51788591464902,-0.6054575986976719,0.0,0.0,1000082
teacher,241.2908033586511,7.158878982217304,23.018936528923334,1.1625949188748472,6.081376055012276,176.42742571708885,4.26395527294078,0.025161777480633966,310.4203208184081,1.0,True,SUCCESS,495,49.49999999999719,3,659078.7596678785,1306.7434775274864,3445.4184248052693,4570.092002628498,wet,0.7415162373686387,-1.095295817482047,10.53988454929976,2.2651775625132866,1.861510363273568,12.190087272153395,1017.5452135655019,0.8697057923861354,38.899999999997796,1569.0070450997014,44.59999999999747,44.49999999999719,167.26882363655577,310.4203208184081,3286.117076426813,124.13642628495394,134.06734038775028,2126955062,49.40347985375493,10.950320962685177,10.773955466485411,11.681559105841215,3.5794285331440374,8.702038079296035,29.999999999999986,4.999999999999998,129.37500000000117,-4.949999999999939,-2.818725155511795,0.0,-0.01547949958269421,0.0,-9.725361516142465,-0.6654124713199747,0.0,0.0,1000083
teacher,226.2647667589057,2.640446166756886,5.654104901467669,0.2706771435199386,11.169098992173204,2.3077799791773916,2.8617999910838803,0.038131310362018736,381.90493766269606,1.0,True,SUCCESS,307,30.699999999998262,3,591983.0701173232,1337.221137585022,3203.6424165397393,135.902239199146,wet,0.7771726655666387,20.110459149918444,2.348016139234017,2.412230543470678,0.5514116957067225,-11.524241789118683,1033.4177094038266,0.9839014732470706,21.29999999999879,538.4645742582272,25.79999999999854,25.699999999998262,158.06665998940545,381.90493766269606,4285.1627976620075,112.03759801303642,121.00060585407934,922422283,22.157875669571567,7.693926561975732,6.5952994178813436,5.479741732946275,8.148350246612463,8.201065452325528,29.999999999999993,4.999999999999998,137.20833333333405,-3.0699999999999785,-0.23782116439768103,0.0,0.0,0.0,-0.2526908677618595,-0.6593136235817336,0.0,0.0,1000084
teacher,215.68269920379993,9.986486107986256,29.17679894103803,1.0629142294425613,10.487860413466507,1.734257921306814,5.079681361617134,0.04078609151469448,384.42290224685155,1.0,True,SUCCESS,372,37.19999999999789,3,645435.6053379662,1332.6908271220348,3937.558302904565,149.48040625252236,wet,0.8222234755604911,3.7597403709678687,15.262213362086287,3.6835112859335135,0.3285171370572695,-12.633849217622286,1002.1888130666716,0.9833666474029193,27.499999999998444,892.0282225224877,32.29999999999817,32.19999999999789,163.16282466482184,384.42290224685155,4363.179491801994,118.55667283362406,128.041206660314,1304476646,31.651755645915458,5.994520240503217,7.188496729558398,7.525048669012249,6.415601244217446,8.36789702224139,30.000000000000004,4.999999999999998,134.50000000000088,-3.7199999999999647,-4.1221693977801035,0.0,-0.06151687308106547,0.0,-12.17858773501732,-0.8783463417706232,0.0,0.0,1000085
teacher,280.2791711052422,2.704472995779084,5.699783415799773,0.28540240347586815,4.097046988827086,0.6880259081060741,1.2705986730840912,0.016662337687270323,252.8772505297361,1.0,True,SUCCESS,647,64.70000000000374,3,920076.107812172,1317.0025550434257,3615.9018063645904,2558.8764072742874,wet,0.8723427922921432,14.025216624963253,-2.431172432866142,2.350492593012555,0.9129858285703198,-0.40981095508774956,987.3444173268545,0.9198735133983357,51.99999999999705,2128.4622210199573,59.79999999999984,59.70000000000374,179.41796931038115,252.8772505297361,2222.2492572468454,145.73994076281727,157.39913602384266,1310186705,64.26150441299833,19.954755202424227,16.106646429099335,16.66085107038351,4.196533055462719,8.873448855557397,29.99999999999999,4.999999999999998,123.04166666666511,-6.4699999999999065,-0.5258078552921316,0.0,0.0,0.0,-0.16993067641055348,-0.6504960556459534,0.0,0.0,1000086
teacher,250.4992565884205,4.285468137542865,11.752474571259368,0.7141460560763316,8.486582871313855,12.816808192574085,2.422104151846221,0.02563409216587308,320.3535631896737,1.0,True,SUCCESS,459,45.8999999999974,3,740317.9300806391,1341.0485487751146,3552.9115540287235,499.0280755878962,dry,0.9872898468342559,2.2961362613193934,5.530692795627061,2.2488981789796325,1.764798636217342,13.651503763510199,1022.4911138722289,0.976971904030556,36.099999999997955,1348.5494982886366,40.99999999999768,40.8999999999974,161.44466885197974,320.3535631896737,3164.134213909823,131.56514527797825,142.0903569002165,1913021004,42.5976265445845,11.035264000957001,10.761274617960652,11.596582015597905,7.205058498398288,8.552017457495662,30.0,4.999999999999998,130.87500000000108,-4.589999999999947,-0.9366270950526515,0.0,0.0,0.0,-0.9884974768884055,-0.608441974633617,0.0,0.0,1000087
teacher,214.88691064933028,10.629939266489767,32.919012369805195,1.22865920042503,7.697611450837826,1.4985250719169703,5.426460004324501,0.027559633707541272,336.70323060817054,1.0,True,SUCCESS,417,41.69999999999764,3,653046.9475497978,1328.8007718057781,4282.807137634875,2525.3246019801377,wet,0.8924275908529433,17.62146701590155,-17.237861683723764,1.9158659118329497,0.06245017522409446,18.676244303131313,1004.7856922426116,0.9233499900213258,31.7999999999982,1011.6889620645542,36.799999999997915,36.69999999999764,158.32548907274048,336.70323060817054,3482.8808374873524,125.68473102391357,135.73950950582667,984204202,34.51492738765238,6.563220555129781,8.051349114864387,9.857983180722774,5.058203900049259,8.506481957106317,30.000000000000004,4.999999999999998,132.62500000000097,-4.1699999999999555,-5.2354632081624235,0.0,-0.07533287018122085,0.0,-15.204527545176154,-0.6049318226759238,0.0,0.0,1000088
teacher,220.8859120565321,7.196322060962445,23.441693506903476,1.370070786639057,7.428187615125516,1.6583824431869505,5.208070519058671,0.027112267137022722,324.9917066324997,1.0,True,SUCCESS,482,48.19999999999727,3,725467.3448207035,1331.8734230893795,4089.787399194374,4956.344384402805,wet,0.776569591847444,12.152405676397208,19.2980102757331,3.7215024511484143,1.099961971226284,-6.670620957623857,1010.6646477633716,0.8508155581857808,38.399999999997824,1411.4248919190024,43.299999999997546,43.19999999999727,167.22017158244924,324.9917066324997,3329.20364790522,126.51134595793467,136.63225363456945,409041910,42.88511688947984,10.066880344193805,9.957056967049935,11.967970142827895,4.8684788402097805,8.514992659444307,29.999999999999996,4.999999999999998,129.9166666666678,-4.819999999999942,-2.7734842978728556,0.0,-0.033851593888756464,0.0,-23.977319576894956,-0.6865949846847803,0.0,0.0,1000089
teacher,210.29597668701166,11.288457499810477,34.6933712318887,0.9332399793657292,6.231580410924196,1.0074229037706568,5.752290964036449,0.02461411145155498,302.6368916298338,1.0,True,SUCCESS,469,46.89999999999734,3,769508.1566500427,1323.630269911312,4245.282345772135,3523.175298814141,wet,0.6280429669060923,22.36611882193231,-17.784759047292223,3.114620381696585,0.11834392081421541,-13.990524957422,1020.7686808190604,0.8872093165017056,36.099999999997955,1198.221326472589,41.99999999999762,41.89999999999734,175.04791138904307,302.6368916298338,3112.8556272256524,127.95149442420401,138.18761397814035,956012066,39.67518657213771,9.564336837138965,8.645225649866015,9.82660922219323,4.593839623954088,8.729971756569949,30.00000000000001,4.999999999999998,130.45833333333445,-4.689999999999944,-6.640480989781982,0.0,-0.1661437215693775,0.0,-24.08863856650768,-0.612263030323824,0.0,0.0,1000090
teacher,247.32252640915715,5.767974829006265,15.904618854824587,0.667856085403676,4.812589814828361,0.34431886075515616,4.666040456045365,0.021703034672681882,286.8575914005096,1.0,True,SUCCESS,538,53.79999999999695,3,785379.8065368359,1312.7053987121874,4041.9381067173936,4534.879174505565,dry,0.9429256790578286,17.863167604185783,8.903119174422073,1.8519851720791878,0.9411922911683455,-14.187984276339423,995.2720456003211,0.8595048304843819,42.2999999999976,1567.282403888726,48.89999999999723,48.79999999999695,171.83832127752328,286.8575914005096,2688.2895400703883,130.86241355174403,141.33140663588355,1620546566,49.85628711279407,10.989913769082923,12.050057106643129,11.98851637603508,4.134016888413282,8.78414898570712,30.000000000000007,4.999999999999998,127.58333333333461,-5.37999999999993,-1.9887787879878693,0.0,-0.10328387540372097,0.0,-4.939550442694574,-0.6521340567670746,0.0,0.0,1000091
teacher,249.9688688528402,7.137984251125506,23.91201150619456,1.306333776659047,5.934344881217502,176.41744307109653,5.02333981982638,0.020607367779323964,279.35050945993316,1.0,True,SUCCESS,575,57.49999999999801,3,795788.9230497981,1328.3131202021461,3978.119190333011,3967.5862060811214,wet,0.8594270344627857,-2.5349061459663105,10.46537726132872,3.832883437668129,0.2632684574805009,2.397794308984416,991.61987673739,0.8821505457447434,46.59999999999736,1959.4833072020251,52.59999999999702,52.49999999999801,168.23803793535978,279.35050945993316,2604.2491216948906,135.90514921569743,146.77756115295324,1694248037,57.9313532732646,13.437713929862465,12.782150327434096,14.827762522849955,4.5099403331449865,8.849933566988641,30.000000000000004,4.999999999999998,126.0416666666675,-5.749999999999922,-3.2551912247062824,0.0,-0.04913764860171295,0.0,-13.772861070342698,-0.5844618237215023,0.0,0.0,1000092
teacher,238.4323396091072,3.961371763319727,13.546756004441198,0.4976835437928095,9.581192015379646,1.9623967350501232,3.862675953360713,0.03002017355155353,369.3586796771856,1.0,True,SUCCESS,400,39.99999999999773,3,576693.3751713464,1336.6227213354973,3560.994539731271,3712.3192115565384,wet,0.7858342491083369,5.40078670643423,-7.72640904410858,2.767641793655389,1.472332250262568,10.065081288597725,985.0444705689625,0.8892510938937965,30.699999999998262,1042.4543336149648,35.09999999999801,34.99999999999773,152.72725200595823,369.3586796771856,3995.346443475195,117.60076613206503,127.00882742263025,871446981,34.58567941731354,8.683971561813888,8.840166936690784,9.71242113284455,6.8468302333378475,8.263423029133834,29.999999999999993,4.999999999999998,133.33333333333428,-3.9999999999999587,-0.6974429443211931,0.0,-0.023248827541024194,0.0,-1.4552529597073796,-0.6575413037920362,0.0,0.0,1000093
teacher,228.63116513714334,8.235660078182924,24.499576982153627,1.060028884177398,9.454553458075896,176.97122901254983,4.736650935066762,0.02656745539871846,351.6061131450035,1.0,True,SUCCESS,422,42.19999999999761,3,683293.5576212058,1342.1379946385787,4262.371604723667,1068.996551801309,wet,0.7457312470752,-3.4357501061881655,-12.85962072082942,0.7524860069149959,0.5340647887957173,-3.9405317533340156,1000.1127022422496,0.9581714329660291,32.69999999999815,1158.893177237351,37.29999999999789,37.19999999999761,158.95193968983222,351.6061131450035,3630.6037888969804,124.0221482298857,133.94392008827657,226588580,38.40711783567639,6.927402218790307,8.962545999189967,9.877395882869962,7.5946741570645555,8.403275100494282,30.000000000000004,4.999999999999998,132.41666666666765,-4.2199999999999545,-3.1802903224071883,0.0,-0.020030614597836477,0.0,-10.930995677637778,-0.6065961089670224,0.0,0.0,1000094
teacher,229.13692757041872,5.1683384256665,7.806103171903898,0.4386629728834645,7.277208791919221,1.0067445648116602,1.7883395998253495,0.033135431555586695,338.66853013861623,1.0,True,SUCCESS,365,36.49999999999793,3,606100.4264755382,1310.7891332863142,4007.215445893859,1172.5799235232487,dry,0.9117768037633365,6.728558132770331,-6.191773565857471,2.758936447972549,1.0822162838327465,4.870885513106394,1020.5547883079711,0.9568708089870143,26.4999999999985,834.9916656559044,31.59999999999821,31.499999999997932,164.75855656997135,338.66853013861623,3643.1195959458387,117.40976204710013,126.80254301086815,1941703567,30.935118478148272,6.881735455910784,8.329455550515705,7.585707995844674,3.9291837961154923,8.615553108921235,30.000000000000004,4.999999999999998,134.79166666666754,-3.649999999999966,-1.0833087288900687,0.0,0.0,0.0,-1.516892227455098,-0.6812925253598344,0.0,0.0,1000095
teacher,238.68372653657624,1.6893451724974862,4.931386372063294,0.6047178760146756,7.094154560099654,1.080412682501702,1.9844864020054271,0.03395652054125772,324.3780639454129,1.0,True,SUCCESS,386,38.59999999999781,3,639866.1237993892,1309.780622495979,3242.0041462757385,521.6393463488117,wet,0.8752780878266926,4.966390294614715,-1.2630203332452172,0.9129045127279807,1.6096116492038677,7.249373788932381,1010.6062557816836,0.9757153268283496,28.199999999998404,908.4003629648823,33.69999999999809,33.59999999999781,166.6408932814885,324.3780639454129,3484.047003851591,121.71921428845967,131.45675143153645,2075017654,33.96438304180793,10.796439204924777,8.973231997751952,8.549572057654892,3.6327589459951937,8.585016447227474,30.0,4.999999999999998,133.9166666666676,-3.8599999999999617,-0.1224000472411619,0.0,0.0,0.0,-0.0021135793296029617,-0.7498281988827634,0.0,0.0,1000096
teacher,245.49956252331094,4.585010873390308,10.715953699802506,0.37786606644386855,10.342447374180715,2.915290269743395,2.103009590405563,0.021893848375243878,346.7602915229886,1.0,True,SUCCESS,444,44.39999999999748,3,693670.6710227514,1351.6306583635078,3589.262116588897,3044.445933601476,wet,0.6124913755296838,10.489137342827943,-5.698728349654482,0.012555224886423577,0.3809030749616831,2.2100273642693047,985.4007934053584,0.9048337310465867,34.79999999999803,1200.3324983867635,39.49999999999776,39.39999999999748,153.09238168459072,346.7602915229886,3479.722088998525,127.24461557595014,137.42418482202615,1621607094,38.01467591379333,9.497842652134423,10.280032161378664,10.980573317208977,8.900739380896228,8.41552765453163,29.999999999999996,4.999999999999998,131.50000000000105,-4.43999999999995,-1.0371013523159633,0.0,0.0,0.0,-1.0351440670573926,-0.5775831372601381,0.0,0.0,1000097
teacher,216.98162096198138,8.73125796745366,26.734006010286883,1.0167268491326082,4.935342580554337,14.632017112693218,5.245613344081678,0.0259605375895731,294.5302010670266,1.0,True,SUCCESS,433,43.299999999997546,3,706532.2763956247,1309.986397063524,3770.5862615376814,1367.0653624448676,wet,0.739780601034352,6.930217428841843,-15.208461462219969,1.807117873458925,1.0745446116053805,0.2774936508394745,1008.6427873200181,0.9519650100314326,32.89999999999814,1133.5336646832382,38.399999999997824,38.299999999997546,169.11074318059224,294.5302010670266,2846.2240954084223,126.5075440972292,136.62814762500756,1864622466,38.60432687936424,7.2267943956910115,9.05502647430288,9.972993956920353,3.6298837721618455,8.696721601307127,30.000000000000004,4.999999999999998,131.95833333333437,-4.329999999999952,-3.667744093955394,0.0,-0.041068920995235396,0.0,-18.509641064358263,-0.6140053717915289,0.0,0.0,1000098
teacher,229.37103071667167,9.827029737027768,29.070576062895718,0.9270161917630116,3.590414019545368,-0.23109499838196934,5.525294694298273,0.0218786328235221,264.99113799691895,1.0,True,SUCCESS,532,53.19999999999698,3,733686.9209412585,1303.874926183057,3871.110296576432,3710.9552112412925,wet,0.6771480929824366,19.56921028156657,15.139638761649989,1.2183474260622127,1.2203630309683218,24.185903937780452,992.1877833973527,0.8967104660627798,40.499999999997705,1491.0542009035637,48.29999999999726,48.19999999999698,167.28818582876877,264.99113799691895,2368.7231029334625,135.26025236533235,146.08107255455894,1661392386,49.89147307831542,11.004406380456832,10.75068909670309,12.875975420943977,3.2575460931308315,8.905631121221198,30.0,4.999999999999998,127.8333333333346,-5.319999999999931,-5.708390350743522,0.0,-0.12923497930675573,0.0,-18.34266657351414,-0.6477319038700167,0.0,0.0,1000099
teacher,223.06256722737515,7.5287894738367775,23.543710318635686,0.9285048235568355,7.567776768374716,0.4971497243743883,4.383552912046223,0.027574305473704444,356.4677007437001,1.0,True,SUCCESS,390,38.99999999999779,3,621593.2474064161,1302.0931941133026,4089.6695311841777,1784.3688043059042,dry,0.9594398898802933,12.953995747243237,-10.939192917785876,0.3259148980114679,1.5819458106890791,6.00628644649996,1032.3733755301828,0.9397118332792732,28.699999999998376,961.5114358004497,34.09999999999807,33.99999999999779,170.3079631935017,356.4677007437001,3975.070253429215,118.44714588275173,127.92291755337187,562700136,34.35876321787143,8.065595539048761,8.143958099938287,7.9495485251824896,3.792057987203009,8.522439589073729,30.000000000000004,4.999999999999998,133.7500000000009,-3.899999999999961,-2.456249074125404,0.0,-0.013728199569449717,0.0,-9.554155260121664,-0.5956631971269486,0.0,0.0,1000100
teacher,221.8406366403303,7.039212508807689,25.194805910852672,1.00743769444625,9.81411990470541,2.393374287196021,4.565446684471401,0.03148189921071767,372.1212697956789,1.0,True,SUCCESS,381,38.09999999999784,3,645757.6115528054,1340.6415300912436,3872.71503067118,2839.726651413568,wet,0.7538568172121327,18.826082690383686,-12.271417283751324,2.4849265928018665,0.8743691382992762,-12.002228693254358,985.6948325749511,0.905182179523929,28.499999999998387,845.6972512454137,33.19999999999812,33.09999999999784,154.72866707779986,372.1212697956789,3856.301950422684,119.71128304276962,129.2881856861912,1869698443,29.758660137733393,8.508064460366587,7.63885299603904,8.225478225277396,7.856025290687397,8.44676260637592,30.0,4.999999999999998,134.1250000000009,-3.8099999999999627,-2.0976383728358803,0.0,-0.03646377324503669,0.0,-11.129025437662632,-0.6450794924068344,0.0,0.0,1000101
teacher,266.2585142326574,2.0875472411481,6.848937941166735,0.5505121194463289,8.430718288340422,175.59004857597674,4.821675085405819,0.026096743472149596,316.17369132188014,1.0,True,SUCCESS,544,54.399999999996915,3,800377.8935792356,1343.7867264617203,3694.5323131825176,3201.398375398995,wet,0.8816261674386587,0.48734004019887056,-2.315196819643781,3.9478041483065733,0.9791072248940491,3.685615171637508,1021.7931800228073,0.9019462757460557,44.59999999999747,1821.834338739543,49.49999999999719,49.399999999996915,157.17147710026484,316.17369132188014,2816.134637902492,134.56619595861088,145.33149163529976,1975851683,52.90275687916219,15.134428699281152,12.963801841374305,14.091212291390125,7.046438300153284,8.541860141497109,30.000000000000007,4.999999999999998,127.33333333333462,-5.4399999999999284,-0.2634080328121804,0.0,-0.12569764217140753,0.0,-0.1686234629702111,-0.7575881155818049,0.0,0.0,1000102
teacher,283.45460953576315,2.486892356885682,5.659077469670484,0.24338265026413033,3.3017737188378686,0.021300732595880303,2.68021490870108,0.013937111804537546,245.1729942787024,1.0,True,SUCCESS,655,65.50000000000438,3,847423.9847627375,1308.9633691322492,3285.2550608656043,4378.7270522393255,wet,0.6764473081442178,10.894329200695994,-3.201898401293364,0.4518905695369355,0.5291707615831442,23.014291830825385,1028.1199568284362,0.8803291579030527,52.899999999997,2313.3239264993604,60.60000000000048,60.50000000000438,174.72748678239762,245.1729942787024,2060.4678691449435,142.53586147184166,153.938730389589,1796110325,68.3333491359902,19.306452925779446,16.289631858065086,16.99713532636729,3.647471337148959,8.80909866945949,30.000000000000004,4.999999999999998,122.70833333333151,-6.549999999999905,-0.4501038893947065,0.0,0.0,0.0,-0.05070659150603119,-0.5860525694781133,0.0,0.0,1000103
teacher,249.90496192893713,3.158151730025567,6.304569134080643,0.13943661545119035,7.674142652319993,176.54221719264365,4.993282146806562,0.026060054070842453,325.0947393236429,1.0,True,SUCCESS,456,45.599999999997415,3,743093.7897225863,1331.6643014608399,3349.935316976363,1237.0545901864677,wet,0.6737814065789162,2.039989295386272,-0.1850133979247537,1.5804767297335998,0.07535104665609094,-6.287284696627292,1000.4384464028769,0.9537372292200984,35.69999999999798,1336.6552432710596,40.699999999997694,40.599999999997415,165.53049205432836,325.0947393236429,3236.585644380752,128.77935103645828,139.08169911937495,1581373009,42.48902035821088,11.536868479656857,10.681303495820867,10.860745096150016,5.630521569862904,8.602982179811812,30.000000000000004,4.999999999999998,131.00000000000108,-4.559999999999947,-0.5053453990597503,0.0,-0.1371105179912543,0.0,0.0,-0.6940233335263908,0.0,0.0,1000104
teacher,225.7121142399402,10.75646366522012,37.83589774141875,0.9485082522140552,5.123652328517184,1.073364316239911,6.009967458042498,0.01939801461176893,247.4620476548996,1.0,True,SUCCESS,596,59.59999999999968,3,863964.275325366,1323.3213313027325,4335.083683159804,1765.1271857867112,wet,0.6636987160658233,12.455977072178186,19.078225784949375,2.9844303347557766,1.1448671836881696,17.32102868189053,998.7765608837564,0.9453242301241422,47.5999999999973,1940.9599065160112,54.6999999999969,54.59999999999968,173.44556615735266,247.4620476548996,2199.5345235660843,144.6770092290591,156.25116996738385,1040377640,58.498267712212545,12.846311835780194,12.133193973301085,15.320631066944964,4.032495126425425,8.790555578501257,29.999999999999996,4.999999999999998,125.1666666666668,-5.959999999999917,-7.662011145155071,0.0,-0.25033794031664186,0.0,-31.63196804714222,-0.5716905872783343,0.0,0.0,1000105
teacher,240.78653915715444,8.004331390580735,26.51972659576343,0.914611910870361,8.038077554214212,175.36287997441113,5.123496997824626,0.02335058865722039,307.8186947411013,1.0,True,SUCCESS,541,54.09999999999693,3,802261.8674721287,1342.5362505852825,4181.060268758942,61.041486637921636,wet,0.7704219341958494,-1.2753902890777704,13.716148815434785,0.7798561067448699,0.8548384071607793,23.461157802164912,986.787071991773,0.9897375598159851,43.79999999999752,1838.8554229196832,49.19999999999721,49.09999999999693,163.8542867783568,307.8186947411013,2949.9086972569917,141.66208734225415,152.99505432963448,1474746226,54.05691544961324,10.416598901413844,11.939219429434582,15.030973545811282,6.223700709820079,8.618651957411844,29.999999999999993,4.999999999999998,127.45833333333461,-5.409999999999929,-3.851278074059749,0.0,-0.09314425374799956,0.0,-17.91535117889287,-0.6880806629845619,0.0,0.0,1000106
teacher,253.64302071022533,11.135405293833958,33.6434309791197,0.78837949768981,2.944994781959508,175.73365391624196,5.547703066268319,0.016685443456837066,249.81299615941134,1.0,True,SUCCESS,736,73.60000000001082,3,838331.5694438561,1305.13198140215,3861.2751458303546,4835.591285817676,wet,0.899771679249666,-3.0960134945031847,-17.30602469203761,2.0518233574732068,0.40538252208084513,21.582042856217555,999.3901486366689,0.868471632378657,60.40000000000032,2940.6035023745308,68.70000000000692,68.60000000001082,176.2955750074221,249.81299615941134,2074.9210769627857,143.4611256196073,154.93801566917588,651865655,84.76017970728516,17.915426491569598,15.459069655996279,19.465916453229877,3.9206987276647434,8.869203293784453,29.99999999999999,4.999999999999998,119.33333333332882,-7.3599999999998875,-10.140219642071981,0.0,-0.28468773150409177,0.0,-32.641341845236994,-0.6545577338205057,0.0,0.0,1000107
teacher,236.25914604704644,4.781073084301248,13.666100079673791,0.6615629962385104,6.8216752797568265,0.26363524967317054,2.5250813853303167,0.02560971083160577,341.09123329646445,1.0,True,SUCCESS,419,41.899999999997625,3,625086.0730239538,1317.7170379982913,3438.0389477221,3757.733120820478,dry,0.9595152147351497,19.04128951313889,-6.201630298119869,2.8341164149816516,0.8840474551195814,11.789002547700484,1003.5760633871018,0.889441167354736,31.899999999998194,1054.6467401236223,36.999999999997904,36.899999999997625,158.08814355388873,341.09123329646445,3402.6574673085306,121.64997470060908,131.38197267665782,1901189956,35.14206337775225,9.149352827122767,9.510449235427979,9.122308331313478,4.0578914003624975,8.578970437883834,30.0,4.999999999999998,132.54166666666765,-4.189999999999955,-1.0641976079870121,0.0,0.0,0.0,-0.9751108761342412,-0.6142477453628301,0.0,0.0,1000108
teacher,237.40385388063942,3.7896870570242145,10.113690478006111,0.4780431719700285,7.00970375976093,1.0455118280709286,4.346608661922187,0.026536421286517602,320.49960443511486,1.0,True,SUCCESS,422,42.19999999999761,3,723093.5893667047,1324.5597646490648,3831.0601602941015,1021.5508707518811,wet,0.6688644869197894,18.42526321370479,-5.159839404943272,1.1907457051122647,0.5560707782884893,4.5380175675279055,1031.0422275874428,0.9615630596398879,32.09999999999818,1043.8046004226085,37.29999999999789,37.19999999999761,166.81136796249905,320.49960443511486,3215.1939909658126,127.51529737325092,137.716521163111,1576244045,35.38156892300033,9.068076793900694,9.516601608220752,9.37379246073406,4.6302221462217545,8.585017512519228,30.0,4.999999999999998,132.41666666666765,-4.2199999999999545,-0.673405467983848,0.0,-0.060061354169210025,0.0,-0.9769966827842682,-0.6376287256878097,0.0,0.0,1000109
teacher,227.82196346619446,8.773123635916761,27.447035539866736,1.1463408431524755,4.312822070082991,0.5792132841396279,5.15536966819237,0.02105973301783787,267.3730425103886,1.0,True,SUCCESS,523,52.299999999997034,3,768149.7694639111,1311.1898374024825,3331.225427491715,4313.125009541816,wet,0.6484244185008768,20.227386398023448,14.488016086530235,0.4719089769700382,1.3254694214035434,-4.851114246368628,990.1640196967763,0.8703159827412517,40.99999999999768,1470.2579535973032,47.39999999999731,47.299999999997034,169.65214256979561,267.3730425103886,2445.1636343068612,131.9448981310646,142.50048998154978,779903972,46.75732746295208,11.523689987998846,10.575317054542383,12.15583609541315,3.787841787373237,8.817887271808793,30.000000000000007,4.999999999999998,128.20833333333456,-5.229999999999933,-4.472678469683949,0.0,-0.09303847325416519,0.0,-18.59322437404936,-0.6153282102412412,0.0,0.0,1000110
teacher,246.7610257536382,4.860675801973299,14.337534876482522,0.5100960957691236,4.98782621794503,0.3229447882426888,3.5097504153693366,0.020124439495288984,286.21725182055764,1.0,True,SUCCESS,498,49.799999999997176,3,765922.4447263839,1314.2839853916248,3986.8295878787994,581.0166252087872,wet,0.653091973646153,21.2892488993037,-7.317806344607569,0.1803232392487839,0.4826420744594748,20.012054334758503,990.9346713849951,0.9761697063592856,38.7999999999978,1366.1202291263035,44.899999999997455,44.799999999997176,170.40250760486563,286.21725182055764,2685.9820155991274,137.35999099503792,148.34879027464098,476412161,44.16984199210943,12.092462949724135,11.354443373598702,12.257633013910155,3.607224783920434,8.793017630561243,29.999999999999996,4.999999999999998,129.25000000000117,-4.979999999999938,-1.3073146986045119,0.0,-0.008320034212829333,0.0,-2.858566560156631,-0.6093966972132143,0.0,0.0,1000111
teacher,248.7292809362694,8.158900263697523,27.796502735268543,0.9029543175847526,6.233358095738712,1.206019977223757,5.214128781173205,0.022457225724353446,295.0222853633177,1.0,True,SUCCESS,552,55.19999999999687,3,756031.125397413,1327.5534010519923,3841.8721676722835,4947.768933809054,wet,0.7566331857852588,3.4244033412414776,-12.65580796556847,2.126841154336033,0.13442986973123205,14.081779747614895,1026.027737962736,0.8614298797384573,44.699999999997466,1841.4760045985176,50.29999999999715,50.19999999999687,165.34904183527806,295.0222853633177,2876.877592479603,132.81928511250206,143.44482792150222,1979288597,54.84709631538291,13.158313545929513,11.706319108072112,14.289352134281618,4.5422176306369115,8.756984045988073,29.999999999999996,4.999999999999998,127.00000000000131,-5.519999999999927,-4.0828160821284305,0.0,-0.1398295892671649,0.0,-10.11642428836858,-0.7119318842590274,0.0,0.0,1000112
teacher,260.87055845835323,5.242665778042504,18.507607624191852,0.6067025762792784,4.87750621147071,3.4757505107468702,3.7442957740548826,0.018137641707226464,290.23579819822135,1.0,True,SUCCESS,553,55.299999999996864,3,748342.003110345,1314.7932715080753,3470.6451305030237,4230.061602027344,dry,0.9421575069518925,5.881631135713125,-6.73133514442299,2.3963605279938327,1.0209312252979912,13.297129016241513,994.3350559690996,0.8792584675953685,44.699999999997466,1855.0775115474773,50.39999999999714,50.299999999996864,166.92811213726787,290.23579819822135,2667.897709217393,134.05717052281346,144.78174416463855,2140010421,54.93785208503254,14.37408781076429,13.001605012013036,14.400294788184182,3.5889910821974143,8.780792538861832,30.000000000000004,4.999999999999998,126.95833333333464,-5.5299999999999265,-1.6888340096136305,0.0,-0.0020826198546755005,0.0,-2.3810576573462203,-0.5694239052203313,0.0,0.0,1000113
teacher,290.05667679221796,1.1679913061051261,3.3533139817338693,0.6623586763278663,3.3456304491643483,-0.1257575110830542,3.173959370018161,0.017670607464457717,259.66858218442235,1.0,True,SUCCESS,688,68.800000000007,3,918590.2847708084,1307.4997914557212,4114.382576638164,1982.9226056274051,wet,0.601839011413098,12.283353145387267,5.878784075319179,3.2072275207414793,0.847014502091783,9.863652061914113,987.4071096681706,0.9377836471396925,55.69999999999684,2468.612616116612,63.900000000003104,63.800000000007,184.2442371231837,259.66858218442235,2321.1359960123373,148.19435674652345,160.04990528624535,1678562473,72.49553856481566,22.51777505756899,17.258399527890788,18.202486829589038,3.8209273155934906,8.887215349649841,30.000000000000004,4.999999999999998,121.33333333333042,-6.879999999999898,-0.1042857932780406,0.0,-0.0008820810619647439,0.0,-1.8605080164884737,-0.6133232953921203,0.0,0.0,1000114
teacher,251.542612702415,4.33073622295191,7.347108432284264,0.3764759433883166,6.498491121703554,1.2613549388732705,2.72801370018928,0.022877782152172423,288.43313030665377,1.0,True,SUCCESS,515,51.49999999999708,3,749641.2448401911,1331.008221904367,3728.5562630205964,4545.466617540576,wet,0.8814929808146941,24.926684927674145,-2.0449803957675905,2.6038591287942627,1.9616608724916322,12.205439581247862,988.7049156599419,0.8708969212682167,40.699999999997694,1406.6020877680376,46.59999999999736,46.49999999999708,158.69714139965188,288.43313030665377,2588.3748044761096,134.31110678522757,145.05599532804578,925513863,44.14211368533601,12.190962717983194,12.169592523614579,12.846967946369546,4.789800015595937,8.803235573837103,30.00000000000001,4.999999999999998,128.54166666666788,-5.149999999999935,-1.073218584431747,0.0,0.0,0.0,-0.0687251530425922,-0.6497826895149933,0.0,0.0,1000115
teacher,232.57759671627025,10.420165840703554,30.13908998119446,0.9786228051192298,4.300731740145337,178.1748558875522,6.12349291324281,0.02456500777007996,282.39186983223135,1.0,True,SUCCESS,548,54.79999999999689,3,794543.8928367787,1309.6295622132411,4277.61412154599,2755.717761346995,wet,0.7026877215279277,0.4400265663124969,-15.164184197394228,3.881939257792353,1.490257986577294,2.460220279043561,1011.0647739842286,0.9144705831317879,43.499999999997534,1776.7698408236074,49.89999999999717,49.79999999999689,175.45131101170725,282.39186983223135,2724.367179797236,134.50105353433602,145.26113781708293,9402869,55.06537360219344,10.912013197033374,11.151996185738694,13.111826608256756,3.706186379900971,8.834356921291922,30.0,4.999999999999998,127.16666666666796,-5.479999999999928,-6.611306796552813,0.0,-0.1941043714862667,0.0,-19.371396912121995,-0.7140147646519973,0.0,0.0,1000116
teacher,242.06457527317684,3.7374573007210574,7.297900764484472,0.42930667374885306,9.522052794013401,2.2822688123731067,4.2506283140540555,0.02950408454946038,349.66740218057726,1.0,True,SUCCESS,405,40.499999999997705,3,667799.5102790443,1344.0117266243547,4227.322633825301,1119.9978294498542,wet,0.6414526461260436,18.098359165625425,-2.0862630932918558,3.494296426808804,0.459569403824976,24.56299633034883,1028.3102195710137,0.960632631383657,30.999999999998245,998.2151162367732,35.59999999999798,35.499999999997705,161.20431765260668,349.66740218057726,3764.684610695586,126.83371836233555,136.9804158313224,756436368,33.28540319049223,11.248956074860427,9.106705724846428,9.788083452942224,7.771748452986208,8.426292852792939,30.000000000000004,4.999999999999998,133.12500000000097,-4.049999999999958,-0.6285864183620915,0.0,-0.05780378980163692,0.0,-0.2743039600517601,-0.6769203075291546,0.0,0.0,1000117
teacher,252.68764796803097,4.8685239869731385,11.750925374210077,0.3666381116994076,8.101844954582582,1.9080550070536053,4.203328076495467,0.02482695692874911,329.6595776325412,1.0,True,SUCCESS,499,49.89999999999717,3,772802.3003579437,1339.043135530577,3802.7881388887836,1940.6849128437775,wet,0.8939959222148065,4.605038862047591,-4.425955475483844,2.312286515250203,0.9271219552863101,-2.219274830198259,985.0257087699688,0.9344163158190826,40.09999999999773,1590.7071027287802,44.99999999999745,44.89999999999717,165.53947696481944,329.6595776325412,3295.8068693673536,133.30352087349118,143.96780254337048,1740730675,47.72306394584935,9.929047712863905,11.612737122152629,12.397492069290323,6.127292653441019,8.474676206476389,30.0,4.999999999999998,129.2083333333345,-4.989999999999938,-1.3141733755616292,0.0,-0.04541248423808781,0.0,-0.7659819470110459,-0.669427268566546,0.0,0.0,1000118
teacher,279.4505654590512,2.7427926277155668,9.092567491730339,0.3815632578490247,7.545543534582954,2.1462405891193654,1.7685788580941548,0.016424596632286514,284.2436471775288,1.0,True,SUCCESS,632,63.20000000000255,3,904583.6745744735,1345.4144139535708,4123.88677507437,1378.08442787283,wet,0.7342620882973162,8.367614493406752,-6.547144220985459,1.2087070764477583,1.156924455437262,18.97201104609099,990.5672575269784,0.9548561334797351,53.19999999999698,2337.562400974866,58.29999999999865,58.20000000000255,168.36069702428705,284.2436471775288,2528.103238845268,149.05228805220892,160.97647109638564,1828153888,63.36013911496693,17.782823791128894,15.626983554708742,18.189344713481724,6.156384104169092,8.657385707911553,30.0,4.999999999999998,123.6666666666656,-6.31999999999991,-0.5282755559941494,0.0,0.0,0.0,-1.5824164592613632,-0.5584701787258999,0.0,0.0,1000119
teacher,254.0558324465153,7.658629510306627,26.23551574474967,1.0680924722296086,5.992217101644864,176.39373198185845,5.116678093290154,0.019573950536173973,283.1400628025913,1.0,True,SUCCESS,600,60.0,3,835526.9572744765,1329.1221797205985,3460.3106936210197,2460.3297266029,wet,0.7311462918364429,-4.394899345582573,-14.16409406048591,3.922559571629855,0.6818571727703022,14.122343580859614,1010.2731913104908,0.9253860197640336,49.299999999997205,2210.5509846444065,55.099999999996875,55.0,170.39958324047882,283.1400628025913,2622.649987364549,140.72161564863742,151.97934490052842,2124811579,63.48790791011016,15.188366387256538,13.432025334735808,16.538025400519928,4.271992282008179,8.812906706251004,30.000000000000007,4.999999999999998,125.0,-5.9999999999999165,-3.910307065075968,0.0,-0.05894659712836476,0.0,-17.10678239977301,-0.5993555123892158,0.0,0.0,1000120
teacher,244.18121889969632,5.488521581200304,12.439470943868919,0.4826626634363395,7.930986867538556,1.6198083504242808,4.559770435255603,0.025043985448946,326.3061388232227,1.0,True,SUCCESS,463,46.299999999997375,3,737240.6277320712,1334.9882396329242,3231.8734733783353,1667.3366040801707,dry,0.9956342221002628,3.080005019662874,-6.624798610667611,0.15351191996500502,0.6291807230543027,3.487549476656021,1021.0688373873664,0.9432875787851094,36.39999999999794,1345.497812037262,41.399999999997654,41.299999999997375,163.74749929441398,326.3061388232227,3226.29737881283,129.1515511472905,139.48367523907373,821572590,42.70802291558257,8.618469663440086,10.617570567735955,11.138717279864974,5.862635960076177,8.563276846608016,30.0,4.999999999999998,130.70833333333442,-4.629999999999946,-1.549705712800064,0.0,-0.08082176051991857,0.0,-2.119142016272467,-0.6561381773534625,0.0,0.0,1000121
teacher,251.64215662080528,5.209021771156577,16.055744287232024,1.1127193850058004,9.221471895834956,178.3979269005796,3.009533586397418,0.022557696385601185,318.9362667291764,1.0,True,SUCCESS,503,50.29999999999715,3,768940.8823621165,1350.9091273105764,4043.709094071452,331.27870679707627,wet,0.7161790810440289,-1.179895095999365,-7.747526425706535,0.07341563372631299,1.775545578372271,21.515088133032158,1003.5077972446987,0.9820944413883329,40.79999999999769,1616.5666791606816,45.399999999997426,45.29999999999715,159.15482644473795,318.9362667291764,3050.477046367209,137.09859689277326,148.06648464419513,882140549,48.09950996435958,12.308407455866663,11.517419354190466,13.609736036515521,7.863040051346095,8.498349804621029,30.0,4.999999999999998,129.04166666666785,-5.029999999999937,-1.5164839588476395,0.0,-1.1193394728475832e-07,0.0,-7.17423624533657,-0.5752523966439014,0.0,0.0,1000122
teacher,234.2827169423549,6.362308572149155,21.718814798414265,0.8397735445825214,8.032156893607677,1.8834999947707074,4.234248821914152,0.02350148359573642,319.6337173845959,1.0,True,SUCCESS,463,46.299999999997375,3,761523.0212984593,1338.2706743416159,3527.9389408957336,2276.4033643850103,wet,0.86329062214264,15.581065156992537,11.173065252434892,2.3095584964578917,0.968695573371452,1.9028527245940126,1018.5463438675519,0.9263600695889944,36.69999999999792,1266.7987192641438,41.399999999997654,41.299999999997375,164.73332200773433,319.6337173845959,3199.8036829170464,131.06613089124485,141.55142136254446,1001882786,39.605489886245685,10.57943376695228,10.051186389107926,10.834582492763685,6.1977080766888575,8.415831927950205,30.0,4.999999999999998,130.70833333333442,-4.629999999999946,-2.0824181422259254,0.0,-0.012995272490845797,0.0,-9.782626999326654,-0.6018085166448166,0.0,0.0,1000123
teacher,217.49573142545012,9.768713759222138,32.216476654252084,1.8301394890197835,11.067048611511057,2.623299738129868,4.7227436774797935,0.03467077202026263,378.75476512277646,1.0,True,SUCCESS,374,37.39999999999788,3,616456.7951130389,1347.3056344957067,3606.116439726942,526.9580742883006,wet,0.6734337699953024,15.811787516913856,13.750160404051874,3.986641294872079,0.9919640332246302,19.495829190071746,990.5476080768846,0.9750589275429385,28.399999999998393,891.736321322251,32.49999999999816,32.39999999999788,151.28645627993475,378.75476512277646,3965.1527513909873,123.15156871093951,133.00369420781468,717121042,30.1350155090259,6.058201473634194,7.305370362831952,8.911964942159253,7.850997749103768,8.06586374574468,29.999999999999993,4.999999999999998,134.41666666666754,-3.7399999999999642,-3.96555393584404,0.0,-0.03440518368668776,0.0,-11.889348990979634,-0.6190409132068103,0.0,0.0,1000124
teacher,238.86227675842008,5.630039925435818,8.853143959919525,0.4126591980291962,11.184779881868483,2.603495981042094,4.606806237013316,0.029521300472658246,370.3058843668432,1.0,True,SUCCESS,411,41.09999999999767,3,653949.7428205609,1350.4952910422787,3960.7439998195614,4601.052760857601,dry,0.9577582807293703,9.665594245178008,-4.832599362580066,0.8457273142920072,1.5594040953133919,-13.732177687072653,1010.2625961824241,0.8556118871799515,31.699999999998205,1065.106126173565,36.19999999999795,36.09999999999767,152.2935310812468,370.3058843668432,3847.31056044609,118.62111273128272,128.11080174978534,380894870,34.503689573815706,7.163577134918657,9.12950223825014,9.335632524879427,9.16637804887385,8.351774973252931,29.999999999999996,4.999999999999998,132.87500000000097,-4.109999999999957,-1.4475122966647287,0.0,-0.08451084558708194,0.0,-0.35762418811961577,-0.6636304052002016,0.0,0.0,1000125
teacher,212.12310811956866,10.634509960707923,31.432242461905417,0.9821131548569302,11.924866616015924,1.6402503003918134,5.6046358635751385,0.03673995313161582,419.0902216053223,1.0,True,SUCCESS,340,33.999999999998074,3,581827.2926292497,1341.9270725167335,3514.9012273397907,1087.8720450735252,wet,0.6081561769308556,13.91912291956612,-17.6448050633185,3.1288396428401226,0.8249806108055211,8.473703593946457,1020.975768853633,0.9574950572068038,25.199999999998575,751.6752348888575,29.099999999998353,28.999999999998074,153.4905352330938,419.0902216053223,4570.007971911178,115.71590093820451,124.97317301326088,310278833,26.637773163345976,4.133491273360769,6.6379666310129455,7.31476622656996,7.514873850667886,8.054562442568532,30.000000000000004,4.999999999999998,135.83333333333414,-3.3999999999999715,-4.272394746166072,0.0,-0.06777392825542045,0.0,-10.570685235101903,-0.6928048917681926,0.0,0.0,1000126
teacher,239.89758023389192,6.972121040800555,25.159859355128013,0.854709604225928,6.463419435620505,174.77039834287683,4.792989437455673,0.020080212589971,281.84874027729427,1.0,True,SUCCESS,567,56.699999999997374,3,886156.4227965204,1332.8316471674643,3616.2744803175374,1009.2076151444456,dry,0.9062684224733262,3.7890036084426058,13.70212734357837,3.300066028848925,0.8423423525770051,8.868351674552997,1023.0501951164674,0.9635429475272977,45.8999999999974,1928.8796207552496,51.79999999999706,51.699999999997374,171.25287732471008,281.84874027729427,2474.55152898881,142.75757186331228,154.17817761237728,731647804,56.616035292594205,14.06529494194496,12.780103658630848,14.744795622371885,4.918828200710282,8.754000886935147,29.999999999999996,4.999999999999998,126.3750000000011,-5.6699999999999235,-3.0624597238771516,0.0,-0.038112053274331106,0.0,-23.967615542524,-0.6182910496211982,0.0,0.0,1000127
teacher,236.42817156794916,5.0121996759017025,15.552599423573302,0.8559823422791476,8.820467937867036,168.1878880862458,3.4412966955529076,0.02654706041616091,367.8776687248769,1.0,True,SUCCESS,412,41.199999999997665,3,657445.3178491165,1332.861243884443,4104.609023629397,3740.3556317747016,wet,0.7534974274207222,5.17217853434537,14.548032934429237,3.9994885410696592,1.8781063433095495,-8.62055593601764,1027.3253727273436,0.8814904397814579,32.09999999999818,1130.746010778607,36.299999999997944,36.199999999997665,157.0546990592258,367.8776687248769,3717.191947257078,119.03930394881995,128.56244826472556,1053327028,36.01356925073697,9.222241492155879,9.045856009728427,9.835413761892028,6.031901023133794,8.27768984957812,29.999999999999996,4.999999999999998,132.8333333333343,-4.119999999999957,-1.1500359981707735,0.0,-0.000724262356744521,0.0,-3.9875158163379645,-0.5735570757449815,0.0,0.0,1000128
teacher,207.55741736474704,10.5218706679461,33.11349505488006,1.445733647900343,8.559245781599152,0.3739569964286025,5.593227195272134,0.03348461892724168,364.19067780407113,1.0,True,SUCCESS,341,34.09999999999807,3,574394.4464872763,1309.1954569125949,3542.8629268668674,2005.3537245052332,wet,0.7526728910491859,19.3340403195912,17.25152651869592,0.7309970054403614,1.84504380195188,-2.84835135408561,1007.7511677917968,0.931455529231099,24.59999999999861,714.9220003823473,29.199999999998347,29.09999999999807,161.06301397091042,364.19067780407113,4092.135309652076,113.49621774658551,122.57591516631237,1214132387,26.699387674369394,6.302239354288202,6.2224415202095456,6.8378643927181475,4.160524198044908,8.421441889356371,29.999999999999996,4.999999999999998,135.79166666666748,-3.4099999999999713,-4.194669884707523,0.0,-0.08030438525350043,0.0,-13.594149839541235,-0.5990242214047278,0.0,0.0,1000129
teacher,269.55972466478283,1.5855740837019154,3.9792335006864725,0.2938742898263327,4.072587451088197,167.51046995083374,4.250119648641739,0.02007823759248005,282.0539534938389,1.0,True,SUCCESS,557,55.69999999999684,3,743004.1975111358,1304.3298597063144,3922.0192606853375,3240.023153980413,wet,0.6430003689028205,-1.3817995928122908,1.6710219250052005,1.536885727944727,1.493274655196019,11.494959937115862,996.7909618711755,0.9042788934394315,44.0999999999975,1858.153967739953,50.79999999999712,50.69999999999684,170.15563571902655,282.0539534938389,2570.693003946102,133.01415617566815,143.6552886697216,211675536,57.99648110355578,16.64527875698824,13.57710972831939,13.672147784560185,3.5152100180125414,8.857024389109794,29.999999999999996,4.999999999999998,126.79166666666798,-5.569999999999926,-0.1555914624914771,0.0,-0.055434491400346196,0.0,-0.08423942244828238,-0.6299284060912375,0.0,0.0,1000130
teacher,216.25973621600872,10.434621651300693,35.15346910694168,1.6265246741067785,10.078221671482362,178.1787863096259,6.5299120334657035,0.027509811460714902,336.78833828960796,1.0,True,SUCCESS,413,41.29999999999766,3,576681.2216897232,1347.3890013825746,4459.878155397204,4715.096257048709,dry,0.9306869706102079,-4.259715278637022,18.248289107056774,3.4258968085838215,1.822523568033629,23.16448028309354,1001.45476411745,0.8698566022440815,31.59999999999821,1109.5070199490813,36.39999999999794,36.29999999999766,147.26406662991926,336.78833828960796,3600.5332813623627,119.16608854160718,128.69937562493575,822080326,37.5112377187449,8.124347018808399,7.816457958475951,10.178170563648628,8.933562440173864,8.45404849418339,30.000000000000004,4.999999999999998,132.79166666666765,-4.129999999999956,-4.996443208821401,0.0,-0.14948607138422007,0.0,-22.696666493549152,-0.5771588709393335,0.0,0.0,1000131
teacher,273.5101659213047,3.6590965324176037,6.530717378518016,0.3538432248354426,4.891559552107365,175.90798435569232,3.2580259440457806,0.028487977966217454,277.2838425314967,1.0,True,SUCCESS,602,60.20000000000016,3,879179.3988833585,1308.525669468985,3428.538564672995,1560.643790152339,dry,0.986844754894701,-4.4524104455533315,-5.036387202217947,3.1700622648010772,0.3741423026570161,-12.012213174447592,997.0767102724174,0.944758089610334,47.899999999997284,2145.0095029006097,55.299999999996864,55.20000000000016,193.0292178448784,277.2838425314967,2876.3868340978656,138.87950904269366,149.98986976610917,1753183373,66.07193938581925,15.050394929375113,14.900040207174433,13.784607480153461,4.180735782411904,8.889109960182948,30.0,4.999999999999998,124.9166666666666,-6.019999999999916,-0.8955744927774888,0.0,-0.001726658279046102,0.0,-1.3418553320356805,-1.0241720073870955,0.0,0.0,1000132
teacher,242.03017652021634,1.6633425102134685,5.335597160615338,0.2850505488772092,9.743833159066304,1.7572928003700075,1.4170736199409628,0.026720243582197555,364.7990729117439,1.0,True,SUCCESS,389,38.899999999997796,3,640961.4375783579,1341.2278204218567,3214.4782445390774,1289.2428900774717,wet,0.8561833873317704,6.498679876528154,-3.7048039386921783,2.3202400727419126,0.3690437300946705,3.98112222781117,1001.2153970898497,0.9527667330401981,29.599999999998325,1000.6128878097416,33.999999999998074,33.899999999997796,157.21575644297604,364.7990729117439,3833.4265716508307,121.71438014331903,131.45153055478457,1305580699,33.215857835725046,11.270442073027674,9.077889251925763,8.764721547120153,7.359096858997146,8.310903571793546,30.0,4.999999999999998,133.7916666666676,-3.889999999999961,-0.11958328123824236,0.0,0.0,0.0,-0.14310182889949036,-0.6077161749028755,0.0,0.0,1000133
teacher,219.91616631808103,12.839622054311915,42.03361075455544,1.4116406020905827,4.9159882581731456,4.54159315448739,5.708153762724162,0.025716149066184066,296.0463746485857,1.0,True,SUCCESS,477,47.699999999997296,3,684920.6430103332,1302.648520634837,4200.335606476912,3156.5034218234687,wet,0.8043258815317643,2.1253635499979007,19.979248191373927,1.3194816464837769,1.2249652871889392,10.548921154050358,1018.5666125678172,0.9057890256746427,36.69999999999792,1405.0518262920393,42.799999999997574,42.699999999997296,166.64240700063502,296.0463746485857,2802.0802205031005,126.13715282960638,136.22812505597489,967792731,46.50236098724162,10.145799777679562,8.985114627280161,11.089451108262905,3.541207547760406,8.79959284698995,30.0,4.999999999999998,130.12500000000114,-4.769999999999943,-8.737362408371368,0.0,-0.20656190205828226,0.0,-19.856053434044284,-0.7023828326609353,0.0,0.0,1000134
teacher,211.106674409508,10.297430002528191,32.16654261455132,1.380245047582813,8.52604793121444,0.7399481747099895,5.618552450205002,0.03144585541229492,351.85425280487834,1.0,True,SUCCESS,381,38.09999999999784,3,610685.7003487819,1321.121366746464,3728.604794561069,770.0669022346291,dry,0.9339137449799552,2.236285489945743,17.525471671773392,0.445093642953565,0.7706617853892024,2.7393671923947274,985.7002131863413,0.9675090167076371,28.499999999998387,952.0967572153967,33.19999999999812,33.09999999999784,160.33196803101967,351.85425280487834,3752.1142087414933,119.48163606797688,129.04016695341502,424956394,33.729857064638885,5.842388983487514,7.447993771405703,8.506213696940904,4.682991101047951,8.478722646927148,29.999999999999993,4.999999999999998,134.1250000000009,-3.8099999999999627,-4.488902403811635,0.0,-0.08285653545448511,0.0,-17.688807394367167,-0.6359265213077006,0.0,0.0,1000135
teacher,235.33018174071444,8.01220557629399,27.222512715134712,0.8362808843498746,8.649256575862873,3.66542965715813,5.613820253123195,0.019031919707391983,308.0529068289952,1.0,True,SUCCESS,549,54.899999999996886,3,851821.1475176841,1351.3051018455142,3616.013837103258,3773.6690234862854,wet,0.6508725466907599,7.971198627268073,15.54024711400917,1.6952234096480825,1.0928630381762088,-11.210552703269535,1001.6915399753084,0.8812073230457401,44.99999999999745,1812.005921696144,49.999999999997165,49.899999999996886,164.17771771015276,308.0529068289952,2887.966140382317,136.58418127471097,147.51091577668785,1950180528,51.96660050745682,12.411612078066145,11.525373961265348,14.224303564390542,8.533290740885501,8.584625048923794,30.000000000000004,4.999999999999998,127.1250000000013,-5.489999999999927,-3.9159217300045888,0.0,-0.07229342807456621,0.0,-24.00045515454705,-0.5619538476489395,0.0,0.0,1000136
teacher,295.5458419188409,1.8641675927217523,5.077486249143737,0.24633925906072177,4.564950470984854,175.98658125779502,4.667733847525238,0.018529476527319056,260.44702387529424,1.0,True,SUCCESS,697,69.70000000000772,3,896686.520379773,1320.7044096549296,3251.330466602669,2535.885552641893,wet,0.7602417060675353,-3.0411283180625484,3.7089520197094106,2.5565584189715476,0.4792501491693706,16.958055344677,997.5089081619067,0.9246919026705339,57.99999999999841,2778.4742011038616,64.80000000000382,64.70000000000772,177.78112104416056,260.44702387529424,2300.72987017911,147.3973085061656,159.18909318665885,1517683096,77.50624660955481,20.87175454542591,17.422201449836617,19.36480239650905,3.9084239107810377,8.815231923100898,29.999999999999996,4.999999999999998,120.95833333333012,-6.969999999999896,-0.2691288007985056,0.0,-0.10690785976766967,0.0,-0.23709271615635671,-0.7180228729752481,0.0,0.0,1000137
teacher,219.4850854731774,10.929086438574654,35.030235978056766,1.0778478958873152,8.33629565533416,2.3539003594686414,5.535186662904447,0.028096368842859428,319.94917230618375,1.0,True,SUCCESS,503,50.29999999999715,3,719534.5244605563,1342.146583397805,3521.1734701691776,3993.193437376603,wet,0.7298632190542458,10.449208480081795,-18.51425936925552,2.4083134792609564,1.6405241817785114,18.143649526769792,999.6098245609672,0.8862463508118258,39.89999999999774,1476.9393307774144,45.399999999997426,45.29999999999715,154.43894765922252,319.94917230618375,3096.519895981238,132.1540095015374,142.7263302616604,656383725,45.17549352741525,7.720965865763158,10.197635703527405,13.079612564165748,6.381428647751767,8.505272723891036,29.999999999999996,4.999999999999998,129.04166666666785,-5.029999999999937,-6.675644442451523,0.0,-0.16762406683696954,0.0,-22.974355635938306,-0.7693660807781048,0.0,0.0,1000138
teacher,225.3986588257202,6.406489238782317,20.27834055276779,0.8024898281822997,8.114901278204119,-0.013640625359731795,3.956813313783858,0.02843739003458389,351.9328196436477,1.0,True,SUCCESS,377,37.699999999997864,3,639656.6329863559,1311.389277415995,3774.6147906606234,1321.82018958235,wet,0.6230103125442984,6.252970296906701,-11.00353865475433,0.29498461451382463,0.04977392086364518,-10.378188181699022,1023.3131010933781,0.9498016312871489,27.89999999999842,920.515285688781,32.79999999999814,32.699999999997864,167.18743974839668,351.9328196436477,3869.3085732572135,117.27732721489396,126.65951339208549,169111293,32.642417608641765,8.229132120712066,7.997797386518445,7.797896853600302,4.064579106163832,8.517649595904805,30.000000000000007,4.999999999999998,134.29166666666754,-3.7699999999999636,-1.7192500384689853,0.0,-0.0036315075670531743,0.0,-7.037328355060378,-0.6122706113921382,0.0,0.0,1000139
teacher,257.0119567786775,1.8752117655541325,3.9966313760012735,0.23654677942626326,4.913769287402576,-0.30441998904786394,1.9032195771743314,0.028954374006118232,301.82968185219033,1.0,True,SUCCESS,495,49.49999999999719,3,738572.2383803765,1302.3226578304373,4348.204708455942,707.0964626486881,wet,0.8985199173867006,8.813897832329697,3.550139378163184,1.7310370836215339,0.8271574517074471,18.315040611611437,999.4509866130464,0.9722033777720641,37.89999999999785,1438.2386412652372,44.59999999999747,44.49999999999719,174.31509426007645,301.82968185219033,2998.0535460922756,133.93898284506207,144.65410147266704,1967654479,48.13690851356651,14.824550157129988,12.023843566265624,11.812545428840245,3.3396534621861984,8.865939281187966,29.99999999999999,4.999999999999998,129.37500000000117,-4.949999999999939,-0.1934030541119957,0.0,0.0,0.0,-0.31969585158020714,-0.9033847248082146,0.0,0.0,1000140
teacher,207.29050984500734,10.904880304766415,35.10765066318068,1.798345609822695,9.147792966479031,7.3857412799199285,5.753742156100999,0.04818376825012527,336.06481533960533,1.0,True,SUCCESS,382,38.199999999997836,3,655536.1461023812,1336.277074722155,3789.7018319138533,6.162127141159934,dry,0.9156379297415878,17.14823907897201,17.12375572824283,0.5340644312426703,1.472902155982602,24.979565096119423,1031.955423353427,0.9904594851175165,28.699999999998376,872.638182532731,33.299999999998114,33.199999999997836,157.62104721702195,336.06481533960533,3452.934756484932,125.52512932725361,135.5671396734339,787747297,30.221782349203995,6.754248900791533,7.310130227643115,8.725522443122362,6.775501121992618,8.469923630182969,29.999999999999996,4.999999999999998,134.08333333333422,-3.8199999999999625,-5.047341147134436,0.0,-0.11448891025034609,0.0,-20.186671216427342,-0.8814308874513523,0.0,0.0,1000141
teacher,229.41152130299173,11.748975452331178,40.900549821607854,1.2541617600580042,3.2019181295557755,0.14258148808371252,5.690881207542439,0.025959713195704937,252.53817116828668,1.0,True,SUCCESS,628,62.80000000000223,3,865991.186079942,1307.38090856223,4272.223058139915,3212.7243166613443,wet,0.8911666648518932,9.731523787650715,-17.146769022159518,3.3280559852863134,1.7831955567720035,-0.07446416572903658,996.8760785387634,0.9021507761351275,50.699999999997125,2176.1557927443014,57.89999999999833,57.80000000000223,178.90241808409385,252.53817116828668,2215.304679031543,140.79593784680623,152.05961287455074,465423488,64.02779988925022,13.777209906976589,13.029672336319184,15.902215014209503,3.757094220666869,8.847516571702583,30.000000000000004,4.999999999999998,123.8333333333324,-6.2799999999999105,-9.632014487190428,0.0,-0.2600030520843797,0.0,-31.676673646228473,-0.9146287839625329,0.0,0.0,1000142
teacher,233.80468328899377,10.935082438989935,36.69880760632072,1.0581876579882739,3.439257272695127,171.90440200499813,5.486826909165178,0.017526372517648908,257.9557165355742,1.0,True,SUCCESS,609,60.900000000000716,3,936697.9853383543,1306.1638319677875,3313.6622691361704,852.3993197755042,dry,0.9054690885369561,-0.5310754803964821,-18.402648752669975,0.27436325080350166,0.706447480136061,-11.712531923362794,1006.1843719857713,0.9662570491771303,48.99999999999722,2199.6511669804167,55.999999999996824,55.900000000000716,186.9253918455694,257.9557165355742,2232.347531168229,142.77765663743452,154.1998691684293,1714892061,65.55390624302217,14.44795927969203,12.842633957675437,14.592233018506406,4.0698720062398115,8.85358956222408,29.999999999999996,4.999999999999998,124.6249999999997,-6.089999999999915,-8.091311224447914,0.0,-0.1782962392007012,0.0,-31.23225531057476,-0.5886480041425309,0.0,0.0,1000143
teacher,248.88470460522203,2.7520168710446247,8.491714070257043,0.5462460150732962,7.163436539728969,7.021972646308566,1.4941383436140594,0.023894347904733732,320.0809671140625,1.0,True,SUCCESS,473,47.29999999999732,3,779171.4238007341,1331.2321910591845,4342.81026426063,345.64012813169734,dry,0.9583221720856498,8.408477760991051,6.8354871878913315,0.559889360161189,1.3669613169404056,-0.8836061656738572,985.4690769529724,0.9802521918251956,37.499999999997875,1397.6753596318663,42.3999999999976,42.29999999999732,166.69895688140608,320.0809671140625,3098.3749057579594,134.1337931490214,144.8644966009431,1092363154,43.54800689876572,12.826326636815116,11.343655865984847,11.51250390620407,4.709420043474469,8.439092868679223,29.999999999999993,4.999999999999998,130.2916666666678,-4.729999999999944,-0.3980345904530264,0.0,0.0,0.0,-3.0852462143002146,-0.5726874766160985,0.0,0.0,1000144
teacher,233.76988317425955,7.450671199811714,23.748211737494888,1.1223574282978686,9.269558987886008,177.44839405828805,4.345064451264664,0.026014462633175965,341.46014163777636,1.0,True,SUCCESS,422,42.19999999999761,3,596953.2896629182,1340.3164782761196,3691.662447205107,3631.9774983261873,wet,0.7408567025348829,-3.5764511948217983,11.713706962520146,2.5356212549066557,0.8584842967949409,13.628341738208167,999.307100158069,0.8932825500718168,32.69999999999815,1173.286715844426,37.29999999999789,37.19999999999761,150.0628719740009,341.46014163777636,3540.9454642141372,119.49934076350173,129.0592880245819,530377200,38.818695863908,8.76250231952237,9.101504619396914,10.456546391785983,7.28084556124586,8.410733699731939,30.0,4.999999999999998,132.41666666666765,-4.2199999999999545,-2.6029195066989974,0.0,-0.013800284506945166,0.0,-9.03517076024891,-0.6057213965443476,0.0,0.0,1000145
teacher,243.8863130144983,2.672594360255769,8.128233795901775,0.6090445420767979,9.54458407418901,2.2467207645624785,1.6982898440977108,0.025133678317519413,338.9585645304455,1.0,True,SUCCESS,425,42.49999999999759,3,726174.3415491651,1344.0378672606773,4399.000078292067,2351.0461965814384,wet,0.8262341413152294,7.274862873242364,-2.9639592145796367,3.2425018109813384,1.6144207909112942,-13.613747095969595,1024.4408894600283,0.9196064712144285,33.299999999998114,1136.0623117713326,37.59999999999787,37.49999999999759,155.85750763052587,338.9585645304455,3303.947982652731,124.1588369237328,134.09154387763144,205711349,36.507038584564604,11.058440678513417,9.900707628053231,9.703720476335345,7.866215883016492,8.335051178190849,30.0,4.999999999999998,132.29166666666768,-4.249999999999954,-0.3372970290166834,0.0,0.0,0.0,-1.6222823541353497,-0.5669486976913752,0.0,0.0,1000146
teacher,223.98434487678975,3.770487048316527,5.778488274308485,0.607298814023402,8.67472956226391,1.316925313812005,2.4716657934902195,0.03525879512213151,340.63079003511575,1.0,True,SUCCESS,339,33.89999999999808,3,585204.1940975059,1333.608317952148,4481.832274844356,3460.6035565879324,wet,0.8213653218894823,22.583722160378528,2.7190925419195744,3.8632015401773256,1.3941914391278094,-3.68743731737052,1021.9379646712929,0.8917401290955681,24.39999999999862,624.856062785992,28.99999999999836,28.89999999999808,151.3620127391553,340.63079003511575,3602.760874268559,113.5938435743271,122.68135106027327,361200544,24.175361952003456,7.127803260349826,7.382826395808059,6.86719723422624,7.062844670168665,8.520096661814845,30.0,4.999999999999998,135.8750000000008,-3.3899999999999717,-0.5354909005706879,0.0,0.0,0.0,-3.4335948198148225,-0.6676995771966435,0.0,0.0,1000147
teacher,217.3973273779181,10.835860788524444,37.19442688514141,1.3787131373417985,6.632147465952438,1.8315194002481079,5.769598853144492,0.02340216893224129,285.2992552051012,1.0,True,SUCCESS,505,50.49999999999714,3,868307.6572227612,1332.415628252054,4397.6034631746825,588.675566752297,wet,0.8788532248347162,22.06432674067074,-18.35922977305379,2.9584164316467083,0.12307628870320486,-4.914387274391725,987.1500955846543,0.9739037042734043,39.99999999999773,1427.507065556846,45.599999999997415,45.49999999999714,168.25192664567936,285.2992552051012,2509.53280621384,140.4817588417032,151.72029954903945,1583877131,43.589732831348975,11.775477390884511,10.256597556338509,12.265994256091107,4.921402999130669,8.682558505571873,30.000000000000004,4.999999999999998,128.95833333333454,-5.049999999999937,-6.588335434364689,0.0,-0.14424596112630167,0.0,-25.662462552256084,-0.6077255470351068,0.0,0.0,1000148
teacher,275.7865028358225,3.3628044901770076,6.585806734562208,0.6205425049630877,3.293636552183632,0.43512268923732744,1.8500125899502826,0.021875994252278427,251.86398095368008,1.0,True,SUCCESS,661,66.10000000000485,3,930594.7789977896,1303.873306018071,3302.4259634131417,988.4622273566956,dry,0.9266645547808499,8.527592915640687,5.651866210716867,3.642181941245675,1.1635213712527819,-0.7262160441431362,990.1955118138087,0.9638060435895447,54.199999999996926,2428.9033666145206,61.200000000000955,61.100000000004854,189.13030952285106,251.86398095368008,2128.402943891746,146.2789948925809,157.98131448398738,501851046,69.42211683274851,18.584181785544132,16.568402727692916,15.79592144744355,4.202507009110175,8.817778157087295,30.0,4.999999999999998,122.45833333333131,-6.6099999999999035,-0.830543124431245,0.0,0.0,0.0,-6.901094819075775,-0.7211005136285243,0.0,0.0,1000149
teacher,233.33111757725297,4.045105048441878,9.9947002935451,0.5493164839762822,9.571444632029788,1.6961341408242143,2.264696468649954,0.028531681505567945,361.86713013275585,1.0,True,SUCCESS,366,36.59999999999793,3,575319.4434055533,1337.4420959417253,3698.0230153616476,4046.901456304503,wet,0.6017795965314366,10.28379964552554,5.858005023738522,1.0253992172925632,1.5853090313800005,0.4043826787706628,1000.8240132737475,0.8770385570259772,27.19999999999846,850.0423722986727,31.699999999998205,31.599999999997927,148.5952549856451,361.86713013275585,3721.1115980169766,114.62788833430783,123.79811940105246,1218104459,29.777346390682283,7.140639445309521,8.181001690085086,8.079218343509622,7.43077310349916,8.362838225670336,30.00000000000001,4.999999999999998,134.75000000000085,-3.659999999999966,-0.6654235773524854,0.0,0.0,0.0,-0.4626932261715416,-0.6025828179798739,0.0,0.0,1000150
teacher,235.73747163166993,9.326517739344874,33.25050301658693,1.1659946147240694,7.313199081501306,179.9010703826235,5.624993113258208,0.02120046637833037,297.03626733770216,1.0,True,SUCCESS,581,58.09999999999849,3,835961.498067928,1339.5233869740885,3639.153229597855,3373.7127109717285,wet,0.8612247843798592,0.5558471143750374,14.451806306961593,2.5654991364897137,1.6652272840437594,13.675817312485862,1030.4338612255726,0.9011256026029614,47.899999999997284,2062.836181224961,53.19999999999698,53.09999999999849,166.63664249792305,297.03626733770216,2753.418461115972,139.27143705017983,150.41315201419422,854093040,59.00310835974192,13.2827872484337,12.418931978817012,15.291612693939292,5.595391605675017,8.584978991295868,29.999999999999996,4.999999999999998,125.7916666666673,-5.809999999999921,-5.615296128409421,0.0,-0.16325899714324685,0.0,-27.00988857485335,-0.6325622124943228,0.0,0.0,1000151
teacher,-40.68887561403567,17.240749244051102,44.81188204188447,1.4632935251256844,5.797367353743353,1.9136441587534356,5.929430140491536,0.0359373672688053,278.830127838738,0.2446043165467626,False,CRASH,475,47.49999999999731,3,605714.5511811259,1331.9495795827834,3614.655114039466,3140.0891323507103,wet,0.8308610239982471,15.84747602887666,12.301461591344278,1.8151051416231447,1.5987997726708323,10.785964463895699,999.2268367880134,0.9132692086594688,29.199999999998347,906.3763230910656,33.69999999999809,,127.70465886452683,29.236582122297023,-3807.35790167554,119.80965829868171,129.39443096257625,1675763485,40.91358151448548,6.791613500931345,8.751939876258808,8.848983508288299,5.175456810643179,9.214576276244118,8.770974636689116,3.4000000000000017,0.0,-4.749999999999943,-15.687847931746457,0.0,-0.29794590039210694,0.0,-10.922143781162662,-0.8980641242748422,0.0,-100.0,1000152
teacher,234.35185943784828,2.8374145461594735,6.8220198590969225,0.376539672906756,7.074644045171579,1.0102520902418808,4.990722898310877,0.03059032195591931,333.0623831599869,1.0,True,SUCCESS,386,38.59999999999781,3,621287.9107348454,1318.152671423222,3591.353840631187,4709.485024229248,wet,0.8224326797062541,19.032904693218324,-4.1789051267438415,1.8255461703728355,1.1121946970853307,-12.715261476304395,1009.2216383152008,0.8541723615745279,28.59999999999838,849.7246356884002,33.69999999999809,33.59999999999781,161.22066778714125,333.0623831599869,3430.274958748586,115.89463146790764,125.16620198534027,1917835302,31.22312240887108,10.170444287152343,8.508468201539552,8.02316789948576,4.510067824924359,8.594268628833499,29.99999999999999,4.999999999999998,133.9166666666676,-3.8599999999999617,-0.34529506937870497,0.0,-0.14577363815748778,0.0,-0.5617194571866149,-0.6815583149031232,0.0,0.0,1000153
teacher,231.5855047540643,6.590130125695646,18.925687659968524,0.8971883058382756,5.4783847455345125,0.7247828196772551,4.39190953586209,0.024418555812897258,283.17625017404407,1.0,True,SUCCESS,480,47.99999999999728,3,767885.8728541478,1322.3156317883845,3824.22958773117,2052.865241191193,wet,0.6015183267344639,24.790320501348795,-13.302187027656842,1.8596962737515956,1.5437941939229622,22.222935524720945,1032.0048888528115,0.9377584644985166,37.59999999999787,1312.2977776412195,43.09999999999756,42.99999999999728,166.7351348959177,283.17625017404407,2653.427341915366,135.25401646434398,146.0743377814915,191190691,40.83120116159639,10.69731218155138,10.187650107841394,11.476072449646185,4.322058012198191,8.75831879650514,30.00000000000001,4.999999999999998,130.00000000000114,-4.799999999999942,-2.3162568039254032,0.0,-0.07147939936762208,0.0,-11.881487445565956,-0.6178843064166946,0.0,0.0,1000154
teacher,217.1460550429856,9.445405087563596,29.25423130121633,1.1267692788184616,7.491458192677456,0.6377331000553134,5.380227110807297,0.03011286639974496,341.43833863213126,1.0,True,SUCCESS,391,39.099999999997785,3,646533.9196841127,1320.630618464539,3453.614602079556,1788.824340742145,wet,0.6593696161923305,3.3552826337161097,16.300070954139308,2.586698280989999,0.4437659683116484,-3.759561193259838,1029.3454827563837,0.9379892489526208,29.399999999998336,983.5471766583111,34.19999999999806,34.099999999997785,163.48694010909352,341.43833863213126,3461.4589582366225,118.95244103740366,128.46863632039597,737822497,34.78841283702569,7.289690543397778,7.607425195318324,8.257568123714098,4.73765511516316,8.501725363979709,30.000000000000004,4.999999999999998,133.70833333333425,-3.9099999999999606,-3.8759255346505976,0.0,-0.06810639204763028,0.0,-14.261760972868242,-0.6289625693809525,0.0,0.0,1000155
teacher,258.4082213607311,9.339970121850222,29.93289963783965,0.7675940673536468,2.7248490027076584,0.06877957979519236,5.356514547328658,0.01531663116786506,224.34508353766705,1.0,True,SUCCESS,743,74.30000000001138,3,929505.02480385,1309.4478150129144,3352.9182884591864,3466.969097305968,wet,0.7722739878765087,7.909900036508333,-15.562599568273892,0.3533795447217032,1.3793403277201062,7.547500588968688,987.4105097246983,0.898639423222066,61.300000000001035,2877.8601747724165,69.40000000000748,69.30000000001138,181.47171961295737,224.34508353766705,1806.5933924183723,148.49150611881117,160.37082660831607,350979586,81.20989374354157,18.347784149556468,16.148158436021294,19.154215036251156,4.069606920376423,8.563837601803291,30.000000000000004,4.999999999999998,119.04166666666192,-7.429999999999886,-7.2017373460724174,0.0,-0.24703640949348019,0.0,-27.6352153904978,-0.6129520474174116,0.0,0.0,1000156
teacher,287.06257729661195,3.369036537276881,7.970442496519151,0.23054919500712565,6.257197251602087,174.8793223060474,4.470889506629543,0.019765731249803676,263.1543364508866,1.0,True,SUCCESS,642,64.20000000000334,3,888949.1305966318,1333.863435216528,3206.415286016719,2127.7584671178083,wet,0.739192550032878,-3.3951391571036638,1.8194094527307536,2.184231344190005,1.0246753125347312,11.642057721843546,997.0357748296119,0.9341682632021958,53.499999999996966,2513.8200655555147,59.29999999999944,59.20000000000334,165.48553277250164,263.1543364508866,2194.7633118151625,145.51036586728074,157.1511951366632,2097918682,69.43783155393407,20.169432421947107,15.791541103782315,17.656800801228375,5.037190301167395,8.870937538199518,29.999999999999986,4.999999999999998,123.24999999999861,-6.419999999999908,-0.8096623795181392,0.0,-0.08845701591029566,0.0,-0.1120945807452199,-0.7209424474720968,0.0,0.0,1000157
teacher,228.41552027321575,5.186725698080564,17.300784544049783,0.7409119297618482,5.245563064065352,-0.010133327336408834,4.870305554805387,0.02966162690311451,306.39656188917,1.0,True,SUCCESS,436,43.59999999999753,3,673295.8277060827,1307.7674117608394,3974.7530673719157,1849.028230573731,wet,0.6338466142767277,17.473384989450132,-6.525340216175131,3.394895822988905,0.08854890638313329,15.484895558983382,1004.4095860286691,0.9411727102246675,33.19999999999812,1123.7283551846242,38.69999999999781,38.59999999999753,163.22621082886144,306.39656188917,2990.0249847902087,126.97673779312404,137.13487681657398,1725038644,37.91731818844281,10.018363272871335,9.524710200561822,10.087082801081523,3.4944018162109702,8.616954799344555,30.0,4.999999999999998,131.83333333333437,-4.3599999999999515,-1.3032584257409308,0.0,-0.12430568638968786,0.0,-11.568486353649076,-0.720593672852014,0.0,0.0,1000158
teacher,254.51998286605559,4.1335196878034015,14.748587963882569,0.5351481425853638,5.3116248374950805,0.27368197983165216,4.871681536870768,0.021164031203307995,290.6237975609647,1.0,True,SUCCESS,517,51.69999999999707,3,738230.2529626929,1315.6060389998893,3379.741653099809,2859.6890365203353,wet,0.8907462796402132,3.2765063855666305,7.793253156283386,1.2833795795040421,0.5195011782082251,19.31297964244144,1033.7428306338866,0.9161107065736436,41.199999999997665,1643.2724212796336,46.79999999999735,46.69999999999707,167.26918421388586,290.6237975609647,2757.47370642096,131.88240767206057,142.43300028582541,589268496,50.384884213117346,13.36123640283587,11.869400138502225,12.961759552539355,3.8536520808784696,8.725642526583238,29.999999999999996,4.999999999999998,128.45833333333456,-5.169999999999934,-0.9814949166544398,0.0,-0.13390222314321784,0.0,-3.1754936960726607,-0.6340345458653707,0.0,0.0,1000159
teacher,223.78734344488933,5.768320906962953,18.781292882666065,0.8239990437197717,8.818560904608939,5.136645845974034,3.5094485563451094,0.03183006079690086,351.31073273004336,1.0,True,SUCCESS,350,34.99999999999802,3,585474.7623294599,1328.1729670420755,3534.036080142645,706.9118818701847,wet,0.8128445281239088,15.34331829589831,-11.842962669606647,0.254546128141353,1.5901736858336095,20.67775165354847,1017.1167944302741,0.9710641455571691,25.499999999998558,752.0519054156279,30.099999999998296,29.999999999998018,154.79998562679108,351.31073273004336,3743.2741606548616,118.66636079766857,128.15966966148207,73404585,27.82735343453948,6.9599614517241655,7.336711239906417,7.711040216783554,5.892626509723509,8.353094754760042,30.0,4.999999999999998,135.41666666666748,-3.4999999999999694,-1.2939704588885628,0.0,-0.0010036342514513445,0.0,-5.3282762745638985,-0.5868604615114286,0.0,0.0,1000160
teacher,248.30844059433883,3.8259747234286654,7.231532017445831,0.5861721983584945,11.16197386590457,179.83935925582557,2.345153470781278,0.028430163977978495,367.5248165483995,1.0,True,SUCCESS,429,42.89999999999757,3,665595.8540313514,1351.6914799052672,3568.1845755980444,3395.276673733988,dry,0.9847588880326863,-4.855229699728061,-1.8575076276256652,3.95597736865546,1.3712040971215678,-10.437621917836747,1017.0922628011045,0.8903092577552832,33.099999999998126,1206.61355365483,37.99999999999785,37.89999999999757,157.35055321000894,367.5248165483995,3848.021530826266,119.98405480902615,129.58277919374825,286627405,40.04023998126906,10.110281736418193,9.883889492174056,10.017373405249378,8.721788993409023,8.378783324369772,30.0,4.999999999999998,132.12500000000102,-4.289999999999953,-0.6977486031856838,0.0,0.0,0.0,-0.31806745868204894,-0.663100276683967,0.0,0.0,1000161
teacher,233.54378905707728,1.7880893507479676,3.816831372423513,0.23137685497691043,8.615203469978649,0.17506422617740897,2.714163722594068,0.030672725097025164,371.8562494417437,1.0,True,SUCCESS,355,35.49999999999799,3,590741.772833518,1310.9774060667003,4472.434823684504,285.94066478016765,dry,0.9692765627570438,10.368270711352135,0.9400646906436738,2.0616072681047846,0.9306685434047466,4.1623642486107,996.4449364008968,0.9807878899285859,25.29999999999857,742.384230122148,30.599999999998268,30.49999999999799,163.62002492001233,371.8562494417437,4137.717618869015,117.16464168425411,126.53781301899444,44197866,29.792584896905602,9.88635498959948,8.0907309576539,7.31313252872675,4.049687202067456,8.534017795345768,30.000000000000004,4.999999999999998,135.20833333333417,-3.5499999999999683,-0.12611428353574355,0.0,0.0,0.0,-0.027587067477482505,-0.6273512955426281,0.0,0.0,1000162
teacher,234.7939567938485,6.915846941926147,23.708886602696765,1.2141550943908075,8.417956194016687,1.5808887029381293,4.567805803578202,0.02574207392864905,347.8659488073308,1.0,True,SUCCESS,420,41.99999999999762,3,648356.5607987589,1333.6210153743298,3270.88002115932,2611.9833416035635,wet,0.6752935092888244,10.238661459327835,11.5345463298171,1.7730073108368063,1.6401488470727394,10.095119227276236,994.3378695468735,0.9186325141899255,32.399999999998165,1123.852870429763,37.0999999999979,36.99999999999762,156.7031226505585,347.8659488073308,3515.350681597343,124.11590112826437,134.04517321852552,1270369772,36.280732323072534,9.652221762958101,8.995797152869775,9.897994693054528,5.69373163035061,8.427094348479601,30.0,4.999999999999998,132.500000000001,-4.199999999999955,-2.232017149793631,0.0,-0.012765246629566074,0.0,-4.641863289756825,-0.5669694307576026,0.0,0.0,1000163
teacher,239.44039359716135,9.491776851187307,34.85935500377862,1.0493794509916685,7.3173520621178225,176.4839469453947,5.992838367786071,0.027108138201881495,278.7310911328118,1.0,True,SUCCESS,600,60.0,3,818165.723630961,1341.333977334062,4086.2765666211426,3330.4155938199324,dry,0.984552476934682,0.5445681880249325,-17.532433950941147,3.8670947884004963,0.3630849368277542,21.96808715327633,1029.5942912713388,0.905201875098259,49.19999999999721,2116.989455045461,55.099999999996875,55.0,164.21153425979824,278.7310911328118,2638.6019884726893,139.71785612929935,150.89528461964332,491066718,60.98070567120583,12.10702609142929,12.754101542582013,16.43978680463803,5.9272371634272725,8.813678990547785,30.0,4.999999999999998,125.0,-5.9999999999999165,-6.006255186182346,0.0,-0.26538648849749535,0.0,-24.454233316427395,-0.8562676755619019,0.0,0.0,1000164
teacher,243.0228990831614,4.363573558309567,7.589474898447302,0.22999590274930154,8.188959580046102,176.94164026150304,1.4781362857267002,0.02406241409038229,347.0334182547093,1.0,True,SUCCESS,411,41.09999999999767,3,676673.7862856499,1329.5030714915886,4385.960783164632,312.0199533102064,wet,0.632703421222768,0.07432914660914847,-0.8535829110098714,1.97219572031343,0.47271168028450394,2.353583484532212,1002.2568504979498,0.9806435699774272,31.499999999998217,1130.3884950643717,36.19999999999795,36.09999999999767,165.50333445389282,347.0334182547093,3577.383378433818,124.64552576201179,134.61716782297273,1928213984,37.61336227173213,10.176482505345799,9.636722163617055,9.36430037775793,5.498676530238991,8.416687051734316,30.0,4.999999999999998,132.87500000000097,-4.109999999999957,-0.8695286884108805,0.0,0.0,0.0,-0.0008049618906204332,-0.5779981669642456,0.0,0.0,1000165
teacher,246.18551039556513,5.452917325071164,9.742560355391435,0.42907614484785395,8.456695778277082,2.081038602138087,4.90802163686993,0.02768375909427409,343.16483252809235,1.0,True,SUCCESS,456,45.599999999997415,3,716546.6168437136,1334.5988626153026,3917.8227977271267,1261.7836370662717,wet,0.8223133209726246,7.138460376824774,2.6958060763037106,0.6369752618938249,1.3011584436511172,6.078599745125292,999.3123307194371,0.9544571152131563,35.69999999999798,1305.6298255697118,40.699999999997694,40.599999999997415,163.09063376373422,343.16483252809235,3422.6813373783634,129.27508483218057,139.617091618755,952234458,41.78080308115596,9.860616623472104,10.519281104117171,10.852946792984993,5.756215160036834,8.445903827039226,30.0,4.999999999999998,131.00000000000108,-4.559999999999947,-1.5065382392724347,0.0,-0.12074688216996601,0.0,-0.17564848345126968,-0.667322588348553,0.0,0.0,1000166
teacher,272.9567452401963,1.8029983502638594,4.888195658827751,0.4672998980327243,6.73802732579554,1.5988382533724952,4.901713471565505,0.018678236943878535,294.6322830001741,1.0,True,SUCCESS,619,61.90000000000151,3,895224.5757710591,1336.2082776039206,3326.4350982697783,3887.4290799666105,wet,0.7204300847920648,23.055755597535395,-4.77655167167266,2.484673772106686,1.669501958849249,14.793923579287316,1026.7878906163464,0.888409230147301,51.69999999999707,2087.7973723056034,56.99999999999761,56.90000000000151,171.73846945104196,294.6322830001741,2733.670072285235,144.646369940259,156.21807953547975,329678142,57.66468717412807,18.75540112668583,15.051876977678488,16.730837163257636,5.162250602483051,8.639906496435096,30.0,4.999999999999998,124.2083333333327,-6.1899999999999125,-0.22358300984472748,0.0,-0.14547563932715324,0.0,-1.076271594605499,-0.621217390027183,0.0,0.0,1000167
teacher,207.86849178497062,10.757166692330012,29.526456523014545,1.0784376586378064,7.818807553297406,0.620702247947643,5.623310276060356,0.03726621676623211,334.6492538657126,1.0,True,SUCCESS,378,37.79999999999786,3,623264.2194843213,1315.766279614863,4381.746227926986,3187.296282722914,wet,0.6730276775212972,22.001966630064622,-14.174489374703922,2.9965558847310816,0.9164072109384598,0.09418150769210243,1029.4552994424662,0.9006233476401649,27.699999999998433,793.5590965287413,32.89999999999814,32.79999999999786,160.69715633534537,334.6492538657126,3619.704886156267,117.57457372110107,126.98053961878917,1353855161,29.643539642669296,4.321731057126402,7.167693695754734,7.327110465465307,4.2006293486418995,8.613198558916245,30.000000000000004,4.999999999999998,134.25000000000088,-3.7799999999999634,-4.860098680356115,0.0,-0.09795315693348282,0.0,-13.12660706771932,-0.790752078595237,0.0,0.0,1000168
teacher,226.11982362816116,7.638944352086927,25.714393623835036,1.0592037259194,8.207628717145226,1.6975424757050033,5.13042538722476,0.025793017960283847,339.48920076682543,1.0,True,SUCCESS,424,42.3999999999976,3,723704.4955719823,1335.242157953562,4476.562240879426,1535.5714138914368,wet,0.7303639921356723,9.518403696742425,14.781253296940358,0.8474240486504212,1.0007727809915115,-6.778352114101809,1017.5988797006275,0.9446591271367967,32.599999999998154,1124.068753168479,37.499999999997875,37.3999999999976,164.08030568357347,339.48920076682543,3425.729950225991,125.90218851260941,135.97436359361816,677497440,36.60175140175671,9.566718913791009,8.838276113565799,9.46614012941541,6.355116538686514,8.543322353173034,30.000000000000004,4.999999999999998,132.33333333333434,-4.239999999999954,-2.7490968472505606,0.0,-0.032481035725050636,0.0,-12.979702370363704,-0.5835549022223117,0.0,0.0,1000169
teacher,281.19926170153144,3.6688433745100655,13.018543400881015,0.8823098861477952,4.343666829836969,0.7549237421585124,3.2928993164553555,0.02180864167184895,254.91150487604023,1.0,True,SUCCESS,646,64.60000000000366,3,920755.1224837418,1318.8144585522639,3418.2178683053385,1260.689754464589,wet,0.7042225521829089,3.8152101078385385,2.9262305878785577,3.736108185909892,1.9698609981668287,11.812872060038902,1018.0855129289912,0.9577961121961742,53.19999999999698,2393.4183849407787,59.69999999999976,59.60000000000366,186.53030515314504,254.91150487604023,2392.1414245722267,146.59342163630643,158.32089536721097,190917864,68.55709293344722,18.31107335115039,15.805148558458704,16.7521685495523,4.153306145460004,8.835877204608217,29.999999999999996,4.999999999999998,123.08333333333181,-6.459999999999907,-0.9661584402799351,0.0,-0.0026934788479077735,0.0,-1.138400944277506,-0.7314855110720536,0.0,0.0,1000170
teacher,257.30001862307,6.748071278995559,18.76704556173059,0.8944515418340204,4.736992929742887,0.10595368369754793,3.699797125814306,0.021704356734522454,277.86717475651585,1.0,True,SUCCESS,590,58.999999999999204,3,790529.8147744098,1316.1568951655947,4422.090409732305,4970.743253820437,wet,0.6973899918564049,3.3231951239193744,-9.78238102489759,3.607320396290521,0.9662949873779034,-7.935409427852882,991.9121916811473,0.8510720381007064,48.19999999999727,2103.631425416427,54.09999999999693,53.999999999999204,168.86747162786554,277.86717475651585,2451.7027202872173,133.00521591085544,143.64563318372387,1201467472,60.93543507539455,12.933243197906368,13.676076788833395,15.096802866918711,4.1058054985749965,8.853995669913052,29.99999999999999,4.999999999999998,125.416666666667,-5.899999999999919,-2.9851683257754242,0.0,-0.0014463539703229644,0.0,-9.136407769615486,-0.6949846917770367,0.0,0.0,1000171
teacher,222.8099054936136,7.533333771195476,19.68106688681108,0.9268605247658354,10.305626216276007,2.7564181790276616,4.678513517172325,0.031180319724562623,347.3059977237532,1.0,True,SUCCESS,360,35.99999999999796,3,632377.2338531957,1345.8166881775846,4387.06059154696,768.663197176831,wet,0.8277656695497462,20.42565533705562,7.625276176165102,3.623486673031758,0.821500947860506,21.163731874674887,1028.704667127738,0.9695721010816424,26.599999999998495,733.7648396918079,31.09999999999824,30.99999999999796,153.93799093945435,347.3059977237532,3639.7733717635956,122.72785555097671,132.54608399505486,1552014147,26.91708004373643,4.997801315010741,7.600110770884728,7.986626164652137,8.414491866511119,8.326288391051687,30.0,4.999999999999998,135.00000000000085,-3.5999999999999672,-2.270044708329373,0.0,-0.010609638560116279,0.0,-4.9482734451346815,-0.6035652662099187,0.0,0.0,1000172
teacher,242.46369679601247,3.6896198342281856,12.238414561802681,0.34098924947591636,8.27623362415414,1.8607638635101997,3.5188170172547526,0.02474017199709887,320.8611480666459,1.0,True,SUCCESS,444,44.39999999999748,3,671112.5722564497,1337.3793128842992,3509.8048141096956,3842.099211040648,wet,0.7629911402151064,12.465451010160209,-4.371331655405511,2.865976589073075,1.9166040325245348,18.051553587484904,1008.7817936655755,0.8899900810208562,34.499999999998046,1194.2543391264192,39.49999999999776,39.39999999999748,154.24394378564716,320.8611480666459,3114.693119815501,127.02919669491529,137.19153243050852,1146807068,38.00951076978271,10.967630852019841,10.039559446698279,10.963880520948813,6.1089497531086305,8.489249592025885,30.000000000000004,4.999999999999998,131.50000000000105,-4.43999999999995,-0.6715891963757479,0.0,-0.008163631191399708,0.0,-2.8901815406934275,-0.605149770312266,0.0,0.0,1000173
teacher,212.79848819140022,11.34761745966309,35.4586848966508,1.3946122180101042,5.85286286803559,1.8733854413828606,5.386919859143619,0.02971773595750249,303.4630771089319,1.0,True,SUCCESS,411,41.09999999999767,3,661397.7107619937,1306.2171214513176,3952.2714882105597,1872.5634765054372,wet,0.6642928489486309,14.409211491277532,-16.541633994468206,0.3758299987445404,1.5235933221681681,9.232773356490664,1017.9961545985072,0.9393954232880567,30.39999999999828,990.8660323184507,36.19999999999795,36.09999999999767,165.5997920534003,303.4630771089319,3058.3986736219863,123.71346354716651,133.61054063093985,532835412,35.5873811166021,8.536683849909462,7.671258318148534,8.988580028821888,3.6232644482137175,8.681072231331804,30.0,4.999999999999998,132.87500000000097,-4.109999999999957,-5.880424605162178,0.0,-0.11243378593743969,0.0,-17.379182433883322,-0.6827109766453711,0.0,0.0,1000174
teacher,272.35785126741536,4.499219202460943,7.808110763800084,0.585029620399734,6.345116275983563,179.9308040999186,1.5356094043745234,0.02292057107786741,283.7064938248965,1.0,True,SUCCESS,595,59.4999999999996,3,898372.967103247,1332.266106499037,3514.840461642967,971.6373556903241,wet,0.7696290173704361,-1.7484785009679635,4.387836227474697,2.0263004300479937,1.0640585797656914,5.37381625301731,1031.7767330459467,0.9641232472731519,48.99999999999722,2164.977179353012,54.5999999999969,54.4999999999996,174.37622036912134,283.7064938248965,2680.4538734263097,142.2846114737156,153.66738039161285,1848831199,61.89125371301454,14.786472661939396,14.614521624847864,15.612186287262805,5.198002963183052,8.780257019739958,30.000000000000007,4.999999999999998,125.2083333333335,-5.949999999999918,-1.3382854657685532,0.0,0.0,0.0,-0.708439453249318,-0.7364514168881192,0.0,0.0,1000175
teacher,231.62298899843992,5.442326809821399,14.581886666352675,0.5533043986039323,10.443299209156839,2.6367468333968174,2.778257955099003,0.02624027598140074,356.2508490597261,1.0,True,SUCCESS,378,37.79999999999786,3,619732.4245985541,1346.5838498964806,4483.243840752543,2963.7741144554952,wet,0.6872945136741518,22.598863893958335,-5.943028358998792,1.6372291669264065,0.4164266411594717,22.176063210901745,1030.1854732140764,0.9125278957992533,28.499999999998387,827.8266066838328,32.89999999999814,32.79999999999786,146.60379932398448,356.2508490597261,3570.0757232463748,121.6058064023979,131.33427091458975,1986135722,28.44220070358414,7.553021117791163,8.162388800059858,8.625039318049344,8.330790445708377,8.29782347007691,30.000000000000004,4.999999999999998,134.25000000000088,-3.7799999999999634,-1.243994686405832,0.0,0.0,0.0,-1.449140634934142,-0.5651395354908118,0.0,0.0,1000176
teacher,219.00886478014212,10.459520881817685,35.471789024952834,1.2343410455864785,7.268413441714072,21.21706699919186,5.564013617943329,0.02204950109940187,309.4132980270102,1.0,True,SUCCESS,494,49.3999999999972,3,801425.552044042,1333.1682066339754,3447.9728678176734,892.4870306350152,wet,0.6604470915321795,8.516426677416348,19.270813620077604,0.5918790709372193,1.1643824358703412,9.506269452508967,1022.1014890342694,0.9660610590670631,39.19999999999778,1487.8884733122632,44.49999999999748,44.3999999999972,169.6921941610297,309.4132980270102,3073.142160892495,135.96993390066322,146.84752861271627,2041008547,46.046453949316835,10.077266228264259,10.02821257975246,12.554240067133005,4.704102329841293,8.680265200335088,29.999999999999996,4.999999999999998,129.41666666666782,-4.939999999999939,-6.004931008458559,0.0,-0.13958828366601073,0.0,-25.84800177877288,-0.5658211702712725,0.0,0.0,1000177
teacher,263.7832584681662,3.6006669796630804,12.415470182332545,0.7962475448369033,7.253158770001063,177.9495169192013,4.287606453033641,0.021880772220449617,286.6153936904402,1.0,True,SUCCESS,576,57.59999999999809,3,907112.8702724004,1339.1818681291636,3209.7755842705383,2750.8954157991934,wet,0.8546007271583641,-4.987260190893435,10.68023910130735,3.8560867114341852,1.0635862159546527,-14.911154002732836,1021.5427113740857,0.9092648907823159,47.39999999999731,2047.2710109754687,52.69999999999701,52.59999999999809,170.28832313484457,286.6153936904402,2545.116328287383,138.63548564197689,149.72632449333506,32056259,58.3123993408549,15.561211893709412,13.631263407756439,15.115454484263504,5.822385124562211,8.703967719251262,30.0,4.999999999999998,126.0000000000008,-5.759999999999922,-0.8297473726999073,0.0,-0.06124104881069485,0.0,-7.088590109292796,-0.6238449714290308,0.0,0.0,1000178
teacher,242.60982929922096,3.5477554531549043,6.640594196603446,0.6539611942226368,6.792307760824398,0.46874535561964514,3.0478464085991126,0.03025165162964204,328.1816717850097,1.0,True,SUCCESS,439,43.89999999999751,3,663000.5703364791,1317.0404929495028,4218.516270996266,4332.383691741331,dry,0.9374059695281071,18.075081582226083,-0.8634130840590792,3.978954550117785,0.692111102360659,8.400354018755593,1028.9099541107394,0.8737510282956975,33.89999999999808,1150.326184358315,38.99999999999779,38.89999999999751,164.77271663496353,328.1816717850097,3400.879906199235,123.0320547562641,132.87461913676523,1949834603,37.7547151877456,11.87619953993773,10.049345395212534,10.086846755001666,3.96743273988997,8.574686079271242,30.0,4.999999999999998,131.70833333333437,-4.389999999999951,-0.6139448537351525,0.0,-5.31538556268773e-05,0.0,-0.647506425307924,-0.7562252982734687,0.0,0.0,1000179
teacher,229.4506822937756,6.128060712618603,19.244182275749566,0.6457500463006144,7.068099417498047,0.7595518440905082,4.095381278041017,0.03073701089937765,318.24376375106294,1.0,True,SUCCESS,424,42.3999999999976,3,696434.2490250169,1322.2212502079658,4009.733115932569,2483.3916676910044,dry,0.9531991613637096,14.964067194289342,10.289115044976933,3.25705320488719,1.0773334492914985,-5.7569009202803265,1010.8277883781772,0.9186402976635476,32.49999999999816,1097.9922859817825,37.499999999997875,37.3999999999976,159.59453624737898,318.24376375106294,3010.726831247153,124.14501949076855,134.07662105003004,867706341,36.13304921469559,9.237673920352128,9.064481057694755,9.182589015444911,4.644877261633335,8.615322190336483,30.0,4.999999999999998,132.33333333333434,-4.239999999999954,-1.7691695903729787,0.0,-0.013036372960985526,0.0,-8.020339602331282,-0.7180981340507137,0.0,0.0,1000180
teacher,243.2662213844439,6.6203356673522356,18.32180257872463,0.5379131915590193,4.847616519867102,0.3582903044180619,3.6701614758142895,0.020666882454617206,278.80170180625555,1.0,True,SUCCESS,525,52.49999999999702,3,826664.4611677998,1315.9674005328122,3255.074356462555,2433.2702849489783,wet,0.7609923006385062,21.55179101378643,-7.691790188891172,1.4443884784722099,0.12259478853700845,2.8383263949158604,1015.862762805704,0.9234454442674894,41.79999999999763,1556.0341334582945,47.5999999999973,47.49999999999702,173.17988022743572,278.80170180625555,2532.883527443891,136.95745704293398,147.9140536063687,2113219171,47.16221609826338,10.194242545267524,11.753946703242889,12.497106873065837,3.9137030404155,8.711189524058673,30.0,4.999999999999998,128.12500000000125,-5.2499999999999325,-2.556682586990944,0.0,-0.002376493251035169,0.0,-5.670234721428395,-0.6118895982009187,0.0,0.0,1000181
teacher,264.01375499595474,8.658906095409726,29.28692172806914,1.0136306926939336,5.889550600843825,1.9251095087048198,5.424360379556563,0.02228167195236936,247.62425366234038,1.0,True,SUCCESS,654,65.4000000000043,3,868689.9530596996,1335.747096215467,3507.144270893495,3218.2311975706098,wet,0.8383427254798053,4.888557880646635,-11.834733475363045,3.8048137026515745,1.243540716446648,20.942641265593693,997.8740595267277,0.9085440122023009,53.39999999999697,2304.2920828258416,60.5000000000004,60.4000000000043,169.23778731714512,247.62425366234038,2332.5676579376304,145.9955615530986,157.6752064773465,636930689,66.71979834303502,16.460926543179916,14.48036636825794,17.81617648178046,4.3246152431725795,8.639074063161164,29.999999999999993,4.999999999999998,122.74999999999821,-6.539999999999905,-5.448303579889658,0.0,-0.11487520621976059,0.0,-9.300683065346846,-0.7733401951743508,0.0,0.0,1000182
teacher,280.87516186079563,3.970196222325732,8.369317474247524,0.7248040566193577,4.625790517140028,178.88808045549644,1.8183174682167575,0.015661052426350283,266.09691489241686,1.0,True,SUCCESS,691,69.10000000000724,3,826379.6771824324,1321.185692635433,3451.7031476098614,4794.50708371532,wet,0.7516406933650339,-2.4498150311140634,6.514254588547404,2.8446427510998573,1.3407337617646335,17.26934297384738,989.2245214072253,0.8673174204889044,57.89999999999833,2768.996076753469,64.20000000000334,64.10000000000724,168.9097944768762,266.09691489241686,2318.251641883217,142.16458902727703,153.5377561494592,806487273,76.04031186175267,17.68338299718935,16.961060775950262,18.790431669689433,3.9601240330743064,8.772854606281971,30.0,4.999999999999998,121.20833333333032,-6.909999999999897,-1.2102065009160807,0.0,0.0,0.0,-8.851081526058515,-0.570049389498505,0.0,0.0,1000183
teacher,266.8476809047429,3.958782382259304,8.36529788440132,0.5958073258511929,6.414945553607716,1.5966721669124169,1.712326527600926,0.020169174467549695,297.3084087850925,1.0,True,SUCCESS,638,63.800000000003024,3,914937.4207031655,1334.0561306283212,4240.429070039412,1586.4035352190037,wet,0.6036701198126087,24.886820532474356,6.4540440313768865,2.505032193508342,0.5988719826412796,23.065486566170577,992.6874358079893,0.9496612261129217,52.59999999999702,2100.8391639036786,58.899999999999125,58.800000000003024,174.52845045142107,297.3084087850925,2661.3934037042045,150.73733051940303,162.7963169609553,665851932,59.24593110205225,15.239129101002518,15.306795290801718,17.294916695490286,4.398802208577418,8.717661625294177,30.0,4.999999999999998,123.4166666666654,-6.379999999999908,-1.1109676857950321,0.0,0.0,0.0,-3.5233752594212593,-0.7578788399247846,0.0,0.0,1000184
teacher,233.2852356894854,7.370684775883578,22.72270744024572,0.7925047154181265,7.505679855010006,1.5977499173359273,4.489681400481818,0.024551566824869777,312.4060224710413,1.0,True,SUCCESS,478,47.79999999999729,3,785106.6824661836,1335.0777141627693,3962.551151251385,985.6272065883314,dry,0.9759794313738522,12.230961651087373,12.214050816553224,0.5147741745081942,0.108432968554671,0.38361597316669105,990.3192304553419,0.962283739887972,37.89999999999785,1414.6486523960634,42.89999999999757,42.79999999999729,166.77657989307238,312.4060224710413,3038.1573871961873,134.60950497623867,145.37826537433776,1492582687,43.12595682775247,8.677453287206964,10.289674669644114,11.784659760777197,5.4530908857713785,8.526621481790906,30.0,4.999999999999998,130.08333333333445,-4.7799999999999425,-2.885367018142362,0.0,-0.05571111883595403,0.0,-11.292198243005508,-0.6422781768084042,0.0,0.0,1000185
teacher,261.0711907844412,2.007276879389511,4.1960670670610325,0.463808185822007,5.597833101345954,175.85487608717656,2.7402268127844494,0.029164727360481785,305.3042064874092,1.0,True,SUCCESS,511,51.0999999999971,3,790095.0114921852,1307.548062771439,4400.837906936622,245.71105966759154,wet,0.8770748359124807,0.7321365524470913,1.5202604694708022,3.7684378231541498,0.9482076080506572,-0.7230792341288286,989.8100960589677,0.983601512154141,40.499999999997705,1661.3813023775485,46.19999999999738,46.0999999999971,184.78932203276872,305.3042064874092,3170.5081541604027,134.81189968847974,145.59685166355814,659334424,51.42203974735466,15.985626639596365,12.411400109175935,12.563718480206886,3.666368872467692,8.715215084174146,30.0,4.999999999999998,128.70833333333454,-5.1099999999999355,-0.22876677782685495,0.0,0.0,0.0,-1.2248683596483465,-0.8378763443939894,0.0,0.0,1000186
teacher,242.91090493110224,4.360718717297452,13.383781964185108,0.5741444848841869,8.301402009566122,1.9120259917892242,2.793951161602893,0.025141126555448257,312.2901401511814,1.0,True,SUCCESS,458,45.799999999997404,3,817361.3138940705,1341.9012553273583,3367.4923962955254,377.5657203838728,wet,0.7642180852465141,17.304312731524888,-8.297075663768819,3.3034888059301597,0.5373269581737952,1.2651863986144392,1021.0050739974095,0.9797191137702419,36.19999999999795,1249.4531491981852,40.89999999999768,40.799999999997404,163.82450955757272,312.2901401511814,2962.301289278687,135.473557138127,146.3114417091772,715459857,38.87078344887251,10.458381093895902,10.596680028962913,11.040816460653149,6.804383639399459,8.444077681717893,29.999999999999996,4.999999999999998,130.91666666666774,-4.579999999999947,-0.9676963801084284,0.0,0.0,0.0,-3.0411925999997,-0.6319951089593034,0.0,0.0,1000187
teacher,235.12651360652285,3.5642257814392617,5.597621567514236,0.24998120529689935,8.31599868540342,0.7054476580212624,0.831606917589047,0.030604531893010063,341.15146002363565,1.0,True,SUCCESS,389,38.899999999997796,3,693120.7176718449,1322.6591263883433,4003.208301556838,620.3553678575913,wet,0.7006311251220165,12.34681249510297,-3.697814407533928,2.69299409673953,0.5879078821938466,-6.0977952701699465,1032.4238713684733,0.9712102508380199,29.199999999998347,924.6414953623421,33.999999999998074,33.899999999997796,168.89784193801486,341.15146002363565,3694.6419776469456,122.47316972670174,132.27102330483788,1301726118,32.29793852017239,9.561584441275267,9.05014570554065,8.17426616777445,4.697458747957464,8.447071482872534,30.0,4.999999999999998,133.7916666666676,-3.889999999999961,-0.5490823787554111,0.0,0.0,0.0,-0.7871126568130592,-0.6674230901690394,0.0,0.0,1000188
teacher,223.7820823808254,5.81086978742339,19.678769751071645,0.9948543654608861,9.137148835882726,0.9633207079831191,3.6368067238149293,0.03174671105615755,361.1176981418653,1.0,True,SUCCESS,364,36.39999999999794,3,616732.22803854,1326.1283449292362,3414.2524206544404,2422.3003530743986,wet,0.6667363835734318,14.335652190349297,11.350874055806417,1.2066720221327762,0.3177409341498878,-4.519213198997086,1023.0138900840502,0.9194835487449002,26.799999999998484,809.9437399045723,31.499999999998217,31.399999999997938,162.94047497388942,361.1176981418653,3958.489029935159,116.38178894991489,125.69233206590809,749538878,28.971711035127385,8.272989847403755,7.5425185120619265,7.4867120058151455,5.413481276461745,8.472490677375454,30.0,4.999999999999998,134.8333333333342,-3.6399999999999664,-1.3656555108717714,0.0,-0.0034263508014587417,0.0,-6.571304311411858,-0.6307681336691399,0.0,0.0,1000189
teacher,220.0784983417547,10.592370230929431,34.7516002422898,1.25557314497836,9.572410613624113,2.9200075755331785,5.731233620434278,0.026597246812696915,318.0878778948162,1.0,True,SUCCESS,484,48.399999999997256,3,867051.1570386514,1351.4311012785831,3974.3807323251626,707.6307864485043,wet,0.675449073706539,11.520093958083162,-15.98559170637143,1.4511644030344062,1.5793288402252328,-13.76183123769275,1003.889122856817,0.9685044200942231,37.99999999999785,1331.6205632052383,43.499999999997534,43.399999999997256,166.1567807515964,318.0878778948162,3021.9772602005196,137.01337508616052,147.97444509305336,1634934129,42.019370069629446,10.80852139875149,9.536995428595535,11.689525843598098,7.9189904570376095,8.598478542359388,30.0,4.999999999999998,129.83333333333448,-4.839999999999941,-6.03377562675497,0.0,-0.12676975493994003,0.0,-23.712256634829092,-0.6139147150273314,0.0,0.0,1000190
teacher,233.69585775403468,8.01305533422451,21.689705251188183,0.7410538348859519,7.355516141017109,1.8945504003199143,4.361643771463503,0.024329888529306457,294.9903601361257,1.0,True,SUCCESS,486,48.599999999997245,3,732617.018290789,1336.1051249390907,3576.2311446388126,4741.966559459611,wet,0.6913329102774786,19.051340655551112,11.328234487251622,0.1038881563583578,1.512603956079979,-0.9040265489554056,990.1657660674092,0.8600045016199904,38.49999999999782,1353.6157938265376,43.69999999999752,43.599999999997245,159.25262241775985,294.9903601361257,2787.9736235603004,129.75147689993662,140.13159505193155,1384663403,41.84745514377849,7.71426117485859,10.212590287056333,11.800557287001832,5.719679234850181,8.623684059067477,29.99999999999999,4.999999999999998,129.75000000000114,-4.859999999999941,-3.467289012624571,0.0,-0.02941994426310971,0.0,-7.972651153263357,-0.6430093224284509,0.0,0.0,1000191
teacher,284.1290544131931,0.6564698076052324,1.409677462974889,0.4831050522718325,6.028072054214426,179.577128825605,2.0308180559893945,0.01778824562816096,285.6398480834432,1.0,True,SUCCESS,621,62.10000000000167,3,935516.8009002863,1328.916867370832,4215.4523514919,1873.5255079833323,wet,0.6070963177445936,-4.15439412344934,0.01762846199142798,0.875249870905733,1.1796502508367692,-12.08142622295676,1004.4496561432487,0.9353868865026231,51.29999999999709,2325.198188020353,57.19999999999777,57.10000000000167,178.66457141506928,285.6398480834432,2543.665745178459,142.71544679112398,154.1326825344139,725109665,66.29855930368775,20.737946583448156,15.616093270360395,15.56047648050427,4.931027430145696,8.723557062589531,29.999999999999996,4.999999999999998,124.1249999999993,-6.209999999999912,-0.02973572997251034,0.0,0.0,0.0,-0.001020900831953638,-0.6228490867377466,0.0,0.0,1000192
teacher,247.4173892626934,1.5572689784822773,3.2063868247360827,0.12829612125876086,10.780245903466778,2.797421538857686,4.156957828777386,0.026203581570586096,354.5778308291592,1.0,True,SUCCESS,411,41.09999999999767,3,724136.949317844,1351.7248092563323,3777.695960141422,162.46877564835614,wet,0.6126394022237788,4.712640940119961,1.3576206483020026,1.7228991401231815,0.43327848614167275,-3.0055904692167346,1023.2217119886653,0.9844367868398337,31.699999999998205,1066.656701300604,36.19999999999795,36.09999999999767,161.48105977549048,354.5778308291592,3801.430470593482,126.4324921133195,136.54709148238507,527421476,35.35515546729005,12.668377826500995,9.467016485915995,9.564383553456771,9.026473277864966,8.337623277325312,30.000000000000007,4.999999999999998,132.87500000000097,-4.109999999999957,-0.11074562465800769,0.0,-0.04618677476004473,0.0,-0.0018573921165541088,-0.6078508341270935,0.0,0.0,1000193
teacher,278.1269256103846,6.432374578926334,20.7731090596106,0.7983070632101269,3.4389775768603235,175.8144894504402,4.40166345889607,0.01678781195023037,253.03427868017343,1.0,True,SUCCESS,649,64.9000000000039,3,886960.4189707119,1307.7650470016683,3213.0419669394637,3120.32920329118,wet,0.79045032190281,-4.809338416122899,-6.627089894061536,3.315318554228791,0.5443787284131913,-1.9597254777432873,1005.971420389605,0.9040405769914717,51.99999999999705,2416.781142536465,60.0,59.9000000000039,179.548412527571,253.03427868017343,2206.2644765662744,141.37985156032252,152.69023968514833,191524320,72.24699705907321,15.943658491707382,15.411171800488424,16.485314089634784,3.845445286560716,8.802930947729909,30.000000000000004,4.999999999999998,122.95833333333171,-6.489999999999906,-2.9836291475142116,0.0,-0.009935174218840305,0.0,-2.5007510135004987,-0.5826100629081377,0.0,0.0,1000194
teacher,265.31713802645595,3.849827441236763,6.411025141775344,0.7777522962998419,6.113457884326419,1.7140765425090152,3.6889242127219033,0.02332646092120715,283.2893618961007,1.0,True,SUCCESS,592,59.19999999999936,3,876985.9123874955,1331.371974952936,3813.726042551488,3889.6397606807827,wet,0.7235883024396963,14.646493226087046,2.8273216012272817,3.4069188506653263,1.9727428866327426,4.20386628759033,1033.760394069743,0.8847942231704407,48.19999999999727,1940.7213553071065,54.29999999999692,54.19999999999936,172.12409183123765,283.2893618961007,2621.893868489192,140.16564243537226,151.37889383020206,2112851000,56.7712903545006,13.8243280848568,14.272691973054938,15.133385072928181,4.7202258221894615,8.835021260316188,29.999999999999993,4.999999999999998,125.3333333333336,-5.919999999999918,-0.9749037139734841,0.0,-0.015112282971813723,0.0,-0.9541584582571697,-0.7089634195214588,0.0,0.0,1000195
teacher,213.87688967096648,12.45740915789241,42.62909940657325,1.874243341444517,4.80247040562765,0.5405736321517071,5.501616587040109,0.022646955146754043,268.07603695946386,1.0,True,SUCCESS,524,52.39999999999703,3,802376.7420694852,1313.451113359301,4041.6484291923093,766.0005788825724,dry,0.9895067573770859,6.592225211521637,-18.945601236992452,0.2635277730391743,1.5235616587788745,17.81997965593854,1021.3681287686925,0.9714942061951081,41.49999999999765,1627.739511659266,47.49999999999731,47.39999999999703,173.35955590428432,268.07603695946386,2448.7868045389177,137.9870121472303,149.02597311900874,257160174,50.4463632856339,11.975761138925435,10.36754060009938,13.13922137337864,3.695317407668071,8.798171676797626,29.999999999999993,4.999999999999998,128.1666666666679,-5.239999999999933,-9.035334499313588,0.0,-0.15273765239967996,0.0,-32.6750131652245,-0.6090671612669443,0.0,0.0,1000196
teacher,257.9809696214578,1.2451967442347667,3.153496117613818,0.5502623874719633,9.215235958137827,2.9212966742460056,0.4107047852426263,0.021163090479856164,320.1331993088352,1.0,True,SUCCESS,483,48.29999999999726,3,830443.3504301643,1350.7440906450456,4034.2358607851493,1078.1464438151584,dry,0.9959903487782428,10.782832763017614,0.2729754951737018,0.026266256784088338,1.0068369968283652,-10.427167694614297,1000.7478345654702,0.9578863621418948,38.199999999997836,1393.6964205598506,43.39999999999754,43.29999999999726,166.39239041364175,320.1331993088352,3199.512237706918,135.11365939043597,145.92275214167086,2018838096,43.12298051215488,15.06538966390413,11.719933750995146,11.71708724357747,8.468383613573732,8.492006126522364,30.000000000000004,4.999999999999998,129.87500000000114,-4.8299999999999415,-0.08321096800943695,0.0,0.0,0.0,0.0,-0.5666003212616829,0.0,0.0,1000197
teacher,267.4792088703691,3.127729268188473,10.711413367904209,0.3441905963751624,5.318777723697734,2.7200881013662763,2.148582464877134,0.016575975270799584,282.08236571481893,1.0,True,SUCCESS,563,56.299999999997056,3,794321.5823469511,1320.74847994699,4229.955567537854,2751.807290096738,dry,0.9910879490839046,0.4437781602824975,6.051055863441384,0.3176820927931532,0.43456711408912585,19.169119212595746,1027.7068241488892,0.9190806671527426,45.399999999997426,1930.5731613052149,51.399999999997085,51.299999999997056,169.76339796322185,282.08236571481893,2584.3670352280596,137.16999991148123,148.14359990439974,1304355310,57.750053209205994,15.411440053634289,13.754336264380099,14.483917494442812,4.041502905874084,8.818212414026997,30.00000000000001,4.999999999999998,126.5416666666679,-5.629999999999924,-0.6119616312412905,0.0,0.0,0.0,-1.4932933072916104,-0.5866651993302151,0.0,0.0,1000198
teacher,213.34875050993955,10.24903709331656,32.137329202446615,1.4784802554086962,7.782769843231616,-0.2535224978004576,5.266652533190091,0.03177843675662009,353.75966050044985,1.0,True,SUCCESS,370,36.999999999997904,3,604633.6470702383,1306.3085013632372,3342.3095467288717,784.1919644908546,wet,0.8059396147462073,4.507736932909044,-15.084606604122586,2.40411704061997,0.0928634597795277,7.563003021463853,1034.3040243710286,0.9675887060426184,26.999999999998472,884.1346592442354,32.09999999999818,31.999999999997904,167.51028846494637,353.75966050044985,4079.253086114343,117.01944836348056,126.38100423255902,1416135778,32.87392077889645,7.639947288184558,7.081080095639866,7.855531363848021,3.754530921783266,8.553020151374662,30.000000000000004,4.999999999999998,134.58333333333422,-3.699999999999965,-4.318424632874016,0.0,-0.0718502787304103,0.0,-15.274246893767549,-0.6280916177493938,0.0,0.0,1000199
